DATETIME,price
2009-12-03 00:00:00,40.34000000000002
2009-12-04 00:00:00,40.20000000000002
2009-12-07 00:00:00,40.74000000000001
2009-12-08 00:00:00,40.60000000000001
2009-12-09 00:00:00,40.250000000000014
2009-12-10 00:00:00,40.08000000000001
2009-12-11 00:00:00,40.06000000000002
2009-12-14 00:00:00,40.260000000000005
2009-12-15 00:00:00,40.030000000000015
2009-12-16 00:00:00,40.33000000000001
2009-12-17 00:00:00,40.730000000000004
2009-12-18 00:00:00,40.63000000000001
2009-12-21 00:00:00,40.170000000000016
2009-12-22 00:00:00,40.18000000000001
2009-12-23 00:00:00,40.140000000000015
2009-12-28 00:00:00,39.83000000000001
2009-12-29 00:00:00,39.480000000000004
2009-12-30 00:00:00,39.19000000000001
2010-01-04 00:00:00,39.63000000000001
2010-01-05 00:00:00,39.66000000000001
2010-01-06 00:00:00,39.52000000000001
2010-01-07 00:00:00,39.790000000000006
2010-01-08 00:00:00,39.96000000000001
2010-01-11 00:00:00,40.150000000000006
2010-01-12 00:00:00,40.19000000000001
2010-01-13 00:00:00,39.900000000000006
2010-01-14 00:00:00,39.82000000000001
2010-01-15 00:00:00,40.010000000000005
2010-01-18 00:00:00,40.230000000000004
2010-01-19 00:00:00,40.21000000000001
2010-01-20 00:00:00,40.13000000000001
2010-01-21 00:00:00,40.040000000000006
2010-01-22 00:00:00,40.13000000000001
2010-01-25 00:00:00,40.44000000000001
2010-01-26 00:00:00,40.670000000000016
2010-01-27 00:00:00,40.13000000000001
2010-01-28 00:00:00,39.58000000000001
2010-01-29 00:00:00,39.860000000000014
2010-02-01 00:00:00,40.43000000000001
2010-02-02 00:00:00,40.400000000000006
2010-02-03 00:00:00,40.20000000000002
2010-02-04 00:00:00,40.370000000000005
2010-02-05 00:00:00,40.35000000000001
2010-02-08 00:00:00,40.13000000000001
2010-02-09 00:00:00,40.540000000000006
2010-02-10 00:00:00,40.88000000000001
2010-02-11 00:00:00,40.71000000000001
2010-02-12 00:00:00,40.56000000000002
2010-02-15 00:00:00,40.46000000000001
2010-02-16 00:00:00,40.52000000000001
2010-02-17 00:00:00,40.71000000000001
2010-02-18 00:00:00,40.480000000000004
2010-02-19 00:00:00,40.31000000000002
2010-02-22 00:00:00,40.32000000000001
2010-02-23 00:00:00,40.900000000000006
2010-02-24 00:00:00,41.000000000000014
2010-02-25 00:00:00,40.74000000000001
2010-02-26 00:00:00,41.360000000000014
2010-03-01 00:00:00,41.540000000000006
2010-03-02 00:00:00,41.540000000000006
2010-03-03 00:00:00,41.540000000000006
2010-03-04 00:00:00,41.63000000000001
2010-03-05 00:00:00,41.67
2010-03-08 00:00:00,41.69000000000001
2010-03-09 00:00:00,41.96000000000001
2010-03-10 00:00:00,42.010000000000005
2010-03-11 00:00:00,41.74000000000001
2010-03-12 00:00:00,41.81
2010-03-15 00:00:00,41.900000000000006
2010-03-16 00:00:00,42.06
2010-03-17 00:00:00,42.290000000000006
2010-03-18 00:00:00,41.93000000000001
2010-03-19 00:00:00,41.92
2010-03-22 00:00:00,42.19000000000001
2010-03-23 00:00:00,42.42
2010-03-24 00:00:00,42.34
2010-03-25 00:00:00,42.27000000000001
2010-03-26 00:00:00,42.53
2010-03-29 00:00:00,42.67
2010-03-30 00:00:00,42.85000000000001
2010-03-31 00:00:00,43.040000000000006
2010-04-01 00:00:00,43.31
2010-04-06 00:00:00,42.69000000000001
2010-04-07 00:00:00,42.85000000000001
2010-04-08 00:00:00,43.02000000000001
2010-04-09 00:00:00,42.900000000000006
2010-04-12 00:00:00,43.05000000000001
2010-04-13 00:00:00,43.09
2010-04-14 00:00:00,43.010000000000005
2010-04-15 00:00:00,43.120000000000005
2010-04-16 00:00:00,43.30000000000001
2010-04-19 00:00:00,43.30000000000001
2010-04-20 00:00:00,43.11
2010-04-21 00:00:00,42.870000000000005
2010-04-22 00:00:00,42.56
2010-04-23 00:00:00,42.43000000000001
2010-04-26 00:00:00,42.400000000000006
2010-04-27 00:00:00,41.99000000000001
2010-04-28 00:00:00,41.18000000000001
2010-04-29 00:00:00,41.52000000000001
2010-04-30 00:00:00,42.11
2010-05-03 00:00:00,42.27000000000001
2010-05-04 00:00:00,42.02000000000001
2010-05-05 00:00:00,41.88000000000001
2010-05-06 00:00:00,39.81
2010-05-07 00:00:00,39.39
2010-05-10 00:00:00,42.31
2010-05-11 00:00:00,42.49000000000001
2010-05-12 00:00:00,42.64
2010-05-13 00:00:00,43.120000000000005
2010-05-14 00:00:00,42.760000000000005
2010-05-17 00:00:00,42.74000000000001
2010-05-18 00:00:00,42.81
2010-05-19 00:00:00,42.93000000000001
2010-05-20 00:00:00,42.540000000000006
2010-05-21 00:00:00,42.89
2010-05-24 00:00:00,43.02000000000001
2010-05-25 00:00:00,42.71000000000001
2010-05-26 00:00:00,42.17
2010-05-27 00:00:00,41.730000000000004
2010-05-28 00:00:00,41.59
2010-05-31 00:00:00,41.49000000000001
2010-06-01 00:00:00,41.30000000000001
2010-06-02 00:00:00,40.63000000000001
2010-06-03 00:00:00,40.360000000000014
2010-06-04 00:00:00,40.170000000000016
2010-06-07 00:00:00,39.56000000000002
2010-06-08 00:00:00,40.16000000000001
2010-06-09 00:00:00,41.24000000000001
2010-06-10 00:00:00,42.390000000000015
2010-06-11 00:00:00,42.33000000000001
2010-06-14 00:00:00,41.65000000000002
2010-06-15 00:00:00,41.860000000000014
2010-06-16 00:00:00,41.84000000000002
2010-06-17 00:00:00,42.360000000000014
2010-06-18 00:00:00,42.91000000000001
2010-06-21 00:00:00,43.250000000000014
2010-06-22 00:00:00,42.920000000000016
2010-06-23 00:00:00,42.71000000000001
2010-06-24 00:00:00,42.66000000000001
2010-06-25 00:00:00,42.41000000000001
2010-06-28 00:00:00,42.22000000000001
2010-06-29 00:00:00,42.24000000000001
2010-06-30 00:00:00,42.49000000000001
2010-07-01 00:00:00,42.530000000000015
2010-07-02 00:00:00,43.09000000000002
2010-07-05 00:00:00,43.33000000000001
2010-07-06 00:00:00,42.860000000000014
2010-07-07 00:00:00,42.69000000000001
2010-07-08 00:00:00,42.87000000000002
2010-07-09 00:00:00,43.19000000000001
2010-07-12 00:00:00,43.13000000000001
2010-07-13 00:00:00,42.94000000000001
2010-07-14 00:00:00,42.48000000000002
2010-07-15 00:00:00,42.55000000000001
2010-07-16 00:00:00,43.08000000000001
2010-07-19 00:00:00,43.20000000000002
2010-07-20 00:00:00,43.65000000000002
2010-07-21 00:00:00,43.76000000000002
2010-07-22 00:00:00,43.780000000000015
2010-07-23 00:00:00,43.780000000000015
2010-07-26 00:00:00,44.06000000000002
2010-07-27 00:00:00,44.41000000000001
2010-07-28 00:00:00,44.250000000000014
2010-07-29 00:00:00,44.60000000000001
2010-07-30 00:00:00,44.750000000000014
2010-08-02 00:00:00,44.99000000000001
2010-08-03 00:00:00,45.43000000000001
2010-08-04 00:00:00,45.65000000000002
2010-08-05 00:00:00,46.000000000000014
2010-08-06 00:00:00,46.390000000000015
2010-08-09 00:00:00,46.390000000000015
2010-08-10 00:00:00,45.80000000000001
2010-08-11 00:00:00,46.26000000000002
2010-08-12 00:00:00,45.99000000000001
2010-08-13 00:00:00,45.71000000000001
2010-08-16 00:00:00,45.87000000000002
2010-08-17 00:00:00,46.15000000000002
2010-08-18 00:00:00,46.88000000000001
2010-08-19 00:00:00,46.69000000000001
2010-08-20 00:00:00,46.68000000000001
2010-08-23 00:00:00,46.76000000000002
2010-08-24 00:00:00,47.09000000000002
2010-08-25 00:00:00,47.07000000000001
2010-08-26 00:00:00,46.95000000000002
2010-08-27 00:00:00,46.97000000000001
2010-08-30 00:00:00,46.81000000000002
2010-08-31 00:00:00,47.13000000000001
2010-09-01 00:00:00,47.15000000000002
2010-09-02 00:00:00,47.13000000000001
2010-09-03 00:00:00,47.18000000000001
2010-09-06 00:00:00,47.18000000000001
2010-09-07 00:00:00,47.22000000000001
2010-09-08 00:00:00,47.370000000000005
2010-09-09 00:00:00,47.32000000000001
2010-09-10 00:00:00,46.870000000000005
2010-09-13 00:00:00,46.41000000000001
2010-09-14 00:00:00,46.69000000000001
2010-09-15 00:00:00,46.49000000000001
2010-09-16 00:00:00,46.09000000000002
2010-09-17 00:00:00,45.93000000000001
2010-09-20 00:00:00,45.52000000000001
2010-09-21 00:00:00,45.80000000000001
2010-09-22 00:00:00,46.390000000000015
2010-09-23 00:00:00,46.610000000000014
2010-09-24 00:00:00,46.23000000000002
2010-09-27 00:00:00,46.530000000000015
2010-09-28 00:00:00,46.280000000000015
2010-09-29 00:00:00,46.34000000000002
2010-09-30 00:00:00,46.73000000000002
2010-10-01 00:00:00,46.91000000000001
2010-10-04 00:00:00,47.30000000000001
2010-10-05 00:00:00,47.49000000000001
2010-10-06 00:00:00,47.95000000000002
2010-10-07 00:00:00,47.760000000000005
2010-10-08 00:00:00,48.170000000000016
2010-10-11 00:00:00,48.33000000000001
2010-10-12 00:00:00,48.370000000000005
2010-10-13 00:00:00,48.110000000000014
2010-10-14 00:00:00,48.44000000000001
2010-10-15 00:00:00,48.20000000000002
2010-10-18 00:00:00,48.30000000000001
2010-10-19 00:00:00,47.93000000000001
2010-10-20 00:00:00,47.780000000000015
2010-10-21 00:00:00,47.35000000000001
2010-10-22 00:00:00,47.45000000000002
2010-10-25 00:00:00,47.900000000000006
2010-10-26 00:00:00,47.63000000000001
2010-10-27 00:00:00,46.640000000000015
2010-10-28 00:00:00,46.69000000000001
2010-10-29 00:00:00,46.63000000000001
2010-11-01 00:00:00,46.71000000000001
2010-11-02 00:00:00,46.48000000000002
2010-11-03 00:00:00,46.58000000000001
2010-11-04 00:00:00,46.49000000000001
2010-11-05 00:00:00,46.45000000000002
2010-11-08 00:00:00,45.80000000000001
2010-11-09 00:00:00,45.74000000000001
2010-11-10 00:00:00,45.33000000000001
2010-11-11 00:00:00,44.23000000000002
2010-11-12 00:00:00,44.80000000000001
2010-11-15 00:00:00,44.98000000000002
2010-11-16 00:00:00,44.35000000000001
2010-11-17 00:00:00,44.43000000000001
2010-11-18 00:00:00,43.80000000000001
2010-11-19 00:00:00,44.370000000000005
2010-11-22 00:00:00,44.670000000000016
2010-11-23 00:00:00,44.260000000000005
2010-11-24 00:00:00,43.650000000000006
2010-11-25 00:00:00,43.20000000000002
2010-11-26 00:00:00,42.98000000000002
2010-11-29 00:00:00,41.370000000000005
2010-11-30 00:00:00,41.10000000000001
2010-12-01 00:00:00,42.35000000000001
2010-12-02 00:00:00,43.22000000000001
2010-12-03 00:00:00,43.16000000000001
2010-12-06 00:00:00,42.72000000000001
2010-12-07 00:00:00,42.260000000000005
2010-12-08 00:00:00,42.230000000000004
2010-12-09 00:00:00,42.290000000000006
2010-12-10 00:00:00,42.24000000000001
2010-12-13 00:00:00,41.92
2010-12-14 00:00:00,41.74000000000001
2010-12-15 00:00:00,42.290000000000006
2010-12-16 00:00:00,41.63000000000001
2010-12-17 00:00:00,41.60000000000001
2010-12-20 00:00:00,41.790000000000006
2010-12-21 00:00:00,41.5
2010-12-22 00:00:00,41.41000000000001
2010-12-23 00:00:00,41.290000000000006
2010-12-27 00:00:00,40.85000000000001
2010-12-28 00:00:00,40.68000000000001
2010-12-29 00:00:00,40.08000000000001
2010-12-30 00:00:00,40.2
2011-01-03 00:00:00,40.91000000000001
2011-01-04 00:00:00,41.81
2011-01-05 00:00:00,41.730000000000004
2011-01-06 00:00:00,40.82000000000001
2011-01-07 00:00:00,40.53
2011-01-10 00:00:00,40.24000000000001
2011-01-11 00:00:00,40.52000000000001
2011-01-12 00:00:00,40.790000000000006
2011-01-13 00:00:00,41.400000000000006
2011-01-14 00:00:00,41.85000000000001
2011-01-17 00:00:00,41.30000000000001
2011-01-18 00:00:00,40.66000000000001
2011-01-19 00:00:00,41.34
2011-01-20 00:00:00,40.97000000000001
2011-01-21 00:00:00,41.53
2011-01-24 00:00:00,41.75
2011-01-25 00:00:00,41.32000000000001
2011-01-26 00:00:00,40.88000000000001
2011-01-27 00:00:00,40.64
2011-01-28 00:00:00,40.92
2011-01-31 00:00:00,41.33000000000001
2011-02-01 00:00:00,42.07000000000001
2011-02-02 00:00:00,43.03
2011-02-03 00:00:00,42.25
2011-02-04 00:00:00,42.42
2011-02-07 00:00:00,41.790000000000006
2011-02-08 00:00:00,41.260000000000005
2011-02-09 00:00:00,41.13000000000001
2011-02-10 00:00:00,41.13000000000001
2011-02-11 00:00:00,41.010000000000005
2011-02-14 00:00:00,40.72000000000001
2011-02-15 00:00:00,40.900000000000006
2011-02-16 00:00:00,41.5
2011-02-17 00:00:00,41.52000000000001
2011-02-18 00:00:00,41.17
2011-02-21 00:00:00,41.19000000000001
2011-02-22 00:00:00,41.03
2011-02-23 00:00:00,40.91000000000001
2011-02-24 00:00:00,40.69000000000001
2011-02-25 00:00:00,40.540000000000006
2011-02-28 00:00:00,40.540000000000006
2011-03-01 00:00:00,40.71000000000001
2011-03-02 00:00:00,40.860000000000014
2011-03-03 00:00:00,40.05000000000001
2011-03-04 00:00:00,40.12000000000002
2011-03-07 00:00:00,40.140000000000015
2011-03-08 00:00:00,39.670000000000016
2011-03-09 00:00:00,39.33000000000001
2011-03-10 00:00:00,39.49000000000001
2011-03-11 00:00:00,40.38000000000001
2011-03-14 00:00:00,41.23000000000002
2011-03-15 00:00:00,41.79000000000002
2011-03-16 00:00:00,42.06000000000002
2011-03-17 00:00:00,41.62000000000002
2011-03-18 00:00:00,42.09000000000002
2011-03-21 00:00:00,41.72000000000001
2011-03-22 00:00:00,41.32000000000001
2011-03-23 00:00:00,41.35000000000001
2011-03-24 00:00:00,41.40000000000002
2011-03-25 00:00:00,41.55000000000001
2011-03-28 00:00:00,41.30000000000001
2011-03-29 00:00:00,41.19000000000001
2011-03-30 00:00:00,41.33000000000001
2011-03-31 00:00:00,40.96000000000001
2011-04-01 00:00:00,41.110000000000014
2011-04-04 00:00:00,41.58000000000001
2011-04-05 00:00:00,41.52000000000001
2011-04-06 00:00:00,41.85000000000001
2011-04-07 00:00:00,41.780000000000015
2011-04-08 00:00:00,41.69000000000001
2011-04-11 00:00:00,42.02000000000001
2011-04-12 00:00:00,42.500000000000014
2011-04-13 00:00:00,42.21000000000001
2011-04-14 00:00:00,42.06000000000002
2011-04-15 00:00:00,41.95000000000002
2011-04-18 00:00:00,41.60000000000001
2011-04-19 00:00:00,41.82000000000001
2011-04-20 00:00:00,41.95000000000002
2011-04-21 00:00:00,41.750000000000014
2011-04-26 00:00:00,41.37000000000002
2011-04-27 00:00:00,41.35000000000001
2011-04-28 00:00:00,41.82000000000001
2011-04-29 00:00:00,42.15000000000002
2011-05-02 00:00:00,42.23000000000002
2011-05-03 00:00:00,42.390000000000015
2011-05-04 00:00:00,42.44000000000001
2011-05-05 00:00:00,42.65000000000002
2011-05-06 00:00:00,42.79000000000002
2011-05-09 00:00:00,42.70000000000002
2011-05-10 00:00:00,42.95000000000002
2011-05-11 00:00:00,42.98000000000002
2011-05-12 00:00:00,43.40000000000002
2011-05-13 00:00:00,43.18000000000002
2011-05-16 00:00:00,43.41000000000001
2011-05-17 00:00:00,43.20000000000002
2011-05-18 00:00:00,43.110000000000014
2011-05-19 00:00:00,42.93000000000002
2011-05-20 00:00:00,42.860000000000014
2011-05-23 00:00:00,42.51000000000002
2011-05-24 00:00:00,42.77000000000001
2011-05-25 00:00:00,43.26000000000002
2011-05-26 00:00:00,43.40000000000002
2011-05-27 00:00:00,43.20000000000002
2011-05-30 00:00:00,42.69000000000001
2011-05-31 00:00:00,42.860000000000014
2011-06-01 00:00:00,43.33000000000001
2011-06-02 00:00:00,43.74000000000001
2011-06-03 00:00:00,44.27000000000001
2011-06-06 00:00:00,43.99000000000001
2011-06-07 00:00:00,43.41000000000001
2011-06-08 00:00:00,43.16000000000001
2011-06-09 00:00:00,42.81
2011-06-10 00:00:00,43.0
2011-06-13 00:00:00,43.10000000000001
2011-06-14 00:00:00,43.38000000000001
2011-06-15 00:00:00,42.81
2011-06-16 00:00:00,42.56
2011-06-17 00:00:00,43.03
2011-06-20 00:00:00,42.72
2011-06-21 00:00:00,42.980000000000004
2011-06-22 00:00:00,42.47
2011-06-23 00:00:00,42.10000000000001
2011-06-24 00:00:00,41.77000000000001
2011-06-27 00:00:00,41.66000000000001
2011-06-28 00:00:00,41.74000000000001
2011-06-29 00:00:00,41.93000000000001
2011-06-30 00:00:00,42.540000000000006
2011-07-01 00:00:00,42.71000000000001
2011-07-04 00:00:00,42.36
2011-07-05 00:00:00,41.67
2011-07-06 00:00:00,40.59
2011-07-07 00:00:00,40.2
2011-07-08 00:00:00,39.17
2011-07-11 00:00:00,35.21000000000001
2011-07-12 00:00:00,36.56
2011-07-13 00:00:00,36.730000000000004
2011-07-14 00:00:00,36.19000000000001
2011-07-15 00:00:00,35.32000000000001
2011-07-18 00:00:00,33.75
2011-07-19 00:00:00,35.57000000000001
2011-07-20 00:00:00,36.81
2011-07-21 00:00:00,38.790000000000006
2011-07-22 00:00:00,38.31
2011-07-25 00:00:00,36.38000000000001
2011-07-26 00:00:00,36.650000000000006
2011-07-27 00:00:00,35.74000000000001
2011-07-28 00:00:00,35.14
2011-07-29 00:00:00,34.74000000000001
2011-08-01 00:00:00,33.94000000000001
2011-08-02 00:00:00,32.86
2011-08-03 00:00:00,33.2
2011-08-04 00:00:00,32.07000000000001
2011-08-05 00:00:00,32.96000000000001
2011-08-08 00:00:00,38.7
2011-08-09 00:00:00,39.760000000000005
2011-08-10 00:00:00,40.46000000000001
2011-08-11 00:00:00,41.28
2011-08-12 00:00:00,41.400000000000006
2011-08-15 00:00:00,41.46000000000001
2011-08-16 00:00:00,41.71000000000001
2011-08-17 00:00:00,42.39
2011-08-18 00:00:00,42.230000000000004
2011-08-19 00:00:00,42.5
2011-08-22 00:00:00,42.260000000000005
2011-08-23 00:00:00,41.97
2011-08-24 00:00:00,41.650000000000006
2011-08-25 00:00:00,41.66000000000001
2011-08-26 00:00:00,42.040000000000006
2011-08-29 00:00:00,41.88000000000001
2011-08-30 00:00:00,41.58
2011-08-31 00:00:00,41.480000000000004
2011-09-01 00:00:00,41.45
2011-09-02 00:00:00,40.400000000000006
2011-09-05 00:00:00,38.60000000000001
2011-09-06 00:00:00,38.58
2011-09-07 00:00:00,40.21000000000001
2011-09-08 00:00:00,40.010000000000005
2011-09-09 00:00:00,39.06
2011-09-12 00:00:00,37.47
2011-09-13 00:00:00,36.78
2011-09-14 00:00:00,37.31
2011-09-15 00:00:00,37.33
2011-09-16 00:00:00,38.07000000000001
2011-09-19 00:00:00,37.41
2011-09-20 00:00:00,36.56
2011-09-21 00:00:00,36.10000000000001
2011-09-22 00:00:00,36.78
2011-09-23 00:00:00,36.870000000000005
2011-09-26 00:00:00,36.84
2011-09-27 00:00:00,37.35000000000001
2011-09-28 00:00:00,36.900000000000006
2011-09-29 00:00:00,37.57000000000001
2011-09-30 00:00:00,37.82000000000001
2011-10-03 00:00:00,37.879999999999995
2011-10-04 00:00:00,38.18000000000001
2011-10-05 00:00:00,38.09
2011-10-06 00:00:00,38.81
2011-10-07 00:00:00,38.59
2011-10-10 00:00:00,38.45
2011-10-11 00:00:00,38.18000000000001
2011-10-12 00:00:00,37.56
2011-10-13 00:00:00,36.89
2011-10-14 00:00:00,36.97
2011-10-17 00:00:00,37.03
2011-10-18 00:00:00,36.5
2011-10-19 00:00:00,36.39
2011-10-20 00:00:00,35.58
2011-10-21 00:00:00,36.28
2011-10-24 00:00:00,35.84
2011-10-25 00:00:00,35.95
2011-10-26 00:00:00,36.019999999999996
2011-10-27 00:00:00,36.53
2011-10-28 00:00:00,35.45
2011-10-31 00:00:00,34.69
2011-11-01 00:00:00,34.17
2011-11-02 00:00:00,34.16
2011-11-03 00:00:00,34.11
2011-11-04 00:00:00,32.760000000000005
2011-11-07 00:00:00,30.900000000000006
2011-11-08 00:00:00,30.25
2011-11-09 00:00:00,26.85000000000001
2011-11-10 00:00:00,28.560000000000002
2011-11-11 00:00:00,31.22
2011-11-14 00:00:00,29.710000000000008
2011-11-15 00:00:00,27.370000000000005
2011-11-16 00:00:00,27.86
2011-11-17 00:00:00,28.879999999999995
2011-11-18 00:00:00,30.299999999999997
2011-11-21 00:00:00,30.299999999999997
2011-11-22 00:00:00,29.150000000000006
2011-11-23 00:00:00,28.22
2011-11-24 00:00:00,27.590000000000003
2011-11-25 00:00:00,26.900000000000006
2011-11-28 00:00:00,26.97
2011-11-29 00:00:00,26.900000000000006
2011-11-30 00:00:00,28.36
2011-12-01 00:00:00,30.629999999999995
2011-12-02 00:00:00,30.36
2011-12-05 00:00:00,35.17
2011-12-06 00:00:00,35.760000000000005
2011-12-07 00:00:00,35.010000000000005
2011-12-08 00:00:00,32.260000000000005
2011-12-09 00:00:00,32.92999999999999
2011-12-12 00:00:00,31.67
2011-12-13 00:00:00,30.870000000000005
2011-12-14 00:00:00,30.039999999999992
2011-12-15 00:00:00,31.620000000000005
2011-12-16 00:00:00,31.47
2011-12-19 00:00:00,32.629999999999995
2011-12-20 00:00:00,34.17
2011-12-21 00:00:00,33.06
2011-12-22 00:00:00,32.55
2011-12-23 00:00:00,31.799999999999997
2011-12-27 00:00:00,31.819999999999993
2011-12-28 00:00:00,31.269999999999996
2011-12-29 00:00:00,31.129999999999995
2011-12-30 00:00:00,31.33
2012-01-02 00:00:00,32.099999999999994
2012-01-03 00:00:00,32.03999999999999
2012-01-04 00:00:00,31.739999999999995
2012-01-05 00:00:00,30.730000000000004
2012-01-06 00:00:00,30.480000000000004
2012-01-09 00:00:00,30.409999999999997
2012-01-10 00:00:00,30.569999999999993
2012-01-11 00:00:00,31.480000000000004
2012-01-12 00:00:00,34.099999999999994
2012-01-13 00:00:00,33.92999999999999
2012-01-16 00:00:00,34.17999999999999
2012-01-17 00:00:00,34.989999999999995
2012-01-18 00:00:00,35.709999999999994
2012-01-19 00:00:00,36.03999999999999
2012-01-20 00:00:00,36.84
2012-01-23 00:00:00,37.959999999999994
2012-01-24 00:00:00,37.72
2012-01-25 00:00:00,37.239999999999995
2012-01-26 00:00:00,38.59
2012-01-27 00:00:00,39.739999999999995
2012-01-30 00:00:00,38.42
2012-01-31 00:00:00,39.129999999999995
2012-02-01 00:00:00,41.56
2012-02-02 00:00:00,42.03
2012-02-03 00:00:00,41.349999999999994
2012-02-06 00:00:00,42.099999999999994
2012-02-07 00:00:00,42.209999999999994
2012-02-08 00:00:00,42.28999999999999
2012-02-09 00:00:00,43.2
2012-02-10 00:00:00,42.19
2012-02-13 00:00:00,42.379999999999995
2012-02-14 00:00:00,42.480000000000004
2012-02-15 00:00:00,41.34
2012-02-16 00:00:00,41.47
2012-02-17 00:00:00,42.45
2012-02-20 00:00:00,43.3
2012-02-21 00:00:00,43.61
2012-02-22 00:00:00,43.17
2012-02-23 00:00:00,43.03
2012-02-24 00:00:00,43.58
2012-02-27 00:00:00,43.91
2012-02-28 00:00:00,44.599999999999994
2012-02-29 00:00:00,45.870000000000005
2012-03-01 00:00:00,47.86
2012-03-02 00:00:00,48.31
2012-03-05 00:00:00,48.11
2012-03-06 00:00:00,47.0
2012-03-07 00:00:00,47.900000000000006
2012-03-08 00:00:00,49.31
2012-03-09 00:00:00,49.2
2012-03-12 00:00:00,48.58
2012-03-13 00:00:00,48.78
2012-03-14 00:00:00,49.230000000000004
2012-03-15 00:00:00,49.09
2012-03-16 00:00:00,49.14
2012-03-19 00:00:00,49.400000000000006
2012-03-20 00:00:00,48.870000000000005
2012-03-21 00:00:00,48.040000000000006
2012-03-22 00:00:00,47.43000000000001
2012-03-23 00:00:00,47.57000000000001
2012-03-26 00:00:00,48.0
2012-03-27 00:00:00,47.2
2012-03-28 00:00:00,47.36
2012-03-29 00:00:00,46.32000000000001
2012-03-30 00:00:00,47.3
2012-04-02 00:00:00,47.46000000000001
2012-04-03 00:00:00,47.120000000000005
2012-04-04 00:00:00,45.24000000000001
2012-04-05 00:00:00,44.99000000000001
2012-04-10 00:00:00,42.88000000000001
2012-04-11 00:00:00,44.21000000000001
2012-04-12 00:00:00,45.28
2012-04-13 00:00:00,44.13000000000001
2012-04-16 00:00:00,43.760000000000005
2012-04-17 00:00:00,44.620000000000005
2012-04-18 00:00:00,44.56
2012-04-19 00:00:00,43.790000000000006
2012-04-20 00:00:00,43.19
2012-04-23 00:00:00,42.74000000000001
2012-04-24 00:00:00,43.10000000000001
2012-04-25 00:00:00,43.510000000000005
2012-04-26 00:00:00,43.730000000000004
2012-04-27 00:00:00,43.53
2012-04-30 00:00:00,44.44
2012-05-02 00:00:00,44.36
2012-05-03 00:00:00,44.620000000000005
2012-05-04 00:00:00,45.02000000000001
2012-05-07 00:00:00,45.650000000000006
2012-05-08 00:00:00,45.2
2012-05-09 00:00:00,43.980000000000004
2012-05-10 00:00:00,44.86
2012-05-11 00:00:00,44.86
2012-05-14 00:00:00,43.46000000000001
2012-05-15 00:00:00,42.27000000000001
2012-05-16 00:00:00,42.61
2012-05-17 00:00:00,42.64
2012-05-18 00:00:00,43.040000000000006
2012-05-21 00:00:00,43.05
2012-05-22 00:00:00,44.650000000000006
2012-05-23 00:00:00,44.11
2012-05-24 00:00:00,44.760000000000005
2012-05-25 00:00:00,44.16000000000001
2012-05-28 00:00:00,43.650000000000006
2012-05-29 00:00:00,43.52000000000001
2012-05-30 00:00:00,42.22
2012-05-31 00:00:00,42.27000000000001
2012-06-01 00:00:00,43.82000000000001
2012-06-04 00:00:00,45.44
2012-06-05 00:00:00,45.57000000000001
2012-06-06 00:00:00,45.52000000000001
2012-06-07 00:00:00,45.39
2012-06-08 00:00:00,44.67
2012-06-11 00:00:00,42.91000000000001
2012-06-12 00:00:00,41.97
2012-06-13 00:00:00,41.59
2012-06-14 00:00:00,41.88000000000001
2012-06-15 00:00:00,43.55000000000001
2012-06-18 00:00:00,42.730000000000004
2012-06-19 00:00:00,43.83
2012-06-20 00:00:00,44.88000000000001
2012-06-21 00:00:00,45.03
2012-06-22 00:00:00,45.07000000000001
2012-06-25 00:00:00,43.27000000000001
2012-06-26 00:00:00,42.02000000000001
2012-06-27 00:00:00,42.06
2012-06-28 00:00:00,41.84
2012-06-29 00:00:00,44.83
2012-07-02 00:00:00,45.44
2012-07-03 00:00:00,46.10000000000001
2012-07-04 00:00:00,45.21000000000001
2012-07-05 00:00:00,43.63000000000001
2012-07-06 00:00:00,43.21000000000001
2012-07-09 00:00:00,42.620000000000005
2012-07-10 00:00:00,43.870000000000005
2012-07-11 00:00:00,44.96000000000001
2012-07-12 00:00:00,44.25
2012-07-13 00:00:00,43.25
2012-07-16 00:00:00,42.71000000000001
2012-07-17 00:00:00,43.21000000000001
2012-07-18 00:00:00,43.18000000000001
2012-07-19 00:00:00,43.71000000000001
2012-07-20 00:00:00,42.5
2012-07-23 00:00:00,41.290000000000006
2012-07-24 00:00:00,39.730000000000004
2012-07-25 00:00:00,40.370000000000005
2012-07-26 00:00:00,43.260000000000005
2012-07-27 00:00:00,44.13000000000001
2012-07-30 00:00:00,43.92
2012-07-31 00:00:00,43.34
2012-08-01 00:00:00,44.36
2012-08-02 00:00:00,42.2
2012-08-03 00:00:00,43.41000000000001
2012-08-06 00:00:00,44.02000000000001
2012-08-07 00:00:00,44.31
2012-08-08 00:00:00,44.92
2012-08-09 00:00:00,45.35000000000001
2012-08-10 00:00:00,44.790000000000006
2012-08-13 00:00:00,44.84
2012-08-14 00:00:00,45.260000000000005
2012-08-15 00:00:00,45.86
2012-08-16 00:00:00,45.69
2012-08-17 00:00:00,45.63000000000001
2012-08-20 00:00:00,45.86
2012-08-21 00:00:00,46.790000000000006
2012-08-22 00:00:00,46.80000000000001
2012-08-23 00:00:00,46.620000000000005
2012-08-24 00:00:00,45.97
2012-08-27 00:00:00,46.49000000000001
2012-08-28 00:00:00,45.74000000000001
2012-08-29 00:00:00,46.05000000000001
2012-08-30 00:00:00,45.980000000000004
2012-08-31 00:00:00,45.45
2012-09-03 00:00:00,46.040000000000006
2012-09-04 00:00:00,46.95
2012-09-05 00:00:00,48.11
2012-09-06 00:00:00,49.84
2012-09-07 00:00:00,51.75
2012-09-10 00:00:00,51.09
2012-09-11 00:00:00,51.72
2012-09-12 00:00:00,52.31
2012-09-13 00:00:00,52.36
2012-09-14 00:00:00,52.47
2012-09-17 00:00:00,51.739999999999995
2012-09-18 00:00:00,52.150000000000006
2012-09-19 00:00:00,53.16
2012-09-20 00:00:00,52.769999999999996
2012-09-21 00:00:00,52.260000000000005
2012-09-24 00:00:00,52.2
2012-09-25 00:00:00,51.790000000000006
2012-09-26 00:00:00,51.06
2012-09-27 00:00:00,51.67
2012-09-28 00:00:00,51.900000000000006
2012-10-01 00:00:00,52.16
2012-10-02 00:00:00,52.599999999999994
2012-10-03 00:00:00,52.480000000000004
2012-10-04 00:00:00,52.31999999999999
2012-10-05 00:00:00,52.97
2012-10-08 00:00:00,52.75
2012-10-09 00:00:00,52.53
2012-10-10 00:00:00,52.629999999999995
2012-10-11 00:00:00,53.269999999999996
2012-10-12 00:00:00,53.67
2012-10-15 00:00:00,53.58
2012-10-16 00:00:00,53.97
2012-10-17 00:00:00,55.379999999999995
2012-10-18 00:00:00,55.370000000000005
2012-10-19 00:00:00,55.36
2012-10-22 00:00:00,55.489999999999995
2012-10-23 00:00:00,54.66
2012-10-24 00:00:00,54.92
2012-10-25 00:00:00,54.790000000000006
2012-10-26 00:00:00,54.379999999999995
2012-10-29 00:00:00,53.56
2012-10-30 00:00:00,53.730000000000004
2012-10-31 00:00:00,54.06
2012-11-01 00:00:00,54.33
2012-11-02 00:00:00,54.150000000000006
2012-11-05 00:00:00,53.760000000000005
2012-11-06 00:00:00,54.61
2012-11-07 00:00:00,54.510000000000005
2012-11-08 00:00:00,53.709999999999994
2012-11-09 00:00:00,54.040000000000006
2012-11-12 00:00:00,53.69
2012-11-13 00:00:00,54.120000000000005
2012-11-14 00:00:00,54.2
2012-11-15 00:00:00,54.72
2012-11-16 00:00:00,54.980000000000004
2012-11-19 00:00:00,54.769999999999996
2012-11-20 00:00:00,54.97
2012-11-21 00:00:00,55.290000000000006
2012-11-22 00:00:00,55.760000000000005
2012-11-23 00:00:00,56.05
2012-11-26 00:00:00,56.05
2012-11-27 00:00:00,56.3
2012-11-28 00:00:00,57.510000000000005
2012-11-29 00:00:00,57.730000000000004
2012-11-30 00:00:00,58.28
2012-12-03 00:00:00,58.7
2012-12-04 00:00:00,58.94000000000001
2012-12-05 00:00:00,58.66000000000001
2012-12-06 00:00:00,57.93000000000001
2012-12-07 00:00:00,58.03
2012-12-10 00:00:00,55.85000000000001
2012-12-11 00:00:00,56.42
2012-12-12 00:00:00,57.16000000000001
2012-12-13 00:00:00,57.27000000000001
2012-12-14 00:00:00,57.68000000000001
2012-12-17 00:00:00,57.890000000000015
2012-12-18 00:00:00,58.860000000000014
2012-12-19 00:00:00,59.480000000000004
2012-12-20 00:00:00,59.230000000000004
2012-12-21 00:00:00,58.84
2012-12-27 00:00:00,58.35000000000001
2012-12-28 00:00:00,58.640000000000015
2013-01-02 00:00:00,60.59
2013-01-03 00:00:00,60.84
2013-01-04 00:00:00,60.67
2013-01-07 00:00:00,60.03
2013-01-08 00:00:00,60.55000000000001
2013-01-09 00:00:00,60.69000000000001
2013-01-10 00:00:00,61.57000000000001
2013-01-11 00:00:00,62.05000000000001
2013-01-14 00:00:00,61.47000000000001
2013-01-15 00:00:00,61.32000000000001
2013-01-16 00:00:00,61.44000000000001
2013-01-17 00:00:00,61.58000000000001
2013-01-18 00:00:00,61.760000000000005
2013-01-21 00:00:00,61.260000000000005
2013-01-22 00:00:00,61.45
2013-01-23 00:00:00,61.540000000000006
2013-01-24 00:00:00,61.94000000000001
2013-01-25 00:00:00,62.10000000000001
2013-01-28 00:00:00,61.540000000000006
2013-01-29 00:00:00,61.82000000000001
2013-01-30 00:00:00,60.91000000000001
2013-01-31 00:00:00,60.82000000000001
2013-02-01 00:00:00,60.53
2013-02-04 00:00:00,59.290000000000006
2013-02-05 00:00:00,59.41000000000001
2013-02-06 00:00:00,58.77000000000001
2013-02-07 00:00:00,58.57000000000001
2013-02-08 00:00:00,58.63000000000001
2013-02-11 00:00:00,58.28
2013-02-12 00:00:00,59.19000000000001
2013-02-13 00:00:00,60.22000000000001
2013-02-14 00:00:00,60.16000000000001
2013-02-15 00:00:00,60.360000000000014
2013-02-18 00:00:00,60.02000000000001
2013-02-19 00:00:00,60.110000000000014
2013-02-20 00:00:00,60.010000000000005
2013-02-21 00:00:00,59.500000000000014
2013-02-22 00:00:00,59.78
2013-02-25 00:00:00,60.480000000000004
2013-02-26 00:00:00,56.230000000000004
2013-02-27 00:00:00,56.85000000000001
2013-02-28 00:00:00,57.52000000000001
2013-03-01 00:00:00,57.10000000000001
2013-03-04 00:00:00,56.41
2013-03-05 00:00:00,57.519999999999996
2013-03-06 00:00:00,58.14
2013-03-07 00:00:00,58.629999999999995
2013-03-08 00:00:00,58.790000000000006
2013-03-11 00:00:00,58.36
2013-03-12 00:00:00,58.730000000000004
2013-03-13 00:00:00,58.16
2013-03-14 00:00:00,58.480000000000004
2013-03-15 00:00:00,58.790000000000006
2013-03-18 00:00:00,58.59
2013-03-19 00:00:00,57.93000000000001
2013-03-20 00:00:00,58.519999999999996
2013-03-21 00:00:00,59.040000000000006
2013-03-22 00:00:00,59.540000000000006
2013-03-25 00:00:00,59.16
2013-03-26 00:00:00,59.08
2013-03-27 00:00:00,57.71000000000001
2013-03-28 00:00:00,57.93000000000001
2013-04-02 00:00:00,58.69
2013-04-03 00:00:00,59.11
2013-04-04 00:00:00,59.290000000000006
2013-04-05 00:00:00,60.650000000000006
2013-04-08 00:00:00,61.33
2013-04-09 00:00:00,61.07000000000001
2013-04-10 00:00:00,61.53
2013-04-11 00:00:00,61.39
2013-04-12 00:00:00,61.36
2013-04-15 00:00:00,61.31
2013-04-16 00:00:00,61.60000000000001
2013-04-17 00:00:00,62.120000000000005
2013-04-18 00:00:00,62.16
2013-04-19 00:00:00,62.42
2013-04-22 00:00:00,63.56
2013-04-23 00:00:00,64.57000000000001
2013-04-24 00:00:00,64.37
2013-04-25 00:00:00,63.85000000000001
2013-04-26 00:00:00,63.83
2013-04-29 00:00:00,65.14
2013-04-30 00:00:00,65.37
2013-05-02 00:00:00,66.29
2013-05-03 00:00:00,66.06
2013-05-06 00:00:00,65.55
2013-05-07 00:00:00,66.03
2013-05-08 00:00:00,66.23
2013-05-09 00:00:00,65.93
2013-05-10 00:00:00,65.78
2013-05-13 00:00:00,65.21000000000001
2013-05-14 00:00:00,64.93
2013-05-15 00:00:00,64.53
2013-05-16 00:00:00,65.2
2013-05-17 00:00:00,65.89
2013-05-20 00:00:00,65.95
2013-05-21 00:00:00,65.62
2013-05-22 00:00:00,65.8
2013-05-23 00:00:00,64.81
2013-05-24 00:00:00,63.57000000000001
2013-05-27 00:00:00,64.61
2013-05-28 00:00:00,64.63
2013-05-29 00:00:00,63.650000000000006
2013-05-30 00:00:00,64.34
2013-05-31 00:00:00,63.96000000000001
2013-06-03 00:00:00,63.86
2013-06-04 00:00:00,64.31
2013-06-05 00:00:00,64.2
2013-06-06 00:00:00,62.480000000000004
2013-06-07 00:00:00,63.480000000000004
2013-06-10 00:00:00,62.879999999999995
2013-06-11 00:00:00,62.17
2013-06-12 00:00:00,62.2
2013-06-13 00:00:00,62.230000000000004
2013-06-14 00:00:00,62.849999999999994
2013-06-17 00:00:00,63.03
2013-06-18 00:00:00,62.86
2013-06-19 00:00:00,63.129999999999995
2013-06-20 00:00:00,60.349999999999994
2013-06-21 00:00:00,60.14999999999999
2013-06-24 00:00:00,58.34
2013-06-25 00:00:00,57.69
2013-06-26 00:00:00,59.17999999999999
2013-06-27 00:00:00,60.239999999999995
2013-06-28 00:00:00,60.5
2013-07-01 00:00:00,61.05
2013-07-02 00:00:00,61.56999999999999
2013-07-03 00:00:00,60.56999999999999
2013-07-04 00:00:00,61.41
2013-07-05 00:00:00,61.45
2013-07-08 00:00:00,61.81999999999999
2013-07-09 00:00:00,61.69
2013-07-10 00:00:00,61.28999999999999
2013-07-11 00:00:00,60.94
2013-07-12 00:00:00,61.03
2013-07-15 00:00:00,61.209999999999994
2013-07-16 00:00:00,61.16
2013-07-17 00:00:00,61.03
2013-07-18 00:00:00,61.64
2013-07-19 00:00:00,61.92
2013-07-22 00:00:00,62.59
2013-07-23 00:00:00,62.44
2013-07-24 00:00:00,62.44
2013-07-25 00:00:00,62.25
2013-07-26 00:00:00,62.14999999999999
2013-07-29 00:00:00,61.75
2013-07-30 00:00:00,62.14999999999999
2013-07-31 00:00:00,62.099999999999994
2013-08-01 00:00:00,62.53999999999999
2013-08-02 00:00:00,63.230000000000004
2013-08-05 00:00:00,63.209999999999994
2013-08-06 00:00:00,63.480000000000004
2013-08-07 00:00:00,63.42999999999999
2013-08-08 00:00:00,63.989999999999995
2013-08-09 00:00:00,64.06
2013-08-12 00:00:00,64.25
2013-08-13 00:00:00,63.92999999999999
2013-08-14 00:00:00,64.17999999999999
2013-08-15 00:00:00,63.620000000000005
2013-08-16 00:00:00,64.05
2013-08-19 00:00:00,63.31999999999999
2013-08-20 00:00:00,63.03
2013-08-21 00:00:00,62.72
2013-08-22 00:00:00,63.06
2013-08-23 00:00:00,62.97
2013-08-26 00:00:00,62.55
2013-08-27 00:00:00,62.03999999999999
2013-08-28 00:00:00,62.44
2013-08-29 00:00:00,62.620000000000005
2013-08-30 00:00:00,62.519999999999996
2013-09-02 00:00:00,62.75
2013-09-03 00:00:00,62.82000000000001
2013-09-04 00:00:00,62.31
2013-09-05 00:00:00,61.45
2013-09-06 00:00:00,61.61
2013-09-09 00:00:00,61.44
2013-09-10 00:00:00,61.25
2013-09-11 00:00:00,61.510000000000005
2013-09-12 00:00:00,61.5
2013-09-13 00:00:00,61.21000000000001
2013-09-16 00:00:00,61.93000000000001
2013-09-17 00:00:00,62.46000000000001
2013-09-18 00:00:00,62.67
2013-09-19 00:00:00,63.510000000000005
2013-09-20 00:00:00,63.56
2013-09-23 00:00:00,63.77000000000001
2013-09-24 00:00:00,64.08
2013-09-25 00:00:00,64.12
2013-09-26 00:00:00,63.27000000000001
2013-09-27 00:00:00,62.68000000000001
2013-09-30 00:00:00,62.61
2013-10-01 00:00:00,63.45
2013-10-02 00:00:00,64.38000000000001
2013-10-03 00:00:00,64.32000000000001
2013-10-04 00:00:00,64.88000000000001
2013-10-07 00:00:00,65.15
2013-10-08 00:00:00,64.69
2013-10-09 00:00:00,64.55
2013-10-10 00:00:00,64.83
2013-10-11 00:00:00,65.24000000000001
2013-10-14 00:00:00,65.45
2013-10-15 00:00:00,65.59
2013-10-16 00:00:00,65.64
2013-10-17 00:00:00,65.95
2013-10-18 00:00:00,66.33
2013-10-21 00:00:00,66.23
2013-10-22 00:00:00,66.82000000000001
2013-10-23 00:00:00,66.91000000000001
2013-10-24 00:00:00,66.72
2013-10-25 00:00:00,66.21000000000001
2013-10-28 00:00:00,66.34
2013-10-29 00:00:00,66.86
2013-10-30 00:00:00,66.62
2013-10-31 00:00:00,67.16000000000001
2013-11-01 00:00:00,67.28
2013-11-04 00:00:00,67.36
2013-11-05 00:00:00,66.84
2013-11-06 00:00:00,66.81
2013-11-07 00:00:00,67.60000000000001
2013-11-08 00:00:00,67.18
2013-11-11 00:00:00,67.32000000000001
2013-11-12 00:00:00,67.19
2013-11-13 00:00:00,67.48
2013-11-14 00:00:00,67.93
2013-11-15 00:00:00,67.7
2013-11-18 00:00:00,67.97
2013-11-19 00:00:00,67.9
2013-11-20 00:00:00,67.84
2013-11-21 00:00:00,67.77000000000001
2013-11-22 00:00:00,67.87
2013-11-25 00:00:00,67.86
2013-11-26 00:00:00,68.25
2013-11-27 00:00:00,68.28
2013-11-28 00:00:00,68.44
2013-11-29 00:00:00,68.44
2013-12-02 00:00:00,68.18
2013-12-03 00:00:00,68.13000000000001
2013-12-04 00:00:00,67.64
2013-12-05 00:00:00,66.74000000000001
2013-12-06 00:00:00,67.18
2013-12-09 00:00:00,67.65
2013-12-10 00:00:00,68.37
2013-12-11 00:00:00,68.48
2013-12-12 00:00:00,68.07000000000001
2013-12-13 00:00:00,68.23
2013-12-16 00:00:00,68.58000000000001
2013-12-17 00:00:00,68.58000000000001
2013-12-18 00:00:00,68.37
2013-12-19 00:00:00,68.4
2013-12-20 00:00:00,68.14
2013-12-23 00:00:00,67.63000000000001
2013-12-27 00:00:00,67.55000000000001
2013-12-30 00:00:00,68.5
2014-01-02 00:00:00,69.49000000000001
2014-01-03 00:00:00,69.73
2014-01-06 00:00:00,69.81
2014-01-07 00:00:00,70.36000000000001
2014-01-08 00:00:00,70.29
2014-01-09 00:00:00,70.09
2014-01-10 00:00:00,69.93
2014-01-13 00:00:00,70.13000000000001
2014-01-14 00:00:00,70.25
2014-01-15 00:00:00,70.43
2014-01-16 00:00:00,70.59
2014-01-17 00:00:00,70.85000000000001
2014-01-20 00:00:00,71.06
2014-01-21 00:00:00,70.79
2014-01-22 00:00:00,70.74000000000001
2014-01-23 00:00:00,70.48
2014-01-24 00:00:00,70.10000000000001
2014-01-27 00:00:00,70.11000000000001
2014-01-28 00:00:00,70.58000000000001
2014-01-29 00:00:00,70.54
2014-01-30 00:00:00,70.82000000000001
2014-01-31 00:00:00,71.35000000000001
2014-02-03 00:00:00,71.33000000000001
2014-02-04 00:00:00,71.29
2014-02-05 00:00:00,71.54
2014-02-06 00:00:00,71.56
2014-02-07 00:00:00,72.15
2014-02-10 00:00:00,72.16000000000001
2014-02-11 00:00:00,72.12
2014-02-12 00:00:00,71.80000000000001
2014-02-13 00:00:00,71.97000000000001
2014-02-14 00:00:00,72.24000000000001
2014-02-17 00:00:00,72.73
2014-02-18 00:00:00,73.21000000000001
2014-02-19 00:00:00,73.02000000000001
2014-02-20 00:00:00,72.5
2014-02-21 00:00:00,72.92
2014-02-24 00:00:00,72.82000000000001
2014-02-25 00:00:00,72.99000000000001
2014-02-26 00:00:00,73.33000000000001
2014-02-27 00:00:00,73.89
2014-02-28 00:00:00,73.83000000000001
2014-03-03 00:00:00,73.99000000000001
2014-03-04 00:00:00,74.55000000000001
2014-03-05 00:00:00,74.96000000000001
2014-03-06 00:00:00,74.07000000000001
2014-03-07 00:00:00,74.46000000000001
2014-03-10 00:00:00,74.95
2014-03-11 00:00:00,74.7
2014-03-12 00:00:00,74.57000000000001
2014-03-13 00:00:00,74.62
2014-03-14 00:00:00,74.67
2014-03-17 00:00:00,75.0
2014-03-18 00:00:00,75.10000000000001
2014-03-19 00:00:00,74.95
2014-03-20 00:00:00,74.53
2014-03-21 00:00:00,74.73
2014-03-24 00:00:00,74.62
2014-03-25 00:00:00,74.89
2014-03-26 00:00:00,75.42
2014-03-27 00:00:00,75.85000000000001
2014-03-28 00:00:00,75.80000000000001
2014-03-31 00:00:00,75.86
2014-04-01 00:00:00,75.93
2014-04-02 00:00:00,75.76
2014-04-03 00:00:00,76.2
2014-04-04 00:00:00,77.06
2014-04-07 00:00:00,76.93
2014-04-08 00:00:00,76.63000000000001
2014-04-09 00:00:00,76.9
2014-04-10 00:00:00,77.22
2014-04-11 00:00:00,76.75
2014-04-14 00:00:00,77.10000000000001
2014-04-15 00:00:00,77.68
2014-04-16 00:00:00,77.85000000000001
2014-04-17 00:00:00,77.65
2014-04-22 00:00:00,77.89
2014-04-23 00:00:00,78.02000000000001
2014-04-24 00:00:00,77.69000000000001
2014-04-25 00:00:00,77.73
2014-04-28 00:00:00,77.56
2014-04-29 00:00:00,77.75
2014-04-30 00:00:00,78.15
2014-05-02 00:00:00,78.41000000000001
2014-05-05 00:00:00,78.46000000000001
2014-05-06 00:00:00,78.81
2014-05-07 00:00:00,78.72
2014-05-08 00:00:00,79.47
2014-05-09 00:00:00,79.34
2014-05-12 00:00:00,79.15
2014-05-13 00:00:00,79.47
2014-05-14 00:00:00,79.65
2014-05-15 00:00:00,78.19000000000001
2014-05-16 00:00:00,78.21000000000001
2014-05-19 00:00:00,77.46000000000001
2014-05-20 00:00:00,76.60000000000001
2014-05-21 00:00:00,77.02000000000001
2014-05-22 00:00:00,76.73
2014-05-23 00:00:00,77.52000000000001
2014-05-26 00:00:00,79.04
2014-05-27 00:00:00,78.93
2014-05-28 00:00:00,79.57000000000001
2014-05-29 00:00:00,79.34
2014-05-30 00:00:00,79.32000000000001
2014-06-02 00:00:00,79.31
2014-06-03 00:00:00,79.07
2014-06-04 00:00:00,78.89999999999999
2014-06-05 00:00:00,79.62
2014-06-06 00:00:00,81.37
2014-06-09 00:00:00,81.84
2014-06-10 00:00:00,81.17
2014-06-11 00:00:00,81.12
2014-06-12 00:00:00,80.81
2014-06-13 00:00:00,81.24
2014-06-16 00:00:00,81.19
2014-06-17 00:00:00,80.7
2014-06-18 00:00:00,80.52
2014-06-19 00:00:00,81.1
2014-06-20 00:00:00,80.72
2014-06-23 00:00:00,81.16
2014-06-24 00:00:00,81.42999999999999
2014-06-25 00:00:00,81.78
2014-06-26 00:00:00,81.91
2014-06-27 00:00:00,81.92
2014-06-30 00:00:00,81.76
2014-07-01 00:00:00,81.91
2014-07-02 00:00:00,81.24
2014-07-03 00:00:00,81.67
2014-07-04 00:00:00,82.11
2014-07-07 00:00:00,82.16
2014-07-08 00:00:00,81.95
2014-07-09 00:00:00,81.55
2014-07-10 00:00:00,80.96
2014-07-11 00:00:00,81.42
2014-07-14 00:00:00,81.55
2014-07-15 00:00:00,81.77
2014-07-16 00:00:00,82.12
2014-07-17 00:00:00,82.35
2014-07-18 00:00:00,82.21
2014-07-21 00:00:00,82.51
2014-07-22 00:00:00,82.44
2014-07-23 00:00:00,82.84
2014-07-24 00:00:00,82.85
2014-07-25 00:00:00,83.0
2014-07-28 00:00:00,83.48
2014-07-29 00:00:00,83.74
2014-07-30 00:00:00,83.52
2014-07-31 00:00:00,83.34
2014-08-01 00:00:00,82.75
2014-08-04 00:00:00,83.26
2014-08-05 00:00:00,82.67999999999999
2014-08-06 00:00:00,82.28999999999999
2014-08-07 00:00:00,81.86
2014-08-08 00:00:00,82.03999999999999
2014-08-11 00:00:00,82.47
2014-08-12 00:00:00,83.14999999999999
2014-08-13 00:00:00,83.2
2014-08-14 00:00:00,83.91000000000001
2014-08-15 00:00:00,84.46999999999998
2014-08-18 00:00:00,84.08999999999999
2014-08-19 00:00:00,84.51
2014-08-20 00:00:00,84.49
2014-08-21 00:00:00,84.67
2014-08-22 00:00:00,84.61999999999999
2014-08-25 00:00:00,85.80999999999999
2014-08-26 00:00:00,86.10000000000001
2014-08-27 00:00:00,86.63000000000001
2014-08-28 00:00:00,85.94000000000001
2014-08-29 00:00:00,86.10000000000001
2014-09-01 00:00:00,86.27
2014-09-02 00:00:00,85.95
2014-09-03 00:00:00,85.83
2014-09-04 00:00:00,86.89
2014-09-05 00:00:00,87.87000000000002
2014-09-08 00:00:00,87.48
2014-09-09 00:00:00,86.7
2014-09-10 00:00:00,86.33
2014-09-11 00:00:00,86.01
2014-09-12 00:00:00,85.92999999999999
2014-09-15 00:00:00,86.04
2014-09-16 00:00:00,85.89
2014-09-17 00:00:00,86.35000000000001
2014-09-18 00:00:00,86.22000000000001
2014-09-19 00:00:00,87.01
2014-09-22 00:00:00,86.92999999999999
2014-09-23 00:00:00,86.78000000000002
2014-09-24 00:00:00,87.14
2014-09-25 00:00:00,87.3
2014-09-26 00:00:00,86.96
2014-09-29 00:00:00,86.71
2014-09-30 00:00:00,87.27
2014-10-01 00:00:00,87.92
2014-10-02 00:00:00,87.39
2014-10-03 00:00:00,87.51
2014-10-06 00:00:00,87.37000000000002
2014-10-07 00:00:00,87.19000000000001
2014-10-08 00:00:00,87.29
2014-10-09 00:00:00,87.71
2014-10-10 00:00:00,87.47000000000001
2014-10-13 00:00:00,87.41000000000001
2014-10-14 00:00:00,87.67
2014-10-15 00:00:00,86.91000000000001
2014-10-16 00:00:00,85.04
2014-10-17 00:00:00,85.85000000000001
2014-10-20 00:00:00,84.97000000000001
2014-10-21 00:00:00,85.47000000000001
2014-10-22 00:00:00,85.72000000000001
2014-10-23 00:00:00,85.8
2014-10-24 00:00:00,85.77
2014-10-27 00:00:00,85.55
2014-10-28 00:00:00,85.58
2014-10-29 00:00:00,85.90000000000002
2014-10-30 00:00:00,86.11
2014-10-31 00:00:00,87.11
2014-11-03 00:00:00,86.85000000000001
2014-11-04 00:00:00,86.87000000000002
2014-11-05 00:00:00,86.67999999999999
2014-11-06 00:00:00,87.26
2014-11-07 00:00:00,87.08
2014-11-10 00:00:00,87.40000000000002
2014-11-11 00:00:00,87.67
2014-11-12 00:00:00,87.32000000000001
2014-11-13 00:00:00,87.28000000000002
2014-11-14 00:00:00,87.45
2014-11-17 00:00:00,88.02
2014-11-18 00:00:00,87.87000000000002
2014-11-19 00:00:00,87.84000000000002
2014-11-20 00:00:00,88.15000000000002
2014-11-21 00:00:00,89.17999999999999
2014-11-24 00:00:00,89.45
2014-11-25 00:00:00,89.89
2014-11-26 00:00:00,89.64
2014-11-27 00:00:00,90.53000000000002
2014-11-28 00:00:00,90.81000000000002
2014-12-01 00:00:00,90.91000000000001
2014-12-02 00:00:00,90.86
2014-12-03 00:00:00,91.19000000000001
2014-12-04 00:00:00,90.74999999999999
2014-12-05 00:00:00,91.61
2014-12-08 00:00:00,91.55
2014-12-09 00:00:00,90.79
2014-12-10 00:00:00,90.42999999999999
2014-12-11 00:00:00,90.45
2014-12-12 00:00:00,90.39
2014-12-15 00:00:00,90.92
2014-12-16 00:00:00,90.71999999999998
2014-12-17 00:00:00,91.02999999999999
2014-12-18 00:00:00,91.08
2014-12-19 00:00:00,91.32000000000001
2014-12-22 00:00:00,91.63000000000001
2014-12-23 00:00:00,91.69000000000001
2014-12-29 00:00:00,91.39
2014-12-30 00:00:00,92.42999999999999
2015-01-02 00:00:00,93.66000000000001
2015-01-05 00:00:00,92.67999999999999
2015-01-06 00:00:00,92.55
2015-01-07 00:00:00,91.66000000000001
2015-01-08 00:00:00,92.52999999999999
2015-01-09 00:00:00,91.89999999999999
2015-01-12 00:00:00,92.79
2015-01-13 00:00:00,92.96999999999998
2015-01-14 00:00:00,93.48
2015-01-15 00:00:00,93.58
2015-01-16 00:00:00,94.19000000000001
2015-01-19 00:00:00,94.14
2015-01-20 00:00:00,94.02
2015-01-21 00:00:00,93.88000000000001
2015-01-22 00:00:00,95.27
2015-01-23 00:00:00,95.8
2015-01-26 00:00:00,96.24
2015-01-27 00:00:00,95.67999999999999
2015-01-28 00:00:00,94.98
2015-01-29 00:00:00,94.92
2015-01-30 00:00:00,95.02
2015-02-02 00:00:00,94.96
2015-02-03 00:00:00,95.24
2015-02-04 00:00:00,95.82000000000001
2015-02-05 00:00:00,95.67999999999999
2015-02-06 00:00:00,95.36
2015-02-09 00:00:00,94.63000000000001
2015-02-10 00:00:00,94.27999999999999
2015-02-11 00:00:00,94.41000000000001
2015-02-12 00:00:00,94.64
2015-02-13 00:00:00,95.01
2015-02-16 00:00:00,94.74999999999999
2015-02-17 00:00:00,94.55999999999999
2015-02-18 00:00:00,94.77999999999999
2015-02-19 00:00:00,95.11
2015-02-20 00:00:00,95.46
2015-02-23 00:00:00,96.26
2015-02-24 00:00:00,96.57000000000001
2015-02-25 00:00:00,96.54
2015-02-26 00:00:00,97.74
2015-02-27 00:00:00,97.71999999999998
2015-03-02 00:00:00,97.67
2015-03-03 00:00:00,97.17
2015-03-04 00:00:00,97.14
2015-03-05 00:00:00,97.95
2015-03-06 00:00:00,98.07000000000001
2015-03-09 00:00:00,98.27
2015-03-10 00:00:00,99.00000000000001
2015-03-11 00:00:00,100.03000000000002
2015-03-12 00:00:00,100.02
2015-03-13 00:00:00,99.87000000000002
2015-03-16 00:00:00,99.88000000000001
2015-03-17 00:00:00,98.8
2015-03-18 00:00:00,98.10000000000001
2015-03-19 00:00:00,99.08
2015-03-20 00:00:00,99.51
2015-03-23 00:00:00,98.46000000000002
2015-03-24 00:00:00,98.07000000000001
2015-03-25 00:00:00,98.01
2015-03-26 00:00:00,98.01
2015-03-27 00:00:00,97.91000000000001
2015-03-30 00:00:00,98.26
2015-03-31 00:00:00,98.96000000000002
2015-04-01 00:00:00,99.13000000000001
2015-04-02 00:00:00,98.76
2015-04-07 00:00:00,99.50000000000001
2015-04-08 00:00:00,99.34000000000002
2015-04-09 00:00:00,99.01
2015-04-10 00:00:00,99.28000000000002
2015-04-13 00:00:00,99.05
2015-04-14 00:00:00,98.75000000000001
2015-04-15 00:00:00,99.13000000000001
2015-04-16 00:00:00,98.00000000000001
2015-04-17 00:00:00,97.02
2015-04-20 00:00:00,96.82000000000001
2015-04-21 00:00:00,96.75000000000001
2015-04-22 00:00:00,97.53000000000002
2015-04-23 00:00:00,97.59000000000002
2015-04-24 00:00:00,97.3
2015-04-27 00:00:00,97.97000000000001
2015-04-28 00:00:00,98.08
2015-04-29 00:00:00,96.78000000000002
2015-04-30 00:00:00,96.76
2015-05-04 00:00:00,96.29
2015-05-05 00:00:00,93.07000000000001
2015-05-06 00:00:00,92.04
2015-05-07 00:00:00,93.61
2015-05-08 00:00:00,94.32000000000001
2015-05-11 00:00:00,93.58
2015-05-12 00:00:00,92.61
2015-05-13 00:00:00,92.45
2015-05-14 00:00:00,93.01
2015-05-15 00:00:00,93.89
2015-05-18 00:00:00,92.58
2015-05-19 00:00:00,93.39
2015-05-20 00:00:00,93.15000000000002
2015-05-21 00:00:00,93.22000000000001
2015-05-22 00:00:00,93.44000000000001
2015-05-26 00:00:00,92.54
2015-05-27 00:00:00,93.39
2015-05-28 00:00:00,93.34000000000002
2015-05-29 00:00:00,93.32000000000001
2015-06-01 00:00:00,92.55
2015-06-02 00:00:00,91.05
2015-06-03 00:00:00,90.64999999999999
2015-06-04 00:00:00,90.86
2015-06-05 00:00:00,89.69000000000001
2015-06-08 00:00:00,89.54
2015-06-09 00:00:00,89.2
2015-06-10 00:00:00,88.98
2015-06-11 00:00:00,90.71
2015-06-12 00:00:00,89.36
2015-06-15 00:00:00,87.88000000000001
2015-06-16 00:00:00,88.24
2015-06-17 00:00:00,88.54
2015-06-18 00:00:00,88.80999999999999
2015-06-19 00:00:00,88.64
2015-06-22 00:00:00,90.55999999999999
2015-06-23 00:00:00,90.74999999999999
2015-06-24 00:00:00,90.57000000000001
2015-06-25 00:00:00,90.66000000000001
2015-06-26 00:00:00,90.72000000000001
2015-06-29 00:00:00,88.26
2015-06-30 00:00:00,89.07000000000001
2015-07-01 00:00:00,89.33
2015-07-02 00:00:00,88.77
2015-07-03 00:00:00,89.55999999999999
2015-07-06 00:00:00,88.55
2015-07-07 00:00:00,89.39
2015-07-08 00:00:00,90.14
2015-07-09 00:00:00,90.77
2015-07-10 00:00:00,91.08999999999999
2015-07-13 00:00:00,91.47000000000001
2015-07-14 00:00:00,91.89
2015-07-15 00:00:00,92.52999999999999
2015-07-16 00:00:00,92.96
2015-07-17 00:00:00,93.67
2015-07-20 00:00:00,93.96
2015-07-21 00:00:00,93.19000000000001
2015-07-22 00:00:00,93.63000000000001
2015-07-23 00:00:00,94.01
2015-07-24 00:00:00,94.36999999999999
2015-07-27 00:00:00,94.08
2015-07-28 00:00:00,94.23
2015-07-29 00:00:00,94.02
2015-07-30 00:00:00,94.92999999999999
2015-07-31 00:00:00,95.55999999999999
2015-08-03 00:00:00,95.30999999999999
2015-08-04 00:00:00,95.33999999999999
2015-08-05 00:00:00,94.22000000000001
2015-08-06 00:00:00,94.42999999999999
2015-08-07 00:00:00,94.89999999999999
2015-08-10 00:00:00,94.99999999999999
2015-08-11 00:00:00,95.80999999999999
2015-08-12 00:00:00,95.52
2015-08-13 00:00:00,95.52999999999999
2015-08-14 00:00:00,95.26
2015-08-17 00:00:00,95.89
2015-08-18 00:00:00,95.32000000000001
2015-08-19 00:00:00,95.16000000000001
2015-08-20 00:00:00,95.08999999999999
2015-08-21 00:00:00,94.7
2015-08-24 00:00:00,94.26
2015-08-25 00:00:00,93.48
2015-08-26 00:00:00,93.57000000000001
2015-08-27 00:00:00,94.08999999999999
2015-08-28 00:00:00,94.33999999999999
2015-08-31 00:00:00,94.02999999999999
2015-09-01 00:00:00,93.41000000000001
2015-09-02 00:00:00,93.35000000000001
2015-09-03 00:00:00,94.22000000000001
2015-09-04 00:00:00,94.72000000000001
2015-09-07 00:00:00,94.58
2015-09-08 00:00:00,95.17999999999999
2015-09-09 00:00:00,95.15000000000002
2015-09-10 00:00:00,95.09000000000002
2015-09-11 00:00:00,95.36
2015-09-14 00:00:00,95.14
2015-09-15 00:00:00,94.77
2015-09-16 00:00:00,94.39
2015-09-17 00:00:00,94.54
2015-09-18 00:00:00,96.08
2015-09-21 00:00:00,95.81000000000002
2015-09-22 00:00:00,96.42
2015-09-23 00:00:00,96.51
2015-09-24 00:00:00,96.60000000000001
2015-09-25 00:00:00,96.02
2015-09-28 00:00:00,96.32000000000001
2015-09-29 00:00:00,96.71
2015-09-30 00:00:00,96.83
2015-10-01 00:00:00,97.25000000000001
2015-10-02 00:00:00,97.71
2015-10-05 00:00:00,97.47000000000001
2015-10-06 00:00:00,97.15000000000002
2015-10-07 00:00:00,96.99
2015-10-08 00:00:00,97.23
2015-10-09 00:00:00,97.07000000000001
2015-10-12 00:00:00,97.33
2015-10-13 00:00:00,97.42
2015-10-14 00:00:00,97.85000000000001
2015-10-15 00:00:00,97.7
2015-10-16 00:00:00,98.16000000000001
2015-10-19 00:00:00,98.17
2015-10-20 00:00:00,97.49
2015-10-21 00:00:00,98.09000000000002
2015-10-22 00:00:00,99.48
2015-10-23 00:00:00,99.29
2015-10-26 00:00:00,99.46
2015-10-27 00:00:00,100.00000000000001
2015-10-28 00:00:00,100.40000000000002
2015-10-29 00:00:00,99.48
2015-10-30 00:00:00,99.48
2015-11-02 00:00:00,98.74
2015-11-03 00:00:00,98.75000000000001
2015-11-04 00:00:00,98.62000000000002
2015-11-05 00:00:00,98.32000000000001
2015-11-06 00:00:00,97.54
2015-11-09 00:00:00,97.53000000000002
2015-11-10 00:00:00,98.32000000000001
2015-11-11 00:00:00,98.96
2015-11-12 00:00:00,99.22000000000001
2015-11-13 00:00:00,99.59000000000002
2015-11-16 00:00:00,99.61
2015-11-17 00:00:00,99.82000000000001
2015-11-18 00:00:00,100.32000000000001
2015-11-19 00:00:00,100.45
2015-11-20 00:00:00,100.56000000000002
2015-11-23 00:00:00,100.15000000000002
2015-11-24 00:00:00,100.58
2015-11-25 00:00:00,101.34000000000002
2015-11-26 00:00:00,101.38000000000001
2015-11-27 00:00:00,101.81000000000002
2015-11-30 00:00:00,101.48
2015-12-01 00:00:00,101.60000000000001
2015-12-02 00:00:00,101.83
2015-12-03 00:00:00,99.19000000000001
2015-12-04 00:00:00,98.98
2015-12-07 00:00:00,99.87000000000002
2015-12-08 00:00:00,100.01
2015-12-09 00:00:00,99.73
2015-12-10 00:00:00,100.02
2015-12-11 00:00:00,100.25000000000001
2015-12-14 00:00:00,99.40000000000002
2015-12-15 00:00:00,98.52
2015-12-16 00:00:00,98.57000000000001
2015-12-17 00:00:00,99.35000000000001
2015-12-18 00:00:00,99.96
2015-12-21 00:00:00,99.67
2015-12-22 00:00:00,99.12000000000002
2015-12-23 00:00:00,98.88000000000001
2015-12-28 00:00:00,99.7
2015-12-29 00:00:00,99.33
2015-12-30 00:00:00,99.99
2016-01-04 00:00:00,100.35000000000001
2016-01-05 00:00:00,100.8
2016-01-06 00:00:00,101.08
2016-01-07 00:00:00,100.25000000000001
2016-01-08 00:00:00,100.60000000000001
2016-01-11 00:00:00,100.03000000000002
2016-01-12 00:00:00,99.76
2016-01-13 00:00:00,100.24
2016-01-14 00:00:00,100.08
2016-01-15 00:00:00,100.43000000000002
2016-01-18 00:00:00,100.24
2016-01-19 00:00:00,100.32000000000001
2016-01-20 00:00:00,99.34000000000002
2016-01-21 00:00:00,100.46
2016-01-22 00:00:00,100.24
2016-01-25 00:00:00,100.32000000000001
2016-01-26 00:00:00,101.03000000000002
2016-01-27 00:00:00,101.14
2016-01-28 00:00:00,101.21
2016-01-29 00:00:00,102.01
2016-02-01 00:00:00,101.44000000000001
2016-02-02 00:00:00,101.27
2016-02-03 00:00:00,101.52
2016-02-04 00:00:00,100.95
2016-02-05 00:00:00,100.55
2016-02-08 00:00:00,98.82000000000001
2016-02-09 00:00:00,98.94000000000001
2016-02-10 00:00:00,99.55
2016-02-11 00:00:00,98.95
2016-02-12 00:00:00,99.45
2016-02-15 00:00:00,99.83
2016-02-16 00:00:00,99.61
2016-02-17 00:00:00,99.8
2016-02-18 00:00:00,100.43000000000002
2016-02-19 00:00:00,100.33
2016-02-22 00:00:00,100.89
2016-02-23 00:00:00,100.64
2016-02-24 00:00:00,100.75000000000001
2016-02-25 00:00:00,100.88000000000001
2016-02-26 00:00:00,101.29
2016-02-29 00:00:00,102.25000000000003
2016-03-01 00:00:00,102.38000000000002
2016-03-02 00:00:00,101.84000000000002
2016-03-03 00:00:00,102.08000000000003
2016-03-04 00:00:00,101.59000000000002
2016-03-07 00:00:00,101.75000000000001
2016-03-08 00:00:00,102.19000000000001
2016-03-09 00:00:00,102.18000000000002
2016-03-10 00:00:00,102.13000000000004
2016-03-11 00:00:00,103.23000000000005
2016-03-14 00:00:00,103.50000000000003
2016-03-15 00:00:00,102.71000000000001
2016-03-16 00:00:00,103.19000000000003
2016-03-17 00:00:00,103.75000000000003
2016-03-18 00:00:00,103.71000000000001
2016-03-21 00:00:00,103.89000000000001
2016-03-22 00:00:00,103.84
2016-03-23 00:00:00,103.53
2016-03-24 00:00:00,103.50000000000003
2016-03-29 00:00:00,104.15
2016-03-30 00:00:00,104.41
2016-03-31 00:00:00,104.39000000000001
2016-04-01 00:00:00,104.41
2016-04-04 00:00:00,104.08000000000001
2016-04-05 00:00:00,103.86000000000004
2016-04-06 00:00:00,103.63000000000002
2016-04-07 00:00:00,102.43000000000004
2016-04-08 00:00:00,103.29000000000005
2016-04-11 00:00:00,103.02000000000001
2016-04-12 00:00:00,102.70000000000002
2016-04-13 00:00:00,103.39000000000001
2016-04-14 00:00:00,102.89000000000001
2016-04-15 00:00:00,103.06000000000003
2016-04-18 00:00:00,102.97
2016-04-19 00:00:00,102.49000000000004
2016-04-20 00:00:00,102.55000000000004
2016-04-21 00:00:00,101.94000000000001
2016-04-22 00:00:00,101.74000000000002
2016-04-25 00:00:00,101.20000000000003
2016-04-26 00:00:00,101.21000000000002
2016-04-27 00:00:00,101.46000000000002
2016-04-28 00:00:00,102.07000000000004
2016-04-29 00:00:00,101.72000000000001
2016-05-02 00:00:00,101.84000000000002
2016-05-03 00:00:00,101.98000000000003
2016-05-04 00:00:00,101.81000000000002
2016-05-05 00:00:00,101.60000000000004
2016-05-06 00:00:00,101.80000000000003
2016-05-09 00:00:00,101.87000000000002
2016-05-10 00:00:00,102.11000000000003
2016-05-11 00:00:00,102.18000000000002
2016-05-12 00:00:00,101.73000000000003
2016-05-13 00:00:00,102.03000000000002
2016-05-16 00:00:00,101.88000000000004
2016-05-17 00:00:00,102.29000000000005
2016-05-18 00:00:00,102.06000000000002
2016-05-19 00:00:00,101.90000000000002
2016-05-20 00:00:00,102.07000000000004
2016-05-23 00:00:00,102.03000000000002
2016-05-24 00:00:00,102.61000000000004
2016-05-25 00:00:00,103.42000000000004
2016-05-26 00:00:00,103.35000000000005
2016-05-27 00:00:00,103.35000000000005
2016-05-30 00:00:00,103.42000000000004
2016-05-31 00:00:00,103.35000000000005
2016-06-01 00:00:00,103.14000000000001
2016-06-02 00:00:00,103.21000000000001
2016-06-03 00:00:00,103.72
2016-06-06 00:00:00,103.07000000000002
2016-06-07 00:00:00,103.63000000000002
2016-06-08 00:00:00,103.98000000000005
2016-06-09 00:00:00,104.17000000000004
2016-06-10 00:00:00,104.12000000000003
2016-06-13 00:00:00,103.31000000000003
2016-06-14 00:00:00,102.61000000000004
2016-06-15 00:00:00,102.81000000000003
2016-06-16 00:00:00,102.09000000000002
2016-06-17 00:00:00,102.50000000000003
2016-06-20 00:00:00,103.49000000000004
2016-06-21 00:00:00,103.4
2016-06-22 00:00:00,103.55000000000004
2016-06-23 00:00:00,103.95000000000002
2016-06-24 00:00:00,102.00000000000001
2016-06-27 00:00:00,102.55000000000004
2016-06-28 00:00:00,103.94000000000003
2016-06-29 00:00:00,104.30000000000004
2016-06-30 00:00:00,104.88000000000002
2016-07-01 00:00:00,106.27999999999999
2016-07-04 00:00:00,106.00000000000003
2016-07-05 00:00:00,105.9
2016-07-06 00:00:00,106.10000000000005
2016-07-07 00:00:00,105.93000000000004
2016-07-08 00:00:00,106.71999999999998
2016-07-11 00:00:00,106.40999999999998
2016-07-12 00:00:00,106.23000000000003
2016-07-13 00:00:00,106.50000000000001
2016-07-14 00:00:00,106.27999999999999
2016-07-15 00:00:00,105.86000000000004
2016-07-18 00:00:00,105.87000000000003
2016-07-19 00:00:00,106.11000000000004
2016-07-20 00:00:00,106.15
2016-07-21 00:00:00,106.08000000000001
2016-07-22 00:00:00,106.12000000000003
2016-07-25 00:00:00,106.29000000000003
2016-07-26 00:00:00,106.03
2016-07-27 00:00:00,106.52
2016-07-28 00:00:00,106.73000000000003
2016-07-29 00:00:00,107.13000000000001
2016-08-01 00:00:00,106.95
2016-08-02 00:00:00,106.46
2016-08-03 00:00:00,106.42000000000003
2016-08-04 00:00:00,107.35000000000004
2016-08-05 00:00:00,107.43000000000002
2016-08-08 00:00:00,107.52999999999999
2016-08-09 00:00:00,107.85000000000004
2016-08-10 00:00:00,108.19000000000003
2016-08-11 00:00:00,108.49000000000004
2016-08-12 00:00:00,108.50000000000003
2016-08-15 00:00:00,108.39000000000001
2016-08-16 00:00:00,107.63000000000001
2016-08-17 00:00:00,107.79000000000003
2016-08-18 00:00:00,108.22
2016-08-19 00:00:00,107.7
2016-08-22 00:00:00,107.89999999999999
2016-08-23 00:00:00,107.68000000000002
2016-08-24 00:00:00,107.71
2016-08-25 00:00:00,107.77999999999999
2016-08-26 00:00:00,108.09
2016-08-29 00:00:00,108.03
2016-08-30 00:00:00,108.11000000000004
2016-08-31 00:00:00,107.77
2016-09-01 00:00:00,107.21999999999998
2016-09-02 00:00:00,107.26
2016-09-05 00:00:00,107.56000000000002
2016-09-06 00:00:00,108.29000000000005
2016-09-07 00:00:00,108.50000000000003
2016-09-08 00:00:00,107.55000000000003
2016-09-09 00:00:00,106.38000000000001
2016-09-12 00:00:00,106.12000000000003
2016-09-13 00:00:00,106.04000000000005
2016-09-14 00:00:00,105.91000000000005
2016-09-15 00:00:00,105.43000000000004
2016-09-16 00:00:00,105.46000000000001
2016-09-19 00:00:00,105.66000000000005
2016-09-20 00:00:00,106.32000000000001
2016-09-21 00:00:00,105.98000000000005
2016-09-22 00:00:00,107.22000000000004
2016-09-23 00:00:00,106.93000000000002
2016-09-26 00:00:00,107.2
2016-09-27 00:00:00,106.89
2016-09-28 00:00:00,107.29000000000003
2016-09-29 00:00:00,106.88000000000001
2016-09-30 00:00:00,107.2
2016-10-03 00:00:00,106.7
2016-10-04 00:00:00,106.41000000000004
2016-10-05 00:00:00,105.23000000000005
2016-10-06 00:00:00,105.29000000000005
2016-10-07 00:00:00,105.03
2016-10-10 00:00:00,104.92000000000004
2016-10-11 00:00:00,105.01000000000002
2016-10-12 00:00:00,104.67000000000004
2016-10-13 00:00:00,105.09
2016-10-14 00:00:00,105.13000000000002
2016-10-17 00:00:00,104.85000000000005
2016-10-18 00:00:00,105.03
2016-10-19 00:00:00,105.08000000000001
2016-10-20 00:00:00,105.27000000000001
2016-10-21 00:00:00,105.30000000000004
2016-10-24 00:00:00,105.19000000000003
2016-10-25 00:00:00,105.23000000000005
2016-10-26 00:00:00,104.20000000000002
2016-10-27 00:00:00,103.37000000000003
2016-10-28 00:00:00,102.93000000000004
2016-10-31 00:00:00,102.67000000000004
2016-11-01 00:00:00,101.86000000000003
2016-11-02 00:00:00,102.78
2016-11-03 00:00:00,102.39000000000001
2016-11-04 00:00:00,101.92000000000003
2016-11-07 00:00:00,102.28
2016-11-08 00:00:00,102.26000000000002
2016-11-09 00:00:00,101.85000000000004
2016-11-10 00:00:00,100.05000000000003
2016-11-11 00:00:00,98.65000000000002
2016-11-14 00:00:00,97.91000000000004
2016-11-15 00:00:00,99.29000000000003
2016-11-16 00:00:00,98.57000000000004
2016-11-17 00:00:00,97.84000000000002
2016-11-18 00:00:00,97.99000000000002
2016-11-21 00:00:00,98.24000000000002
2016-11-22 00:00:00,98.59000000000002
2016-11-23 00:00:00,97.63000000000004
2016-11-24 00:00:00,97.87000000000002
2016-11-25 00:00:00,98.19000000000004
2016-11-28 00:00:00,98.49000000000002
2016-11-29 00:00:00,99.39000000000003
2016-11-30 00:00:00,99.44000000000004
2016-12-01 00:00:00,98.64000000000003
2016-12-02 00:00:00,99.89000000000003
2016-12-05 00:00:00,98.72000000000004
2016-12-06 00:00:00,99.04000000000003
2016-12-07 00:00:00,99.94000000000004
2016-12-08 00:00:00,98.66000000000004
2016-12-09 00:00:00,98.90000000000002
2016-12-12 00:00:00,99.23000000000003
2016-12-13 00:00:00,100.57000000000004
2016-12-14 00:00:00,101.54000000000003
2016-12-15 00:00:00,100.89000000000003
2016-12-16 00:00:00,100.45000000000003
2016-12-19 00:00:00,101.27000000000002
2016-12-20 00:00:00,101.14000000000003
2016-12-21 00:00:00,101.38000000000004
2016-12-22 00:00:00,100.99000000000002
2016-12-23 00:00:00,101.47000000000004
2016-12-27 00:00:00,101.25000000000004
2016-12-28 00:00:00,101.28000000000002
2016-12-29 00:00:00,101.74000000000002
2016-12-30 00:00:00,101.45000000000003
2017-01-02 00:00:00,102.4
2017-01-03 00:00:00,100.92000000000003
2017-01-04 00:00:00,100.90000000000002
2017-01-05 00:00:00,100.35000000000004
2017-01-06 00:00:00,100.25000000000004
2017-01-09 00:00:00,100.57000000000004
2017-01-10 00:00:00,100.62000000000002
2017-01-11 00:00:00,101.11000000000003
2017-01-12 00:00:00,100.96000000000002
2017-01-13 00:00:00,100.78000000000002
2017-01-16 00:00:00,100.56000000000002
2017-01-17 00:00:00,100.72000000000004
2017-01-18 00:00:00,100.30000000000003
2017-01-19 00:00:00,99.92000000000003
2017-01-20 00:00:00,99.53000000000002
2017-01-23 00:00:00,99.68000000000002
2017-01-24 00:00:00,99.59000000000002
2017-01-25 00:00:00,98.85000000000004
2017-01-26 00:00:00,97.48000000000003
2017-01-27 00:00:00,97.59000000000002
2017-01-30 00:00:00,96.80000000000003
2017-01-31 00:00:00,97.05000000000003
2017-02-01 00:00:00,96.58000000000003
2017-02-02 00:00:00,97.54000000000003
2017-02-03 00:00:00,97.20000000000003
2017-02-06 00:00:00,96.04000000000003
2017-02-07 00:00:00,96.39000000000003
2017-02-08 00:00:00,97.27000000000002
2017-02-09 00:00:00,97.96000000000002
2017-02-10 00:00:00,97.00000000000004
2017-02-13 00:00:00,97.47000000000004
2017-02-14 00:00:00,97.42000000000003
2017-02-15 00:00:00,97.09000000000002
2017-02-16 00:00:00,98.13000000000004
2017-02-17 00:00:00,97.82000000000004
2017-02-20 00:00:00,97.87000000000002
2017-02-21 00:00:00,97.38000000000004
2017-02-22 00:00:00,97.56000000000002
2017-02-23 00:00:00,97.45000000000003
2017-02-24 00:00:00,98.01000000000003
2017-02-27 00:00:00,98.46000000000002
2017-02-28 00:00:00,99.03000000000002
2017-03-01 00:00:00,98.60000000000004
2017-03-02 00:00:00,98.65000000000002
2017-03-03 00:00:00,98.78000000000002
2017-03-06 00:00:00,98.60000000000001
2017-03-07 00:00:00,98.25000000000001
2017-03-08 00:00:00,97.51
2017-03-09 00:00:00,97.31000000000002
2017-03-10 00:00:00,96.73
2017-03-13 00:00:00,96.51
2017-03-14 00:00:00,96.49000000000002
2017-03-15 00:00:00,97.26
2017-03-16 00:00:00,96.60000000000001
2017-03-17 00:00:00,96.47000000000001
2017-03-20 00:00:00,96.39000000000003
2017-03-21 00:00:00,96.96000000000002
2017-03-22 00:00:00,97.38000000000001
2017-03-23 00:00:00,97.52000000000002
2017-03-24 00:00:00,97.81000000000002
2017-03-27 00:00:00,98.16000000000001
2017-03-28 00:00:00,98.85000000000001
2017-03-29 00:00:00,99.06000000000002
2017-03-30 00:00:00,99.12000000000002
2017-03-31 00:00:00,98.97000000000001
2017-04-03 00:00:00,98.77000000000002
2017-04-04 00:00:00,99.43000000000002
2017-04-05 00:00:00,99.44000000000001
2017-04-06 00:00:00,99.54
2017-04-07 00:00:00,100.10000000000001
2017-04-10 00:00:00,99.79
2017-04-11 00:00:00,99.57000000000001
2017-04-12 00:00:00,99.37000000000002
2017-04-13 00:00:00,99.31000000000002
2017-04-18 00:00:00,99.56000000000002
2017-04-19 00:00:00,99.36000000000003
2017-04-20 00:00:00,99.44000000000001
2017-04-21 00:00:00,99.44000000000001
2017-04-24 00:00:00,100.43000000000002
2017-04-25 00:00:00,99.92
2017-04-26 00:00:00,99.47000000000001
2017-04-27 00:00:00,100.10000000000001
2017-04-28 00:00:00,99.99000000000002
2017-05-02 00:00:00,99.73
2017-05-03 00:00:00,100.10000000000001
2017-05-04 00:00:00,100.32000000000001
2017-05-05 00:00:00,101.04
2017-05-08 00:00:00,100.31000000000002
2017-05-09 00:00:00,99.97000000000001
2017-05-10 00:00:00,100.32000000000001
2017-05-11 00:00:00,99.99000000000002
2017-05-12 00:00:00,100.49000000000002
2017-05-15 00:00:00,100.30000000000003
2017-05-16 00:00:00,100.87000000000002
2017-05-17 00:00:00,101.45
2017-05-18 00:00:00,101.65000000000002
2017-05-19 00:00:00,101.90000000000002
2017-05-22 00:00:00,101.87000000000002
2017-05-23 00:00:00,102.04
2017-05-24 00:00:00,101.77000000000002
2017-05-25 00:00:00,102.08000000000003
2017-05-26 00:00:00,102.27000000000001
2017-05-29 00:00:00,101.52000000000002
2017-05-30 00:00:00,101.42
2017-05-31 00:00:00,101.42
2017-06-01 00:00:00,101.00000000000001
2017-06-02 00:00:00,100.85000000000001
2017-06-05 00:00:00,100.76
2017-06-06 00:00:00,100.98
2017-06-07 00:00:00,100.46000000000002
2017-06-08 00:00:00,101.92
2017-06-09 00:00:00,102.83000000000001
2017-06-12 00:00:00,103.91
2017-06-13 00:00:00,104.4
2017-06-14 00:00:00,104.81000000000003
2017-06-15 00:00:00,104.38000000000002
2017-06-16 00:00:00,104.22
2017-06-19 00:00:00,104.76000000000002
2017-06-20 00:00:00,105.28
2017-06-21 00:00:00,105.49000000000004
2017-06-22 00:00:00,105.69000000000003
2017-06-23 00:00:00,105.50000000000003
2017-06-26 00:00:00,105.60999999999999
2017-06-27 00:00:00,104.09
2017-06-28 00:00:00,104.06000000000003
2017-06-29 00:00:00,102.29999999999998
2017-06-30 00:00:00,102.27000000000001
2017-07-03 00:00:00,102.4
2017-07-04 00:00:00,102.77000000000001
2017-07-05 00:00:00,102.56000000000003
2017-07-06 00:00:00,100.73
2017-07-07 00:00:00,100.00000000000001
2017-07-10 00:00:00,100.8
2017-07-11 00:00:00,100.31000000000002
2017-07-12 00:00:00,101.32000000000001
2017-07-13 00:00:00,100.69000000000001
2017-07-14 00:00:00,100.92
2017-07-17 00:00:00,101.65000000000002
2017-07-18 00:00:00,102.09000000000002
2017-07-19 00:00:00,102.17
2017-07-20 00:00:00,102.99000000000004
2017-07-21 00:00:00,103.70000000000002
2017-07-24 00:00:00,104.02000000000001
2017-07-25 00:00:00,102.9
2017-07-26 00:00:00,103.02000000000001
2017-07-27 00:00:00,103.46000000000001
2017-07-28 00:00:00,103.00000000000003
2017-07-31 00:00:00,103.37000000000003
2017-08-01 00:00:00,104.28999999999999
2017-08-02 00:00:00,104.49000000000004
2017-08-03 00:00:00,104.9
2017-08-04 00:00:00,104.56000000000003
2017-08-07 00:00:00,104.84
2017-08-08 00:00:00,104.66999999999999
2017-08-09 00:00:00,104.70000000000002
2017-08-10 00:00:00,104.6
2017-08-11 00:00:00,104.45000000000002
2017-08-14 00:00:00,104.74000000000004
2017-08-15 00:00:00,104.32000000000002
2017-08-16 00:00:00,104.34
2017-08-17 00:00:00,104.56000000000003
2017-08-18 00:00:00,104.6
2017-08-21 00:00:00,104.53999999999999
2017-08-22 00:00:00,103.66999999999999
2017-08-23 00:00:00,103.45000000000002
2017-08-24 00:00:00,103.53
2017-08-25 00:00:00,103.65
2017-08-28 00:00:00,104.01000000000002
2017-08-29 00:00:00,104.10999999999999
2017-08-30 00:00:00,104.02000000000001
2017-08-31 00:00:00,104.47
2017-09-01 00:00:00,104.15
2017-09-04 00:00:00,104.59
2017-09-05 00:00:00,105.15
2017-09-06 00:00:00,104.87000000000003
2017-09-07 00:00:00,106.31000000000002
2017-09-08 00:00:00,105.63000000000002
2017-09-11 00:00:00,105.59
2017-09-12 00:00:00,104.97
2017-09-13 00:00:00,104.57000000000002
2017-09-14 00:00:00,104.4
2017-09-15 00:00:00,104.19000000000003
2017-09-18 00:00:00,104.20000000000002
2017-09-19 00:00:00,104.43000000000004
2017-09-20 00:00:00,104.28999999999999
2017-09-21 00:00:00,104.01000000000002
2017-09-22 00:00:00,103.91
2017-09-25 00:00:00,104.05000000000004
2017-09-26 00:00:00,103.80000000000004
2017-09-27 00:00:00,103.41999999999999
2017-09-28 00:00:00,103.9
2017-09-29 00:00:00,103.9
2017-10-02 00:00:00,103.60999999999999
2017-10-03 00:00:00,103.38000000000002
2017-10-04 00:00:00,103.12000000000003
2017-10-05 00:00:00,103.77000000000001
2017-10-06 00:00:00,103.63000000000002
2017-10-09 00:00:00,104.05000000000004
2017-10-10 00:00:00,103.82000000000002
2017-10-11 00:00:00,104.14000000000001
2017-10-12 00:00:00,104.75000000000003
2017-10-13 00:00:00,105.49000000000004
2017-10-16 00:00:00,105.75000000000003
2017-10-17 00:00:00,106.16999999999997
2017-10-18 00:00:00,105.66
2017-10-19 00:00:00,105.97
2017-10-20 00:00:00,105.64000000000001
2017-10-23 00:00:00,106.12000000000003
2017-10-24 00:00:00,105.58000000000001
2017-10-25 00:00:00,105.82000000000002
2017-10-26 00:00:00,106.56000000000002
2017-10-27 00:00:00,106.96999999999998
2017-10-30 00:00:00,108.27000000000001
2017-10-31 00:00:00,108.53
2017-11-01 00:00:00,108.77000000000001
2017-11-02 00:00:00,108.78
2017-11-03 00:00:00,108.87000000000003
2017-11-06 00:00:00,108.97999999999999
2017-11-07 00:00:00,109.96000000000001
2017-11-08 00:00:00,109.6
2017-11-09 00:00:00,108.50000000000003
2017-11-10 00:00:00,108.22
2017-11-13 00:00:00,108.35999999999999
2017-11-14 00:00:00,108.55000000000004
2017-11-15 00:00:00,108.53999999999999
2017-11-16 00:00:00,108.38000000000002
2017-11-17 00:00:00,108.41999999999999
2017-11-20 00:00:00,108.72999999999999
2017-11-21 00:00:00,109.18000000000004
2017-11-22 00:00:00,109.37000000000003
2017-11-23 00:00:00,109.33000000000001
2017-11-24 00:00:00,108.85999999999999
2017-11-27 00:00:00,109.33000000000001
2017-11-28 00:00:00,109.41
2017-11-29 00:00:00,109.16999999999999
2017-11-30 00:00:00,109.81000000000003
2017-12-01 00:00:00,110.39000000000001
2017-12-04 00:00:00,110.22999999999999
2017-12-05 00:00:00,110.31000000000003
2017-12-06 00:00:00,110.17999999999998
2017-12-07 00:00:00,110.71000000000001
2017-12-08 00:00:00,111.21000000000001
2017-12-11 00:00:00,111.06000000000003
2017-12-12 00:00:00,110.47999999999999
2017-12-13 00:00:00,109.46000000000001
2017-12-14 00:00:00,109.34
2017-12-15 00:00:00,109.11999999999998
2017-12-18 00:00:00,109.23999999999998
2017-12-19 00:00:00,108.14000000000001
2017-12-20 00:00:00,107.45
2017-12-21 00:00:00,107.84999999999998
2017-12-22 00:00:00,108.01000000000002
2017-12-27 00:00:00,108.03999999999999
2017-12-28 00:00:00,107.64999999999999
2017-12-29 00:00:00,106.86999999999996
2018-01-02 00:00:00,105.65
2018-01-03 00:00:00,106.06000000000003
2018-01-04 00:00:00,106.61999999999996
2018-01-05 00:00:00,106.90999999999998
2018-01-08 00:00:00,107.07000000000001
2018-01-09 00:00:00,106.42999999999996
2018-01-10 00:00:00,106.27
2018-01-11 00:00:00,106.15999999999998
2018-01-12 00:00:00,107.04999999999997
2018-01-15 00:00:00,106.85999999999997
2018-01-16 00:00:00,107.33999999999999
2018-01-17 00:00:00,106.97999999999998
2018-01-18 00:00:00,107.09999999999998
2018-01-19 00:00:00,107.46999999999998
2018-01-22 00:00:00,107.89
2018-01-23 00:00:00,108.27000000000001
2018-01-24 00:00:00,108.03
2018-01-25 00:00:00,107.34999999999998
2018-01-26 00:00:00,107.02999999999999
2018-01-29 00:00:00,106.58
2018-01-30 00:00:00,106.64
2018-01-31 00:00:00,106.71
2018-02-01 00:00:00,107.50000000000001
2018-02-02 00:00:00,106.56000000000002
2018-02-05 00:00:00,106.46999999999998
2018-02-06 00:00:00,107.02
2018-02-07 00:00:00,107.63000000000001
2018-02-08 00:00:00,106.83999999999999
2018-02-09 00:00:00,106.38000000000001
2018-02-12 00:00:00,106.64999999999999
2018-02-13 00:00:00,106.16999999999997
2018-02-14 00:00:00,106.45
2018-02-15 00:00:00,106.56000000000002
2018-02-16 00:00:00,107.39
2018-02-19 00:00:00,106.65999999999998
2018-02-20 00:00:00,106.52
2018-02-21 00:00:00,106.66999999999997
2018-02-22 00:00:00,106.39
2018-02-23 00:00:00,106.59999999999998
2018-02-26 00:00:00,107.10999999999997
2018-02-27 00:00:00,107.38000000000001
2018-02-28 00:00:00,107.58
2018-03-01 00:00:00,108.00000000000003
2018-03-02 00:00:00,107.95
2018-03-05 00:00:00,107.21
2018-03-06 00:00:00,107.32000000000001
2018-03-07 00:00:00,107.82000000000001
2018-03-08 00:00:00,108.72
2018-03-09 00:00:00,108.43999999999997
2018-03-12 00:00:00,108.45000000000002
2018-03-13 00:00:00,108.55999999999997
2018-03-14 00:00:00,108.35999999999999
2018-03-15 00:00:00,108.72999999999999
2018-03-16 00:00:00,108.78
2018-03-19 00:00:00,108.91999999999999
2018-03-20 00:00:00,109.64000000000001
2018-03-21 00:00:00,109.29999999999998
2018-03-22 00:00:00,109.98999999999998
2018-03-23 00:00:00,110.09
2018-03-26 00:00:00,109.57000000000002
2018-03-27 00:00:00,110.15
2018-03-28 00:00:00,110.51000000000002
2018-03-29 00:00:00,111.24999999999997
2018-04-03 00:00:00,111.16
2018-04-04 00:00:00,111.70000000000002
2018-04-05 00:00:00,111.35999999999999
2018-04-06 00:00:00,111.28
2018-04-09 00:00:00,111.47999999999999
2018-04-10 00:00:00,111.12999999999997
2018-04-11 00:00:00,111.30999999999997
2018-04-12 00:00:00,111.01000000000002
2018-04-13 00:00:00,111.22
2018-04-16 00:00:00,111.16999999999999
2018-04-17 00:00:00,111.64000000000001
2018-04-18 00:00:00,112.04999999999998
2018-04-19 00:00:00,111.42999999999998
2018-04-20 00:00:00,111.39000000000001
2018-04-23 00:00:00,111.30999999999997
2018-04-24 00:00:00,111.53
2018-04-25 00:00:00,111.47999999999999
2018-04-26 00:00:00,111.9
2018-04-27 00:00:00,112.01000000000002
2018-04-30 00:00:00,111.47
2018-05-02 00:00:00,111.51000000000002
2018-05-03 00:00:00,112.01000000000002
2018-05-04 00:00:00,111.35
2018-05-07 00:00:00,111.84
2018-05-08 00:00:00,110.45000000000002
2018-05-09 00:00:00,110.36999999999998
2018-05-10 00:00:00,109.76000000000002
2018-05-11 00:00:00,110.29999999999998
2018-05-14 00:00:00,109.93999999999997
2018-05-15 00:00:00,109.6
2018-05-16 00:00:00,107.58999999999999
2018-05-17 00:00:00,107.33999999999999
2018-05-18 00:00:00,106.32000000000001
2018-05-21 00:00:00,104.53
2018-05-22 00:00:00,105.1
2018-05-23 00:00:00,104.12999999999997
2018-05-24 00:00:00,104.47999999999999
2018-05-25 00:00:00,103.87999999999997
2018-05-28 00:00:00,101.55999999999999
2018-05-29 00:00:00,96.5
2018-05-30 00:00:00,97.3
2018-05-31 00:00:00,98.66999999999999
2018-06-01 00:00:00,100.25999999999999
2018-06-04 00:00:00,102.35
2018-06-05 00:00:00,100.49
2018-06-06 00:00:00,98.58999999999999
2018-06-07 00:00:00,98.07
2018-06-08 00:00:00,96.50999999999999
2018-06-11 00:00:00,99.24999999999999
2018-06-12 00:00:00,98.91999999999999
2018-06-13 00:00:00,99.46999999999998
2018-06-14 00:00:00,100.25999999999999
2018-06-15 00:00:00,102.00999999999999
2018-06-18 00:00:00,102.5
2018-06-19 00:00:00,102.47999999999999
2018-06-20 00:00:00,102.60999999999999
2018-06-21 00:00:00,100.71
2018-06-22 00:00:00,101.14999999999999
2018-06-25 00:00:00,99.91999999999999
2018-06-26 00:00:00,99.00999999999999
2018-06-27 00:00:00,99.96
2018-06-28 00:00:00,100.35999999999999
2018-06-29 00:00:00,101.46999999999998
2018-07-02 00:00:00,101.93999999999998
2018-07-03 00:00:00,101.91999999999999
2018-07-04 00:00:00,102.13
2018-07-05 00:00:00,101.49
2018-07-06 00:00:00,101.38
2018-07-09 00:00:00,101.88
2018-07-10 00:00:00,101.80999999999999
2018-07-11 00:00:00,101.74999999999999
2018-07-12 00:00:00,102.07999999999998
2018-07-13 00:00:00,102.97
2018-07-16 00:00:00,102.75
2018-07-17 00:00:00,104.01999999999998
2018-07-18 00:00:00,103.56
2018-07-19 00:00:00,103.75999999999999
2018-07-20 00:00:00,102.91999999999999
2018-07-23 00:00:00,102.25
2018-07-24 00:00:00,102.13999999999999
2018-07-25 00:00:00,102.10999999999999
2018-07-26 00:00:00,101.78999999999999
2018-07-27 00:00:00,101.41999999999999
2018-07-30 00:00:00,100.92999999999999
2018-07-31 00:00:00,101.52999999999999
2018-08-01 00:00:00,100.96999999999998
2018-08-02 00:00:00,99.69999999999999
2018-08-03 00:00:00,99.22999999999999
2018-08-06 00:00:00,99.61999999999999
2018-08-07 00:00:00,99.82
2018-08-08 00:00:00,99.94999999999999
2018-08-09 00:00:00,99.77
2018-08-10 00:00:00,98.71
2018-08-13 00:00:00,97.71
2018-08-14 00:00:00,98.07999999999998
2018-08-15 00:00:00,96.69999999999999
2018-08-16 00:00:00,97.39999999999999
2018-08-17 00:00:00,97.27
2018-08-20 00:00:00,98.03999999999999
2018-08-21 00:00:00,99.00999999999999
2018-08-22 00:00:00,98.30999999999999
2018-08-23 00:00:00,97.92999999999999
2018-08-24 00:00:00,97.61999999999999
2018-08-27 00:00:00,97.36999999999999
2018-08-28 00:00:00,97.21
2018-08-29 00:00:00,97.85
2018-08-30 00:00:00,97.14999999999999
2018-08-31 00:00:00,96.88999999999999
2018-09-03 00:00:00,97.44999999999999
2018-09-04 00:00:00,98.87999999999998
2018-09-05 00:00:00,99.86999999999999
2018-09-06 00:00:00,100.25999999999999
2018-09-07 00:00:00,100.43999999999998
2018-09-10 00:00:00,101.78999999999999
2018-09-11 00:00:00,101.56999999999998
2018-09-12 00:00:00,101.34999999999998
2018-09-13 00:00:00,101.53999999999999
2018-09-14 00:00:00,101.30999999999999
2018-09-17 00:00:00,102.56999999999998
2018-09-18 00:00:00,103.42999999999998
2018-09-19 00:00:00,102.74999999999999
2018-09-20 00:00:00,102.65999999999998
2018-09-21 00:00:00,103.23999999999998
2018-09-24 00:00:00,102.01999999999998
2018-09-25 00:00:00,102.62999999999998
2018-09-26 00:00:00,103.12999999999998
2018-09-27 00:00:00,102.58999999999999
2018-09-28 00:00:00,99.94999999999999
2018-10-01 00:00:00,98.82999999999998
2018-10-02 00:00:00,97.12999999999998
2018-10-03 00:00:00,98.17999999999998
2018-10-04 00:00:00,98.27999999999999
2018-10-05 00:00:00,97.21999999999998
2018-10-08 00:00:00,95.87999999999998
2018-10-09 00:00:00,96.07999999999998
2018-10-10 00:00:00,96.41999999999999
2018-10-11 00:00:00,95.89999999999999
2018-10-12 00:00:00,95.99999999999999
2018-10-15 00:00:00,96.10999999999999
2018-10-16 00:00:00,97.10999999999999
2018-10-17 00:00:00,96.40999999999998
2018-10-18 00:00:00,95.25999999999999
2018-10-19 00:00:00,96.29999999999998
2018-10-22 00:00:00,96.93999999999998
2018-10-23 00:00:00,96.23999999999998
2018-10-24 00:00:00,95.77999999999999
2018-10-25 00:00:00,96.96999999999998
2018-10-26 00:00:00,97.42999999999998
2018-10-29 00:00:00,98.83999999999999
2018-10-30 00:00:00,97.32999999999998
2018-10-31 00:00:00,97.74999999999999
2018-11-01 00:00:00,98.20999999999998
2018-11-02 00:00:00,98.80999999999999
2018-11-05 00:00:00,98.94999999999999
2018-11-06 00:00:00,97.96999999999998
2018-11-07 00:00:00,98.67999999999998
2018-11-08 00:00:00,98.15999999999998
2018-11-09 00:00:00,98.15999999999998
2018-11-12 00:00:00,97.71999999999998
2018-11-13 00:00:00,97.82999999999998
2018-11-14 00:00:00,97.29999999999998
2018-11-15 00:00:00,97.44999999999999
2018-11-16 00:00:00,97.45999999999998
2018-11-19 00:00:00,96.62999999999998
2018-11-20 00:00:00,96.41999999999999
2018-11-21 00:00:00,97.55999999999999
2018-11-22 00:00:00,98.20999999999998
2018-11-23 00:00:00,98.44999999999999
2018-11-26 00:00:00,99.89999999999999
2018-11-27 00:00:00,99.73999999999998
2018-11-28 00:00:00,100.03999999999999
2018-11-29 00:00:00,100.78999999999999
2018-11-30 00:00:00,100.66999999999999
2018-12-03 00:00:00,101.51999999999998
2018-12-04 00:00:00,101.30999999999999
2018-12-05 00:00:00,102.16999999999999
2018-12-06 00:00:00,101.01999999999998
2018-12-07 00:00:00,101.58999999999999
2018-12-10 00:00:00,101.97999999999998
2018-12-11 00:00:00,101.82999999999998
2018-12-12 00:00:00,103.07999999999998
2018-12-13 00:00:00,103.50999999999998
2018-12-14 00:00:00,103.64999999999998
2018-12-17 00:00:00,103.50999999999998
2018-12-18 00:00:00,103.57999999999998
2018-12-19 00:00:00,105.15999999999998
2018-12-20 00:00:00,105.87999999999998
2018-12-21 00:00:00,105.13999999999999
2018-12-27 00:00:00,105.91999999999999
2018-12-28 00:00:00,105.97999999999998
2019-01-02 00:00:00,106.46
2019-01-03 00:00:00,104.63999999999999
2019-01-04 00:00:00,104.55999999999999
2019-01-07 00:00:00,104.42999999999998
2019-01-08 00:00:00,103.88999999999999
2019-01-09 00:00:00,104.44999999999999
2019-01-10 00:00:00,104.45999999999998
2019-01-11 00:00:00,104.87999999999998
2019-01-14 00:00:00,105.05999999999999
2019-01-15 00:00:00,104.80999999999999
2019-01-16 00:00:00,105.89999999999998
2019-01-17 00:00:00,105.69999999999999
2019-01-18 00:00:00,106.14999999999998
2019-01-21 00:00:00,105.87999999999998
2019-01-22 00:00:00,106.06999999999998
2019-01-23 00:00:00,106.01999999999998
2019-01-24 00:00:00,106.88999999999997
2019-01-25 00:00:00,107.14999999999999
2019-01-28 00:00:00,106.86999999999999
2019-01-29 00:00:00,107.32999999999997
2019-01-30 00:00:00,107.56999999999998
2019-01-31 00:00:00,107.72999999999998
2019-02-01 00:00:00,106.24999999999999
2019-02-04 00:00:00,106.04999999999998
2019-02-05 00:00:00,105.59999999999998
2019-02-06 00:00:00,105.25999999999998
2019-02-07 00:00:00,104.20999999999998
2019-02-08 00:00:00,103.91999999999999
2019-02-11 00:00:00,104.72999999999998
2019-02-12 00:00:00,105.27999999999999
2019-02-13 00:00:00,105.78999999999998
2019-02-14 00:00:00,105.87999999999998
2019-02-15 00:00:00,105.73999999999998
2019-02-18 00:00:00,106.14999999999998
2019-02-19 00:00:00,106.04999999999998
2019-02-20 00:00:00,105.43999999999998
2019-02-21 00:00:00,105.69999999999999
2019-02-22 00:00:00,105.54999999999998
2019-02-25 00:00:00,106.49999999999999
2019-02-26 00:00:00,106.97999999999998
2019-02-27 00:00:00,106.05999999999999
2019-02-28 00:00:00,106.39999999999999
2019-03-01 00:00:00,106.52
2019-03-04 00:00:00,106.56
2019-03-05 00:00:00,106.91
2019-03-06 00:00:00,107.86
2019-03-07 00:00:00,109.19999999999999
2019-03-08 00:00:00,109.16999999999999
2019-03-11 00:00:00,108.59
2019-03-12 00:00:00,108.77000000000001
2019-03-13 00:00:00,108.47
2019-03-14 00:00:00,109.19999999999999
2019-03-15 00:00:00,109.1
2019-03-18 00:00:00,109.91999999999999
2019-03-19 00:00:00,109.31
2019-03-20 00:00:00,109.16
2019-03-21 00:00:00,109.78
2019-03-22 00:00:00,109.69
2019-03-25 00:00:00,109.31
2019-03-26 00:00:00,109.53999999999999
2019-03-27 00:00:00,109.85999999999999
2019-03-28 00:00:00,109.57
2019-03-29 00:00:00,109.44
2019-04-01 00:00:00,109.24000000000001
2019-04-02 00:00:00,109.06
2019-04-03 00:00:00,108.85999999999999
2019-04-04 00:00:00,109.32
2019-04-05 00:00:00,109.63999999999999
2019-04-08 00:00:00,109.53999999999999
2019-04-09 00:00:00,110.13
2019-04-10 00:00:00,110.35
2019-04-11 00:00:00,110.83000000000001
2019-04-12 00:00:00,110.57
2019-04-15 00:00:00,110.24000000000001
2019-04-16 00:00:00,109.93
2019-04-17 00:00:00,109.80000000000001
2019-04-18 00:00:00,110.12
2019-04-23 00:00:00,109.13
2019-04-24 00:00:00,109.81
2019-04-25 00:00:00,109.16999999999999
2019-04-26 00:00:00,110.28
2019-04-29 00:00:00,110.33000000000001
2019-04-30 00:00:00,110.43
2019-05-02 00:00:00,110.69
2019-05-03 00:00:00,110.66
2019-05-06 00:00:00,110.44
2019-05-07 00:00:00,110.35
2019-05-08 00:00:00,110.13999999999999
2019-05-09 00:00:00,109.59
2019-05-10 00:00:00,109.46000000000001
2019-05-13 00:00:00,109.34
2019-05-14 00:00:00,109.09
2019-05-15 00:00:00,109.07
2019-05-16 00:00:00,109.60999999999999
2019-05-17 00:00:00,109.74000000000001
2019-05-20 00:00:00,109.49000000000001
2019-05-21 00:00:00,110.0
2019-05-22 00:00:00,110.10999999999999
2019-05-23 00:00:00,110.05000000000001
2019-05-24 00:00:00,111.06
2019-05-27 00:00:00,109.91999999999999
2019-05-28 00:00:00,109.62
2019-05-29 00:00:00,110.21000000000001
2019-05-30 00:00:00,110.13
2019-05-31 00:00:00,110.05000000000001
2019-06-03 00:00:00,110.9
2019-06-04 00:00:00,111.38000000000002
2019-06-05 00:00:00,111.57000000000002
2019-06-06 00:00:00,111.65
2019-06-07 00:00:00,113.0
2019-06-10 00:00:00,113.07000000000002
2019-06-11 00:00:00,113.56
2019-06-12 00:00:00,112.63000000000002
2019-06-13 00:00:00,113.11000000000001
2019-06-14 00:00:00,113.66000000000003
2019-06-17 00:00:00,113.95000000000002
2019-06-18 00:00:00,116.01
2019-06-19 00:00:00,115.77
2019-06-20 00:00:00,115.60000000000004
2019-06-21 00:00:00,115.23000000000002
2019-06-24 00:00:00,115.31
2019-06-25 00:00:00,115.32000000000002
2019-06-26 00:00:00,115.45
2019-06-27 00:00:00,115.56000000000002
2019-06-28 00:00:00,116.10000000000004
2019-07-01 00:00:00,117.68000000000002
2019-07-02 00:00:00,118.31000000000002
2019-07-03 00:00:00,120.67000000000003
2019-07-04 00:00:00,120.46999999999998
2019-07-05 00:00:00,119.52999999999999
2019-07-08 00:00:00,119.46
2019-07-09 00:00:00,119.52
2019-07-10 00:00:00,119.58
2019-07-11 00:00:00,119.71
2019-07-12 00:00:00,119.50000000000001
2019-07-15 00:00:00,120.45
2019-07-16 00:00:00,120.79000000000003
2019-07-17 00:00:00,120.94000000000003
2019-07-18 00:00:00,121.33000000000001
2019-07-19 00:00:00,120.86000000000003
2019-07-22 00:00:00,120.21999999999998
2019-07-23 00:00:00,120.92000000000004
2019-07-24 00:00:00,122.03
2019-07-25 00:00:00,121.78
2019-07-26 00:00:00,121.25000000000003
2019-07-29 00:00:00,121.25000000000003
2019-07-30 00:00:00,121.14000000000001
2019-07-31 00:00:00,121.61000000000004
2019-08-01 00:00:00,121.45000000000002
2019-08-02 00:00:00,121.62000000000003
2019-08-05 00:00:00,121.46000000000001
2019-08-06 00:00:00,121.99000000000004
2019-08-07 00:00:00,123.27999999999997
2019-08-08 00:00:00,121.81000000000003
2019-08-09 00:00:00,118.83999999999999
2019-08-12 00:00:00,119.77999999999999
2019-08-13 00:00:00,121.06000000000003
2019-08-14 00:00:00,121.95000000000002
2019-08-15 00:00:00,124.12
2019-08-16 00:00:00,123.20999999999998
2019-08-19 00:00:00,122.95999999999998
2019-08-20 00:00:00,124.10000000000002
2019-08-21 00:00:00,124.19
2019-08-22 00:00:00,124.25
2019-08-23 00:00:00,124.44000000000001
2019-08-26 00:00:00,124.33999999999999
2019-08-27 00:00:00,126.29000000000006
2019-08-28 00:00:00,127.33000000000001
2019-08-29 00:00:00,127.74000000000004
2019-08-30 00:00:00,127.11000000000004
2019-09-02 00:00:00,127.51000000000002
2019-09-03 00:00:00,128.51999999999998
2019-09-04 00:00:00,129.08999999999997
2019-09-05 00:00:00,127.89999999999999
2019-09-06 00:00:00,128.60000000000002
2019-09-09 00:00:00,127.63000000000002
2019-09-10 00:00:00,126.89000000000001
2019-09-11 00:00:00,127.62000000000003
2019-09-12 00:00:00,129.12
2019-09-13 00:00:00,128.57999999999998
2019-09-16 00:00:00,129.0
2019-09-17 00:00:00,128.16000000000003
2019-09-18 00:00:00,128.64999999999998
2019-09-19 00:00:00,128.51999999999998
2019-09-20 00:00:00,128.20999999999998
2019-09-23 00:00:00,129.18
2019-09-24 00:00:00,129.24
2019-09-25 00:00:00,129.2
2019-09-26 00:00:00,129.26999999999998
2019-09-27 00:00:00,129.21999999999997
2019-09-30 00:00:00,129.39
2019-10-01 00:00:00,129.06
2019-10-02 00:00:00,128.45
2019-10-03 00:00:00,129.23000000000002
2019-10-04 00:00:00,129.17000000000002
2019-10-07 00:00:00,128.92000000000002
2019-10-08 00:00:00,128.98000000000002
2019-10-09 00:00:00,128.74
2019-10-10 00:00:00,127.75000000000003
2019-10-11 00:00:00,127.93000000000002
2019-10-14 00:00:00,128.26
2019-10-15 00:00:00,127.92000000000003
2019-10-16 00:00:00,128.20999999999998
2019-10-17 00:00:00,128.46999999999997
2019-10-18 00:00:00,128.2
2019-10-21 00:00:00,127.52000000000001
2019-10-22 00:00:00,128.26999999999998
2019-10-23 00:00:00,127.98000000000003
2019-10-24 00:00:00,128.33999999999997
2019-10-25 00:00:00,127.89
2019-10-28 00:00:00,127.26000000000002
2019-10-29 00:00:00,127.44000000000003
2019-10-30 00:00:00,127.27000000000001
2019-10-31 00:00:00,128.01999999999998
2019-11-01 00:00:00,127.35000000000005
2019-11-04 00:00:00,127.36000000000004
2019-11-05 00:00:00,127.13000000000002
2019-11-06 00:00:00,127.02000000000001
2019-11-07 00:00:00,125.91000000000007
2019-11-08 00:00:00,125.39000000000001
2019-11-11 00:00:00,124.66000000000004
2019-11-12 00:00:00,125.12000000000002
2019-11-13 00:00:00,124.96
2019-11-14 00:00:00,124.32000000000001
2019-11-15 00:00:00,125.05000000000003
2019-11-18 00:00:00,125.33000000000001
2019-11-19 00:00:00,124.98000000000003
2019-11-20 00:00:00,125.4
2019-11-21 00:00:00,125.68000000000005
2019-11-22 00:00:00,125.52000000000001
2019-11-25 00:00:00,125.78000000000002
2019-11-26 00:00:00,125.55000000000004
2019-11-27 00:00:00,124.87000000000002
2019-11-28 00:00:00,124.79000000000003
2019-11-29 00:00:00,124.83999999999999
2019-12-02 00:00:00,123.62
2019-12-03 00:00:00,124.19999999999999
2019-12-04 00:00:00,124.42000000000003
2019-12-05 00:00:00,123.35000000000002
2019-12-06 00:00:00,123.68
2019-12-09 00:00:00,124.47000000000004
2019-12-10 00:00:00,124.76
2019-12-11 00:00:00,125.17000000000003
2019-12-12 00:00:00,124.83999999999999
2019-12-13 00:00:00,125.74000000000005
2019-12-16 00:00:00,125.49000000000004
2019-12-17 00:00:00,125.75000000000004
2019-12-18 00:00:00,124.99000000000002
2019-12-19 00:00:00,124.27999999999999
2019-12-20 00:00:00,124.06
2019-12-23 00:00:00,123.89999999999998
2019-12-27 00:00:00,124.51
2019-12-30 00:00:00,124.10000000000002
2020-01-02 00:00:00,124.02999999999997
2020-01-03 00:00:00,124.92000000000003
2020-01-06 00:00:00,124.88000000000001
2020-01-07 00:00:00,124.42000000000003
2020-01-08 00:00:00,124.29000000000003
2020-01-09 00:00:00,124.58999999999999
2020-01-10 00:00:00,125.08
2020-01-13 00:00:00,124.37000000000002
2020-01-14 00:00:00,124.42000000000003
2020-01-15 00:00:00,124.43000000000002
2020-01-16 00:00:00,123.82999999999998
2020-01-17 00:00:00,124.47000000000004
2020-01-20 00:00:00,124.7
2020-01-21 00:00:00,124.72000000000004
2020-01-22 00:00:00,124.71
2020-01-23 00:00:00,125.91000000000007
2020-01-24 00:00:00,126.11000000000006
2020-01-27 00:00:00,128.44
2020-01-28 00:00:00,128.60000000000002
2020-01-29 00:00:00,129.26999999999998
2020-01-30 00:00:00,129.61
2020-01-31 00:00:00,129.67000000000002
2020-02-03 00:00:00,129.32999999999998
2020-02-04 00:00:00,129.42000000000002
2020-02-05 00:00:00,129.2
2020-02-06 00:00:00,129.22000000000003
2020-02-07 00:00:00,129.51
2020-02-10 00:00:00,129.45999999999998
2020-02-11 00:00:00,129.14
2020-02-12 00:00:00,129.76999999999998
2020-02-13 00:00:00,130.07
2020-02-14 00:00:00,129.74
2020-02-17 00:00:00,129.92000000000002
2020-02-18 00:00:00,129.49
2020-02-19 00:00:00,129.5
2020-02-20 00:00:00,129.68
2020-02-21 00:00:00,129.89
2020-02-24 00:00:00,129.16000000000003
2020-02-25 00:00:00,129.04000000000002
2020-02-26 00:00:00,129.01
2020-02-27 00:00:00,128.17000000000002
2020-02-28 00:00:00,127.4
2020-03-02 00:00:00,126.85000000000005
2020-03-03 00:00:00,128.97000000000003
2020-03-04 00:00:00,128.88
2020-03-05 00:00:00,128.10000000000002
2020-03-06 00:00:00,127.89000000000006
2020-03-09 00:00:00,123.80000000000001
2020-03-10 00:00:00,123.81
2020-03-11 00:00:00,126.13000000000004
2020-03-12 00:00:00,119.56000000000002
2020-03-13 00:00:00,118.39000000000006
2020-03-16 00:00:00,114.09000000000003
2020-03-17 00:00:00,111.94000000000003
2020-03-18 00:00:00,113.07000000000005
2020-03-19 00:00:00,118.53000000000004
2020-03-20 00:00:00,120.90000000000005
2020-03-23 00:00:00,121.01000000000008
2020-03-24 00:00:00,121.76000000000008
2020-03-25 00:00:00,121.92000000000004
2020-03-26 00:00:00,126.02000000000008
2020-03-27 00:00:00,124.99000000000002
2020-03-30 00:00:00,123.45000000000005
2020-03-31 00:00:00,122.62000000000002
2020-04-01 00:00:00,122.64000000000006
2020-04-02 00:00:00,123.28000000000003
2020-04-03 00:00:00,122.52000000000005
2020-04-06 00:00:00,122.90000000000003
2020-04-07 00:00:00,121.68000000000004
2020-04-08 00:00:00,121.09000000000006
2020-04-09 00:00:00,121.69000000000003
2020-04-14 00:00:00,119.60000000000004
2020-04-15 00:00:00,118.09000000000005
2020-04-16 00:00:00,118.66000000000004
2020-04-17 00:00:00,119.17000000000003
2020-04-20 00:00:00,117.40000000000005
2020-04-21 00:00:00,115.05000000000004
2020-04-22 00:00:00,115.95000000000006
2020-04-23 00:00:00,117.09000000000005
2020-04-24 00:00:00,118.13000000000001
2020-04-27 00:00:00,119.72000000000004
2020-04-28 00:00:00,120.13000000000001
2020-04-29 00:00:00,119.92000000000003
2020-04-30 00:00:00,119.81000000000002
2020-05-04 00:00:00,120.00000000000001
2020-05-05 00:00:00,118.48000000000003
2020-05-06 00:00:00,117.41000000000004
2020-05-07 00:00:00,118.24000000000002
2020-05-08 00:00:00,119.51000000000006
2020-05-11 00:00:00,118.55000000000003
2020-05-12 00:00:00,118.56000000000002
2020-05-13 00:00:00,119.57000000000006
2020-05-14 00:00:00,119.35000000000004
2020-05-15 00:00:00,118.98000000000003
2020-05-18 00:00:00,120.06000000000002
2020-05-19 00:00:00,121.41000000000005
2020-05-20 00:00:00,121.46000000000006
2020-05-21 00:00:00,121.69000000000003
2020-05-22 00:00:00,122.03000000000006
2020-05-25 00:00:00,122.20000000000007
2020-05-26 00:00:00,122.66000000000004
2020-05-27 00:00:00,123.39000000000004
2020-05-28 00:00:00,124.01000000000005
2020-05-29 00:00:00,123.37
2020-06-01 00:00:00,124.0
2020-06-02 00:00:00,123.23000000000002
2020-06-03 00:00:00,122.85000000000004
2020-06-04 00:00:00,124.46000000000005
2020-06-05 00:00:00,124.41000000000004
2020-06-08 00:00:00,124.66000000000004
2020-06-09 00:00:00,124.06
2020-06-10 00:00:00,123.38
2020-06-11 00:00:00,124.27000000000005
2020-06-12 00:00:00,124.73000000000003
2020-06-15 00:00:00,124.88000000000001
2020-06-16 00:00:00,125.24000000000004
2020-06-17 00:00:00,125.25000000000003
2020-06-18 00:00:00,125.61000000000004
2020-06-19 00:00:00,125.81000000000004
2020-06-22 00:00:00,126.62000000000003
2020-06-23 00:00:00,126.87000000000003
2020-06-24 00:00:00,126.87000000000003
2020-06-25 00:00:00,126.36000000000006
2020-06-26 00:00:00,126.60000000000005
2020-06-29 00:00:00,126.48000000000006
2020-06-30 00:00:00,127.03000000000006
2020-07-01 00:00:00,126.65000000000006
2020-07-02 00:00:00,127.43000000000004
2020-07-03 00:00:00,126.87000000000003
2020-07-06 00:00:00,127.18000000000004
2020-07-07 00:00:00,127.38000000000002
2020-07-08 00:00:00,127.53000000000006
2020-07-09 00:00:00,127.51000000000008
2020-07-10 00:00:00,127.27000000000007
2020-07-13 00:00:00,127.11000000000004
2020-07-14 00:00:00,127.55000000000004
2020-07-15 00:00:00,127.54000000000005
2020-07-16 00:00:00,127.91000000000004
2020-07-17 00:00:00,127.91000000000004
2020-07-20 00:00:00,128.99
2020-07-21 00:00:00,129.06
2020-07-22 00:00:00,129.67000000000002
2020-07-23 00:00:00,130.31
2020-07-24 00:00:00,130.04000000000002
2020-07-27 00:00:00,130.33000000000004
2020-07-28 00:00:00,130.02000000000004
2020-07-29 00:00:00,130.17000000000002
2020-07-30 00:00:00,130.53000000000003
2020-07-31 00:00:00,130.14000000000004
2020-08-03 00:00:00,130.10000000000002
2020-08-04 00:00:00,130.76000000000005
2020-08-05 00:00:00,130.51000000000005
2020-08-06 00:00:00,131.04000000000002
2020-08-07 00:00:00,131.17000000000002
2020-08-10 00:00:00,131.09000000000003
2020-08-11 00:00:00,130.71000000000004
2020-08-12 00:00:00,130.62
2020-08-13 00:00:00,129.96000000000004
2020-08-14 00:00:00,130.25
2020-08-17 00:00:00,130.98000000000002
2020-08-18 00:00:00,130.99
2020-08-19 00:00:00,131.21000000000004
2020-08-20 00:00:00,131.22000000000003
2020-08-21 00:00:00,130.93
2020-08-24 00:00:00,130.93
2020-08-25 00:00:00,129.89000000000004
2020-08-26 00:00:00,130.07
2020-08-27 00:00:00,130.01000000000005
2020-08-28 00:00:00,129.93
2020-08-31 00:00:00,129.36
2020-09-01 00:00:00,129.84000000000003
2020-09-02 00:00:00,130.75
2020-09-03 00:00:00,130.63000000000005
2020-09-04 00:00:00,130.09000000000003
2020-09-07 00:00:00,129.76000000000005
2020-09-08 00:00:00,129.97000000000003
2020-09-09 00:00:00,130.09000000000003
2020-09-10 00:00:00,130.26000000000005
2020-09-11 00:00:00,130.63000000000005
2020-09-14 00:00:00,130.91000000000003
2020-09-15 00:00:00,131.14000000000004
2020-09-16 00:00:00,131.42000000000002
2020-09-17 00:00:00,131.79000000000002
2020-09-18 00:00:00,131.54000000000002
2020-09-21 00:00:00,131.91000000000003
2020-09-22 00:00:00,132.79000000000002
2020-09-23 00:00:00,132.86
2020-09-24 00:00:00,132.68
2020-09-25 00:00:00,132.46000000000004
2020-09-28 00:00:00,132.60000000000002
2020-09-29 00:00:00,133.14000000000004
2020-09-30 00:00:00,132.63000000000005
2020-10-01 00:00:00,133.13000000000005
2020-10-02 00:00:00,133.67000000000002
2020-10-05 00:00:00,133.46000000000004
2020-10-06 00:00:00,133.64000000000004
2020-10-07 00:00:00,133.69
2020-10-08 00:00:00,134.0
2020-10-09 00:00:00,134.52000000000004
2020-10-12 00:00:00,135.02000000000004
2020-10-13 00:00:00,135.12
2020-10-14 00:00:00,135.27000000000004
2020-10-15 00:00:00,134.65000000000003
2020-10-16 00:00:00,135.27000000000004
2020-10-19 00:00:00,134.48000000000002
2020-10-20 00:00:00,134.20000000000005
2020-10-21 00:00:00,133.89000000000004
2020-10-22 00:00:00,133.5
2020-10-23 00:00:00,133.91000000000003
2020-10-26 00:00:00,134.39000000000004
2020-10-27 00:00:00,134.71000000000004
2020-10-28 00:00:00,134.06
2020-10-29 00:00:00,134.68
2020-10-30 00:00:00,134.64000000000004
2020-11-02 00:00:00,134.55
2020-11-03 00:00:00,134.85000000000002
2020-11-04 00:00:00,135.26000000000005
2020-11-05 00:00:00,135.59000000000003
2020-11-06 00:00:00,135.66000000000003
2020-11-09 00:00:00,134.51000000000005
2020-11-10 00:00:00,134.47000000000003
2020-11-11 00:00:00,134.8
2020-11-12 00:00:00,135.40000000000003
2020-11-13 00:00:00,135.64000000000004
2020-11-16 00:00:00,135.88000000000005
2020-11-17 00:00:00,136.0
2020-11-18 00:00:00,135.89000000000004
2020-11-19 00:00:00,135.92000000000002
2020-11-20 00:00:00,136.04000000000002
2020-11-23 00:00:00,136.23000000000002
2020-11-24 00:00:00,136.39000000000004
2020-11-25 00:00:00,136.37
2020-11-26 00:00:00,136.45000000000005
2020-11-27 00:00:00,136.55
2020-11-30 00:00:00,136.21000000000004
2020-12-01 00:00:00,135.65000000000003
2020-12-02 00:00:00,135.96000000000004
2020-12-03 00:00:00,136.45
2020-12-04 00:00:00,136.2
2020-12-07 00:00:00,136.42000000000002
2020-12-08 00:00:00,136.75
2020-12-09 00:00:00,136.89
2020-12-10 00:00:00,137.04000000000002
2020-12-11 00:00:00,137.17000000000002
2020-12-14 00:00:00,137.31
2020-12-15 00:00:00,137.51999999999998
2020-12-16 00:00:00,137.22000000000003
2020-12-17 00:00:00,137.21000000000004
2020-12-18 00:00:00,136.87
2020-12-21 00:00:00,136.73000000000002
2020-12-22 00:00:00,137.0
2020-12-23 00:00:00,136.43
2020-12-28 00:00:00,137.2
2020-12-29 00:00:00,137.07999999999998
2020-12-30 00:00:00,137.14
2021-01-04 00:00:00,137.16000000000003
2021-01-05 00:00:00,137.05
2021-01-06 00:00:00,137.04000000000002
2021-01-07 00:00:00,137.12
2021-01-08 00:00:00,137.47000000000003
2021-01-11 00:00:00,136.95
2021-01-12 00:00:00,135.68
2021-01-13 00:00:00,136.78000000000003
2021-01-14 00:00:00,136.04000000000002
2021-01-15 00:00:00,136.47000000000003
2021-01-18 00:00:00,136.2
2021-01-19 00:00:00,136.87
2021-01-20 00:00:00,136.48000000000002
2021-01-21 00:00:00,135.44
2021-01-22 00:00:00,134.89
2021-01-25 00:00:00,135.76
2021-01-26 00:00:00,136.2
2021-01-27 00:00:00,136.15000000000003
2021-01-28 00:00:00,136.28000000000003
2021-01-29 00:00:00,136.13
2021-02-01 00:00:00,136.49
2021-02-02 00:00:00,136.10000000000002
2021-02-03 00:00:00,136.90000000000003
2021-02-04 00:00:00,137.36
2021-02-05 00:00:00,137.54000000000002
2021-02-08 00:00:00,137.82
2021-02-09 00:00:00,137.90000000000003
2021-02-10 00:00:00,137.98000000000002
2021-02-11 00:00:00,138.49
2021-02-12 00:00:00,138.18
2021-02-15 00:00:00,137.64
2021-02-16 00:00:00,137.39
2021-02-17 00:00:00,136.95
2021-02-18 00:00:00,136.26
2021-02-19 00:00:00,136.57
2021-02-22 00:00:00,136.87
2021-02-23 00:00:00,136.34000000000003
2021-02-24 00:00:00,135.68
2021-02-25 00:00:00,134.51999999999998
2021-02-26 00:00:00,134.93
2021-03-01 00:00:00,136.05
2021-03-02 00:00:00,135.88
2021-03-03 00:00:00,135.11
2021-03-04 00:00:00,135.27999999999997
2021-03-05 00:00:00,135.04000000000002
2021-03-08 00:00:00,135.16000000000003
2021-03-09 00:00:00,135.81
2021-03-10 00:00:00,135.98000000000002
2021-03-11 00:00:00,136.96999999999997
2021-03-12 00:00:00,136.56
2021-03-15 00:00:00,136.94
2021-03-16 00:00:00,136.76
2021-03-17 00:00:00,135.76999999999998
2021-03-18 00:00:00,135.88
2021-03-19 00:00:00,136.2
2021-03-22 00:00:00,136.39
2021-03-23 00:00:00,136.99
2021-03-24 00:00:00,137.14
2021-03-25 00:00:00,137.26
2021-03-26 00:00:00,137.02999999999997
2021-03-29 00:00:00,136.55
2021-03-30 00:00:00,136.07999999999998
2021-03-31 00:00:00,136.36
2021-04-01 00:00:00,136.8
2021-04-06 00:00:00,136.01
2021-04-07 00:00:00,136.04000000000002
2021-04-08 00:00:00,136.38
2021-04-09 00:00:00,135.56
2021-04-12 00:00:00,135.48000000000002
2021-04-13 00:00:00,135.26
2021-04-14 00:00:00,135.08999999999997
2021-04-15 00:00:00,135.62
2021-04-16 00:00:00,135.38
2021-04-19 00:00:00,134.95
2021-04-20 00:00:00,134.96999999999997
2021-04-21 00:00:00,135.36
2021-04-22 00:00:00,135.39999999999998
2021-04-23 00:00:00,135.01999999999998
2021-04-26 00:00:00,134.88
2021-04-27 00:00:00,134.61
2021-04-28 00:00:00,134.5
2021-04-29 00:00:00,134.04000000000002
2021-04-30 00:00:00,134.14
2021-05-03 00:00:00,134.52999999999997
2021-05-04 00:00:00,134.73000000000002
2021-05-05 00:00:00,134.38
2021-05-06 00:00:00,134.23000000000002
2021-05-07 00:00:00,133.73000000000002
2021-05-10 00:00:00,134.04000000000002
2021-05-11 00:00:00,133.31
2021-05-12 00:00:00,132.89999999999998
2021-05-13 00:00:00,132.63
2021-05-14 00:00:00,132.43
2021-05-17 00:00:00,132.04000000000002
2021-05-18 00:00:00,132.27999999999997
2021-05-19 00:00:00,132.04000000000002
2021-05-20 00:00:00,132.7
2021-05-21 00:00:00,133.0
2021-05-24 00:00:00,133.17000000000002
2021-05-25 00:00:00,133.8
2021-05-26 00:00:00,134.32
2021-05-27 00:00:00,134.08999999999997
2021-05-28 00:00:00,134.39
2021-05-31 00:00:00,134.37
2021-06-01 00:00:00,134.55
2021-06-02 00:00:00,134.82
2021-06-03 00:00:00,134.73000000000002
2021-06-04 00:00:00,135.10000000000002
2021-06-07 00:00:00,134.60000000000002
2021-06-08 00:00:00,135.12
2021-06-09 00:00:00,135.70999999999998
2021-06-10 00:00:00,135.98000000000002
2021-06-11 00:00:00,136.68
2021-06-14 00:00:00,136.32999999999998
2021-06-15 00:00:00,136.18
2021-06-16 00:00:00,136.26
2021-06-17 00:00:00,135.74
2021-06-18 00:00:00,135.13
2021-06-21 00:00:00,135.08999999999997
2021-06-22 00:00:00,134.86
2021-06-23 00:00:00,134.82
2021-06-24 00:00:00,135.2
2021-06-25 00:00:00,134.47000000000003
2021-06-28 00:00:00,135.02999999999997
2021-06-29 00:00:00,135.12
2021-06-30 00:00:00,135.76999999999998
2021-07-01 00:00:00,136.07
2021-07-02 00:00:00,136.38
2021-07-05 00:00:00,136.10000000000002
2021-07-06 00:00:00,136.82
2021-07-07 00:00:00,136.85000000000002
2021-07-08 00:00:00,136.66000000000003
2021-07-09 00:00:00,136.57999999999998
2021-07-12 00:00:00,136.95999999999998
2021-07-13 00:00:00,137.26
2021-07-14 00:00:00,137.32
2021-07-15 00:00:00,137.14
2021-07-16 00:00:00,137.52999999999997
2021-07-19 00:00:00,137.45
2021-07-20 00:00:00,137.69
2021-07-21 00:00:00,137.61
2021-07-22 00:00:00,138.19
2021-07-23 00:00:00,138.44
2021-07-26 00:00:00,138.42000000000002
2021-07-27 00:00:00,138.52999999999997
2021-07-28 00:00:00,138.66000000000003
2021-07-29 00:00:00,138.70999999999998
2021-07-30 00:00:00,138.64
2021-08-02 00:00:00,139.2
2021-08-03 00:00:00,139.32999999999998
2021-08-04 00:00:00,139.32999999999998
2021-08-05 00:00:00,139.98000000000002
2021-08-06 00:00:00,139.27999999999997
2021-08-09 00:00:00,139.44
2021-08-10 00:00:00,139.56
2021-08-11 00:00:00,139.25
2021-08-12 00:00:00,139.54000000000002
2021-08-13 00:00:00,139.5
2021-08-16 00:00:00,139.43
2021-08-17 00:00:00,139.26999999999998
2021-08-18 00:00:00,139.55
2021-08-19 00:00:00,139.42000000000002
2021-08-20 00:00:00,139.69
2021-08-23 00:00:00,139.2
2021-08-24 00:00:00,139.33999999999997
2021-08-25 00:00:00,138.2
2021-08-26 00:00:00,138.12
2021-08-27 00:00:00,138.45999999999998
2021-08-30 00:00:00,138.8
2021-08-31 00:00:00,137.64999999999998
2021-09-01 00:00:00,137.76
2021-09-02 00:00:00,138.14999999999998
2021-09-03 00:00:00,137.76999999999998
2021-09-06 00:00:00,137.85999999999996
2021-09-07 00:00:00,136.87
2021-09-08 00:00:00,137.02999999999997
2021-09-09 00:00:00,138.17999999999995
2021-09-10 00:00:00,137.65999999999997
2021-09-13 00:00:00,137.82
2021-09-14 00:00:00,138.29999999999995
2021-09-15 00:00:00,137.83999999999997
2021-09-16 00:00:00,137.85999999999996
2021-09-17 00:00:00,137.45
2021-09-20 00:00:00,137.51999999999998
2021-09-21 00:00:00,137.94
2021-09-22 00:00:00,138.29999999999995
2021-09-23 00:00:00,137.52999999999997
2021-09-24 00:00:00,136.76999999999998
2021-09-27 00:00:00,136.56
2021-09-28 00:00:00,135.76
2021-09-29 00:00:00,136.23999999999995
2021-09-30 00:00:00,135.73999999999995
2021-10-01 00:00:00,136.28999999999996
2021-10-04 00:00:00,136.04999999999995
2021-10-05 00:00:00,135.65999999999997
2021-10-06 00:00:00,135.41999999999996
2021-10-07 00:00:00,135.90999999999997
2021-10-08 00:00:00,135.59999999999997
2021-10-11 00:00:00,135.12
2021-10-12 00:00:00,135.09999999999997
2021-10-13 00:00:00,135.39999999999998
2021-10-14 00:00:00,136.13
2021-10-15 00:00:00,135.76
2021-10-18 00:00:00,135.39
2021-10-19 00:00:00,134.85999999999996
2021-10-20 00:00:00,135.12
2021-10-21 00:00:00,134.62
2021-10-22 00:00:00,134.51
2021-10-25 00:00:00,135.07999999999998
2021-10-26 00:00:00,134.78999999999996
2021-10-27 00:00:00,135.52999999999997
2021-10-28 00:00:00,134.22999999999996
2021-10-29 00:00:00,132.04999999999995
2021-11-01 00:00:00,131.65999999999997
2021-11-02 00:00:00,133.70999999999998
2021-11-03 00:00:00,134.06
2021-11-04 00:00:00,135.57999999999998
2021-11-05 00:00:00,136.26
2021-11-08 00:00:00,136.19
2021-11-09 00:00:00,136.69
2021-11-10 00:00:00,135.81
2021-11-11 00:00:00,135.32999999999998
2021-11-12 00:00:00,135.32999999999998
2021-11-15 00:00:00,135.13
2021-11-16 00:00:00,135.32999999999998
2021-11-17 00:00:00,135.09999999999997
2021-11-18 00:00:00,135.70999999999998
2021-11-19 00:00:00,136.64
2021-11-22 00:00:00,135.73999999999995
2021-11-23 00:00:00,134.32
2021-11-24 00:00:00,133.89
2021-11-25 00:00:00,134.16999999999996
2021-11-26 00:00:00,135.45
2021-11-29 00:00:00,135.19
2021-11-30 00:00:00,135.39
2021-12-01 00:00:00,134.75
2021-12-02 00:00:00,135.57
2021-12-03 00:00:00,135.82999999999998
2021-12-06 00:00:00,136.5
2021-12-07 00:00:00,136.0
2021-12-08 00:00:00,134.61999999999995
2021-12-09 00:00:00,135.09999999999997
2021-12-10 00:00:00,135.59999999999997
2021-12-13 00:00:00,136.09999999999997
2021-12-14 00:00:00,135.96999999999997
2021-12-15 00:00:00,136.09999999999997
2021-12-16 00:00:00,135.44
2021-12-17 00:00:00,136.17999999999995
2021-12-20 00:00:00,136.0
2021-12-21 00:00:00,134.95999999999998
2021-12-22 00:00:00,134.47999999999996
2021-12-23 00:00:00,133.78999999999996
2021-12-27 00:00:00,133.45999999999998
2021-12-28 00:00:00,133.90999999999997
2021-12-29 00:00:00,133.20999999999998
2021-12-30 00:00:00,132.98999999999995
2022-01-03 00:00:00,132.81
2022-01-04 00:00:00,132.58999999999997
2022-01-05 00:00:00,132.26999999999998
2022-01-06 00:00:00,131.75
2022-01-07 00:00:00,131.36999999999995
2022-01-10 00:00:00,131.77999999999997
2022-01-11 00:00:00,131.44
2022-01-12 00:00:00,132.11999999999995
2022-01-13 00:00:00,132.54999999999995
2022-01-14 00:00:00,132.06
2022-01-17 00:00:00,131.64999999999998
2022-01-18 00:00:00,131.42999999999995
2022-01-19 00:00:00,131.02999999999997
2022-01-20 00:00:00,131.63
2022-01-21 00:00:00,131.76999999999998
2022-01-24 00:00:00,131.84999999999997
2022-01-25 00:00:00,131.84999999999997
2022-01-26 00:00:00,131.2
2022-01-27 00:00:00,131.78999999999996
2022-01-28 00:00:00,131.84999999999997
2022-01-31 00:00:00,131.85999999999996
2022-02-01 00:00:00,131.08999999999997
2022-02-02 00:00:00,131.01999999999998
2022-02-03 00:00:00,128.44
2022-02-04 00:00:00,127.03999999999999
2022-02-07 00:00:00,125.92
2022-02-08 00:00:00,125.85000000000001
2022-02-09 00:00:00,126.77000000000001
2022-02-10 00:00:00,125.42999999999998
2022-02-11 00:00:00,124.76
2022-02-14 00:00:00,124.50000000000001
2022-02-15 00:00:00,124.26999999999998
2022-02-16 00:00:00,125.10999999999997
2022-02-17 00:00:00,125.89000000000003
2022-02-18 00:00:00,125.95000000000003
2022-02-21 00:00:00,125.16999999999997
2022-02-22 00:00:00,124.98999999999997
2022-02-23 00:00:00,125.08
2022-02-24 00:00:00,126.51000000000003
2022-02-25 00:00:00,126.17999999999999
2022-02-28 00:00:00,127.13000000000002
2022-03-01 00:00:00,131.07999999999998
2022-03-02 00:00:00,129.70999999999998
2022-03-03 00:00:00,129.2
2022-03-04 00:00:00,129.90999999999997
2022-03-07 00:00:00,129.17999999999995
2022-03-08 00:00:00,129.0
2022-03-09 00:00:00,128.16999999999996
2022-03-10 00:00:00,125.07000000000001
2022-03-11 00:00:00,125.50000000000003
2022-03-14 00:00:00,124.53999999999998
2022-03-15 00:00:00,125.28
2022-03-16 00:00:00,125.27000000000001
2022-03-17 00:00:00,125.14999999999999
2022-03-18 00:00:00,125.42999999999998
2022-03-21 00:00:00,124.39
2022-03-22 00:00:00,123.62
2022-03-23 00:00:00,124.03999999999996
2022-03-24 00:00:00,123.57
2022-03-25 00:00:00,123.35999999999996
2022-03-28 00:00:00,122.90999999999997
2022-03-29 00:00:00,122.48999999999997
2022-03-30 00:00:00,122.39
2022-03-31 00:00:00,123.57
2022-04-01 00:00:00,122.79999999999997
2022-04-04 00:00:00,123.23999999999995
2022-04-05 00:00:00,121.22
2022-04-06 00:00:00,120.21
2022-04-07 00:00:00,120.09999999999998
2022-04-08 00:00:00,120.02999999999999
2022-04-11 00:00:00,118.87000000000002
2022-04-12 00:00:00,119.34999999999998
2022-04-13 00:00:00,120.13000000000001
2022-04-14 00:00:00,118.76
2022-04-19 00:00:00,117.79999999999997
2022-04-20 00:00:00,118.39999999999999
2022-04-21 00:00:00,117.69000000000001
2022-04-22 00:00:00,116.71
2022-04-25 00:00:00,117.57000000000001
2022-04-26 00:00:00,118.14
2022-04-27 00:00:00,117.79999999999997
2022-04-28 00:00:00,116.08
2022-04-29 00:00:00,115.59999999999998
2022-05-02 00:00:00,115.03999999999999
2022-05-03 00:00:00,115.00999999999999
2022-05-04 00:00:00,113.76999999999998
2022-05-05 00:00:00,113.07
2022-05-06 00:00:00,111.63999999999999
2022-05-17 12:00:00,114.06999999999998
2022-05-17 14:00:00,113.52999999999999
2022-05-17 17:00:00,113.58999999999997
2022-05-18 07:00:00,113.63999999999999
2022-05-18 08:00:00,113.89999999999998
2022-05-18 09:00:00,113.85999999999999
2022-05-18 10:00:00,113.84999999999998
2022-05-18 11:00:00,113.60999999999999
2022-05-18 15:00:00,113.94999999999997
2022-05-18 16:00:00,113.77999999999999
2022-05-18 17:00:00,113.53999999999998
2022-05-19 07:00:00,113.34999999999998
2022-05-19 08:00:00,114.14999999999998
2022-05-19 09:00:00,114.01999999999998
2022-05-19 10:00:00,114.14999999999998
2022-05-19 11:00:00,114.48999999999998
2022-05-19 12:00:00,114.10999999999999
2022-05-19 13:00:00,114.63999999999999
2022-05-19 14:00:00,114.40999999999998
2022-05-19 15:00:00,114.29999999999998
2022-05-19 16:00:00,114.24999999999999
2022-05-19 17:00:00,114.13999999999999
2022-05-20 08:00:00,113.69999999999997
2022-05-20 09:00:00,113.97999999999998
2022-05-20 11:00:00,113.52999999999999
2022-05-20 12:00:00,113.27999999999999
2022-05-20 13:00:00,113.74999999999999
2022-05-20 14:00:00,113.43999999999998
2022-05-20 16:00:00,113.55999999999997
2022-05-20 17:00:00,113.36999999999998
2022-05-23 07:00:00,113.46999999999998
2022-05-23 08:00:00,113.59999999999998
2022-05-23 09:00:00,113.09999999999998
2022-05-23 10:00:00,113.09999999999998
2022-05-23 12:00:00,113.36999999999998
2022-05-23 13:00:00,113.43999999999998
2022-05-23 14:00:00,113.58999999999997
2022-05-23 15:00:00,113.08999999999997
2022-05-23 16:00:00,112.89999999999998
2022-05-23 17:00:00,112.87999999999998
2022-05-24 07:00:00,112.74999999999999
2022-05-24 08:00:00,112.64999999999998
2022-05-24 09:00:00,113.34999999999998
2022-05-24 11:00:00,112.74999999999999
2022-05-24 12:00:00,113.10999999999999
2022-05-24 13:00:00,112.83999999999997
2022-05-24 14:00:00,113.31999999999998
2022-05-24 15:00:00,113.63999999999999
2022-05-24 16:00:00,113.69999999999997
2022-05-24 17:00:00,113.56999999999998
2022-05-25 07:00:00,113.68999999999998
2022-05-25 08:00:00,114.05999999999997
2022-05-25 09:00:00,113.93999999999998
2022-05-25 10:00:00,113.87999999999998
2022-05-25 12:00:00,114.14999999999998
2022-05-25 13:00:00,114.24999999999999
2022-05-25 14:00:00,113.89999999999998
2022-05-25 16:00:00,113.97999999999998
2022-05-25 17:00:00,113.84999999999998
2022-05-26 07:00:00,114.59999999999998
2022-05-26 08:00:00,114.97999999999998
2022-05-26 09:00:00,114.94999999999997
2022-05-26 10:00:00,114.55999999999997
2022-05-26 11:00:00,114.94999999999997
2022-05-26 12:00:00,114.13999999999999
2022-05-26 13:00:00,114.62999999999998
2022-05-26 14:00:00,114.50999999999998
2022-05-26 15:00:00,114.24999999999999
2022-05-26 16:00:00,114.54999999999998
2022-05-26 17:00:00,114.64999999999998
2022-05-27 07:00:00,114.72999999999998
2022-05-27 08:00:00,114.41999999999997
2022-05-27 09:00:00,114.50999999999998
2022-05-27 10:00:00,114.42999999999998
2022-05-27 11:00:00,114.70999999999998
2022-05-27 12:00:00,115.03999999999998
2022-05-27 13:00:00,114.66999999999997
2022-05-27 14:00:00,114.83999999999997
2022-05-27 15:00:00,114.62999999999998
2022-05-27 16:00:00,114.55999999999997
2022-05-27 17:00:00,114.41999999999997
2022-05-30 07:00:00,113.84999999999998
2022-05-30 08:00:00,113.33999999999997
2022-05-30 09:00:00,113.18999999999998
2022-05-30 10:00:00,113.35999999999999
2022-05-30 11:00:00,113.14999999999998
2022-05-30 12:00:00,113.43999999999998
2022-05-30 13:00:00,113.10999999999999
2022-05-30 14:00:00,113.22999999999998
2022-05-30 15:00:00,113.44999999999997
2022-05-30 16:00:00,113.50999999999998
2022-05-30 17:00:00,113.44999999999997
2022-05-31 07:00:00,113.27999999999999
2022-05-31 08:00:00,113.55999999999997
2022-05-31 09:00:00,113.19999999999997
2022-05-31 10:00:00,112.63999999999999
2022-05-31 11:00:00,112.58999999999997
2022-05-31 12:00:00,112.51999999999998
2022-05-31 13:00:00,111.84999999999998
2022-05-31 14:00:00,111.97999999999998
2022-05-31 15:00:00,112.09999999999998
2022-05-31 16:00:00,112.10999999999999
2022-05-31 17:00:00,112.21999999999998
2022-06-01 07:00:00,112.04999999999998
2022-06-01 08:00:00,111.92999999999998
2022-06-01 09:00:00,112.06999999999998
2022-06-01 10:00:00,112.16999999999997
2022-06-01 11:00:00,111.98999999999998
2022-06-01 12:00:00,111.97999999999998
2022-06-01 13:00:00,112.06999999999998
2022-06-01 14:00:00,112.18999999999998
2022-06-01 15:00:00,111.45999999999998
2022-06-01 16:00:00,110.93999999999998
2022-06-01 17:00:00,110.96999999999998
2022-06-02 07:00:00,110.93999999999998
2022-06-02 08:00:00,110.69999999999997
2022-06-02 09:00:00,110.70999999999998
2022-06-02 10:00:00,110.64999999999998
2022-06-02 11:00:00,110.65999999999998
2022-06-02 12:00:00,110.79999999999998
2022-06-02 13:00:00,110.77999999999999
2022-06-02 14:00:00,110.38999999999999
2022-06-02 15:00:00,110.28999999999998
2022-06-02 16:00:00,110.16999999999997
2022-06-02 17:00:00,110.39999999999998
2022-06-03 07:00:00,110.21999999999998
2022-06-03 08:00:00,110.30999999999997
2022-06-03 09:00:00,110.30999999999997
2022-06-03 10:00:00,109.85999999999999
2022-06-03 11:00:00,109.85999999999999
2022-06-03 12:00:00,109.78999999999998
2022-06-03 13:00:00,109.24999999999999
2022-06-03 14:00:00,109.38999999999999
2022-06-03 15:00:00,109.31999999999998
2022-06-03 16:00:00,109.15999999999998
2022-06-03 17:00:00,109.29999999999998
2022-06-06 07:00:00,110.22999999999998
2022-06-06 08:00:00,109.62999999999998
2022-06-06 09:00:00,109.73999999999998
2022-06-06 10:00:00,109.70999999999998
2022-06-06 11:00:00,109.98999999999998
2022-06-06 12:00:00,109.66999999999997
2022-06-06 13:00:00,109.33999999999997
2022-06-06 14:00:00,109.63999999999999
2022-06-06 15:00:00,109.18999999999998
2022-06-06 16:00:00,109.16999999999997
2022-06-06 17:00:00,109.00999999999998
2022-06-07 07:00:00,108.77999999999999
2022-06-07 08:00:00,109.50999999999998
2022-06-07 09:00:00,110.14999999999998
2022-06-07 10:00:00,110.04999999999998
2022-06-07 11:00:00,109.66999999999997
2022-06-07 12:00:00,109.74999999999999
2022-06-07 13:00:00,109.96999999999998
2022-06-07 14:00:00,110.33999999999997
2022-06-07 15:00:00,110.44999999999997
2022-06-07 16:00:00,110.59999999999998
2022-06-07 17:00:00,110.42999999999998
2022-06-08 07:00:00,110.16999999999997
2022-06-08 08:00:00,109.81999999999998
2022-06-08 09:00:00,109.92999999999998
2022-06-08 10:00:00,110.06999999999998
2022-06-08 11:00:00,109.94999999999997
2022-06-08 12:00:00,109.74999999999999
2022-06-08 13:00:00,109.56999999999998
2022-06-08 14:00:00,109.37999999999998
2022-06-08 15:00:00,109.59999999999998
2022-06-08 16:00:00,109.66999999999997
2022-06-08 17:00:00,109.70999999999998
2022-06-09 07:00:00,109.79999999999998
2022-06-09 08:00:00,110.23999999999998
2022-06-09 09:00:00,110.03999999999998
2022-06-09 10:00:00,109.96999999999998
2022-06-09 11:00:00,110.08999999999997
2022-06-09 12:00:00,108.62999999999998
2022-06-09 13:00:00,107.03999999999998
2022-06-09 14:00:00,107.62999999999998
2022-06-09 15:00:00,107.27999999999999
2022-06-09 16:00:00,107.21999999999998
2022-06-09 17:00:00,107.06999999999998
2022-06-10 07:00:00,106.55999999999997
2022-06-10 08:00:00,106.45999999999998
2022-06-10 09:00:00,106.87999999999998
2022-06-10 10:00:00,106.74999999999999
2022-06-10 11:00:00,106.86999999999998
2022-06-10 12:00:00,106.69999999999997
2022-06-10 13:00:00,106.84999999999998
2022-06-10 14:00:00,106.11999999999998
2022-06-10 15:00:00,105.71999999999998
2022-06-10 16:00:00,105.50999999999998
2022-06-10 17:00:00,105.79999999999998
2022-06-13 07:00:00,104.75999999999998
2022-06-13 08:00:00,104.71999999999998
2022-06-13 09:00:00,104.22999999999998
2022-06-13 10:00:00,104.17999999999998
2022-06-13 11:00:00,104.03999999999998
2022-06-13 12:00:00,103.73999999999998
2022-06-13 13:00:00,103.89999999999998
2022-06-13 14:00:00,103.87999999999998
2022-06-13 15:00:00,103.08999999999997
2022-06-13 16:00:00,102.83999999999997
2022-06-13 17:00:00,103.18999999999998
2022-06-14 07:00:00,103.67999999999998
2022-06-14 08:00:00,103.51999999999998
2022-06-14 09:00:00,102.83999999999997
2022-06-14 10:00:00,102.60999999999999
2022-06-14 11:00:00,102.63999999999999
2022-06-14 12:00:00,102.11999999999998
2022-06-14 13:00:00,102.60999999999999
2022-06-14 14:00:00,102.82999999999998
2022-06-14 15:00:00,102.44999999999997
2022-06-14 16:00:00,101.29999999999998
2022-06-14 17:00:00,101.38999999999999
2022-06-15 07:00:00,104.27999999999999
2022-06-15 08:00:00,102.82999999999998
2022-06-15 09:00:00,103.32999999999998
2022-06-15 10:00:00,103.75999999999998
2022-06-15 11:00:00,104.46999999999998
2022-06-15 12:00:00,105.30999999999997
2022-06-15 13:00:00,104.86999999999998
2022-06-15 13:27:30,
2022-06-15 14:00:00,105.82999999999998
2022-06-15 15:00:00,105.27999999999999
2022-06-15 16:00:00,104.92999999999998
2022-06-15 17:00:00,105.33999999999997
2022-06-16 07:00:00,104.93999999999998
2022-06-16 08:00:00,105.53999999999998
2022-06-16 09:00:00,103.71999999999998
2022-06-16 10:00:00,103.57999999999998
2022-06-16 11:00:00,103.45999999999998
2022-06-16 12:00:00,104.19999999999997
2022-06-16 13:00:00,104.63999999999999
2022-06-16 14:00:00,104.27999999999999
2022-06-16 15:00:00,104.90999999999998
2022-06-16 16:00:00,105.64999999999998
2022-06-16 17:00:00,105.17999999999998
2022-06-17 07:00:00,105.97999999999998
2022-06-17 08:00:00,106.30999999999997
2022-06-17 09:00:00,107.38999999999999
2022-06-17 10:00:00,107.84999999999998
2022-06-17 11:00:00,107.61999999999998
2022-06-17 12:00:00,107.45999999999998
2022-06-17 13:00:00,107.04999999999998
2022-06-17 14:00:00,107.00999999999998
2022-06-17 15:00:00,107.29999999999998
2022-06-17 16:00:00,107.30999999999997
2022-06-17 17:00:00,107.53999999999998
2022-06-17 23:00:00,
2022-06-20 07:00:00,107.26999999999998
2022-06-20 08:00:00,107.02999999999999
2022-06-20 09:00:00,107.65999999999998
2022-06-20 10:00:00,107.57999999999998
2022-06-20 11:00:00,107.48999999999998
2022-06-20 12:00:00,107.57999999999998
2022-06-20 13:00:00,107.46999999999998
2022-06-20 14:00:00,107.20999999999998
2022-06-20 15:00:00,106.56999999999998
2022-06-20 16:00:00,106.07999999999998
2022-06-20 17:00:00,106.16999999999997
2022-06-20 23:00:00,
2022-06-21 07:00:00,106.42999999999998
2022-06-21 08:00:00,106.58999999999997
2022-06-21 09:00:00,107.24999999999999
2022-06-21 10:00:00,106.88999999999999
2022-06-21 11:00:00,106.77999999999999
2022-06-21 12:00:00,106.34999999999998
2022-06-21 13:00:00,106.24999999999999
2022-06-21 14:00:00,106.34999999999998
2022-06-21 15:00:00,106.32999999999998
2022-06-21 16:00:00,106.12999999999998
2022-06-21 17:00:00,105.99999999999999
2022-06-22 07:00:00,106.49999999999999
2022-06-22 08:00:00,106.76999999999998
2022-06-22 09:00:00,106.63999999999999
2022-06-22 10:00:00,107.00999999999998
2022-06-22 11:00:00,107.15999999999998
2022-06-22 12:00:00,107.22999999999998
2022-06-22 13:00:00,108.22999999999998
2022-06-22 14:00:00,108.14999999999998
2022-06-22 15:00:00,108.02999999999999
2022-06-22 16:00:00,107.77999999999999
2022-06-22 17:00:00,107.81999999999998
2022-06-22 23:00:00,
2022-06-23 07:00:00,107.58999999999997
2022-06-23 08:00:00,109.06999999999998
2022-06-23 09:00:00,109.19999999999997
2022-06-23 10:00:00,109.24999999999999
2022-06-23 11:00:00,109.23999999999998
2022-06-23 12:00:00,108.94999999999997
2022-06-23 13:00:00,109.24999999999999
2022-06-23 14:00:00,110.03999999999998
2022-06-23 15:00:00,109.63999999999999
2022-06-23 16:00:00,109.48999999999998
2022-06-23 17:00:00,109.49999999999999
2022-06-23 23:00:00,
2022-06-24 07:00:00,109.39999999999998
2022-06-24 08:00:00,110.03999999999998
2022-06-24 09:00:00,109.14999999999998
2022-06-24 10:00:00,109.10999999999999
2022-06-24 11:00:00,108.55999999999997
2022-06-24 12:00:00,108.28999999999998
2022-06-24 13:00:00,108.52999999999999
2022-06-24 14:00:00,108.60999999999999
2022-06-24 15:00:00,108.70999999999998
2022-06-24 16:00:00,108.88999999999999
2022-06-24 17:00:00,108.96999999999998
2022-06-24 23:00:00,
2022-06-27 07:00:00,108.40999999999998
2022-06-27 08:00:00,108.49999999999999
2022-06-27 09:00:00,108.30999999999997
2022-06-27 10:00:00,107.91999999999997
2022-06-27 11:00:00,107.69999999999997
2022-06-27 12:00:00,107.83999999999997
2022-06-27 13:00:00,107.83999999999997
2022-06-27 14:00:00,108.18999999999998
2022-06-27 15:00:00,107.98999999999998
2022-06-27 16:00:00,108.07999999999998
2022-06-27 17:00:00,108.33999999999997
2022-06-28 07:00:00,107.98999999999998
2022-06-28 08:00:00,107.51999999999998
2022-06-28 09:00:00,107.87999999999998
2022-06-28 10:00:00,107.32999999999998
2022-06-28 11:00:00,107.24999999999999
2022-06-28 12:00:00,107.46999999999998
2022-06-28 13:00:00,107.49999999999999
2022-06-28 14:00:00,107.73999999999998
2022-06-28 15:00:00,107.31999999999998
2022-06-28 16:00:00,107.60999999999999
2022-06-28 17:00:00,107.75999999999998
2022-06-29 07:00:00,108.75999999999998
2022-06-29 08:00:00,108.35999999999999
2022-06-29 09:00:00,108.48999999999998
2022-06-29 10:00:00,108.03999999999998
2022-06-29 11:00:00,108.55999999999997
2022-06-29 12:00:00,108.58999999999997
2022-06-29 13:00:00,108.29999999999998
2022-06-29 14:00:00,108.73999999999998
2022-06-29 15:00:00,109.43999999999998
2022-06-29 16:00:00,109.36999999999998
2022-06-29 17:00:00,109.32999999999998
2022-06-29 23:00:00,
2022-06-30 07:00:00,109.46999999999998
2022-06-30 08:00:00,110.05999999999997
2022-06-30 09:00:00,109.63999999999999
2022-06-30 10:00:00,109.95999999999998
2022-06-30 11:00:00,110.10999999999999
2022-06-30 12:00:00,110.37999999999998
2022-06-30 13:00:00,110.80999999999997
2022-06-30 14:00:00,110.79999999999998
2022-06-30 15:00:00,110.46999999999998
2022-06-30 16:00:00,110.91999999999997
2022-06-30 17:00:00,110.75999999999998
2022-06-30 23:00:00,
2022-07-01 07:00:00,110.43999999999998
2022-07-01 08:00:00,110.08999999999997
2022-07-01 09:00:00,110.35999999999999
2022-07-01 10:00:00,110.51999999999998
2022-07-01 11:00:00,111.10999999999999
2022-07-01 12:00:00,111.72999999999998
2022-07-01 13:00:00,112.77999999999999
2022-07-01 14:00:00,112.53999999999998
2022-07-01 15:00:00,112.99999999999999
2022-07-01 16:00:00,112.91999999999997
2022-07-01 17:00:00,112.77999999999999
2022-07-01 23:00:00,
2022-07-04 07:00:00,112.05999999999997
2022-07-04 08:00:00,111.80999999999997
2022-07-04 09:00:00,111.75999999999998
2022-07-04 10:00:00,111.48999999999998
2022-07-04 11:00:00,111.50999999999998
2022-07-04 12:00:00,111.39999999999998
2022-07-04 13:00:00,111.29999999999998
2022-07-04 14:00:00,111.36999999999998
2022-07-04 15:00:00,111.33999999999997
2022-07-04 16:00:00,111.22999999999998
2022-07-04 17:00:00,111.23999999999998
2022-07-04 23:00:00,
2022-07-05 07:00:00,111.48999999999998
2022-07-05 08:00:00,111.24999999999999
2022-07-05 09:00:00,111.68999999999998
2022-07-05 10:00:00,111.40999999999998
2022-07-05 11:00:00,111.05999999999997
2022-07-05 12:00:00,111.21999999999998
2022-07-05 13:00:00,111.32999999999998
2022-07-05 14:00:00,111.81999999999998
2022-07-05 15:00:00,111.80999999999997
2022-07-05 16:00:00,112.20999999999998
2022-07-05 17:00:00,112.14999999999998
2022-07-05 23:00:00,
2022-07-06 07:00:00,111.99999999999999
2022-07-06 08:00:00,111.91999999999997
2022-07-06 09:00:00,111.76999999999998
2022-07-06 10:00:00,112.04999999999998
2022-07-06 11:00:00,112.38999999999999
2022-07-06 12:00:00,112.43999999999998
2022-07-06 13:00:00,113.28999999999998
2022-07-06 14:00:00,112.79999999999998
2022-07-06 15:00:00,112.44999999999997
2022-07-06 16:00:00,112.28999999999998
2022-07-06 17:00:00,112.29999999999998
2022-07-06 23:00:00,
2022-07-07 07:00:00,111.93999999999998
2022-07-07 08:00:00,111.69999999999997
2022-07-07 09:00:00,111.08999999999997
2022-07-07 10:00:00,110.96999999999998
2022-07-07 11:00:00,110.67999999999998
2022-07-07 12:00:00,111.30999999999997
2022-07-07 13:00:00,110.92999999999998
2022-07-07 14:00:00,111.06999999999998
2022-07-07 15:00:00,111.07999999999998
2022-07-07 16:00:00,110.76999999999998
2022-07-07 17:00:00,111.12999999999998
2022-07-07 23:00:00,
2022-07-08 07:00:00,111.54999999999998
2022-07-08 08:00:00,111.55999999999997
2022-07-08 09:00:00,111.64999999999998
2022-07-08 10:00:00,111.78999999999998
2022-07-08 11:00:00,111.75999999999998
2022-07-08 12:00:00,111.83999999999997
2022-07-08 13:00:00,111.28999999999998
2022-07-08 14:00:00,111.40999999999998
2022-07-08 15:00:00,111.29999999999998
2022-07-08 16:00:00,111.04999999999998
2022-07-08 17:00:00,111.16999999999997
2022-07-08 23:00:00,
2022-07-11 07:00:00,111.29999999999998
2022-07-11 08:00:00,111.77999999999999
2022-07-11 09:00:00,111.44999999999997
2022-07-11 10:00:00,111.23999999999998
2022-07-11 11:00:00,111.57999999999998
2022-07-11 12:00:00,111.38999999999999
2022-07-11 13:00:00,111.64999999999998
2022-07-11 14:00:00,111.88999999999999
2022-07-11 15:00:00,112.17999999999998
2022-07-11 16:00:00,111.82999999999998
2022-07-11 17:00:00,111.69999999999997
2022-07-12 07:00:00,111.46999999999998
2022-07-12 08:00:00,111.90999999999998
2022-07-12 09:00:00,112.57999999999998
2022-07-12 10:00:00,112.91999999999997
2022-07-12 11:00:00,112.80999999999997
2022-07-12 12:00:00,112.40999999999998
2022-07-12 13:00:00,112.67999999999998
2022-07-12 14:00:00,113.08999999999997
2022-07-12 15:00:00,113.04999999999998
2022-07-12 16:00:00,112.84999999999998
2022-07-12 17:00:00,112.76999999999998
2022-07-12 23:00:00,
2022-07-13 07:00:00,112.21999999999998
2022-07-13 08:00:00,112.60999999999999
2022-07-13 09:00:00,112.50999999999998
2022-07-13 10:00:00,112.47999999999998
2022-07-13 11:00:00,112.71999999999998
2022-07-13 12:00:00,112.58999999999997
2022-07-13 13:00:00,111.61999999999998
2022-07-13 14:00:00,111.85999999999999
2022-07-13 15:00:00,112.49999999999999
2022-07-13 16:00:00,112.47999999999998
2022-07-13 17:00:00,112.62999999999998
2022-07-14 07:00:00,111.59999999999998
2022-07-14 08:00:00,110.42999999999998
2022-07-14 09:00:00,110.34999999999998
2022-07-14 10:00:00,110.41999999999997
2022-07-14 11:00:00,109.86999999999998
2022-07-14 12:00:00,110.65999999999998
2022-07-14 13:00:00,109.84999999999998
2022-07-14 14:00:00,110.36999999999998
2022-07-14 15:00:00,110.35999999999999
2022-07-14 16:00:00,111.27999999999999
2022-07-14 17:00:00,109.60999999999999
2022-07-15 07:00:00,110.81999999999998
2022-07-15 08:00:00,111.25999999999998
2022-07-15 09:00:00,111.37999999999998
2022-07-15 10:00:00,111.09999999999998
2022-07-15 11:00:00,111.20999999999998
2022-07-15 12:00:00,111.36999999999998
2022-07-15 13:00:00,111.37999999999998
2022-07-15 14:00:00,111.05999999999997
2022-07-15 15:00:00,111.21999999999998
2022-07-15 16:00:00,111.03999999999998
2022-07-15 17:00:00,110.93999999999998
2022-07-18 07:00:00,110.33999999999997
2022-07-18 08:00:00,110.19999999999997
2022-07-18 09:00:00,110.31999999999998
2022-07-18 10:00:00,109.81999999999998
2022-07-18 11:00:00,109.94999999999997
2022-07-18 12:00:00,110.41999999999997
2022-07-18 13:00:00,110.71999999999998
2022-07-18 14:00:00,110.59999999999998
2022-07-18 15:00:00,111.04999999999998
2022-07-18 16:00:00,110.89999999999998
2022-07-18 17:00:00,110.84999999999998
2022-07-18 23:00:00,
2022-07-19 07:00:00,111.36999999999998
2022-07-19 08:00:00,110.48999999999998
2022-07-19 09:00:00,110.55999999999997
2022-07-19 10:00:00,110.84999999999998
2022-07-19 11:00:00,110.75999999999998
2022-07-19 12:00:00,111.03999999999998
2022-07-19 13:00:00,110.56999999999998
2022-07-19 14:00:00,110.80999999999997
2022-07-19 15:00:00,110.58999999999997
2022-07-19 16:00:00,110.46999999999998
2022-07-19 17:00:00,110.56999999999998
2022-07-20 07:00:00,111.29999999999998
2022-07-20 08:00:00,111.38999999999999
2022-07-20 09:00:00,111.73999999999998
2022-07-20 10:00:00,111.73999999999998
2022-07-20 11:00:00,111.66999999999997
2022-07-20 12:00:00,111.54999999999998
2022-07-20 13:00:00,110.60999999999999
2022-07-20 14:00:00,110.30999999999997
2022-07-20 15:00:00,110.34999999999998
2022-07-20 16:00:00,109.83999999999997
2022-07-20 17:00:00,108.67999999999998
2022-07-20 23:00:00,
2022-07-21 07:00:00,108.70999999999998
2022-07-21 08:00:00,108.14999999999998
2022-07-21 09:00:00,108.20999999999998
2022-07-21 10:00:00,108.17999999999998
2022-07-21 11:00:00,108.39999999999998
2022-07-21 12:00:00,108.06999999999998
2022-07-21 13:00:00,107.55999999999997
2022-07-21 14:00:00,107.53999999999998
2022-07-21 15:00:00,109.15999999999998
2022-07-21 16:00:00,108.24999999999999
2022-07-21 17:00:00,108.02999999999999
2022-07-21 23:00:00,
2022-07-22 07:00:00,108.42999999999998
2022-07-22 08:00:00,109.93999999999998
2022-07-22 09:00:00,110.15999999999998
2022-07-22 10:00:00,110.12999999999998
2022-07-22 11:00:00,110.28999999999998
2022-07-22 12:00:00,110.72999999999998
2022-07-22 13:00:00,110.18999999999998
2022-07-22 14:00:00,110.99999999999999
2022-07-22 15:00:00,110.50999999999998
2022-07-22 16:00:00,110.70999999999998
2022-07-22 17:00:00,110.68999999999998
2022-07-25 07:00:00,110.59999999999998
2022-07-25 08:00:00,111.02999999999999
2022-07-25 09:00:00,110.28999999999998
2022-07-25 10:00:00,110.75999999999998
2022-07-25 11:00:00,110.56999999999998
2022-07-25 12:00:00,110.56999999999998
2022-07-25 13:00:00,110.24999999999999
2022-07-25 14:00:00,110.34999999999998
2022-07-25 15:00:00,110.55999999999997
2022-07-25 16:00:00,111.02999999999999
2022-07-25 17:00:00,110.71999999999998
2022-07-26 07:00:00,111.08999999999997
2022-07-26 08:00:00,110.95999999999998
2022-07-26 09:00:00,111.09999999999998
2022-07-26 10:00:00,111.29999999999998
2022-07-26 11:00:00,111.38999999999999
2022-07-26 12:00:00,111.69999999999997
2022-07-26 13:00:00,111.59999999999998
2022-07-26 14:00:00,111.69999999999997
2022-07-26 15:00:00,111.56999999999998
2022-07-26 16:00:00,111.60999999999999
2022-07-26 17:00:00,111.52999999999999
2022-07-27 07:00:00,110.87999999999998
2022-07-27 08:00:00,110.59999999999998
2022-07-27 09:00:00,110.69999999999997
2022-07-27 10:00:00,110.61999999999998
2022-07-27 11:00:00,110.53999999999998
2022-07-27 12:00:00,110.62999999999998
2022-07-27 13:00:00,110.90999999999998
2022-07-27 14:00:00,110.80999999999997
2022-07-27 15:00:00,110.84999999999998
2022-07-27 16:00:00,110.84999999999998
2022-07-27 17:00:00,110.87999999999998
2022-07-28 07:00:00,110.31999999999998
2022-07-28 08:00:00,110.22999999999998
2022-07-28 09:00:00,110.43999999999998
2022-07-28 10:00:00,110.93999999999998
2022-07-28 11:00:00,110.75999999999998
2022-07-28 12:00:00,110.94999999999997
2022-07-28 13:00:00,111.77999999999999
2022-07-28 14:00:00,112.59999999999998
2022-07-28 15:00:00,112.60999999999999
2022-07-28 16:00:00,112.47999999999998
2022-07-28 17:00:00,112.53999999999998
2022-07-29 07:00:00,112.72999999999998
2022-07-29 08:00:00,111.85999999999999
2022-07-29 09:00:00,111.58999999999997
2022-07-29 10:00:00,111.69999999999997
2022-07-29 11:00:00,112.23999999999998
2022-07-29 12:00:00,113.05999999999997
2022-07-29 13:00:00,113.19999999999997
2022-07-29 14:00:00,113.29999999999998
2022-07-29 15:00:00,113.66999999999997
2022-07-29 16:00:00,114.14999999999998
2022-07-29 17:00:00,114.52999999999999
2022-07-29 23:00:00,
2022-08-01 07:00:00,113.83999999999997
2022-08-01 08:00:00,113.94999999999997
2022-08-01 09:00:00,114.24999999999999
2022-08-01 10:00:00,114.83999999999997
2022-08-01 11:00:00,114.76999999999998
2022-08-01 12:00:00,114.70999999999998
2022-08-01 13:00:00,114.48999999999998
2022-08-01 14:00:00,115.12999999999998
2022-08-01 15:00:00,115.51999999999997
2022-08-01 16:00:00,115.48999999999997
2022-08-01 17:00:00,115.49999999999999
2022-08-02 07:00:00,116.21
2022-08-02 08:00:00,116.53999999999998
2022-08-02 09:00:00,116.02999999999999
2022-08-02 10:00:00,115.72999999999998
2022-08-02 11:00:00,115.56999999999998
2022-08-02 12:00:00,115.63999999999997
2022-08-02 13:00:00,115.92999999999999
2022-08-02 14:00:00,115.15999999999998
2022-08-02 15:00:00,114.85999999999999
2022-08-02 16:00:00,114.72999999999998
2022-08-02 17:00:00,114.93999999999998
2022-08-02 23:00:00,114.81999999999998
2022-08-03 07:00:00,114.73999999999998
2022-08-03 08:00:00,114.48999999999998
2022-08-03 09:00:00,114.58999999999997
2022-08-03 10:00:00,114.43999999999998
2022-08-03 11:00:00,114.40999999999998
2022-08-03 12:00:00,114.43999999999998
2022-08-03 13:00:00,114.67999999999998
2022-08-03 14:00:00,115.12999999999998
2022-08-03 15:00:00,114.75999999999998
2022-08-03 16:00:00,115.21999999999998
2022-08-03 17:00:00,115.53999999999998
2022-08-03 23:00:00,
2022-08-04 07:00:00,115.37999999999998
2022-08-04 08:00:00,115.25999999999998
2022-08-04 09:00:00,115.32999999999998
2022-08-04 10:00:00,115.72999999999998
2022-08-04 11:00:00,115.53999999999998
2022-08-04 12:00:00,115.89999999999999
2022-08-04 13:00:00,116.10999999999997
2022-08-04 14:00:00,116.07999999999997
2022-08-04 15:00:00,116.11999999999999
2022-08-04 16:00:00,116.23999999999997
2022-08-04 17:00:00,116.13999999999997
2022-08-04 23:00:00,
2022-08-05 07:00:00,116.22999999999998
2022-08-05 08:00:00,116.28999999999998
2022-08-05 09:00:00,116.27999999999999
2022-08-05 10:00:00,116.16999999999997
2022-08-05 11:00:00,116.27999999999999
2022-08-05 12:00:00,116.27999999999999
2022-08-05 13:00:00,115.89999999999999
2022-08-05 14:00:00,115.53999999999998
2022-08-05 15:00:00,115.37999999999998
2022-08-05 16:00:00,115.30999999999997
2022-08-05 17:00:00,115.48999999999997
2022-08-08 07:00:00,115.13999999999999
2022-08-08 08:00:00,115.35999999999997
2022-08-08 09:00:00,115.33999999999997
2022-08-08 10:00:00,115.21999999999998
2022-08-08 11:00:00,115.31999999999998
2022-08-08 12:00:00,115.34999999999998
2022-08-08 13:00:00,115.11999999999998
2022-08-08 14:00:00,115.61999999999999
2022-08-08 15:00:00,115.16999999999997
2022-08-08 16:00:00,115.19999999999997
2022-08-08 17:00:00,115.30999999999997
2022-08-08 23:00:00,
2022-08-09 07:00:00,115.23999999999998
2022-08-09 08:00:00,115.21999999999998
2022-08-09 09:00:00,114.91999999999997
2022-08-09 10:00:00,115.09999999999998
2022-08-09 11:00:00,114.73999999999998
2022-08-09 12:00:00,114.52999999999999
2022-08-09 13:00:00,114.58999999999997
2022-08-09 14:00:00,114.36999999999998
2022-08-09 15:00:00,114.74999999999999
2022-08-09 16:00:00,114.97999999999998
2022-08-09 17:00:00,114.97999999999998
2022-08-10 07:00:00,115.02999999999999
2022-08-10 08:00:00,115.34999999999998
2022-08-10 09:00:00,115.38999999999997
2022-08-10 10:00:00,115.30999999999997
2022-08-10 11:00:00,115.18999999999998
2022-08-10 12:00:00,115.10999999999999
2022-08-10 13:00:00,115.77999999999999
2022-08-10 14:00:00,116.17999999999999
2022-08-10 15:00:00,116.00999999999998
2022-08-10 16:00:00,115.61999999999999
2022-08-10 17:00:00,115.59999999999998
2022-08-11 07:00:00,115.74999999999999
2022-08-11 08:00:00,116.05999999999999
2022-08-11 09:00:00,115.67999999999999
2022-08-11 10:00:00,115.75999999999998
2022-08-11 11:00:00,115.82999999999997
2022-08-11 12:00:00,116.19999999999997
2022-08-11 13:00:00,116.34999999999998
2022-08-11 14:00:00,115.75999999999998
2022-08-11 15:00:00,115.19999999999997
2022-08-11 16:00:00,115.30999999999997
2022-08-11 17:00:00,115.42999999999999
2022-08-12 07:00:00,115.12999999999998
2022-08-12 08:00:00,114.83999999999997
2022-08-12 09:00:00,115.02999999999999
2022-08-12 10:00:00,114.71999999999998
2022-08-12 11:00:00,115.01999999999998
2022-08-12 12:00:00,115.00999999999998
2022-08-12 13:00:00,114.85999999999999
2022-08-12 14:00:00,114.95999999999998
2022-08-12 15:00:00,114.64999999999998
2022-08-12 16:00:00,114.92999999999998
2022-08-12 17:00:00,115.14999999999998
2022-08-15 07:00:00,115.10999999999999
2022-08-15 08:00:00,114.30999999999997
2022-08-15 09:00:00,115.23999999999998
2022-08-15 10:00:00,114.98999999999998
2022-08-15 11:00:00,115.13999999999999
2022-08-15 12:00:00,115.28999999999998
2022-08-15 13:00:00,115.74999999999999
2022-08-15 14:00:00,115.79999999999997
2022-08-15 15:00:00,115.78999999999998
2022-08-15 16:00:00,115.85999999999997
2022-08-15 17:00:00,115.74999999999999
2022-08-16 07:00:00,115.77999999999999
2022-08-16 08:00:00,115.28999999999998
2022-08-16 09:00:00,115.21999999999998
2022-08-16 10:00:00,115.02999999999999
2022-08-16 11:00:00,115.10999999999999
2022-08-16 12:00:00,114.85999999999999
2022-08-16 13:00:00,114.23999999999998
2022-08-16 14:00:00,114.05999999999997
2022-08-16 15:00:00,113.98999999999998
2022-08-16 16:00:00,114.21999999999998
2022-08-16 17:00:00,114.39999999999998
2022-08-17 07:00:00,114.30999999999997
2022-08-17 08:00:00,113.25999999999998
2022-08-17 09:00:00,112.88999999999999
2022-08-17 10:00:00,112.82999999999998
2022-08-17 11:00:00,112.64999999999998
2022-08-17 12:00:00,112.19999999999997
2022-08-17 13:00:00,112.53999999999998
2022-08-17 14:00:00,112.41999999999997
2022-08-17 15:00:00,112.51999999999998
2022-08-17 16:00:00,112.36999999999998
2022-08-17 17:00:00,112.45999999999998
2022-08-18 07:00:00,111.66999999999997
2022-08-18 08:00:00,111.99999999999999
2022-08-18 09:00:00,112.19999999999997
2022-08-18 10:00:00,112.32999999999998
2022-08-18 11:00:00,112.34999999999998
2022-08-18 12:00:00,112.38999999999999
2022-08-18 13:00:00,112.10999999999999
2022-08-18 14:00:00,112.52999999999999
2022-08-18 15:00:00,112.28999999999998
2022-08-18 16:00:00,112.33999999999997
2022-08-18 17:00:00,112.17999999999998
2022-08-19 07:00:00,111.35999999999999
2022-08-19 08:00:00,111.38999999999999
2022-08-19 09:00:00,111.24999999999999
2022-08-19 10:00:00,111.36999999999998
2022-08-19 11:00:00,110.89999999999998
2022-08-19 12:00:00,110.64999999999998
2022-08-19 13:00:00,110.57999999999998
2022-08-19 14:00:00,110.78999999999998
2022-08-19 15:00:00,110.74999999999999
2022-08-19 16:00:00,110.66999999999997
2022-08-19 17:00:00,110.89999999999998
2022-08-22 07:00:00,111.12999999999998
2022-08-22 08:00:00,110.81999999999998
2022-08-22 09:00:00,110.38999999999999
2022-08-22 10:00:00,110.84999999999998
2022-08-22 11:00:00,110.33999999999997
2022-08-22 12:00:00,110.32999999999998
2022-08-22 13:00:00,109.83999999999997
2022-08-22 14:00:00,109.68999999999998
2022-08-22 15:00:00,109.82999999999998
2022-08-22 16:00:00,109.39999999999998
2022-08-22 17:00:00,109.45999999999998
2022-08-23 07:00:00,109.96999999999998
2022-08-23 08:00:00,109.29999999999998
2022-08-23 09:00:00,109.15999999999998
2022-08-23 10:00:00,109.07999999999998
2022-08-23 11:00:00,109.15999999999998
2022-08-23 12:00:00,109.30999999999997
2022-08-23 13:00:00,108.78999999999998
2022-08-23 14:00:00,108.67999999999998
2022-08-23 15:00:00,108.88999999999999
2022-08-23 16:00:00,109.21999999999998
2022-08-23 17:00:00,109.14999999999998
2022-08-24 07:00:00,108.56999999999998
2022-08-24 08:00:00,108.75999999999998
2022-08-24 09:00:00,109.25999999999998
2022-08-24 10:00:00,109.01999999999998
2022-08-24 11:00:00,108.85999999999999
2022-08-24 12:00:00,108.69999999999997
2022-08-24 13:00:00,108.58999999999997
2022-08-24 14:00:00,108.49999999999999
2022-08-24 15:00:00,108.66999999999997
2022-08-24 16:00:00,108.81999999999998
2022-08-24 17:00:00,108.91999999999997
2022-08-25 07:00:00,109.02999999999999
2022-08-25 08:00:00,109.70999999999998
2022-08-25 09:00:00,109.76999999999998
2022-08-25 10:00:00,109.59999999999998
2022-08-25 11:00:00,109.81999999999998
2022-08-25 12:00:00,110.17999999999998
2022-08-25 13:00:00,110.08999999999997
2022-08-25 14:00:00,110.06999999999998
2022-08-25 15:00:00,110.12999999999998
2022-08-25 16:00:00,110.21999999999998
2022-08-25 17:00:00,110.41999999999997
2022-08-26 07:00:00,110.15999999999998
2022-08-26 08:00:00,109.41999999999997
2022-08-26 09:00:00,109.27999999999999
2022-08-26 10:00:00,109.35999999999999
2022-08-26 11:00:00,109.33999999999997
2022-08-26 12:00:00,109.34999999999998
2022-08-26 13:00:00,109.41999999999997
2022-08-26 14:00:00,108.63999999999999
2022-08-26 15:00:00,108.42999999999998
2022-08-26 16:00:00,108.75999999999998
2022-08-26 17:00:00,108.37999999999998
2022-08-29 07:00:00,107.39999999999998
2022-08-29 08:00:00,107.07999999999998
2022-08-29 09:00:00,107.41999999999997
2022-08-29 10:00:00,107.68999999999998
2022-08-29 11:00:00,107.77999999999999
2022-08-29 12:00:00,107.99999999999999
2022-08-29 13:00:00,107.90999999999998
2022-08-29 14:00:00,107.79999999999998
2022-08-29 15:00:00,107.67999999999998
2022-08-29 16:00:00,107.70999999999998
2022-08-29 17:00:00,107.68999999999998
2022-08-30 07:00:00,107.80999999999997
2022-08-30 08:00:00,107.66999999999997
2022-08-30 09:00:00,108.10999999999999
2022-08-30 10:00:00,108.31999999999998
2022-08-30 11:00:00,108.58999999999997
2022-08-30 12:00:00,108.32999999999998
2022-08-30 13:00:00,107.72999999999998
2022-08-30 14:00:00,108.01999999999998
2022-08-30 15:00:00,107.59999999999998
2022-08-30 16:00:00,107.48999999999998
2022-08-30 17:00:00,107.62999999999998
2022-08-31 07:00:00,108.07999999999998
2022-08-31 08:00:00,107.61999999999998
2022-08-31 09:00:00,107.10999999999999
2022-08-31 10:00:00,106.41999999999997
2022-08-31 11:00:00,106.92999999999998
2022-08-31 12:00:00,107.23999999999998
2022-08-31 13:00:00,107.07999999999998
2022-08-31 14:00:00,107.36999999999998
2022-08-31 15:00:00,107.08999999999997
2022-08-31 16:00:00,106.87999999999998
2022-08-31 17:00:00,106.97999999999998
2022-09-01 07:00:00,106.20999999999998
2022-09-01 08:00:00,105.73999999999998
2022-09-01 09:00:00,105.94999999999997
2022-09-01 10:00:00,106.40999999999998
2022-09-01 11:00:00,106.18999999999998
2022-09-01 12:00:00,106.30999999999997
2022-09-01 13:00:00,106.13999999999999
2022-09-01 14:00:00,106.05999999999997
2022-09-01 15:00:00,106.16999999999997
2022-09-01 16:00:00,106.61999999999998
2022-09-01 17:00:00,106.70999999999998
2022-09-01 17:00:01,106.70999999999998
2022-09-02 07:00:00,107.08999999999997
2022-09-02 08:00:00,106.53999999999998
2022-09-02 09:00:00,106.75999999999998
2022-09-02 10:00:00,106.22999999999998
2022-09-02 11:00:00,106.57999999999998
2022-09-02 12:00:00,106.31999999999998
2022-09-02 13:00:00,106.68999999999998
2022-09-02 14:00:00,107.80999999999999
2022-09-02 15:00:00,107.42999999999998
2022-09-02 16:00:00,107.53999999999998
2022-09-02 17:00:00,107.78999999999998
2022-09-05 07:00:00,107.29999999999998
2022-09-05 08:00:00,106.36999999999998
2022-09-05 09:00:00,106.24999999999999
2022-09-05 10:00:00,106.38999999999999
2022-09-05 11:00:00,106.12999999999998
2022-09-05 12:00:00,106.22999999999998
2022-09-05 13:00:00,106.36999999999998
2022-09-05 14:00:00,106.55999999999999
2022-09-05 15:00:00,106.71999999999998
2022-09-05 16:00:00,106.55999999999999
2022-09-05 17:00:00,106.60999999999999
2022-09-06 07:00:00,106.57999999999998
2022-09-06 08:00:00,106.35999999999999
2022-09-06 09:00:00,106.58999999999997
2022-09-06 10:00:00,106.58999999999997
2022-09-06 11:00:00,107.50999999999998
2022-09-06 12:00:00,107.09999999999998
2022-09-06 13:00:00,106.78999999999998
2022-09-06 14:00:00,106.55999999999999
2022-09-06 15:00:00,106.56999999999998
2022-09-06 16:00:00,106.10999999999999
2022-09-06 17:00:00,106.38999999999999
2022-09-07 07:00:00,106.32999999999998
2022-09-07 08:00:00,106.81999999999998
2022-09-07 09:00:00,107.19999999999997
2022-09-07 10:00:00,107.39999999999998
2022-09-07 11:00:00,107.44999999999997
2022-09-07 12:00:00,107.62999999999998
2022-09-07 13:00:00,107.52999999999999
2022-09-07 14:00:00,107.67999999999998
2022-09-07 15:00:00,107.33999999999997
2022-09-07 16:00:00,107.55999999999999
2022-09-07 17:00:00,107.89999999999998
2022-09-08 07:00:00,108.03999999999998
2022-09-08 08:00:00,107.59999999999998
2022-09-08 09:00:00,107.57999999999998
2022-09-08 10:00:00,107.67999999999998
2022-09-08 11:00:00,107.56999999999998
2022-09-08 12:00:00,107.71999999999998
2022-09-08 13:00:00,106.46999999999998
2022-09-08 14:00:00,107.09999999999998
2022-09-08 15:00:00,107.13999999999999
2022-09-08 16:00:00,106.56999999999998
2022-09-08 17:00:00,105.47999999999998
2022-09-09 07:00:00,105.98999999999998
2022-09-09 08:00:00,105.59999999999998
2022-09-09 09:00:00,106.16999999999999
2022-09-09 10:00:00,106.54999999999998
2022-09-09 11:00:00,106.64999999999998
2022-09-09 12:00:00,106.46999999999998
2022-09-09 13:00:00,106.97999999999998
2022-09-09 14:00:00,106.03999999999998
2022-09-09 15:00:00,106.16999999999999
2022-09-09 16:00:00,106.12999999999998
2022-09-09 17:00:00,105.97999999999998
2022-09-12 07:00:00,105.62999999999998
2022-09-12 08:00:00,105.82999999999998
2022-09-12 09:00:00,106.32999999999998
2022-09-12 10:00:00,106.51999999999998
2022-09-12 11:00:00,106.79999999999998
2022-09-12 12:00:00,106.90999999999998
2022-09-12 13:00:00,106.89999999999998
2022-09-12 14:00:00,107.06999999999998
2022-09-12 15:00:00,107.01999999999998
2022-09-12 16:00:00,106.74999999999999
2022-09-12 17:00:00,106.93999999999998
2022-09-13 07:00:00,106.61999999999998
2022-09-13 08:00:00,106.93999999999998
2022-09-13 09:00:00,107.06999999999998
2022-09-13 10:00:00,107.23999999999998
2022-09-13 11:00:00,107.47999999999998
2022-09-13 12:00:00,107.41999999999999
2022-09-13 13:00:00,106.72999999999998
2022-09-13 14:00:00,106.55999999999999
2022-09-13 15:00:00,106.54999999999998
2022-09-13 16:00:00,106.39999999999998
2022-09-13 17:00:00,106.47999999999998
2022-09-14 07:00:00,106.82999999999998
2022-09-14 08:00:00,106.44999999999997
2022-09-14 09:00:00,106.38999999999999
2022-09-14 10:00:00,106.28999999999998
2022-09-14 11:00:00,105.99999999999999
2022-09-14 12:00:00,105.47999999999998
2022-09-14 13:00:00,105.71999999999998
2022-09-14 14:00:00,106.03999999999998
2022-09-14 15:00:00,106.38999999999999
2022-09-14 16:00:00,106.33999999999997
2022-09-14 17:00:00,106.60999999999999
2022-09-14 23:00:00,
2022-09-15 07:00:00,105.97999999999998
2022-09-15 08:00:00,106.00999999999998
2022-09-15 09:00:00,106.15999999999998
2022-09-15 10:00:00,106.26999999999998
2022-09-15 11:00:00,105.88999999999999
2022-09-15 12:00:00,106.10999999999999
2022-09-15 13:00:00,106.57999999999998
2022-09-15 14:00:00,106.41999999999999
2022-09-15 15:00:00,106.39999999999998
2022-09-15 16:00:00,105.79999999999998
2022-09-15 17:00:00,105.96999999999998
2022-09-16 07:00:00,105.43999999999998
2022-09-16 08:00:00,105.80999999999999
2022-09-16 09:00:00,105.58999999999997
2022-09-16 10:00:00,105.48999999999998
2022-09-16 11:00:00,105.68999999999998
2022-09-16 12:00:00,106.08999999999997
2022-09-16 13:00:00,105.79999999999998
2022-09-16 14:00:00,105.64999999999998
2022-09-16 15:00:00,105.83999999999997
2022-09-16 16:00:00,106.07999999999998
2022-09-16 17:00:00,106.10999999999999
2022-09-19 07:00:00,106.36999999999998
2022-09-19 08:00:00,105.69999999999997
2022-09-19 09:00:00,105.54999999999998
2022-09-19 10:00:00,105.53999999999998
2022-09-19 11:00:00,105.41999999999999
2022-09-19 12:00:00,105.48999999999998
2022-09-19 13:00:00,105.82999999999998
2022-09-19 14:00:00,105.59999999999998
2022-09-19 15:00:00,105.77999999999999
2022-09-19 16:00:00,105.52999999999999
2022-09-19 17:00:00,105.59999999999998
2022-09-20 07:00:00,105.49999999999999
2022-09-20 08:00:00,105.15999999999998
2022-09-20 09:00:00,104.96999999999998
2022-09-20 10:00:00,104.70999999999998
2022-09-20 11:00:00,104.71999999999998
2022-09-20 12:00:00,104.55999999999999
2022-09-20 13:00:00,104.34999999999998
2022-09-20 14:00:00,104.17999999999998
2022-09-20 15:00:00,104.36999999999998
2022-09-20 16:00:00,104.50999999999998
2022-09-20 17:00:00,104.81999999999998
2022-09-21 07:00:00,104.72999999999998
2022-09-21 08:00:00,105.13999999999999
2022-09-21 09:00:00,105.10999999999999
2022-09-21 10:00:00,105.15999999999998
2022-09-21 11:00:00,104.78999999999998
2022-09-21 12:00:00,104.92999999999998
2022-09-21 13:00:00,105.15999999999998
2022-09-21 14:00:00,105.19999999999997
2022-09-21 15:00:00,105.14999999999998
2022-09-21 16:00:00,105.14999999999998
2022-09-21 17:00:00,105.24999999999999
2022-09-22 07:00:00,104.63999999999999
2022-09-22 08:00:00,105.35999999999999
2022-09-22 09:00:00,106.06999999999998
2022-09-22 10:00:00,105.99999999999999
2022-09-22 11:00:00,105.97999999999998
2022-09-22 12:00:00,105.72999999999998
2022-09-22 13:00:00,105.58999999999997
2022-09-22 14:00:00,104.59999999999998
2022-09-22 15:00:00,104.59999999999998
2022-09-22 16:00:00,104.82999999999998
2022-09-22 17:00:00,105.04999999999998
2022-09-22 23:00:00,104.47999999999998
2022-09-23 07:00:00,104.66999999999999
2022-09-23 08:00:00,105.34999999999998
2022-09-23 09:00:00,104.61999999999998
2022-09-23 10:00:00,104.04999999999998
2022-09-23 11:00:00,103.16999999999999
2022-09-23 12:00:00,103.54999999999998
2022-09-23 13:00:00,103.76999999999998
2022-09-23 14:00:00,103.75999999999998
2022-09-23 15:00:00,103.45999999999998
2022-09-23 16:00:00,103.15999999999998
2022-09-23 17:00:00,103.27999999999999
2022-09-23 23:00:00,103.03999999999998
2022-09-26 07:00:00,101.74999999999999
2022-09-26 08:00:00,101.89999999999998
2022-09-26 09:00:00,101.94999999999997
2022-09-26 10:00:00,101.67999999999998
2022-09-26 11:00:00,101.90999999999998
2022-09-26 12:00:00,101.63999999999999
2022-09-26 13:00:00,101.89999999999998
2022-09-26 14:00:00,101.60999999999999
2022-09-26 15:00:00,101.66999999999999
2022-09-26 16:00:00,100.99999999999999
2022-09-26 17:00:00,99.85999999999999
2022-09-26 23:00:00,101.72999999999998
2022-09-27 07:00:00,100.29999999999998
2022-09-27 08:00:00,100.67999999999998
2022-09-27 09:00:00,100.47999999999998
2022-09-27 10:00:00,100.49999999999999
2022-09-27 11:00:00,101.27999999999999
2022-09-27 12:00:00,101.23999999999998
2022-09-27 13:00:00,100.52999999999999
2022-09-27 14:00:00,99.81999999999998
2022-09-27 15:00:00,99.65999999999998
2022-09-27 16:00:00,99.23999999999998
2022-09-27 17:00:00,99.39999999999998
2022-09-27 23:00:00,99.46999999999998
2022-09-28 07:00:00,98.67999999999998
2022-09-28 08:00:00,99.03999999999998
2022-09-28 09:00:00,98.38999999999999
2022-09-28 10:00:00,97.89999999999998
2022-09-28 11:00:00,99.55999999999999
2022-09-28 12:00:00,98.24999999999999
2022-09-28 13:00:00,99.98999999999998
2022-09-28 14:00:00,100.29999999999998
2022-09-28 15:00:00,100.18999999999998
2022-09-28 16:00:00,101.40999999999998
2022-09-28 17:00:00,101.45999999999998
2022-09-28 23:00:00,100.64999999999998
2022-09-29 07:00:00,100.35999999999999
2022-09-29 08:00:00,99.83999999999997
2022-09-29 09:00:00,99.75999999999998
2022-09-29 10:00:00,99.95999999999998
2022-09-29 11:00:00,100.05999999999999
2022-09-29 12:00:00,99.50999999999998
2022-09-29 13:00:00,100.26999999999998
2022-09-29 14:00:00,100.32999999999998
2022-09-29 15:00:00,99.88999999999999
2022-09-29 16:00:00,100.22999999999998
2022-09-29 17:00:00,99.79999999999998
2022-09-29 23:00:00,100.20999999999998
2022-09-30 07:00:00,101.29999999999998
2022-09-30 08:00:00,101.31999999999998
2022-09-30 09:00:00,100.99999999999999
2022-09-30 10:00:00,101.10999999999999
2022-09-30 11:00:00,101.46999999999998
2022-09-30 12:00:00,101.40999999999998
2022-09-30 13:00:00,101.42999999999998
2022-09-30 14:00:00,101.74999999999999
2022-09-30 15:00:00,101.05999999999999
2022-09-30 16:00:00,101.55999999999999
2022-09-30 17:00:00,101.67999999999998
2022-09-30 23:00:00,101.35999999999999
2022-10-03 07:00:00,101.13999999999999
2022-10-03 08:00:00,100.87999999999998
2022-10-03 09:00:00,101.37999999999998
2022-10-03 10:00:00,101.32999999999998
2022-10-03 11:00:00,101.40999999999998
2022-10-03 12:00:00,102.52999999999999
2022-10-03 13:00:00,102.88999999999999
2022-10-03 14:00:00,102.86999999999998
2022-10-03 15:00:00,103.97999999999998
2022-10-03 16:00:00,104.25999999999998
2022-10-03 17:00:00,104.22999999999998
2022-10-03 23:00:00,104.28999999999998
2022-10-04 07:00:00,105.36999999999998
2022-10-04 08:00:00,105.57999999999998
2022-10-04 09:00:00,105.48999999999998
2022-10-04 10:00:00,105.61999999999998
2022-10-04 11:00:00,105.56999999999998
2022-10-04 12:00:00,105.39999999999998
2022-10-04 13:00:00,105.20999999999998
2022-10-04 14:00:00,104.88999999999999
2022-10-04 15:00:00,105.18999999999998
2022-10-04 16:00:00,104.91999999999999
2022-10-04 17:00:00,104.91999999999999
2022-10-04 23:00:00,104.78999999999998
2022-10-05 07:00:00,104.23999999999998
2022-10-05 08:00:00,103.87999999999998
2022-10-05 09:00:00,103.54999999999998
2022-10-05 10:00:00,103.32999999999998
2022-10-05 11:00:00,103.86999999999998
2022-10-05 12:00:00,103.42999999999998
2022-10-05 13:00:00,102.99999999999999
2022-10-05 14:00:00,102.57999999999998
2022-10-05 15:00:00,102.24999999999999
2022-10-05 16:00:00,102.01999999999998
2022-10-05 17:00:00,102.27999999999999
2022-10-05 23:00:00,102.19999999999997
2022-10-06 07:00:00,101.91999999999999
2022-10-06 08:00:00,101.78999999999998
2022-10-06 09:00:00,102.62999999999998
2022-10-06 10:00:00,102.31999999999998
2022-10-06 11:00:00,102.20999999999998
2022-10-06 12:00:00,102.45999999999998
2022-10-06 13:00:00,102.32999999999998
2022-10-06 14:00:00,101.86999999999998
2022-10-06 15:00:00,101.61999999999998
2022-10-06 16:00:00,101.62999999999998
2022-10-06 17:00:00,101.61999999999998
2022-10-06 23:00:00,101.59999999999998
2022-10-07 07:00:00,100.78999999999998
2022-10-07 08:00:00,101.13999999999999
2022-10-07 09:00:00,101.07999999999998
2022-10-07 10:00:00,101.07999999999998
2022-10-07 11:00:00,100.68999999999998
2022-10-07 12:00:00,100.79999999999998
2022-10-07 13:00:00,100.23999999999998
2022-10-07 14:00:00,99.96999999999998
2022-10-07 15:00:00,99.89999999999998
2022-10-07 16:00:00,99.86999999999998
2022-10-07 17:00:00,99.82999999999998
2022-10-07 23:00:00,99.85999999999999
2022-10-10 07:00:00,99.29999999999998
2022-10-10 08:00:00,99.75999999999998
2022-10-10 09:00:00,99.86999999999998
2022-10-10 10:00:00,99.74999999999999
2022-10-10 11:00:00,99.41999999999999
2022-10-10 12:00:00,99.58999999999997
2022-10-10 13:00:00,99.70999999999998
2022-10-10 14:00:00,99.46999999999998
2022-10-10 15:00:00,100.23999999999998
2022-10-10 16:00:00,100.54999999999998
2022-10-10 17:00:00,100.56999999999998
2022-10-10 23:00:00,99.96999999999998
2022-10-11 07:00:00,99.76999999999998
2022-10-11 08:00:00,99.95999999999998
2022-10-11 09:00:00,100.11999999999998
2022-10-11 10:00:00,99.46999999999998
2022-10-11 11:00:00,99.72999999999998
2022-10-11 12:00:00,99.62999999999998
2022-10-11 13:00:00,99.81999999999998
2022-10-11 14:00:00,99.51999999999998
2022-10-11 15:00:00,99.90999999999998
2022-10-11 16:00:00,100.18999999999998
2022-10-11 17:00:00,100.29999999999998
2022-10-11 23:00:00,99.97999999999998
2022-10-12 07:00:00,99.83999999999997
2022-10-12 08:00:00,99.87999999999998
2022-10-12 09:00:00,99.87999999999998
2022-10-12 10:00:00,99.29999999999998
2022-10-12 11:00:00,98.99999999999999
2022-10-12 12:00:00,98.75999999999998
2022-10-12 13:00:00,98.58999999999997
2022-10-12 14:00:00,98.70999999999998
2022-10-12 15:00:00,98.76999999999998
2022-10-12 16:00:00,99.64999999999998
2022-10-12 17:00:00,99.54999999999998
2022-10-12 23:00:00,98.80999999999999
2022-10-13 07:00:00,99.12999999999998
2022-10-13 08:00:00,99.51999999999998
2022-10-13 09:00:00,99.97999999999998
2022-10-13 10:00:00,100.20999999999998
2022-10-13 11:00:00,100.39999999999998
2022-10-13 12:00:00,100.71999999999998
2022-10-13 13:00:00,98.80999999999999
2022-10-13 14:00:00,99.54999999999998
2022-10-13 15:00:00,99.57999999999998
2022-10-13 16:00:00,100.25999999999998
2022-10-13 17:00:00,100.35999999999999
2022-10-13 23:00:00,99.47999999999998
2022-10-14 07:00:00,101.34999999999998
2022-10-14 08:00:00,101.11999999999998
2022-10-14 09:00:00,100.78999999999998
2022-10-14 10:00:00,101.02999999999999
2022-10-14 11:00:00,100.98999999999998
2022-10-14 12:00:00,100.59999999999998
2022-10-14 13:00:00,101.17999999999998
2022-10-14 14:00:00,100.23999999999998
2022-10-14 15:00:00,99.63999999999999
2022-10-14 16:00:00,99.17999999999998
2022-10-14 17:00:00,99.30999999999999
2022-10-14 23:00:00,99.15999999999998
2022-10-17 07:00:00,99.82999999999998
2022-10-17 08:00:00,100.05999999999999
2022-10-17 09:00:00,100.03999999999998
2022-10-17 10:00:00,100.08999999999997
2022-10-17 11:00:00,100.23999999999998
2022-10-17 12:00:00,100.17999999999998
2022-10-17 13:00:00,100.42999999999998
2022-10-17 14:00:00,100.38999999999999
2022-10-17 15:00:00,100.23999999999998
2022-10-17 16:00:00,100.47999999999998
2022-10-17 17:00:00,100.29999999999998
2022-10-17 23:00:00,100.09999999999998
2022-10-18 07:00:00,100.25999999999998
2022-10-18 08:00:00,100.19999999999997
2022-10-18 09:00:00,99.75999999999998
2022-10-18 10:00:00,99.56999999999998
2022-10-18 11:00:00,99.67999999999998
2022-10-18 12:00:00,99.83999999999997
2022-10-18 13:00:00,100.55999999999999
2022-10-18 14:00:00,100.70999999999998
2022-10-18 15:00:00,100.97999999999998
2022-10-18 16:00:00,100.14999999999998
2022-10-18 17:00:00,100.48999999999998
2022-10-18 23:00:00,100.51999999999998
2022-10-19 07:00:00,99.86999999999998
2022-10-19 08:00:00,99.85999999999999
2022-10-19 09:00:00,99.62999999999998
2022-10-19 10:00:00,100.09999999999998
2022-10-19 11:00:00,99.89999999999998
2022-10-19 12:00:00,99.50999999999998
2022-10-19 13:00:00,99.53999999999998
2022-10-19 14:00:00,99.75999999999998
2022-10-19 15:00:00,99.62999999999998
2022-10-19 16:00:00,99.39999999999998
2022-10-19 17:00:00,99.32999999999998
2022-10-19 23:00:00,99.64999999999998
2022-10-20 07:00:00,98.72999999999998
2022-10-20 08:00:00,98.75999999999998
2022-10-20 09:00:00,98.87999999999998
2022-10-20 10:00:00,99.35999999999999
2022-10-20 11:00:00,99.68999999999998
2022-10-20 12:00:00,99.57999999999998
2022-10-20 13:00:00,99.25999999999998
2022-10-20 14:00:00,99.62999999999998
2022-10-20 15:00:00,99.89999999999998
2022-10-20 16:00:00,99.64999999999998
2022-10-20 17:00:00,99.49999999999999
2022-10-20 23:00:00,99.87999999999998
2022-10-21 07:00:00,98.87999999999998
2022-10-21 08:00:00,98.88999999999999
2022-10-21 09:00:00,98.80999999999999
2022-10-21 10:00:00,98.72999999999998
2022-10-21 11:00:00,98.53999999999998
2022-10-21 12:00:00,98.46999999999998
2022-10-21 13:00:00,98.83999999999997
2022-10-21 14:00:00,99.54999999999998
2022-10-21 15:00:00,99.38999999999999
2022-10-21 16:00:00,99.67999999999998
2022-10-21 17:00:00,99.56999999999998
2022-10-21 23:00:00,99.40999999999998
2022-10-24 07:00:00,100.71999999999998
2022-10-24 08:00:00,100.62999999999998
2022-10-24 09:00:00,99.89999999999998
2022-10-24 10:00:00,100.38999999999999
2022-10-24 11:00:00,101.09999999999998
2022-10-24 12:00:00,101.32999999999998
2022-10-24 13:00:00,101.36999999999998
2022-10-24 14:00:00,101.28999999999998
2022-10-24 15:00:00,101.22999999999998
2022-10-24 16:00:00,101.19999999999997
2022-10-24 17:00:00,101.25999999999998
2022-10-24 23:00:00,101.00999999999998
2022-10-25 07:00:00,102.38999999999999
2022-10-25 08:00:00,102.40999999999998
2022-10-25 09:00:00,102.29999999999998
2022-10-25 10:00:00,102.17999999999998
2022-10-25 11:00:00,102.28999999999998
2022-10-25 12:00:00,102.16999999999999
2022-10-25 13:00:00,102.38999999999999
2022-10-25 14:00:00,103.15999999999998
2022-10-25 15:00:00,102.88999999999999
2022-10-25 16:00:00,103.24999999999999
2022-10-25 17:00:00,103.18999999999998
2022-10-25 23:00:00,103.18999999999998
2022-10-26 07:00:00,103.24999999999999
2022-10-26 08:00:00,103.33999999999997
2022-10-26 09:00:00,103.14999999999998
2022-10-26 10:00:00,102.65999999999998
2022-10-26 11:00:00,102.74999999999999
2022-10-26 12:00:00,102.61999999999998
2022-10-26 13:00:00,102.82999999999998
2022-10-26 14:00:00,103.24999999999999
2022-10-26 15:00:00,103.48999999999998
2022-10-26 16:00:00,103.79999999999998
2022-10-26 17:00:00,103.72999999999998
2022-10-26 23:00:00,103.78999999999998
2022-10-27 07:00:00,103.30999999999999
2022-10-27 08:00:00,103.11999999999998
2022-10-27 09:00:00,102.92999999999998
2022-10-27 10:00:00,102.97999999999998
2022-10-27 11:00:00,102.78999999999998
2022-10-27 12:00:00,102.85999999999999
2022-10-27 13:00:00,104.14999999999998
2022-10-27 14:00:00,105.10999999999999
2022-10-27 15:00:00,106.19999999999997
2022-10-27 16:00:00,107.03999999999998
2022-10-27 17:00:00,106.70999999999998
2022-10-27 23:00:00,106.49999999999999
2022-10-28 07:00:00,106.17999999999998
2022-10-28 08:00:00,106.23999999999998
2022-10-28 09:00:00,105.97999999999998
2022-10-28 10:00:00,105.46999999999998
2022-10-28 11:00:00,105.40999999999998
2022-10-28 12:00:00,105.10999999999999
2022-10-28 13:00:00,104.86999999999998
2022-10-28 14:00:00,105.30999999999999
2022-10-28 15:00:00,105.27999999999999
2022-10-28 16:00:00,105.36999999999998
2022-10-28 17:00:00,105.64999999999998
2022-10-28 23:00:00,105.66999999999999
2022-10-31 07:00:00,105.09999999999998
2022-10-31 08:00:00,104.58999999999997
2022-10-31 09:00:00,104.31999999999998
2022-10-31 10:00:00,104.96999999999998
2022-10-31 11:00:00,104.86999999999998
2022-10-31 12:00:00,104.94999999999997
2022-10-31 13:00:00,104.69999999999997
2022-10-31 14:00:00,104.53999999999998
2022-10-31 15:00:00,104.05999999999999
2022-10-31 16:00:00,104.12999999999998
2022-10-31 17:00:00,103.97999999999998
2022-10-31 23:00:00,104.02999999999999
2022-11-01 07:00:00,104.35999999999999
2022-11-01 08:00:00,105.11999999999998
2022-11-01 09:00:00,105.16999999999999
2022-11-01 10:00:00,105.34999999999998
2022-11-01 11:00:00,105.46999999999998
2022-11-01 12:00:00,105.67999999999998
2022-11-01 13:00:00,105.13999999999999
2022-11-01 14:00:00,104.33999999999997
2022-11-01 15:00:00,104.58999999999997
2022-11-01 16:00:00,104.51999999999998
2022-11-01 17:00:00,104.66999999999999
2022-11-01 23:00:00,104.64999999999998
2022-11-02 07:00:00,104.52999999999999
2022-11-02 08:00:00,104.27999999999999
2022-11-02 09:00:00,104.17999999999998
2022-11-02 10:00:00,104.21999999999998
2022-11-02 11:00:00,104.19999999999997
2022-11-02 12:00:00,104.13999999999999
2022-11-02 13:00:00,103.93999999999998
2022-11-02 14:00:00,104.48999999999998
2022-11-02 15:00:00,104.28999999999998
2022-11-02 16:00:00,104.22999999999998
2022-11-02 17:00:00,104.22999999999998
2022-11-02 23:00:00,104.19999999999997
2022-11-03 07:00:00,102.75999999999998
2022-11-03 08:00:00,103.03999999999998
2022-11-03 09:00:00,103.12999999999998
2022-11-03 10:00:00,103.19999999999997
2022-11-03 11:00:00,102.99999999999999
2022-11-03 12:00:00,102.84999999999998
2022-11-03 13:00:00,103.29999999999998
2022-11-03 14:00:00,103.65999999999998
2022-11-03 15:00:00,103.19999999999997
2022-11-03 16:00:00,103.08999999999997
2022-11-03 17:00:00,103.14999999999998
2022-11-03 23:00:00,103.04999999999998
2022-11-04 07:00:00,103.13999999999999
2022-11-04 08:00:00,103.42999999999998
2022-11-04 09:00:00,103.36999999999998
2022-11-04 10:00:00,102.90999999999998
2022-11-04 11:00:00,102.76999999999998
2022-11-04 12:00:00,102.74999999999999
2022-11-04 13:00:00,102.61999999999998
2022-11-04 14:00:00,103.07999999999998
2022-11-04 15:00:00,102.54999999999998
2022-11-04 16:00:00,102.63999999999999
2022-11-04 17:00:00,102.92999999999998
2022-11-04 23:00:00,102.60999999999999
2022-11-07 07:00:00,102.22999999999998
2022-11-07 08:00:00,102.41999999999999
2022-11-07 09:00:00,103.08999999999997
2022-11-07 10:00:00,103.10999999999999
2022-11-07 11:00:00,102.87999999999998
2022-11-07 12:00:00,103.01999999999998
2022-11-07 13:00:00,102.94999999999997
2022-11-07 14:00:00,102.55999999999999
2022-11-07 15:00:00,102.68999999999998
2022-11-07 16:00:00,102.44999999999997
2022-11-07 17:00:00,102.53999999999998
2022-11-07 23:00:00,102.62999999999998
2022-11-08 07:00:00,102.26999999999998
2022-11-08 08:00:00,102.17999999999998
2022-11-08 09:00:00,102.79999999999998
2022-11-08 10:00:00,102.70999999999998
2022-11-08 11:00:00,102.61999999999998
2022-11-08 12:00:00,102.62999999999998
2022-11-08 13:00:00,102.74999999999999
2022-11-08 14:00:00,103.32999999999998
2022-11-08 15:00:00,103.58999999999997
2022-11-08 16:00:00,103.39999999999998
2022-11-08 17:00:00,103.39999999999998
2022-11-08 23:00:00,103.51999999999998
2022-11-09 07:00:00,104.06999999999998
2022-11-09 08:00:00,103.66999999999999
2022-11-09 09:00:00,103.50999999999998
2022-11-09 10:00:00,103.80999999999999
2022-11-09 11:00:00,103.92999999999998
2022-11-09 12:00:00,103.79999999999998
2022-11-09 13:00:00,103.50999999999998
2022-11-09 14:00:00,103.55999999999999
2022-11-09 15:00:00,104.32999999999998
2022-11-09 16:00:00,104.43999999999998
2022-11-09 17:00:00,104.49999999999999
2022-11-09 23:00:00,104.45999999999998
2022-11-10 07:00:00,104.45999999999998
2022-11-10 08:00:00,104.51999999999998
2022-11-10 09:00:00,104.28999999999998
2022-11-10 10:00:00,104.31999999999998
2022-11-10 11:00:00,104.34999999999998
2022-11-10 12:00:00,104.40999999999998
2022-11-10 13:00:00,106.46999999999998
2022-11-10 14:00:00,106.96999999999998
2022-11-10 15:00:00,107.23999999999998
2022-11-10 16:00:00,107.26999999999998
2022-11-10 17:00:00,106.87999999999998
2022-11-10 23:00:00,107.23999999999998
2022-11-11 07:00:00,106.82999999999998
2022-11-11 08:00:00,106.87999999999998
2022-11-11 09:00:00,106.44999999999997
2022-11-11 10:00:00,106.14999999999998
2022-11-11 11:00:00,106.01999999999998
2022-11-11 12:00:00,105.74999999999999
2022-11-11 13:00:00,105.51999999999998
2022-11-11 14:00:00,105.49999999999999
2022-11-11 15:00:00,105.33999999999997
2022-11-11 16:00:00,105.25999999999998
2022-11-11 17:00:00,105.30999999999999
2022-11-11 23:00:00,105.26999999999998
2022-11-14 07:00:00,105.18999999999998
2022-11-14 08:00:00,105.50999999999998
2022-11-14 09:00:00,105.23999999999998
2022-11-14 10:00:00,105.73999999999998
2022-11-14 11:00:00,105.62999999999998
2022-11-14 12:00:00,105.68999999999998
2022-11-14 13:00:00,105.74999999999999
2022-11-14 14:00:00,105.76999999999998
2022-11-14 15:00:00,105.45999999999998
2022-11-14 16:00:00,105.57999999999998
2022-11-14 17:00:00,105.64999999999998
2022-11-14 23:00:00,105.35999999999999
2022-11-15 07:00:00,105.89999999999998
2022-11-15 08:00:00,105.61999999999998
2022-11-15 09:00:00,106.39999999999998
2022-11-15 10:00:00,106.57999999999998
2022-11-15 11:00:00,106.81999999999998
2022-11-15 12:00:00,106.60999999999999
2022-11-15 13:00:00,106.87999999999998
2022-11-15 14:00:00,106.94999999999997
2022-11-15 15:00:00,106.85999999999999
2022-11-15 16:00:00,106.79999999999998
2022-11-15 17:00:00,106.81999999999998
2022-11-15 23:00:00,106.95999999999998
2022-11-16 07:00:00,106.89999999999998
2022-11-16 08:00:00,107.18999999999998
2022-11-16 09:00:00,107.34999999999998
2022-11-16 10:00:00,107.31999999999998
2022-11-16 11:00:00,107.44999999999997
2022-11-16 12:00:00,107.51999999999998
2022-11-16 13:00:00,107.91999999999999
2022-11-16 14:00:00,108.27999999999999
2022-11-16 15:00:00,108.09999999999998
2022-11-16 16:00:00,108.02999999999999
2022-11-16 17:00:00,108.37999999999998
2022-11-16 23:00:00,107.99999999999999
2022-11-17 07:00:00,108.44999999999997
2022-11-17 08:00:00,107.80999999999999
2022-11-17 09:00:00,107.86999999999998
2022-11-17 10:00:00,107.63999999999999
2022-11-17 11:00:00,107.74999999999999
2022-11-17 12:00:00,107.38999999999999
2022-11-17 13:00:00,107.29999999999998
2022-11-17 14:00:00,107.41999999999999
2022-11-17 15:00:00,107.62999999999998
2022-11-17 16:00:00,108.08999999999997
2022-11-17 17:00:00,108.08999999999997
2022-11-17 23:00:00,107.74999999999999
2022-11-18 07:00:00,107.99999999999999
2022-11-18 08:00:00,107.02999999999999
2022-11-18 09:00:00,107.29999999999998
2022-11-18 10:00:00,107.63999999999999
2022-11-18 11:00:00,107.58999999999997
2022-11-18 12:00:00,107.94999999999997
2022-11-18 13:00:00,108.04999999999998
2022-11-18 14:00:00,108.34999999999998
2022-11-18 15:00:00,108.66999999999999
2022-11-18 16:00:00,108.44999999999997
2022-11-18 17:00:00,108.41999999999999
2022-11-18 23:00:00,108.61999999999998
2022-11-21 07:00:00,108.47999999999998
2022-11-21 08:00:00,108.19999999999997
2022-11-21 09:00:00,108.02999999999999
2022-11-21 10:00:00,108.05999999999999
2022-11-21 11:00:00,108.00999999999998
2022-11-21 12:00:00,107.88999999999999
2022-11-21 13:00:00,108.38999999999999
2022-11-21 14:00:00,108.60999999999999
2022-11-21 15:00:00,108.28999999999998
2022-11-21 16:00:00,108.03999999999998
2022-11-21 17:00:00,107.79999999999998
2022-11-21 23:00:00,108.15999999999998
2022-11-22 07:00:00,107.84999999999998
2022-11-22 08:00:00,107.74999999999999
2022-11-22 09:00:00,107.96999999999998
2022-11-22 10:00:00,107.99999999999999
2022-11-22 11:00:00,108.14999999999998
2022-11-22 12:00:00,107.97999999999998
2022-11-22 13:00:00,108.10999999999999
2022-11-22 14:00:00,108.34999999999998
2022-11-22 15:00:00,108.21999999999998
2022-11-22 16:00:00,108.30999999999999
2022-11-22 17:00:00,108.20999999999998
2022-11-22 23:00:00,108.24999999999999
2022-11-23 07:00:00,108.01999999999998
2022-11-23 08:00:00,108.58999999999997
2022-11-23 09:00:00,108.65999999999998
2022-11-23 10:00:00,108.60999999999999
2022-11-23 11:00:00,108.60999999999999
2022-11-23 12:00:00,108.64999999999998
2022-11-23 13:00:00,108.89999999999998
2022-11-23 14:00:00,109.67999999999998
2022-11-23 15:00:00,109.61999999999998
2022-11-23 16:00:00,109.37999999999998
2022-11-23 17:00:00,109.35999999999999
2022-11-23 23:00:00,109.64999999999998
2022-11-24 07:00:00,109.96999999999998
2022-11-24 08:00:00,110.17999999999998
2022-11-24 09:00:00,110.36999999999998
2022-11-24 10:00:00,110.92999999999998
2022-11-24 11:00:00,110.82999999999998
2022-11-24 12:00:00,110.88999999999999
2022-11-24 13:00:00,110.63999999999999
2022-11-24 14:00:00,110.65999999999998
2022-11-24 15:00:00,110.72999999999998
2022-11-24 16:00:00,110.79999999999998
2022-11-24 17:00:00,110.73999999999998
2022-11-24 23:00:00,110.75999999999998
2022-11-25 07:00:00,110.11999999999998
2022-11-25 08:00:00,110.17999999999998
2022-11-25 09:00:00,109.95999999999998
2022-11-25 10:00:00,109.89999999999998
2022-11-25 11:00:00,109.39999999999998
2022-11-25 12:00:00,109.31999999999998
2022-11-25 13:00:00,109.00999999999998
2022-11-25 14:00:00,108.67999999999998
2022-11-25 15:00:00,108.70999999999998
2022-11-25 16:00:00,108.93999999999998
2022-11-25 17:00:00,109.03999999999998
2022-11-25 23:00:00,108.81999999999998
2022-11-28 07:00:00,109.00999999999998
2022-11-28 08:00:00,108.62999999999998
2022-11-28 09:00:00,108.34999999999998
2022-11-28 10:00:00,108.46999999999998
2022-11-28 11:00:00,107.99999999999999
2022-11-28 12:00:00,108.27999999999999
2022-11-28 13:00:00,108.14999999999998
2022-11-28 14:00:00,108.11999999999998
2022-11-28 15:00:00,108.23999999999998
2022-11-28 16:00:00,108.34999999999998
2022-11-28 17:00:00,108.26999999999998
2022-11-28 23:00:00,108.35999999999999
2022-11-29 07:00:00,109.02999999999999
2022-11-29 08:00:00,109.79999999999998
2022-11-29 09:00:00,109.30999999999999
2022-11-29 10:00:00,109.67999999999998
2022-11-29 11:00:00,109.81999999999998
2022-11-29 12:00:00,109.86999999999998
2022-11-29 13:00:00,109.18999999999998
2022-11-29 14:00:00,109.06999999999998
2022-11-29 15:00:00,109.32999999999998
2022-11-29 16:00:00,109.28999999999998
2022-11-29 17:00:00,109.16999999999999
2022-11-29 23:00:00,109.41999999999999
2022-11-30 07:00:00,108.59999999999998
2022-11-30 08:00:00,109.07999999999998
2022-11-30 09:00:00,109.23999999999998
2022-11-30 10:00:00,108.84999999999998
2022-11-30 11:00:00,109.00999999999998
2022-11-30 12:00:00,109.00999999999998
2022-11-30 13:00:00,108.54999999999998
2022-11-30 14:00:00,108.84999999999998
2022-11-30 15:00:00,108.82999999999998
2022-11-30 16:00:00,108.70999999999998
2022-11-30 17:00:00,108.79999999999998
2022-11-30 17:00:01,108.79999999999998
2022-11-30 23:00:00,108.75999999999999
2022-12-01 07:00:00,109.85
2022-12-01 08:00:00,110.00999999999999
2022-12-01 09:00:00,109.96
2022-12-01 10:00:00,110.17999999999999
2022-12-01 11:00:00,110.17999999999999
2022-12-01 12:00:00,110.35999999999999
2022-12-01 13:00:00,110.41999999999999
2022-12-01 14:00:00,110.50999999999999
2022-12-01 15:00:00,110.42999999999999
2022-12-01 16:00:00,110.48999999999998
2022-12-01 17:00:00,110.53999999999999
2022-12-01 23:00:00,110.46999999999998
2022-12-02 07:00:00,110.49999999999999
2022-12-02 08:00:00,110.85
2022-12-02 09:00:00,110.96999999999998
2022-12-02 10:00:00,110.82999999999998
2022-12-02 11:00:00,110.85999999999999
2022-12-02 12:00:00,110.80999999999999
2022-12-02 13:00:00,110.13999999999999
2022-12-02 14:00:00,109.85
2022-12-02 15:00:00,109.72999999999999
2022-12-02 16:00:00,109.80999999999999
2022-12-02 17:00:00,109.80999999999999
2022-12-02 23:00:00,109.71999999999998
2022-12-05 07:00:00,109.74999999999999
2022-12-05 08:00:00,109.78999999999999
2022-12-05 09:00:00,109.93999999999998
2022-12-05 10:00:00,110.12999999999998
2022-12-05 11:00:00,110.29999999999998
2022-12-05 12:00:00,110.43999999999998
2022-12-05 13:00:00,110.1
2022-12-05 14:00:00,109.99999999999999
2022-12-05 15:00:00,109.87999999999998
2022-12-05 16:00:00,109.88999999999999
2022-12-05 17:00:00,109.88999999999999
2022-12-05 23:00:00,109.85
2022-12-06 07:00:00,109.69999999999999
2022-12-06 08:00:00,110.43999999999998
2022-12-06 09:00:00,110.30999999999999
2022-12-06 10:00:00,110.51999999999998
2022-12-06 11:00:00,110.38999999999999
2022-12-06 12:00:00,110.51999999999998
2022-12-06 13:00:00,110.82999999999998
2022-12-06 14:00:00,110.79999999999998
2022-12-06 15:00:00,110.62999999999998
2022-12-06 16:00:00,111.02999999999999
2022-12-06 17:00:00,111.07999999999998
2022-12-06 23:00:00,110.76999999999998
2022-12-07 07:00:00,111.67999999999999
2022-12-07 08:00:00,111.48999999999998
2022-12-07 09:00:00,111.27999999999999
2022-12-07 10:00:00,110.98999999999998
2022-12-07 11:00:00,110.76999999999998
2022-12-07 12:00:00,110.62999999999998
2022-12-07 13:00:00,111.21
2022-12-07 14:00:00,111.22999999999999
2022-12-07 15:00:00,111.48999999999998
2022-12-07 16:00:00,111.46999999999998
2022-12-07 17:00:00,111.53999999999999
2022-12-07 23:00:00,111.39999999999999
2022-12-08 07:00:00,111.37999999999998
2022-12-08 08:00:00,111.32999999999998
2022-12-08 09:00:00,111.35999999999999
2022-12-08 10:00:00,111.26999999999998
2022-12-08 11:00:00,111.21
2022-12-08 12:00:00,111.25999999999999
2022-12-08 13:00:00,110.99999999999999
2022-12-08 14:00:00,110.58999999999999
2022-12-08 15:00:00,110.82
2022-12-08 16:00:00,110.62999999999998
2022-12-08 17:00:00,110.37999999999998
2022-12-08 23:00:00,110.64999999999999
2022-12-09 07:00:00,110.29999999999998
2022-12-09 08:00:00,110.04999999999998
2022-12-09 09:00:00,109.75999999999999
2022-12-09 10:00:00,110.1
2022-12-09 11:00:00,109.96
2022-12-09 12:00:00,110.05999999999999
2022-12-09 13:00:00,109.92999999999999
2022-12-09 14:00:00,109.60999999999999
2022-12-09 15:00:00,109.52999999999999
2022-12-09 16:00:00,109.28999999999999
2022-12-09 17:00:00,109.23999999999998
2022-12-09 23:00:00,109.47999999999999
2022-12-12 07:00:00,109.48999999999998
2022-12-12 08:00:00,109.50999999999999
2022-12-12 09:00:00,109.48999999999998
2022-12-12 10:00:00,109.73999999999998
2022-12-12 11:00:00,109.71
2022-12-12 12:00:00,109.65999999999998
2022-12-12 13:00:00,109.82
2022-12-12 14:00:00,109.77999999999999
2022-12-12 15:00:00,109.62999999999998
2022-12-12 16:00:00,109.40999999999998
2022-12-12 17:00:00,109.43999999999998
2022-12-12 23:00:00,109.43999999999998
2022-12-13 07:00:00,109.35
2022-12-13 08:00:00,109.23999999999998
2022-12-13 09:00:00,109.35999999999999
2022-12-13 10:00:00,109.42999999999999
2022-12-13 11:00:00,109.55999999999999
2022-12-13 12:00:00,109.57
2022-12-13 13:00:00,110.39999999999999
2022-12-13 14:00:00,110.27999999999999
2022-12-13 15:00:00,109.82999999999998
2022-12-13 16:00:00,109.71999999999998
2022-12-13 17:00:00,109.73999999999998
2022-12-13 23:00:00,109.86999999999999
2022-12-14 07:00:00,109.86999999999999
2022-12-14 08:00:00,109.6
2022-12-14 09:00:00,109.21999999999998
2022-12-14 10:00:00,108.96999999999998
2022-12-14 11:00:00,108.75999999999999
2022-12-14 12:00:00,108.77999999999999
2022-12-14 13:00:00,108.77999999999999
2022-12-14 14:00:00,109.33999999999999
2022-12-14 15:00:00,109.36999999999999
2022-12-14 16:00:00,109.24999999999999
2022-12-14 17:00:00,109.17999999999999
2022-12-14 23:00:00,109.32999999999998
2022-12-15 07:00:00,108.85999999999999
2022-12-15 08:00:00,108.85999999999999
2022-12-15 09:00:00,109.19999999999999
2022-12-15 10:00:00,109.10999999999999
2022-12-15 11:00:00,108.93999999999998
2022-12-15 12:00:00,108.89999999999999
2022-12-15 13:00:00,107.15999999999998
2022-12-15 14:00:00,106.58999999999999
2022-12-15 15:00:00,106.74999999999999
2022-12-15 16:00:00,106.53999999999999
2022-12-15 17:00:00,106.35
2022-12-15 23:00:00,106.71
2022-12-16 07:00:00,105.12999999999998
2022-12-16 08:00:00,104.98999999999998
2022-12-16 09:00:00,104.49999999999999
2022-12-16 10:00:00,104.6
2022-12-16 11:00:00,104.85
2022-12-16 12:00:00,105.26999999999998
2022-12-16 13:00:00,104.85
2022-12-16 14:00:00,104.92999999999999
2022-12-16 15:00:00,105.25999999999999
2022-12-16 16:00:00,105.29999999999998
2022-12-16 17:00:00,105.55999999999999
2022-12-16 23:00:00,105.27999999999999
2022-12-19 07:00:00,104.98999999999998
2022-12-19 08:00:00,105.1
2022-12-19 09:00:00,104.44999999999999
2022-12-19 10:00:00,104.67999999999999
2022-12-19 11:00:00,104.57
2022-12-19 12:00:00,104.48999999999998
2022-12-19 13:00:00,104.35
2022-12-19 14:00:00,104.35
2022-12-19 15:00:00,104.67999999999999
2022-12-19 16:00:00,104.55999999999999
2022-12-19 17:00:00,104.60999999999999
2022-12-19 23:00:00,104.60999999999999
2022-12-20 07:00:00,103.55999999999999
2022-12-20 08:00:00,103.96999999999998
2022-12-20 09:00:00,103.76999999999998
2022-12-20 10:00:00,103.96999999999998
2022-12-20 11:00:00,104.10999999999999
2022-12-20 12:00:00,103.88999999999999
2022-12-20 13:00:00,103.74999999999999
2022-12-20 14:00:00,103.55999999999999
2022-12-20 15:00:00,103.74999999999999
2022-12-20 16:00:00,103.64999999999999
2022-12-20 17:00:00,103.76999999999998
2022-12-20 23:00:00,103.66999999999999
2022-12-21 07:00:00,103.85
2022-12-21 08:00:00,104.02999999999999
2022-12-21 09:00:00,104.29999999999998
2022-12-21 10:00:00,104.36999999999999
2022-12-21 11:00:00,104.39999999999999
2022-12-21 12:00:00,104.51999999999998
2022-12-21 13:00:00,104.47999999999999
2022-12-21 14:00:00,104.17999999999999
2022-12-21 15:00:00,104.16999999999999
2022-12-21 16:00:00,104.02999999999999
2022-12-21 17:00:00,104.11999999999999
2022-12-21 23:00:00,104.07999999999998
2022-12-22 07:00:00,104.10999999999999
2022-12-22 08:00:00,104.43999999999998
2022-12-22 09:00:00,104.22999999999999
2022-12-22 10:00:00,104.21
2022-12-22 11:00:00,103.99999999999999
2022-12-22 12:00:00,103.72999999999999
2022-12-22 13:00:00,103.49999999999999
2022-12-22 14:00:00,103.50999999999999
2022-12-22 15:00:00,103.74999999999999
2022-12-22 16:00:00,103.66999999999999
2022-12-22 17:00:00,103.82999999999998
2022-12-22 23:00:00,103.74999999999999
2022-12-23 07:00:00,103.62999999999998
2022-12-23 08:00:00,103.35999999999999
2022-12-23 09:00:00,103.37999999999998
2022-12-23 10:00:00,103.46
2022-12-23 11:00:00,103.47999999999999
2022-12-23 12:00:00,103.38999999999999
2022-12-23 13:00:00,103.33999999999999
2022-12-23 14:00:00,103.14999999999999
2022-12-23 15:00:00,103.38999999999999
2022-12-23 16:00:00,103.46999999999998
2022-12-23 17:00:00,103.53999999999999
2022-12-23 23:00:00,103.40999999999998
2022-12-27 07:00:00,103.16999999999999
2022-12-27 08:00:00,102.68999999999998
2022-12-27 09:00:00,102.37999999999998
2022-12-27 10:00:00,102.21
2022-12-27 11:00:00,102.54999999999998
2022-12-27 12:00:00,102.80999999999999
2022-12-27 13:00:00,102.41999999999999
2022-12-27 14:00:00,102.47999999999999
2022-12-27 15:00:00,102.21999999999998
2022-12-27 16:00:00,102.33999999999999
2022-12-27 17:00:00,102.26999999999998
2022-12-27 23:00:00,102.32
2022-12-28 07:00:00,102.49999999999999
2022-12-28 08:00:00,102.35
2022-12-28 09:00:00,102.47999999999999
2022-12-28 10:00:00,102.68999999999998
2022-12-28 11:00:00,102.64999999999999
2022-12-28 12:00:00,102.72999999999999
2022-12-28 13:00:00,102.26999999999998
2022-12-28 14:00:00,102.12999999999998
2022-12-28 15:00:00,101.89999999999999
2022-12-28 16:00:00,102.28999999999999
2022-12-28 17:00:00,102.37999999999998
2022-12-28 23:00:00,102.07
2022-12-29 07:00:00,102.35999999999999
2022-12-29 08:00:00,102.52999999999999
2022-12-29 09:00:00,102.57999999999998
2022-12-29 10:00:00,102.41999999999999
2022-12-29 11:00:00,102.21
2022-12-29 12:00:00,102.21999999999998
2022-12-29 13:00:00,102.64999999999999
2022-12-29 14:00:00,102.73999999999998
2022-12-29 15:00:00,102.73999999999998
2022-12-29 16:00:00,103.28999999999999
2022-12-29 17:00:00,103.11999999999999
2022-12-29 23:00:00,102.96
2022-12-30 07:00:00,102.92999999999999
2022-12-30 08:00:00,102.25999999999999
2022-12-30 09:00:00,102.23999999999998
2022-12-30 10:00:00,102.14999999999999
2022-12-30 11:00:00,102.32999999999998
2022-12-30 12:00:00,102.43999999999998
2022-12-30 13:00:00,102.21
2022-12-30 14:00:00,102.03999999999999
2022-12-30 15:00:00,102.13999999999999
2022-12-30 16:00:00,101.63999999999999
2022-12-30 17:00:00,101.58999999999999
2022-12-30 23:00:00,101.83999999999999
2023-01-02 07:00:00,101.85
2023-01-02 08:00:00,102.23999999999998
2023-01-02 09:00:00,102.33999999999999
2023-01-02 10:00:00,102.47999999999999
2023-01-02 11:00:00,102.88999999999999
2023-01-02 12:00:00,102.82
2023-01-02 13:00:00,102.97999999999999
2023-01-02 14:00:00,102.92999999999999
2023-01-02 15:00:00,102.93999999999998
2023-01-02 16:00:00,102.99999999999999
2023-01-02 17:00:00,103.01999999999998
2023-01-02 23:00:00,102.88999999999999
2023-01-03 07:00:00,102.62999999999998
2023-01-03 08:00:00,102.97999999999999
2023-01-03 09:00:00,103.89999999999999
2023-01-03 10:00:00,103.85
2023-01-03 11:00:00,103.40999999999998
2023-01-03 12:00:00,103.36999999999999
2023-01-03 13:00:00,103.49999999999999
2023-01-03 14:00:00,103.67999999999999
2023-01-03 15:00:00,103.57
2023-01-03 16:00:00,103.51999999999998
2023-01-03 17:00:00,103.60999999999999
2023-01-03 23:00:00,103.54999999999998
2023-01-04 07:00:00,104.92999999999999
2023-01-04 08:00:00,104.73999999999998
2023-01-04 09:00:00,104.75999999999999
2023-01-04 10:00:00,104.88999999999999
2023-01-04 11:00:00,105.16999999999999
2023-01-04 12:00:00,104.83999999999999
2023-01-04 13:00:00,104.97999999999999
2023-01-04 14:00:00,105.21999999999998
2023-01-04 15:00:00,105.35
2023-01-04 16:00:00,105.53999999999999
2023-01-04 17:00:00,105.32999999999998
2023-01-04 23:00:00,105.40999999999998
2023-01-05 07:00:00,104.99999999999999
2023-01-05 08:00:00,105.00999999999999
2023-01-05 09:00:00,105.32999999999998
2023-01-05 10:00:00,105.37999999999998
2023-01-05 11:00:00,105.64999999999999
2023-01-05 12:00:00,105.40999999999998
2023-01-05 13:00:00,104.77999999999999
2023-01-05 14:00:00,104.71999999999998
2023-01-05 15:00:00,104.87999999999998
2023-01-05 16:00:00,105.07999999999998
2023-01-05 17:00:00,105.14999999999999
2023-01-05 23:00:00,105.00999999999999
2023-01-06 07:00:00,105.26999999999998
2023-01-06 08:00:00,104.82999999999998
2023-01-06 09:00:00,104.77999999999999
2023-01-06 10:00:00,104.90999999999998
2023-01-06 11:00:00,105.21999999999998
2023-01-06 12:00:00,105.1
2023-01-06 13:00:00,105.74999999999999
2023-01-06 14:00:00,105.54999999999998
2023-01-06 15:00:00,106.36999999999999
2023-01-06 16:00:00,106.13999999999999
2023-01-06 17:00:00,106.11999999999999
2023-01-06 23:00:00,106.40999999999998
2023-01-09 07:00:00,105.52999999999999
2023-01-09 08:00:00,105.37999999999998
2023-01-09 09:00:00,105.33999999999999
2023-01-09 10:00:00,105.44999999999999
2023-01-09 11:00:00,105.48999999999998
2023-01-09 12:00:00,105.51999999999998
2023-01-09 13:00:00,105.35999999999999
2023-01-09 14:00:00,105.87999999999998
2023-01-09 15:00:00,106.1
2023-01-09 16:00:00,106.42999999999999
2023-01-09 17:00:00,106.29999999999998
2023-01-09 23:00:00,106.39999999999999
2023-01-10 07:00:00,105.94999999999999
2023-01-10 08:00:00,105.82
2023-01-10 09:00:00,105.82
2023-01-10 10:00:00,105.99999999999999
2023-01-10 11:00:00,105.82
2023-01-10 12:00:00,106.07
2023-01-10 13:00:00,106.30999999999999
2023-01-10 14:00:00,106.25999999999999
2023-01-10 15:00:00,106.15999999999998
2023-01-10 16:00:00,106.14999999999999
2023-01-10 17:00:00,106.15999999999998
2023-01-10 23:00:00,106.28999999999999
2023-01-11 07:00:00,106.60999999999999
2023-01-11 08:00:00,106.86999999999999
2023-01-11 09:00:00,107.43999999999998
2023-01-11 10:00:00,107.19999999999999
2023-01-11 11:00:00,107.25999999999999
2023-01-11 12:00:00,107.30999999999999
2023-01-11 13:00:00,107.32
2023-01-11 14:00:00,107.85
2023-01-11 15:00:00,107.68999999999998
2023-01-11 16:00:00,107.90999999999998
2023-01-11 17:00:00,107.99999999999999
2023-01-11 23:00:00,107.82
2023-01-12 07:00:00,108.22999999999999
2023-01-12 08:00:00,108.48999999999998
2023-01-12 09:00:00,108.21
2023-01-12 10:00:00,108.23999999999998
2023-01-12 11:00:00,108.55999999999999
2023-01-12 12:00:00,108.62999999999998
2023-01-12 13:00:00,109.29999999999998
2023-01-12 14:00:00,108.36999999999999
2023-01-12 15:00:00,108.21
2023-01-12 16:00:00,108.23999999999998
2023-01-12 17:00:00,108.47999999999999
2023-01-12 23:00:00,108.35
2023-01-13 07:00:00,108.41999999999999
2023-01-13 08:00:00,109.00999999999999
2023-01-13 09:00:00,109.27999999999999
2023-01-13 10:00:00,109.35999999999999
2023-01-13 11:00:00,108.98999999999998
2023-01-13 12:00:00,108.76999999999998
2023-01-13 13:00:00,108.57999999999998
2023-01-13 14:00:00,108.73999999999998
2023-01-13 15:00:00,108.52999999999999
2023-01-13 16:00:00,108.14999999999999
2023-01-13 17:00:00,108.19999999999999
2023-01-13 23:00:00,108.33999999999999
2023-01-16 07:00:00,108.32
2023-01-16 08:00:00,107.55999999999999
2023-01-16 09:00:00,107.46
2023-01-16 10:00:00,107.71
2023-01-16 11:00:00,107.80999999999999
2023-01-16 12:00:00,107.72999999999999
2023-01-16 13:00:00,108.11999999999999
2023-01-16 14:00:00,108.04999999999998
2023-01-16 15:00:00,108.22999999999999
2023-01-16 16:00:00,108.07
2023-01-16 17:00:00,108.01999999999998
2023-01-16 23:00:00,108.16999999999999
2023-01-17 07:00:00,107.74999999999999
2023-01-17 08:00:00,107.85
2023-01-17 09:00:00,107.60999999999999
2023-01-17 10:00:00,107.79999999999998
2023-01-17 11:00:00,107.78999999999999
2023-01-17 12:00:00,107.75999999999999
2023-01-17 13:00:00,107.86999999999999
2023-01-17 14:00:00,108.36999999999999
2023-01-17 15:00:00,109.27999999999999
2023-01-17 16:00:00,109.25999999999999
2023-01-17 17:00:00,109.16999999999999
2023-01-17 23:00:00,109.39999999999999
2023-01-18 07:00:00,109.44999999999999
2023-01-18 08:00:00,109.28999999999999
2023-01-18 09:00:00,109.07
2023-01-18 10:00:00,109.57999999999998
2023-01-18 11:00:00,109.82999999999998
2023-01-18 12:00:00,109.97999999999999
2023-01-18 13:00:00,110.38999999999999
2023-01-18 14:00:00,110.85999999999999
2023-01-18 15:00:00,111.13999999999999
2023-01-18 16:00:00,110.55999999999999
2023-01-18 17:00:00,110.78999999999999
2023-01-18 23:00:00,110.96
2023-01-19 07:00:00,110.53999999999999
2023-01-19 08:00:00,110.63999999999999
2023-01-19 09:00:00,110.43999999999998
2023-01-19 10:00:00,110.44999999999999
2023-01-19 11:00:00,109.93999999999998
2023-01-19 12:00:00,109.65999999999998
2023-01-19 13:00:00,110.07999999999998
2023-01-19 14:00:00,110.46999999999998
2023-01-19 15:00:00,110.41999999999999
2023-01-19 16:00:00,110.49999999999999
2023-01-19 17:00:00,110.33999999999999
2023-01-19 23:00:00,110.44999999999999
2023-01-20 07:00:00,110.13999999999999
2023-01-20 08:00:00,109.57999999999998
2023-01-20 09:00:00,109.17999999999999
2023-01-20 10:00:00,109.35999999999999
2023-01-20 11:00:00,109.13999999999999
2023-01-20 12:00:00,109.30999999999999
2023-01-20 13:00:00,109.08999999999999
2023-01-20 14:00:00,108.82
2023-01-20 15:00:00,108.71999999999998
2023-01-20 16:00:00,108.44999999999999
2023-01-20 17:00:00,108.49999999999999
2023-01-20 23:00:00,108.61999999999999
2023-01-23 07:00:00,108.08999999999999
2023-01-23 08:00:00,108.64999999999999
2023-01-23 09:00:00,108.49999999999999
2023-01-23 10:00:00,108.13999999999999
2023-01-23 11:00:00,108.21999999999998
2023-01-23 12:00:00,108.16999999999999
2023-01-23 13:00:00,108.05999999999999
2023-01-23 14:00:00,108.00999999999999
2023-01-23 15:00:00,108.26999999999998
2023-01-23 16:00:00,108.12999999999998
2023-01-23 17:00:00,108.15999999999998
2023-01-23 23:00:00,108.27999999999999
2023-01-24 07:00:00,108.40999999999998
2023-01-24 08:00:00,108.57999999999998
2023-01-24 09:00:00,108.71
2023-01-24 10:00:00,108.50999999999999
2023-01-24 11:00:00,108.39999999999999
2023-01-24 12:00:00,108.43999999999998
2023-01-24 13:00:00,108.27999999999999
2023-01-24 14:00:00,108.32
2023-01-24 15:00:00,108.98999999999998
2023-01-24 16:00:00,109.18999999999998
2023-01-24 17:00:00,109.11999999999999
2023-01-24 23:00:00,109.08999999999999
2023-01-25 07:00:00,109.35999999999999
2023-01-25 08:00:00,109.67999999999999
2023-01-25 09:00:00,109.53999999999999
2023-01-25 10:00:00,109.41999999999999
2023-01-25 11:00:00,109.37999999999998
2023-01-25 12:00:00,109.61999999999999
2023-01-25 13:00:00,109.22999999999999
2023-01-25 14:00:00,109.13999999999999
2023-01-25 15:00:00,108.82
2023-01-25 16:00:00,108.90999999999998
2023-01-25 17:00:00,108.86999999999999
2023-01-25 23:00:00,108.71
2023-01-26 07:00:00,108.94999999999999
2023-01-26 08:00:00,109.01999999999998
2023-01-26 09:00:00,108.46
2023-01-26 10:00:00,108.68999999999998
2023-01-26 11:00:00,108.49999999999999
2023-01-26 12:00:00,108.63999999999999
2023-01-26 13:00:00,108.43999999999998
2023-01-26 14:00:00,108.28999999999999
2023-01-26 15:00:00,108.22999999999999
2023-01-26 16:00:00,108.13999999999999
2023-01-26 17:00:00,108.35999999999999
2023-01-26 23:00:00,108.11999999999999
2023-01-27 07:00:00,107.94999999999999
2023-01-27 08:00:00,107.53999999999999
2023-01-27 09:00:00,107.32999999999998
2023-01-27 10:00:00,107.21999999999998
2023-01-27 11:00:00,107.33999999999999
2023-01-27 12:00:00,107.61999999999999
2023-01-27 13:00:00,107.66999999999999
2023-01-27 14:00:00,107.49999999999999
2023-01-27 15:00:00,107.53999999999999
2023-01-27 16:00:00,107.57
2023-01-27 17:00:00,107.49999999999999
2023-01-27 23:00:00,107.52999999999999
2023-01-30 07:00:00,107.89999999999999
2023-01-30 08:00:00,106.85
2023-01-30 09:00:00,106.89999999999999
2023-01-30 10:00:00,106.85
2023-01-30 11:00:00,106.71999999999998
2023-01-30 12:00:00,106.86999999999999
2023-01-30 13:00:00,107.04999999999998
2023-01-30 14:00:00,107.11999999999999
2023-01-30 15:00:00,106.82
2023-01-30 16:00:00,106.66999999999999
2023-01-30 17:00:00,106.68999999999998
2023-01-30 23:00:00,106.82999999999998
2023-01-31 07:00:00,107.37999999999998
2023-01-31 08:00:00,107.02999999999999
2023-01-31 09:00:00,107.08999999999999
2023-01-31 10:00:00,106.86999999999999
2023-01-31 11:00:00,106.85999999999999
2023-01-31 12:00:00,107.05999999999999
2023-01-31 13:00:00,107.21
2023-01-31 14:00:00,107.22999999999999
2023-01-31 15:00:00,106.83999999999999
2023-01-31 16:00:00,107.07
2023-01-31 17:00:00,107.07999999999998
2023-01-31 23:00:00,107.03999999999999
2023-02-01 07:00:00,107.36999999999999
2023-02-01 08:00:00,107.62999999999998
2023-02-01 09:00:00,107.55999999999999
2023-02-01 10:00:00,107.28999999999999
2023-02-01 11:00:00,107.40999999999998
2023-02-01 12:00:00,107.29999999999998
2023-02-01 13:00:00,107.43999999999998
2023-02-01 14:00:00,107.25999999999999
2023-02-01 15:00:00,106.94999999999999
2023-02-01 16:00:00,107.04999999999998
2023-02-01 17:00:00,107.14999999999999
2023-02-01 23:00:00,106.85999999999999
2023-02-02 07:00:00,107.65999999999998
2023-02-02 08:00:00,107.80999999999999
2023-02-02 09:00:00,107.82
2023-02-02 10:00:00,107.52999999999999
2023-02-02 11:00:00,107.89999999999999
2023-02-02 12:00:00,108.47999999999999
2023-02-02 13:00:00,109.98999999999998
2023-02-02 14:00:00,110.04999999999998
2023-02-02 15:00:00,110.88999999999999
2023-02-02 16:00:00,110.74999999999999
2023-02-02 17:00:00,110.83999999999999
2023-02-02 23:00:00,111.02999999999999
2023-02-03 07:00:00,110.30999999999999
2023-02-03 08:00:00,109.94999999999999
2023-02-03 09:00:00,109.92999999999999
2023-02-03 10:00:00,110.07999999999998
2023-02-03 11:00:00,110.21
2023-02-03 12:00:00,110.37999999999998
2023-02-03 13:00:00,109.92999999999999
2023-02-03 14:00:00,109.54999999999998
2023-02-03 15:00:00,109.40999999999998
2023-02-03 16:00:00,109.57999999999998
2023-02-03 17:00:00,109.54999999999998
2023-02-03 23:00:00,109.43999999999998
2023-02-06 07:00:00,108.96999999999998
2023-02-06 08:00:00,108.38999999999999
2023-02-06 09:00:00,108.41999999999999
2023-02-06 10:00:00,108.44999999999999
2023-02-06 11:00:00,108.41999999999999
2023-02-06 12:00:00,108.48999999999998
2023-02-06 13:00:00,108.22999999999999
2023-02-06 14:00:00,108.49999999999999
2023-02-06 15:00:00,108.38999999999999
2023-02-06 16:00:00,108.36999999999999
2023-02-06 17:00:00,108.24999999999999
2023-02-06 23:00:00,108.37999999999998
2023-02-07 07:00:00,108.21
2023-02-07 08:00:00,108.21
2023-02-07 09:00:00,108.35
2023-02-07 10:00:00,107.98999999999998
2023-02-07 11:00:00,107.75999999999999
2023-02-07 12:00:00,108.14999999999999
2023-02-07 13:00:00,108.03999999999999
2023-02-07 14:00:00,108.15999999999998
2023-02-07 15:00:00,108.02999999999999
2023-02-07 16:00:00,107.69999999999999
2023-02-07 17:00:00,108.16999999999999
2023-02-07 23:00:00,108.08999999999999
2023-02-08 07:00:00,107.93999999999998
2023-02-08 08:00:00,107.40999999999998
2023-02-08 09:00:00,107.61999999999999
2023-02-08 10:00:00,107.71
2023-02-08 11:00:00,107.85
2023-02-08 12:00:00,107.71
2023-02-08 13:00:00,107.54999999999998
2023-02-08 14:00:00,107.65999999999998
2023-02-08 15:00:00,107.46
2023-02-08 16:00:00,107.71
2023-02-08 17:00:00,107.91999999999999
2023-02-08 23:00:00,107.57
2023-02-09 07:00:00,108.17999999999999
2023-02-09 08:00:00,108.22999999999999
2023-02-09 09:00:00,108.51999999999998
2023-02-09 10:00:00,108.73999999999998
2023-02-09 11:00:00,108.96
2023-02-09 12:00:00,108.77999999999999
2023-02-09 13:00:00,109.14999999999999
2023-02-09 14:00:00,108.82999999999998
2023-02-09 15:00:00,108.66999999999999
2023-02-09 16:00:00,108.75999999999999
2023-02-09 17:00:00,108.60999999999999
2023-02-09 23:00:00,108.61999999999999
2023-02-10 07:00:00,108.00999999999999
2023-02-10 08:00:00,107.79999999999998
2023-02-10 09:00:00,108.08999999999999
2023-02-10 10:00:00,108.19999999999999
2023-02-10 11:00:00,107.76999999999998
2023-02-10 12:00:00,108.01999999999998
2023-02-10 13:00:00,108.25999999999999
2023-02-10 14:00:00,108.10999999999999
2023-02-10 15:00:00,107.92999999999999
2023-02-10 16:00:00,107.92999999999999
2023-02-10 17:00:00,107.90999999999998
2023-02-10 23:00:00,107.88999999999999
2023-02-13 07:00:00,107.62999999999998
2023-02-13 08:00:00,107.90999999999998
2023-02-13 09:00:00,108.08999999999999
2023-02-13 10:00:00,108.29999999999998
2023-02-13 11:00:00,108.00999999999999
2023-02-13 12:00:00,107.93999999999998
2023-02-13 13:00:00,107.87999999999998
2023-02-13 14:00:00,108.19999999999999
2023-02-13 15:00:00,108.04999999999998
2023-02-13 16:00:00,108.25999999999999
2023-02-13 17:00:00,108.26999999999998
2023-02-13 23:00:00,108.07
2023-02-14 07:00:00,108.62999999999998
2023-02-14 08:00:00,108.61999999999999
2023-02-14 09:00:00,108.48999999999998
2023-02-14 10:00:00,108.57999999999998
2023-02-14 11:00:00,108.47999999999999
2023-02-14 12:00:00,108.54999999999998
2023-02-14 13:00:00,108.27999999999999
2023-02-14 14:00:00,108.21
2023-02-14 15:00:00,107.93999999999998
2023-02-14 16:00:00,107.79999999999998
2023-02-14 17:00:00,107.85999999999999
2023-02-14 23:00:00,107.82999999999998
2023-02-15 07:00:00,107.85
2023-02-15 08:00:00,107.76999999999998
2023-02-15 09:00:00,107.99999999999999
2023-02-15 10:00:00,107.82
2023-02-15 11:00:00,107.54999999999998
2023-02-15 12:00:00,107.60999999999999
2023-02-15 13:00:00,107.35999999999999
2023-02-15 14:00:00,107.18999999999998
2023-02-15 15:00:00,106.85
2023-02-15 16:00:00,106.80999999999999
2023-02-15 17:00:00,106.85999999999999
2023-02-15 23:00:00,106.82
2023-02-16 07:00:00,107.05999999999999
2023-02-16 08:00:00,106.83999999999999
2023-02-16 09:00:00,106.83999999999999
2023-02-16 10:00:00,106.78999999999999
2023-02-16 11:00:00,106.67999999999999
2023-02-16 12:00:00,106.65999999999998
2023-02-16 13:00:00,106.32
2023-02-16 14:00:00,106.21999999999998
2023-02-16 15:00:00,106.65999999999998
2023-02-16 16:00:00,106.80999999999999
2023-02-16 17:00:00,106.80999999999999
2023-02-16 23:00:00,106.63999999999999
2023-02-17 07:00:00,105.66999999999999
2023-02-17 08:00:00,105.57
2023-02-17 09:00:00,105.96
2023-02-17 10:00:00,106.11999999999999
2023-02-17 11:00:00,106.19999999999999
2023-02-17 12:00:00,106.69999999999999
2023-02-17 13:00:00,106.90999999999998
2023-02-17 14:00:00,106.99999999999999
2023-02-17 15:00:00,107.04999999999998
2023-02-17 16:00:00,107.13999999999999
2023-02-17 17:00:00,107.35999999999999
2023-02-17 23:00:00,107.01999999999998
2023-02-20 07:00:00,107.35999999999999
2023-02-20 08:00:00,107.26999999999998
2023-02-20 09:00:00,107.23999999999998
2023-02-20 10:00:00,107.14999999999999
2023-02-20 11:00:00,107.22999999999999
2023-02-20 12:00:00,107.14999999999999
2023-02-20 13:00:00,107.16999999999999
2023-02-20 14:00:00,107.18999999999998
2023-02-20 15:00:00,106.91999999999999
2023-02-20 16:00:00,106.79999999999998
2023-02-20 17:00:00,106.75999999999999
2023-02-20 23:00:00,106.79999999999998
2023-02-21 07:00:00,106.66999999999999
2023-02-21 08:00:00,106.35999999999999
2023-02-21 09:00:00,106.38999999999999
2023-02-21 10:00:00,106.25999999999999
2023-02-21 11:00:00,106.27999999999999
2023-02-21 12:00:00,106.18999999999998
2023-02-21 13:00:00,106.12999999999998
2023-02-21 14:00:00,105.43999999999998
2023-02-21 15:00:00,105.67999999999999
2023-02-21 16:00:00,105.61999999999999
2023-02-21 17:00:00,105.55999999999999
2023-02-21 23:00:00,105.60999999999999
2023-02-22 07:00:00,105.6
2023-02-22 08:00:00,105.28999999999999
2023-02-22 09:00:00,105.29999999999998
2023-02-22 10:00:00,105.43999999999998
2023-02-22 11:00:00,105.63999999999999
2023-02-22 12:00:00,105.79999999999998
2023-02-22 13:00:00,105.58999999999999
2023-02-22 14:00:00,105.54999999999998
2023-02-22 15:00:00,105.74999999999999
2023-02-22 16:00:00,105.67999999999999
2023-02-22 17:00:00,105.71
2023-02-22 23:00:00,105.66999999999999
2023-02-23 07:00:00,105.65999999999998
2023-02-23 08:00:00,105.91999999999999
2023-02-23 09:00:00,105.89999999999999
2023-02-23 10:00:00,105.67999999999999
2023-02-23 11:00:00,105.78999999999999
2023-02-23 12:00:00,105.76999999999998
2023-02-23 13:00:00,105.62999999999998
2023-02-23 14:00:00,106.40999999999998
2023-02-23 15:00:00,106.48999999999998
2023-02-23 16:00:00,106.40999999999998
2023-02-23 17:00:00,106.41999999999999
2023-02-23 23:00:00,106.44999999999999
2023-02-24 07:00:00,106.80999999999999
2023-02-24 08:00:00,106.60999999999999
2023-02-24 09:00:00,106.73999999999998
2023-02-24 10:00:00,106.79999999999998
2023-02-24 11:00:00,106.50999999999999
2023-02-24 12:00:00,106.36999999999999
2023-02-24 13:00:00,106.08999999999999
2023-02-24 14:00:00,105.66999999999999
2023-02-24 15:00:00,105.86999999999999
2023-02-24 16:00:00,105.91999999999999
2023-02-24 17:00:00,105.92999999999999
2023-02-24 23:00:00,105.88999999999999
2023-02-27 07:00:00,106.23999999999998
2023-02-27 08:00:00,106.12999999999998
2023-02-27 09:00:00,105.97999999999999
2023-02-27 10:00:00,106.10999999999999
2023-02-27 11:00:00,106.13999999999999
2023-02-27 12:00:00,105.77999999999999
2023-02-27 13:00:00,106.15999999999998
2023-02-27 14:00:00,106.24999999999999
2023-02-27 15:00:00,105.96
2023-02-27 16:00:00,106.11999999999999
2023-02-27 17:00:00,106.00999999999999
2023-02-27 23:00:00,106.12999999999998
2023-02-28 07:00:00,105.22999999999999
2023-02-28 08:00:00,105.13999999999999
2023-02-28 09:00:00,105.21999999999998
2023-02-28 10:00:00,105.43999999999998
2023-02-28 11:00:00,105.38999999999999
2023-02-28 12:00:00,105.55999999999999
2023-02-28 13:00:00,105.21
2023-02-28 14:00:00,104.76999999999998
2023-02-28 15:00:00,105.23999999999998
2023-02-28 16:00:00,105.60999999999999
2023-02-28 17:00:00,105.92999999999999
2023-02-28 23:00:00,105.60999999999999
2023-03-01 07:00:00,104.98999999999998
2023-03-01 08:00:00,104.80999999999999
2023-03-01 09:00:00,105.04999999999998
2023-03-01 10:00:00,105.18999999999998
2023-03-01 11:00:00,105.44999999999999
2023-03-01 12:00:00,105.23999999999998
2023-03-01 13:00:00,104.94999999999999
2023-03-01 14:00:00,105.24999999999999
2023-03-01 15:00:00,104.89999999999999
2023-03-01 16:00:00,104.80999999999999
2023-03-01 17:00:00,104.47999999999999
2023-03-01 23:00:00,104.79999999999998
2023-03-02 07:00:00,104.12999999999998
2023-03-02 08:00:00,104.53999999999999
2023-03-02 09:00:00,104.40999999999998
2023-03-02 10:00:00,104.85999999999999
2023-03-02 11:00:00,104.74999999999999
2023-03-02 12:00:00,104.75999999999999
2023-03-02 13:00:00,104.57
2023-03-02 14:00:00,104.57999999999998
2023-03-02 15:00:00,104.33999999999999
2023-03-02 16:00:00,104.38999999999999
2023-03-02 17:00:00,104.32999999999998
2023-03-02 23:00:00,104.32
2023-03-03 07:00:00,104.57
2023-03-03 08:00:00,104.72999999999999
2023-03-03 09:00:00,105.10999999999999
2023-03-03 10:00:00,104.96
2023-03-03 11:00:00,105.03999999999999
2023-03-03 12:00:00,104.80999999999999
2023-03-03 13:00:00,104.96999999999998
2023-03-03 14:00:00,105.00999999999999
2023-03-03 15:00:00,104.68999999999998
2023-03-03 16:00:00,105.13999999999999
2023-03-03 17:00:00,105.19999999999999
2023-03-03 17:00:01,105.19999999999999
2023-03-03 23:00:00,104.89999999999999
2023-03-06 07:00:00,105.75999999999999
2023-03-06 08:00:00,105.82
2023-03-06 09:00:00,105.88999999999999
2023-03-06 10:00:00,106.03999999999999
2023-03-06 11:00:00,105.35
2023-03-06 12:00:00,105.64999999999999
2023-03-06 13:00:00,105.57
2023-03-06 14:00:00,104.92999999999999
2023-03-06 15:00:00,105.07999999999998
2023-03-06 16:00:00,104.74999999999999
2023-03-06 17:00:00,104.89999999999999
2023-03-06 23:00:00,105.08999999999999
2023-03-07 07:00:00,104.78999999999999
2023-03-07 08:00:00,105.47999999999999
2023-03-07 09:00:00,105.74999999999999
2023-03-07 10:00:00,105.82999999999998
2023-03-07 11:00:00,105.85
2023-03-07 12:00:00,105.51999999999998
2023-03-07 13:00:00,105.66999999999999
2023-03-07 14:00:00,105.30999999999999
2023-03-07 15:00:00,105.05999999999999
2023-03-07 16:00:00,105.21
2023-03-07 17:00:00,105.23999999999998
2023-03-07 23:00:00,105.14999999999999
2023-03-08 07:00:00,104.92999999999999
2023-03-08 08:00:00,105.15999999999998
2023-03-08 09:00:00,105.1
2023-03-08 10:00:00,105.25999999999999
2023-03-08 11:00:00,105.36999999999999
2023-03-08 12:00:00,105.49999999999999
2023-03-08 13:00:00,105.99999999999999
2023-03-08 14:00:00,106.14999999999999
2023-03-08 15:00:00,106.19999999999999
2023-03-08 16:00:00,106.11999999999999
2023-03-08 17:00:00,106.11999999999999
2023-03-08 23:00:00,106.33999999999999
2023-03-09 07:00:00,105.76999999999998
2023-03-09 08:00:00,105.67999999999999
2023-03-09 09:00:00,105.55999999999999
2023-03-09 10:00:00,105.78999999999999
2023-03-09 11:00:00,105.92999999999999
2023-03-09 12:00:00,105.67999999999999
2023-03-09 13:00:00,106.22999999999999
2023-03-09 14:00:00,106.39999999999999
2023-03-09 15:00:00,106.29999999999998
2023-03-09 16:00:00,106.46999999999998
2023-03-09 17:00:00,106.61999999999999
2023-03-09 23:00:00,106.24999999999999
2023-03-10 07:00:00,107.07
2023-03-10 08:00:00,106.98999999999998
2023-03-10 09:00:00,106.82
2023-03-10 10:00:00,106.76999999999998
2023-03-10 11:00:00,107.19999999999999
2023-03-10 12:00:00,107.22999999999999
2023-03-10 13:00:00,107.19999999999999
2023-03-10 14:00:00,107.48999999999998
2023-03-10 15:00:00,107.64999999999999
2023-03-10 16:00:00,107.12999999999998
2023-03-10 17:00:00,107.51999999999998
2023-03-10 23:00:00,107.40999999999998
2023-03-13 07:00:00,107.46999999999998
2023-03-13 08:00:00,108.10999999999999
2023-03-13 09:00:00,108.50999999999999
2023-03-13 10:00:00,108.24999999999999
2023-03-13 11:00:00,108.74999999999999
2023-03-13 12:00:00,108.91999999999999
2023-03-13 13:00:00,108.82999999999998
2023-03-13 14:00:00,108.71
2023-03-13 15:00:00,108.24999999999999
2023-03-13 16:00:00,108.35999999999999
2023-03-13 17:00:00,108.32999999999998
2023-03-13 23:00:00,108.49999999999999
2023-03-14 07:00:00,108.41999999999999
2023-03-14 08:00:00,108.23999999999998
2023-03-14 09:00:00,107.69999999999999
2023-03-14 10:00:00,108.02999999999999
2023-03-14 11:00:00,107.85999999999999
2023-03-14 12:00:00,108.11999999999999
2023-03-14 13:00:00,107.60999999999999
2023-03-14 14:00:00,107.52999999999999
2023-03-14 15:00:00,107.28999999999999
2023-03-14 16:00:00,107.61999999999999
2023-03-14 17:00:00,107.52999999999999
2023-03-14 23:00:00,107.25999999999999
2023-03-15 07:00:00,107.14999999999999
2023-03-15 08:00:00,107.27999999999999
2023-03-15 09:00:00,107.74999999999999
2023-03-15 10:00:00,108.42999999999999
2023-03-15 11:00:00,108.55999999999999
2023-03-15 12:00:00,108.64999999999999
2023-03-15 13:00:00,109.16999999999999
2023-03-15 14:00:00,109.21999999999998
2023-03-15 15:00:00,109.1
2023-03-15 16:00:00,109.01999999999998
2023-03-15 17:00:00,108.78999999999999
2023-03-15 23:00:00,109.18999999999998
2023-03-16 07:00:00,108.51999999999998
2023-03-16 08:00:00,108.48999999999998
2023-03-16 09:00:00,108.16999999999999
2023-03-16 10:00:00,108.36999999999999
2023-03-16 11:00:00,108.63999999999999
2023-03-16 12:00:00,108.82999999999998
2023-03-16 13:00:00,109.00999999999999
2023-03-16 14:00:00,109.37999999999998
2023-03-16 15:00:00,108.87999999999998
2023-03-16 16:00:00,108.33999999999999
2023-03-16 17:00:00,108.36999999999999
2023-03-16 23:00:00,108.92999999999999
2023-03-17 07:00:00,108.77999999999999
2023-03-17 08:00:00,108.68999999999998
2023-03-17 09:00:00,108.96999999999998
2023-03-17 10:00:00,108.72999999999999
2023-03-17 11:00:00,109.04999999999998
2023-03-17 12:00:00,109.21999999999998
2023-03-17 13:00:00,109.57
2023-03-17 14:00:00,109.73999999999998
2023-03-17 15:00:00,109.82
2023-03-17 16:00:00,109.57999999999998
2023-03-17 17:00:00,109.60999999999999
2023-03-17 23:00:00,109.71999999999998
2023-03-20 07:00:00,110.26999999999998
2023-03-20 08:00:00,110.27999999999999
2023-03-20 09:00:00,110.27999999999999
2023-03-20 10:00:00,109.94999999999999
2023-03-20 11:00:00,110.02999999999999
2023-03-20 12:00:00,109.80999999999999
2023-03-20 13:00:00,110.10999999999999
2023-03-20 14:00:00,110.28999999999999
2023-03-20 15:00:00,110.16999999999999
2023-03-20 16:00:00,110.18999999999998
2023-03-20 17:00:00,110.22999999999999
2023-03-20 23:00:00,110.08999999999999
2023-03-21 07:00:00,110.04999999999998
2023-03-21 08:00:00,109.83999999999999
2023-03-21 09:00:00,109.75999999999999
2023-03-21 10:00:00,109.41999999999999
2023-03-21 11:00:00,109.07999999999998
2023-03-21 12:00:00,109.00999999999999
2023-03-21 13:00:00,108.94999999999999
2023-03-21 14:00:00,109.37999999999998
2023-03-21 15:00:00,109.07999999999998
2023-03-21 16:00:00,109.01999999999998
2023-03-21 17:00:00,109.01999999999998
2023-03-21 23:00:00,109.04999999999998
2023-03-22 07:00:00,108.58999999999999
2023-03-22 08:00:00,108.63999999999999
2023-03-22 09:00:00,108.73999999999998
2023-03-22 10:00:00,108.33999999999999
2023-03-22 11:00:00,108.07
2023-03-22 12:00:00,107.90999999999998
2023-03-22 13:00:00,108.00999999999999
2023-03-22 14:00:00,108.17999999999999
2023-03-22 15:00:00,108.28999999999999
2023-03-22 16:00:00,108.52999999999999
2023-03-22 17:00:00,108.80999999999999
2023-03-22 23:00:00,108.32
2023-03-23 07:00:00,109.02999999999999
2023-03-23 08:00:00,108.88999999999999
2023-03-23 09:00:00,109.00999999999999
2023-03-23 10:00:00,108.74999999999999
2023-03-23 11:00:00,108.98999999999998
2023-03-23 12:00:00,108.98999999999998
2023-03-23 13:00:00,109.13999999999999
2023-03-23 14:00:00,109.35999999999999
2023-03-23 15:00:00,109.55999999999999
2023-03-23 16:00:00,109.50999999999999
2023-03-23 17:00:00,109.62999999999998
2023-03-23 23:00:00,109.64999999999999
2023-03-24 07:00:00,110.17999999999999
2023-03-24 08:00:00,110.12999999999998
2023-03-24 09:00:00,110.49999999999999
2023-03-24 10:00:00,110.54999999999998
2023-03-24 11:00:00,110.6
2023-03-24 12:00:00,110.36999999999999
2023-03-24 13:00:00,110.13999999999999
2023-03-24 14:00:00,110.05999999999999
2023-03-24 15:00:00,109.98999999999998
2023-03-24 16:00:00,110.01999999999998
2023-03-24 17:00:00,110.08999999999999
2023-03-24 23:00:00,110.07
2023-03-27 07:00:00,109.75999999999999
2023-03-27 08:00:00,110.07
2023-03-27 09:00:00,109.92999999999999
2023-03-27 10:00:00,109.44999999999999
2023-03-27 11:00:00,109.51999999999998
2023-03-27 12:00:00,109.50999999999999
2023-03-27 13:00:00,109.29999999999998
2023-03-27 14:00:00,109.25999999999999
2023-03-27 15:00:00,109.51999999999998
2023-03-27 16:00:00,109.52999999999999
2023-03-27 17:00:00,109.36999999999999
2023-03-27 23:00:00,109.65999999999998
2023-03-28 07:00:00,109.11999999999999
2023-03-28 08:00:00,108.94999999999999
2023-03-28 09:00:00,108.53999999999999
2023-03-28 10:00:00,108.53999999999999
2023-03-28 11:00:00,108.48999999999998
2023-03-28 12:00:00,108.52999999999999
2023-03-28 13:00:00,108.86999999999999
2023-03-28 14:00:00,108.94999999999999
2023-03-28 15:00:00,108.76999999999998
2023-03-28 16:00:00,108.85
2023-03-28 17:00:00,108.72999999999999
2023-03-28 23:00:00,108.79999999999998
2023-03-29 07:00:00,108.74999999999999
2023-03-29 08:00:00,108.83999999999999
2023-03-29 09:00:00,108.87999999999998
2023-03-29 10:00:00,109.19999999999999
2023-03-29 11:00:00,108.96999999999998
2023-03-29 12:00:00,109.05999999999999
2023-03-29 13:00:00,108.68999999999998
2023-03-29 14:00:00,108.71999999999998
2023-03-29 15:00:00,108.82
2023-03-29 16:00:00,108.73999999999998
2023-03-29 17:00:00,108.78999999999999
2023-03-29 23:00:00,108.85999999999999
2023-03-30 07:00:00,109.32999999999998
2023-03-30 08:00:00,109.43999999999998
2023-03-30 09:00:00,108.82999999999998
2023-03-30 10:00:00,108.82999999999998
2023-03-30 11:00:00,108.82999999999998
2023-03-30 12:00:00,108.88999999999999
2023-03-30 13:00:00,107.99999999999999
2023-03-30 14:00:00,108.1
2023-03-30 15:00:00,108.24999999999999
2023-03-30 16:00:00,107.98999999999998
2023-03-30 17:00:00,108.13999999999999
2023-03-30 23:00:00,108.22999999999999
2023-03-31 07:00:00,107.99999999999999
2023-03-31 08:00:00,107.94999999999999
2023-03-31 09:00:00,107.76999999999998
2023-03-31 10:00:00,108.29999999999998
2023-03-31 11:00:00,108.63999999999999
2023-03-31 12:00:00,108.53999999999999
2023-03-31 13:00:00,108.71
2023-03-31 14:00:00,108.78999999999999
2023-03-31 15:00:00,108.85999999999999
2023-03-31 16:00:00,109.26999999999998
2023-03-31 17:00:00,109.44999999999999
2023-03-31 23:00:00,109.01999999999998
2023-04-03 07:00:00,108.89999999999999
2023-04-03 08:00:00,108.58999999999999
2023-04-03 09:00:00,108.57999999999998
2023-04-03 10:00:00,108.78999999999999
2023-04-03 11:00:00,108.77999999999999
2023-04-03 12:00:00,108.86999999999999
2023-04-03 13:00:00,108.85999999999999
2023-04-03 14:00:00,108.68999999999998
2023-04-03 15:00:00,109.18999999999998
2023-04-03 16:00:00,109.23999999999998
2023-04-03 17:00:00,109.16999999999999
2023-04-03 23:00:00,109.30999999999999
2023-04-04 07:00:00,109.10999999999999
2023-04-04 08:00:00,108.97999999999999
2023-04-04 09:00:00,108.74999999999999
2023-04-04 10:00:00,108.88999999999999
2023-04-04 11:00:00,108.52999999999999
2023-04-04 12:00:00,108.48999999999998
2023-04-04 13:00:00,108.35999999999999
2023-04-04 14:00:00,108.35
2023-04-04 15:00:00,109.05999999999999
2023-04-04 16:00:00,109.1
2023-04-04 17:00:00,109.11999999999999
2023-04-04 23:00:00,109.00999999999999
2023-04-05 07:00:00,108.82
2023-04-05 08:00:00,109.02999999999999
2023-04-05 09:00:00,108.83999999999999
2023-04-05 10:00:00,108.74999999999999
2023-04-05 11:00:00,108.74999999999999
2023-04-05 12:00:00,109.23999999999998
2023-04-05 13:00:00,109.68999999999998
2023-04-05 14:00:00,109.46
2023-04-05 15:00:00,109.93999999999998
2023-04-05 16:00:00,110.03999999999999
2023-04-05 17:00:00,109.96999999999998
2023-04-05 23:00:00,109.85
2023-04-06 07:00:00,109.77999999999999
2023-04-06 08:00:00,110.02999999999999
2023-04-06 09:00:00,110.25999999999999
2023-04-06 10:00:00,110.16999999999999
2023-04-06 11:00:00,110.26999999999998
2023-04-06 12:00:00,110.32
2023-04-06 13:00:00,110.13999999999999
2023-04-06 14:00:00,110.07999999999998
2023-04-06 15:00:00,110.03999999999999
2023-04-06 16:00:00,109.87999999999998
2023-04-06 17:00:00,110.03999999999999
2023-04-06 23:00:00,109.96999999999998
2023-04-11 07:00:00,109.00999999999999
2023-04-11 08:00:00,109.38999999999999
2023-04-11 09:00:00,109.35
2023-04-11 10:00:00,109.17999999999999
2023-04-11 11:00:00,109.13999999999999
2023-04-11 12:00:00,109.1
2023-04-11 13:00:00,109.21
2023-04-11 14:00:00,108.78999999999999
2023-04-11 15:00:00,108.62999999999998
2023-04-11 16:00:00,108.60999999999999
2023-04-11 17:00:00,108.6
2023-04-11 23:00:00,108.71
2023-04-12 07:00:00,108.67999999999999
2023-04-12 08:00:00,108.60999999999999
2023-04-12 09:00:00,108.64999999999999
2023-04-12 10:00:00,108.53999999999999
2023-04-12 11:00:00,108.65999999999998
2023-04-12 12:00:00,108.76999999999998
2023-04-12 13:00:00,108.97999999999999
2023-04-12 14:00:00,108.21999999999998
2023-04-12 15:00:00,108.00999999999999
2023-04-12 16:00:00,108.24999999999999
2023-04-12 17:00:00,108.19999999999999
2023-04-12 23:00:00,108.21999999999998
2023-04-13 07:00:00,108.47999999999999
2023-04-13 08:00:00,108.19999999999999
2023-04-13 09:00:00,107.80999999999999
2023-04-13 10:00:00,107.94999999999999
2023-04-13 11:00:00,108.08999999999999
2023-04-13 12:00:00,107.85999999999999
2023-04-13 13:00:00,108.22999999999999
2023-04-13 14:00:00,108.43999999999998
2023-04-13 15:00:00,108.17999999999999
2023-04-13 16:00:00,108.16999999999999
2023-04-13 17:00:00,108.32
2023-04-13 23:00:00,108.21
2023-04-14 07:00:00,108.08999999999999
2023-04-14 08:00:00,108.19999999999999
2023-04-14 09:00:00,108.00999999999999
2023-04-14 10:00:00,108.10999999999999
2023-04-14 11:00:00,108.21
2023-04-14 12:00:00,108.19999999999999
2023-04-14 13:00:00,107.62999999999998
2023-04-14 14:00:00,107.89999999999999
2023-04-14 15:00:00,107.57
2023-04-14 16:00:00,107.49999999999999
2023-04-14 17:00:00,107.51999999999998
2023-04-14 23:00:00,107.58999999999999
2023-04-17 07:00:00,107.63999999999999
2023-04-17 08:00:00,107.40999999999998
2023-04-17 09:00:00,107.64999999999999
2023-04-17 10:00:00,107.33999999999999
2023-04-17 11:00:00,107.47999999999999
2023-04-17 12:00:00,107.39999999999999
2023-04-17 13:00:00,107.19999999999999
2023-04-17 14:00:00,107.27999999999999
2023-04-17 15:00:00,107.16999999999999
2023-04-17 16:00:00,107.41999999999999
2023-04-17 17:00:00,107.40999999999998
2023-04-17 23:00:00,107.15999999999998
2023-04-18 07:00:00,107.39999999999999
2023-04-18 08:00:00,107.19999999999999
2023-04-18 09:00:00,107.10999999999999
2023-04-18 10:00:00,107.53999999999999
2023-04-18 11:00:00,107.57
2023-04-18 12:00:00,107.91999999999999
2023-04-18 13:00:00,107.58999999999999
2023-04-18 14:00:00,107.71
2023-04-18 15:00:00,107.66999999999999
2023-04-18 16:00:00,107.46999999999998
2023-04-18 17:00:00,107.37999999999998
2023-04-18 23:00:00,107.63999999999999
2023-04-19 07:00:00,106.98999999999998
2023-04-19 08:00:00,107.02999999999999
2023-04-19 09:00:00,106.96999999999998
2023-04-19 10:00:00,107.11999999999999
2023-04-19 11:00:00,107.08999999999999
2023-04-19 12:00:00,107.12999999999998
2023-04-19 13:00:00,107.07
2023-04-19 14:00:00,107.01999999999998
2023-04-19 15:00:00,106.94999999999999
2023-04-19 16:00:00,106.91999999999999
2023-04-19 17:00:00,107.01999999999998
2023-04-19 23:00:00,107.00999999999999
2023-04-20 07:00:00,107.27999999999999
2023-04-20 08:00:00,107.10999999999999
2023-04-20 09:00:00,107.04999999999998
2023-04-20 10:00:00,107.07999999999998
2023-04-20 11:00:00,107.11999999999999
2023-04-20 12:00:00,106.86999999999999
2023-04-20 13:00:00,107.02999999999999
2023-04-20 14:00:00,107.21999999999998
2023-04-20 15:00:00,107.39999999999999
2023-04-20 16:00:00,107.35999999999999
2023-04-20 17:00:00,107.39999999999999
2023-04-20 23:00:00,107.35
2023-04-21 07:00:00,107.67999999999999
2023-04-21 08:00:00,107.12999999999998
2023-04-21 09:00:00,107.35
2023-04-21 10:00:00,107.32
2023-04-21 11:00:00,107.28999999999999
2023-04-21 12:00:00,107.05999999999999
2023-04-21 13:00:00,107.19999999999999
2023-04-21 14:00:00,106.97999999999999
2023-04-21 15:00:00,106.94999999999999
2023-04-21 16:00:00,107.01999999999998
2023-04-21 17:00:00,107.03999999999999
2023-04-21 23:00:00,106.93999999999998
2023-04-24 07:00:00,107.21
2023-04-24 08:00:00,107.50999999999999
2023-04-24 09:00:00,107.25999999999999
2023-04-24 10:00:00,107.03999999999999
2023-04-24 11:00:00,107.01999999999998
2023-04-24 12:00:00,106.98999999999998
2023-04-24 13:00:00,107.03999999999999
2023-04-24 14:00:00,106.97999999999999
2023-04-24 15:00:00,106.99999999999999
2023-04-24 16:00:00,106.75999999999999
2023-04-24 17:00:00,106.61999999999999
2023-04-24 23:00:00,106.97999999999999
2023-04-25 07:00:00,106.85
2023-04-25 08:00:00,107.21999999999998
2023-04-25 09:00:00,107.19999999999999
2023-04-25 10:00:00,107.36999999999999
2023-04-25 11:00:00,107.19999999999999
2023-04-25 12:00:00,107.1
2023-04-25 13:00:00,107.27999999999999
2023-04-25 14:00:00,107.53999999999999
2023-04-25 15:00:00,107.79999999999998
2023-04-25 16:00:00,107.74999999999999
2023-04-25 17:00:00,107.73999999999998
2023-04-25 23:00:00,107.85
2023-04-26 07:00:00,107.76999999999998
2023-04-26 08:00:00,108.11999999999999
2023-04-26 09:00:00,108.12999999999998
2023-04-26 10:00:00,108.11999999999999
2023-04-26 11:00:00,108.02999999999999
2023-04-26 12:00:00,107.73999999999998
2023-04-26 13:00:00,107.71999999999998
2023-04-26 14:00:00,107.93999999999998
2023-04-26 15:00:00,107.96999999999998
2023-04-26 16:00:00,107.77999999999999
2023-04-26 17:00:00,107.73999999999998
2023-04-26 23:00:00,107.85
2023-04-27 07:00:00,107.57
2023-04-27 08:00:00,107.38999999999999
2023-04-27 09:00:00,107.29999999999998
2023-04-27 10:00:00,107.57
2023-04-27 11:00:00,107.62999999999998
2023-04-27 12:00:00,107.38999999999999
2023-04-27 13:00:00,107.39999999999999
2023-04-27 14:00:00,107.18999999999998
2023-04-27 15:00:00,107.1
2023-04-27 16:00:00,107.07999999999998
2023-04-27 17:00:00,107.12999999999998
2023-04-27 23:00:00,107.12999999999998
2023-04-28 07:00:00,106.91999999999999
2023-04-28 08:00:00,107.50999999999999
2023-04-28 09:00:00,107.90999999999998
2023-04-28 10:00:00,107.67999999999999
2023-04-28 11:00:00,107.71999999999998
2023-04-28 12:00:00,107.78999999999999
2023-04-28 13:00:00,108.27999999999999
2023-04-28 14:00:00,108.16999999999999
2023-04-28 15:00:00,108.38999999999999
2023-04-28 16:00:00,108.69999999999999
2023-04-28 17:00:00,108.71
2023-04-28 23:00:00,108.51999999999998
2023-05-02 07:00:00,107.82999999999998
2023-05-02 08:00:00,107.96999999999998
2023-05-02 09:00:00,108.05999999999999
2023-05-02 10:00:00,108.02999999999999
2023-05-02 11:00:00,107.96999999999998
2023-05-02 12:00:00,108.07
2023-05-02 13:00:00,107.82999999999998
2023-05-02 14:00:00,108.13999999999999
2023-05-02 15:00:00,108.80999999999999
2023-05-02 16:00:00,108.71999999999998
2023-05-02 17:00:00,108.69999999999999
2023-05-02 23:00:00,108.76999999999998
2023-05-03 07:00:00,108.83999999999999
2023-05-03 08:00:00,108.83999999999999
2023-05-03 09:00:00,108.96999999999998
2023-05-03 10:00:00,109.10999999999999
2023-05-03 11:00:00,109.19999999999999
2023-05-03 12:00:00,109.17999999999999
2023-05-03 13:00:00,109.05999999999999
2023-05-03 14:00:00,109.00999999999999
2023-05-03 15:00:00,108.97999999999999
2023-05-03 16:00:00,109.23999999999998
2023-05-03 17:00:00,109.30999999999999
2023-05-03 23:00:00,109.01999999999998
2023-05-04 07:00:00,109.00999999999999
2023-05-04 08:00:00,108.96
2023-05-04 09:00:00,109.02999999999999
2023-05-04 10:00:00,108.77999999999999
2023-05-04 11:00:00,108.86999999999999
2023-05-04 12:00:00,108.71
2023-05-04 13:00:00,108.54999999999998
2023-05-04 14:00:00,108.82999999999998
2023-05-04 15:00:00,109.47999999999999
2023-05-04 16:00:00,109.18999999999998
2023-05-04 17:00:00,109.21999999999998
2023-05-04 23:00:00,109.23999999999998
2023-05-05 07:00:00,108.90999999999998
2023-05-05 08:00:00,108.79999999999998
2023-05-05 09:00:00,108.69999999999999
2023-05-05 10:00:00,108.64999999999999
2023-05-05 11:00:00,108.55999999999999
2023-05-05 12:00:00,108.64999999999999
2023-05-05 13:00:00,108.33999999999999
2023-05-05 14:00:00,108.46999999999998
2023-05-05 15:00:00,108.53999999999999
2023-05-05 16:00:00,108.54999999999998
2023-05-05 17:00:00,108.64999999999999
2023-05-05 23:00:00,108.53999999999999
2023-05-08 07:00:00,108.54999999999998
2023-05-08 08:00:00,108.28999999999999
2023-05-08 09:00:00,108.27999999999999
2023-05-08 10:00:00,108.24999999999999
2023-05-08 11:00:00,108.11999999999999
2023-05-08 12:00:00,108.07
2023-05-08 13:00:00,108.12999999999998
2023-05-08 14:00:00,108.14999999999999
2023-05-08 15:00:00,108.18999999999998
2023-05-08 16:00:00,108.1
2023-05-08 17:00:00,108.10999999999999
2023-05-08 23:00:00,108.13999999999999
2023-05-09 07:00:00,108.12999999999998
2023-05-09 08:00:00,108.27999999999999
2023-05-09 09:00:00,107.82999999999998
2023-05-09 10:00:00,108.14999999999999
2023-05-09 11:00:00,108.11999999999999
2023-05-09 12:00:00,108.07
2023-05-09 13:00:00,107.92999999999999
2023-05-09 14:00:00,107.80999999999999
2023-05-09 15:00:00,107.85
2023-05-09 16:00:00,107.80999999999999
2023-05-09 17:00:00,107.80999999999999
2023-05-09 23:00:00,107.86999999999999
2023-05-10 07:00:00,107.73999999999998
2023-05-10 08:00:00,107.68999999999998
2023-05-10 09:00:00,107.79999999999998
2023-05-10 10:00:00,107.96
2023-05-10 11:00:00,108.1
2023-05-10 12:00:00,108.08999999999999
2023-05-10 13:00:00,108.47999999999999
2023-05-10 14:00:00,108.52999999999999
2023-05-10 15:00:00,108.52999999999999
2023-05-10 16:00:00,108.46
2023-05-10 17:00:00,108.46999999999998
2023-05-10 23:00:00,108.48999999999998
2023-05-11 07:00:00,108.64999999999999
2023-05-11 08:00:00,108.69999999999999
2023-05-11 09:00:00,108.43999999999998
2023-05-11 10:00:00,108.60999999999999
2023-05-11 11:00:00,108.73999999999998
2023-05-11 12:00:00,108.94999999999999
2023-05-11 13:00:00,109.32999999999998
2023-05-11 14:00:00,109.32
2023-05-11 15:00:00,109.24999999999999
2023-05-11 16:00:00,109.25999999999999
2023-05-11 17:00:00,109.23999999999998
2023-05-11 23:00:00,109.17999999999999
2023-05-12 07:00:00,108.94999999999999
2023-05-12 08:00:00,109.12999999999998
2023-05-12 09:00:00,109.12999999999998
2023-05-12 10:00:00,109.10999999999999
2023-05-12 11:00:00,109.07
2023-05-12 12:00:00,108.83999999999999
2023-05-12 13:00:00,108.92999999999999
2023-05-12 14:00:00,109.04999999999998
2023-05-12 15:00:00,108.74999999999999
2023-05-12 16:00:00,108.66999999999999
2023-05-12 17:00:00,108.62999999999998
2023-05-12 23:00:00,108.74999999999999
2023-05-15 07:00:00,108.58999999999999
2023-05-15 08:00:00,108.57999999999998
2023-05-15 09:00:00,109.00999999999999
2023-05-15 10:00:00,108.71999999999998
2023-05-15 11:00:00,108.78999999999999
2023-05-15 12:00:00,108.67999999999999
2023-05-15 13:00:00,108.61999999999999
2023-05-15 14:00:00,108.61999999999999
2023-05-15 15:00:00,108.68999999999998
2023-05-15 16:00:00,108.61999999999999
2023-05-15 17:00:00,108.57999999999998
2023-05-15 23:00:00,108.66999999999999
2023-05-16 07:00:00,108.96999999999998
2023-05-16 08:00:00,108.98999999999998
2023-05-16 09:00:00,108.85999999999999
2023-05-16 10:00:00,108.97999999999999
2023-05-16 11:00:00,108.98999999999998
2023-05-16 12:00:00,108.99999999999999
2023-05-16 13:00:00,108.58999999999999
2023-05-16 14:00:00,108.46
2023-05-16 15:00:00,108.38999999999999
2023-05-16 16:00:00,108.30999999999999
2023-05-16 17:00:00,108.36999999999999
2023-05-16 23:00:00,108.32999999999998
2023-05-17 07:00:00,108.46999999999998
2023-05-17 08:00:00,108.54999999999998
2023-05-17 09:00:00,108.57
2023-05-17 10:00:00,108.76999999999998
2023-05-17 11:00:00,108.66999999999999
2023-05-17 12:00:00,108.88999999999999
2023-05-17 13:00:00,108.83999999999999
2023-05-17 14:00:00,108.66999999999999
2023-05-17 15:00:00,108.73999999999998
2023-05-17 16:00:00,108.64999999999999
2023-05-17 17:00:00,108.74999999999999
2023-05-17 23:00:00,108.69999999999999
2023-05-18 07:00:00,108.41999999999999
2023-05-18 08:00:00,108.24999999999999
2023-05-18 09:00:00,108.10999999999999
2023-05-18 10:00:00,108.02999999999999
2023-05-18 11:00:00,107.96999999999998
2023-05-18 12:00:00,107.79999999999998
2023-05-18 13:00:00,107.64999999999999
2023-05-18 14:00:00,107.57
2023-05-18 15:00:00,107.54999999999998
2023-05-18 16:00:00,107.50999999999999
2023-05-18 17:00:00,107.37999999999998
2023-05-18 23:00:00,107.52999999999999
2023-05-19 07:00:00,107.29999999999998
2023-05-19 08:00:00,107.62999999999998
2023-05-19 09:00:00,107.53999999999999
2023-05-19 10:00:00,107.39999999999999
2023-05-19 11:00:00,107.27999999999999
2023-05-19 12:00:00,107.26999999999998
2023-05-19 13:00:00,107.32
2023-05-19 14:00:00,107.41999999999999
2023-05-19 15:00:00,107.57
2023-05-19 16:00:00,107.93999999999998
2023-05-19 17:00:00,107.86999999999999
2023-05-19 23:00:00,107.92999999999999
2023-05-22 07:00:00,107.90999999999998
2023-05-22 08:00:00,108.14999999999999
2023-05-22 09:00:00,108.26999999999998
2023-05-22 10:00:00,108.11999999999999
2023-05-22 11:00:00,107.99999999999999
2023-05-22 12:00:00,107.82
2023-05-22 13:00:00,107.47999999999999
2023-05-22 14:00:00,107.55999999999999
2023-05-22 15:00:00,107.51999999999998
2023-05-22 16:00:00,107.51999999999998
2023-05-22 17:00:00,107.54999999999998
2023-05-22 23:00:00,107.53999999999999
2023-05-23 07:00:00,107.33999999999999
2023-05-23 08:00:00,107.41999999999999
2023-05-23 09:00:00,107.35
2023-05-23 10:00:00,107.32
2023-05-23 11:00:00,107.22999999999999
2023-05-23 12:00:00,107.33999999999999
2023-05-23 13:00:00,107.25999999999999
2023-05-23 14:00:00,107.32999999999998
2023-05-23 15:00:00,107.37999999999998
2023-05-23 16:00:00,107.42999999999999
2023-05-23 17:00:00,107.40999999999998
2023-05-23 23:00:00,107.38999999999999
2023-05-24 07:00:00,107.04999999999998
2023-05-24 08:00:00,107.23999999999998
2023-05-24 09:00:00,107.43999999999998
2023-05-24 10:00:00,107.6
2023-05-24 11:00:00,107.68999999999998
2023-05-24 12:00:00,107.74999999999999
2023-05-24 13:00:00,107.54999999999998
2023-05-24 14:00:00,107.58999999999999
2023-05-24 15:00:00,107.39999999999999
2023-05-24 16:00:00,107.27999999999999
2023-05-24 17:00:00,107.29999999999998
2023-05-24 23:00:00,107.43999999999998
2023-05-25 07:00:00,107.21
2023-05-25 08:00:00,107.32999999999998
2023-05-25 09:00:00,107.49999999999999
2023-05-25 10:00:00,107.40999999999998
2023-05-25 11:00:00,107.39999999999999
2023-05-25 12:00:00,107.51999999999998
2023-05-25 13:00:00,107.36999999999999
2023-05-25 14:00:00,107.29999999999998
2023-05-25 15:00:00,107.18999999999998
2023-05-25 16:00:00,106.73999999999998
2023-05-25 17:00:00,106.75999999999999
2023-05-25 23:00:00,107.21999999999998
2023-05-26 07:00:00,106.75999999999999
2023-05-26 08:00:00,106.64999999999999
2023-05-26 09:00:00,106.62999999999998
2023-05-26 10:00:00,106.76999999999998
2023-05-26 11:00:00,106.96
2023-05-26 12:00:00,106.80999999999999
2023-05-26 13:00:00,106.72999999999999
2023-05-26 14:00:00,106.71
2023-05-26 15:00:00,106.75999999999999
2023-05-26 16:00:00,106.82
2023-05-26 17:00:00,106.97999999999999
2023-05-26 23:00:00,106.6
2023-05-29 07:00:00,106.98999999999998
2023-05-29 08:00:00,107.08999999999999
2023-05-29 09:00:00,107.39999999999999
2023-05-29 10:00:00,107.65999999999998
2023-05-29 11:00:00,107.68999999999998
2023-05-29 12:00:00,107.62999999999998
2023-05-29 13:00:00,107.73999999999998
2023-05-29 14:00:00,107.72999999999999
2023-05-29 15:00:00,107.87999999999998
2023-05-29 16:00:00,107.79999999999998
2023-05-29 17:00:00,107.80999999999999
2023-05-29 23:00:00,107.83999999999999
2023-05-30 07:00:00,107.80999999999999
2023-05-30 08:00:00,108.23999999999998
2023-05-30 09:00:00,108.08999999999999
2023-05-30 10:00:00,108.33999999999999
2023-05-30 11:00:00,108.47999999999999
2023-05-30 12:00:00,108.58999999999999
2023-05-30 13:00:00,108.74999999999999
2023-05-30 14:00:00,108.72999999999999
2023-05-30 15:00:00,108.77999999999999
2023-05-30 16:00:00,108.97999999999999
2023-05-30 17:00:00,109.03999999999999
2023-05-30 23:00:00,108.90999999999998
2023-05-31 07:00:00,109.57
2023-05-31 08:00:00,109.71999999999998
2023-05-31 09:00:00,109.67999999999999
2023-05-31 10:00:00,109.77999999999999
2023-05-31 11:00:00,109.82
2023-05-31 12:00:00,109.76999999999998
2023-05-31 13:00:00,109.43999999999998
2023-05-31 14:00:00,109.60999999999999
2023-05-31 15:00:00,109.48999999999998
2023-05-31 16:00:00,109.61999999999999
2023-05-31 17:00:00,109.73999999999998
2023-05-31 23:00:00,109.62999999999998
2023-06-01 07:00:00,109.57
2023-06-01 08:00:00,109.39999999999999
2023-06-01 09:00:00,109.53999999999999
2023-06-01 10:00:00,109.54999999999998
2023-06-01 11:00:00,109.68999999999998
2023-06-01 12:00:00,109.82999999999998
2023-06-01 13:00:00,109.97999999999999
2023-06-01 14:00:00,110.11999999999999
2023-06-01 15:00:00,110.15999999999998
2023-06-01 16:00:00,110.37999999999998
2023-06-01 17:00:00,110.39999999999999
2023-06-01 23:00:00,110.32999999999998
2023-06-02 07:00:00,110.51999999999998
2023-06-02 08:00:00,110.39999999999999
2023-06-02 09:00:00,110.35
2023-06-02 10:00:00,110.51999999999998
2023-06-02 11:00:00,110.47999999999999
2023-06-02 12:00:00,110.51999999999998
2023-06-02 13:00:00,110.46999999999998
2023-06-02 14:00:00,110.46
2023-06-02 15:00:00,110.6
2023-06-02 16:00:00,110.52999999999999
2023-06-02 17:00:00,110.55999999999999
2023-06-02 23:00:00,110.57999999999998
2023-06-05 07:00:00,110.07
2023-06-05 08:00:00,109.98999999999998
2023-06-05 09:00:00,109.87999999999998
2023-06-05 10:00:00,109.77999999999999
2023-06-05 11:00:00,109.71999999999998
2023-06-05 12:00:00,109.69999999999999
2023-06-05 13:00:00,109.79999999999998
2023-06-05 14:00:00,109.69999999999999
2023-06-05 15:00:00,109.82
2023-06-05 16:00:00,109.85
2023-06-05 17:00:00,109.67999999999999
2023-06-05 23:00:00,109.78999999999999
2023-06-06 07:00:00,109.68999999999998
2023-06-06 08:00:00,109.91999999999999
2023-06-06 09:00:00,110.1
2023-06-06 10:00:00,110.14999999999999
2023-06-06 11:00:00,110.15999999999998
2023-06-06 12:00:00,110.13999999999999
2023-06-06 13:00:00,109.72999999999999
2023-06-06 14:00:00,109.57
2023-06-06 15:00:00,109.46
2023-06-06 16:00:00,109.69999999999999
2023-06-06 17:00:00,109.77999999999999
2023-06-06 23:00:00,109.43999999999998
2023-06-07 07:00:00,109.71
2023-06-07 08:00:00,109.37999999999998
2023-06-07 09:00:00,109.54999999999998
2023-06-07 10:00:00,109.65999999999998
2023-06-07 11:00:00,109.35999999999999
2023-06-07 12:00:00,109.48999999999998
2023-06-07 13:00:00,109.22999999999999
2023-06-07 14:00:00,109.48999999999998
2023-06-07 15:00:00,108.98999999999998
2023-06-07 16:00:00,108.47999999999999
2023-06-07 17:00:00,108.47999999999999
2023-06-07 17:00:01,108.47999999999999
2023-06-07 23:00:00,108.96
2023-06-08 07:00:00,108.32
2023-06-08 08:00:00,108.72999999999999
2023-06-08 09:00:00,108.77999999999999
2023-06-08 10:00:00,108.77999999999999
2023-06-08 11:00:00,108.64999999999999
2023-06-08 12:00:00,108.72999999999999
2023-06-08 13:00:00,108.79999999999998
2023-06-08 14:00:00,109.04999999999998
2023-06-08 15:00:00,109.14999999999999
2023-06-08 16:00:00,109.46999999999998
2023-06-08 17:00:00,109.46
2023-06-08 23:00:00,109.24
2023-06-09 07:00:00,109.47999999999999
2023-06-09 08:00:00,109.44999999999999
2023-06-09 09:00:00,109.38999999999999
2023-06-09 10:00:00,109.33999999999999
2023-06-09 11:00:00,109.49
2023-06-09 12:00:00,109.65999999999998
2023-06-09 13:00:00,109.96999999999998
2023-06-09 14:00:00,109.80999999999999
2023-06-09 15:00:00,110.10999999999999
2023-06-09 16:00:00,110.15999999999998
2023-06-09 17:00:00,110.15999999999998
2023-06-09 23:00:00,110.24999999999999
2023-06-12 07:00:00,110.21
2023-06-12 08:00:00,110.07
2023-06-12 09:00:00,110.24999999999999
2023-06-12 10:00:00,110.46999999999998
2023-06-12 11:00:00,110.64999999999999
2023-06-12 12:00:00,110.77
2023-06-12 13:00:00,111.07999999999998
2023-06-12 14:00:00,110.57999999999998
2023-06-12 15:00:00,110.78999999999999
2023-06-12 16:00:00,110.69999999999999
2023-06-12 17:00:00,110.72999999999999
2023-06-12 23:00:00,110.77999999999999
2023-06-13 07:00:00,110.65999999999998
2023-06-13 08:00:00,110.6
2023-06-13 09:00:00,110.77999999999999
2023-06-13 10:00:00,110.85999999999999
2023-06-13 11:00:00,110.85
2023-06-13 12:00:00,110.96
2023-06-13 13:00:00,111.32999999999998
2023-06-13 14:00:00,110.57999999999998
2023-06-13 15:00:00,110.74999999999999
2023-06-13 16:00:00,110.69999999999999
2023-06-13 17:00:00,110.71999999999998
2023-06-13 23:00:00,110.66999999999999
2023-06-14 07:00:00,110.32999999999998
2023-06-14 08:00:00,110.55999999999999
2023-06-14 09:00:00,110.52
2023-06-14 10:00:00,110.65999999999998
2023-06-14 11:00:00,110.42999999999999
2023-06-14 12:00:00,110.21
2023-06-14 13:00:00,110.38
2023-06-14 14:00:00,110.21999999999998
2023-06-14 15:00:00,110.19999999999999
2023-06-14 16:00:00,110.39999999999999
2023-06-14 17:00:00,110.44999999999999
2023-06-14 23:00:00,110.24999999999999
2023-06-15 07:00:00,109.82
2023-06-15 08:00:00,109.82999999999998
2023-06-15 09:00:00,109.90999999999998
2023-06-15 10:00:00,109.75999999999999
2023-06-15 11:00:00,109.53999999999999
2023-06-15 12:00:00,109.57
2023-06-15 13:00:00,109.68999999999998
2023-06-15 14:00:00,110.16999999999999
2023-06-15 15:00:00,110.1
2023-06-15 16:00:00,109.97999999999999
2023-06-15 17:00:00,110.17999999999999
2023-06-15 23:00:00,109.89999999999999
2023-06-16 07:00:00,109.85999999999999
2023-06-16 08:00:00,109.99
2023-06-16 09:00:00,110.42999999999999
2023-06-16 10:00:00,110.52999999999999
2023-06-16 11:00:00,110.63
2023-06-16 12:00:00,110.53999999999999
2023-06-16 13:00:00,110.67999999999999
2023-06-16 14:00:00,111.10999999999999
2023-06-16 15:00:00,110.89999999999999
2023-06-16 16:00:00,110.88999999999999
2023-06-16 17:00:00,110.94999999999999
2023-06-16 23:00:00,111.02999999999999
2023-06-19 07:00:00,111.04999999999998
2023-06-19 08:00:00,110.52
2023-06-19 09:00:00,110.50999999999999
2023-06-19 10:00:00,110.40999999999998
2023-06-19 11:00:00,110.32999999999998
2023-06-19 12:00:00,110.11999999999999
2023-06-19 13:00:00,110.08999999999999
2023-06-19 14:00:00,110.07
2023-06-19 15:00:00,110.03999999999999
2023-06-19 16:00:00,110.07999999999998
2023-06-19 17:00:00,110.1
2023-06-19 23:00:00,109.96999999999998
2023-06-20 07:00:00,110.35
2023-06-20 08:00:00,110.55999999999999
2023-06-20 09:00:00,110.47999999999999
2023-06-20 10:00:00,110.40999999999998
2023-06-20 11:00:00,110.66999999999999
2023-06-20 12:00:00,110.82999999999998
2023-06-20 13:00:00,110.77999999999999
2023-06-20 14:00:00,110.88
2023-06-20 15:00:00,110.93999999999998
2023-06-20 16:00:00,110.93999999999998
2023-06-20 17:00:00,111.07
2023-06-20 23:00:00,110.96
2023-06-21 07:00:00,110.60999999999999
2023-06-21 08:00:00,110.72999999999999
2023-06-21 09:00:00,110.74
2023-06-21 10:00:00,110.88
2023-06-21 11:00:00,110.75999999999999
2023-06-21 12:00:00,110.83999999999999
2023-06-21 13:00:00,110.83999999999999
2023-06-21 14:00:00,110.54999999999998
2023-06-21 15:00:00,110.71999999999998
2023-06-21 16:00:00,110.74999999999999
2023-06-21 17:00:00,110.93999999999998
2023-06-21 23:00:00,110.72999999999999
2023-06-22 07:00:00,110.82
2023-06-22 08:00:00,110.61999999999999
2023-06-22 09:00:00,110.46999999999998
2023-06-22 10:00:00,110.39999999999999
2023-06-22 11:00:00,110.18999999999998
2023-06-22 12:00:00,110.41999999999999
2023-06-22 13:00:00,110.14999999999999
2023-06-22 14:00:00,110.17999999999999
2023-06-22 15:00:00,109.91999999999999
2023-06-22 16:00:00,109.99
2023-06-22 17:00:00,110.00999999999999
2023-06-22 23:00:00,110.03999999999999
2023-06-23 07:00:00,110.33999999999999
2023-06-23 08:00:00,111.41999999999999
2023-06-23 09:00:00,111.21999999999998
2023-06-23 10:00:00,111.22999999999999
2023-06-23 11:00:00,111.15999999999998
2023-06-23 12:00:00,111.24999999999999
2023-06-23 13:00:00,111.42999999999999
2023-06-23 14:00:00,111.43999999999998
2023-06-23 15:00:00,111.27
2023-06-23 16:00:00,111.39999999999999
2023-06-23 17:00:00,111.28999999999999
2023-06-23 23:00:00,111.28999999999999
2023-06-26 07:00:00,111.32
2023-06-26 08:00:00,111.41999999999999
2023-06-26 09:00:00,111.85999999999999
2023-06-26 10:00:00,111.74999999999999
2023-06-26 11:00:00,111.92999999999999
2023-06-26 12:00:00,111.69999999999999
2023-06-26 13:00:00,111.79999999999998
2023-06-26 14:00:00,111.66999999999999
2023-06-26 15:00:00,111.64999999999999
2023-06-26 16:00:00,111.71999999999998
2023-06-26 17:00:00,111.74999999999999
2023-06-26 23:00:00,111.77999999999999
2023-06-27 07:00:00,111.46999999999998
2023-06-27 08:00:00,111.61999999999999
2023-06-27 09:00:00,111.74
2023-06-27 10:00:00,111.63
2023-06-27 11:00:00,111.77999999999999
2023-06-27 12:00:00,111.74999999999999
2023-06-27 13:00:00,111.53999999999999
2023-06-27 14:00:00,111.65999999999998
2023-06-27 15:00:00,111.35
2023-06-27 16:00:00,111.38999999999999
2023-06-27 17:00:00,111.49
2023-06-27 23:00:00,111.30999999999999
2023-06-28 07:00:00,111.29999999999998
2023-06-28 08:00:00,111.28999999999999
2023-06-28 09:00:00,111.33999999999999
2023-06-28 10:00:00,111.35999999999999
2023-06-28 11:00:00,111.43999999999998
2023-06-28 12:00:00,111.68999999999998
2023-06-28 13:00:00,111.50999999999999
2023-06-28 14:00:00,111.36999999999999
2023-06-28 15:00:00,111.27
2023-06-28 16:00:00,111.41999999999999
2023-06-28 17:00:00,111.43999999999998
2023-06-28 23:00:00,111.35
2023-06-29 07:00:00,111.18999999999998
2023-06-29 08:00:00,111.02
2023-06-29 09:00:00,111.10999999999999
2023-06-29 10:00:00,110.88999999999999
2023-06-29 11:00:00,111.07
2023-06-29 12:00:00,110.99
2023-06-29 13:00:00,110.58999999999999
2023-06-29 14:00:00,110.35
2023-06-29 15:00:00,110.39999999999999
2023-06-29 16:00:00,110.27
2023-06-29 17:00:00,110.14999999999999
2023-06-29 23:00:00,110.41999999999999
2023-06-30 07:00:00,110.24
2023-06-30 08:00:00,109.91999999999999
2023-06-30 09:00:00,109.78999999999999
2023-06-30 10:00:00,110.05999999999999
2023-06-30 11:00:00,110.35
2023-06-30 12:00:00,110.16999999999999
2023-06-30 13:00:00,110.36999999999999
2023-06-30 14:00:00,110.03999999999999
2023-06-30 15:00:00,110.43999999999998
2023-06-30 16:00:00,110.47999999999999
2023-06-30 17:00:00,110.54999999999998
2023-06-30 23:00:00,110.44999999999999
2023-07-03 07:00:00,110.74
2023-07-03 08:00:00,110.64999999999999
2023-07-03 09:00:00,110.58999999999999
2023-07-03 10:00:00,110.46
2023-07-03 11:00:00,110.29999999999998
2023-07-03 12:00:00,109.99
2023-07-03 13:00:00,110.08999999999999
2023-07-03 14:00:00,110.18999999999998
2023-07-03 15:00:00,109.99
2023-07-03 16:00:00,109.88
2023-07-03 17:00:00,109.88999999999999
2023-07-03 23:00:00,109.83999999999999
2023-07-04 07:00:00,109.74999999999999
2023-07-04 08:00:00,109.52999999999999
2023-07-04 09:00:00,109.44999999999999
2023-07-04 10:00:00,109.18999999999998
2023-07-04 11:00:00,109.16999999999999
2023-07-04 12:00:00,109.21
2023-07-04 13:00:00,109.15999999999998
2023-07-04 14:00:00,109.49999999999999
2023-07-04 15:00:00,109.33999999999999
2023-07-04 16:00:00,109.30999999999999
2023-07-04 17:00:00,109.27999999999999
2023-07-04 23:00:00,109.25999999999999
2023-07-05 07:00:00,109.35
2023-07-05 08:00:00,109.43999999999998
2023-07-05 09:00:00,109.55999999999999
2023-07-05 10:00:00,109.77
2023-07-05 11:00:00,109.90999999999998
2023-07-05 12:00:00,109.58999999999999
2023-07-05 13:00:00,109.85
2023-07-05 14:00:00,109.92999999999999
2023-07-05 15:00:00,109.91999999999999
2023-07-05 16:00:00,109.63
2023-07-05 17:00:00,109.50999999999999
2023-07-05 23:00:00,109.69999999999999
2023-07-06 07:00:00,109.25999999999999
2023-07-06 08:00:00,109.17999999999999
2023-07-06 09:00:00,109.13999999999999
2023-07-06 10:00:00,108.96
2023-07-06 11:00:00,108.82999999999998
2023-07-06 12:00:00,108.89999999999999
2023-07-06 13:00:00,108.29999999999998
2023-07-06 14:00:00,108.25999999999999
2023-07-06 15:00:00,107.86999999999999
2023-07-06 16:00:00,107.72999999999999
2023-07-06 17:00:00,107.79999999999998
2023-07-06 23:00:00,107.85999999999999
2023-07-07 07:00:00,107.96
2023-07-07 08:00:00,107.82
2023-07-07 09:00:00,107.94999999999999
2023-07-07 10:00:00,107.57999999999998
2023-07-07 11:00:00,107.74999999999999
2023-07-07 12:00:00,107.78999999999999
2023-07-07 13:00:00,107.50999999999999
2023-07-07 14:00:00,107.77999999999999
2023-07-07 15:00:00,107.91999999999999
2023-07-07 16:00:00,107.96
2023-07-07 17:00:00,108.00999999999999
2023-07-07 23:00:00,107.96999999999998
2023-07-10 07:00:00,107.79999999999998
2023-07-10 08:00:00,107.85999999999999
2023-07-10 09:00:00,107.64999999999999
2023-07-10 10:00:00,107.63
2023-07-10 11:00:00,107.69999999999999
2023-07-10 12:00:00,107.74
2023-07-10 13:00:00,107.41999999999999
2023-07-10 14:00:00,107.65999999999998
2023-07-10 15:00:00,107.71999999999998
2023-07-10 16:00:00,107.64999999999999
2023-07-10 17:00:00,107.79999999999998
2023-07-10 23:00:00,107.83999999999999
2023-07-11 07:00:00,107.97999999999999
2023-07-11 08:00:00,107.86999999999999
2023-07-11 09:00:00,107.85999999999999
2023-07-11 10:00:00,108.02
2023-07-11 11:00:00,107.75999999999999
2023-07-11 12:00:00,107.74999999999999
2023-07-11 13:00:00,107.74999999999999
2023-07-11 14:00:00,107.36999999999999
2023-07-11 15:00:00,107.42999999999999
2023-07-11 16:00:00,107.35999999999999
2023-07-11 17:00:00,107.43999999999998
2023-07-11 23:00:00,107.35999999999999
2023-07-12 07:00:00,107.64999999999999
2023-07-12 08:00:00,107.71999999999998
2023-07-12 09:00:00,107.79999999999998
2023-07-12 10:00:00,107.77999999999999
2023-07-12 11:00:00,107.77
2023-07-12 12:00:00,107.74999999999999
2023-07-12 13:00:00,108.13
2023-07-12 14:00:00,108.24
2023-07-12 15:00:00,108.66999999999999
2023-07-12 16:00:00,108.77
2023-07-12 17:00:00,108.77999999999999
2023-07-12 23:00:00,108.63
2023-07-13 07:00:00,109.13999999999999
2023-07-13 08:00:00,109.42999999999999
2023-07-13 09:00:00,109.71999999999998
2023-07-13 10:00:00,109.75999999999999
2023-07-13 11:00:00,109.92999999999999
2023-07-13 12:00:00,109.97999999999999
2023-07-13 13:00:00,109.91999999999999
2023-07-13 14:00:00,109.99999999999999
2023-07-13 15:00:00,109.74
2023-07-13 16:00:00,109.86999999999999
2023-07-13 17:00:00,109.97999999999999
2023-07-13 23:00:00,109.75999999999999
2023-07-14 07:00:00,109.64999999999999
2023-07-14 08:00:00,109.64999999999999
2023-07-14 09:00:00,109.74
2023-07-14 10:00:00,109.71999999999998
2023-07-14 11:00:00,109.83999999999999
2023-07-14 12:00:00,109.80999999999999
2023-07-14 13:00:00,109.68999999999998
2023-07-14 14:00:00,109.71999999999998
2023-07-14 15:00:00,109.57
2023-07-14 16:00:00,109.57
2023-07-14 17:00:00,109.65999999999998
2023-07-14 23:00:00,109.6
2023-07-17 07:00:00,109.71
2023-07-17 08:00:00,109.50999999999999
2023-07-17 09:00:00,109.75999999999999
2023-07-17 10:00:00,109.89999999999999
2023-07-17 11:00:00,109.89999999999999
2023-07-17 12:00:00,109.80999999999999
2023-07-17 13:00:00,109.74999999999999
2023-07-17 14:00:00,109.57
2023-07-17 15:00:00,109.6
2023-07-17 16:00:00,109.71999999999998
2023-07-17 17:00:00,109.75999999999999
2023-07-17 23:00:00,109.57
2023-07-18 07:00:00,110.15999999999998
2023-07-18 08:00:00,110.43999999999998
2023-07-18 09:00:00,110.6
2023-07-18 10:00:00,110.91999999999999
2023-07-18 11:00:00,110.89999999999999
2023-07-18 12:00:00,110.92999999999999
2023-07-18 13:00:00,111.04999999999998
2023-07-18 14:00:00,111.13999999999999
2023-07-18 15:00:00,111.19999999999999
2023-07-18 16:00:00,111.04999999999998
2023-07-18 17:00:00,110.99
2023-07-18 23:00:00,111.14999999999999
2023-07-19 07:00:00,111.63
2023-07-19 08:00:00,111.42999999999999
2023-07-19 09:00:00,111.58999999999999
2023-07-19 10:00:00,111.24
2023-07-19 11:00:00,111.27999999999999
2023-07-19 12:00:00,111.07999999999998
2023-07-19 13:00:00,110.93999999999998
2023-07-19 14:00:00,110.88999999999999
2023-07-19 15:00:00,110.69999999999999
2023-07-19 16:00:00,110.44999999999999
2023-07-19 17:00:00,110.57
2023-07-19 23:00:00,110.60999999999999
2023-07-20 07:00:00,110.47999999999999
2023-07-20 08:00:00,110.29999999999998
2023-07-20 09:00:00,110.52
2023-07-20 10:00:00,110.38
2023-07-20 11:00:00,110.40999999999998
2023-07-20 12:00:00,110.53999999999999
2023-07-20 13:00:00,110.42999999999999
2023-07-20 14:00:00,110.46999999999998
2023-07-20 15:00:00,110.21999999999998
2023-07-20 16:00:00,110.21
2023-07-20 17:00:00,110.13
2023-07-20 23:00:00,110.17999999999999
2023-07-21 07:00:00,110.32999999999998
2023-07-21 08:00:00,110.24
2023-07-21 09:00:00,110.35
2023-07-21 10:00:00,110.43999999999998
2023-07-21 11:00:00,110.42999999999999
2023-07-21 12:00:00,110.32
2023-07-21 13:00:00,110.57999999999998
2023-07-21 14:00:00,110.64999999999999
2023-07-21 15:00:00,110.53999999999999
2023-07-21 16:00:00,110.55999999999999
2023-07-21 17:00:00,110.60999999999999
2023-07-21 23:00:00,110.60999999999999
2023-07-24 07:00:00,110.49
2023-07-24 08:00:00,110.94999999999999
2023-07-24 09:00:00,111.00999999999999
2023-07-24 10:00:00,110.99
2023-07-24 11:00:00,111.04999999999998
2023-07-24 12:00:00,111.07
2023-07-24 13:00:00,111.13999999999999
2023-07-24 14:00:00,111.1
2023-07-24 15:00:00,111.00999999999999
2023-07-24 16:00:00,110.99
2023-07-24 17:00:00,110.82
2023-07-24 23:00:00,110.99
2023-07-25 07:00:00,110.60999999999999
2023-07-25 08:00:00,110.67999999999999
2023-07-25 09:00:00,110.58999999999999
2023-07-25 10:00:00,110.64999999999999
2023-07-25 11:00:00,110.65999999999998
2023-07-25 12:00:00,110.55999999999999
2023-07-25 13:00:00,110.61999999999999
2023-07-25 14:00:00,110.63
2023-07-25 15:00:00,110.44999999999999
2023-07-25 16:00:00,110.65999999999998
2023-07-25 17:00:00,110.60999999999999
2023-07-25 23:00:00,110.52
2023-07-26 07:00:00,110.52
2023-07-26 08:00:00,110.46
2023-07-26 09:00:00,110.55999999999999
2023-07-26 10:00:00,110.46999999999998
2023-07-26 11:00:00,110.32999999999998
2023-07-26 12:00:00,110.43999999999998
2023-07-26 13:00:00,110.49999999999999
2023-07-26 14:00:00,110.33999999999999
2023-07-26 15:00:00,110.19999999999999
2023-07-26 16:00:00,110.27999999999999
2023-07-26 17:00:00,110.21
2023-07-26 23:00:00,110.24
2023-07-27 07:00:00,110.57
2023-07-27 08:00:00,110.17999999999999
2023-07-27 09:00:00,110.11999999999999
2023-07-27 10:00:00,110.21
2023-07-27 11:00:00,110.27
2023-07-27 12:00:00,110.28999999999999
2023-07-27 13:00:00,110.52999999999999
2023-07-27 14:00:00,110.89999999999999
2023-07-27 15:00:00,110.27999999999999
2023-07-27 16:00:00,110.55999999999999
2023-07-27 17:00:00,110.44999999999999
2023-07-27 23:00:00,110.41999999999999
2023-07-28 07:00:00,109.77
2023-07-28 08:00:00,110.00999999999999
2023-07-28 09:00:00,110.24
2023-07-28 10:00:00,110.47999999999999
2023-07-28 11:00:00,110.38
2023-07-28 12:00:00,110.54999999999998
2023-07-28 13:00:00,110.35999999999999
2023-07-28 14:00:00,110.18999999999998
2023-07-28 15:00:00,110.19999999999999
2023-07-28 16:00:00,110.17999999999999
2023-07-28 17:00:00,110.15999999999998
2023-07-28 23:00:00,110.28999999999999
2023-07-31 07:00:00,109.92999999999999
2023-07-31 08:00:00,110.03999999999999
2023-07-31 09:00:00,110.02999999999999
2023-07-31 10:00:00,109.92999999999999
2023-07-31 11:00:00,110.13
2023-07-31 12:00:00,110.32
2023-07-31 13:00:00,110.13
2023-07-31 14:00:00,110.24
2023-07-31 15:00:00,110.24999999999999
2023-07-31 16:00:00,110.28999999999999
2023-07-31 17:00:00,110.39999999999999
2023-07-31 23:00:00,110.33999999999999
2023-08-01 07:00:00,110.38
2023-08-01 08:00:00,110.22999999999999
2023-08-01 09:00:00,109.97999999999999
2023-08-01 10:00:00,110.14999999999999
2023-08-01 11:00:00,110.27999999999999
2023-08-01 12:00:00,109.90999999999998
2023-08-01 13:00:00,109.74
2023-08-01 14:00:00,109.74
2023-08-01 15:00:00,109.71
2023-08-01 16:00:00,109.50999999999999
2023-08-01 17:00:00,109.50999999999999
2023-08-01 23:00:00,109.57
2023-08-02 07:00:00,109.74999999999999
2023-08-02 08:00:00,109.63
2023-08-02 09:00:00,109.64999999999999
2023-08-02 10:00:00,109.82
2023-08-02 11:00:00,109.93999999999998
2023-08-02 12:00:00,110.07
2023-08-02 13:00:00,109.89999999999999
2023-08-02 14:00:00,109.82
2023-08-02 15:00:00,109.61999999999999
2023-08-02 16:00:00,109.52
2023-08-02 17:00:00,109.54999999999998
2023-08-02 23:00:00,109.57999999999998
2023-08-03 07:00:00,109.13999999999999
2023-08-03 08:00:00,108.82
2023-08-03 09:00:00,108.96999999999998
2023-08-03 10:00:00,108.89999999999999
2023-08-03 11:00:00,108.94999999999999
2023-08-03 12:00:00,109.24999999999999
2023-08-03 13:00:00,108.92999999999999
2023-08-03 14:00:00,108.66999999999999
2023-08-03 15:00:00,108.77
2023-08-03 16:00:00,108.75999999999999
2023-08-03 17:00:00,108.85999999999999
2023-08-03 23:00:00,108.96999999999998
2023-08-04 07:00:00,108.57999999999998
2023-08-04 08:00:00,108.71
2023-08-04 09:00:00,108.80999999999999
2023-08-04 10:00:00,108.58999999999999
2023-08-04 11:00:00,108.47999999999999
2023-08-04 12:00:00,108.35999999999999
2023-08-04 13:00:00,108.67999999999999
2023-08-04 14:00:00,109.29999999999998
2023-08-04 15:00:00,109.21999999999998
2023-08-04 16:00:00,109.28999999999999
2023-08-04 17:00:00,109.30999999999999
2023-08-04 23:00:00,109.19999999999999
2023-08-07 07:00:00,109.13999999999999
2023-08-07 08:00:00,109.00999999999999
2023-08-07 09:00:00,108.93999999999998
2023-08-07 10:00:00,108.6
2023-08-07 11:00:00,108.52999999999999
2023-08-07 12:00:00,108.67999999999999
2023-08-07 13:00:00,109.00999999999999
2023-08-07 14:00:00,108.79999999999998
2023-08-07 15:00:00,108.80999999999999
2023-08-07 16:00:00,108.85999999999999
2023-08-07 17:00:00,108.97999999999999
2023-08-07 23:00:00,108.88
2023-08-08 07:00:00,109.61999999999999
2023-08-08 08:00:00,109.66999999999999
2023-08-08 09:00:00,109.57999999999998
2023-08-08 10:00:00,109.89999999999999
2023-08-08 11:00:00,109.92999999999999
2023-08-08 12:00:00,110.08999999999999
2023-08-08 13:00:00,110.07
2023-08-08 14:00:00,110.07999999999998
2023-08-08 15:00:00,109.99999999999999
2023-08-08 16:00:00,110.07999999999998
2023-08-08 17:00:00,110.15999999999998
2023-08-08 23:00:00,110.02999999999999
2023-08-09 07:00:00,110.16999999999999
2023-08-09 08:00:00,110.14999999999999
2023-08-09 09:00:00,110.32999999999998
2023-08-09 10:00:00,110.25999999999999
2023-08-09 11:00:00,110.02999999999999
2023-08-09 12:00:00,110.02999999999999
2023-08-09 13:00:00,109.74999999999999
2023-08-09 14:00:00,109.88999999999999
2023-08-09 15:00:00,109.85999999999999
2023-08-09 16:00:00,109.88
2023-08-09 17:00:00,109.91999999999999
2023-08-09 23:00:00,109.96
2023-08-10 07:00:00,109.78999999999999
2023-08-10 08:00:00,109.96999999999998
2023-08-10 09:00:00,109.74
2023-08-10 10:00:00,109.71
2023-08-10 11:00:00,109.74
2023-08-10 12:00:00,109.85
2023-08-10 13:00:00,110.00999999999999
2023-08-10 14:00:00,110.05999999999999
2023-08-10 15:00:00,109.96999999999998
2023-08-10 16:00:00,109.89999999999999
2023-08-10 17:00:00,109.91999999999999
2023-08-10 23:00:00,109.85
2023-08-11 07:00:00,109.49
2023-08-11 08:00:00,109.46999999999998
2023-08-11 09:00:00,109.67999999999999
2023-08-11 10:00:00,109.38999999999999
2023-08-11 11:00:00,109.25999999999999
2023-08-11 12:00:00,109.17999999999999
2023-08-11 13:00:00,108.93999999999998
2023-08-11 14:00:00,108.91999999999999
2023-08-11 15:00:00,109.00999999999999
2023-08-11 16:00:00,108.96
2023-08-11 17:00:00,108.93999999999998
2023-08-11 23:00:00,108.94999999999999
2023-08-14 07:00:00,108.92999999999999
2023-08-14 08:00:00,109.13999999999999
2023-08-14 09:00:00,109.22999999999999
2023-08-14 10:00:00,109.16999999999999
2023-08-14 11:00:00,109.27
2023-08-14 12:00:00,109.15999999999998
2023-08-14 13:00:00,109.08999999999999
2023-08-14 14:00:00,108.67999999999999
2023-08-14 15:00:00,108.77
2023-08-14 16:00:00,108.72999999999999
2023-08-14 17:00:00,108.82999999999998
2023-08-14 23:00:00,108.71999999999998
2023-08-15 07:00:00,108.49
2023-08-15 08:00:00,107.99
2023-08-15 09:00:00,107.97999999999999
2023-08-15 10:00:00,107.86999999999999
2023-08-15 11:00:00,107.67999999999999
2023-08-15 12:00:00,107.72999999999999
2023-08-15 13:00:00,107.80999999999999
2023-08-15 14:00:00,108.07999999999998
2023-08-15 15:00:00,108.1
2023-08-15 16:00:00,108.10999999999999
2023-08-15 17:00:00,108.08999999999999
2023-08-15 23:00:00,108.07999999999998
2023-08-16 07:00:00,108.15999999999998
2023-08-16 08:00:00,108.21
2023-08-16 09:00:00,108.27999999999999
2023-08-16 10:00:00,108.25999999999999
2023-08-16 11:00:00,108.27
2023-08-16 12:00:00,108.22999999999999
2023-08-16 13:00:00,108.02999999999999
2023-08-16 14:00:00,108.15999999999998
2023-08-16 15:00:00,108.17999999999999
2023-08-16 16:00:00,108.1
2023-08-16 17:00:00,108.03999999999999
2023-08-16 23:00:00,108.13999999999999
2023-08-17 07:00:00,107.57999999999998
2023-08-17 08:00:00,107.65999999999998
2023-08-17 09:00:00,107.71
2023-08-17 10:00:00,107.67999999999999
2023-08-17 11:00:00,107.60999999999999
2023-08-17 12:00:00,107.77999999999999
2023-08-17 13:00:00,107.78999999999999
2023-08-17 14:00:00,107.65999999999998
2023-08-17 15:00:00,107.63999999999999
2023-08-17 16:00:00,107.52999999999999
2023-08-17 17:00:00,107.64999999999999
2023-08-17 23:00:00,107.65999999999998
2023-08-18 07:00:00,108.36999999999999
2023-08-18 08:00:00,108.24999999999999
2023-08-18 09:00:00,108.22999999999999
2023-08-18 10:00:00,108.46
2023-08-18 11:00:00,108.52999999999999
2023-08-18 12:00:00,108.57999999999998
2023-08-18 13:00:00,108.19999999999999
2023-08-18 14:00:00,108.22999999999999
2023-08-18 15:00:00,108.43999999999998
2023-08-18 16:00:00,108.32
2023-08-18 17:00:00,108.32999999999998
2023-08-18 23:00:00,108.30999999999999
2023-08-21 07:00:00,108.07
2023-08-21 08:00:00,108.36999999999999
2023-08-21 09:00:00,108.28999999999999
2023-08-21 10:00:00,108.21
2023-08-21 11:00:00,108.05999999999999
2023-08-21 12:00:00,107.99999999999999
2023-08-21 13:00:00,107.90999999999998
2023-08-21 14:00:00,107.82999999999998
2023-08-21 15:00:00,107.65999999999998
2023-08-21 16:00:00,107.65999999999998
2023-08-21 17:00:00,107.74
2023-08-21 23:00:00,107.60999999999999
2023-08-22 07:00:00,107.88999999999999
2023-08-22 08:00:00,108.19999999999999
2023-08-22 09:00:00,108.19999999999999
2023-08-22 10:00:00,108.27
2023-08-22 11:00:00,108.35
2023-08-22 12:00:00,108.33999999999999
2023-08-22 13:00:00,108.22999999999999
2023-08-22 14:00:00,108.16999999999999
2023-08-22 15:00:00,108.32999999999998
2023-08-22 16:00:00,108.49999999999999
2023-08-22 17:00:00,108.42999999999999
2023-08-22 23:00:00,108.38
2023-08-23 07:00:00,108.67999999999999
2023-08-23 08:00:00,109.41999999999999
2023-08-23 09:00:00,109.38999999999999
2023-08-23 10:00:00,109.52
2023-08-23 11:00:00,109.46
2023-08-23 12:00:00,109.35999999999999
2023-08-23 13:00:00,109.13
2023-08-23 14:00:00,109.66999999999999
2023-08-23 15:00:00,109.60999999999999
2023-08-23 16:00:00,109.71999999999998
2023-08-23 17:00:00,109.85999999999999
2023-08-23 23:00:00,109.68999999999998
2023-08-24 07:00:00,110.18999999999998
2023-08-24 08:00:00,109.93999999999998
2023-08-24 09:00:00,109.97999999999999
2023-08-24 10:00:00,109.72999999999999
2023-08-24 11:00:00,109.74
2023-08-24 12:00:00,109.61999999999999
2023-08-24 13:00:00,109.50999999999999
2023-08-24 14:00:00,109.61999999999999
2023-08-24 15:00:00,109.52
2023-08-24 16:00:00,109.65999999999998
2023-08-24 17:00:00,109.63
2023-08-24 23:00:00,109.54999999999998
2023-08-25 07:00:00,109.44999999999999
2023-08-25 08:00:00,109.47999999999999
2023-08-25 09:00:00,109.52999999999999
2023-08-25 10:00:00,109.19999999999999
2023-08-25 11:00:00,109.24999999999999
2023-08-25 12:00:00,109.14999999999999
2023-08-25 13:00:00,109.25999999999999
2023-08-25 14:00:00,109.33999999999999
2023-08-25 15:00:00,108.97999999999999
2023-08-25 16:00:00,109.07
2023-08-25 17:00:00,109.18999999999998
2023-08-25 23:00:00,109.13999999999999
2023-08-28 07:00:00,109.24999999999999
2023-08-28 08:00:00,109.19999999999999
2023-08-28 09:00:00,109.00999999999999
2023-08-28 10:00:00,108.86999999999999
2023-08-28 11:00:00,109.03999999999999
2023-08-28 12:00:00,109.03999999999999
2023-08-28 13:00:00,109.38
2023-08-28 14:00:00,109.21999999999998
2023-08-28 15:00:00,109.08999999999999
2023-08-28 16:00:00,109.24
2023-08-28 17:00:00,109.21999999999998
2023-08-28 23:00:00,109.07
2023-08-29 07:00:00,109.52
2023-08-29 08:00:00,109.35
2023-08-29 09:00:00,109.32
2023-08-29 10:00:00,109.57
2023-08-29 11:00:00,109.33999999999999
2023-08-29 12:00:00,109.18999999999998
2023-08-29 13:00:00,109.17999999999999
2023-08-29 14:00:00,109.28999999999999
2023-08-29 15:00:00,109.69999999999999
2023-08-29 16:00:00,109.88
2023-08-29 17:00:00,109.78999999999999
2023-08-29 23:00:00,109.77999999999999
2023-08-30 07:00:00,109.32
2023-08-30 08:00:00,109.46
2023-08-30 09:00:00,109.35999999999999
2023-08-30 10:00:00,109.08999999999999
2023-08-30 11:00:00,109.18999999999998
2023-08-30 12:00:00,109.24
2023-08-30 13:00:00,109.68999999999998
2023-08-30 14:00:00,109.64999999999999
2023-08-30 15:00:00,109.50999999999999
2023-08-30 16:00:00,109.52
2023-08-30 17:00:00,109.44999999999999
2023-08-30 23:00:00,109.64999999999999
2023-08-31 07:00:00,109.53999999999999
2023-08-31 08:00:00,109.74
2023-08-31 09:00:00,109.77
2023-08-31 10:00:00,109.97999999999999
2023-08-31 11:00:00,109.96999999999998
2023-08-31 12:00:00,110.07
2023-08-31 13:00:00,110.02
2023-08-31 14:00:00,110.24999999999999
2023-08-31 15:00:00,110.27
2023-08-31 16:00:00,110.19999999999999
2023-08-31 17:00:00,110.16999999999999
2023-08-31 23:00:00,110.25999999999999
2023-09-01 07:00:00,109.90999999999998
2023-09-01 08:00:00,110.03999999999999
2023-09-01 09:00:00,110.05999999999999
2023-09-01 10:00:00,109.99
2023-09-01 11:00:00,110.02999999999999
2023-09-01 12:00:00,110.00999999999999
2023-09-01 13:00:00,110.08999999999999
2023-09-01 14:00:00,109.40999999999998
2023-09-01 15:00:00,109.39999999999999
2023-09-01 16:00:00,109.14999999999999
2023-09-01 17:00:00,109.27
2023-09-01 23:00:00,109.33999999999999
2023-09-04 07:00:00,109.07999999999998
2023-09-04 08:00:00,108.92999999999999
2023-09-04 09:00:00,108.96999999999998
2023-09-04 10:00:00,108.85999999999999
2023-09-04 11:00:00,108.86999999999999
2023-09-04 12:00:00,108.88999999999999
2023-09-04 13:00:00,108.75999999999999
2023-09-04 14:00:00,108.67999999999999
2023-09-04 15:00:00,108.66999999999999
2023-09-04 16:00:00,108.68999999999998
2023-09-04 17:00:00,108.69999999999999
2023-09-04 23:00:00,108.67999999999999
2023-09-05 07:00:00,108.41999999999999
2023-09-05 08:00:00,108.6
2023-09-05 09:00:00,108.50999999999999
2023-09-05 10:00:00,108.35999999999999
2023-09-05 11:00:00,108.35999999999999
2023-09-05 12:00:00,108.41999999999999
2023-09-05 13:00:00,108.57
2023-09-05 14:00:00,108.33999999999999
2023-09-05 15:00:00,108.29999999999998
2023-09-05 16:00:00,108.28999999999999
2023-09-05 17:00:00,108.32
2023-09-05 17:00:01,108.32
2023-09-05 23:00:00,108.39
2023-09-06 07:00:00,108.28
2023-09-06 08:00:00,108.19999999999999
2023-09-06 09:00:00,108.47999999999999
2023-09-06 10:00:00,108.35
2023-09-06 11:00:00,108.36
2023-09-06 12:00:00,108.25999999999999
2023-09-06 13:00:00,108.39
2023-09-06 14:00:00,108.17999999999999
2023-09-06 15:00:00,107.75999999999999
2023-09-06 16:00:00,107.72999999999999
2023-09-06 17:00:00,107.72999999999999
2023-09-06 23:00:00,107.69
2023-09-07 07:00:00,107.82
2023-09-07 08:00:00,107.94
2023-09-07 09:00:00,108.08
2023-09-07 10:00:00,108.13
2023-09-07 11:00:00,108.11999999999999
2023-09-07 12:00:00,108.14
2023-09-07 13:00:00,108.17
2023-09-07 14:00:00,108.19
2023-09-07 15:00:00,108.19
2023-09-07 16:00:00,108.28
2023-09-07 17:00:00,108.25999999999999
2023-09-07 23:00:00,108.21
2023-09-08 07:00:00,108.67
2023-09-08 08:00:00,108.39999999999999
2023-09-08 09:00:00,108.22999999999999
2023-09-08 10:00:00,108.31
2023-09-08 11:00:00,108.28999999999999
2023-09-08 12:00:00,108.08
2023-09-08 13:00:00,108.22999999999999
2023-09-08 14:00:00,108.47
2023-09-08 15:00:00,108.35
2023-09-08 16:00:00,108.24
2023-09-08 17:00:00,108.3
2023-09-08 23:00:00,108.38
2023-09-11 07:00:00,108.0
2023-09-11 08:00:00,108.06
2023-09-11 09:00:00,108.16
2023-09-11 10:00:00,108.00999999999999
2023-09-11 11:00:00,107.88
2023-09-11 12:00:00,107.83999999999999
2023-09-11 13:00:00,107.89
2023-09-11 14:00:00,107.89999999999999
2023-09-11 15:00:00,107.81
2023-09-11 16:00:00,107.83
2023-09-11 17:00:00,107.82
2023-09-11 23:00:00,107.82
2023-09-12 07:00:00,107.77
2023-09-12 08:00:00,107.97
2023-09-12 09:00:00,108.13
2023-09-12 10:00:00,108.00999999999999
2023-09-12 11:00:00,107.97
2023-09-12 12:00:00,107.86999999999999
2023-09-12 13:00:00,107.99
2023-09-12 14:00:00,107.82
2023-09-12 15:00:00,107.86
2023-09-12 16:00:00,107.75999999999999
2023-09-12 17:00:00,107.72
2023-09-12 23:00:00,107.78999999999999
2023-09-13 07:00:00,107.57
2023-09-13 08:00:00,107.52
2023-09-13 09:00:00,107.36999999999999
2023-09-13 10:00:00,107.32
2023-09-13 11:00:00,107.17
2023-09-13 12:00:00,107.17
2023-09-13 13:00:00,107.35
2023-09-13 14:00:00,107.55
2023-09-13 15:00:00,107.32
2023-09-13 16:00:00,107.39
2023-09-13 17:00:00,107.53
2023-09-13 23:00:00,107.28
2023-09-14 07:00:00,107.46
2023-09-14 08:00:00,107.38
2023-09-14 09:00:00,107.44
2023-09-14 10:00:00,107.44999999999999
2023-09-14 11:00:00,107.6
2023-09-14 12:00:00,107.53
2023-09-14 13:00:00,108.22999999999999
2023-09-14 14:00:00,108.22999999999999
2023-09-14 15:00:00,108.42
2023-09-14 16:00:00,108.36
2023-09-14 17:00:00,108.22
2023-09-14 23:00:00,108.44999999999999
2023-09-15 07:00:00,108.1
2023-09-15 08:00:00,107.67999999999999
2023-09-15 09:00:00,107.69
2023-09-15 10:00:00,107.72
2023-09-15 11:00:00,107.64999999999999
2023-09-15 12:00:00,107.71
2023-09-15 13:00:00,107.36999999999999
2023-09-15 14:00:00,107.25
2023-09-15 15:00:00,107.31
2023-09-15 16:00:00,107.28999999999999
2023-09-15 17:00:00,107.36
2023-09-15 23:00:00,107.33
2023-09-18 07:00:00,107.14999999999999
2023-09-18 08:00:00,107.08
2023-09-18 09:00:00,107.17999999999999
2023-09-18 10:00:00,107.07
2023-09-18 11:00:00,107.03999999999999
2023-09-18 12:00:00,106.92
2023-09-18 13:00:00,106.89
2023-09-18 14:00:00,106.78
2023-09-18 15:00:00,106.89999999999999
2023-09-18 16:00:00,106.85
2023-09-18 17:00:00,106.86999999999999
2023-09-18 23:00:00,106.75999999999999
2023-09-19 07:00:00,106.81
2023-09-19 08:00:00,107.11
2023-09-19 09:00:00,107.07
2023-09-19 10:00:00,107.05
2023-09-19 11:00:00,107.07
2023-09-19 12:00:00,107.03
2023-09-19 13:00:00,106.67999999999999
2023-09-19 14:00:00,106.8
2023-09-19 15:00:00,106.82
2023-09-19 16:00:00,106.8
2023-09-19 17:00:00,106.75
2023-09-19 23:00:00,106.77
2023-09-20 07:00:00,106.89
2023-09-20 08:00:00,106.89999999999999
2023-09-20 09:00:00,106.99
2023-09-20 10:00:00,107.08999999999999
2023-09-20 11:00:00,107.03999999999999
2023-09-20 12:00:00,106.97
2023-09-20 13:00:00,106.99
2023-09-20 14:00:00,107.17
2023-09-20 15:00:00,107.21
2023-09-20 16:00:00,107.38
2023-09-20 17:00:00,107.35
2023-09-20 23:00:00,107.3
2023-09-21 07:00:00,106.86
2023-09-21 08:00:00,106.85
2023-09-21 09:00:00,106.78999999999999
2023-09-21 10:00:00,106.82
2023-09-21 11:00:00,106.89
2023-09-21 12:00:00,106.58
2023-09-21 13:00:00,106.42
2023-09-21 14:00:00,106.47
2023-09-21 15:00:00,106.58
2023-09-21 16:00:00,106.6
2023-09-21 17:00:00,106.64
2023-09-21 23:00:00,106.67999999999999
2023-09-22 07:00:00,106.52
2023-09-22 08:00:00,106.88
2023-09-22 09:00:00,106.67
2023-09-22 10:00:00,106.63
2023-09-22 11:00:00,106.47
2023-09-22 12:00:00,106.38
2023-09-22 13:00:00,106.33999999999999
2023-09-22 14:00:00,106.25
2023-09-22 15:00:00,106.33
2023-09-22 16:00:00,106.16
2023-09-22 17:00:00,106.19
2023-09-22 23:00:00,106.21
2023-09-25 07:00:00,106.07
2023-09-25 08:00:00,106.14999999999999
2023-09-25 09:00:00,105.77
2023-09-25 10:00:00,105.64
2023-09-25 11:00:00,105.49
2023-09-25 12:00:00,105.57
2023-09-25 13:00:00,105.47999999999999
2023-09-25 14:00:00,105.55
2023-09-25 15:00:00,105.47999999999999
2023-09-25 16:00:00,105.52
2023-09-25 17:00:00,105.44
2023-09-25 23:00:00,105.55
2023-09-26 07:00:00,105.25
2023-09-26 08:00:00,105.38
2023-09-26 09:00:00,105.19999999999999
2023-09-26 10:00:00,105.17
2023-09-26 11:00:00,105.46
2023-09-26 12:00:00,105.33999999999999
2023-09-26 13:00:00,105.27
2023-09-26 14:00:00,105.17
2023-09-26 15:00:00,105.11999999999999
2023-09-26 16:00:00,104.81
2023-09-26 17:00:00,104.61999999999999
2023-09-26 23:00:00,105.06
2023-09-27 07:00:00,104.99
2023-09-27 08:00:00,105.07
2023-09-27 09:00:00,105.25999999999999
2023-09-27 10:00:00,105.33999999999999
2023-09-27 11:00:00,105.17999999999999
2023-09-27 12:00:00,105.25999999999999
2023-09-27 13:00:00,105.19
2023-09-27 14:00:00,105.06
2023-09-27 15:00:00,104.49
2023-09-27 16:00:00,104.39999999999999
2023-09-27 17:00:00,104.3
2023-09-27 23:00:00,104.56
2023-09-28 07:00:00,104.28999999999999
2023-09-28 08:00:00,103.85
2023-09-28 09:00:00,103.50999999999999
2023-09-28 10:00:00,103.81
2023-09-28 11:00:00,103.57
2023-09-28 12:00:00,103.36
2023-09-28 13:00:00,103.13
2023-09-28 14:00:00,103.03999999999999
2023-09-28 15:00:00,103.19999999999999
2023-09-28 16:00:00,103.74
2023-09-28 17:00:00,103.61999999999999
2023-09-28 23:00:00,103.16
2023-09-29 07:00:00,104.14
2023-09-29 08:00:00,104.32
2023-09-29 09:00:00,104.53999999999999
2023-09-29 10:00:00,104.69
2023-09-29 11:00:00,104.49
2023-09-29 12:00:00,104.32
2023-09-29 13:00:00,104.5
2023-09-29 14:00:00,104.74
2023-09-29 15:00:00,104.69
2023-09-29 16:00:00,104.47
2023-09-29 17:00:00,104.46
2023-09-29 23:00:00,104.61
2023-10-02 07:00:00,104.47
2023-10-02 08:00:00,104.22999999999999
2023-10-02 09:00:00,104.21
2023-10-02 10:00:00,104.3
2023-10-02 11:00:00,104.47
2023-10-02 12:00:00,104.82
2023-10-02 13:00:00,104.57
2023-10-02 14:00:00,104.39999999999999
2023-10-02 15:00:00,104.24
2023-10-02 16:00:00,104.27
2023-10-02 17:00:00,104.22999999999999
2023-10-02 23:00:00,104.28999999999999
2023-10-03 07:00:00,104.21
2023-10-03 08:00:00,104.06
2023-10-03 09:00:00,104.08999999999999
2023-10-03 10:00:00,103.83
2023-10-03 11:00:00,103.92
2023-10-03 12:00:00,103.56
2023-10-03 13:00:00,103.75
2023-10-03 14:00:00,103.89999999999999
2023-10-03 15:00:00,103.5
2023-10-03 16:00:00,103.16
2023-10-03 17:00:00,103.24
2023-10-03 23:00:00,103.35
2023-10-04 07:00:00,102.53999999999999
2023-10-04 08:00:00,102.94999999999999
2023-10-04 09:00:00,103.13
2023-10-04 10:00:00,102.89
2023-10-04 11:00:00,103.03999999999999
2023-10-04 12:00:00,103.36
2023-10-04 13:00:00,103.42
2023-10-04 14:00:00,103.32
2023-10-04 15:00:00,103.06
2023-10-04 16:00:00,103.8
2023-10-04 17:00:00,103.77
2023-10-04 23:00:00,103.25999999999999
2023-10-05 07:00:00,103.5
2023-10-05 08:00:00,103.32
2023-10-05 09:00:00,103.22999999999999
2023-10-05 10:00:00,103.22999999999999
2023-10-05 11:00:00,103.47
2023-10-05 12:00:00,103.50999999999999
2023-10-05 13:00:00,103.42
2023-10-05 14:00:00,103.69999999999999
2023-10-05 15:00:00,103.61999999999999
2023-10-05 16:00:00,103.58
2023-10-05 17:00:00,103.67
2023-10-05 23:00:00,103.67
2023-10-06 07:00:00,103.33
2023-10-06 08:00:00,103.33999999999999
2023-10-06 09:00:00,103.27
2023-10-06 10:00:00,103.22999999999999
2023-10-06 11:00:00,103.22999999999999
2023-10-06 12:00:00,103.22
2023-10-06 13:00:00,102.81
2023-10-06 14:00:00,102.97
2023-10-06 15:00:00,102.97999999999999
2023-10-06 16:00:00,103.41
2023-10-06 17:00:00,103.28
2023-10-06 23:00:00,103.14999999999999
2023-10-09 07:00:00,103.46
2023-10-09 08:00:00,103.38
2023-10-09 09:00:00,103.44
2023-10-09 10:00:00,103.25
2023-10-09 11:00:00,103.16
2023-10-09 12:00:00,103.14999999999999
2023-10-09 13:00:00,103.36999999999999
2023-10-09 14:00:00,103.52
2023-10-09 15:00:00,103.91
2023-10-09 16:00:00,104.05
2023-10-09 17:00:00,103.94
2023-10-09 23:00:00,103.96
2023-10-10 07:00:00,104.03999999999999
2023-10-10 08:00:00,104.24
2023-10-10 09:00:00,104.33
2023-10-10 10:00:00,104.21
2023-10-10 11:00:00,104.0
2023-10-10 12:00:00,103.97
2023-10-10 13:00:00,104.03
2023-10-10 14:00:00,104.03999999999999
2023-10-10 15:00:00,104.53999999999999
2023-10-10 16:00:00,105.00999999999999
2023-10-10 17:00:00,104.83
2023-10-10 23:00:00,104.75999999999999
2023-10-11 07:00:00,104.74
2023-10-11 08:00:00,105.39
2023-10-11 09:00:00,105.49
2023-10-11 10:00:00,105.53
2023-10-11 11:00:00,105.44999999999999
2023-10-11 12:00:00,105.39999999999999
2023-10-11 13:00:00,105.57
2023-10-11 14:00:00,105.44
2023-10-11 15:00:00,105.66
2023-10-11 16:00:00,105.53999999999999
2023-10-11 17:00:00,105.46
2023-10-11 23:00:00,105.53999999999999
2023-10-12 07:00:00,105.86999999999999
2023-10-12 08:00:00,105.42
2023-10-12 09:00:00,105.69999999999999
2023-10-12 10:00:00,105.61
2023-10-12 11:00:00,105.58999999999999
2023-10-12 12:00:00,105.55
2023-10-12 13:00:00,105.22999999999999
2023-10-12 14:00:00,105.03999999999999
2023-10-12 15:00:00,104.83999999999999
2023-10-12 16:00:00,104.69999999999999
2023-10-12 17:00:00,104.64999999999999
2023-10-12 23:00:00,104.8
2023-10-13 07:00:00,104.81
2023-10-13 08:00:00,104.92
2023-10-13 09:00:00,104.77
2023-10-13 10:00:00,104.78999999999999
2023-10-13 11:00:00,105.02
2023-10-13 12:00:00,104.94
2023-10-13 13:00:00,105.19999999999999
2023-10-13 14:00:00,104.83999999999999
2023-10-13 15:00:00,104.71
2023-10-13 16:00:00,104.58999999999999
2023-10-13 17:00:00,104.58
2023-10-13 23:00:00,104.64
2023-10-16 07:00:00,104.47999999999999
2023-10-16 08:00:00,104.39999999999999
2023-10-16 09:00:00,104.52
2023-10-16 10:00:00,104.22999999999999
2023-10-16 11:00:00,104.28999999999999
2023-10-16 12:00:00,104.28
2023-10-16 13:00:00,104.47999999999999
2023-10-16 14:00:00,104.33999999999999
2023-10-16 15:00:00,104.58
2023-10-16 16:00:00,104.67
2023-10-16 17:00:00,104.42999999999999
2023-10-16 23:00:00,104.67
2023-10-17 07:00:00,104.16
2023-10-17 08:00:00,104.22999999999999
2023-10-17 09:00:00,104.19999999999999
2023-10-17 10:00:00,104.32
2023-10-17 11:00:00,104.14999999999999
2023-10-17 12:00:00,103.92
2023-10-17 13:00:00,103.67999999999999
2023-10-17 14:00:00,103.41
2023-10-17 15:00:00,103.64999999999999
2023-10-17 16:00:00,103.61999999999999
2023-10-17 17:00:00,103.61
2023-10-17 23:00:00,103.57
2023-10-18 07:00:00,103.33
2023-10-18 08:00:00,103.24
2023-10-18 09:00:00,103.08
2023-10-18 10:00:00,103.3
2023-10-18 11:00:00,103.32
2023-10-18 12:00:00,103.3
2023-10-18 13:00:00,103.03999999999999
2023-10-18 14:00:00,103.02
2023-10-18 15:00:00,102.78
2023-10-18 16:00:00,102.83
2023-10-18 17:00:00,102.83999999999999
2023-10-18 23:00:00,102.74
2023-10-19 07:00:00,102.49
2023-10-19 08:00:00,102.5
2023-10-19 09:00:00,102.47999999999999
2023-10-19 10:00:00,102.78
2023-10-19 11:00:00,102.97
2023-10-19 12:00:00,102.85
2023-10-19 13:00:00,103.06
2023-10-19 14:00:00,103.14999999999999
2023-10-19 15:00:00,102.86999999999999
2023-10-19 16:00:00,103.14
2023-10-19 17:00:00,103.03999999999999
2023-10-19 23:00:00,102.97999999999999
2023-10-20 07:00:00,103.28
2023-10-20 08:00:00,103.16
2023-10-20 09:00:00,103.31
2023-10-20 10:00:00,103.19999999999999
2023-10-20 11:00:00,103.14
2023-10-20 12:00:00,103.17
2023-10-20 13:00:00,103.13
2023-10-20 14:00:00,103.53999999999999
2023-10-20 15:00:00,103.32
2023-10-20 16:00:00,103.32
2023-10-20 17:00:00,103.33999999999999
2023-10-20 23:00:00,103.42999999999999
2023-10-23 07:00:00,103.46
2023-10-23 08:00:00,103.27
2023-10-23 09:00:00,103.14999999999999
2023-10-23 10:00:00,102.88
2023-10-23 11:00:00,103.00999999999999
2023-10-23 12:00:00,103.21
2023-10-23 13:00:00,103.17999999999999
2023-10-23 14:00:00,103.61
2023-10-23 15:00:00,103.86999999999999
2023-10-23 16:00:00,104.05
2023-10-23 17:00:00,104.14999999999999
2023-10-23 23:00:00,103.94999999999999
2023-10-24 07:00:00,104.61
2023-10-24 08:00:00,104.69999999999999
2023-10-24 09:00:00,104.56
2023-10-24 10:00:00,104.49
2023-10-24 11:00:00,104.32
2023-10-24 12:00:00,104.28999999999999
2023-10-24 13:00:00,104.36
2023-10-24 14:00:00,104.19
2023-10-24 15:00:00,104.13
2023-10-24 16:00:00,104.17
2023-10-24 17:00:00,104.11999999999999
2023-10-24 23:00:00,104.05
2023-10-25 07:00:00,104.08999999999999
2023-10-25 08:00:00,103.94
2023-10-25 09:00:00,103.86999999999999
2023-10-25 10:00:00,103.66
2023-10-25 11:00:00,103.6
2023-10-25 12:00:00,103.58999999999999
2023-10-25 13:00:00,103.46
2023-10-25 14:00:00,103.57
2023-10-25 15:00:00,103.38
2023-10-25 16:00:00,103.42
2023-10-25 17:00:00,103.36999999999999
2023-10-25 23:00:00,103.47
2023-10-26 07:00:00,102.97999999999999
2023-10-26 08:00:00,103.39
2023-10-26 09:00:00,103.44999999999999
2023-10-26 10:00:00,103.46
2023-10-26 11:00:00,103.38
2023-10-26 12:00:00,103.33999999999999
2023-10-26 13:00:00,104.19
2023-10-26 14:00:00,104.11
2023-10-26 15:00:00,104.08
2023-10-26 16:00:00,103.82
2023-10-26 17:00:00,103.88
2023-10-26 23:00:00,104.02
2023-10-27 07:00:00,104.02
2023-10-27 08:00:00,103.97999999999999
2023-10-27 09:00:00,104.25999999999999
2023-10-27 10:00:00,104.44
2023-10-27 11:00:00,104.22999999999999
2023-10-27 12:00:00,104.11999999999999
2023-10-27 13:00:00,104.32
2023-10-27 14:00:00,104.42
2023-10-27 15:00:00,104.36999999999999
2023-10-27 16:00:00,104.39
2023-10-27 17:00:00,104.32
2023-10-27 23:00:00,104.42
2023-10-30 07:00:00,104.88
2023-10-30 08:00:00,104.94
2023-10-30 09:00:00,105.05
2023-10-30 10:00:00,104.83999999999999
2023-10-30 11:00:00,104.81
2023-10-30 12:00:00,104.5
2023-10-30 13:00:00,105.16
2023-10-30 14:00:00,104.96
2023-10-30 15:00:00,104.94
2023-10-30 16:00:00,104.97
2023-10-30 17:00:00,104.94
2023-10-30 23:00:00,104.99
2023-10-31 07:00:00,105.22
2023-10-31 08:00:00,105.25
2023-10-31 09:00:00,105.22999999999999
2023-10-31 10:00:00,105.38
2023-10-31 11:00:00,105.44
2023-10-31 12:00:00,105.3
2023-10-31 13:00:00,105.24
2023-10-31 14:00:00,105.41
2023-10-31 15:00:00,105.14999999999999
2023-10-31 16:00:00,105.07
2023-10-31 17:00:00,105.03
2023-10-31 23:00:00,105.1
2023-11-01 07:00:00,104.69999999999999
2023-11-01 08:00:00,104.71
2023-11-01 09:00:00,104.61999999999999
2023-11-01 10:00:00,104.67
2023-11-01 11:00:00,104.72999999999999
2023-11-01 12:00:00,104.83999999999999
2023-11-01 13:00:00,105.35
2023-11-01 14:00:00,105.67
2023-11-01 15:00:00,105.75
2023-11-01 16:00:00,105.58
2023-11-01 17:00:00,105.61999999999999
2023-11-01 23:00:00,105.69999999999999
2023-11-02 07:00:00,105.89999999999999
2023-11-02 08:00:00,106.24
2023-11-02 09:00:00,106.38
2023-11-02 10:00:00,106.69
2023-11-02 11:00:00,106.82
2023-11-02 12:00:00,107.06
2023-11-02 13:00:00,106.71
2023-11-02 14:00:00,106.75
2023-11-02 15:00:00,106.31
2023-11-02 16:00:00,106.44
2023-11-02 17:00:00,106.61
2023-11-02 23:00:00,106.44
2023-11-03 07:00:00,106.52
2023-11-03 08:00:00,106.64999999999999
2023-11-03 09:00:00,106.53
2023-11-03 10:00:00,106.61
2023-11-03 11:00:00,106.72999999999999
2023-11-03 12:00:00,107.21
2023-11-03 13:00:00,107.5
2023-11-03 14:00:00,107.44999999999999
2023-11-03 15:00:00,107.35
2023-11-03 16:00:00,107.47999999999999
2023-11-03 17:00:00,107.38
2023-11-03 23:00:00,107.42999999999999
2023-11-06 07:00:00,107.00999999999999
2023-11-06 08:00:00,107.05
2023-11-06 09:00:00,106.83
2023-11-06 10:00:00,106.8
2023-11-06 11:00:00,106.72999999999999
2023-11-06 12:00:00,106.61999999999999
2023-11-06 13:00:00,106.53999999999999
2023-11-06 14:00:00,106.41
2023-11-06 15:00:00,106.42
2023-11-06 16:00:00,106.3
2023-11-06 17:00:00,106.25999999999999
2023-11-06 23:00:00,106.39999999999999
2023-11-07 07:00:00,106.14
2023-11-07 08:00:00,106.75
2023-11-07 09:00:00,106.66
2023-11-07 10:00:00,106.92
2023-11-07 11:00:00,106.75999999999999
2023-11-07 12:00:00,106.74
2023-11-07 13:00:00,106.94999999999999
2023-11-07 14:00:00,106.89
2023-11-07 15:00:00,107.06
2023-11-07 16:00:00,107.14
2023-11-07 17:00:00,107.03999999999999
2023-11-07 23:00:00,107.11
2023-11-08 07:00:00,106.97999999999999
2023-11-08 08:00:00,107.3
2023-11-08 09:00:00,107.17999999999999
2023-11-08 10:00:00,107.03
2023-11-08 11:00:00,107.22
2023-11-08 12:00:00,107.33999999999999
2023-11-08 13:00:00,107.53
2023-11-08 14:00:00,107.72
2023-11-08 15:00:00,107.63
2023-11-08 16:00:00,107.75
2023-11-08 17:00:00,107.75
2023-11-08 23:00:00,107.67
2023-11-09 07:00:00,107.72999999999999
2023-11-09 08:00:00,107.46
2023-11-09 09:00:00,107.44
2023-11-09 10:00:00,107.53999999999999
2023-11-09 11:00:00,107.39
2023-11-09 12:00:00,107.44999999999999
2023-11-09 13:00:00,107.58999999999999
2023-11-09 14:00:00,107.61999999999999
2023-11-09 15:00:00,107.49
2023-11-09 16:00:00,107.44999999999999
2023-11-09 17:00:00,107.33999999999999
2023-11-09 23:00:00,107.52
2023-11-10 07:00:00,107.07
2023-11-10 08:00:00,106.83
2023-11-10 09:00:00,106.81
2023-11-10 10:00:00,106.75999999999999
2023-11-10 11:00:00,106.71
2023-11-10 12:00:00,106.89999999999999
2023-11-10 13:00:00,107.08999999999999
2023-11-10 14:00:00,106.92999999999999
2023-11-10 15:00:00,106.97999999999999
2023-11-10 16:00:00,106.88
2023-11-10 17:00:00,106.89999999999999
2023-11-10 23:00:00,106.97999999999999
2023-11-13 07:00:00,107.1
2023-11-13 08:00:00,107.13
2023-11-13 09:00:00,107.28
2023-11-13 10:00:00,107.33999999999999
2023-11-13 11:00:00,107.39
2023-11-13 12:00:00,107.28999999999999
2023-11-13 13:00:00,107.03
2023-11-13 14:00:00,106.71
2023-11-13 15:00:00,106.94999999999999
2023-11-13 16:00:00,107.00999999999999
2023-11-13 17:00:00,107.00999999999999
2023-11-13 23:00:00,106.97
2023-11-14 07:00:00,107.24
2023-11-14 08:00:00,107.22999999999999
2023-11-14 09:00:00,107.16
2023-11-14 10:00:00,107.06
2023-11-14 11:00:00,107.05
2023-11-14 12:00:00,107.08999999999999
2023-11-14 13:00:00,107.89999999999999
2023-11-14 14:00:00,107.99
2023-11-14 15:00:00,108.28999999999999
2023-11-14 16:00:00,108.33999999999999
2023-11-14 17:00:00,108.42
2023-11-14 23:00:00,108.25
2023-11-15 07:00:00,108.39999999999999
2023-11-15 08:00:00,108.72
2023-11-15 09:00:00,108.53
2023-11-15 10:00:00,108.38
2023-11-15 11:00:00,108.50999999999999
2023-11-15 12:00:00,108.46
2023-11-15 13:00:00,108.33
2023-11-15 14:00:00,108.0
2023-11-15 15:00:00,108.17999999999999
2023-11-15 16:00:00,108.07
2023-11-15 17:00:00,108.08999999999999
2023-11-15 23:00:00,108.19999999999999
2023-11-16 07:00:00,108.38
2023-11-16 08:00:00,108.39999999999999
2023-11-16 09:00:00,108.39
2023-11-16 10:00:00,108.57
2023-11-16 11:00:00,108.63
2023-11-16 12:00:00,108.52
2023-11-16 13:00:00,108.72999999999999
2023-11-16 14:00:00,108.92999999999999
2023-11-16 15:00:00,109.0
2023-11-16 16:00:00,108.86
2023-11-16 17:00:00,109.11
2023-11-16 23:00:00,109.08999999999999
2023-11-17 07:00:00,109.28999999999999
2023-11-17 08:00:00,109.66
2023-11-17 09:00:00,109.53999999999999
2023-11-17 10:00:00,109.56
2023-11-17 11:00:00,109.28999999999999
2023-11-17 12:00:00,109.11999999999999
2023-11-17 13:00:00,108.88
2023-11-17 14:00:00,108.81
2023-11-17 15:00:00,108.82
2023-11-17 16:00:00,108.77
2023-11-17 17:00:00,108.81
2023-11-17 23:00:00,108.83
2023-11-20 07:00:00,109.08
2023-11-20 08:00:00,108.97
2023-11-20 09:00:00,109.14
2023-11-20 10:00:00,108.99
2023-11-20 11:00:00,108.91
2023-11-20 12:00:00,108.71
2023-11-20 13:00:00,108.75999999999999
2023-11-20 14:00:00,109.08999999999999
2023-11-20 15:00:00,108.97
2023-11-20 16:00:00,108.89999999999999
2023-11-20 17:00:00,108.94
2023-11-20 23:00:00,108.86999999999999
2023-11-21 07:00:00,109.21
2023-11-21 08:00:00,109.25999999999999
2023-11-21 09:00:00,109.14
2023-11-21 10:00:00,109.28
2023-11-21 11:00:00,109.19
2023-11-21 12:00:00,109.17
2023-11-21 13:00:00,109.1
2023-11-21 14:00:00,109.22
2023-11-21 15:00:00,109.11
2023-11-21 16:00:00,109.14
2023-11-21 17:00:00,109.03
2023-11-21 23:00:00,109.1
2023-11-22 07:00:00,109.05
2023-11-22 08:00:00,109.21
2023-11-22 09:00:00,109.13
2023-11-22 10:00:00,109.28999999999999
2023-11-22 11:00:00,109.39999999999999
2023-11-22 12:00:00,109.56
2023-11-22 13:00:00,109.42
2023-11-22 14:00:00,109.52
2023-11-22 15:00:00,109.07
2023-11-22 16:00:00,109.13
2023-11-22 17:00:00,109.05
2023-11-22 23:00:00,109.17
2023-11-23 07:00:00,109.00999999999999
2023-11-23 08:00:00,108.99
2023-11-23 09:00:00,108.94
2023-11-23 10:00:00,108.8
2023-11-23 11:00:00,108.78
2023-11-23 12:00:00,108.72
2023-11-23 13:00:00,108.72999999999999
2023-11-23 14:00:00,108.55
2023-11-23 15:00:00,108.64999999999999
2023-11-23 16:00:00,108.47
2023-11-23 17:00:00,108.46
2023-11-23 23:00:00,108.56
2023-11-24 07:00:00,108.28
2023-11-24 08:00:00,108.25
2023-11-24 09:00:00,108.39
2023-11-24 10:00:00,108.39999999999999
2023-11-24 11:00:00,108.42999999999999
2023-11-24 12:00:00,108.52
2023-11-24 13:00:00,108.52
2023-11-24 14:00:00,108.53999999999999
2023-11-24 15:00:00,108.52
2023-11-24 16:00:00,108.41
2023-11-24 17:00:00,108.44999999999999
2023-11-24 23:00:00,108.42
2023-11-27 07:00:00,108.69999999999999
2023-11-27 08:00:00,108.61999999999999
2023-11-27 09:00:00,108.49
2023-11-27 10:00:00,109.02
2023-11-27 11:00:00,109.00999999999999
2023-11-27 12:00:00,109.11999999999999
2023-11-27 13:00:00,109.25999999999999
2023-11-27 14:00:00,109.11999999999999
2023-11-27 15:00:00,109.16
2023-11-27 16:00:00,109.39999999999999
2023-11-27 17:00:00,109.28999999999999
2023-11-27 23:00:00,109.3
2023-11-28 07:00:00,109.42999999999999
2023-11-28 08:00:00,109.06
2023-11-28 09:00:00,109.1
2023-11-28 10:00:00,108.91
2023-11-28 11:00:00,108.92
2023-11-28 12:00:00,108.86
2023-11-28 13:00:00,109.02
2023-11-28 14:00:00,109.25
2023-11-28 15:00:00,109.61
2023-11-28 16:00:00,109.67999999999999
2023-11-28 17:00:00,109.57
2023-11-28 23:00:00,109.72
2023-11-29 07:00:00,110.08999999999999
2023-11-29 08:00:00,110.14
2023-11-29 09:00:00,110.17999999999999
2023-11-29 10:00:00,110.21
2023-11-29 11:00:00,110.19999999999999
2023-11-29 12:00:00,110.25
2023-11-29 13:00:00,110.17
2023-11-29 14:00:00,110.53999999999999
2023-11-29 15:00:00,110.36999999999999
2023-11-29 16:00:00,110.39
2023-11-29 17:00:00,110.47999999999999
2023-11-29 23:00:00,110.46
2023-11-30 07:00:00,110.58999999999999
2023-11-30 08:00:00,110.36999999999999
2023-11-30 09:00:00,110.32
2023-11-30 10:00:00,110.14
2023-11-30 11:00:00,110.02
2023-11-30 12:00:00,110.13
2023-11-30 13:00:00,109.89
2023-11-30 14:00:00,109.69
2023-11-30 15:00:00,109.83999999999999
2023-11-30 16:00:00,109.86
2023-11-30 17:00:00,109.75999999999999
2023-11-30 17:00:01,109.75999999999999
2023-11-30 23:00:00,109.84
2023-12-01 07:00:00,109.92
2023-12-01 08:00:00,110.44
2023-12-01 09:00:00,110.47
2023-12-01 10:00:00,110.39
2023-12-01 11:00:00,110.24
2023-12-01 12:00:00,110.25999999999999
2023-12-01 13:00:00,110.28999999999999
2023-12-01 14:00:00,110.66
2023-12-01 15:00:00,110.73
2023-12-01 16:00:00,111.0
2023-12-01 17:00:00,111.11
2023-12-01 23:00:00,110.92
2023-12-04 07:00:00,110.97
2023-12-04 08:00:00,110.92999999999999
2023-12-04 09:00:00,110.64999999999999
2023-12-04 10:00:00,110.72
2023-12-04 11:00:00,110.84
2023-12-04 12:00:00,110.92
2023-12-04 13:00:00,111.0
2023-12-04 14:00:00,111.12
2023-12-04 15:00:00,110.87
2023-12-04 16:00:00,110.71
2023-12-04 17:00:00,110.69
2023-12-04 23:00:00,110.89999999999999
2023-12-05 07:00:00,111.31
2023-12-05 08:00:00,111.33
2023-12-05 09:00:00,111.55
2023-12-05 10:00:00,111.3
2023-12-05 11:00:00,111.5
2023-12-05 12:00:00,111.53
2023-12-05 13:00:00,111.77
2023-12-05 14:00:00,111.77
2023-12-05 15:00:00,111.94
2023-12-05 16:00:00,111.99
2023-12-05 17:00:00,111.96
2023-12-05 23:00:00,112.02
2023-12-06 07:00:00,112.12
2023-12-06 08:00:00,111.95
2023-12-06 09:00:00,111.8
2023-12-06 10:00:00,111.63
2023-12-06 11:00:00,111.69
2023-12-06 12:00:00,111.95
2023-12-06 13:00:00,112.23
2023-12-06 14:00:00,112.22
2023-12-06 15:00:00,112.23
2023-12-06 16:00:00,112.46
2023-12-06 17:00:00,112.53
2023-12-06 23:00:00,112.35
2023-12-07 07:00:00,112.05
2023-12-07 08:00:00,112.13
2023-12-07 09:00:00,112.48
2023-12-07 10:00:00,112.63
2023-12-07 11:00:00,112.53999999999999
2023-12-07 12:00:00,112.42999999999999
2023-12-07 13:00:00,112.3
2023-12-07 14:00:00,112.27
2023-12-07 15:00:00,112.31
2023-12-07 16:00:00,112.44
2023-12-07 17:00:00,112.52
2023-12-07 23:00:00,112.39
2023-12-08 07:00:00,112.12
2023-12-08 08:00:00,111.87
2023-12-08 09:00:00,111.92
2023-12-08 10:00:00,111.83
2023-12-08 11:00:00,111.64
2023-12-08 12:00:00,111.71
2023-12-08 13:00:00,111.31
2023-12-08 14:00:00,111.28999999999999
2023-12-08 15:00:00,111.44
2023-12-08 16:00:00,111.28
2023-12-08 17:00:00,111.50999999999999
2023-12-08 23:00:00,111.47
2023-12-11 07:00:00,111.5
2023-12-11 08:00:00,111.37
2023-12-11 09:00:00,111.42999999999999
2023-12-11 10:00:00,111.35
2023-12-11 11:00:00,111.50999999999999
2023-12-11 12:00:00,111.34
2023-12-11 13:00:00,111.48
2023-12-11 14:00:00,111.5
2023-12-11 15:00:00,111.38
2023-12-11 16:00:00,111.32
2023-12-11 17:00:00,111.32
2023-12-11 23:00:00,111.38
2023-12-12 07:00:00,112.16
2023-12-12 08:00:00,112.06
2023-12-12 09:00:00,111.91
2023-12-12 10:00:00,111.87
2023-12-12 11:00:00,111.89
2023-12-12 12:00:00,111.94
2023-12-12 13:00:00,111.67
2023-12-12 14:00:00,111.81
2023-12-12 15:00:00,111.92999999999999
2023-12-12 16:00:00,111.88
2023-12-12 17:00:00,111.74
2023-12-12 23:00:00,111.81
2023-12-13 07:00:00,112.06
2023-12-13 08:00:00,112.0
2023-12-13 09:00:00,112.12
2023-12-13 10:00:00,112.25999999999999
2023-12-13 11:00:00,112.46
2023-12-13 12:00:00,112.3
2023-12-13 13:00:00,112.35
2023-12-13 14:00:00,112.44
2023-12-13 15:00:00,112.50999999999999
2023-12-13 16:00:00,112.56
2023-12-13 17:00:00,112.52
2023-12-13 23:00:00,112.5
2023-12-14 07:00:00,113.86
2023-12-14 08:00:00,114.07
2023-12-14 09:00:00,114.19
2023-12-14 10:00:00,113.86
2023-12-14 11:00:00,113.69
2023-12-14 12:00:00,113.69
2023-12-14 13:00:00,113.92
2023-12-14 14:00:00,113.56
2023-12-14 15:00:00,113.77
2023-12-14 16:00:00,113.83
2023-12-14 17:00:00,113.67
2023-12-14 23:00:00,113.77
2023-12-15 07:00:00,113.7
2023-12-15 08:00:00,114.37
2023-12-15 09:00:00,114.6
2023-12-15 10:00:00,114.56
2023-12-15 11:00:00,114.50999999999999
2023-12-15 12:00:00,114.49
2023-12-15 13:00:00,114.0
2023-12-15 14:00:00,114.25999999999999
2023-12-15 15:00:00,114.41
2023-12-15 16:00:00,114.45
2023-12-15 17:00:00,114.36
2023-12-15 23:00:00,114.39999999999999
2023-12-18 07:00:00,114.31
2023-12-18 08:00:00,114.39999999999999
2023-12-18 09:00:00,114.55
2023-12-18 10:00:00,114.56
2023-12-18 11:00:00,114.67
2023-12-18 12:00:00,114.72
2023-12-18 13:00:00,114.37
2023-12-18 14:00:00,114.06
2023-12-18 15:00:00,114.14
2023-12-18 16:00:00,114.1
2023-12-18 17:00:00,114.19
2023-12-18 23:00:00,114.09
2023-12-19 07:00:00,114.52
2023-12-19 08:00:00,114.69
2023-12-19 09:00:00,114.7
2023-12-19 10:00:00,114.74
2023-12-19 11:00:00,114.69
2023-12-19 12:00:00,114.95
2023-12-19 13:00:00,115.06
2023-12-19 14:00:00,115.2
2023-12-19 15:00:00,115.17
2023-12-19 16:00:00,115.32
2023-12-19 17:00:00,115.27
2023-12-19 23:00:00,115.19
2023-12-20 07:00:00,115.53
2023-12-20 08:00:00,115.35
2023-12-20 09:00:00,115.46
2023-12-20 10:00:00,115.48
2023-12-20 11:00:00,115.57
2023-12-20 12:00:00,115.62
2023-12-20 13:00:00,115.73
2023-12-20 14:00:00,115.57
2023-12-20 15:00:00,115.42999999999999
2023-12-20 16:00:00,115.69
2023-12-20 17:00:00,115.92
2023-12-20 23:00:00,115.49
2023-12-21 07:00:00,115.64
2023-12-21 08:00:00,115.94
2023-12-21 09:00:00,115.75999999999999
2023-12-21 10:00:00,115.61
2023-12-21 11:00:00,115.83
2023-12-21 12:00:00,115.75999999999999
2023-12-21 13:00:00,115.95
2023-12-21 14:00:00,115.71
2023-12-21 15:00:00,115.67
2023-12-21 16:00:00,115.73
2023-12-21 17:00:00,115.69
2023-12-21 23:00:00,115.75
2023-12-22 07:00:00,115.59
2023-12-22 08:00:00,115.61
2023-12-22 09:00:00,115.78999999999999
2023-12-22 10:00:00,115.86
2023-12-22 11:00:00,115.82
2023-12-22 12:00:00,115.94
2023-12-22 13:00:00,116.05
2023-12-22 14:00:00,116.14
2023-12-22 15:00:00,116.05
2023-12-22 16:00:00,116.07
2023-12-22 17:00:00,115.96
2023-12-22 23:00:00,116.09
2023-12-27 07:00:00,116.31
2023-12-27 08:00:00,116.66
2023-12-27 09:00:00,116.52
2023-12-27 10:00:00,116.59
2023-12-27 11:00:00,116.67999999999999
2023-12-27 12:00:00,116.59
2023-12-27 13:00:00,116.74
2023-12-27 14:00:00,116.34
2023-12-27 15:00:00,116.52
2023-12-27 16:00:00,116.72
2023-12-27 17:00:00,116.73
2023-12-27 23:00:00,116.57
2023-12-28 07:00:00,116.75
2023-12-28 08:00:00,116.37
2023-12-28 09:00:00,116.34
2023-12-28 10:00:00,116.32
2023-12-28 11:00:00,116.22
2023-12-28 12:00:00,116.09
2023-12-28 13:00:00,116.03999999999999
2023-12-28 14:00:00,115.71
2023-12-28 15:00:00,115.69
2023-12-28 16:00:00,115.62
2023-12-28 17:00:00,115.61
2023-12-28 23:00:00,115.71
2023-12-29 07:00:00,115.75999999999999
2023-12-29 08:00:00,115.44
2023-12-29 09:00:00,115.11
2023-12-29 10:00:00,115.13
2023-12-29 11:00:00,115.08
2023-12-29 12:00:00,115.06
2023-12-29 13:00:00,114.83
2023-12-29 14:00:00,114.75
2023-12-29 15:00:00,114.64
2023-12-29 16:00:00,114.73
2023-12-29 17:00:00,114.72
2023-12-29 23:00:00,114.59
2024-01-02 07:00:00,114.14999999999999
2024-01-02 08:00:00,113.98
2024-01-02 09:00:00,114.16
2024-01-02 10:00:00,114.34
2024-01-02 11:00:00,114.11
2024-01-02 12:00:00,114.33
2024-01-02 13:00:00,113.99
2024-01-02 14:00:00,114.71
2024-01-02 15:00:00,114.53999999999999
2024-01-02 16:00:00,114.53999999999999
2024-01-02 17:00:00,114.5
2024-01-02 23:00:00,114.66
2024-01-03 07:00:00,114.21
2024-01-03 08:00:00,114.08
2024-01-03 09:00:00,114.22
2024-01-03 10:00:00,114.35
2024-01-03 11:00:00,114.19
2024-01-03 12:00:00,114.31
2024-01-03 13:00:00,114.14999999999999
2024-01-03 14:00:00,114.24
2024-01-03 15:00:00,114.36
2024-01-03 16:00:00,114.64
2024-01-03 17:00:00,114.75999999999999
2024-01-03 23:00:00,114.53999999999999
2024-01-04 07:00:00,114.92999999999999
2024-01-04 08:00:00,114.56
2024-01-04 09:00:00,114.27
2024-01-04 10:00:00,114.07
2024-01-04 11:00:00,113.89
2024-01-04 12:00:00,113.78999999999999
2024-01-04 13:00:00,113.56
2024-01-04 14:00:00,113.39
2024-01-04 15:00:00,113.71
2024-01-04 16:00:00,113.6
2024-01-04 17:00:00,113.50999999999999
2024-01-04 23:00:00,113.8
2024-01-05 07:00:00,113.47
2024-01-05 08:00:00,113.42999999999999
2024-01-05 09:00:00,113.28
2024-01-05 10:00:00,113.25
2024-01-05 11:00:00,113.2
2024-01-05 12:00:00,113.09
2024-01-05 13:00:00,113.05
2024-01-05 14:00:00,113.08
2024-01-05 15:00:00,113.6
2024-01-05 16:00:00,113.27
2024-01-05 17:00:00,113.02
2024-01-05 23:00:00,113.64
2024-01-08 07:00:00,112.94
2024-01-08 08:00:00,113.00999999999999
2024-01-08 09:00:00,113.27
2024-01-08 10:00:00,113.03999999999999
2024-01-08 11:00:00,112.87
2024-01-08 12:00:00,112.89999999999999
2024-01-08 13:00:00,112.92
2024-01-08 14:00:00,113.39999999999999
2024-01-08 15:00:00,113.46
2024-01-08 16:00:00,113.53999999999999
2024-01-08 17:00:00,113.53999999999999
2024-01-08 23:00:00,113.61
2024-01-09 07:00:00,113.11
2024-01-09 08:00:00,113.06
2024-01-09 09:00:00,113.02
2024-01-09 10:00:00,113.09
2024-01-09 11:00:00,113.02
2024-01-09 12:00:00,113.17
2024-01-09 13:00:00,113.24
2024-01-09 14:00:00,113.59
2024-01-09 15:00:00,113.38
2024-01-09 16:00:00,113.28
2024-01-09 17:00:00,113.31
2024-01-09 23:00:00,113.31
2024-01-10 07:00:00,113.41
2024-01-10 08:00:00,113.74
2024-01-10 09:00:00,113.78
2024-01-10 10:00:00,113.53999999999999
2024-01-10 11:00:00,113.44
2024-01-10 12:00:00,113.64
2024-01-10 13:00:00,113.8
2024-01-10 14:00:00,113.56
2024-01-10 15:00:00,113.47
2024-01-10 16:00:00,113.34
2024-01-10 17:00:00,113.33
2024-01-10 23:00:00,113.38
2024-01-11 07:00:00,113.64999999999999
2024-01-11 08:00:00,113.69
2024-01-11 09:00:00,113.73
2024-01-11 10:00:00,113.81
2024-01-11 11:00:00,113.89
2024-01-11 12:00:00,113.84
2024-01-11 13:00:00,113.28999999999999
2024-01-11 14:00:00,113.92
2024-01-11 15:00:00,113.71
2024-01-11 16:00:00,113.67
2024-01-11 17:00:00,113.72
2024-01-11 23:00:00,113.56
2024-01-12 07:00:00,114.03
2024-01-12 08:00:00,114.35
2024-01-12 09:00:00,114.11
2024-01-12 10:00:00,114.21
2024-01-12 11:00:00,113.95
2024-01-12 12:00:00,113.94
2024-01-12 13:00:00,114.32
2024-01-12 14:00:00,114.44
2024-01-12 15:00:00,114.35
2024-01-12 16:00:00,114.35
2024-01-12 17:00:00,114.23
2024-01-12 23:00:00,114.3
2024-01-15 07:00:00,113.95
2024-01-15 08:00:00,113.83
2024-01-15 09:00:00,114.1
2024-01-15 10:00:00,113.99
2024-01-15 11:00:00,113.75999999999999
2024-01-15 12:00:00,113.58
2024-01-15 13:00:00,113.84
2024-01-15 14:00:00,113.83
2024-01-15 15:00:00,113.99
2024-01-15 16:00:00,113.75
2024-01-15 17:00:00,113.78999999999999
2024-01-15 23:00:00,113.94
2024-01-16 07:00:00,113.67999999999999
2024-01-16 08:00:00,113.71
2024-01-16 09:00:00,113.94
2024-01-16 10:00:00,113.87
2024-01-16 11:00:00,113.77
2024-01-16 12:00:00,113.86
2024-01-16 13:00:00,113.84
2024-01-16 14:00:00,113.97
2024-01-16 15:00:00,113.94
2024-01-16 16:00:00,113.57
2024-01-16 17:00:00,113.39999999999999
2024-01-16 23:00:00,113.61
2024-01-17 07:00:00,112.97
2024-01-17 08:00:00,113.06
2024-01-17 09:00:00,113.41
2024-01-17 10:00:00,113.22
2024-01-17 11:00:00,113.28999999999999
2024-01-17 12:00:00,113.14999999999999
2024-01-17 13:00:00,113.03
2024-01-17 14:00:00,112.82
2024-01-17 15:00:00,112.72
2024-01-17 16:00:00,112.73
2024-01-17 17:00:00,112.75999999999999
2024-01-17 23:00:00,112.71
2024-01-18 07:00:00,112.89
2024-01-18 08:00:00,112.92999999999999
2024-01-18 09:00:00,112.89
2024-01-18 10:00:00,113.02
2024-01-18 11:00:00,112.98
2024-01-18 12:00:00,112.94
2024-01-18 13:00:00,112.75
2024-01-18 14:00:00,112.78999999999999
2024-01-18 15:00:00,112.77
2024-01-18 16:00:00,112.63
2024-01-18 17:00:00,112.59
2024-01-18 23:00:00,112.77
2024-01-19 07:00:00,112.95
2024-01-19 08:00:00,112.98
2024-01-19 09:00:00,113.02
2024-01-19 10:00:00,113.16
2024-01-19 11:00:00,113.34
2024-01-19 12:00:00,113.27
2024-01-19 13:00:00,113.14999999999999
2024-01-19 14:00:00,112.98
2024-01-19 15:00:00,113.08
2024-01-19 16:00:00,113.02
2024-01-19 17:00:00,113.14999999999999
2024-01-19 23:00:00,113.13
2024-01-22 07:00:00,113.39
2024-01-22 08:00:00,113.34
2024-01-22 09:00:00,113.39
2024-01-22 10:00:00,113.39999999999999
2024-01-22 11:00:00,113.48
2024-01-22 12:00:00,113.49
2024-01-22 13:00:00,113.56
2024-01-22 14:00:00,113.52
2024-01-22 15:00:00,113.48
2024-01-22 16:00:00,113.39
2024-01-22 17:00:00,113.31
2024-01-22 23:00:00,113.39999999999999
2024-01-23 07:00:00,113.12
2024-01-23 08:00:00,113.03999999999999
2024-01-23 09:00:00,113.17
2024-01-23 10:00:00,113.11
2024-01-23 11:00:00,113.19
2024-01-23 12:00:00,113.14999999999999
2024-01-23 13:00:00,113.1
2024-01-23 14:00:00,112.85
2024-01-23 15:00:00,112.75
2024-01-23 16:00:00,112.69
2024-01-23 17:00:00,112.67
2024-01-23 23:00:00,112.75
2024-01-24 07:00:00,112.99
2024-01-24 08:00:00,113.42
2024-01-24 09:00:00,113.22
2024-01-24 10:00:00,113.14
2024-01-24 11:00:00,113.13
2024-01-24 12:00:00,113.02
2024-01-24 13:00:00,113.1
2024-01-24 14:00:00,113.13
2024-01-24 15:00:00,112.95
2024-01-24 16:00:00,112.84
2024-01-24 17:00:00,112.87
2024-01-24 23:00:00,112.86
2024-01-25 07:00:00,112.75999999999999
2024-01-25 08:00:00,112.62
2024-01-25 09:00:00,112.55
2024-01-25 10:00:00,112.55
2024-01-25 11:00:00,112.58
2024-01-25 12:00:00,112.55
2024-01-25 13:00:00,113.17999999999999
2024-01-25 14:00:00,113.46
2024-01-25 15:00:00,113.59
2024-01-25 16:00:00,113.53999999999999
2024-01-25 17:00:00,113.47
2024-01-25 23:00:00,113.6
2024-01-26 07:00:00,113.92
2024-01-26 08:00:00,113.78999999999999
2024-01-26 09:00:00,114.05
2024-01-26 10:00:00,113.86
2024-01-26 11:00:00,113.81
2024-01-26 12:00:00,113.64999999999999
2024-01-26 13:00:00,113.78
2024-01-26 14:00:00,113.48
2024-01-26 15:00:00,113.53
2024-01-26 16:00:00,113.57
2024-01-26 17:00:00,113.55
2024-01-26 23:00:00,113.50999999999999
2024-01-29 07:00:00,113.88
2024-01-29 08:00:00,113.88
2024-01-29 09:00:00,114.2
2024-01-29 10:00:00,114.24
2024-01-29 11:00:00,114.19
2024-01-29 12:00:00,114.06
2024-01-29 13:00:00,114.17999999999999
2024-01-29 14:00:00,114.21
2024-01-29 15:00:00,114.27
2024-01-29 16:00:00,114.36
2024-01-29 17:00:00,114.31
2024-01-29 23:00:00,114.28
2024-01-30 07:00:00,114.58
2024-01-30 08:00:00,114.32
2024-01-30 09:00:00,114.23
2024-01-30 10:00:00,114.17
2024-01-30 11:00:00,114.22
2024-01-30 12:00:00,114.02
2024-01-30 13:00:00,113.84
2024-01-30 14:00:00,114.02
2024-01-30 15:00:00,113.58
2024-01-30 16:00:00,113.8
2024-01-30 17:00:00,113.74
2024-01-30 23:00:00,113.63
2024-01-31 07:00:00,114.28999999999999
2024-01-31 08:00:00,114.45
2024-01-31 09:00:00,114.2
2024-01-31 10:00:00,113.95
2024-01-31 11:00:00,113.92999999999999
2024-01-31 12:00:00,113.95
2024-01-31 13:00:00,114.07
2024-01-31 14:00:00,114.31
2024-01-31 15:00:00,114.37
2024-01-31 16:00:00,114.42
2024-01-31 17:00:00,114.50999999999999
2024-01-31 23:00:00,114.42
2024-02-01 07:00:00,114.11
2024-02-01 08:00:00,114.28999999999999
2024-02-01 09:00:00,113.91
2024-02-01 10:00:00,113.89999999999999
2024-02-01 11:00:00,114.11
2024-02-01 12:00:00,114.17999999999999
2024-02-01 13:00:00,114.42999999999999
2024-02-01 14:00:00,114.42999999999999
2024-02-01 15:00:00,114.53
2024-02-01 16:00:00,114.45
2024-02-01 17:00:00,114.45
2024-02-01 23:00:00,114.58
2024-02-02 07:00:00,114.25
2024-02-02 08:00:00,114.28999999999999
2024-02-02 09:00:00,114.44
2024-02-02 10:00:00,114.42999999999999
2024-02-02 11:00:00,114.5
2024-02-02 12:00:00,114.41
2024-02-02 13:00:00,113.69
2024-02-02 14:00:00,114.03999999999999
2024-02-02 15:00:00,113.66
2024-02-02 16:00:00,113.64999999999999
2024-02-02 17:00:00,113.59
2024-02-02 23:00:00,113.62
2024-02-05 07:00:00,113.28999999999999
2024-02-05 08:00:00,113.39999999999999
2024-02-05 09:00:00,113.37
2024-02-05 10:00:00,113.46
2024-02-05 11:00:00,113.32
2024-02-05 12:00:00,113.06
2024-02-05 13:00:00,112.99
2024-02-05 14:00:00,113.14999999999999
2024-02-05 15:00:00,112.89
2024-02-05 16:00:00,113.03999999999999
2024-02-05 17:00:00,113.12
2024-02-05 23:00:00,112.85
2024-02-06 07:00:00,113.28999999999999
2024-02-06 08:00:00,113.07
2024-02-06 09:00:00,113.07
2024-02-06 10:00:00,113.00999999999999
2024-02-06 11:00:00,112.94
2024-02-06 12:00:00,113.02
2024-02-06 13:00:00,113.03
2024-02-06 14:00:00,113.17
2024-02-06 15:00:00,113.34
2024-02-06 16:00:00,113.28999999999999
2024-02-06 17:00:00,113.39999999999999
2024-02-06 23:00:00,113.25999999999999
2024-02-07 07:00:00,113.39999999999999
2024-02-07 08:00:00,113.33
2024-02-07 09:00:00,113.34
2024-02-07 10:00:00,113.17999999999999
2024-02-07 11:00:00,113.12
2024-02-07 12:00:00,113.12
2024-02-07 13:00:00,113.2
2024-02-07 14:00:00,113.28
2024-02-07 15:00:00,113.17
2024-02-07 16:00:00,113.0
2024-02-07 17:00:00,112.99
2024-02-07 23:00:00,113.17
2024-02-08 07:00:00,113.00999999999999
2024-02-08 08:00:00,113.06
2024-02-08 09:00:00,113.19
2024-02-08 10:00:00,112.94
2024-02-08 11:00:00,112.83
2024-02-08 12:00:00,112.8
2024-02-08 13:00:00,112.82
2024-02-08 14:00:00,112.73
2024-02-08 15:00:00,112.63
2024-02-08 16:00:00,112.61
2024-02-08 17:00:00,112.50999999999999
2024-02-08 23:00:00,112.58
2024-02-09 07:00:00,112.41
2024-02-09 08:00:00,112.48
2024-02-09 09:00:00,112.52
2024-02-09 10:00:00,112.58
2024-02-09 11:00:00,112.63
2024-02-09 12:00:00,112.49
2024-02-09 13:00:00,112.5
2024-02-09 14:00:00,112.32
2024-02-09 15:00:00,112.33
2024-02-09 16:00:00,112.28
2024-02-09 17:00:00,112.38
2024-02-09 23:00:00,112.32
2024-02-12 07:00:00,112.66
2024-02-12 08:00:00,112.53999999999999
2024-02-12 09:00:00,112.74
2024-02-12 10:00:00,112.84
2024-02-12 11:00:00,112.97
2024-02-12 12:00:00,112.95
2024-02-12 13:00:00,112.75999999999999
2024-02-12 14:00:00,112.72
2024-02-12 15:00:00,112.7
2024-02-12 16:00:00,112.78999999999999
2024-02-12 17:00:00,112.84
2024-02-12 23:00:00,112.73
2024-02-13 07:00:00,112.73
2024-02-13 08:00:00,112.77
2024-02-13 09:00:00,112.94
2024-02-13 10:00:00,112.92
2024-02-13 11:00:00,113.08
2024-02-13 12:00:00,113.05
2024-02-13 13:00:00,112.46
2024-02-13 14:00:00,112.55
2024-02-13 15:00:00,112.44
2024-02-13 16:00:00,112.48
2024-02-13 17:00:00,112.39
2024-02-13 23:00:00,112.48
2024-02-14 07:00:00,112.59
2024-02-14 08:00:00,112.81
2024-02-14 09:00:00,112.82
2024-02-14 10:00:00,112.85
2024-02-14 11:00:00,112.91
2024-02-14 12:00:00,112.88
2024-02-14 13:00:00,112.83
2024-02-14 14:00:00,112.88
2024-02-14 15:00:00,113.08
2024-02-14 16:00:00,113.27
2024-02-14 17:00:00,113.39999999999999
2024-02-14 23:00:00,113.14
2024-02-15 07:00:00,113.64
2024-02-15 08:00:00,113.59
2024-02-15 09:00:00,113.6
2024-02-15 10:00:00,113.55
2024-02-15 11:00:00,113.63
2024-02-15 12:00:00,113.56
2024-02-15 13:00:00,113.69
2024-02-15 14:00:00,113.56
2024-02-15 15:00:00,113.47
2024-02-15 16:00:00,113.24
2024-02-15 17:00:00,113.33
2024-02-15 23:00:00,113.37
2024-02-16 07:00:00,113.07
2024-02-16 08:00:00,113.11
2024-02-16 09:00:00,113.07
2024-02-16 10:00:00,113.11
2024-02-16 11:00:00,113.09
2024-02-16 12:00:00,113.02
2024-02-16 13:00:00,112.88
2024-02-16 14:00:00,112.89999999999999
2024-02-16 15:00:00,113.03
2024-02-16 16:00:00,113.0
2024-02-16 17:00:00,113.09
2024-02-16 23:00:00,113.0
2024-02-19 07:00:00,113.0
2024-02-19 08:00:00,113.17
2024-02-19 09:00:00,113.17999999999999
2024-02-19 10:00:00,113.12
2024-02-19 11:00:00,112.91
2024-02-19 12:00:00,112.87
2024-02-19 13:00:00,112.81
2024-02-19 14:00:00,112.86
2024-02-19 15:00:00,112.89999999999999
2024-02-19 16:00:00,112.84
2024-02-19 17:00:00,112.77
2024-02-19 23:00:00,112.86
2024-02-20 07:00:00,112.92999999999999
2024-02-20 08:00:00,113.00999999999999
2024-02-20 09:00:00,113.07
2024-02-20 10:00:00,113.22
2024-02-20 11:00:00,113.12
2024-02-20 12:00:00,113.07
2024-02-20 13:00:00,113.0
2024-02-20 14:00:00,113.11
2024-02-20 15:00:00,113.25999999999999
2024-02-20 16:00:00,113.21
2024-02-20 17:00:00,113.14
2024-02-20 23:00:00,113.23
2024-02-21 07:00:00,113.03
2024-02-21 08:00:00,113.02
2024-02-21 09:00:00,113.07
2024-02-21 10:00:00,113.27
2024-02-21 11:00:00,113.17999999999999
2024-02-21 12:00:00,113.12
2024-02-21 13:00:00,112.96
2024-02-21 14:00:00,112.82
2024-02-21 15:00:00,112.56
2024-02-21 16:00:00,112.39
2024-02-21 17:00:00,112.38
2024-02-21 23:00:00,112.52
2024-02-22 07:00:00,112.37
2024-02-22 08:00:00,112.28999999999999
2024-02-22 09:00:00,112.50999999999999
2024-02-22 10:00:00,112.57
2024-02-22 11:00:00,112.53999999999999
2024-02-22 12:00:00,112.47
2024-02-22 13:00:00,112.50999999999999
2024-02-22 14:00:00,112.89
2024-02-22 15:00:00,112.78999999999999
2024-02-22 16:00:00,112.71
2024-02-22 17:00:00,112.7
2024-02-22 23:00:00,112.74
2024-02-23 07:00:00,112.74
2024-02-23 08:00:00,112.42
2024-02-23 09:00:00,112.46
2024-02-23 10:00:00,112.42999999999999
2024-02-23 11:00:00,112.73
2024-02-23 12:00:00,113.14
2024-02-23 13:00:00,113.07
2024-02-23 14:00:00,113.5
2024-02-23 15:00:00,113.45
2024-02-23 16:00:00,113.71
2024-02-23 17:00:00,113.74
2024-02-23 23:00:00,113.53999999999999
2024-02-26 07:00:00,113.84
2024-02-26 08:00:00,113.66
2024-02-26 09:00:00,113.64
2024-02-26 10:00:00,113.52
2024-02-26 11:00:00,113.47
2024-02-26 12:00:00,113.37
2024-02-26 13:00:00,113.38
2024-02-26 14:00:00,113.13
2024-02-26 15:00:00,113.07
2024-02-26 16:00:00,112.89999999999999
2024-02-26 17:00:00,112.87
2024-02-26 23:00:00,113.0
2024-02-27 07:00:00,112.96
2024-02-27 08:00:00,113.06
2024-02-27 09:00:00,112.99
2024-02-27 10:00:00,113.00999999999999
2024-02-27 11:00:00,112.89
2024-02-27 12:00:00,113.0
2024-02-27 13:00:00,112.91
2024-02-27 14:00:00,112.91
2024-02-27 15:00:00,112.92999999999999
2024-02-27 16:00:00,112.81
2024-02-27 17:00:00,112.75999999999999
2024-02-27 23:00:00,112.89
2024-02-28 07:00:00,112.71
2024-02-28 08:00:00,112.8
2024-02-28 09:00:00,112.84
2024-02-28 10:00:00,112.89999999999999
2024-02-28 11:00:00,112.96
2024-02-28 12:00:00,112.85
2024-02-28 13:00:00,112.87
2024-02-28 14:00:00,112.75
2024-02-28 15:00:00,112.84
2024-02-28 16:00:00,112.95
2024-02-28 17:00:00,112.98
2024-02-28 23:00:00,112.89999999999999
2024-02-29 07:00:00,113.13
2024-02-29 08:00:00,113.14
2024-02-29 09:00:00,112.57
2024-02-29 10:00:00,112.39999999999999
2024-02-29 11:00:00,112.57
2024-02-29 12:00:00,112.36
2024-02-29 13:00:00,112.94
2024-02-29 14:00:00,113.24
2024-02-29 15:00:00,113.28999999999999
2024-02-29 16:00:00,113.31
2024-02-29 17:00:00,113.25
2024-02-29 17:00:01,113.25
2024-02-29 23:00:00,113.25
2024-03-01 07:00:00,113.07000000000001
2024-03-01 08:00:00,112.79
2024-03-01 09:00:00,112.8
2024-03-01 10:00:00,112.93
2024-03-01 11:00:00,112.97
2024-03-01 12:00:00,112.83
2024-03-01 13:00:00,112.57000000000001
2024-03-01 14:00:00,112.49
2024-03-01 15:00:00,113.18
2024-03-01 16:00:00,112.86
2024-03-01 17:00:00,112.91
2024-03-01 23:00:00,113.06
2024-03-04 07:00:00,112.71000000000001
2024-03-04 08:00:00,112.88
2024-03-04 09:00:00,113.25
2024-03-04 10:00:00,113.11
2024-03-04 11:00:00,113.08
2024-03-04 12:00:00,113.29
2024-03-04 13:00:00,113.1
2024-03-04 14:00:00,113.37
2024-03-04 15:00:00,113.38
2024-03-04 16:00:00,113.55
2024-03-04 17:00:00,113.47
2024-03-04 23:00:00,113.37
2024-03-05 07:00:00,113.74
2024-03-05 08:00:00,113.69
2024-03-05 09:00:00,113.83
2024-03-05 10:00:00,113.93
2024-03-05 11:00:00,114.13
2024-03-05 12:00:00,114.08
2024-03-05 13:00:00,114.43
2024-03-05 14:00:00,114.36
2024-03-05 15:00:00,114.42
2024-03-05 16:00:00,114.37
2024-03-05 17:00:00,114.37
2024-03-05 23:00:00,114.4
2024-03-06 07:00:00,114.39
2024-03-06 08:00:00,114.3
2024-03-06 09:00:00,114.3
2024-03-06 10:00:00,114.32000000000001
2024-03-06 11:00:00,114.41
2024-03-06 12:00:00,114.61
2024-03-06 13:00:00,114.64
2024-03-06 14:00:00,114.77
2024-03-06 15:00:00,114.86
2024-03-06 16:00:00,114.98
2024-03-06 17:00:00,114.92
2024-03-06 23:00:00,114.79
2024-03-07 07:00:00,114.87
2024-03-07 08:00:00,114.6
2024-03-07 09:00:00,114.93
2024-03-07 10:00:00,115.1
2024-03-07 11:00:00,115.22
2024-03-07 12:00:00,115.21000000000001
2024-03-07 13:00:00,115.73
2024-03-07 14:00:00,115.2
2024-03-07 15:00:00,115.3
2024-03-07 16:00:00,115.17
2024-03-07 17:00:00,115.11
2024-03-07 23:00:00,115.24
2024-03-08 07:00:00,115.45
2024-03-08 08:00:00,115.33
2024-03-08 09:00:00,115.4
2024-03-08 10:00:00,115.43
2024-03-08 11:00:00,115.44
2024-03-08 12:00:00,115.4
2024-03-08 13:00:00,115.5
2024-03-08 14:00:00,115.62
2024-03-08 15:00:00,115.67
2024-03-08 16:00:00,115.53
2024-03-08 17:00:00,115.6
2024-03-08 23:00:00,115.6
2024-03-11 07:00:00,115.75
2024-03-11 08:00:00,115.42
2024-03-11 09:00:00,115.45
2024-03-11 10:00:00,115.39
2024-03-11 11:00:00,115.42
2024-03-11 12:00:00,115.38
2024-03-11 13:00:00,115.23
2024-03-11 14:00:00,115.01
2024-03-11 15:00:00,115.12
2024-03-11 16:00:00,115.11
2024-03-11 17:00:00,115.08
2024-03-11 23:00:00,115.13
2024-03-12 07:00:00,115.27
2024-03-12 08:00:00,115.37
2024-03-12 09:00:00,115.37
2024-03-12 10:00:00,115.41
2024-03-12 11:00:00,115.46000000000001
2024-03-12 12:00:00,115.31
2024-03-12 13:00:00,115.22
2024-03-12 14:00:00,115.2
2024-03-12 15:00:00,115.2
2024-03-12 16:00:00,115.27
2024-03-12 17:00:00,115.27
2024-03-12 23:00:00,115.34
2024-03-13 07:00:00,115.54
2024-03-13 08:00:00,115.47
2024-03-13 09:00:00,115.64
2024-03-13 10:00:00,115.51
2024-03-13 11:00:00,115.32000000000001
2024-03-13 12:00:00,115.2
2024-03-13 13:00:00,115.28
2024-03-13 14:00:00,115.48
2024-03-13 15:00:00,115.52
2024-03-13 16:00:00,115.39
2024-03-13 17:00:00,115.35
2024-03-13 23:00:00,115.54
2024-03-14 07:00:00,115.37
2024-03-14 08:00:00,115.64
2024-03-14 09:00:00,115.66
2024-03-14 10:00:00,115.7
2024-03-14 11:00:00,115.79
2024-03-14 12:00:00,115.77
2024-03-14 13:00:00,115.29
2024-03-14 14:00:00,114.97
2024-03-14 15:00:00,114.74
2024-03-14 16:00:00,114.41
2024-03-14 17:00:00,114.25
2024-03-14 23:00:00,114.66
2024-03-15 07:00:00,114.16
2024-03-15 08:00:00,114.27
2024-03-15 09:00:00,114.42
2024-03-15 10:00:00,114.48
2024-03-15 11:00:00,114.74
2024-03-15 12:00:00,114.58
2024-03-15 13:00:00,114.3
2024-03-15 14:00:00,114.37
2024-03-15 15:00:00,114.39
2024-03-15 16:00:00,114.42
2024-03-15 17:00:00,114.62
2024-03-15 23:00:00,114.33
2024-03-18 07:00:00,114.61
2024-03-18 08:00:00,114.52
2024-03-18 09:00:00,114.43
2024-03-18 10:00:00,114.43
2024-03-18 11:00:00,114.61
2024-03-18 12:00:00,114.49
2024-03-18 13:00:00,114.59
2024-03-18 14:00:00,114.53
2024-03-18 15:00:00,114.62
2024-03-18 16:00:00,114.59
2024-03-18 17:00:00,114.55
2024-03-18 23:00:00,114.56
2024-03-19 07:00:00,114.51
2024-03-19 08:00:00,114.51
2024-03-19 09:00:00,114.52
2024-03-19 10:00:00,114.55
2024-03-19 11:00:00,114.51
2024-03-19 12:00:00,114.59
2024-03-19 13:00:00,114.37
2024-03-19 14:00:00,114.45
2024-03-19 15:00:00,114.5
2024-03-19 16:00:00,114.4
2024-03-19 17:00:00,114.43
2024-03-19 23:00:00,114.48
2024-03-20 07:00:00,114.79
2024-03-20 08:00:00,114.72
2024-03-20 09:00:00,114.62
2024-03-20 10:00:00,114.59
2024-03-20 11:00:00,114.5
2024-03-20 12:00:00,114.37
2024-03-20 13:00:00,114.37
2024-03-20 14:00:00,114.35
2024-03-20 15:00:00,114.37
2024-03-20 16:00:00,114.32000000000001
2024-03-20 17:00:00,114.24
2024-03-20 23:00:00,114.37
2024-03-21 07:00:00,114.54
2024-03-21 08:00:00,115.0
2024-03-21 09:00:00,114.91
2024-03-21 10:00:00,114.75
2024-03-21 11:00:00,114.88
2024-03-21 12:00:00,114.59
2024-03-21 13:00:00,114.52
2024-03-21 14:00:00,114.58
2024-03-21 15:00:00,114.72
2024-03-21 16:00:00,114.66
2024-03-21 17:00:00,114.66
2024-03-21 23:00:00,114.68
2024-03-22 07:00:00,114.78
2024-03-22 08:00:00,114.69
2024-03-22 09:00:00,114.87
2024-03-22 10:00:00,114.71000000000001
2024-03-22 11:00:00,114.67
2024-03-22 12:00:00,114.79
2024-03-22 13:00:00,114.94
2024-03-22 14:00:00,114.89
2024-03-22 15:00:00,115.02
2024-03-22 16:00:00,114.96000000000001
2024-03-22 17:00:00,114.96000000000001
2024-03-22 23:00:00,115.02
2024-03-25 07:00:00,114.85
2024-03-25 08:00:00,114.88
2024-03-25 09:00:00,114.58
2024-03-25 10:00:00,114.7
2024-03-25 11:00:00,114.44
2024-03-25 12:00:00,114.5
2024-03-25 13:00:00,114.44
2024-03-25 14:00:00,114.54
2024-03-25 15:00:00,114.58
2024-03-25 16:00:00,114.48
2024-03-25 17:00:00,114.49
2024-03-25 23:00:00,114.54
2024-03-26 07:00:00,114.65
2024-03-26 08:00:00,114.68
2024-03-26 09:00:00,114.86
2024-03-26 10:00:00,115.07000000000001
2024-03-26 11:00:00,114.94
2024-03-26 12:00:00,114.79
2024-03-26 13:00:00,114.8
2024-03-26 14:00:00,114.84
2024-03-26 15:00:00,114.82000000000001
2024-03-26 16:00:00,114.87
2024-03-26 17:00:00,114.88
2024-03-26 23:00:00,114.87
2024-03-27 07:00:00,115.04
2024-03-27 08:00:00,115.02
2024-03-27 09:00:00,115.0
2024-03-27 10:00:00,115.1
2024-03-27 11:00:00,115.15
2024-03-27 12:00:00,115.17
2024-03-27 13:00:00,115.1
2024-03-27 14:00:00,115.25
2024-03-27 15:00:00,115.28
2024-03-27 16:00:00,115.22
2024-03-27 17:00:00,115.22
2024-03-27 23:00:00,115.25
2024-03-28 07:00:00,115.03
2024-03-28 08:00:00,114.76
2024-03-28 09:00:00,114.73
2024-03-28 10:00:00,114.62
2024-03-28 11:00:00,114.62
2024-03-28 12:00:00,114.83
2024-03-28 13:00:00,114.8
2024-03-28 14:00:00,114.78
2024-03-28 15:00:00,114.8
2024-03-28 16:00:00,114.66
2024-03-28 17:00:00,114.59
2024-03-28 23:00:00,114.79
2024-04-02 07:00:00,114.02
2024-04-02 08:00:00,113.98
2024-04-02 09:00:00,114.06
2024-04-02 10:00:00,113.99
2024-04-02 11:00:00,113.8
2024-04-02 12:00:00,113.78
2024-04-02 13:00:00,113.58
2024-04-02 14:00:00,113.41
2024-04-02 15:00:00,113.72
2024-04-02 16:00:00,113.56
2024-04-02 17:00:00,113.63
2024-04-02 23:00:00,113.63
2024-04-03 07:00:00,113.76
2024-04-03 08:00:00,113.37
2024-04-03 09:00:00,113.38
2024-04-03 10:00:00,113.51
2024-04-03 11:00:00,113.53
2024-04-03 12:00:00,113.48
2024-04-03 13:00:00,113.28
2024-04-03 14:00:00,112.98
2024-04-03 15:00:00,113.25
2024-04-03 16:00:00,113.44
2024-04-03 17:00:00,113.67
2024-04-03 23:00:00,113.26
2024-04-04 07:00:00,113.65
2024-04-04 08:00:00,113.6
2024-04-04 09:00:00,113.92
2024-04-04 10:00:00,113.89
2024-04-04 11:00:00,114.0
2024-04-04 12:00:00,113.8
2024-04-04 13:00:00,114.21000000000001
2024-04-04 14:00:00,114.4
2024-04-04 15:00:00,114.35
2024-04-04 16:00:00,114.38
2024-04-04 17:00:00,114.35
2024-04-04 23:00:00,114.36
2024-04-05 07:00:00,114.26
2024-04-05 08:00:00,114.29
2024-04-05 09:00:00,114.14
2024-04-05 10:00:00,114.07000000000001
2024-04-05 11:00:00,114.15
2024-04-05 12:00:00,114.08
2024-04-05 13:00:00,113.83
2024-04-05 14:00:00,114.05
2024-04-05 15:00:00,113.7
2024-04-05 16:00:00,113.76
2024-04-05 17:00:00,113.77
2024-04-05 23:00:00,113.65
2024-04-08 07:00:00,113.37
2024-04-08 08:00:00,113.5
2024-04-08 09:00:00,113.39
2024-04-08 10:00:00,113.5
2024-04-08 11:00:00,113.47
2024-04-08 12:00:00,113.32000000000001
2024-04-08 13:00:00,113.45
2024-04-08 14:00:00,113.64
2024-04-08 15:00:00,113.55
2024-04-08 16:00:00,113.66
2024-04-08 17:00:00,113.66
2024-04-08 23:00:00,113.57000000000001
2024-04-09 07:00:00,113.86
2024-04-09 08:00:00,114.0
2024-04-09 09:00:00,114.04
2024-04-09 10:00:00,114.11
2024-04-09 11:00:00,114.21000000000001
2024-04-09 12:00:00,114.17
2024-04-09 13:00:00,114.24
2024-04-09 14:00:00,114.27
2024-04-09 15:00:00,114.28
2024-04-09 16:00:00,114.34
2024-04-09 17:00:00,114.38
2024-04-09 23:00:00,114.29
2024-04-10 07:00:00,114.26
2024-04-10 08:00:00,114.4
2024-04-10 09:00:00,114.65
2024-04-10 10:00:00,114.49
2024-04-10 11:00:00,114.52
2024-04-10 12:00:00,114.73
2024-04-10 13:00:00,113.73
2024-04-10 14:00:00,113.91
2024-04-10 15:00:00,113.78
2024-04-10 16:00:00,113.85
2024-04-10 17:00:00,113.76
2024-04-10 23:00:00,113.87
2024-04-11 07:00:00,113.61
2024-04-11 08:00:00,113.54
2024-04-11 09:00:00,113.37
2024-04-11 10:00:00,113.51
2024-04-11 11:00:00,113.51
2024-04-11 12:00:00,113.34
2024-04-11 13:00:00,113.72
2024-04-11 14:00:00,113.39
2024-04-11 15:00:00,113.09
2024-04-11 16:00:00,113.22
2024-04-11 17:00:00,113.25
2024-04-11 23:00:00,112.94
2024-04-12 07:00:00,113.7
2024-04-12 08:00:00,114.06
2024-04-12 09:00:00,113.95
2024-04-12 10:00:00,114.11
2024-04-12 11:00:00,114.17
2024-04-12 12:00:00,114.28
2024-04-12 13:00:00,114.41
2024-04-12 14:00:00,114.33
2024-04-12 15:00:00,114.15
2024-04-12 16:00:00,114.2
2024-04-12 17:00:00,114.18
2024-04-12 23:00:00,114.11
2024-04-15 07:00:00,113.95
2024-04-15 08:00:00,114.0
2024-04-15 09:00:00,113.89
2024-04-15 10:00:00,113.98
2024-04-15 11:00:00,113.81
2024-04-15 12:00:00,113.78
2024-04-15 13:00:00,113.62
2024-04-15 14:00:00,113.44
2024-04-15 15:00:00,113.17
2024-04-15 16:00:00,113.18
2024-04-15 17:00:00,113.21000000000001
2024-04-15 23:00:00,113.29
2024-04-16 07:00:00,113.06
2024-04-16 08:00:00,113.13
2024-04-16 09:00:00,113.02
2024-04-16 10:00:00,113.0
2024-04-16 11:00:00,112.81
2024-04-16 12:00:00,112.96000000000001
2024-04-16 13:00:00,112.87
2024-04-16 14:00:00,112.53
2024-04-16 15:00:00,112.64
2024-04-16 16:00:00,112.62
2024-04-16 17:00:00,112.63
2024-04-16 23:00:00,112.64
2024-04-17 07:00:00,112.62
2024-04-17 08:00:00,112.68
2024-04-17 09:00:00,112.73
2024-04-17 10:00:00,113.0
2024-04-17 11:00:00,112.78
2024-04-17 12:00:00,112.82000000000001
2024-04-17 13:00:00,112.99
2024-04-17 14:00:00,112.95
2024-04-17 15:00:00,112.85
2024-04-17 16:00:00,112.87
2024-04-17 17:00:00,112.95
2024-04-17 23:00:00,112.92
2024-04-18 07:00:00,113.2
2024-04-18 08:00:00,113.34
2024-04-18 09:00:00,113.22
2024-04-18 10:00:00,113.25
2024-04-18 11:00:00,113.04
2024-04-18 12:00:00,113.01
2024-04-18 13:00:00,113.11
2024-04-18 14:00:00,112.75
2024-04-18 15:00:00,112.84
2024-04-18 16:00:00,112.75
2024-04-18 17:00:00,112.68
2024-04-18 23:00:00,112.86
2024-04-19 07:00:00,113.01
2024-04-19 08:00:00,112.9
2024-04-19 09:00:00,113.02
2024-04-19 10:00:00,113.19
2024-04-19 11:00:00,113.14
2024-04-19 12:00:00,112.9
2024-04-19 13:00:00,112.78
2024-04-19 14:00:00,112.64
2024-04-19 15:00:00,112.69
2024-04-19 16:00:00,112.69
2024-04-19 17:00:00,112.63
2024-04-19 23:00:00,112.68
2024-04-22 07:00:00,112.74
2024-04-22 08:00:00,112.81
2024-04-22 09:00:00,112.62
2024-04-22 10:00:00,112.65
2024-04-22 11:00:00,112.6
2024-04-22 12:00:00,112.77
2024-04-22 13:00:00,112.91
2024-04-22 14:00:00,113.27
2024-04-22 15:00:00,113.37
2024-04-22 16:00:00,113.43
2024-04-22 17:00:00,113.48
2024-04-22 23:00:00,113.36
2024-04-23 07:00:00,113.58
2024-04-23 08:00:00,113.41
2024-04-23 09:00:00,113.39
2024-04-23 10:00:00,113.49
2024-04-23 11:00:00,113.52
2024-04-23 12:00:00,113.09
2024-04-23 13:00:00,113.11
2024-04-23 14:00:00,113.65
2024-04-23 15:00:00,113.57000000000001
2024-04-23 16:00:00,113.41
2024-04-23 17:00:00,113.43
2024-04-23 23:00:00,113.5
2024-04-24 07:00:00,113.05
2024-04-24 08:00:00,113.09
2024-04-24 09:00:00,112.91
2024-04-24 10:00:00,112.83
2024-04-24 11:00:00,112.87
2024-04-24 12:00:00,112.8
2024-04-24 13:00:00,112.61
2024-04-24 14:00:00,112.46000000000001
2024-04-24 15:00:00,112.26
2024-04-24 16:00:00,112.24
2024-04-24 17:00:00,112.26
2024-04-24 23:00:00,112.31
2024-04-25 07:00:00,112.26
2024-04-25 08:00:00,112.56
2024-04-25 09:00:00,112.54
2024-04-25 10:00:00,112.46000000000001
2024-04-25 11:00:00,112.39
2024-04-25 12:00:00,112.41
2024-04-25 13:00:00,111.86
2024-04-25 14:00:00,111.65
2024-04-25 15:00:00,111.89
2024-04-25 16:00:00,111.91
2024-04-25 17:00:00,111.96000000000001
2024-04-25 23:00:00,112.03
2024-04-26 07:00:00,112.34
2024-04-26 08:00:00,112.49
2024-04-26 09:00:00,112.41
2024-04-26 10:00:00,112.4
2024-04-26 11:00:00,112.41
2024-04-26 12:00:00,112.51
2024-04-26 13:00:00,112.67
2024-04-26 14:00:00,112.95
2024-04-26 15:00:00,112.82000000000001
2024-04-26 16:00:00,112.8
2024-04-26 17:00:00,112.82000000000001
2024-04-26 23:00:00,112.82000000000001
2024-04-29 07:00:00,112.96000000000001
2024-04-29 08:00:00,113.06
2024-04-29 09:00:00,113.21000000000001
2024-04-29 10:00:00,113.25
2024-04-29 11:00:00,113.33
2024-04-29 12:00:00,113.42
2024-04-29 13:00:00,113.3
2024-04-29 14:00:00,113.32000000000001
2024-04-29 15:00:00,113.48
2024-04-29 16:00:00,113.38
2024-04-29 17:00:00,113.46000000000001
2024-04-29 23:00:00,113.48
2024-04-30 07:00:00,113.32000000000001
2024-04-30 08:00:00,113.19
2024-04-30 09:00:00,113.15
2024-04-30 10:00:00,113.13
2024-04-30 11:00:00,113.08
2024-04-30 12:00:00,113.18
2024-04-30 13:00:00,112.81
2024-04-30 14:00:00,112.9
2024-04-30 15:00:00,112.85
2024-04-30 16:00:00,112.84
2024-04-30 17:00:00,112.75
2024-04-30 23:00:00,112.77
2024-05-02 07:00:00,113.23
2024-05-02 08:00:00,113.34
2024-05-02 09:00:00,113.2
2024-05-02 10:00:00,113.24
2024-05-02 11:00:00,113.36
2024-05-02 12:00:00,113.49
2024-05-02 13:00:00,113.16
2024-05-02 14:00:00,113.16
2024-05-02 15:00:00,113.22
2024-05-02 16:00:00,113.3
2024-05-02 17:00:00,113.33
2024-05-02 23:00:00,113.17
2024-05-03 07:00:00,113.46000000000001
2024-05-03 08:00:00,113.41
2024-05-03 09:00:00,113.43
2024-05-03 10:00:00,113.43
2024-05-03 11:00:00,113.36
2024-05-03 12:00:00,113.33
2024-05-03 13:00:00,114.0
2024-05-03 14:00:00,113.85
2024-05-03 15:00:00,113.54
2024-05-03 16:00:00,113.74
2024-05-03 17:00:00,113.83
2024-05-03 23:00:00,113.54
2024-05-06 07:00:00,114.18
2024-05-06 08:00:00,114.18
2024-05-06 09:00:00,114.35
2024-05-06 10:00:00,114.33
2024-05-06 11:00:00,114.2
2024-05-06 12:00:00,114.07000000000001
2024-05-06 13:00:00,114.09
2024-05-06 14:00:00,113.89
2024-05-06 15:00:00,113.9
2024-05-06 16:00:00,113.85
2024-05-06 17:00:00,113.96000000000001
2024-05-06 23:00:00,113.8
2024-05-07 07:00:00,113.99
2024-05-07 08:00:00,114.16
2024-05-07 09:00:00,114.25
2024-05-07 10:00:00,113.99
2024-05-07 11:00:00,114.14
2024-05-07 12:00:00,114.0
2024-05-07 13:00:00,113.89
2024-05-07 14:00:00,113.97
2024-05-07 15:00:00,114.1
2024-05-07 16:00:00,114.19
2024-05-07 17:00:00,114.14
2024-05-07 23:00:00,114.2
2024-05-08 07:00:00,113.94
2024-05-08 08:00:00,114.05
2024-05-08 09:00:00,114.03
2024-05-08 10:00:00,113.83
2024-05-08 11:00:00,113.92
2024-05-08 12:00:00,113.9
2024-05-08 13:00:00,113.73
2024-05-08 14:00:00,113.78
2024-05-08 15:00:00,113.88
2024-05-08 16:00:00,113.86
2024-05-08 17:00:00,113.9
2024-05-08 23:00:00,113.87
2024-05-09 07:00:00,113.63
2024-05-09 08:00:00,113.46000000000001
2024-05-09 09:00:00,113.33
2024-05-09 10:00:00,113.39
2024-05-09 11:00:00,113.44
2024-05-09 12:00:00,113.46000000000001
2024-05-09 13:00:00,113.61
2024-05-09 14:00:00,113.38
2024-05-09 15:00:00,113.51
2024-05-09 16:00:00,113.51
2024-05-09 17:00:00,113.63
2024-05-09 23:00:00,113.52
2024-05-10 07:00:00,113.88
2024-05-10 08:00:00,113.86
2024-05-10 09:00:00,113.87
2024-05-10 10:00:00,113.91
2024-05-10 11:00:00,113.77
2024-05-10 12:00:00,113.68
2024-05-10 13:00:00,113.5
2024-05-10 14:00:00,113.48
2024-05-10 15:00:00,113.37
2024-05-10 16:00:00,113.34
2024-05-10 17:00:00,113.3
2024-05-10 23:00:00,113.37
2024-05-13 07:00:00,113.52
2024-05-13 08:00:00,113.47
2024-05-13 09:00:00,113.36
2024-05-13 10:00:00,113.47
2024-05-13 11:00:00,113.48
2024-05-13 12:00:00,113.42
2024-05-13 13:00:00,113.57000000000001
2024-05-13 14:00:00,113.49
2024-05-13 15:00:00,113.5
2024-05-13 16:00:00,113.28
2024-05-13 17:00:00,113.39
2024-05-13 23:00:00,113.38
2024-05-14 07:00:00,113.31
2024-05-14 08:00:00,113.48
2024-05-14 09:00:00,113.43
2024-05-14 10:00:00,113.32000000000001
2024-05-14 11:00:00,113.26
2024-05-14 12:00:00,113.19
2024-05-14 13:00:00,113.05
2024-05-14 14:00:00,113.13
2024-05-14 15:00:00,113.09
2024-05-14 16:00:00,113.06
2024-05-14 17:00:00,113.15
2024-05-14 23:00:00,113.06
2024-05-15 07:00:00,113.36
2024-05-15 08:00:00,113.6
2024-05-15 09:00:00,113.71000000000001
2024-05-15 10:00:00,113.76
2024-05-15 11:00:00,113.72
2024-05-15 12:00:00,113.83
2024-05-15 13:00:00,114.26
2024-05-15 14:00:00,114.21000000000001
2024-05-15 15:00:00,114.38
2024-05-15 16:00:00,114.41
2024-05-15 17:00:00,114.64
2024-05-15 23:00:00,114.43
2024-05-16 07:00:00,114.55
2024-05-16 08:00:00,114.58
2024-05-16 09:00:00,114.43
2024-05-16 10:00:00,114.56
2024-05-16 11:00:00,114.48
2024-05-16 12:00:00,114.53
2024-05-16 13:00:00,114.28
2024-05-16 14:00:00,114.28
2024-05-16 15:00:00,114.38
2024-05-16 16:00:00,114.2
2024-05-16 17:00:00,114.23
2024-05-16 23:00:00,114.38
2024-05-17 07:00:00,114.17
2024-05-17 08:00:00,113.96000000000001
2024-05-17 09:00:00,113.89
2024-05-17 10:00:00,113.97
2024-05-17 11:00:00,113.93
2024-05-17 12:00:00,113.84
2024-05-17 13:00:00,113.84
2024-05-17 14:00:00,113.76
2024-05-17 15:00:00,113.89
2024-05-17 16:00:00,113.72
2024-05-17 17:00:00,113.63
2024-05-17 23:00:00,113.81
2024-05-20 07:00:00,113.61
2024-05-20 08:00:00,113.63
2024-05-20 09:00:00,113.62
2024-05-20 10:00:00,113.7
2024-05-20 11:00:00,113.76
2024-05-20 12:00:00,113.83
2024-05-20 13:00:00,113.63
2024-05-20 14:00:00,113.73
2024-05-20 15:00:00,113.67
2024-05-20 16:00:00,113.71000000000001
2024-05-20 17:00:00,113.71000000000001
2024-05-20 23:00:00,113.64
2024-05-21 07:00:00,113.71000000000001
2024-05-21 08:00:00,113.78
2024-05-21 09:00:00,113.79
2024-05-21 10:00:00,113.7
2024-05-21 11:00:00,113.68
2024-05-21 12:00:00,113.69
2024-05-21 13:00:00,113.69
2024-05-21 14:00:00,113.91
2024-05-21 15:00:00,113.81
2024-05-21 16:00:00,113.86
2024-05-21 17:00:00,113.85
2024-05-21 23:00:00,113.83
2024-05-22 07:00:00,113.42
2024-05-22 08:00:00,113.45
2024-05-22 09:00:00,113.44
2024-05-22 10:00:00,113.48
2024-05-22 11:00:00,113.44
2024-05-22 12:00:00,113.35
2024-05-22 13:00:00,113.43
2024-05-22 14:00:00,113.65
2024-05-22 15:00:00,113.66
2024-05-22 16:00:00,113.6
2024-05-22 17:00:00,113.59
2024-05-22 23:00:00,113.61
2024-05-23 07:00:00,113.66
2024-05-23 08:00:00,113.5
2024-05-23 09:00:00,113.34
2024-05-23 10:00:00,113.71000000000001
2024-05-23 11:00:00,113.57000000000001
2024-05-23 12:00:00,113.57000000000001
2024-05-23 13:00:00,113.46000000000001
2024-05-23 14:00:00,112.97
2024-05-23 15:00:00,112.94
2024-05-23 16:00:00,113.05
2024-05-23 17:00:00,113.09
2024-05-23 23:00:00,112.9
2024-05-24 07:00:00,113.09
2024-05-24 08:00:00,113.03
2024-05-24 09:00:00,113.17
2024-05-24 10:00:00,113.08
2024-05-24 11:00:00,113.01
2024-05-24 12:00:00,112.83
2024-05-24 13:00:00,112.72
2024-05-24 14:00:00,112.83
2024-05-24 15:00:00,113.01
2024-05-24 16:00:00,113.03
2024-05-24 17:00:00,113.05
2024-05-24 23:00:00,113.09
2024-05-27 07:00:00,113.05
2024-05-27 08:00:00,112.98
2024-05-27 09:00:00,112.97
2024-05-27 10:00:00,113.02
2024-05-27 11:00:00,113.28
2024-05-27 12:00:00,113.18
2024-05-27 13:00:00,113.57000000000001
2024-05-27 14:00:00,113.52
2024-05-27 15:00:00,113.56
2024-05-27 16:00:00,113.52
2024-05-27 17:00:00,113.54
2024-05-27 23:00:00,113.51
2024-05-28 07:00:00,113.45
2024-05-28 08:00:00,113.45
2024-05-28 09:00:00,113.4
2024-05-28 10:00:00,113.25
2024-05-28 11:00:00,113.15
2024-05-28 12:00:00,113.18
2024-05-28 13:00:00,113.27
2024-05-28 14:00:00,113.11
2024-05-28 15:00:00,112.96000000000001
2024-05-28 16:00:00,112.95
2024-05-28 17:00:00,112.91
2024-05-28 23:00:00,113.01
2024-05-29 07:00:00,112.65
2024-05-29 08:00:00,112.5
2024-05-29 09:00:00,112.86
2024-05-29 10:00:00,112.64
2024-05-29 11:00:00,112.61
2024-05-29 12:00:00,112.51
2024-05-29 13:00:00,112.5
2024-05-29 14:00:00,112.32000000000001
2024-05-29 15:00:00,112.18
2024-05-29 16:00:00,111.95
2024-05-29 17:00:00,111.92
2024-05-29 23:00:00,112.14
2024-05-30 07:00:00,112.07000000000001
2024-05-30 08:00:00,112.25
2024-05-30 09:00:00,112.2
2024-05-30 10:00:00,112.17
2024-05-30 11:00:00,112.11
2024-05-30 12:00:00,112.16
2024-05-30 13:00:00,112.3
2024-05-30 14:00:00,112.29
2024-05-30 15:00:00,112.34
2024-05-30 16:00:00,112.48
2024-05-30 17:00:00,112.45
2024-05-30 17:00:01,112.45
2024-05-30 23:00:00,112.37
2024-05-31 07:00:00,112.47
2024-05-31 08:00:00,112.39
2024-05-31 09:00:00,112.25
2024-05-31 10:00:00,112.03999999999999
2024-05-31 11:00:00,112.07
2024-05-31 12:00:00,112.13
2024-05-31 13:00:00,112.35
2024-05-31 14:00:00,112.6
2024-05-31 15:00:00,112.42
2024-05-31 16:00:00,112.25
2024-05-31 17:00:00,112.13
2024-05-31 23:00:00,112.41
2024-06-03 07:00:00,112.50999999999999
2024-06-03 08:00:00,112.46
2024-06-03 09:00:00,112.58
2024-06-03 10:00:00,112.67
2024-06-03 11:00:00,112.77
2024-06-03 12:00:00,112.75999999999999
2024-06-03 13:00:00,112.91
2024-06-03 14:00:00,112.88
2024-06-03 15:00:00,113.03999999999999
2024-06-03 16:00:00,113.08
2024-06-03 17:00:00,112.97
2024-06-03 23:00:00,112.99
2024-06-04 07:00:00,113.00999999999999
2024-06-04 08:00:00,113.28
2024-06-04 09:00:00,113.17999999999999
2024-06-04 10:00:00,113.06
2024-06-04 11:00:00,113.00999999999999
2024-06-04 12:00:00,113.13
2024-06-04 13:00:00,113.25
2024-06-04 14:00:00,113.37
2024-06-04 15:00:00,113.17
2024-06-04 16:00:00,113.17999999999999
2024-06-04 17:00:00,113.16
2024-06-04 23:00:00,113.2
2024-06-05 07:00:00,113.11
2024-06-05 08:00:00,113.24
2024-06-05 09:00:00,113.3
2024-06-05 10:00:00,113.32
2024-06-05 11:00:00,113.45
2024-06-05 12:00:00,113.52
2024-06-05 13:00:00,113.6
2024-06-05 14:00:00,113.74
2024-06-05 15:00:00,113.64
2024-06-05 16:00:00,113.62
2024-06-05 17:00:00,113.66
2024-06-05 23:00:00,113.72
2024-06-06 07:00:00,113.7
2024-06-06 08:00:00,113.66
2024-06-06 09:00:00,113.53
2024-06-06 10:00:00,113.58
2024-06-06 11:00:00,113.56
2024-06-06 12:00:00,113.53
2024-06-06 13:00:00,113.11
2024-06-06 14:00:00,113.14999999999999
2024-06-06 15:00:00,113.11
2024-06-06 16:00:00,113.19
2024-06-06 17:00:00,113.25
2024-06-06 23:00:00,113.2
2024-06-07 07:00:00,113.12
2024-06-07 08:00:00,113.02
2024-06-07 09:00:00,113.00999999999999
2024-06-07 10:00:00,112.82
2024-06-07 11:00:00,112.8
2024-06-07 12:00:00,112.85
2024-06-07 13:00:00,112.44
2024-06-07 14:00:00,112.39
2024-06-07 15:00:00,112.42999999999999
2024-06-07 16:00:00,112.41
2024-06-07 17:00:00,112.58
2024-06-07 23:00:00,112.41
2024-06-10 07:00:00,111.95
2024-06-10 08:00:00,111.67
2024-06-10 09:00:00,111.6
2024-06-10 10:00:00,111.82
2024-06-10 11:00:00,111.67999999999999
2024-06-10 12:00:00,111.44
2024-06-10 13:00:00,111.42999999999999
2024-06-10 14:00:00,111.44
2024-06-10 15:00:00,111.33
2024-06-10 16:00:00,111.42999999999999
2024-06-10 17:00:00,111.39
2024-06-10 23:00:00,111.37
2024-06-11 07:00:00,111.58
2024-06-11 08:00:00,111.36
2024-06-11 09:00:00,111.27
2024-06-11 10:00:00,110.89999999999999
2024-06-11 11:00:00,110.89999999999999
2024-06-11 12:00:00,110.73
2024-06-11 13:00:00,110.82
2024-06-11 14:00:00,111.28
2024-06-11 15:00:00,111.46
2024-06-11 16:00:00,111.42999999999999
2024-06-11 17:00:00,111.41
2024-06-11 23:00:00,111.41
2024-06-12 07:00:00,111.67
2024-06-12 08:00:00,111.78
2024-06-12 09:00:00,111.63
2024-06-12 10:00:00,111.66
2024-06-12 11:00:00,111.77
2024-06-12 12:00:00,111.89
2024-06-12 13:00:00,112.53
2024-06-12 14:00:00,112.64
2024-06-12 15:00:00,112.59
2024-06-12 16:00:00,112.71
2024-06-12 17:00:00,112.78
2024-06-12 23:00:00,112.64
2024-06-13 07:00:00,112.42
2024-06-13 08:00:00,112.31
2024-06-13 09:00:00,112.28999999999999
2024-06-13 10:00:00,112.36
2024-06-13 11:00:00,112.3
2024-06-13 12:00:00,112.34
2024-06-13 13:00:00,112.56
2024-06-13 14:00:00,112.41
2024-06-13 15:00:00,112.25
2024-06-13 16:00:00,112.58
2024-06-13 17:00:00,112.44
2024-06-13 23:00:00,112.25999999999999
2024-06-14 07:00:00,112.45
2024-06-14 08:00:00,112.67
2024-06-14 09:00:00,112.64999999999999
2024-06-14 10:00:00,112.73
2024-06-14 11:00:00,112.28
2024-06-14 12:00:00,112.62
2024-06-14 13:00:00,112.74
2024-06-14 14:00:00,112.78
2024-06-14 15:00:00,112.71
2024-06-14 16:00:00,112.62
2024-06-14 17:00:00,112.52
2024-06-14 23:00:00,112.77
2024-06-17 07:00:00,112.89999999999999
2024-06-17 08:00:00,112.58
2024-06-17 09:00:00,112.53999999999999
2024-06-17 10:00:00,112.6
2024-06-17 11:00:00,112.53999999999999
2024-06-17 12:00:00,112.42
2024-06-17 13:00:00,112.53
2024-06-17 14:00:00,112.57
2024-06-17 15:00:00,112.58
2024-06-17 16:00:00,112.50999999999999
2024-06-17 17:00:00,112.6
2024-06-17 23:00:00,112.53
2024-06-18 07:00:00,112.75
2024-06-18 08:00:00,112.59
2024-06-18 09:00:00,112.56
2024-06-18 10:00:00,112.77
2024-06-18 11:00:00,112.83
2024-06-18 12:00:00,112.92
2024-06-18 13:00:00,113.02
2024-06-18 14:00:00,112.94
2024-06-18 15:00:00,112.97
2024-06-18 16:00:00,112.94
2024-06-18 17:00:00,112.95
2024-06-18 23:00:00,112.98
2024-06-19 07:00:00,113.00999999999999
2024-06-19 08:00:00,112.92999999999999
2024-06-19 09:00:00,112.81
2024-06-19 10:00:00,112.78
2024-06-19 11:00:00,112.86
2024-06-19 12:00:00,112.63
2024-06-19 13:00:00,112.59
2024-06-19 14:00:00,112.61
2024-06-19 15:00:00,112.5
2024-06-19 16:00:00,112.53
2024-06-19 17:00:00,112.42
2024-06-19 23:00:00,112.53
2024-06-20 07:00:00,112.17999999999999
2024-06-20 08:00:00,112.34
2024-06-20 09:00:00,112.39999999999999
2024-06-20 10:00:00,112.36
2024-06-20 11:00:00,112.44
2024-06-20 12:00:00,112.52
2024-06-20 13:00:00,112.35
2024-06-20 14:00:00,112.39
2024-06-20 15:00:00,112.42999999999999
2024-06-20 16:00:00,112.5
2024-06-20 17:00:00,112.56
2024-06-20 23:00:00,112.52
2024-06-21 07:00:00,112.81
2024-06-21 08:00:00,113.13
2024-06-21 09:00:00,113.03999999999999
2024-06-21 10:00:00,113.03999999999999
2024-06-21 11:00:00,112.99
2024-06-21 12:00:00,112.91
2024-06-21 13:00:00,112.87
2024-06-21 14:00:00,112.73
2024-06-21 15:00:00,112.58
2024-06-21 16:00:00,112.57
2024-06-21 17:00:00,112.7
2024-06-21 23:00:00,112.59
2024-06-24 07:00:00,112.69
2024-06-24 08:00:00,112.83
2024-06-24 09:00:00,112.84
2024-06-24 10:00:00,112.7
2024-06-24 11:00:00,112.77
2024-06-24 12:00:00,112.67
2024-06-24 13:00:00,112.71
2024-06-24 14:00:00,112.87
2024-06-24 15:00:00,112.67
2024-06-24 16:00:00,112.67999999999999
2024-06-24 17:00:00,112.75
2024-06-24 23:00:00,112.72
2024-06-25 07:00:00,112.83
2024-06-25 08:00:00,112.87
2024-06-25 09:00:00,112.69
2024-06-25 10:00:00,112.78999999999999
2024-06-25 11:00:00,112.91
2024-06-25 12:00:00,112.95
2024-06-25 13:00:00,112.69
2024-06-25 14:00:00,112.66
2024-06-25 15:00:00,112.69
2024-06-25 16:00:00,112.71
2024-06-25 17:00:00,112.69
2024-06-25 23:00:00,112.67
2024-06-26 07:00:00,112.75999999999999
2024-06-26 08:00:00,112.62
2024-06-26 09:00:00,112.59
2024-06-26 10:00:00,112.6
2024-06-26 11:00:00,112.52
2024-06-26 12:00:00,112.42
2024-06-26 13:00:00,112.32
2024-06-26 14:00:00,112.28999999999999
2024-06-26 15:00:00,112.17999999999999
2024-06-26 16:00:00,112.12
2024-06-26 17:00:00,112.14999999999999
2024-06-26 23:00:00,112.13
2024-06-27 07:00:00,112.08
2024-06-27 08:00:00,111.92999999999999
2024-06-27 09:00:00,111.96
2024-06-27 10:00:00,111.77
2024-06-27 11:00:00,111.82
2024-06-27 12:00:00,111.81
2024-06-27 13:00:00,111.87
2024-06-27 14:00:00,111.98
2024-06-27 15:00:00,111.85
2024-06-27 16:00:00,111.87
2024-06-27 17:00:00,111.89
2024-06-27 23:00:00,111.81
2024-06-28 07:00:00,111.99
2024-06-28 08:00:00,111.85
2024-06-28 09:00:00,111.56
2024-06-28 10:00:00,111.50999999999999
2024-06-28 11:00:00,111.38
2024-06-28 12:00:00,111.46
2024-06-28 13:00:00,111.66
2024-06-28 14:00:00,111.7
2024-06-28 15:00:00,111.47
2024-06-28 16:00:00,111.48
2024-06-28 17:00:00,111.44
2024-06-28 23:00:00,111.48
2024-07-01 07:00:00,111.78999999999999
2024-07-01 08:00:00,111.59
2024-07-01 09:00:00,111.35
2024-07-01 10:00:00,111.42
2024-07-01 11:00:00,111.5
2024-07-01 12:00:00,111.6
2024-07-01 13:00:00,111.39999999999999
2024-07-01 14:00:00,111.46
2024-07-01 15:00:00,111.21
2024-07-01 16:00:00,111.2
2024-07-01 17:00:00,111.19
2024-07-01 23:00:00,111.25
2024-07-02 07:00:00,111.3
2024-07-02 08:00:00,111.14999999999999
2024-07-02 09:00:00,111.00999999999999
2024-07-02 10:00:00,111.00999999999999
2024-07-02 11:00:00,110.98
2024-07-02 12:00:00,111.03999999999999
2024-07-02 13:00:00,111.41
2024-07-02 14:00:00,111.75
2024-07-02 15:00:00,111.59
2024-07-02 16:00:00,111.64
2024-07-02 17:00:00,111.71
2024-07-02 23:00:00,111.52
2024-07-03 07:00:00,111.86
2024-07-03 08:00:00,111.8
2024-07-03 09:00:00,111.83
2024-07-03 10:00:00,111.95
2024-07-03 11:00:00,111.84
2024-07-03 12:00:00,111.72
2024-07-03 13:00:00,111.85
2024-07-03 14:00:00,111.81
2024-07-03 15:00:00,112.27
2024-07-03 16:00:00,112.24
2024-07-03 17:00:00,112.28999999999999
2024-07-03 23:00:00,112.31
2024-07-04 07:00:00,112.1
2024-07-04 08:00:00,112.03999999999999
2024-07-04 09:00:00,112.07
2024-07-04 10:00:00,112.02
2024-07-04 11:00:00,112.09
2024-07-04 12:00:00,112.00999999999999
2024-07-04 13:00:00,112.06
2024-07-04 14:00:00,112.05
2024-07-04 15:00:00,112.03999999999999
2024-07-04 16:00:00,112.11
2024-07-04 17:00:00,112.1
2024-07-04 23:00:00,112.06
2024-07-05 07:00:00,112.31
2024-07-05 08:00:00,112.3
2024-07-05 09:00:00,112.44
2024-07-05 10:00:00,112.45
2024-07-05 11:00:00,112.50999999999999
2024-07-05 12:00:00,112.46
2024-07-05 13:00:00,112.55
2024-07-05 14:00:00,112.49
2024-07-05 15:00:00,112.71
2024-07-05 16:00:00,112.63
2024-07-05 17:00:00,112.50999999999999
2024-07-05 23:00:00,112.7
2024-07-08 07:00:00,112.36
2024-07-08 08:00:00,112.63
2024-07-08 09:00:00,112.63
2024-07-08 10:00:00,112.48
2024-07-08 11:00:00,112.73
2024-07-08 12:00:00,112.69
2024-07-08 13:00:00,113.03999999999999
2024-07-08 14:00:00,113.08
2024-07-08 15:00:00,113.05
2024-07-08 16:00:00,113.06
2024-07-08 17:00:00,113.1
2024-07-08 23:00:00,113.11
2024-07-09 07:00:00,112.88
2024-07-09 08:00:00,112.87
2024-07-09 09:00:00,112.94
2024-07-09 10:00:00,112.83
2024-07-09 11:00:00,112.82
2024-07-09 12:00:00,112.84
2024-07-09 13:00:00,112.75
2024-07-09 14:00:00,112.8
2024-07-09 15:00:00,112.48
2024-07-09 16:00:00,112.6
2024-07-09 17:00:00,112.64
2024-07-09 23:00:00,112.50999999999999
2024-07-10 07:00:00,112.94
2024-07-10 08:00:00,113.02
2024-07-10 09:00:00,113.11
2024-07-10 10:00:00,113.28999999999999
2024-07-10 11:00:00,113.36
2024-07-10 12:00:00,113.33
2024-07-10 13:00:00,113.37
2024-07-10 14:00:00,113.37
2024-07-10 15:00:00,113.28999999999999
2024-07-10 16:00:00,113.35
2024-07-10 17:00:00,113.39
2024-07-10 23:00:00,113.27
2024-07-11 07:00:00,113.32
2024-07-11 08:00:00,113.28999999999999
2024-07-11 09:00:00,113.36
2024-07-11 10:00:00,113.38
2024-07-11 11:00:00,113.23
2024-07-11 12:00:00,113.14999999999999
2024-07-11 13:00:00,113.75999999999999
2024-07-11 14:00:00,114.03
2024-07-11 15:00:00,113.98
2024-07-11 16:00:00,113.96
2024-07-11 17:00:00,113.89999999999999
2024-07-11 23:00:00,114.02
2024-07-12 07:00:00,113.78999999999999
2024-07-12 08:00:00,113.74
2024-07-12 09:00:00,113.72
2024-07-12 10:00:00,113.6
2024-07-12 11:00:00,113.75
2024-07-12 12:00:00,113.77
2024-07-12 13:00:00,113.84
2024-07-12 14:00:00,114.0
2024-07-12 15:00:00,113.92
2024-07-12 16:00:00,113.89
2024-07-12 17:00:00,113.83
2024-07-12 23:00:00,113.91
2024-07-15 07:00:00,113.8
2024-07-15 08:00:00,114.03999999999999
2024-07-15 09:00:00,114.16
2024-07-15 10:00:00,114.03
2024-07-15 11:00:00,114.11
2024-07-15 12:00:00,113.94
2024-07-15 13:00:00,114.09
2024-07-15 14:00:00,114.17
2024-07-15 15:00:00,114.28
2024-07-15 16:00:00,114.28
2024-07-15 17:00:00,114.25999999999999
2024-07-15 23:00:00,114.31
2024-07-16 07:00:00,114.41
2024-07-16 08:00:00,114.46
2024-07-16 09:00:00,114.53
2024-07-16 10:00:00,114.52
2024-07-16 11:00:00,114.52
2024-07-16 12:00:00,114.58
2024-07-16 13:00:00,114.56
2024-07-16 14:00:00,114.56
2024-07-16 15:00:00,114.55
2024-07-16 16:00:00,114.7
2024-07-16 17:00:00,114.7
2024-07-16 23:00:00,114.6
2024-07-17 07:00:00,114.73
2024-07-17 08:00:00,114.75
2024-07-17 09:00:00,114.71
2024-07-17 10:00:00,114.67999999999999
2024-07-17 11:00:00,114.62
2024-07-17 12:00:00,114.53999999999999
2024-07-17 13:00:00,114.38
2024-07-17 14:00:00,114.47
2024-07-17 15:00:00,114.49
2024-07-17 16:00:00,114.56
2024-07-17 17:00:00,114.61
2024-07-17 23:00:00,114.5
2024-07-18 07:00:00,114.61
2024-07-18 08:00:00,114.57
2024-07-18 09:00:00,114.44
2024-07-18 10:00:00,114.44
2024-07-18 11:00:00,114.44
2024-07-18 12:00:00,114.52
2024-07-18 13:00:00,114.59
2024-07-18 14:00:00,114.83
2024-07-18 15:00:00,114.7
2024-07-18 16:00:00,114.36
2024-07-18 17:00:00,114.44
2024-07-18 23:00:00,114.7
2024-07-19 07:00:00,114.49
2024-07-19 08:00:00,114.45
2024-07-19 09:00:00,114.47
2024-07-19 10:00:00,114.39999999999999
2024-07-19 11:00:00,114.42999999999999
2024-07-19 12:00:00,114.31
2024-07-19 13:00:00,114.07
2024-07-19 14:00:00,114.12
2024-07-19 15:00:00,114.17999999999999
2024-07-19 16:00:00,114.05
2024-07-19 17:00:00,114.02
2024-07-19 23:00:00,114.14999999999999
2024-07-22 07:00:00,114.17999999999999
2024-07-22 08:00:00,114.17999999999999
2024-07-22 09:00:00,114.16
2024-07-22 10:00:00,114.24
2024-07-22 11:00:00,114.32
2024-07-22 12:00:00,114.33
2024-07-22 13:00:00,114.39999999999999
2024-07-22 14:00:00,114.3
2024-07-22 15:00:00,114.28
2024-07-22 16:00:00,114.07
2024-07-22 17:00:00,113.98
2024-07-22 23:00:00,114.23
2024-07-23 07:00:00,113.94
2024-07-23 08:00:00,114.05
2024-07-23 09:00:00,114.16
2024-07-23 10:00:00,114.22
2024-07-23 11:00:00,114.36
2024-07-23 12:00:00,114.33
2024-07-23 13:00:00,114.17999999999999
2024-07-23 14:00:00,114.23
2024-07-23 15:00:00,114.14999999999999
2024-07-23 16:00:00,114.32
2024-07-23 17:00:00,114.19
2024-07-23 23:00:00,114.16
2024-07-24 07:00:00,114.12
2024-07-24 08:00:00,114.25
2024-07-24 09:00:00,114.1
2024-07-24 10:00:00,114.06
2024-07-24 11:00:00,114.12
2024-07-24 12:00:00,114.06
2024-07-24 13:00:00,114.09
2024-07-24 14:00:00,113.94
2024-07-24 15:00:00,113.99
2024-07-24 16:00:00,113.92
2024-07-24 17:00:00,113.89999999999999
2024-07-24 23:00:00,113.89
2024-07-25 07:00:00,113.85
2024-07-25 08:00:00,113.94
2024-07-25 09:00:00,114.03999999999999
2024-07-25 10:00:00,113.96
2024-07-25 11:00:00,113.99
2024-07-25 12:00:00,114.11
2024-07-25 13:00:00,113.98
2024-07-25 14:00:00,114.00999999999999
2024-07-25 15:00:00,114.00999999999999
2024-07-25 16:00:00,114.12
2024-07-25 17:00:00,114.05
2024-07-25 23:00:00,114.1
2024-07-26 07:00:00,113.8
2024-07-26 08:00:00,113.75
2024-07-26 09:00:00,113.89
2024-07-26 10:00:00,114.02
2024-07-26 11:00:00,114.00999999999999
2024-07-26 12:00:00,113.86
2024-07-26 13:00:00,113.98
2024-07-26 14:00:00,114.25999999999999
2024-07-26 15:00:00,114.28999999999999
2024-07-26 16:00:00,114.24
2024-07-26 17:00:00,114.21
2024-07-26 23:00:00,114.25999999999999
2024-07-29 07:00:00,114.42
2024-07-29 08:00:00,114.38
2024-07-29 09:00:00,114.56
2024-07-29 10:00:00,114.75
2024-07-29 11:00:00,114.89
2024-07-29 12:00:00,114.88
2024-07-29 13:00:00,114.87
2024-07-29 14:00:00,114.71
2024-07-29 15:00:00,114.64999999999999
2024-07-29 16:00:00,114.72
2024-07-29 17:00:00,114.74
2024-07-29 23:00:00,114.7
2024-07-30 07:00:00,114.78
2024-07-30 08:00:00,114.85
2024-07-30 09:00:00,114.69
2024-07-30 10:00:00,114.71
2024-07-30 11:00:00,114.69
2024-07-30 12:00:00,114.67
2024-07-30 13:00:00,114.73
2024-07-30 14:00:00,114.96
2024-07-30 15:00:00,114.83
2024-07-30 16:00:00,114.81
2024-07-30 17:00:00,114.78
2024-07-30 23:00:00,114.75999999999999
2024-07-31 07:00:00,114.92
2024-07-31 08:00:00,115.06
2024-07-31 09:00:00,114.97
2024-07-31 10:00:00,115.02
2024-07-31 11:00:00,115.13
2024-07-31 12:00:00,115.03
2024-07-31 13:00:00,115.14
2024-07-31 14:00:00,115.14
2024-07-31 15:00:00,115.14
2024-07-31 16:00:00,115.21
2024-07-31 17:00:00,115.25
2024-07-31 23:00:00,115.14999999999999
2024-08-01 07:00:00,115.23
2024-08-01 08:00:00,115.11
2024-08-01 09:00:00,115.00999999999999
2024-08-01 10:00:00,115.16
2024-08-01 11:00:00,115.25999999999999
2024-08-01 12:00:00,115.0
2024-08-01 13:00:00,115.14
2024-08-01 14:00:00,115.34
2024-08-01 15:00:00,115.36
2024-08-01 16:00:00,115.25999999999999
2024-08-01 17:00:00,115.28
2024-08-01 23:00:00,115.33
2024-08-02 07:00:00,115.11
2024-08-02 08:00:00,115.14999999999999
2024-08-02 09:00:00,115.23
2024-08-02 10:00:00,115.31
2024-08-02 11:00:00,115.36
2024-08-02 12:00:00,115.32
2024-08-02 13:00:00,115.67
2024-08-02 14:00:00,115.53999999999999
2024-08-02 15:00:00,115.42
2024-08-02 16:00:00,115.39
2024-08-02 17:00:00,115.41
2024-08-02 23:00:00,115.34
2024-08-05 07:00:00,115.44
2024-08-05 08:00:00,115.46
2024-08-05 09:00:00,115.44
2024-08-05 10:00:00,115.52
2024-08-05 11:00:00,115.58
2024-08-05 12:00:00,115.42
2024-08-05 13:00:00,115.50999999999999
2024-08-05 14:00:00,115.32
2024-08-05 15:00:00,115.08
2024-08-05 16:00:00,114.95
2024-08-05 17:00:00,115.07
2024-08-05 23:00:00,115.14
2024-08-06 07:00:00,114.98
2024-08-06 08:00:00,115.06
2024-08-06 09:00:00,115.03999999999999
2024-08-06 10:00:00,115.25999999999999
2024-08-06 11:00:00,115.25999999999999
2024-08-06 12:00:00,115.11
2024-08-06 13:00:00,115.35
2024-08-06 14:00:00,115.37
2024-08-06 15:00:00,115.23
2024-08-06 16:00:00,115.22
2024-08-06 17:00:00,115.2
2024-08-06 23:00:00,115.21
2024-08-07 07:00:00,115.09
2024-08-07 08:00:00,114.78999999999999
2024-08-07 09:00:00,114.69
2024-08-07 10:00:00,114.63
2024-08-07 11:00:00,114.64
2024-08-07 12:00:00,114.62
2024-08-07 13:00:00,114.69
2024-08-07 14:00:00,114.74
2024-08-07 15:00:00,114.77
2024-08-07 16:00:00,114.72
2024-08-07 17:00:00,114.78999999999999
2024-08-07 23:00:00,114.72
2024-08-08 07:00:00,114.85
2024-08-08 08:00:00,114.92
2024-08-08 09:00:00,114.88
2024-08-08 10:00:00,115.0
2024-08-08 11:00:00,114.91
2024-08-08 12:00:00,114.92999999999999
2024-08-08 13:00:00,114.75999999999999
2024-08-08 14:00:00,114.75999999999999
2024-08-08 15:00:00,114.78
2024-08-08 16:00:00,114.78
2024-08-08 17:00:00,114.75999999999999
2024-08-08 23:00:00,114.73
2024-08-09 07:00:00,114.98
2024-08-09 08:00:00,115.08
2024-08-09 09:00:00,115.22
2024-08-09 10:00:00,115.21
2024-08-09 11:00:00,115.16
2024-08-09 12:00:00,115.17
2024-08-09 13:00:00,115.19
2024-08-09 14:00:00,115.28
2024-08-09 15:00:00,115.25
2024-08-09 16:00:00,115.25
2024-08-09 17:00:00,115.23
2024-08-09 23:00:00,115.27
2024-08-12 07:00:00,115.1
2024-08-12 08:00:00,115.21
2024-08-12 09:00:00,115.14
2024-08-12 10:00:00,115.08
2024-08-12 11:00:00,115.07
2024-08-12 12:00:00,115.09
2024-08-12 13:00:00,115.06
2024-08-12 14:00:00,115.28
2024-08-12 15:00:00,115.19
2024-08-12 16:00:00,115.25999999999999
2024-08-12 17:00:00,115.25999999999999
2024-08-12 23:00:00,115.24
2024-08-13 07:00:00,115.3
2024-08-13 08:00:00,115.42
2024-08-13 09:00:00,115.35
2024-08-13 10:00:00,115.37
2024-08-13 11:00:00,115.50999999999999
2024-08-13 12:00:00,115.57
2024-08-13 13:00:00,115.67
2024-08-13 14:00:00,115.77
2024-08-13 15:00:00,115.86
2024-08-13 16:00:00,115.84
2024-08-13 17:00:00,115.91
2024-08-13 23:00:00,115.92999999999999
2024-08-14 07:00:00,115.91
2024-08-14 08:00:00,115.77
2024-08-14 09:00:00,115.78999999999999
2024-08-14 10:00:00,115.77
2024-08-14 11:00:00,115.85
2024-08-14 12:00:00,115.78999999999999
2024-08-14 13:00:00,115.75999999999999
2024-08-14 14:00:00,115.96
2024-08-14 15:00:00,115.91
2024-08-14 16:00:00,115.92999999999999
2024-08-14 17:00:00,115.83
2024-08-14 23:00:00,115.91
2024-08-15 07:00:00,116.00999999999999
2024-08-15 08:00:00,116.0
2024-08-15 09:00:00,115.89
2024-08-15 10:00:00,115.86
2024-08-15 11:00:00,115.89
2024-08-15 12:00:00,115.84
2024-08-15 13:00:00,115.53999999999999
2024-08-15 14:00:00,115.37
2024-08-15 15:00:00,115.32
2024-08-15 16:00:00,115.32
2024-08-15 17:00:00,115.28999999999999
2024-08-15 23:00:00,115.33
2024-08-16 07:00:00,115.48
2024-08-16 08:00:00,115.42999999999999
2024-08-16 09:00:00,115.5
2024-08-16 10:00:00,115.57
2024-08-16 11:00:00,115.6
2024-08-16 12:00:00,115.63
2024-08-16 13:00:00,115.47
2024-08-16 14:00:00,115.39999999999999
2024-08-16 15:00:00,115.36
2024-08-16 16:00:00,115.32
2024-08-16 17:00:00,115.39
2024-08-16 23:00:00,115.32
2024-08-19 07:00:00,115.45
2024-08-19 08:00:00,115.64999999999999
2024-08-19 09:00:00,115.73
2024-08-19 10:00:00,115.61
2024-08-19 11:00:00,115.59
2024-08-19 12:00:00,115.61
2024-08-19 13:00:00,115.37
2024-08-19 14:00:00,115.42
2024-08-19 15:00:00,115.42999999999999
2024-08-19 16:00:00,115.49
2024-08-19 17:00:00,115.49
2024-08-19 23:00:00,115.38
2024-08-20 07:00:00,115.46
2024-08-20 08:00:00,115.53999999999999
2024-08-20 09:00:00,115.5
2024-08-20 10:00:00,115.47
2024-08-20 11:00:00,115.39999999999999
2024-08-20 12:00:00,115.55
2024-08-20 13:00:00,115.62
2024-08-20 14:00:00,115.64999999999999
2024-08-20 15:00:00,115.66
2024-08-20 16:00:00,115.69
2024-08-20 17:00:00,115.7
2024-08-20 23:00:00,115.72
2024-08-21 07:00:00,115.6
2024-08-21 08:00:00,115.63
2024-08-21 09:00:00,115.69
2024-08-21 10:00:00,115.64
2024-08-21 11:00:00,115.7
2024-08-21 12:00:00,115.83
2024-08-21 13:00:00,115.97
2024-08-21 14:00:00,115.88
2024-08-21 15:00:00,115.89
2024-08-21 16:00:00,116.03
2024-08-21 17:00:00,116.0
2024-08-21 23:00:00,115.94
2024-08-22 07:00:00,115.97
2024-08-22 08:00:00,116.09
2024-08-22 09:00:00,115.84
2024-08-22 10:00:00,115.88
2024-08-22 11:00:00,115.81
2024-08-22 12:00:00,115.73
2024-08-22 13:00:00,115.8
2024-08-22 14:00:00,115.82
2024-08-22 15:00:00,115.6
2024-08-22 16:00:00,115.47
2024-08-22 17:00:00,115.41
2024-08-22 23:00:00,115.5
2024-08-23 07:00:00,115.59
2024-08-23 08:00:00,115.53999999999999
2024-08-23 09:00:00,115.56
2024-08-23 10:00:00,115.58
2024-08-23 11:00:00,115.64999999999999
2024-08-23 12:00:00,115.53
2024-08-23 13:00:00,115.7
2024-08-23 14:00:00,115.56
2024-08-23 15:00:00,115.92
2024-08-23 16:00:00,115.89
2024-08-23 17:00:00,115.82
2024-08-23 23:00:00,115.95
2024-08-26 07:00:00,115.95
2024-08-26 08:00:00,115.75999999999999
2024-08-26 09:00:00,115.78
2024-08-26 10:00:00,115.83
2024-08-26 11:00:00,115.71
2024-08-26 12:00:00,115.53999999999999
2024-08-26 13:00:00,115.73
2024-08-26 14:00:00,115.56
2024-08-26 15:00:00,115.75
2024-08-26 16:00:00,115.66
2024-08-26 17:00:00,115.63
2024-08-26 23:00:00,115.72
2024-08-27 07:00:00,115.50999999999999
2024-08-27 08:00:00,115.46
2024-08-27 09:00:00,115.28
2024-08-27 10:00:00,115.16
2024-08-27 11:00:00,115.00999999999999
2024-08-27 12:00:00,115.02
2024-08-27 13:00:00,114.92
2024-08-27 14:00:00,114.91
2024-08-27 15:00:00,115.11
2024-08-27 16:00:00,115.05
2024-08-27 17:00:00,115.13
2024-08-27 23:00:00,115.07
2024-08-28 07:00:00,115.22
2024-08-28 08:00:00,115.17999999999999
2024-08-28 09:00:00,115.25
2024-08-28 10:00:00,115.41
2024-08-28 11:00:00,115.5
2024-08-28 12:00:00,115.53
2024-08-28 13:00:00,115.36
2024-08-28 14:00:00,115.25999999999999
2024-08-28 15:00:00,115.28999999999999
2024-08-28 16:00:00,115.24
2024-08-28 17:00:00,115.23
2024-08-28 23:00:00,115.23
2024-08-29 07:00:00,115.17999999999999
2024-08-29 08:00:00,115.16
2024-08-29 09:00:00,115.53
2024-08-29 10:00:00,115.50999999999999
2024-08-29 11:00:00,115.36
2024-08-29 12:00:00,115.44
2024-08-29 13:00:00,115.16
2024-08-29 14:00:00,115.2
2024-08-29 15:00:00,115.12
2024-08-29 16:00:00,115.19
2024-08-29 17:00:00,115.19
2024-08-29 17:00:01,115.19
2024-08-29 23:00:00,115.13
2024-08-30 07:00:00,115.11999999999999
2024-08-30 08:00:00,115.33999999999999
2024-08-30 09:00:00,115.33999999999999
2024-08-30 10:00:00,115.36999999999999
2024-08-30 11:00:00,115.32
2024-08-30 12:00:00,115.25
2024-08-30 13:00:00,115.16
2024-08-30 14:00:00,115.05
2024-08-30 15:00:00,114.96
2024-08-30 16:00:00,114.8
2024-08-30 17:00:00,114.69
2024-08-30 23:00:00,115.08999999999999
2024-09-02 07:00:00,114.55
2024-09-02 08:00:00,114.57
2024-09-02 09:00:00,114.66
2024-09-02 10:00:00,114.69
2024-09-02 11:00:00,114.67999999999999
2024-09-02 12:00:00,114.74
2024-09-02 13:00:00,114.7
2024-09-02 14:00:00,114.66
2024-09-02 15:00:00,114.78
2024-09-02 16:00:00,114.77
2024-09-02 17:00:00,114.75
2024-09-02 23:00:00,114.77
2024-09-03 07:00:00,114.77
2024-09-03 08:00:00,114.8
2024-09-03 09:00:00,114.77
2024-09-03 10:00:00,114.74
2024-09-03 11:00:00,114.82
2024-09-03 12:00:00,114.61999999999999
2024-09-03 13:00:00,114.86
2024-09-03 14:00:00,115.08
2024-09-03 15:00:00,115.17
2024-09-03 16:00:00,115.07
2024-09-03 17:00:00,115.07
2024-09-03 23:00:00,115.1
2024-09-04 07:00:00,115.24
2024-09-04 08:00:00,115.31
2024-09-04 09:00:00,115.28999999999999
2024-09-04 10:00:00,115.33
2024-09-04 11:00:00,115.42
2024-09-04 12:00:00,115.5
2024-09-04 13:00:00,115.57
2024-09-04 14:00:00,115.74
2024-09-04 15:00:00,115.89
2024-09-04 16:00:00,115.85
2024-09-04 17:00:00,115.91
2024-09-04 23:00:00,115.89999999999999
2024-09-05 07:00:00,115.91
2024-09-05 08:00:00,115.82
2024-09-05 09:00:00,115.77
2024-09-05 10:00:00,115.69
2024-09-05 11:00:00,115.72
2024-09-05 12:00:00,115.96
2024-09-05 13:00:00,116.13
2024-09-05 14:00:00,116.16
2024-09-05 15:00:00,115.89999999999999
2024-09-05 16:00:00,115.97999999999999
2024-09-05 17:00:00,115.99
2024-09-05 23:00:00,115.92
2024-09-06 07:00:00,116.16
2024-09-06 08:00:00,116.3
2024-09-06 09:00:00,116.3
2024-09-06 10:00:00,116.42
2024-09-06 11:00:00,116.39999999999999
2024-09-06 12:00:00,116.41
2024-09-06 13:00:00,116.3
2024-09-06 14:00:00,115.99
2024-09-06 15:00:00,116.22999999999999
2024-09-06 16:00:00,116.14999999999999
2024-09-06 17:00:00,115.86
2024-09-06 23:00:00,116.21
2024-09-09 07:00:00,115.78
2024-09-09 08:00:00,115.77
2024-09-09 09:00:00,115.63
2024-09-09 10:00:00,115.67999999999999
2024-09-09 11:00:00,115.67999999999999
2024-09-09 12:00:00,115.71
2024-09-09 13:00:00,115.88
2024-09-09 14:00:00,116.06
2024-09-09 15:00:00,116.16
2024-09-09 16:00:00,116.21
2024-09-09 17:00:00,116.2
2024-09-09 23:00:00,116.2
2024-09-10 07:00:00,116.1
2024-09-10 08:00:00,116.07
2024-09-10 09:00:00,116.08
2024-09-10 10:00:00,116.21
2024-09-10 11:00:00,116.14
2024-09-10 12:00:00,116.17
2024-09-10 13:00:00,116.38
2024-09-10 14:00:00,116.22
2024-09-10 15:00:00,116.32
2024-09-10 16:00:00,116.56
2024-09-10 17:00:00,116.42999999999999
2024-09-10 23:00:00,116.41
2024-09-11 07:00:00,116.74
2024-09-11 08:00:00,116.81
2024-09-11 09:00:00,116.88
2024-09-11 10:00:00,116.8
2024-09-11 11:00:00,116.77
2024-09-11 12:00:00,116.86
2024-09-11 13:00:00,116.71
2024-09-11 14:00:00,116.96
2024-09-11 15:00:00,117.03999999999999
2024-09-11 16:00:00,116.92999999999999
2024-09-11 17:00:00,116.92
2024-09-11 23:00:00,117.02
2024-09-12 07:00:00,116.91
2024-09-12 08:00:00,116.91
2024-09-12 09:00:00,116.86
2024-09-12 10:00:00,116.95
2024-09-12 11:00:00,116.94
2024-09-12 12:00:00,117.06
2024-09-12 13:00:00,117.17999999999999
2024-09-12 14:00:00,116.99
2024-09-12 15:00:00,116.83999999999999
2024-09-12 16:00:00,116.89999999999999
2024-09-12 17:00:00,116.86
2024-09-12 23:00:00,116.86
2024-09-13 07:00:00,117.17
2024-09-13 08:00:00,117.08
2024-09-13 09:00:00,117.06
2024-09-13 10:00:00,117.08
2024-09-13 11:00:00,117.03
2024-09-13 12:00:00,117.03
2024-09-13 13:00:00,117.00999999999999
2024-09-13 14:00:00,117.03999999999999
2024-09-13 15:00:00,117.08999999999999
2024-09-13 16:00:00,117.19
2024-09-13 17:00:00,117.17999999999999
2024-09-13 23:00:00,117.1
2024-09-16 07:00:00,117.21
2024-09-16 08:00:00,117.08999999999999
2024-09-16 09:00:00,117.19
2024-09-16 10:00:00,117.19
2024-09-16 11:00:00,117.28
2024-09-16 12:00:00,117.36999999999999
2024-09-16 13:00:00,117.38
2024-09-16 14:00:00,117.31
2024-09-16 15:00:00,117.42
2024-09-16 16:00:00,117.5
2024-09-16 17:00:00,117.50999999999999
2024-09-16 23:00:00,117.46
2024-09-17 07:00:00,117.64
2024-09-17 08:00:00,117.63
2024-09-17 09:00:00,117.71
2024-09-17 10:00:00,117.75999999999999
2024-09-17 11:00:00,117.72
2024-09-17 12:00:00,117.78999999999999
2024-09-17 13:00:00,117.63
2024-09-17 14:00:00,117.42999999999999
2024-09-17 15:00:00,117.25999999999999
2024-09-17 16:00:00,117.3
2024-09-17 17:00:00,117.22999999999999
2024-09-17 23:00:00,117.28999999999999
2024-09-18 07:00:00,117.19
2024-09-18 08:00:00,117.07
2024-09-18 09:00:00,116.95
2024-09-18 10:00:00,116.92
2024-09-18 11:00:00,116.89
2024-09-18 12:00:00,116.81
2024-09-18 13:00:00,116.75
2024-09-18 14:00:00,116.67999999999999
2024-09-18 15:00:00,116.61
2024-09-18 16:00:00,116.64
2024-09-18 17:00:00,116.69
2024-09-18 23:00:00,116.61999999999999
2024-09-19 07:00:00,116.67999999999999
2024-09-19 08:00:00,116.75999999999999
2024-09-19 09:00:00,116.7
2024-09-19 10:00:00,116.72
2024-09-19 11:00:00,116.85
2024-09-19 12:00:00,116.83999999999999
2024-09-19 13:00:00,116.61
2024-09-19 14:00:00,116.77
2024-09-19 15:00:00,116.82
2024-09-19 16:00:00,116.83
2024-09-19 17:00:00,116.86999999999999
2024-09-19 23:00:00,116.82
2024-09-20 07:00:00,116.91
2024-09-20 08:00:00,116.99
2024-09-20 09:00:00,116.96
2024-09-20 10:00:00,116.89
2024-09-20 11:00:00,116.86999999999999
2024-09-20 12:00:00,116.8
2024-09-20 13:00:00,116.86999999999999
2024-09-20 14:00:00,116.63
2024-09-20 15:00:00,116.7
2024-09-20 16:00:00,116.86999999999999
2024-09-20 17:00:00,117.05
2024-09-20 23:00:00,116.67
2024-09-23 07:00:00,116.92999999999999
2024-09-23 08:00:00,117.08999999999999
2024-09-23 09:00:00,117.19
2024-09-23 10:00:00,117.07
2024-09-23 11:00:00,117.07
2024-09-23 12:00:00,117.11999999999999
2024-09-23 13:00:00,117.19
2024-09-23 14:00:00,117.02
2024-09-23 15:00:00,117.16
2024-09-23 16:00:00,117.28
2024-09-23 17:00:00,117.3
2024-09-23 23:00:00,117.16
2024-09-24 07:00:00,117.33
2024-09-24 08:00:00,117.16
2024-09-24 09:00:00,117.0
2024-09-24 10:00:00,116.99
2024-09-24 11:00:00,117.2
2024-09-24 12:00:00,117.13
2024-09-24 13:00:00,117.13
2024-09-24 14:00:00,117.24
2024-09-24 15:00:00,117.49
2024-09-24 16:00:00,117.53999999999999
2024-09-24 17:00:00,117.61
2024-09-24 23:00:00,117.56
2024-09-25 07:00:00,117.53999999999999
2024-09-25 08:00:00,117.58999999999999
2024-09-25 09:00:00,117.56
2024-09-25 10:00:00,117.44
2024-09-25 11:00:00,117.36
2024-09-25 12:00:00,117.3
2024-09-25 13:00:00,117.3
2024-09-25 14:00:00,117.11
2024-09-25 15:00:00,116.97999999999999
2024-09-25 16:00:00,117.11
2024-09-25 17:00:00,117.11999999999999
2024-09-25 23:00:00,116.99
2024-09-26 07:00:00,117.25999999999999
2024-09-26 08:00:00,117.38
2024-09-26 09:00:00,117.49
2024-09-26 10:00:00,117.58
2024-09-26 11:00:00,117.71
2024-09-26 12:00:00,117.75
2024-09-26 13:00:00,117.74
2024-09-26 14:00:00,117.86999999999999
2024-09-26 15:00:00,117.69
2024-09-26 16:00:00,117.53
2024-09-26 17:00:00,117.55
2024-09-26 23:00:00,117.57
2024-09-27 07:00:00,117.83
2024-09-27 08:00:00,118.16
2024-09-27 09:00:00,117.91
2024-09-27 10:00:00,117.92999999999999
2024-09-27 11:00:00,117.61999999999999
2024-09-27 12:00:00,117.74
2024-09-27 13:00:00,117.94
2024-09-27 14:00:00,117.94
2024-09-27 15:00:00,117.77
2024-09-27 16:00:00,117.81
2024-09-27 17:00:00,117.83
2024-09-27 23:00:00,117.74
2024-09-30 07:00:00,117.66
2024-09-30 08:00:00,117.57
2024-09-30 09:00:00,117.28999999999999
2024-09-30 10:00:00,117.38
2024-09-30 11:00:00,117.58
2024-09-30 12:00:00,117.52
2024-09-30 13:00:00,117.47999999999999
2024-09-30 14:00:00,117.85
2024-09-30 15:00:00,117.72999999999999
2024-09-30 16:00:00,117.8
2024-09-30 17:00:00,117.83999999999999
2024-09-30 23:00:00,117.74
2024-10-01 07:00:00,117.92999999999999
2024-10-01 08:00:00,118.21
2024-10-01 09:00:00,118.39
2024-10-01 10:00:00,118.46
2024-10-01 11:00:00,118.47999999999999
2024-10-01 12:00:00,118.71
2024-10-01 13:00:00,118.75
2024-10-01 14:00:00,118.75
2024-10-01 15:00:00,118.55
2024-10-01 16:00:00,118.55
2024-10-01 17:00:00,118.55
2024-10-01 23:00:00,118.47999999999999
2024-10-02 07:00:00,118.42
2024-10-02 08:00:00,118.17
2024-10-02 09:00:00,118.06
2024-10-02 10:00:00,117.97999999999999
2024-10-02 11:00:00,117.94
2024-10-02 12:00:00,117.97
2024-10-02 13:00:00,117.89999999999999
2024-10-02 14:00:00,117.8
2024-10-02 15:00:00,117.83
2024-10-02 16:00:00,118.03999999999999
2024-10-02 17:00:00,117.92999999999999
2024-10-02 23:00:00,117.86999999999999
2024-10-03 07:00:00,117.83
2024-10-03 08:00:00,117.75999999999999
2024-10-03 09:00:00,117.57
2024-10-03 10:00:00,117.52
2024-10-03 11:00:00,117.47999999999999
2024-10-03 12:00:00,117.57
2024-10-03 13:00:00,117.46
2024-10-03 14:00:00,117.47
2024-10-03 15:00:00,117.45
2024-10-03 16:00:00,117.49
2024-10-03 17:00:00,117.52
2024-10-03 23:00:00,117.53999999999999
2024-10-04 07:00:00,117.39999999999999
2024-10-04 08:00:00,117.49
2024-10-04 09:00:00,117.39999999999999
2024-10-04 10:00:00,117.28
2024-10-04 11:00:00,117.25
2024-10-04 12:00:00,117.24
2024-10-04 13:00:00,117.0
2024-10-04 14:00:00,117.36
2024-10-04 15:00:00,117.11999999999999
2024-10-04 16:00:00,117.22
2024-10-04 17:00:00,117.2
2024-10-04 23:00:00,117.11999999999999
2024-10-07 07:00:00,117.02
2024-10-07 08:00:00,116.86999999999999
2024-10-07 09:00:00,116.75
2024-10-07 10:00:00,116.86
2024-10-07 11:00:00,116.71
2024-10-07 12:00:00,116.81
2024-10-07 13:00:00,116.81
2024-10-07 14:00:00,116.72999999999999
2024-10-07 15:00:00,116.66
2024-10-07 16:00:00,116.61999999999999
2024-10-07 17:00:00,116.74
2024-10-07 23:00:00,116.63
2024-10-08 07:00:00,116.66
2024-10-08 08:00:00,116.57
2024-10-08 09:00:00,116.55
2024-10-08 10:00:00,116.57
2024-10-08 11:00:00,116.6
2024-10-08 12:00:00,116.66
2024-10-08 13:00:00,116.64
2024-10-08 14:00:00,116.61
2024-10-08 15:00:00,116.69
2024-10-08 16:00:00,116.89
2024-10-08 17:00:00,116.88
2024-10-08 23:00:00,116.75
2024-10-09 07:00:00,116.94
2024-10-09 08:00:00,116.83999999999999
2024-10-09 09:00:00,116.81
2024-10-09 10:00:00,116.89999999999999
2024-10-09 11:00:00,116.86999999999999
2024-10-09 12:00:00,116.72999999999999
2024-10-09 13:00:00,116.67999999999999
2024-10-09 14:00:00,116.66
2024-10-09 15:00:00,116.72
2024-10-09 16:00:00,116.75999999999999
2024-10-09 17:00:00,116.61999999999999
2024-10-09 23:00:00,116.67999999999999
2024-10-10 07:00:00,116.55
2024-10-10 08:00:00,116.67
2024-10-10 09:00:00,116.66
2024-10-10 10:00:00,116.69
2024-10-10 11:00:00,116.6
2024-10-10 12:00:00,116.53999999999999
2024-10-10 13:00:00,116.66
2024-10-10 14:00:00,116.63
2024-10-10 15:00:00,116.83
2024-10-10 16:00:00,116.96
2024-10-10 17:00:00,116.83999999999999
2024-10-10 23:00:00,116.8
2024-10-11 07:00:00,116.92999999999999
2024-10-11 08:00:00,116.78
2024-10-11 09:00:00,116.66
2024-10-11 10:00:00,116.53999999999999
2024-10-11 11:00:00,116.45
2024-10-11 12:00:00,116.36
2024-10-11 13:00:00,116.42999999999999
2024-10-11 14:00:00,116.42999999999999
2024-10-11 15:00:00,116.58999999999999
2024-10-11 16:00:00,116.72
2024-10-11 17:00:00,116.83999999999999
2024-10-11 23:00:00,116.64999999999999
2024-10-14 07:00:00,116.91
2024-10-14 08:00:00,116.97
2024-10-14 09:00:00,116.83999999999999
2024-10-14 10:00:00,116.8
2024-10-14 11:00:00,116.77
2024-10-14 12:00:00,116.89
2024-10-14 13:00:00,116.81
2024-10-14 14:00:00,116.72
2024-10-14 15:00:00,116.85
2024-10-14 16:00:00,116.85
2024-10-14 17:00:00,116.83
2024-10-14 23:00:00,116.81
2024-10-15 07:00:00,117.25
2024-10-15 08:00:00,117.33999999999999
2024-10-15 09:00:00,117.25999999999999
2024-10-15 10:00:00,117.39999999999999
2024-10-15 11:00:00,117.39
2024-10-15 12:00:00,117.22
2024-10-15 13:00:00,117.47
2024-10-15 14:00:00,117.53
2024-10-15 15:00:00,117.53999999999999
2024-10-15 16:00:00,117.63
2024-10-15 17:00:00,117.61999999999999
2024-10-15 23:00:00,117.63
2024-10-16 07:00:00,117.83999999999999
2024-10-16 08:00:00,117.8
2024-10-16 09:00:00,117.83
2024-10-16 10:00:00,117.96
2024-10-16 11:00:00,117.86999999999999
2024-10-16 12:00:00,118.00999999999999
2024-10-16 13:00:00,117.96
2024-10-16 14:00:00,118.11999999999999
2024-10-16 15:00:00,118.1
2024-10-16 16:00:00,118.08
2024-10-16 17:00:00,118.11
2024-10-16 23:00:00,118.14
2024-10-17 07:00:00,117.97999999999999
2024-10-17 08:00:00,117.97999999999999
2024-10-17 09:00:00,117.92999999999999
2024-10-17 10:00:00,118.03
2024-10-17 11:00:00,118.14
2024-10-17 12:00:00,118.16
2024-10-17 13:00:00,118.17
2024-10-17 14:00:00,118.21
2024-10-17 15:00:00,118.17
2024-10-17 16:00:00,118.07
2024-10-17 17:00:00,118.11999999999999
2024-10-17 23:00:00,118.16
2024-10-18 07:00:00,117.97999999999999
2024-10-18 08:00:00,118.11999999999999
2024-10-18 09:00:00,118.25
2024-10-18 10:00:00,118.50999999999999
2024-10-18 11:00:00,118.47
2024-10-18 12:00:00,118.38
2024-10-18 13:00:00,118.47
2024-10-18 14:00:00,118.58
2024-10-18 15:00:00,118.61999999999999
2024-10-18 16:00:00,118.58999999999999
2024-10-18 17:00:00,118.64999999999999
2024-10-18 23:00:00,118.64999999999999
2024-10-21 07:00:00,118.42999999999999
2024-10-21 08:00:00,118.38
2024-10-21 09:00:00,118.17
2024-10-21 10:00:00,118.05
2024-10-21 11:00:00,117.83999999999999
2024-10-21 12:00:00,117.6
2024-10-21 13:00:00,117.52
2024-10-21 14:00:00,117.45
2024-10-21 15:00:00,117.3
2024-10-21 16:00:00,117.21
2024-10-21 17:00:00,117.14
2024-10-21 23:00:00,117.19
2024-10-22 07:00:00,116.92999999999999
2024-10-22 08:00:00,116.97
2024-10-22 09:00:00,116.83
2024-10-22 10:00:00,116.83999999999999
2024-10-22 11:00:00,116.78
2024-10-22 12:00:00,116.91
2024-10-22 13:00:00,117.03999999999999
2024-10-22 14:00:00,117.1
2024-10-22 15:00:00,116.97999999999999
2024-10-22 16:00:00,116.75
2024-10-22 17:00:00,116.85
2024-10-22 23:00:00,116.92999999999999
2024-10-23 07:00:00,116.89999999999999
2024-10-23 08:00:00,117.08999999999999
2024-10-23 09:00:00,117.03
2024-10-23 10:00:00,117.06
2024-10-23 11:00:00,117.05
2024-10-23 12:00:00,117.03999999999999
2024-10-23 13:00:00,117.03999999999999
2024-10-23 14:00:00,116.99
2024-10-23 15:00:00,117.07
2024-10-23 16:00:00,117.13
2024-10-23 17:00:00,117.1
2024-10-23 23:00:00,117.05
2024-10-24 07:00:00,117.42999999999999
2024-10-24 08:00:00,117.5
2024-10-24 09:00:00,117.44
2024-10-24 10:00:00,117.50999999999999
2024-10-24 11:00:00,117.6
2024-10-24 12:00:00,117.64999999999999
2024-10-24 13:00:00,117.61
2024-10-24 14:00:00,117.6
2024-10-24 15:00:00,117.72
2024-10-24 16:00:00,117.56
2024-10-24 17:00:00,117.61
2024-10-24 23:00:00,117.77
2024-10-25 07:00:00,117.58
2024-10-25 08:00:00,117.56
2024-10-25 09:00:00,117.44
2024-10-25 10:00:00,117.50999999999999
2024-10-25 11:00:00,117.39999999999999
2024-10-25 12:00:00,117.42999999999999
2024-10-25 13:00:00,117.39
2024-10-25 14:00:00,117.32
2024-10-25 15:00:00,117.24
2024-10-25 16:00:00,117.21
2024-10-25 17:00:00,117.13
2024-10-25 23:00:00,117.33999999999999
2024-10-28 07:00:00,116.85
2024-10-28 08:00:00,117.14
2024-10-28 09:00:00,117.24
2024-10-28 10:00:00,117.33
2024-10-28 11:00:00,117.33999999999999
2024-10-28 12:00:00,117.57
2024-10-28 13:00:00,117.56
2024-10-28 14:00:00,117.55
2024-10-28 15:00:00,117.39999999999999
2024-10-28 16:00:00,117.39999999999999
2024-10-28 17:00:00,117.41
2024-10-28 23:00:00,117.39999999999999
2024-10-29 07:00:00,117.42999999999999
2024-10-29 08:00:00,117.03999999999999
2024-10-29 09:00:00,117.03999999999999
2024-10-29 10:00:00,117.14999999999999
2024-10-29 11:00:00,116.94
2024-10-29 12:00:00,116.85
2024-10-29 13:00:00,116.92
2024-10-29 14:00:00,116.97999999999999
2024-10-29 15:00:00,116.85
2024-10-29 16:00:00,116.74
2024-10-29 17:00:00,116.88
2024-10-29 23:00:00,116.8
2024-10-30 07:00:00,116.92
2024-10-30 08:00:00,117.14
2024-10-30 09:00:00,116.66
2024-10-30 10:00:00,116.67
2024-10-30 11:00:00,116.47999999999999
2024-10-30 12:00:00,116.47
2024-10-30 13:00:00,116.78
2024-10-30 14:00:00,116.3
2024-10-30 15:00:00,116.14999999999999
2024-10-30 16:00:00,116.06
2024-10-30 17:00:00,115.97
2024-10-30 23:00:00,116.11
2024-10-31 07:00:00,115.67
2024-10-31 08:00:00,115.64
2024-10-31 09:00:00,115.7
2024-10-31 10:00:00,115.92
2024-10-31 11:00:00,115.83
2024-10-31 12:00:00,115.81
2024-10-31 13:00:00,115.5
2024-10-31 14:00:00,115.31
2024-10-31 15:00:00,115.66
2024-10-31 16:00:00,115.89
2024-10-31 17:00:00,115.95
2024-10-31 23:00:00,115.82
2024-11-01 07:00:00,115.71
2024-11-01 08:00:00,115.64999999999999
2024-11-01 09:00:00,115.47999999999999
2024-11-01 10:00:00,115.57
2024-11-01 11:00:00,115.8
2024-11-01 12:00:00,116.00999999999999
2024-11-01 13:00:00,115.88
2024-11-01 14:00:00,115.78
2024-11-01 15:00:00,115.69
2024-11-01 16:00:00,115.61
2024-11-01 17:00:00,115.61
2024-11-01 23:00:00,115.66
2024-11-04 07:00:00,115.75
2024-11-04 08:00:00,115.64999999999999
2024-11-04 09:00:00,115.61999999999999
2024-11-04 10:00:00,115.67999999999999
2024-11-04 11:00:00,115.78999999999999
2024-11-04 12:00:00,115.74
2024-11-04 13:00:00,115.75
2024-11-04 14:00:00,115.7
2024-11-04 15:00:00,115.75
2024-11-04 16:00:00,115.7
2024-11-04 17:00:00,115.61999999999999
2024-11-04 23:00:00,115.77
2024-11-05 07:00:00,115.57
2024-11-05 08:00:00,115.55
2024-11-05 09:00:00,115.45
2024-11-05 10:00:00,115.25999999999999
2024-11-05 11:00:00,115.28999999999999
2024-11-05 12:00:00,115.35
2024-11-05 13:00:00,115.50999999999999
2024-11-05 14:00:00,115.72999999999999
2024-11-05 15:00:00,115.7
2024-11-05 16:00:00,115.61
2024-11-05 17:00:00,115.7
2024-11-05 23:00:00,115.6
2024-11-06 07:00:00,116.02
2024-11-06 08:00:00,116.08
2024-11-06 09:00:00,115.96
2024-11-06 10:00:00,115.96
2024-11-06 11:00:00,115.58
2024-11-06 12:00:00,115.38
2024-11-06 13:00:00,115.25999999999999
2024-11-06 14:00:00,115.05
2024-11-06 15:00:00,115.22
2024-11-06 16:00:00,115.1
2024-11-06 17:00:00,115.19
2024-11-06 23:00:00,115.2
2024-11-07 07:00:00,115.07
2024-11-07 08:00:00,114.8
2024-11-07 09:00:00,114.46
2024-11-07 10:00:00,114.33
2024-11-07 11:00:00,114.28999999999999
2024-11-07 12:00:00,114.57
2024-11-07 13:00:00,114.61999999999999
2024-11-07 14:00:00,115.00999999999999
2024-11-07 15:00:00,115.24
2024-11-07 16:00:00,115.08999999999999
2024-11-07 17:00:00,115.27
2024-11-07 23:00:00,115.13
2024-11-08 07:00:00,115.53
2024-11-08 08:00:00,115.69
2024-11-08 09:00:00,115.50999999999999
2024-11-08 10:00:00,115.47
2024-11-08 11:00:00,115.36999999999999
2024-11-08 12:00:00,115.66
2024-11-08 13:00:00,115.49
2024-11-08 14:00:00,115.58999999999999
2024-11-08 15:00:00,115.71
2024-11-08 16:00:00,115.7
2024-11-08 17:00:00,115.81
2024-11-08 23:00:00,115.74
2024-11-11 07:00:00,116.03999999999999
2024-11-11 08:00:00,116.02
2024-11-11 09:00:00,116.22
2024-11-11 10:00:00,116.03999999999999
2024-11-11 11:00:00,116.08999999999999
2024-11-11 12:00:00,116.02
2024-11-11 13:00:00,116.2
2024-11-11 14:00:00,116.13
2024-11-11 15:00:00,116.3
2024-11-11 16:00:00,116.25999999999999
2024-11-11 17:00:00,116.17
2024-11-11 23:00:00,116.33
2024-11-12 07:00:00,116.06
2024-11-12 08:00:00,116.14
2024-11-12 09:00:00,116.16
2024-11-12 10:00:00,116.35
2024-11-12 11:00:00,116.46
2024-11-12 12:00:00,116.42
2024-11-12 13:00:00,116.19
2024-11-12 14:00:00,116.27
2024-11-12 15:00:00,116.0
2024-11-12 16:00:00,115.83999999999999
2024-11-12 17:00:00,115.53
2024-11-12 23:00:00,116.02
2024-11-13 07:00:00,115.53999999999999
2024-11-13 08:00:00,115.83
2024-11-13 09:00:00,115.78
2024-11-13 10:00:00,115.72
2024-11-13 11:00:00,115.72999999999999
2024-11-13 12:00:00,115.67
2024-11-13 13:00:00,116.06
2024-11-13 14:00:00,115.94
2024-11-13 15:00:00,115.96
2024-11-13 16:00:00,115.92999999999999
2024-11-13 17:00:00,115.7
2024-11-13 23:00:00,115.92999999999999
2024-11-14 07:00:00,115.86999999999999
2024-11-14 08:00:00,116.06
2024-11-14 09:00:00,116.1
2024-11-14 10:00:00,116.24
2024-11-14 11:00:00,116.2
2024-11-14 12:00:00,116.17
2024-11-14 13:00:00,116.28
2024-11-14 14:00:00,116.42
2024-11-14 15:00:00,116.47999999999999
2024-11-14 16:00:00,116.71
2024-11-14 17:00:00,116.75
2024-11-14 23:00:00,116.53
2024-11-15 07:00:00,116.53
2024-11-15 08:00:00,116.66
2024-11-15 09:00:00,116.89999999999999
2024-11-15 10:00:00,116.85
2024-11-15 11:00:00,116.74
2024-11-15 12:00:00,116.8
2024-11-15 13:00:00,116.88
2024-11-15 14:00:00,116.53
2024-11-15 15:00:00,116.72999999999999
2024-11-15 16:00:00,116.63
2024-11-15 17:00:00,116.72
2024-11-15 23:00:00,116.74
2024-11-18 07:00:00,116.61999999999999
2024-11-18 08:00:00,116.36999999999999
2024-11-18 09:00:00,116.19
2024-11-18 10:00:00,116.22
2024-11-18 11:00:00,116.19
2024-11-18 12:00:00,116.08999999999999
2024-11-18 13:00:00,116.08
2024-11-18 14:00:00,116.22999999999999
2024-11-18 15:00:00,116.32
2024-11-18 16:00:00,116.5
2024-11-18 17:00:00,116.58
2024-11-18 23:00:00,116.5
2024-11-19 07:00:00,116.83
2024-11-19 08:00:00,116.88
2024-11-19 09:00:00,116.94
2024-11-19 10:00:00,116.78
2024-11-19 11:00:00,116.66
2024-11-19 12:00:00,116.69
2024-11-19 13:00:00,116.69
2024-11-19 14:00:00,116.47999999999999
2024-11-19 15:00:00,116.64999999999999
2024-11-19 16:00:00,116.64999999999999
2024-11-19 17:00:00,116.63
2024-11-19 23:00:00,116.72
2024-11-20 07:00:00,116.5
2024-11-20 08:00:00,116.52
2024-11-20 09:00:00,116.39999999999999
2024-11-20 10:00:00,116.35
2024-11-20 11:00:00,116.25999999999999
2024-11-20 12:00:00,116.24
2024-11-20 13:00:00,116.14999999999999
2024-11-20 14:00:00,116.3
2024-11-20 15:00:00,116.44
2024-11-20 16:00:00,116.44
2024-11-20 17:00:00,116.47
2024-11-20 23:00:00,116.41
2024-11-21 07:00:00,116.2
2024-11-21 08:00:00,116.22999999999999
2024-11-21 09:00:00,116.45
2024-11-21 10:00:00,116.44
2024-11-21 11:00:00,116.42999999999999
2024-11-21 12:00:00,116.53999999999999
2024-11-21 13:00:00,116.64999999999999
2024-11-21 14:00:00,116.66
2024-11-21 15:00:00,116.64999999999999
2024-11-21 16:00:00,116.56
2024-11-21 17:00:00,116.64
2024-11-21 23:00:00,116.64
2024-11-22 07:00:00,116.5
2024-11-22 08:00:00,117.08
2024-11-22 09:00:00,117.24
2024-11-22 10:00:00,117.11
2024-11-22 11:00:00,117.24
2024-11-22 12:00:00,117.28
2024-11-22 13:00:00,117.19
2024-11-22 14:00:00,117.05
2024-11-22 15:00:00,116.99
2024-11-22 16:00:00,117.21
2024-11-22 17:00:00,117.16
2024-11-22 23:00:00,117.14
2024-11-25 07:00:00,117.25
2024-11-25 08:00:00,117.25999999999999
2024-11-25 09:00:00,116.99
2024-11-25 10:00:00,116.99
2024-11-25 11:00:00,117.02
2024-11-25 12:00:00,117.25
2024-11-25 13:00:00,117.45
2024-11-25 14:00:00,117.61
2024-11-25 15:00:00,117.61999999999999
2024-11-25 16:00:00,117.44
2024-11-25 17:00:00,117.41
2024-11-25 23:00:00,117.56
2024-11-26 07:00:00,117.36
2024-11-26 08:00:00,117.46
2024-11-26 09:00:00,117.47
2024-11-26 10:00:00,117.52
2024-11-26 11:00:00,117.66
2024-11-26 12:00:00,117.74
2024-11-26 13:00:00,117.67999999999999
2024-11-26 14:00:00,117.64
2024-11-26 15:00:00,117.58
2024-11-26 16:00:00,117.5
2024-11-26 17:00:00,117.57
2024-11-26 23:00:00,117.56
2024-11-27 07:00:00,117.78
2024-11-27 08:00:00,117.56
2024-11-27 09:00:00,117.78999999999999
2024-11-27 10:00:00,117.86
2024-11-27 11:00:00,117.74
2024-11-27 12:00:00,117.86
2024-11-27 13:00:00,117.83
2024-11-27 14:00:00,117.88
2024-11-27 15:00:00,117.94
2024-11-27 16:00:00,117.97
2024-11-27 17:00:00,118.07
2024-11-27 17:00:01,118.07
2024-11-27 23:00:00,117.92
2024-11-28 07:00:00,118.13
2024-11-28 08:00:00,118.21
2024-11-28 09:00:00,118.05
2024-11-28 10:00:00,118.17
2024-11-28 11:00:00,118.32
2024-11-28 12:00:00,118.33
2024-11-28 13:00:00,118.44
2024-11-28 14:00:00,118.51
2024-11-28 15:00:00,118.47
2024-11-28 16:00:00,118.55
2024-11-28 17:00:00,118.55
2024-11-28 23:00:00,118.54
2024-11-29 07:00:00,118.65
2024-11-29 08:00:00,118.71
2024-11-29 09:00:00,118.86
2024-11-29 10:00:00,118.78
2024-11-29 11:00:00,118.94
2024-11-29 12:00:00,118.85
2024-11-29 13:00:00,118.9
2024-11-29 14:00:00,118.97
2024-11-29 15:00:00,118.99
2024-11-29 16:00:00,119.22
2024-11-29 17:00:00,119.21
2024-11-29 23:00:00,119.11
2024-12-02 07:00:00,119.14
2024-12-02 08:00:00,119.46
2024-12-02 09:00:00,119.38
2024-12-02 10:00:00,119.46
2024-12-02 11:00:00,119.58
2024-12-02 12:00:00,119.62
2024-12-02 13:00:00,119.42
2024-12-02 14:00:00,119.28
2024-12-02 15:00:00,119.27
2024-12-02 16:00:00,119.31
2024-12-02 17:00:00,119.38
2024-12-02 23:00:00,119.31
2024-12-03 07:00:00,119.36
2024-12-03 08:00:00,119.34
2024-12-03 09:00:00,119.32
2024-12-03 10:00:00,119.27
2024-12-03 11:00:00,119.46
2024-12-03 12:00:00,119.39
2024-12-03 13:00:00,119.59
2024-12-03 14:00:00,119.49
2024-12-03 15:00:00,119.36
2024-12-03 16:00:00,119.5
2024-12-03 17:00:00,119.57
2024-12-03 23:00:00,119.41
2024-12-04 07:00:00,119.32
2024-12-04 08:00:00,119.42999999999999
2024-12-04 09:00:00,119.37
2024-12-04 10:00:00,119.3
2024-12-04 11:00:00,119.37
2024-12-04 12:00:00,119.29
2024-12-04 13:00:00,119.27
2024-12-04 14:00:00,119.5
2024-12-04 15:00:00,119.71
2024-12-04 16:00:00,119.74
2024-12-04 17:00:00,119.79
2024-12-04 23:00:00,119.74
2024-12-05 07:00:00,119.78
2024-12-05 08:00:00,119.76
2024-12-05 09:00:00,119.78
2024-12-05 10:00:00,120.04
2024-12-05 11:00:00,120.1
2024-12-05 12:00:00,119.91
2024-12-05 13:00:00,119.92
2024-12-05 14:00:00,119.81
2024-12-05 15:00:00,119.87
2024-12-05 16:00:00,119.86
2024-12-05 17:00:00,119.92
2024-12-05 23:00:00,119.82
2024-12-06 07:00:00,119.82
2024-12-06 08:00:00,119.99
2024-12-06 09:00:00,120.03
2024-12-06 10:00:00,119.87
2024-12-06 11:00:00,119.86
2024-12-06 12:00:00,119.88
2024-12-06 13:00:00,119.92999999999999
2024-12-06 14:00:00,119.98
2024-12-06 15:00:00,119.77
2024-12-06 16:00:00,119.86
2024-12-06 17:00:00,119.88
2024-12-06 23:00:00,119.76
2024-12-09 07:00:00,120.06
2024-12-09 08:00:00,119.92
2024-12-09 09:00:00,119.98
2024-12-09 10:00:00,119.79
2024-12-09 11:00:00,119.92
2024-12-09 12:00:00,119.97
2024-12-09 13:00:00,120.1
2024-12-09 14:00:00,120.0
2024-12-09 15:00:00,119.98
2024-12-09 16:00:00,119.85
2024-12-09 17:00:00,119.81
2024-12-09 23:00:00,119.85
2024-12-10 07:00:00,119.62
2024-12-10 08:00:00,119.71
2024-12-10 09:00:00,119.79
2024-12-10 10:00:00,119.86
2024-12-10 11:00:00,119.8
2024-12-10 12:00:00,119.79
2024-12-10 13:00:00,119.82
2024-12-10 14:00:00,119.88
2024-12-10 15:00:00,119.7
2024-12-10 16:00:00,119.74
2024-12-10 17:00:00,119.73
2024-12-10 23:00:00,119.72
2024-12-11 07:00:00,119.86
2024-12-11 08:00:00,119.89
2024-12-11 09:00:00,119.77
2024-12-11 10:00:00,119.92999999999999
2024-12-11 11:00:00,119.71
2024-12-11 12:00:00,119.74
2024-12-11 13:00:00,119.95
2024-12-11 14:00:00,120.01
2024-12-11 15:00:00,119.84
2024-12-11 16:00:00,119.9
2024-12-11 17:00:00,119.8
2024-12-11 23:00:00,119.88
2024-12-12 07:00:00,119.5
2024-12-12 08:00:00,119.6
2024-12-12 09:00:00,119.4
2024-12-12 10:00:00,119.44
2024-12-12 11:00:00,119.48
2024-12-12 12:00:00,119.49
2024-12-12 13:00:00,119.67
2024-12-12 14:00:00,118.98
2024-12-12 15:00:00,118.86
2024-12-12 16:00:00,118.46
2024-12-12 17:00:00,118.59
2024-12-12 23:00:00,118.9
2024-12-13 07:00:00,118.72
2024-12-13 08:00:00,118.54
2024-12-13 09:00:00,118.39
2024-12-13 10:00:00,118.48
2024-12-13 11:00:00,118.34
2024-12-13 12:00:00,118.36
2024-12-13 13:00:00,118.6
2024-12-13 14:00:00,118.42
2024-12-13 15:00:00,118.24
2024-12-13 16:00:00,118.08
2024-12-13 17:00:00,117.98
2024-12-13 23:00:00,118.19
2024-12-16 07:00:00,118.22
2024-12-16 08:00:00,118.08
2024-12-16 09:00:00,118.15
2024-12-16 10:00:00,118.13
2024-12-16 11:00:00,118.22
2024-12-16 12:00:00,118.19
2024-12-16 13:00:00,118.25
2024-12-16 14:00:00,118.17
2024-12-16 15:00:00,118.14
2024-12-16 16:00:00,118.0
2024-12-16 17:00:00,117.99
2024-12-16 23:00:00,118.16
2024-12-17 07:00:00,117.85
2024-12-17 08:00:00,118.02
2024-12-17 09:00:00,118.01
2024-12-17 10:00:00,117.94
2024-12-17 11:00:00,117.91
2024-12-17 12:00:00,117.9
2024-12-17 13:00:00,118.02
2024-12-17 14:00:00,118.19
2024-12-17 15:00:00,118.25
2024-12-17 16:00:00,118.12
2024-12-17 17:00:00,118.12
2024-12-17 23:00:00,118.2
2024-12-18 07:00:00,118.03
2024-12-18 08:00:00,118.01
2024-12-18 09:00:00,117.85
2024-12-18 10:00:00,117.89
2024-12-18 11:00:00,117.94
2024-12-18 12:00:00,117.86
2024-12-18 13:00:00,117.89
2024-12-18 14:00:00,117.98
2024-12-18 15:00:00,117.98
2024-12-18 16:00:00,117.92999999999999
2024-12-18 17:00:00,118.03
2024-12-18 23:00:00,117.95
2024-12-19 07:00:00,117.31
2024-12-19 08:00:00,117.45
2024-12-19 09:00:00,117.4
2024-12-19 10:00:00,117.31
2024-12-19 11:00:00,117.35
2024-12-19 12:00:00,117.46
2024-12-19 13:00:00,117.27
2024-12-19 14:00:00,117.25
2024-12-19 15:00:00,117.39
2024-12-19 16:00:00,117.28
2024-12-19 17:00:00,117.13
2024-12-19 23:00:00,117.34
2024-12-20 07:00:00,117.31
2024-12-20 08:00:00,117.17999999999999
2024-12-20 09:00:00,117.31
2024-12-20 10:00:00,117.26
2024-12-20 11:00:00,117.17999999999999
2024-12-20 12:00:00,117.27
2024-12-20 13:00:00,117.45
2024-12-20 14:00:00,117.5
2024-12-20 15:00:00,117.53
2024-12-20 16:00:00,117.54
2024-12-20 17:00:00,117.39
2024-12-20 23:00:00,117.47
2024-12-23 07:00:00,117.07
2024-12-23 08:00:00,117.17
2024-12-23 09:00:00,117.27
2024-12-23 10:00:00,117.33
2024-12-23 11:00:00,117.32
2024-12-23 12:00:00,117.21
2024-12-23 13:00:00,117.03
2024-12-23 14:00:00,117.06
2024-12-23 15:00:00,117.09
2024-12-23 16:00:00,117.1
2024-12-23 17:00:00,117.02
2024-12-23 23:00:00,117.02
2024-12-27 07:00:00,116.76
2024-12-27 08:00:00,116.53
2024-12-27 09:00:00,116.3
2024-12-27 10:00:00,116.36
2024-12-27 11:00:00,116.45
2024-12-27 12:00:00,116.73
2024-12-27 13:00:00,116.73
2024-12-27 14:00:00,116.84
2024-12-27 15:00:00,116.79
2024-12-27 16:00:00,116.58
2024-12-27 17:00:00,116.55
2024-12-27 23:00:00,116.71
2024-12-30 07:00:00,116.67999999999999
2024-12-30 08:00:00,116.74
2024-12-30 09:00:00,116.65
2024-12-30 10:00:00,116.67
2024-12-30 11:00:00,116.79
2024-12-30 12:00:00,116.75
2024-12-30 13:00:00,116.81
2024-12-30 14:00:00,116.75
2024-12-30 15:00:00,116.82
2024-12-30 16:00:00,116.79
2024-12-30 17:00:00,116.76
2024-12-30 23:00:00,116.84
2025-01-02 07:00:00,116.81
2025-01-02 08:00:00,116.79
2025-01-02 09:00:00,116.89
2025-01-02 10:00:00,117.29
2025-01-02 11:00:00,117.15
2025-01-02 12:00:00,117.29
2025-01-02 13:00:00,117.03
2025-01-02 14:00:00,116.98
2025-01-02 15:00:00,116.95
2025-01-02 16:00:00,116.66
2025-01-02 17:00:00,116.7
2025-01-02 23:00:00,116.87
2025-01-03 07:00:00,116.96
2025-01-03 08:00:00,116.81
2025-01-03 09:00:00,116.67
2025-01-03 10:00:00,116.54
2025-01-03 11:00:00,116.57
2025-01-03 12:00:00,116.64
2025-01-03 13:00:00,116.65
2025-01-03 14:00:00,116.41
2025-01-03 15:00:00,116.27
2025-01-03 16:00:00,116.26
2025-01-03 17:00:00,116.21
2025-01-03 23:00:00,116.25
2025-01-06 07:00:00,116.17
2025-01-06 08:00:00,116.26
2025-01-06 09:00:00,116.28
2025-01-06 10:00:00,116.29
2025-01-06 11:00:00,116.49
2025-01-06 12:00:00,116.37
2025-01-06 13:00:00,116.33
2025-01-06 14:00:00,116.29
2025-01-06 15:00:00,116.33
2025-01-06 16:00:00,116.42
2025-01-06 17:00:00,116.47
2025-01-06 23:00:00,116.35
2025-01-07 07:00:00,116.44
2025-01-07 08:00:00,116.39
2025-01-07 09:00:00,116.2
2025-01-07 10:00:00,116.21
2025-01-07 11:00:00,116.17
2025-01-07 12:00:00,116.26
2025-01-07 13:00:00,116.19
2025-01-07 14:00:00,116.22
2025-01-07 15:00:00,116.0
2025-01-07 16:00:00,115.92999999999999
2025-01-07 17:00:00,115.98
2025-01-07 23:00:00,115.94
2025-01-08 07:00:00,115.96
2025-01-08 08:00:00,115.99
2025-01-08 09:00:00,116.04
2025-01-08 10:00:00,115.95
2025-01-08 11:00:00,115.7
2025-01-08 12:00:00,115.6
2025-01-08 13:00:00,115.63
2025-01-08 14:00:00,115.62
2025-01-08 15:00:00,115.67999999999999
2025-01-08 16:00:00,115.52
2025-01-08 17:00:00,115.41
2025-01-08 23:00:00,115.64
2025-01-09 07:00:00,115.21
2025-01-09 08:00:00,115.39
2025-01-09 09:00:00,115.25
2025-01-09 10:00:00,115.33
2025-01-09 11:00:00,115.36
2025-01-09 12:00:00,115.5
2025-01-09 13:00:00,115.46
2025-01-09 14:00:00,115.42999999999999
2025-01-09 15:00:00,115.4
2025-01-09 16:00:00,115.23
2025-01-09 17:00:00,115.22
2025-01-09 23:00:00,115.38
2025-01-10 07:00:00,115.02
2025-01-10 08:00:00,115.04
2025-01-10 09:00:00,115.1
2025-01-10 10:00:00,115.08
2025-01-10 11:00:00,115.01
2025-01-10 12:00:00,115.06
2025-01-10 13:00:00,114.86
2025-01-10 14:00:00,114.94
2025-01-10 15:00:00,114.84
2025-01-10 16:00:00,114.76
2025-01-10 17:00:00,114.8
2025-01-10 23:00:00,114.75
2025-01-13 07:00:00,114.41
2025-01-13 08:00:00,114.15
2025-01-13 09:00:00,114.12
2025-01-13 10:00:00,114.13
2025-01-13 11:00:00,114.1
2025-01-13 12:00:00,114.25
2025-01-13 13:00:00,114.24
2025-01-13 14:00:00,114.38
2025-01-13 15:00:00,114.36
2025-01-13 16:00:00,114.29
2025-01-13 17:00:00,114.47
2025-01-13 23:00:00,114.33
2025-01-14 07:00:00,114.63
2025-01-14 08:00:00,114.53
2025-01-14 09:00:00,114.44
2025-01-14 10:00:00,114.44
2025-01-14 11:00:00,114.35
2025-01-14 12:00:00,114.38
2025-01-14 13:00:00,114.35
2025-01-14 14:00:00,114.23
2025-01-14 15:00:00,114.17
2025-01-14 16:00:00,114.15
2025-01-14 17:00:00,114.08
2025-01-14 23:00:00,114.17999999999999
2025-01-15 07:00:00,114.45
2025-01-15 08:00:00,114.36
2025-01-15 09:00:00,114.49
2025-01-15 10:00:00,114.53
2025-01-15 11:00:00,114.63
2025-01-15 12:00:00,114.71
2025-01-15 13:00:00,115.32
2025-01-15 14:00:00,115.51
2025-01-15 15:00:00,115.53
2025-01-15 16:00:00,115.4
2025-01-15 17:00:00,115.46
2025-01-15 23:00:00,115.5
2025-01-16 07:00:00,115.42
2025-01-16 08:00:00,115.27
2025-01-16 09:00:00,115.33
2025-01-16 10:00:00,115.37
2025-01-16 11:00:00,115.34
2025-01-16 12:00:00,115.26
2025-01-16 13:00:00,115.24
2025-01-16 14:00:00,115.35
2025-01-16 15:00:00,115.63
2025-01-16 16:00:00,115.75
2025-01-16 17:00:00,115.77
2025-01-16 23:00:00,115.73
2025-01-17 07:00:00,115.96
2025-01-17 08:00:00,115.96
2025-01-17 09:00:00,116.07
2025-01-17 10:00:00,116.05
2025-01-17 11:00:00,116.15
2025-01-17 12:00:00,116.14
2025-01-17 13:00:00,116.05
2025-01-17 14:00:00,115.98
2025-01-17 15:00:00,115.97
2025-01-17 16:00:00,115.82
2025-01-17 17:00:00,115.88
2025-01-17 23:00:00,115.92999999999999
2025-01-20 07:00:00,115.97
2025-01-20 08:00:00,115.9
2025-01-20 09:00:00,115.85
2025-01-20 10:00:00,115.75
2025-01-20 11:00:00,115.69
2025-01-20 12:00:00,115.71
2025-01-20 13:00:00,115.92999999999999
2025-01-20 14:00:00,116.06
2025-01-20 15:00:00,116.09
2025-01-20 16:00:00,116.06
2025-01-20 17:00:00,116.06
2025-01-20 23:00:00,116.1
2025-01-21 07:00:00,116.16
2025-01-21 08:00:00,116.13
2025-01-21 09:00:00,116.14
2025-01-21 10:00:00,116.06
2025-01-21 11:00:00,115.96
2025-01-21 12:00:00,116.02
2025-01-21 13:00:00,116.26
2025-01-21 14:00:00,116.17999999999999
2025-01-21 15:00:00,116.33
2025-01-21 16:00:00,116.31
2025-01-21 17:00:00,116.3
2025-01-21 23:00:00,116.31
2025-01-22 07:00:00,116.36
2025-01-22 08:00:00,116.47
2025-01-22 09:00:00,116.45
2025-01-22 10:00:00,116.39
2025-01-22 11:00:00,116.37
2025-01-22 12:00:00,116.53
2025-01-22 13:00:00,116.51
2025-01-22 14:00:00,116.34
2025-01-22 15:00:00,116.28
2025-01-22 16:00:00,116.2
2025-01-22 17:00:00,116.2
2025-01-22 23:00:00,116.31
2025-01-23 07:00:00,116.25
2025-01-23 08:00:00,116.1
2025-01-23 09:00:00,116.11
2025-01-23 10:00:00,116.04
2025-01-23 11:00:00,115.99
2025-01-23 12:00:00,115.95
2025-01-23 13:00:00,115.99
2025-01-23 14:00:00,115.77
2025-01-23 15:00:00,115.82
2025-01-23 16:00:00,115.82
2025-01-23 17:00:00,115.91
2025-01-23 23:00:00,115.86
2025-01-24 07:00:00,115.98
2025-01-24 08:00:00,115.84
2025-01-24 09:00:00,115.79
2025-01-24 10:00:00,115.75
2025-01-24 11:00:00,115.65
2025-01-24 12:00:00,115.58
2025-01-24 13:00:00,115.66
2025-01-24 14:00:00,115.57
2025-01-24 15:00:00,115.79
2025-01-24 16:00:00,115.76
2025-01-24 17:00:00,115.75
2025-01-24 23:00:00,115.72
2025-01-27 07:00:00,115.98
2025-01-27 08:00:00,116.06
2025-01-27 09:00:00,116.02
2025-01-27 10:00:00,116.1
2025-01-27 11:00:00,116.17999999999999
2025-01-27 12:00:00,116.11
2025-01-27 13:00:00,116.0
2025-01-27 14:00:00,115.92999999999999
2025-01-27 15:00:00,115.92
2025-01-27 16:00:00,115.98
2025-01-27 17:00:00,115.91
2025-01-27 23:00:00,115.92999999999999
2025-01-28 07:00:00,115.89
2025-01-28 08:00:00,115.89
2025-01-28 09:00:00,115.88
2025-01-28 10:00:00,115.97
2025-01-28 11:00:00,115.95
2025-01-28 12:00:00,115.99
2025-01-28 13:00:00,116.04
2025-01-28 14:00:00,115.98
2025-01-28 15:00:00,115.98
2025-01-28 16:00:00,115.76
2025-01-28 17:00:00,115.89
2025-01-28 23:00:00,115.88
2025-01-29 07:00:00,116.14
2025-01-29 08:00:00,116.16
2025-01-29 09:00:00,116.19
2025-01-29 10:00:00,116.17
2025-01-29 11:00:00,116.02
2025-01-29 12:00:00,116.04
2025-01-29 13:00:00,116.04
2025-01-29 14:00:00,116.04
2025-01-29 15:00:00,115.81
2025-01-29 16:00:00,115.7
2025-01-29 17:00:00,115.7
2025-01-29 23:00:00,115.83
2025-01-30 07:00:00,115.98
2025-01-30 08:00:00,116.02
2025-01-30 09:00:00,116.14
2025-01-30 10:00:00,116.3
2025-01-30 11:00:00,116.28
2025-01-30 12:00:00,116.22
2025-01-30 13:00:00,116.38
2025-01-30 14:00:00,116.4
2025-01-30 15:00:00,116.25
2025-01-30 16:00:00,116.26
2025-01-30 17:00:00,116.24
2025-01-30 23:00:00,116.27
2025-01-31 07:00:00,116.33
2025-01-31 08:00:00,116.19
2025-01-31 09:00:00,116.59
2025-01-31 10:00:00,116.54
2025-01-31 11:00:00,116.55
2025-01-31 12:00:00,116.59
2025-01-31 13:00:00,116.6
2025-01-31 14:00:00,116.71
2025-01-31 15:00:00,116.67999999999999
2025-01-31 16:00:00,116.67
2025-01-31 17:00:00,116.72
2025-01-31 23:00:00,116.7
2025-02-03 07:00:00,116.63
2025-02-03 08:00:00,116.88
2025-02-03 09:00:00,116.96
2025-02-03 10:00:00,116.79
2025-02-03 11:00:00,116.89
2025-02-03 12:00:00,117.1
2025-02-03 13:00:00,116.94
2025-02-03 14:00:00,117.21
2025-02-03 15:00:00,117.0
2025-02-03 16:00:00,117.13
2025-02-03 17:00:00,117.08
2025-02-03 23:00:00,117.2
2025-02-04 07:00:00,116.9
2025-02-04 08:00:00,116.87
2025-02-04 09:00:00,116.83
2025-02-04 10:00:00,116.92999999999999
2025-02-04 11:00:00,116.92
2025-02-04 12:00:00,116.9
2025-02-04 13:00:00,116.79
2025-02-04 14:00:00,116.98
2025-02-04 15:00:00,117.03
2025-02-04 16:00:00,117.17
2025-02-04 17:00:00,117.24
2025-02-04 23:00:00,117.12
2025-02-05 07:00:00,117.42
2025-02-05 08:00:00,117.44
2025-02-05 09:00:00,117.54
2025-02-05 10:00:00,117.53
2025-02-05 11:00:00,117.56
2025-02-05 12:00:00,117.74
2025-02-05 13:00:00,117.6
2025-02-05 14:00:00,117.55
2025-02-05 15:00:00,117.64
2025-02-05 16:00:00,117.56
2025-02-05 17:00:00,117.56
2025-02-05 23:00:00,117.61
2025-02-06 07:00:00,117.47
2025-02-06 08:00:00,117.32
2025-02-06 09:00:00,117.42999999999999
2025-02-06 10:00:00,117.55
2025-02-06 11:00:00,117.64
2025-02-06 12:00:00,117.54
2025-02-06 13:00:00,117.69
2025-02-06 14:00:00,117.67
2025-02-06 15:00:00,117.71
2025-02-06 16:00:00,117.6
2025-02-06 17:00:00,117.64
2025-02-06 23:00:00,117.67
2025-02-07 07:00:00,117.65
2025-02-07 08:00:00,117.7
2025-02-07 09:00:00,117.72
2025-02-07 10:00:00,117.63
2025-02-07 11:00:00,117.7
2025-02-07 12:00:00,117.61
2025-02-07 13:00:00,117.41
2025-02-07 14:00:00,117.38
2025-02-07 15:00:00,117.34
2025-02-07 16:00:00,117.42999999999999
2025-02-07 17:00:00,117.46
2025-02-07 23:00:00,117.36
2025-02-10 07:00:00,117.49
2025-02-10 08:00:00,117.49
2025-02-10 09:00:00,117.51
2025-02-10 10:00:00,117.47
2025-02-10 11:00:00,117.44
2025-02-10 12:00:00,117.46
2025-02-10 13:00:00,117.52
2025-02-10 14:00:00,117.59
2025-02-10 15:00:00,117.62
2025-02-10 16:00:00,117.55
2025-02-10 17:00:00,117.59
2025-02-10 23:00:00,117.59
2025-02-11 07:00:00,117.33
2025-02-11 08:00:00,117.3
2025-02-11 09:00:00,117.22
2025-02-11 10:00:00,117.11
2025-02-11 11:00:00,117.07
2025-02-11 12:00:00,117.07
2025-02-11 13:00:00,116.97
2025-02-11 14:00:00,116.88
2025-02-11 15:00:00,116.8
2025-02-11 16:00:00,116.89
2025-02-11 17:00:00,116.85
2025-02-11 23:00:00,116.83
2025-02-12 07:00:00,116.83
2025-02-12 08:00:00,116.9
2025-02-12 09:00:00,116.83
2025-02-12 10:00:00,116.86
2025-02-12 11:00:00,116.9
2025-02-12 12:00:00,116.95
2025-02-12 13:00:00,116.64
2025-02-12 14:00:00,116.56
2025-02-12 15:00:00,116.54
2025-02-12 16:00:00,116.61
2025-02-12 17:00:00,116.74
2025-02-12 23:00:00,116.55
2025-02-13 07:00:00,116.7
2025-02-13 08:00:00,116.85
2025-02-13 09:00:00,116.86
2025-02-13 10:00:00,117.08
2025-02-13 11:00:00,117.17
2025-02-13 12:00:00,117.19
2025-02-13 13:00:00,117.22
2025-02-13 14:00:00,117.23
2025-02-13 15:00:00,117.3
2025-02-13 16:00:00,117.22
2025-02-13 17:00:00,117.21
2025-02-13 23:00:00,117.28
2025-02-14 07:00:00,117.17999999999999
2025-02-14 08:00:00,116.99
2025-02-14 09:00:00,117.15
2025-02-14 10:00:00,117.14
2025-02-14 11:00:00,117.01
2025-02-14 12:00:00,116.96
2025-02-14 13:00:00,117.16
2025-02-14 14:00:00,117.02
2025-02-14 15:00:00,117.0
2025-02-14 16:00:00,116.94
2025-02-14 17:00:00,116.88
2025-02-14 23:00:00,117.03
2025-02-17 07:00:00,116.4
2025-02-17 08:00:00,116.5
2025-02-17 09:00:00,116.58
2025-02-17 10:00:00,116.62
2025-02-17 11:00:00,116.64
2025-02-17 12:00:00,116.64
2025-02-17 13:00:00,116.69
2025-02-17 14:00:00,116.74
2025-02-17 15:00:00,116.79
2025-02-17 16:00:00,116.73
2025-02-17 17:00:00,116.73
2025-02-17 23:00:00,116.8
2025-02-18 07:00:00,116.6
2025-02-18 08:00:00,116.67
2025-02-18 09:00:00,116.64
2025-02-18 10:00:00,116.75
2025-02-18 11:00:00,116.71
2025-02-18 12:00:00,116.81
2025-02-18 13:00:00,116.79
2025-02-18 14:00:00,116.78
2025-02-18 15:00:00,116.76
2025-02-18 16:00:00,116.74
2025-02-18 17:00:00,116.69
2025-02-18 23:00:00,116.77
2025-02-19 07:00:00,116.59
2025-02-19 08:00:00,116.49
2025-02-19 09:00:00,116.44
2025-02-19 10:00:00,116.27
2025-02-19 11:00:00,116.09
2025-02-19 12:00:00,116.0
2025-02-19 13:00:00,115.97
2025-02-19 14:00:00,115.98
2025-02-19 15:00:00,116.03
2025-02-19 16:00:00,115.92
2025-02-19 17:00:00,115.84
2025-02-19 23:00:00,116.03
2025-02-20 07:00:00,116.03
2025-02-20 08:00:00,116.04
2025-02-20 09:00:00,116.16
2025-02-20 10:00:00,116.03
2025-02-20 11:00:00,116.01
2025-02-20 12:00:00,116.19
2025-02-20 13:00:00,116.07
2025-02-20 14:00:00,116.17
2025-02-20 15:00:00,116.15
2025-02-20 16:00:00,116.14
2025-02-20 17:00:00,116.19
2025-02-20 23:00:00,116.16
2025-02-21 07:00:00,116.26
2025-02-21 08:00:00,116.45
2025-02-21 09:00:00,116.47
2025-02-21 10:00:00,116.55
2025-02-21 11:00:00,116.53
2025-02-21 12:00:00,116.56
2025-02-21 13:00:00,116.48
2025-02-21 14:00:00,116.67999999999999
2025-02-21 15:00:00,116.69
2025-02-21 16:00:00,116.69
2025-02-21 17:00:00,116.63
2025-02-21 23:00:00,116.67999999999999
2025-02-24 07:00:00,116.66
2025-02-24 08:00:00,116.76
2025-02-24 09:00:00,116.73
2025-02-24 10:00:00,116.58
2025-02-24 11:00:00,116.54
2025-02-24 12:00:00,116.5
2025-02-24 13:00:00,116.52
2025-02-24 14:00:00,116.69
2025-02-24 15:00:00,116.71
2025-02-24 16:00:00,116.65
2025-02-24 17:00:00,116.64
2025-02-24 23:00:00,116.74
2025-02-25 07:00:00,116.69
2025-02-25 08:00:00,116.78
2025-02-25 09:00:00,116.85
2025-02-25 10:00:00,116.69
2025-02-25 11:00:00,116.74
2025-02-25 12:00:00,116.89
2025-02-25 13:00:00,116.96
2025-02-25 14:00:00,116.9
2025-02-25 15:00:00,116.89
2025-02-25 16:00:00,116.92
2025-02-25 17:00:00,116.92999999999999
2025-02-25 23:00:00,116.91
2025-02-26 07:00:00,116.91
2025-02-26 08:00:00,117.25
2025-02-26 09:00:00,117.24
2025-02-26 10:00:00,117.19
2025-02-26 11:00:00,117.22
2025-02-26 12:00:00,117.32
2025-02-26 13:00:00,117.25
2025-02-26 14:00:00,117.17999999999999
2025-02-26 15:00:00,117.27
2025-02-26 16:00:00,117.3
2025-02-26 17:00:00,117.32
2025-02-26 23:00:00,117.28
2025-02-27 07:00:00,117.26
2025-02-27 08:00:00,117.15
2025-02-27 09:00:00,117.13
2025-02-27 10:00:00,117.04
2025-02-27 11:00:00,117.09
2025-02-27 12:00:00,117.08
2025-02-27 13:00:00,117.17
2025-02-27 14:00:00,117.21
2025-02-27 15:00:00,117.23
2025-02-27 16:00:00,117.31
2025-02-27 17:00:00,117.23
2025-02-27 17:00:01,117.23
2025-02-27 23:00:00,117.29
2025-02-28 07:00:00,117.46000000000001
2025-02-28 08:00:00,117.57000000000001
2025-02-28 09:00:00,117.53
2025-02-28 10:00:00,117.54
2025-02-28 11:00:00,117.51
2025-02-28 12:00:00,117.47000000000001
2025-02-28 13:00:00,117.46000000000001
2025-02-28 14:00:00,117.46000000000001
2025-02-28 15:00:00,117.45
2025-02-28 16:00:00,117.39000000000001
2025-02-28 17:00:00,117.43
2025-02-28 23:00:00,117.48
2025-03-03 07:00:00,117.27000000000001
2025-03-03 08:00:00,117.37
2025-03-03 09:00:00,117.26
2025-03-03 10:00:00,117.07000000000001
2025-03-03 11:00:00,116.82000000000001
2025-03-03 12:00:00,116.86000000000001
2025-03-03 13:00:00,116.73
2025-03-03 14:00:00,116.68
2025-03-03 15:00:00,116.82000000000001
2025-03-03 16:00:00,116.84
2025-03-03 17:00:00,116.84
2025-03-03 23:00:00,116.74000000000001
2025-03-04 07:00:00,117.03
2025-03-04 08:00:00,117.15
2025-03-04 09:00:00,117.08000000000001
2025-03-04 10:00:00,117.02000000000001
2025-03-04 11:00:00,116.81
2025-03-04 12:00:00,116.93
2025-03-04 13:00:00,116.94000000000001
2025-03-04 14:00:00,116.75000000000001
2025-03-04 15:00:00,116.75000000000001
2025-03-04 16:00:00,116.65
2025-03-04 17:00:00,116.58000000000001
2025-03-04 23:00:00,116.74000000000001
2025-03-05 07:00:00,115.51
2025-03-05 08:00:00,115.66000000000001
2025-03-05 09:00:00,115.42
2025-03-05 10:00:00,115.14000000000001
2025-03-05 11:00:00,115.08000000000001
2025-03-05 12:00:00,114.76
2025-03-05 13:00:00,114.73
2025-03-05 14:00:00,114.32000000000001
2025-03-05 15:00:00,114.02000000000001
2025-03-05 16:00:00,114.18
2025-03-05 17:00:00,114.07000000000001
2025-03-05 23:00:00,114.13000000000001
2025-03-06 07:00:00,113.27000000000001
2025-03-06 08:00:00,113.22000000000001
2025-03-06 09:00:00,113.55000000000001
2025-03-06 10:00:00,113.52000000000001
2025-03-06 11:00:00,113.51
2025-03-06 12:00:00,113.62
2025-03-06 13:00:00,113.49000000000001
2025-03-06 14:00:00,113.16000000000001
2025-03-06 15:00:00,113.34
2025-03-06 16:00:00,113.65
2025-03-06 17:00:00,113.64000000000001
2025-03-06 23:00:00,113.18
2025-03-07 07:00:00,113.46000000000001
2025-03-07 08:00:00,113.76
2025-03-07 09:00:00,113.67
2025-03-07 10:00:00,113.82000000000001
2025-03-07 11:00:00,113.87
2025-03-07 12:00:00,113.96000000000001
2025-03-07 13:00:00,114.14000000000001
2025-03-07 14:00:00,113.89000000000001
2025-03-07 15:00:00,113.79
2025-03-07 16:00:00,113.65
2025-03-07 17:00:00,113.55000000000001
2025-03-07 23:00:00,113.73
2025-03-10 07:00:00,113.66000000000001
2025-03-10 08:00:00,113.9
2025-03-10 09:00:00,113.9
2025-03-10 10:00:00,113.91000000000001
2025-03-10 11:00:00,113.91000000000001
2025-03-10 12:00:00,113.87
2025-03-10 13:00:00,113.89000000000001
2025-03-10 14:00:00,113.79
2025-03-10 15:00:00,113.82000000000001
2025-03-10 16:00:00,113.62
2025-03-10 17:00:00,113.67
2025-03-10 23:00:00,113.79
2025-03-11 07:00:00,113.58000000000001
2025-03-11 08:00:00,113.46000000000001
2025-03-11 09:00:00,113.47000000000001
2025-03-11 10:00:00,113.58000000000001
2025-03-11 11:00:00,113.42
2025-03-11 12:00:00,113.43
2025-03-11 13:00:00,113.37
2025-03-11 14:00:00,113.42
2025-03-11 15:00:00,113.2
2025-03-11 16:00:00,113.24000000000001
2025-03-11 17:00:00,113.21000000000001
2025-03-11 23:00:00,113.26
2025-03-12 07:00:00,113.22000000000001
2025-03-12 08:00:00,113.32000000000001
2025-03-12 09:00:00,113.21000000000001
2025-03-12 10:00:00,113.12
2025-03-12 11:00:00,113.14000000000001
2025-03-12 12:00:00,113.15
2025-03-12 13:00:00,113.39000000000001
2025-03-12 14:00:00,113.45
2025-03-12 15:00:00,113.35000000000001
2025-03-12 16:00:00,113.45
2025-03-12 17:00:00,113.45
2025-03-12 23:00:00,113.34
2025-03-13 07:00:00,113.35000000000001
2025-03-13 08:00:00,113.22000000000001
2025-03-13 09:00:00,113.18
2025-03-13 10:00:00,113.13000000000001
2025-03-13 11:00:00,113.18
2025-03-13 12:00:00,113.22000000000001
2025-03-13 13:00:00,113.34
2025-03-13 14:00:00,113.43
2025-03-13 15:00:00,113.50000000000001
2025-03-13 16:00:00,113.36000000000001
2025-03-13 17:00:00,113.44000000000001
2025-03-13 23:00:00,113.45
2025-03-14 07:00:00,113.43
2025-03-14 08:00:00,113.34
2025-03-14 09:00:00,113.37
2025-03-14 10:00:00,113.07000000000001
2025-03-14 11:00:00,113.02000000000001
2025-03-14 12:00:00,113.08000000000001
2025-03-14 13:00:00,113.19000000000001
2025-03-14 14:00:00,113.36000000000001
2025-03-14 15:00:00,113.42
2025-03-14 16:00:00,113.42
2025-03-14 17:00:00,113.38000000000001
2025-03-14 23:00:00,113.38000000000001
2025-03-17 07:00:00,113.47000000000001
2025-03-17 08:00:00,113.86000000000001
2025-03-17 09:00:00,113.99000000000001
2025-03-17 10:00:00,113.96000000000001
2025-03-17 11:00:00,113.92
2025-03-17 12:00:00,113.97000000000001
2025-03-17 13:00:00,114.05000000000001
2025-03-17 14:00:00,114.14000000000001
2025-03-17 15:00:00,114.22000000000001
2025-03-17 16:00:00,114.12
2025-03-17 17:00:00,114.08000000000001
2025-03-17 23:00:00,114.2
2025-03-18 07:00:00,114.01
2025-03-18 08:00:00,113.98
2025-03-18 09:00:00,113.82000000000001
2025-03-18 10:00:00,113.81
2025-03-18 11:00:00,113.81
2025-03-18 12:00:00,113.85000000000001
2025-03-18 13:00:00,113.88000000000001
2025-03-18 14:00:00,113.79
2025-03-18 15:00:00,114.07000000000001
2025-03-18 16:00:00,114.14000000000001
2025-03-18 17:00:00,114.15
2025-03-18 23:00:00,114.06
2025-03-19 07:00:00,114.4
2025-03-19 08:00:00,114.29
2025-03-19 09:00:00,114.33000000000001
2025-03-19 10:00:00,114.32000000000001
2025-03-19 11:00:00,114.24000000000001
2025-03-19 12:00:00,114.29
2025-03-19 13:00:00,114.10000000000001
2025-03-19 14:00:00,114.21000000000001
2025-03-19 15:00:00,114.2
2025-03-19 16:00:00,114.27000000000001
2025-03-19 17:00:00,114.32000000000001
2025-03-19 23:00:00,114.26
2025-03-20 07:00:00,114.50000000000001
2025-03-20 08:00:00,114.47000000000001
2025-03-20 09:00:00,114.39000000000001
2025-03-20 10:00:00,114.50000000000001
2025-03-20 11:00:00,114.52000000000001
2025-03-20 12:00:00,114.50000000000001
2025-03-20 13:00:00,114.53
2025-03-20 14:00:00,114.53
2025-03-20 15:00:00,114.28
2025-03-20 16:00:00,114.25000000000001
2025-03-20 17:00:00,114.21000000000001
2025-03-20 23:00:00,114.23
2025-03-21 07:00:00,114.37
2025-03-21 08:00:00,114.42
2025-03-21 09:00:00,114.52000000000001
2025-03-21 10:00:00,114.50000000000001
2025-03-21 11:00:00,114.55000000000001
2025-03-21 12:00:00,114.58000000000001
2025-03-21 13:00:00,114.55000000000001
2025-03-21 14:00:00,114.48
2025-03-21 15:00:00,114.53
2025-03-21 16:00:00,114.49000000000001
2025-03-21 17:00:00,114.46000000000001
2025-03-21 23:00:00,114.55000000000001
2025-03-24 07:00:00,114.35000000000001
2025-03-24 08:00:00,114.60000000000001
2025-03-24 09:00:00,114.54
2025-03-24 10:00:00,114.46000000000001
2025-03-24 11:00:00,114.47000000000001
2025-03-24 12:00:00,114.41000000000001
2025-03-24 13:00:00,114.41000000000001
2025-03-24 14:00:00,114.45
2025-03-24 15:00:00,114.43
2025-03-24 16:00:00,114.56
2025-03-24 17:00:00,114.60000000000001
2025-03-24 23:00:00,114.46000000000001
2025-03-25 07:00:00,114.46000000000001
2025-03-25 08:00:00,114.45
2025-03-25 09:00:00,114.29
2025-03-25 10:00:00,114.18
2025-03-25 11:00:00,114.16000000000001
2025-03-25 12:00:00,114.11000000000001
2025-03-25 13:00:00,114.18
2025-03-25 14:00:00,114.35000000000001
2025-03-25 15:00:00,114.36000000000001
2025-03-25 16:00:00,114.4
2025-03-25 17:00:00,114.44000000000001
2025-03-25 23:00:00,114.4
2025-03-26 07:00:00,114.46000000000001
2025-03-26 08:00:00,114.49000000000001
2025-03-26 09:00:00,114.44000000000001
2025-03-26 10:00:00,114.43
2025-03-26 11:00:00,114.41000000000001
2025-03-26 12:00:00,114.4
2025-03-26 13:00:00,114.53
2025-03-26 14:00:00,114.50000000000001
2025-03-26 15:00:00,114.38000000000001
2025-03-26 16:00:00,114.4
2025-03-26 17:00:00,114.57000000000001
2025-03-26 23:00:00,114.39000000000001
2025-03-27 07:00:00,114.64000000000001
2025-03-27 08:00:00,114.67
2025-03-27 09:00:00,114.49000000000001
2025-03-27 10:00:00,114.60000000000001
2025-03-27 11:00:00,114.51
2025-03-27 12:00:00,114.76
2025-03-27 13:00:00,114.61000000000001
2025-03-27 14:00:00,114.56
2025-03-27 15:00:00,114.51
2025-03-27 16:00:00,114.59
2025-03-27 17:00:00,114.63000000000001
2025-03-27 23:00:00,114.56
2025-03-28 07:00:00,115.03
2025-03-28 08:00:00,114.97000000000001
2025-03-28 09:00:00,114.94000000000001
2025-03-28 10:00:00,115.00000000000001
2025-03-28 11:00:00,114.9
2025-03-28 12:00:00,114.83000000000001
2025-03-28 13:00:00,114.9
2025-03-28 14:00:00,114.84
2025-03-28 15:00:00,114.85000000000001
2025-03-28 16:00:00,114.86000000000001
2025-03-28 17:00:00,114.86000000000001
2025-03-28 23:00:00,114.87
2025-03-31 07:00:00,115.18
2025-03-31 08:00:00,115.05000000000001
2025-03-31 09:00:00,115.06
2025-03-31 10:00:00,115.15
2025-03-31 11:00:00,115.05000000000001
2025-03-31 12:00:00,114.98
2025-03-31 13:00:00,115.02000000000001
2025-03-31 14:00:00,115.04
2025-03-31 15:00:00,114.89000000000001
2025-03-31 16:00:00,114.72000000000001
2025-03-31 17:00:00,114.67
2025-03-31 23:00:00,114.73
2025-04-01 07:00:00,115.05000000000001
2025-04-01 08:00:00,115.28
2025-04-01 09:00:00,115.4
2025-04-01 10:00:00,115.45
2025-04-01 11:00:00,115.51
2025-04-01 12:00:00,115.54
2025-04-01 13:00:00,115.49000000000001
2025-04-01 14:00:00,115.45
2025-04-01 15:00:00,115.38000000000001
2025-04-01 16:00:00,115.36000000000001
2025-04-01 17:00:00,115.34
2025-04-01 23:00:00,115.34
2025-04-02 07:00:00,115.38000000000001
2025-04-02 08:00:00,115.41000000000001
2025-04-02 09:00:00,115.33000000000001
2025-04-02 10:00:00,115.36000000000001
2025-04-02 11:00:00,115.45
2025-04-02 12:00:00,115.49000000000001
2025-04-02 13:00:00,115.49000000000001
2025-04-02 14:00:00,115.41000000000001
2025-04-02 15:00:00,115.11000000000001
2025-04-02 16:00:00,115.16000000000001
2025-04-02 17:00:00,115.17
2025-04-02 23:00:00,115.21000000000001
2025-04-03 07:00:00,115.64000000000001
2025-04-03 08:00:00,115.66000000000001
2025-04-03 09:00:00,115.52000000000001
2025-04-03 10:00:00,115.71000000000001
2025-04-03 11:00:00,115.61000000000001
2025-04-03 12:00:00,115.50000000000001
2025-04-03 13:00:00,115.68
2025-04-03 14:00:00,115.62
2025-04-03 15:00:00,115.62
2025-04-03 16:00:00,115.57000000000001
2025-04-03 17:00:00,115.60000000000001
2025-04-03 23:00:00,115.63000000000001
2025-04-04 07:00:00,115.93
2025-04-04 08:00:00,116.05000000000001
2025-04-04 09:00:00,116.10000000000001
2025-04-04 10:00:00,116.06
2025-04-04 11:00:00,116.08000000000001
2025-04-04 12:00:00,116.04
2025-04-04 13:00:00,116.11000000000001
2025-04-04 14:00:00,115.80000000000001
2025-04-04 15:00:00,115.7
2025-04-04 16:00:00,115.63000000000001
2025-04-04 17:00:00,115.57000000000001
2025-04-04 23:00:00,115.72000000000001
2025-04-07 07:00:00,115.39000000000001
2025-04-07 08:00:00,115.85000000000001
2025-04-07 09:00:00,115.77000000000001
2025-04-07 10:00:00,115.80000000000001
2025-04-07 11:00:00,115.58000000000001
2025-04-07 12:00:00,115.56
2025-04-07 13:00:00,115.35000000000001
2025-04-07 14:00:00,115.19000000000001
2025-04-07 15:00:00,114.97000000000001
2025-04-07 16:00:00,114.78
2025-04-07 17:00:00,114.83000000000001
2025-04-07 23:00:00,114.98
2025-04-08 07:00:00,115.01
2025-04-08 08:00:00,115.38000000000001
2025-04-08 09:00:00,114.94000000000001
2025-04-08 10:00:00,114.96000000000001
2025-04-08 11:00:00,115.01
2025-04-08 12:00:00,114.86000000000001
2025-04-08 13:00:00,114.79
2025-04-08 14:00:00,114.79
2025-04-08 15:00:00,114.82000000000001
2025-04-08 16:00:00,114.83000000000001
2025-04-08 17:00:00,114.87
2025-04-08 23:00:00,114.89000000000001
2025-04-09 07:00:00,113.95
2025-04-09 08:00:00,114.38000000000001
2025-04-09 09:00:00,114.56
2025-04-09 10:00:00,114.53
2025-04-09 11:00:00,114.43
2025-04-09 12:00:00,114.22000000000001
2025-04-09 13:00:00,114.44000000000001
2025-04-09 14:00:00,114.77000000000001
2025-04-09 15:00:00,114.76
2025-04-09 16:00:00,114.64000000000001
2025-04-09 17:00:00,114.59
2025-04-09 23:00:00,114.78
2025-04-10 07:00:00,114.63000000000001
2025-04-10 08:00:00,114.89000000000001
2025-04-10 09:00:00,114.81
2025-04-10 10:00:00,114.92
2025-04-10 11:00:00,115.01
2025-04-10 12:00:00,115.22000000000001
2025-04-10 13:00:00,115.06
2025-04-10 14:00:00,115.38000000000001
2025-04-10 15:00:00,115.33000000000001
2025-04-10 16:00:00,115.15
2025-04-10 17:00:00,115.2
2025-04-10 23:00:00,115.30000000000001
2025-04-11 07:00:00,115.15
2025-04-11 08:00:00,114.65
2025-04-11 09:00:00,114.82000000000001
2025-04-11 10:00:00,115.06
2025-04-11 11:00:00,115.4
2025-04-11 12:00:00,115.48
2025-04-11 13:00:00,115.39000000000001
2025-04-11 14:00:00,115.54
2025-04-11 15:00:00,115.24000000000001
2025-04-11 16:00:00,115.24000000000001
2025-04-11 17:00:00,115.22000000000001
2025-04-11 23:00:00,115.31
2025-04-14 07:00:00,115.74000000000001
2025-04-14 08:00:00,115.75000000000001
2025-04-14 09:00:00,115.87
2025-04-14 10:00:00,115.92
2025-04-14 11:00:00,116.03
2025-04-14 12:00:00,116.14000000000001
2025-04-14 13:00:00,116.22000000000001
2025-04-14 14:00:00,116.30000000000001
2025-04-14 15:00:00,116.35000000000001
2025-04-14 16:00:00,116.43
2025-04-14 17:00:00,116.47000000000001
2025-04-14 23:00:00,116.39000000000001
2025-04-15 07:00:00,116.46000000000001
2025-04-15 08:00:00,116.4
2025-04-15 09:00:00,116.44000000000001
2025-04-15 10:00:00,116.08000000000001
2025-04-15 11:00:00,116.03
2025-04-15 12:00:00,116.08000000000001
2025-04-15 13:00:00,116.04
2025-04-15 14:00:00,116.15
2025-04-15 15:00:00,116.00000000000001
2025-04-15 16:00:00,116.09
2025-04-15 17:00:00,116.15
2025-04-15 23:00:00,116.04
2025-04-16 07:00:00,116.37
2025-04-16 08:00:00,116.34
2025-04-16 09:00:00,116.28
2025-04-16 10:00:00,116.16000000000001
2025-04-16 11:00:00,116.33000000000001
2025-04-16 12:00:00,116.49000000000001
2025-04-16 13:00:00,116.24000000000001
2025-04-16 14:00:00,116.34
2025-04-16 15:00:00,116.25000000000001
2025-04-16 16:00:00,116.29
2025-04-16 17:00:00,116.31
2025-04-16 23:00:00,116.31
2025-04-17 07:00:00,116.34
2025-04-17 08:00:00,116.19000000000001
2025-04-17 09:00:00,116.13000000000001
2025-04-17 10:00:00,116.09
2025-04-17 11:00:00,116.03
2025-04-17 12:00:00,116.08000000000001
2025-04-17 13:00:00,116.68
2025-04-17 14:00:00,116.71000000000001
2025-04-17 15:00:00,116.78
2025-04-17 16:00:00,116.75000000000001
2025-04-17 17:00:00,116.77000000000001
2025-04-17 23:00:00,116.86000000000001
2025-04-22 07:00:00,116.7
2025-04-22 08:00:00,116.84
2025-04-22 09:00:00,116.93
2025-04-22 10:00:00,116.86000000000001
2025-04-22 11:00:00,116.87
2025-04-22 12:00:00,116.88000000000001
2025-04-22 13:00:00,116.97000000000001
2025-04-22 14:00:00,116.94000000000001
2025-04-22 15:00:00,117.00000000000001
2025-04-22 16:00:00,117.09
2025-04-22 17:00:00,117.16000000000001
2025-04-22 23:00:00,117.10000000000001
2025-04-23 07:00:00,117.03
2025-04-23 08:00:00,117.02000000000001
2025-04-23 09:00:00,117.02000000000001
2025-04-23 10:00:00,117.11000000000001
2025-04-23 11:00:00,117.23
2025-04-23 12:00:00,117.21000000000001
2025-04-23 13:00:00,117.14000000000001
2025-04-23 14:00:00,116.94000000000001
2025-04-23 15:00:00,116.92
2025-04-23 16:00:00,116.9
2025-04-23 17:00:00,116.88000000000001
2025-04-23 23:00:00,116.9
2025-04-24 07:00:00,117.07000000000001
2025-04-24 08:00:00,117.12
2025-04-24 09:00:00,117.31
2025-04-24 10:00:00,117.34
2025-04-24 11:00:00,117.30000000000001
2025-04-24 12:00:00,117.30000000000001
2025-04-24 13:00:00,117.50000000000001
2025-04-24 14:00:00,117.63000000000001
2025-04-24 15:00:00,117.67
2025-04-24 16:00:00,117.69000000000001
2025-04-24 17:00:00,117.73
2025-04-24 23:00:00,117.74000000000001
2025-04-25 07:00:00,117.65
2025-04-25 08:00:00,117.64000000000001
2025-04-25 09:00:00,117.51
2025-04-25 10:00:00,117.48
2025-04-25 11:00:00,117.46000000000001
2025-04-25 12:00:00,117.45
2025-04-25 13:00:00,117.41000000000001
2025-04-25 14:00:00,117.41000000000001
2025-04-25 15:00:00,117.27000000000001
2025-04-25 16:00:00,117.45
2025-04-25 17:00:00,117.47000000000001
2025-04-25 23:00:00,117.30000000000001
2025-04-28 07:00:00,117.32000000000001
2025-04-28 08:00:00,117.23
2025-04-28 09:00:00,117.15
2025-04-28 10:00:00,117.09
2025-04-28 11:00:00,117.02000000000001
2025-04-28 12:00:00,117.10000000000001
2025-04-28 13:00:00,117.02000000000001
2025-04-28 14:00:00,117.18
2025-04-28 15:00:00,117.2
2025-04-28 16:00:00,117.00000000000001
2025-04-28 17:00:00,117.14000000000001
2025-04-28 23:00:00,117.23
2025-04-29 07:00:00,117.18
2025-04-29 08:00:00,117.22000000000001
2025-04-29 09:00:00,117.26
2025-04-29 10:00:00,117.05000000000001
2025-04-29 11:00:00,117.12
2025-04-29 12:00:00,117.07000000000001
2025-04-29 13:00:00,117.15
2025-04-29 14:00:00,117.2
2025-04-29 15:00:00,117.2
2025-04-29 16:00:00,117.23
2025-04-29 17:00:00,117.36000000000001
2025-04-29 23:00:00,117.27000000000001
2025-04-30 07:00:00,117.34
2025-04-30 08:00:00,117.55000000000001
2025-04-30 09:00:00,117.50000000000001
2025-04-30 10:00:00,117.51
2025-04-30 11:00:00,117.54
2025-04-30 12:00:00,117.46000000000001
2025-04-30 13:00:00,117.46000000000001
2025-04-30 14:00:00,117.47000000000001
2025-04-30 15:00:00,117.53
2025-04-30 16:00:00,117.62
2025-04-30 17:00:00,117.65
2025-04-30 23:00:00,117.50000000000001
2025-05-02 07:00:00,117.34
2025-05-02 08:00:00,117.43
2025-05-02 09:00:00,117.54
2025-05-02 10:00:00,117.44000000000001
2025-05-02 11:00:00,117.44000000000001
2025-05-02 12:00:00,117.42
2025-05-02 13:00:00,117.37
2025-05-02 14:00:00,117.42
2025-05-02 15:00:00,117.18
2025-05-02 16:00:00,117.00000000000001
2025-05-02 17:00:00,116.94000000000001
2025-05-02 23:00:00,117.13000000000001
2025-05-05 07:00:00,117.11000000000001
2025-05-05 08:00:00,117.17
2025-05-05 09:00:00,117.2
2025-05-05 10:00:00,117.25000000000001
2025-05-05 11:00:00,117.28
2025-05-05 12:00:00,117.30000000000001
2025-05-05 13:00:00,117.23
2025-05-05 14:00:00,117.28
2025-05-05 15:00:00,117.21000000000001
2025-05-05 16:00:00,117.32000000000001
2025-05-05 17:00:00,117.23
2025-05-05 23:00:00,117.31
2025-05-06 07:00:00,117.15
2025-05-06 08:00:00,117.05000000000001
2025-05-06 09:00:00,117.07000000000001
2025-05-06 10:00:00,117.04
2025-05-06 11:00:00,117.15
2025-05-06 12:00:00,117.17
2025-05-06 13:00:00,117.16000000000001
2025-05-06 14:00:00,116.9
2025-05-06 15:00:00,117.15
2025-05-06 16:00:00,117.10000000000001
2025-05-06 17:00:00,117.09
2025-05-06 23:00:00,117.16000000000001
2025-05-07 07:00:00,117.09
2025-05-07 08:00:00,117.19000000000001
2025-05-07 09:00:00,117.29
2025-05-07 10:00:00,117.49000000000001
2025-05-07 11:00:00,117.53
2025-05-07 12:00:00,117.49000000000001
2025-05-07 13:00:00,117.60000000000001
2025-05-07 14:00:00,117.68
2025-05-07 15:00:00,117.75000000000001
2025-05-07 16:00:00,117.79
2025-05-07 17:00:00,117.86000000000001
2025-05-07 23:00:00,117.74000000000001
2025-05-08 07:00:00,117.82000000000001
2025-05-08 08:00:00,117.78
2025-05-08 09:00:00,117.65
2025-05-08 10:00:00,117.54
2025-05-08 11:00:00,117.63000000000001
2025-05-08 12:00:00,117.63000000000001
2025-05-08 13:00:00,117.72000000000001
2025-05-08 14:00:00,117.67
2025-05-08 15:00:00,117.67
2025-05-08 16:00:00,117.49000000000001
2025-05-08 17:00:00,117.45
2025-05-08 23:00:00,117.61000000000001
2025-05-09 07:00:00,117.29
2025-05-09 08:00:00,117.04
2025-05-09 09:00:00,116.97000000000001
2025-05-09 10:00:00,116.93
2025-05-09 11:00:00,116.98
2025-05-09 12:00:00,117.02000000000001
2025-05-09 13:00:00,117.04
2025-05-09 14:00:00,117.2
2025-05-09 15:00:00,117.25000000000001
2025-05-09 16:00:00,117.24000000000001
2025-05-09 17:00:00,117.26
2025-05-09 23:00:00,117.28
2025-05-12 07:00:00,116.99000000000001
2025-05-12 08:00:00,116.80000000000001
2025-05-12 09:00:00,116.74000000000001
2025-05-12 10:00:00,116.72000000000001
2025-05-12 11:00:00,116.7
2025-05-12 12:00:00,116.82000000000001
2025-05-12 13:00:00,116.63000000000001
2025-05-12 14:00:00,116.69000000000001
2025-05-12 15:00:00,116.72000000000001
2025-05-12 16:00:00,116.58000000000001
2025-05-12 17:00:00,116.48
2025-05-12 23:00:00,116.66000000000001
2025-05-13 07:00:00,116.56
2025-05-13 08:00:00,116.46000000000001
2025-05-13 09:00:00,116.4
2025-05-13 10:00:00,116.44000000000001
2025-05-13 11:00:00,116.53
2025-05-13 12:00:00,116.55000000000001
2025-05-13 13:00:00,116.51
2025-05-13 14:00:00,116.56
2025-05-13 15:00:00,116.56
2025-05-13 16:00:00,116.4
2025-05-13 17:00:00,116.37
2025-05-13 23:00:00,116.53
2025-05-14 07:00:00,116.41000000000001
2025-05-14 08:00:00,116.47000000000001
2025-05-14 09:00:00,116.56
2025-05-14 10:00:00,116.73
2025-05-14 11:00:00,116.64000000000001
2025-05-14 12:00:00,116.57000000000001
2025-05-14 13:00:00,116.46000000000001
2025-05-14 14:00:00,116.51
2025-05-14 15:00:00,116.47000000000001
2025-05-14 16:00:00,116.28
2025-05-14 17:00:00,116.23
2025-05-14 23:00:00,116.42
2025-05-15 07:00:00,116.41000000000001
2025-05-15 08:00:00,116.43
2025-05-15 09:00:00,116.42
2025-05-15 10:00:00,116.47000000000001
2025-05-15 11:00:00,116.47000000000001
2025-05-15 12:00:00,116.52000000000001
2025-05-15 13:00:00,116.72000000000001
2025-05-15 14:00:00,116.86000000000001
2025-05-15 15:00:00,116.91000000000001
2025-05-15 16:00:00,117.02000000000001
2025-05-15 17:00:00,117.09
2025-05-15 23:00:00,116.92
2025-05-16 07:00:00,117.36000000000001
2025-05-16 08:00:00,117.22000000000001
2025-05-16 09:00:00,117.39000000000001
2025-05-16 10:00:00,117.46000000000001
2025-05-16 11:00:00,117.47000000000001
2025-05-16 12:00:00,117.45
2025-05-16 13:00:00,117.42
2025-05-16 14:00:00,117.42
2025-05-16 15:00:00,117.32000000000001
2025-05-16 16:00:00,117.29
2025-05-16 17:00:00,117.31
2025-05-16 23:00:00,117.34
2025-05-19 07:00:00,117.18
2025-05-19 08:00:00,116.95
2025-05-19 09:00:00,116.73
2025-05-19 10:00:00,116.71000000000001
2025-05-19 11:00:00,116.69000000000001
2025-05-19 12:00:00,116.79
2025-05-19 13:00:00,116.86000000000001
2025-05-19 14:00:00,117.17
2025-05-19 15:00:00,117.38000000000001
2025-05-19 16:00:00,117.29
2025-05-19 17:00:00,117.36000000000001
2025-05-19 23:00:00,117.41000000000001
2025-05-20 07:00:00,117.26
2025-05-20 08:00:00,117.51
2025-05-20 09:00:00,117.56
2025-05-20 10:00:00,117.46000000000001
2025-05-20 11:00:00,117.4
2025-05-20 12:00:00,117.41000000000001
2025-05-20 13:00:00,117.35000000000001
2025-05-20 14:00:00,117.13000000000001
2025-05-20 15:00:00,117.15
2025-05-20 16:00:00,117.28
2025-05-20 17:00:00,117.37
2025-05-20 23:00:00,117.23
2025-05-21 07:00:00,117.09
2025-05-21 08:00:00,117.00000000000001
2025-05-21 09:00:00,116.7
2025-05-21 10:00:00,116.59
2025-05-21 11:00:00,116.68
2025-05-21 12:00:00,116.88000000000001
2025-05-21 13:00:00,116.85000000000001
2025-05-21 14:00:00,116.98
2025-05-21 15:00:00,117.02000000000001
2025-05-21 16:00:00,116.97000000000001
2025-05-21 17:00:00,116.95
2025-05-21 23:00:00,117.05000000000001
2025-05-22 07:00:00,116.9
2025-05-22 08:00:00,116.88000000000001
2025-05-22 09:00:00,116.99000000000001
2025-05-22 10:00:00,116.94000000000001
2025-05-22 11:00:00,116.97000000000001
2025-05-22 12:00:00,116.79
2025-05-22 13:00:00,116.89000000000001
2025-05-22 14:00:00,116.82000000000001
2025-05-22 15:00:00,116.88000000000001
2025-05-22 16:00:00,116.92
2025-05-22 17:00:00,116.92
2025-05-22 23:00:00,116.87
2025-05-23 07:00:00,117.16000000000001
2025-05-23 08:00:00,117.08000000000001
2025-05-23 09:00:00,117.07000000000001
2025-05-23 10:00:00,116.94000000000001
2025-05-23 11:00:00,116.92
2025-05-23 12:00:00,117.44000000000001
2025-05-23 13:00:00,117.4
2025-05-23 14:00:00,117.48
2025-05-23 15:00:00,117.35000000000001
2025-05-23 16:00:00,117.50000000000001
2025-05-23 17:00:00,117.44000000000001
2025-05-23 23:00:00,117.44000000000001
2025-05-26 07:00:00,117.35000000000001
2025-05-26 08:00:00,117.22000000000001
2025-05-26 09:00:00,117.33000000000001
2025-05-26 10:00:00,117.39000000000001
2025-05-26 11:00:00,117.43
2025-05-26 12:00:00,117.43
2025-05-26 13:00:00,117.53
2025-05-26 14:00:00,117.68
2025-05-26 15:00:00,117.76
2025-05-26 16:00:00,117.76
2025-05-26 17:00:00,117.79
2025-05-26 23:00:00,117.78
2025-05-27 07:00:00,118.03
2025-05-27 08:00:00,118.06
2025-05-27 09:00:00,117.99000000000001
2025-05-27 10:00:00,117.92
2025-05-27 11:00:00,117.88000000000001
2025-05-27 12:00:00,117.82000000000001
2025-05-27 13:00:00,117.80000000000001
2025-05-27 14:00:00,117.87
2025-05-27 15:00:00,117.87
2025-05-27 16:00:00,118.07000000000001
2025-05-27 17:00:00,118.05000000000001
2025-05-27 23:00:00,117.97000000000001
2025-05-28 07:00:00,117.89000000000001
2025-05-28 08:00:00,118.01
2025-05-28 09:00:00,117.79
2025-05-28 10:00:00,117.9
2025-05-28 11:00:00,117.97000000000001
2025-05-28 12:00:00,118.11000000000001
2025-05-28 13:00:00,118.06
2025-05-28 14:00:00,117.95
2025-05-28 15:00:00,117.94000000000001
2025-05-28 16:00:00,117.92
2025-05-28 17:00:00,117.97000000000001
2025-05-28 23:00:00,117.98
2025-05-29 07:00:00,117.71000000000001
2025-05-29 08:00:00,117.77000000000001
2025-05-29 09:00:00,117.79
2025-05-29 10:00:00,117.61000000000001
2025-05-29 11:00:00,117.78
2025-05-29 12:00:00,117.98
2025-05-29 13:00:00,118.19000000000001
2025-05-29 14:00:00,118.27000000000001
2025-05-29 15:00:00,118.28
2025-05-29 16:00:00,118.36000000000001
2025-05-29 17:00:00,118.36000000000001
2025-05-29 23:00:00,118.38000000000001
2025-05-30 07:00:00,118.42
2025-05-30 08:00:00,118.34
2025-05-30 09:00:00,118.14000000000001
2025-05-30 10:00:00,118.14000000000001
2025-05-30 11:00:00,118.15
2025-05-30 12:00:00,118.11000000000001
2025-05-30 13:00:00,118.2
2025-05-30 14:00:00,118.27000000000001
2025-05-30 15:00:00,118.26
2025-05-30 16:00:00,118.45
2025-05-30 17:00:00,118.46000000000001
2025-05-30 23:00:00,118.36000000000001
2025-06-02 07:00:00,118.19000000000001
2025-06-02 08:00:00,117.94000000000001
2025-06-02 09:00:00,117.88000000000001
2025-06-02 10:00:00,117.91000000000001
2025-06-02 11:00:00,118.07000000000001
2025-06-02 12:00:00,118.19000000000001
2025-06-02 13:00:00,118.10000000000001
2025-06-02 14:00:00,118.17
2025-06-02 15:00:00,118.38000000000001
2025-06-02 16:00:00,118.30000000000001
2025-06-02 17:00:00,118.33000000000001
2025-06-02 23:00:00,118.32000000000001
2025-06-03 07:00:00,118.51
2025-06-03 08:00:00,118.34
2025-06-03 09:00:00,118.45
2025-06-03 10:00:00,118.51
2025-06-03 11:00:00,118.46000000000001
2025-06-03 12:00:00,118.55000000000001
2025-06-03 13:00:00,118.41000000000001
2025-06-03 14:00:00,118.53
2025-06-03 15:00:00,118.45
2025-06-03 16:00:00,118.35000000000001
2025-06-03 17:00:00,118.37
2025-06-03 17:00:01,118.37
2025-06-03 23:00:00,118.51
2025-06-04 07:00:00,118.48
2025-06-04 08:00:00,118.33
2025-06-04 09:00:00,118.34
2025-06-04 10:00:00,118.37
2025-06-04 11:00:00,118.41
2025-06-04 12:00:00,118.32000000000001
2025-06-04 13:00:00,118.35000000000001
2025-06-04 14:00:00,118.31
2025-06-04 15:00:00,118.42
2025-06-04 16:00:00,118.4
2025-06-04 17:00:00,118.55
2025-06-04 23:00:00,118.42
2025-06-05 07:00:00,118.58
2025-06-05 08:00:00,118.42
2025-06-05 09:00:00,118.78
2025-06-05 10:00:00,118.84
2025-06-05 11:00:00,118.82000000000001
2025-06-05 12:00:00,118.74
2025-06-05 13:00:00,118.73
2025-06-05 14:00:00,118.12
2025-06-05 15:00:00,117.89
2025-06-05 16:00:00,118.06
2025-06-05 17:00:00,118.03
2025-06-05 23:00:00,117.89
2025-06-06 07:00:00,118.13
2025-06-06 08:00:00,118.5
2025-06-06 09:00:00,118.57000000000001
2025-06-06 10:00:00,118.54
2025-06-06 11:00:00,118.48
2025-06-06 12:00:00,118.5
2025-06-06 13:00:00,118.38
2025-06-06 14:00:00,118.39
2025-06-06 15:00:00,118.41
2025-06-06 16:00:00,118.3
2025-06-06 17:00:00,118.24
2025-06-06 23:00:00,118.3
2025-06-09 07:00:00,118.56
2025-06-09 08:00:00,118.94
2025-06-09 09:00:00,118.86
2025-06-09 10:00:00,118.75
2025-06-09 11:00:00,118.58
2025-06-09 12:00:00,118.29
2025-06-09 13:00:00,118.11
2025-06-09 14:00:00,118.25
2025-06-09 15:00:00,118.29
2025-06-09 16:00:00,118.43
2025-06-09 17:00:00,118.46000000000001
2025-06-09 23:00:00,118.29
2025-06-10 07:00:00,118.56
2025-06-10 08:00:00,118.62
2025-06-10 09:00:00,118.57000000000001
2025-06-10 10:00:00,118.52
2025-06-10 11:00:00,118.68
2025-06-10 12:00:00,118.69
2025-06-10 13:00:00,118.78
2025-06-10 14:00:00,118.9
2025-06-10 15:00:00,118.86
2025-06-10 16:00:00,118.92
2025-06-10 17:00:00,118.9
2025-06-10 23:00:00,118.86
2025-06-11 07:00:00,118.76
2025-06-11 08:00:00,118.68
2025-06-11 09:00:00,118.73
2025-06-11 10:00:00,118.75
2025-06-11 11:00:00,118.71000000000001
2025-06-11 12:00:00,118.78
2025-06-11 13:00:00,118.98
2025-06-11 14:00:00,118.94
2025-06-11 15:00:00,118.97
2025-06-11 16:00:00,118.82000000000001
2025-06-11 17:00:00,118.83
2025-06-11 23:00:00,118.92
2025-06-12 07:00:00,119.08
2025-06-12 08:00:00,118.98
2025-06-12 09:00:00,119.03
2025-06-12 10:00:00,119.17
2025-06-12 11:00:00,119.23
2025-06-12 12:00:00,119.04
2025-06-12 13:00:00,119.18
2025-06-12 14:00:00,119.08
2025-06-12 15:00:00,119.11
2025-06-12 16:00:00,119.18
2025-06-12 17:00:00,119.06
2025-06-12 23:00:00,119.19
2025-06-13 07:00:00,119.12
2025-06-13 08:00:00,118.92
2025-06-13 09:00:00,118.97
2025-06-13 10:00:00,118.74
2025-06-13 11:00:00,118.71000000000001
2025-06-13 12:00:00,118.92
2025-06-13 13:00:00,118.77
2025-06-13 14:00:00,118.74
2025-06-13 15:00:00,118.48
2025-06-13 16:00:00,118.45
2025-06-13 17:00:00,118.41
2025-06-13 23:00:00,118.45
2025-06-16 07:00:00,118.32000000000001
2025-06-16 08:00:00,118.22
2025-06-16 09:00:00,118.3
2025-06-16 10:00:00,118.47
2025-06-16 11:00:00,118.62
2025-06-16 12:00:00,118.46000000000001
2025-06-16 13:00:00,118.62
2025-06-16 14:00:00,118.88
2025-06-16 15:00:00,118.73
2025-06-16 16:00:00,118.72
2025-06-16 17:00:00,118.65
2025-06-16 23:00:00,118.71000000000001
2025-06-17 07:00:00,118.49
2025-06-17 08:00:00,118.42
2025-06-17 09:00:00,118.4
2025-06-17 10:00:00,118.44
2025-06-17 11:00:00,118.49
2025-06-17 12:00:00,118.7
2025-06-17 13:00:00,118.60000000000001
2025-06-17 14:00:00,118.54
2025-06-17 15:00:00,118.48
2025-06-17 16:00:00,118.43
2025-06-17 17:00:00,118.4
2025-06-17 23:00:00,118.49
2025-06-18 07:00:00,118.37
2025-06-18 08:00:00,118.31
2025-06-18 09:00:00,118.34
2025-06-18 10:00:00,118.43
2025-06-18 11:00:00,118.5
2025-06-18 12:00:00,118.4
2025-06-18 13:00:00,118.43
2025-06-18 14:00:00,118.59
2025-06-18 15:00:00,118.78
2025-06-18 16:00:00,118.8
2025-06-18 17:00:00,118.84
2025-06-18 23:00:00,118.74
2025-06-19 07:00:00,118.38
2025-06-19 08:00:00,118.32000000000001
2025-06-19 09:00:00,118.41
2025-06-19 10:00:00,118.45
2025-06-19 11:00:00,118.39
2025-06-19 12:00:00,118.35000000000001
2025-06-19 13:00:00,118.51
2025-06-19 14:00:00,118.42
2025-06-19 15:00:00,118.32000000000001
2025-06-19 16:00:00,118.11
2025-06-19 17:00:00,118.09
2025-06-19 23:00:00,118.26
2025-06-20 07:00:00,118.53
2025-06-20 08:00:00,118.31
2025-06-20 09:00:00,118.16
2025-06-20 10:00:00,118.25
2025-06-20 11:00:00,118.16
2025-06-20 12:00:00,118.2
2025-06-20 13:00:00,118.27
2025-06-20 14:00:00,118.33
2025-06-20 15:00:00,118.21000000000001
2025-06-20 16:00:00,118.36
2025-06-20 17:00:00,118.43
2025-06-20 23:00:00,118.28
2025-06-23 07:00:00,117.98
2025-06-23 08:00:00,118.15
2025-06-23 09:00:00,118.18
2025-06-23 10:00:00,118.2
2025-06-23 11:00:00,118.23
2025-06-23 12:00:00,118.29
2025-06-23 13:00:00,118.52
2025-06-23 14:00:00,118.46000000000001
2025-06-23 15:00:00,118.5
2025-06-23 16:00:00,118.51
2025-06-23 17:00:00,118.5
2025-06-23 23:00:00,118.53
2025-06-24 07:00:00,118.78
2025-06-24 08:00:00,118.64
2025-06-24 09:00:00,118.71000000000001
2025-06-24 10:00:00,118.43
2025-06-24 11:00:00,118.49
2025-06-24 12:00:00,118.54
2025-06-24 13:00:00,118.64
2025-06-24 14:00:00,118.48
2025-06-24 15:00:00,118.74
2025-06-24 16:00:00,118.69
2025-06-24 17:00:00,118.78
2025-06-24 23:00:00,118.8
2025-06-25 07:00:00,118.97
2025-06-25 08:00:00,119.06
2025-06-25 09:00:00,118.87
2025-06-25 10:00:00,118.68
2025-06-25 11:00:00,118.58
2025-06-25 12:00:00,118.44
2025-06-25 13:00:00,118.4
2025-06-25 14:00:00,118.47
2025-06-25 15:00:00,118.5
2025-06-25 16:00:00,118.56
2025-06-25 17:00:00,118.57000000000001
2025-06-25 23:00:00,118.5
2025-06-26 07:00:00,118.76
2025-06-26 08:00:00,118.8
2025-06-26 09:00:00,118.8
2025-06-26 10:00:00,118.78
2025-06-26 11:00:00,118.88
2025-06-26 12:00:00,118.93
2025-06-26 13:00:00,118.89
2025-06-26 14:00:00,118.75
2025-06-26 15:00:00,118.7
2025-06-26 16:00:00,118.79
2025-06-26 17:00:00,118.84
2025-06-26 23:00:00,118.71000000000001
2025-06-27 07:00:00,118.81
2025-06-27 08:00:00,118.65
2025-06-27 09:00:00,118.67
2025-06-27 10:00:00,118.7
2025-06-27 11:00:00,118.60000000000001
2025-06-27 12:00:00,118.55
2025-06-27 13:00:00,118.61
2025-06-27 14:00:00,118.5
2025-06-27 15:00:00,118.45
2025-06-27 16:00:00,118.60000000000001
2025-06-27 17:00:00,118.71000000000001
2025-06-27 23:00:00,118.48
2025-06-30 07:00:00,118.74
2025-06-30 08:00:00,118.69
2025-06-30 09:00:00,118.72
2025-06-30 10:00:00,118.74
2025-06-30 11:00:00,118.85000000000001
2025-06-30 12:00:00,118.73
2025-06-30 13:00:00,118.72
2025-06-30 14:00:00,118.73
2025-06-30 15:00:00,118.66
2025-06-30 16:00:00,118.57000000000001
2025-06-30 17:00:00,118.69
2025-06-30 23:00:00,118.67
2025-07-01 07:00:00,118.82000000000001
2025-07-01 08:00:00,119.13
2025-07-01 09:00:00,119.14
2025-07-01 10:00:00,119.08
2025-07-01 11:00:00,119.12
2025-07-01 12:00:00,119.03
2025-07-01 13:00:00,118.98
2025-07-01 14:00:00,118.95
2025-07-01 15:00:00,118.79
2025-07-01 16:00:00,118.81
2025-07-01 17:00:00,118.9
2025-07-01 23:00:00,118.89
2025-07-02 07:00:00,118.65
2025-07-02 08:00:00,118.57000000000001
2025-07-02 09:00:00,118.57000000000001
2025-07-02 10:00:00,118.62
2025-07-02 11:00:00,118.72
2025-07-02 12:00:00,118.5
2025-07-02 13:00:00,118.21000000000001
2025-07-02 14:00:00,118.09
2025-07-02 15:00:00,118.3
2025-07-02 16:00:00,118.23
2025-07-02 17:00:00,118.18
2025-07-02 23:00:00,118.27
2025-07-03 07:00:00,118.46000000000001
2025-07-03 08:00:00,118.49
2025-07-03 09:00:00,118.55
2025-07-03 10:00:00,118.55
2025-07-03 11:00:00,118.72
2025-07-03 12:00:00,118.62
2025-07-03 13:00:00,118.51
2025-07-03 14:00:00,118.64
2025-07-03 15:00:00,118.75
2025-07-03 16:00:00,118.84
2025-07-03 17:00:00,118.85000000000001
2025-07-03 23:00:00,118.8
2025-07-04 07:00:00,119.01
2025-07-04 08:00:00,119.05
2025-07-04 09:00:00,119.13
2025-07-04 10:00:00,119.05
2025-07-04 11:00:00,119.01
2025-07-04 12:00:00,118.98
2025-07-04 13:00:00,118.95
2025-07-04 14:00:00,119.0
2025-07-04 15:00:00,118.94
2025-07-04 16:00:00,118.89
2025-07-04 17:00:00,118.93
2025-07-04 23:00:00,118.93
2025-07-07 07:00:00,118.87
2025-07-07 08:00:00,118.71000000000001
2025-07-07 09:00:00,118.85000000000001
2025-07-07 10:00:00,118.72
2025-07-07 11:00:00,118.62
2025-07-07 12:00:00,118.64
2025-07-07 13:00:00,118.58
2025-07-07 14:00:00,118.45
2025-07-07 15:00:00,118.43
2025-07-07 16:00:00,118.45
2025-07-07 17:00:00,118.45
2025-07-07 23:00:00,118.48
2025-07-08 07:00:00,118.26
2025-07-08 08:00:00,118.18
2025-07-08 09:00:00,117.98
2025-07-08 10:00:00,117.87
2025-07-08 11:00:00,118.01
2025-07-08 12:00:00,118.08
2025-07-08 13:00:00,118.01
2025-07-08 14:00:00,118.12
2025-07-08 15:00:00,118.11
2025-07-08 16:00:00,118.05
2025-07-08 17:00:00,118.01
2025-07-08 23:00:00,118.11
2025-07-09 07:00:00,118.19
2025-07-09 08:00:00,118.22
2025-07-09 09:00:00,118.16
2025-07-09 10:00:00,118.13
2025-07-09 11:00:00,118.17
2025-07-09 12:00:00,118.12
2025-07-09 13:00:00,118.2
2025-07-09 14:00:00,118.2
2025-07-09 15:00:00,118.23
2025-07-09 16:00:00,118.17
2025-07-09 17:00:00,118.22
2025-07-09 23:00:00,118.2
2025-07-10 07:00:00,118.32000000000001
2025-07-10 08:00:00,118.27
2025-07-10 09:00:00,118.29
2025-07-10 10:00:00,118.2
2025-07-10 11:00:00,118.22
2025-07-10 12:00:00,118.32000000000001
2025-07-10 13:00:00,118.18
2025-07-10 14:00:00,117.93
2025-07-10 15:00:00,117.93
2025-07-10 16:00:00,117.87
2025-07-10 17:00:00,117.83
2025-07-10 23:00:00,117.91
2025-07-11 07:00:00,117.88
2025-07-11 08:00:00,117.74
2025-07-11 09:00:00,117.62
2025-07-11 10:00:00,117.62
2025-07-11 11:00:00,117.74
2025-07-11 12:00:00,117.79
2025-07-11 13:00:00,117.86
2025-07-11 14:00:00,117.68
2025-07-11 15:00:00,117.79
2025-07-11 16:00:00,117.77
2025-07-11 17:00:00,117.7
2025-07-11 23:00:00,117.71000000000001
2025-07-14 07:00:00,117.7
2025-07-14 08:00:00,117.68
2025-07-14 09:00:00,117.65
2025-07-14 10:00:00,117.73
2025-07-14 11:00:00,117.75
2025-07-14 12:00:00,117.59
2025-07-14 13:00:00,117.53
2025-07-14 14:00:00,117.67
2025-07-14 15:00:00,117.60000000000001
2025-07-14 16:00:00,117.59
2025-07-14 17:00:00,117.66
2025-07-14 23:00:00,117.59
2025-07-15 07:00:00,117.85000000000001
2025-07-15 08:00:00,117.93
2025-07-15 09:00:00,117.99
2025-07-15 10:00:00,118.02
2025-07-15 11:00:00,118.15
2025-07-15 12:00:00,118.10000000000001
2025-07-15 13:00:00,118.21000000000001
2025-07-15 14:00:00,118.10000000000001
2025-07-15 15:00:00,117.83
2025-07-15 16:00:00,117.77
2025-07-15 17:00:00,117.77
2025-07-15 23:00:00,117.88
2025-07-16 07:00:00,117.63
2025-07-16 08:00:00,117.65
2025-07-16 09:00:00,117.78
2025-07-16 10:00:00,117.86
2025-07-16 11:00:00,117.83
2025-07-16 12:00:00,117.9
2025-07-16 13:00:00,117.99
2025-07-16 14:00:00,118.07000000000001
2025-07-16 15:00:00,118.03
2025-07-16 16:00:00,118.03
2025-07-16 17:00:00,118.03
2025-07-16 23:00:00,117.99
2025-07-17 07:00:00,117.87
2025-07-17 08:00:00,117.8
2025-07-17 09:00:00,117.85000000000001
2025-07-17 10:00:00,117.9
2025-07-17 11:00:00,117.98
2025-07-17 12:00:00,117.98
2025-07-17 13:00:00,117.96000000000001
2025-07-17 14:00:00,118.10000000000001
2025-07-17 15:00:00,118.18
2025-07-17 16:00:00,118.12
2025-07-17 17:00:00,117.95
2025-07-17 23:00:00,118.16
2025-07-18 07:00:00,117.97
2025-07-18 08:00:00,117.95
2025-07-18 09:00:00,117.87
2025-07-18 10:00:00,117.96000000000001
2025-07-18 11:00:00,117.95
2025-07-18 12:00:00,118.06
2025-07-18 13:00:00,118.03
2025-07-18 14:00:00,117.97
2025-07-18 15:00:00,117.93
2025-07-18 16:00:00,117.96000000000001
2025-07-18 17:00:00,118.10000000000001
2025-07-18 23:00:00,117.89
2025-07-21 07:00:00,118.36
2025-07-21 08:00:00,118.36
2025-07-21 09:00:00,118.42
2025-07-21 10:00:00,118.47
2025-07-21 11:00:00,118.59
2025-07-21 12:00:00,118.75
2025-07-21 13:00:00,118.79
2025-07-21 14:00:00,118.85000000000001
2025-07-21 15:00:00,118.85000000000001
2025-07-21 16:00:00,118.88
2025-07-21 17:00:00,118.87
2025-07-21 23:00:00,118.87
2025-07-22 07:00:00,118.68
2025-07-22 08:00:00,118.75
2025-07-22 09:00:00,118.66
2025-07-22 10:00:00,118.8
2025-07-22 11:00:00,118.75
2025-07-22 12:00:00,118.85000000000001
2025-07-22 13:00:00,118.87
2025-07-22 14:00:00,118.97
2025-07-22 15:00:00,119.05
2025-07-22 16:00:00,119.04
2025-07-22 17:00:00,119.02
2025-07-22 23:00:00,119.06
2025-07-23 07:00:00,118.89
2025-07-23 08:00:00,118.85000000000001
2025-07-23 09:00:00,118.82000000000001
2025-07-23 10:00:00,118.89
2025-07-23 11:00:00,118.98
2025-07-23 12:00:00,118.97
2025-07-23 13:00:00,118.99
2025-07-23 14:00:00,119.01
2025-07-23 15:00:00,119.06
2025-07-23 16:00:00,118.78
2025-07-23 17:00:00,118.57000000000001
2025-07-23 23:00:00,119.07000000000001
2025-07-24 07:00:00,118.52
2025-07-24 08:00:00,118.39
2025-07-24 09:00:00,118.54
2025-07-24 10:00:00,118.51
2025-07-24 11:00:00,118.4
2025-07-24 12:00:00,118.43
2025-07-24 13:00:00,118.32000000000001
2025-07-24 14:00:00,118.13
2025-07-24 15:00:00,118.13
2025-07-24 16:00:00,117.97
2025-07-24 17:00:00,117.99
2025-07-24 23:00:00,118.10000000000001
2025-07-25 07:00:00,117.7
2025-07-25 08:00:00,117.37
2025-07-25 09:00:00,117.39
2025-07-25 10:00:00,117.46000000000001
2025-07-25 11:00:00,117.66
2025-07-25 12:00:00,117.76
2025-07-25 13:00:00,117.71000000000001
2025-07-25 14:00:00,117.71000000000001
2025-07-25 15:00:00,117.88
2025-07-25 16:00:00,117.92
2025-07-25 17:00:00,118.05
2025-07-25 23:00:00,117.88
2025-07-28 07:00:00,118.08
2025-07-28 08:00:00,118.2
2025-07-28 09:00:00,118.24
2025-07-28 10:00:00,118.27
2025-07-28 11:00:00,118.26
2025-07-28 12:00:00,118.3
2025-07-28 13:00:00,118.3
2025-07-28 14:00:00,118.34
2025-07-28 15:00:00,118.41
2025-07-28 16:00:00,118.35000000000001
2025-07-28 17:00:00,118.39
2025-07-28 23:00:00,118.41
2025-07-29 07:00:00,118.37
2025-07-29 08:00:00,118.12
2025-07-29 09:00:00,118.26
2025-07-29 10:00:00,118.39
2025-07-29 11:00:00,118.54
2025-07-29 12:00:00,118.53
2025-07-29 13:00:00,118.43
2025-07-29 14:00:00,118.32000000000001
2025-07-29 15:00:00,118.44
2025-07-29 16:00:00,118.22
2025-07-29 17:00:00,118.34
2025-07-29 23:00:00,118.44
2025-07-30 07:00:00,118.23
2025-07-30 08:00:00,118.37
2025-07-30 09:00:00,118.35000000000001
2025-07-30 10:00:00,118.28
2025-07-30 11:00:00,118.43
2025-07-30 12:00:00,118.35000000000001
2025-07-30 13:00:00,118.2
2025-07-30 14:00:00,118.12
2025-07-30 15:00:00,118.21000000000001
2025-07-30 16:00:00,118.24
2025-07-30 17:00:00,118.38
2025-07-30 23:00:00,118.26
2025-07-31 07:00:00,118.47
2025-07-31 08:00:00,118.43
2025-07-31 09:00:00,118.42
2025-07-31 10:00:00,118.4
2025-07-31 11:00:00,118.27
2025-07-31 12:00:00,118.35000000000001
2025-07-31 13:00:00,118.34
2025-07-31 14:00:00,118.33
2025-07-31 15:00:00,118.4
2025-07-31 16:00:00,118.34
2025-07-31 17:00:00,118.39
2025-07-31 23:00:00,118.43
2025-08-01 07:00:00,118.06
2025-08-01 08:00:00,117.94
2025-08-01 09:00:00,118.07000000000001
2025-08-01 10:00:00,118.16
2025-08-01 11:00:00,118.04
2025-08-01 12:00:00,117.99
2025-08-01 13:00:00,118.5
2025-08-01 14:00:00,118.57000000000001
2025-08-01 15:00:00,118.53
2025-08-01 16:00:00,118.33
2025-08-01 17:00:00,118.3
2025-08-01 23:00:00,118.4
2025-08-04 07:00:00,118.39
2025-08-04 08:00:00,118.3
2025-08-04 09:00:00,118.36
2025-08-04 10:00:00,118.57000000000001
2025-08-04 11:00:00,118.83
2025-08-04 12:00:00,118.89
2025-08-04 13:00:00,118.87
2025-08-04 14:00:00,118.93
2025-08-04 15:00:00,118.96000000000001
2025-08-04 16:00:00,119.09
2025-08-04 17:00:00,119.13
2025-08-04 23:00:00,118.98
2025-08-05 07:00:00,119.11
2025-08-05 08:00:00,119.26
2025-08-05 09:00:00,119.0
2025-08-05 10:00:00,119.08
2025-08-05 11:00:00,119.02
2025-08-05 12:00:00,118.93
2025-08-05 13:00:00,119.0
2025-08-05 14:00:00,119.16
2025-08-05 15:00:00,119.15
2025-08-05 16:00:00,119.11
2025-08-05 17:00:00,119.14
2025-08-05 23:00:00,119.15
2025-08-06 07:00:00,118.98
2025-08-06 08:00:00,119.04
2025-08-06 09:00:00,118.93
2025-08-06 10:00:00,118.91
2025-08-06 11:00:00,118.92
2025-08-06 12:00:00,119.01
2025-08-06 13:00:00,119.08
2025-08-06 14:00:00,119.10000000000001
2025-08-06 15:00:00,119.05
2025-08-06 16:00:00,118.93
2025-08-06 17:00:00,118.88
2025-08-06 23:00:00,119.05
2025-08-07 07:00:00,118.9
2025-08-07 08:00:00,118.93
2025-08-07 09:00:00,119.17
2025-08-07 10:00:00,119.02
2025-08-07 11:00:00,118.93
2025-08-07 12:00:00,118.92
2025-08-07 13:00:00,119.01
2025-08-07 14:00:00,119.11
2025-08-07 15:00:00,119.10000000000001
2025-08-07 16:00:00,119.16
2025-08-07 17:00:00,119.15
2025-08-07 23:00:00,119.10000000000001
2025-08-08 07:00:00,119.06
2025-08-08 08:00:00,119.02
2025-08-08 09:00:00,118.94
2025-08-08 10:00:00,119.07000000000001
2025-08-08 11:00:00,119.09
2025-08-08 12:00:00,119.0
2025-08-08 13:00:00,118.82000000000001
2025-08-08 14:00:00,118.56
2025-08-08 15:00:00,118.67
2025-08-08 16:00:00,118.66
2025-08-08 17:00:00,118.54
2025-08-08 23:00:00,118.67
2025-08-11 07:00:00,118.77
2025-08-11 08:00:00,118.93
2025-08-11 09:00:00,118.78
2025-08-11 10:00:00,118.78
2025-08-11 11:00:00,118.62
2025-08-11 12:00:00,118.68
2025-08-11 13:00:00,118.67
2025-08-11 14:00:00,118.62
2025-08-11 15:00:00,118.60000000000001
2025-08-11 16:00:00,118.60000000000001
2025-08-11 17:00:00,118.66
2025-08-11 23:00:00,118.61
2025-08-12 07:00:00,118.59
2025-08-12 08:00:00,118.59
2025-08-12 09:00:00,118.57000000000001
2025-08-12 10:00:00,118.59
2025-08-12 11:00:00,118.44
2025-08-12 12:00:00,118.44
2025-08-12 13:00:00,118.47
2025-08-12 14:00:00,118.10000000000001
2025-08-12 15:00:00,118.16
2025-08-12 16:00:00,118.21000000000001
2025-08-12 17:00:00,118.23
2025-08-12 23:00:00,118.19
2025-08-13 07:00:00,118.4
2025-08-13 08:00:00,118.63
2025-08-13 09:00:00,118.74
2025-08-13 10:00:00,118.78
2025-08-13 11:00:00,118.76
2025-08-13 12:00:00,118.67
2025-08-13 13:00:00,118.72
2025-08-13 14:00:00,118.82000000000001
2025-08-13 15:00:00,118.92
2025-08-13 16:00:00,118.93
2025-08-13 17:00:00,118.97
2025-08-13 23:00:00,118.95
2025-08-14 07:00:00,119.05
2025-08-14 08:00:00,119.12
2025-08-14 09:00:00,119.16
2025-08-14 10:00:00,119.08
2025-08-14 11:00:00,119.05
2025-08-14 12:00:00,119.06
2025-08-14 13:00:00,118.76
2025-08-14 14:00:00,118.67
2025-08-14 15:00:00,118.67
2025-08-14 16:00:00,118.60000000000001
2025-08-14 17:00:00,118.59
2025-08-14 23:00:00,118.63
2025-08-15 07:00:00,118.61
2025-08-15 08:00:00,118.46000000000001
2025-08-15 09:00:00,118.37
2025-08-15 10:00:00,118.23
2025-08-15 11:00:00,118.21000000000001
2025-08-15 12:00:00,118.17
2025-08-15 13:00:00,118.08
2025-08-15 14:00:00,117.88
2025-08-15 15:00:00,117.89
2025-08-15 16:00:00,117.71000000000001
2025-08-15 17:00:00,117.67
2025-08-15 23:00:00,117.84
2025-08-18 07:00:00,117.84
2025-08-18 08:00:00,118.24
2025-08-18 09:00:00,118.23
2025-08-18 10:00:00,118.16
2025-08-18 11:00:00,118.10000000000001
2025-08-18 12:00:00,118.19
2025-08-18 13:00:00,118.07000000000001
2025-08-18 14:00:00,118.0
2025-08-18 15:00:00,117.95
2025-08-18 16:00:00,118.0
2025-08-18 17:00:00,118.03
2025-08-18 23:00:00,117.93
2025-08-19 07:00:00,117.9
2025-08-19 08:00:00,117.81
2025-08-19 09:00:00,117.89
2025-08-19 10:00:00,118.06
2025-08-19 11:00:00,118.0
2025-08-19 12:00:00,117.97
2025-08-19 13:00:00,117.85000000000001
2025-08-19 14:00:00,118.07000000000001
2025-08-19 15:00:00,118.08
2025-08-19 16:00:00,118.01
2025-08-19 17:00:00,117.97
2025-08-19 23:00:00,118.06
2025-08-20 07:00:00,118.10000000000001
2025-08-20 08:00:00,118.07000000000001
2025-08-20 09:00:00,118.21000000000001
2025-08-20 10:00:00,118.21000000000001
2025-08-20 11:00:00,118.23
2025-08-20 12:00:00,118.12
2025-08-20 13:00:00,118.18
2025-08-20 14:00:00,118.31
2025-08-20 15:00:00,118.33
2025-08-20 16:00:00,118.29
2025-08-20 17:00:00,118.26
2025-08-20 23:00:00,118.29
2025-08-21 07:00:00,118.41
2025-08-21 08:00:00,118.02
2025-08-21 09:00:00,118.16
2025-08-21 10:00:00,118.06
2025-08-21 11:00:00,118.03
2025-08-21 12:00:00,117.83
2025-08-21 13:00:00,117.95
2025-08-21 14:00:00,117.84
2025-08-21 15:00:00,117.85000000000001
2025-08-21 16:00:00,117.82000000000001
2025-08-21 17:00:00,117.82000000000001
2025-08-21 23:00:00,117.81
2025-08-22 07:00:00,117.8
2025-08-22 08:00:00,117.88
2025-08-22 09:00:00,117.97
2025-08-22 10:00:00,117.89
2025-08-22 11:00:00,117.98
2025-08-22 12:00:00,117.96000000000001
2025-08-22 13:00:00,117.96000000000001
2025-08-22 14:00:00,118.0
2025-08-22 15:00:00,118.26
2025-08-22 16:00:00,118.31
2025-08-22 17:00:00,118.31
2025-08-22 23:00:00,118.34
2025-08-25 07:00:00,118.15
2025-08-25 08:00:00,118.01
2025-08-25 09:00:00,118.0
2025-08-25 10:00:00,117.95
2025-08-25 11:00:00,117.82000000000001
2025-08-25 12:00:00,117.74
2025-08-25 13:00:00,117.83
2025-08-25 14:00:00,117.75
2025-08-25 15:00:00,117.75
2025-08-25 16:00:00,117.71000000000001
2025-08-25 17:00:00,117.76
2025-08-25 23:00:00,117.78
2025-08-26 07:00:00,117.91
2025-08-26 08:00:00,117.85000000000001
2025-08-26 09:00:00,117.86
2025-08-26 10:00:00,117.95
2025-08-26 11:00:00,117.9
2025-08-26 12:00:00,117.79
2025-08-26 13:00:00,117.87
2025-08-26 14:00:00,117.92
2025-08-26 15:00:00,117.99
2025-08-26 16:00:00,118.08
2025-08-26 17:00:00,118.11
2025-08-26 23:00:00,118.03
2025-08-27 07:00:00,118.01
2025-08-27 08:00:00,118.18
2025-08-27 09:00:00,118.22
2025-08-27 10:00:00,118.14
2025-08-27 11:00:00,118.15
2025-08-27 12:00:00,118.11
2025-08-27 13:00:00,117.92
2025-08-27 14:00:00,117.82000000000001
2025-08-27 15:00:00,117.8
2025-08-27 16:00:00,117.93
2025-08-27 17:00:00,118.01
2025-08-27 23:00:00,118.0
2025-08-28 07:00:00,118.17
2025-08-28 08:00:00,118.21000000000001
2025-08-28 09:00:00,118.15
2025-08-28 10:00:00,118.01
2025-08-28 11:00:00,117.92
2025-08-28 12:00:00,117.96000000000001
2025-08-28 13:00:00,118.12
2025-08-28 14:00:00,118.17
2025-08-28 15:00:00,118.2
2025-08-28 16:00:00,118.27
2025-08-28 17:00:00,118.22
2025-08-28 23:00:00,118.24
2025-08-29 07:00:00,118.22
2025-08-29 08:00:00,118.18
2025-08-29 09:00:00,118.05
2025-08-29 10:00:00,117.98
2025-08-29 11:00:00,117.98
2025-08-29 12:00:00,117.96000000000001
2025-08-29 13:00:00,117.95
2025-08-29 14:00:00,117.88
2025-08-29 15:00:00,117.93
2025-08-29 16:00:00,117.86
2025-08-29 17:00:00,117.98
2025-08-29 23:00:00,117.92
2025-09-01 07:00:00,117.66
2025-09-01 08:00:00,117.63
2025-09-01 09:00:00,117.67
2025-09-01 10:00:00,117.73
2025-09-01 11:00:00,117.78
2025-09-01 12:00:00,117.58
2025-09-01 13:00:00,117.65
2025-09-01 14:00:00,117.7
2025-09-01 15:00:00,117.65
2025-09-01 16:00:00,117.66
2025-09-01 17:00:00,117.68
2025-09-01 23:00:00,117.60000000000001
2025-09-02 07:00:00,117.42
2025-09-02 08:00:00,117.23
2025-09-02 09:00:00,117.29
2025-09-02 10:00:00,117.27
2025-09-02 11:00:00,117.17
2025-09-02 12:00:00,117.12
2025-09-02 13:00:00,117.02
2025-09-02 14:00:00,117.11
2025-09-02 15:00:00,117.13
2025-09-02 16:00:00,117.08
2025-09-02 17:00:00,117.14
2025-09-02 23:00:00,117.07000000000001
2025-09-03 07:00:00,117.16
2025-09-03 08:00:00,117.21000000000001
2025-09-03 09:00:00,117.25
2025-09-03 10:00:00,117.3
2025-09-03 11:00:00,117.33
2025-09-03 12:00:00,117.4
2025-09-03 13:00:00,117.39
2025-09-03 14:00:00,117.58
2025-09-03 15:00:00,117.58
2025-09-03 16:00:00,117.63
2025-09-03 17:00:00,117.66
2025-09-03 23:00:00,117.59
2025-09-04 07:00:00,117.76
2025-09-04 08:00:00,117.91
2025-09-04 09:00:00,117.85000000000001
2025-09-04 10:00:00,118.08
2025-09-04 11:00:00,117.97
2025-09-04 12:00:00,117.98
2025-09-04 13:00:00,118.02
2025-09-04 14:00:00,118.01
2025-09-04 15:00:00,117.94
2025-09-04 16:00:00,118.03
2025-09-04 17:00:00,118.09
2025-09-04 17:00:01,118.09
2025-09-04 23:00:00,117.94
2025-09-05 07:00:00,118.27000000000001
2025-09-05 08:00:00,118.18
2025-09-05 09:00:00,118.21000000000001
2025-09-05 10:00:00,118.21000000000001
2025-09-05 11:00:00,118.29
2025-09-05 12:00:00,118.27000000000001
2025-09-05 13:00:00,118.54
2025-09-05 14:00:00,118.66
2025-09-05 15:00:00,118.64
2025-09-05 16:00:00,118.63000000000001
2025-09-05 17:00:00,118.55
2025-09-05 23:00:00,118.66
2025-09-08 07:00:00,118.62
2025-09-08 08:00:00,118.77000000000001
2025-09-08 09:00:00,118.74000000000001
2025-09-08 10:00:00,118.73
2025-09-08 11:00:00,118.7
2025-09-08 12:00:00,118.87
2025-09-08 13:00:00,118.91
2025-09-08 14:00:00,118.93
2025-09-08 15:00:00,118.93
2025-09-08 16:00:00,118.92
2025-09-08 17:00:00,118.89
2025-09-08 23:00:00,118.94
2025-09-09 07:00:00,118.86
2025-09-09 08:00:00,118.79
2025-09-09 09:00:00,118.85000000000001
2025-09-09 10:00:00,118.86
2025-09-09 11:00:00,118.87
2025-09-09 12:00:00,118.75
2025-09-09 13:00:00,118.8
2025-09-09 14:00:00,118.88000000000001
2025-09-09 15:00:00,118.84
2025-09-09 16:00:00,118.84
2025-09-09 17:00:00,118.9
2025-09-09 23:00:00,118.8
2025-09-10 07:00:00,118.95
2025-09-10 08:00:00,118.95
2025-09-10 09:00:00,118.92
2025-09-10 10:00:00,118.91
2025-09-10 11:00:00,118.85000000000001
2025-09-10 12:00:00,118.85000000000001
2025-09-10 13:00:00,118.89
2025-09-10 14:00:00,118.93
2025-09-10 15:00:00,118.92
2025-09-10 16:00:00,118.97
2025-09-10 17:00:00,119.03
2025-09-10 23:00:00,118.92
2025-09-11 07:00:00,118.9
2025-09-11 08:00:00,118.98
2025-09-11 09:00:00,118.97
2025-09-11 10:00:00,119.06
2025-09-11 11:00:00,119.05
2025-09-11 12:00:00,118.94
2025-09-11 13:00:00,119.02000000000001
2025-09-11 14:00:00,118.92
2025-09-11 15:00:00,119.05
2025-09-11 16:00:00,119.09
2025-09-11 17:00:00,119.09
2025-09-11 23:00:00,119.01
2025-09-12 07:00:00,118.97
2025-09-12 08:00:00,119.01
2025-09-12 09:00:00,118.82000000000001
2025-09-12 10:00:00,118.78
2025-09-12 11:00:00,118.8
2025-09-12 12:00:00,118.55
2025-09-12 13:00:00,118.47
2025-09-12 14:00:00,118.5
2025-09-12 15:00:00,118.54
2025-09-12 16:00:00,118.44
2025-09-12 17:00:00,118.52000000000001
2025-09-12 23:00:00,118.51
2025-09-15 07:00:00,118.54
2025-09-15 08:00:00,118.72
2025-09-15 09:00:00,118.78
2025-09-15 10:00:00,118.79
2025-09-15 11:00:00,118.81
2025-09-15 12:00:00,118.78
2025-09-15 13:00:00,118.81
2025-09-15 14:00:00,118.81
2025-09-15 15:00:00,118.84
2025-09-15 16:00:00,118.87
2025-09-15 17:00:00,118.87
2025-09-15 23:00:00,118.85000000000001
2025-09-16 07:00:00,118.94
2025-09-16 08:00:00,118.94
2025-09-16 09:00:00,118.95
2025-09-16 10:00:00,118.82000000000001
2025-09-16 11:00:00,118.83
2025-09-16 12:00:00,118.83
2025-09-16 13:00:00,118.66
2025-09-16 14:00:00,118.78
2025-09-16 15:00:00,118.78
2025-09-16 16:00:00,118.84
2025-09-16 17:00:00,118.87
2025-09-16 23:00:00,118.76
2025-09-17 07:00:00,118.93
2025-09-17 08:00:00,118.86
2025-09-17 09:00:00,118.87
2025-09-17 10:00:00,118.85000000000001
2025-09-17 11:00:00,118.87
2025-09-17 12:00:00,118.91
2025-09-17 13:00:00,118.97
2025-09-17 14:00:00,118.92
2025-09-17 15:00:00,118.87
2025-09-17 16:00:00,118.96000000000001
2025-09-17 17:00:00,118.96000000000001
2025-09-17 23:00:00,118.93
2025-09-18 07:00:00,119.03
2025-09-18 08:00:00,118.92
2025-09-18 09:00:00,118.88000000000001
2025-09-18 10:00:00,119.01
2025-09-18 11:00:00,118.94
2025-09-18 12:00:00,118.87
2025-09-18 13:00:00,118.61
2025-09-18 14:00:00,118.5
2025-09-18 15:00:00,118.56
2025-09-18 16:00:00,118.47
2025-09-18 17:00:00,118.62
2025-09-18 23:00:00,118.55
2025-09-19 07:00:00,118.43
2025-09-19 08:00:00,118.35000000000001
2025-09-19 09:00:00,118.39
2025-09-19 10:00:00,118.32000000000001
2025-09-19 11:00:00,118.34
2025-09-19 12:00:00,118.34
2025-09-19 13:00:00,118.33
2025-09-19 14:00:00,118.39
2025-09-19 15:00:00,118.37
2025-09-19 16:00:00,118.39
2025-09-19 17:00:00,118.45
2025-09-19 23:00:00,118.32000000000001
2025-09-22 07:00:00,118.36
2025-09-22 08:00:00,118.35000000000001
2025-09-22 09:00:00,118.4
2025-09-22 10:00:00,118.46000000000001
2025-09-22 11:00:00,118.46000000000001
2025-09-22 12:00:00,118.44
2025-09-22 13:00:00,118.34
2025-09-22 14:00:00,118.38000000000001
2025-09-22 15:00:00,118.37
2025-09-22 16:00:00,118.3
2025-09-22 17:00:00,118.36
2025-09-22 23:00:00,118.39
2025-09-23 07:00:00,118.48
2025-09-23 08:00:00,118.38000000000001
2025-09-23 09:00:00,118.39
2025-09-23 10:00:00,118.38000000000001
2025-09-23 11:00:00,118.35000000000001
2025-09-23 12:00:00,118.37
2025-09-23 13:00:00,118.35000000000001
2025-09-23 14:00:00,118.36
2025-09-23 15:00:00,118.28
2025-09-23 16:00:00,118.32000000000001
2025-09-23 17:00:00,118.26
2025-09-23 23:00:00,118.26
2025-09-24 07:00:00,118.35000000000001
2025-09-24 08:00:00,118.28
2025-09-24 09:00:00,118.29
2025-09-24 10:00:00,118.31
2025-09-24 11:00:00,118.24000000000001
2025-09-24 12:00:00,118.08
2025-09-24 13:00:00,118.11
2025-09-24 14:00:00,118.09
2025-09-24 15:00:00,118.17
2025-09-24 16:00:00,118.14
2025-09-24 17:00:00,118.11
2025-09-24 23:00:00,118.11
2025-09-25 07:00:00,118.03
2025-09-25 08:00:00,118.11
2025-09-25 09:00:00,118.09
2025-09-25 10:00:00,118.07000000000001
2025-09-25 11:00:00,118.02000000000001
2025-09-25 12:00:00,117.89
2025-09-25 13:00:00,117.72
2025-09-25 14:00:00,117.78
2025-09-25 15:00:00,117.86
2025-09-25 16:00:00,117.77000000000001
2025-09-25 17:00:00,117.82000000000001
2025-09-25 23:00:00,117.81
2025-09-26 07:00:00,117.87
2025-09-26 08:00:00,117.88000000000001
2025-09-26 09:00:00,117.84
2025-09-26 10:00:00,117.87
2025-09-26 11:00:00,117.9
2025-09-26 12:00:00,118.01
2025-09-26 13:00:00,118.06
2025-09-26 14:00:00,117.96000000000001
2025-09-26 15:00:00,118.13000000000001
2025-09-26 16:00:00,118.0
2025-09-26 17:00:00,117.97
2025-09-26 23:00:00,118.05
2025-09-29 07:00:00,118.21000000000001
2025-09-29 08:00:00,118.3
2025-09-29 09:00:00,118.27000000000001
2025-09-29 10:00:00,118.26
2025-09-29 11:00:00,118.25
2025-09-29 12:00:00,118.28
2025-09-29 13:00:00,118.22
2025-09-29 14:00:00,118.29
2025-09-29 15:00:00,118.34
2025-09-29 16:00:00,118.42
2025-09-29 17:00:00,118.44
2025-09-29 23:00:00,118.38000000000001
2025-09-30 07:00:00,118.52000000000001
2025-09-30 08:00:00,118.49000000000001
2025-09-30 09:00:00,118.46000000000001
2025-09-30 10:00:00,118.44
2025-09-30 11:00:00,118.3
2025-09-30 12:00:00,118.32000000000001
2025-09-30 13:00:00,118.34
2025-09-30 14:00:00,118.42
2025-09-30 15:00:00,118.43
2025-09-30 16:00:00,118.42
2025-09-30 17:00:00,118.46000000000001
2025-09-30 23:00:00,118.43
2025-10-01 07:00:00,118.15
2025-10-01 08:00:00,118.16
2025-10-01 09:00:00,118.16
2025-10-01 10:00:00,118.33
2025-10-01 11:00:00,118.44
2025-10-01 12:00:00,118.42
2025-10-01 13:00:00,118.57000000000001
2025-10-01 14:00:00,118.67
2025-10-01 15:00:00,118.56
2025-10-01 16:00:00,118.48
2025-10-01 17:00:00,118.48
2025-10-01 23:00:00,118.52000000000001
2025-10-02 07:00:00,118.48
2025-10-02 08:00:00,118.45
2025-10-02 09:00:00,118.48
2025-10-02 10:00:00,118.59
2025-10-02 11:00:00,118.61
2025-10-02 12:00:00,118.48
2025-10-02 13:00:00,118.39
2025-10-02 14:00:00,118.42
2025-10-02 15:00:00,118.49000000000001
2025-10-02 16:00:00,118.56
2025-10-02 17:00:00,118.65
2025-10-02 23:00:00,118.49000000000001
2025-10-03 07:00:00,118.56
2025-10-03 08:00:00,118.61
2025-10-03 09:00:00,118.51
2025-10-03 10:00:00,118.64
2025-10-03 11:00:00,118.60000000000001
2025-10-03 12:00:00,118.63000000000001
2025-10-03 13:00:00,118.60000000000001
2025-10-03 14:00:00,118.63000000000001
2025-10-03 15:00:00,118.55
2025-10-03 16:00:00,118.62
2025-10-03 17:00:00,118.56
2025-10-03 23:00:00,118.56
2025-10-06 07:00:00,118.4
2025-10-06 08:00:00,118.29
2025-10-06 09:00:00,118.27000000000001
2025-10-06 10:00:00,118.27000000000001
2025-10-06 11:00:00,118.28
2025-10-06 12:00:00,118.33
2025-10-06 13:00:00,118.22
2025-10-06 14:00:00,118.36
2025-10-06 15:00:00,118.4
2025-10-06 16:00:00,118.38000000000001
2025-10-06 17:00:00,118.29
2025-10-06 23:00:00,118.38000000000001
2025-10-07 07:00:00,118.22
2025-10-07 08:00:00,118.11
2025-10-07 09:00:00,118.14
2025-10-07 10:00:00,118.23
2025-10-07 11:00:00,118.16
2025-10-07 12:00:00,118.13000000000001
2025-10-07 13:00:00,118.17
2025-10-07 14:00:00,118.28
2025-10-07 15:00:00,118.32000000000001
2025-10-07 16:00:00,118.41
2025-10-07 17:00:00,118.42
2025-10-07 23:00:00,118.37
2025-10-08 07:00:00,118.63000000000001
2025-10-08 08:00:00,118.73
2025-10-08 09:00:00,118.81
2025-10-08 10:00:00,118.79
2025-10-08 11:00:00,118.97
2025-10-08 12:00:00,118.97
2025-10-08 13:00:00,118.93
2025-10-08 14:00:00,118.9
2025-10-08 15:00:00,118.94
2025-10-08 16:00:00,118.95
2025-10-08 17:00:00,118.96000000000001
2025-10-08 23:00:00,118.96000000000001
2025-10-09 07:00:00,118.94
2025-10-09 08:00:00,118.93
2025-10-09 09:00:00,118.84
2025-10-09 10:00:00,118.86
2025-10-09 11:00:00,119.01
2025-10-09 12:00:00,118.91
2025-10-09 13:00:00,118.89
2025-10-09 14:00:00,118.78
2025-10-09 15:00:00,118.71000000000001
2025-10-09 16:00:00,118.68
2025-10-09 17:00:00,118.60000000000001
2025-10-09 23:00:00,118.60000000000001
2025-10-10 07:00:00,118.84
2025-10-10 08:00:00,118.86
2025-10-10 09:00:00,118.83
2025-10-10 10:00:00,118.85000000000001
2025-10-10 11:00:00,118.9
2025-10-10 12:00:00,118.98
2025-10-10 13:00:00,119.0
2025-10-10 14:00:00,119.0
2025-10-10 15:00:00,119.10000000000001
2025-10-10 16:00:00,119.08
2025-10-10 17:00:00,119.09
2025-10-10 23:00:00,119.09
2025-10-13 07:00:00,119.09
2025-10-13 08:00:00,119.11
2025-10-13 09:00:00,119.18
2025-10-13 10:00:00,119.22
2025-10-13 11:00:00,119.26
2025-10-13 12:00:00,119.28
2025-10-13 13:00:00,119.27000000000001
2025-10-13 14:00:00,119.3
2025-10-13 15:00:00,119.27000000000001
2025-10-13 16:00:00,119.33
2025-10-13 17:00:00,119.36
2025-10-13 23:00:00,119.36
2025-10-14 07:00:00,119.48
2025-10-14 08:00:00,119.54
2025-10-14 09:00:00,119.55
2025-10-14 10:00:00,119.57000000000001
2025-10-14 11:00:00,119.58
2025-10-14 12:00:00,119.51
2025-10-14 13:00:00,119.59
2025-10-14 14:00:00,119.63000000000001
2025-10-14 15:00:00,119.65
2025-10-14 16:00:00,119.69
2025-10-14 17:00:00,119.81
2025-10-14 23:00:00,119.81
2025-10-15 07:00:00,119.9
2025-10-15 08:00:00,119.91
2025-10-15 09:00:00,119.88000000000001
2025-10-15 10:00:00,119.94
2025-10-15 11:00:00,119.94
2025-10-15 12:00:00,119.98
2025-10-15 13:00:00,119.97
2025-10-15 14:00:00,120.09
2025-10-15 15:00:00,120.18
2025-10-15 16:00:00,120.05
2025-10-15 17:00:00,120.02000000000001
2025-10-15 23:00:00,120.02000000000001
2025-10-16 07:00:00,119.99000000000001
2025-10-16 08:00:00,120.03
2025-10-16 09:00:00,120.07000000000001
2025-10-16 10:00:00,120.16
2025-10-16 11:00:00,120.16
2025-10-16 12:00:00,120.15
2025-10-16 13:00:00,120.25
2025-10-16 14:00:00,120.2
2025-10-16 15:00:00,120.23
2025-10-16 16:00:00,120.26
2025-10-16 17:00:00,120.31
2025-10-16 23:00:00,120.31
2025-10-17 07:00:00,120.42
2025-10-17 08:00:00,120.3
2025-10-17 09:00:00,120.24000000000001
2025-10-17 10:00:00,120.26
2025-10-17 11:00:00,120.23
2025-10-17 12:00:00,120.16
2025-10-17 13:00:00,120.16
2025-10-17 14:00:00,120.12
2025-10-17 15:00:00,120.05
2025-10-17 16:00:00,120.08
2025-10-17 17:00:00,120.07000000000001
2025-10-17 23:00:00,120.05
2025-10-20 07:00:00,120.06
2025-10-20 08:00:00,120.03
2025-10-20 09:00:00,119.98
2025-10-20 10:00:00,120.0
2025-10-20 11:00:00,120.03
2025-10-20 12:00:00,120.05
2025-10-20 13:00:00,120.12
2025-10-20 14:00:00,120.13000000000001
2025-10-20 15:00:00,120.11
2025-10-20 16:00:00,120.21000000000001
2025-10-20 17:00:00,120.18
2025-10-20 23:00:00,120.16
2025-10-21 07:00:00,120.31
2025-10-21 08:00:00,120.27000000000001
2025-10-21 09:00:00,120.25
2025-10-21 10:00:00,120.22
2025-10-21 11:00:00,120.25
2025-10-21 12:00:00,120.3
2025-10-21 13:00:00,120.33
2025-10-21 14:00:00,120.43
2025-10-21 15:00:00,120.43
2025-10-21 16:00:00,120.41
2025-10-21 17:00:00,120.41
2025-10-21 23:00:00,120.39
2025-10-22 07:00:00,120.46000000000001
2025-10-22 08:00:00,120.39
2025-10-22 09:00:00,120.41
2025-10-22 10:00:00,120.46000000000001
2025-10-22 11:00:00,120.5
2025-10-22 12:00:00,120.49000000000001
2025-10-22 13:00:00,120.37
2025-10-22 14:00:00,120.34
2025-10-22 15:00:00,120.28
2025-10-22 16:00:00,120.37
2025-10-22 17:00:00,120.39
2025-10-22 23:00:00,120.35000000000001
2025-10-23 07:00:00,120.26
2025-10-23 08:00:00,120.27000000000001
2025-10-23 09:00:00,120.2
2025-10-23 10:00:00,120.22
2025-10-23 11:00:00,120.17
2025-10-23 12:00:00,120.18
2025-10-23 13:00:00,120.22
2025-10-23 14:00:00,120.2
2025-10-23 15:00:00,120.17
2025-10-23 16:00:00,120.15
2025-10-23 17:00:00,120.13000000000001
2025-10-23 23:00:00,120.17
2025-10-24 07:00:00,120.19
2025-10-24 08:00:00,119.91
2025-10-24 09:00:00,119.77000000000001
2025-10-24 10:00:00,119.84
2025-10-24 11:00:00,119.83
2025-10-24 12:00:00,119.82000000000001
2025-10-24 13:00:00,119.82000000000001
2025-10-24 14:00:00,119.77000000000001
2025-10-24 15:00:00,119.77000000000001
2025-10-24 16:00:00,119.77000000000001
2025-10-24 17:00:00,119.81
2025-10-24 23:00:00,119.75
2025-10-27 07:00:00,119.71000000000001
2025-10-27 08:00:00,119.77000000000001
2025-10-27 09:00:00,119.82000000000001
2025-10-27 10:00:00,119.82000000000001
2025-10-27 11:00:00,119.85000000000001
2025-10-27 12:00:00,119.85000000000001
2025-10-27 13:00:00,119.86
2025-10-27 14:00:00,119.91
2025-10-27 15:00:00,119.95
2025-10-27 16:00:00,119.97
2025-10-27 17:00:00,119.98
2025-10-27 23:00:00,119.95
2025-10-28 07:00:00,119.98
2025-10-28 08:00:00,119.98
2025-10-28 09:00:00,119.94
2025-10-28 10:00:00,119.97
2025-10-28 11:00:00,119.92
2025-10-28 12:00:00,119.93
2025-10-28 13:00:00,119.92
2025-10-28 14:00:00,119.94
2025-10-28 15:00:00,119.98
2025-10-28 16:00:00,119.95
2025-10-28 17:00:00,119.98
2025-10-28 23:00:00,119.94
2025-10-29 07:00:00,120.01
2025-10-29 08:00:00,119.98
2025-10-29 09:00:00,119.95
2025-10-29 10:00:00,120.05
2025-10-29 11:00:00,120.01
2025-10-29 12:00:00,120.07000000000001
2025-10-29 13:00:00,120.06
2025-10-29 14:00:00,120.04
2025-10-29 15:00:00,120.05
2025-10-29 16:00:00,120.07000000000001
2025-10-29 17:00:00,120.05
2025-10-29 23:00:00,120.04
2025-10-30 07:00:00,119.86
2025-10-30 08:00:00,119.86
2025-10-30 09:00:00,119.8
2025-10-30 10:00:00,119.76
2025-10-30 11:00:00,119.73
2025-10-30 12:00:00,119.72
2025-10-30 13:00:00,119.83
2025-10-30 14:00:00,119.89
2025-10-30 15:00:00,119.93
2025-10-30 16:00:00,119.92
2025-10-30 17:00:00,119.99000000000001
2025-10-30 23:00:00,119.93
2025-10-31 07:00:00,119.85000000000001
2025-10-31 08:00:00,119.92
2025-10-31 09:00:00,119.9
2025-10-31 10:00:00,119.92
2025-10-31 11:00:00,119.95
2025-10-31 12:00:00,120.04
2025-10-31 13:00:00,120.02000000000001
2025-10-31 14:00:00,119.97
2025-10-31 15:00:00,119.99000000000001
2025-10-31 16:00:00,120.05
2025-10-31 17:00:00,120.12
2025-10-31 23:00:00,120.02000000000001
2025-11-03 07:00:00,120.03
2025-11-03 08:00:00,120.10000000000001
2025-11-03 09:00:00,120.06
2025-11-03 10:00:00,120.01
2025-11-03 11:00:00,119.99000000000001
2025-11-03 12:00:00,119.91
2025-11-03 13:00:00,119.96000000000001
2025-11-03 14:00:00,119.99000000000001
2025-11-03 15:00:00,120.0
2025-11-03 16:00:00,119.82000000000001
2025-11-03 17:00:00,119.84
2025-11-03 23:00:00,119.88000000000001
2025-11-04 07:00:00,119.84
2025-11-04 08:00:00,119.91
2025-11-04 09:00:00,119.91
2025-11-04 10:00:00,119.88000000000001
2025-11-04 11:00:00,119.91
2025-11-04 12:00:00,119.93
2025-11-04 13:00:00,119.94
2025-11-04 14:00:00,119.96000000000001
2025-11-04 15:00:00,119.97
2025-11-04 16:00:00,119.88000000000001
2025-11-04 17:00:00,119.88000000000001
2025-11-04 23:00:00,119.94
2025-11-05 07:00:00,119.98
2025-11-05 08:00:00,119.96000000000001
2025-11-05 09:00:00,119.88000000000001
2025-11-05 10:00:00,119.87
2025-11-05 11:00:00,119.88000000000001
2025-11-05 12:00:00,119.88000000000001
2025-11-05 13:00:00,119.84
2025-11-05 14:00:00,119.85000000000001
2025-11-05 15:00:00,119.71000000000001
2025-11-05 16:00:00,119.7
2025-11-05 17:00:00,119.64
2025-11-05 23:00:00,119.71000000000001
2025-11-06 07:00:00,119.77000000000001
2025-11-06 08:00:00,119.79
2025-11-06 09:00:00,119.75
2025-11-06 10:00:00,119.72
2025-11-06 11:00:00,119.69
2025-11-06 12:00:00,119.67
2025-11-06 13:00:00,119.76
2025-11-06 14:00:00,119.8
2025-11-06 15:00:00,119.76
2025-11-06 16:00:00,119.8
2025-11-06 17:00:00,119.7
2025-11-06 23:00:00,119.76
2025-11-07 07:00:00,119.65
2025-11-07 08:00:00,119.67
2025-11-07 09:00:00,119.65
2025-11-07 10:00:00,119.61
2025-11-07 11:00:00,119.72
2025-11-07 12:00:00,119.73
2025-11-07 13:00:00,119.62
2025-11-07 14:00:00,119.58
2025-11-07 15:00:00,119.59
2025-11-07 16:00:00,119.63000000000001
2025-11-07 17:00:00,119.64
2025-11-07 23:00:00,119.61
2025-11-10 07:00:00,119.48
2025-11-10 08:00:00,119.62
2025-11-10 09:00:00,119.68
2025-11-10 10:00:00,119.79
2025-11-10 11:00:00,119.75
2025-11-10 12:00:00,119.72
2025-11-10 13:00:00,119.78
2025-11-10 14:00:00,119.84
2025-11-10 15:00:00,119.84
2025-11-10 16:00:00,119.8
2025-11-10 17:00:00,119.8
2025-11-10 23:00:00,119.85000000000001
2025-11-11 07:00:00,119.8
2025-11-11 08:00:00,119.82000000000001
2025-11-11 09:00:00,119.79
2025-11-11 10:00:00,119.79
2025-11-11 11:00:00,119.8
2025-11-11 12:00:00,119.79
2025-11-11 13:00:00,119.92
2025-11-11 14:00:00,119.91
2025-11-11 15:00:00,119.94
2025-11-11 16:00:00,119.89
2025-11-11 17:00:00,119.91
2025-11-11 23:00:00,119.93
2025-11-12 07:00:00,119.91
2025-11-12 08:00:00,119.84
2025-11-12 09:00:00,119.84
2025-11-12 10:00:00,119.87
2025-11-12 11:00:00,119.77000000000001
2025-11-12 12:00:00,119.88000000000001
2025-11-12 13:00:00,119.92
2025-11-12 14:00:00,120.12
2025-11-12 15:00:00,120.16
2025-11-12 16:00:00,120.17
2025-11-12 17:00:00,120.2
2025-11-12 23:00:00,120.14
2025-11-13 07:00:00,120.06
2025-11-13 08:00:00,120.26
2025-11-13 09:00:00,120.19
2025-11-13 10:00:00,120.17
2025-11-13 11:00:00,120.01
2025-11-13 12:00:00,119.99000000000001
2025-11-13 13:00:00,119.86
2025-11-13 14:00:00,119.84
2025-11-13 15:00:00,119.76
2025-11-13 16:00:00,119.73
2025-11-13 17:00:00,119.78
2025-11-13 23:00:00,119.76
2025-11-14 07:00:00,119.42
2025-11-14 08:00:00,119.49000000000001
2025-11-14 09:00:00,119.33
2025-11-14 10:00:00,119.44
2025-11-14 11:00:00,119.34
2025-11-14 12:00:00,119.51
2025-11-14 13:00:00,119.47
2025-11-14 14:00:00,119.44
2025-11-14 15:00:00,119.39
2025-11-14 16:00:00,119.27000000000001
2025-11-14 17:00:00,119.24000000000001
2025-11-14 23:00:00,119.37
2025-11-17 07:00:00,119.28
2025-11-17 08:00:00,119.54
2025-11-17 09:00:00,119.53
2025-11-17 10:00:00,119.47
2025-11-17 11:00:00,119.56
2025-11-17 12:00:00,119.55
2025-11-17 13:00:00,119.53
2025-11-17 14:00:00,119.5
2025-11-17 15:00:00,119.47
2025-11-17 16:00:00,119.48
2025-11-17 17:00:00,119.46000000000001
2025-11-17 23:00:00,119.46000000000001
2025-11-18 07:00:00,119.5
2025-11-18 08:00:00,119.53
2025-11-18 09:00:00,119.56
2025-11-18 10:00:00,119.52000000000001
2025-11-18 11:00:00,119.45
2025-11-18 12:00:00,119.54
2025-11-18 13:00:00,119.57000000000001
2025-11-18 14:00:00,119.52000000000001
2025-11-18 15:00:00,119.38000000000001
2025-11-18 16:00:00,119.41
2025-11-18 17:00:00,119.36
2025-11-18 23:00:00,119.35000000000001
2025-11-19 07:00:00,119.49000000000001
2025-11-19 08:00:00,119.46000000000001
2025-11-19 09:00:00,119.51
2025-11-19 10:00:00,119.45
2025-11-19 11:00:00,119.62
2025-11-19 12:00:00,119.68
2025-11-19 13:00:00,119.63000000000001
2025-11-19 14:00:00,119.55
2025-11-19 15:00:00,119.48
2025-11-19 16:00:00,119.44
2025-11-19 17:00:00,119.35000000000001
2025-11-19 23:00:00,119.4
2025-11-20 07:00:00,119.45
2025-11-20 08:00:00,119.38000000000001
2025-11-20 09:00:00,119.35000000000001
2025-11-20 10:00:00,119.3
2025-11-20 11:00:00,119.22
2025-11-20 12:00:00,119.11
2025-11-20 13:00:00,119.22
2025-11-20 14:00:00,119.31
2025-11-20 15:00:00,119.34
2025-11-20 16:00:00,119.27000000000001
2025-11-20 17:00:00,119.22
2025-11-20 23:00:00,119.37
2025-11-21 07:00:00,119.44
2025-11-21 08:00:00,119.47
2025-11-21 09:00:00,119.56
2025-11-21 10:00:00,119.54
2025-11-21 11:00:00,119.46000000000001
2025-11-21 12:00:00,119.46000000000001
2025-11-21 13:00:00,119.49000000000001
2025-11-21 14:00:00,119.47
2025-11-21 15:00:00,119.42
2025-11-21 16:00:00,119.4
2025-11-21 17:00:00,119.41
2025-11-21 23:00:00,119.42
2025-11-24 07:00:00,119.58
2025-11-24 08:00:00,119.59
2025-11-24 09:00:00,119.59
2025-11-24 10:00:00,119.5
2025-11-24 11:00:00,119.49000000000001
2025-11-24 12:00:00,119.53
2025-11-24 13:00:00,119.46000000000001
2025-11-24 14:00:00,119.51
2025-11-24 15:00:00,119.51
2025-11-24 16:00:00,119.59
2025-11-24 17:00:00,119.62
2025-11-24 23:00:00,119.55
2025-11-25 07:00:00,119.53
2025-11-25 08:00:00,119.57000000000001
2025-11-25 09:00:00,119.55
2025-11-25 10:00:00,119.71000000000001
2025-11-25 11:00:00,119.75
2025-11-25 12:00:00,119.79
2025-11-25 13:00:00,119.94
2025-11-25 14:00:00,119.93
2025-11-25 15:00:00,119.94
2025-11-25 16:00:00,119.96000000000001
2025-11-25 17:00:00,120.0
2025-11-25 23:00:00,119.97
2025-11-26 07:00:00,119.87
2025-11-26 08:00:00,119.88000000000001
2025-11-26 09:00:00,119.93
2025-11-26 10:00:00,119.96000000000001
2025-11-26 11:00:00,119.99000000000001
2025-11-26 12:00:00,119.94
2025-11-26 13:00:00,119.98
2025-11-26 14:00:00,119.95
2025-11-26 15:00:00,120.0
2025-11-26 16:00:00,120.04
2025-11-26 17:00:00,120.06
2025-11-26 23:00:00,120.02000000000001
2025-11-27 07:00:00,120.08
2025-11-27 08:00:00,119.91
2025-11-27 09:00:00,119.9
2025-11-27 10:00:00,119.96000000000001
2025-11-27 11:00:00,119.93
2025-11-27 12:00:00,119.9
2025-11-27 13:00:00,119.95
2025-11-27 14:00:00,119.97
2025-11-27 15:00:00,119.97
2025-11-27 16:00:00,119.95
2025-11-27 17:00:00,119.96000000000001
2025-11-27 23:00:00,119.99000000000001
2025-11-28 07:00:00,119.97
2025-11-28 08:00:00,119.88000000000001
2025-11-28 09:00:00,119.93
2025-11-28 10:00:00,119.99000000000001
2025-11-28 11:00:00,119.99000000000001
2025-11-28 12:00:00,120.0
2025-11-28 13:00:00,120.0
2025-11-28 14:00:00,119.96000000000001
2025-11-28 15:00:00,119.88000000000001
2025-11-28 16:00:00,119.98
2025-11-28 17:00:00,119.97
2025-11-28 17:00:01,119.97
2025-11-28 23:00:00,119.98
2025-12-01 07:00:00,119.67
2025-12-01 08:00:00,119.65
2025-12-01 09:00:00,119.60000000000001
2025-12-01 10:00:00,119.68
2025-12-01 11:00:00,119.63000000000001
2025-12-01 12:00:00,119.53
2025-12-01 13:00:00,119.42
2025-12-01 14:00:00,119.36
2025-12-01 15:00:00,119.38000000000001
2025-12-01 16:00:00,119.33
2025-12-01 17:00:00,119.37
2025-12-01 23:00:00,119.36
2025-12-02 07:00:00,119.36
2025-12-02 08:00:00,119.34
2025-12-02 09:00:00,119.34
2025-12-02 10:00:00,119.32000000000001
2025-12-02 11:00:00,119.27000000000001
2025-12-02 12:00:00,119.24000000000001
2025-12-02 13:00:00,119.23
2025-12-02 14:00:00,119.26
2025-12-02 15:00:00,119.26
2025-12-02 16:00:00,119.36
2025-12-02 17:00:00,119.39
2025-12-02 23:00:00,119.27000000000001
2025-12-03 07:00:00,119.43
2025-12-03 08:00:00,119.47
2025-12-03 09:00:00,119.44
2025-12-03 10:00:00,119.45
2025-12-03 11:00:00,119.51
2025-12-03 12:00:00,119.53
2025-12-03 13:00:00,119.56
2025-12-03 14:00:00,119.57000000000001
2025-12-03 15:00:00,119.49000000000001
2025-12-03 16:00:00,119.5
2025-12-03 17:00:00,119.54
2025-12-03 23:00:00,119.5
2025-12-04 07:00:00,119.42
2025-12-04 08:00:00,119.41000000000001
2025-12-04 09:00:00,119.45
2025-12-04 10:00:00,119.43
2025-12-04 11:00:00,119.42
2025-12-04 12:00:00,119.25
2025-12-04 13:00:00,119.30000000000001
2025-12-04 14:00:00,119.31
2025-12-04 15:00:00,119.25
2025-12-04 16:00:00,119.29
2025-12-04 17:00:00,119.27000000000001
2025-12-04 23:00:00,119.26
2025-12-05 07:00:00,119.24000000000001
2025-12-05 08:00:00,119.22
2025-12-05 09:00:00,119.25
2025-12-05 10:00:00,119.26
2025-12-05 11:00:00,119.27000000000001
2025-12-05 12:00:00,119.30000000000001
2025-12-05 13:00:00,119.28
2025-12-05 14:00:00,119.31
2025-12-05 15:00:00,119.17
2025-12-05 16:00:00,119.14
2025-12-05 17:00:00,119.07000000000001
2025-12-05 23:00:00,119.16000000000001
2025-12-08 07:00:00,118.96000000000001
2025-12-08 08:00:00,118.78
2025-12-08 09:00:00,118.86
2025-12-08 10:00:00,118.73
2025-12-08 11:00:00,118.64
2025-12-08 12:00:00,118.71000000000001
2025-12-08 13:00:00,118.64
2025-12-08 14:00:00,118.53
2025-12-08 15:00:00,118.34
2025-12-08 16:00:00,118.43
2025-12-08 17:00:00,118.4
2025-12-08 23:00:00,118.30000000000001
2025-12-09 07:00:00,118.34
2025-12-09 08:00:00,118.38000000000001
2025-12-09 09:00:00,118.52000000000001
2025-12-09 10:00:00,118.54
2025-12-09 11:00:00,118.52000000000001
2025-12-09 12:00:00,118.49000000000001
2025-12-09 13:00:00,118.52000000000001
2025-12-09 14:00:00,118.45
2025-12-09 15:00:00,118.46000000000001
2025-12-09 16:00:00,118.58
2025-12-09 17:00:00,118.55000000000001
2025-12-09 23:00:00,118.49000000000001
2025-12-10 07:00:00,118.38000000000001
2025-12-10 08:00:00,118.24000000000001
2025-12-10 09:00:00,118.18
2025-12-10 10:00:00,118.02000000000001
2025-12-10 11:00:00,118.25
2025-12-10 12:00:00,118.24000000000001
2025-12-10 13:00:00,118.24000000000001
2025-12-10 14:00:00,118.36
2025-12-10 15:00:00,118.42
2025-12-10 16:00:00,118.54
2025-12-10 17:00:00,118.45
2025-12-10 23:00:00,118.42
2025-12-11 07:00:00,118.46000000000001
2025-12-11 08:00:00,118.45
2025-12-11 09:00:00,118.49000000000001
2025-12-11 10:00:00,118.59
2025-12-11 11:00:00,118.59
2025-12-11 12:00:00,118.61
2025-12-11 13:00:00,118.63000000000001
2025-12-11 14:00:00,118.72
2025-12-11 15:00:00,118.7
2025-12-11 16:00:00,118.74000000000001
2025-12-11 17:00:00,118.75
2025-12-11 23:00:00,118.73
2025-12-12 07:00:00,118.73
2025-12-12 08:00:00,118.64
2025-12-12 09:00:00,118.61
2025-12-12 10:00:00,118.61
2025-12-12 11:00:00,118.63000000000001
2025-12-12 12:00:00,118.58
2025-12-12 13:00:00,118.54
2025-12-12 14:00:00,118.5
2025-12-12 15:00:00,118.49000000000001
2025-12-12 16:00:00,118.57000000000001
2025-12-12 17:00:00,118.59
2025-12-12 23:00:00,118.51
2025-12-15 07:00:00,118.74000000000001
2025-12-15 08:00:00,118.82000000000001
2025-12-15 09:00:00,118.86
2025-12-15 10:00:00,118.89
2025-12-15 11:00:00,118.86
2025-12-15 12:00:00,118.80000000000001
2025-12-15 13:00:00,118.82000000000001
2025-12-15 14:00:00,118.87
2025-12-15 15:00:00,118.81
2025-12-15 16:00:00,118.71000000000001
2025-12-15 17:00:00,118.74000000000001
2025-12-15 23:00:00,118.80000000000001
2025-12-16 07:00:00,118.78
2025-12-16 08:00:00,118.88000000000001
2025-12-16 09:00:00,118.92
2025-12-16 10:00:00,118.89
2025-12-16 11:00:00,118.81
2025-12-16 12:00:00,118.88000000000001
2025-12-16 13:00:00,118.79
2025-12-16 14:00:00,118.83
2025-12-16 15:00:00,118.91000000000001
2025-12-16 16:00:00,118.98
2025-12-16 17:00:00,118.98
2025-12-16 23:00:00,118.95
2025-12-17 07:00:00,119.18
2025-12-17 08:00:00,119.06
2025-12-17 09:00:00,119.02000000000001
2025-12-17 10:00:00,119.0
2025-12-17 11:00:00,118.86
2025-12-17 12:00:00,118.88000000000001
2025-12-17 13:00:00,118.77000000000001
2025-12-17 14:00:00,118.78
2025-12-17 15:00:00,118.80000000000001
2025-12-17 16:00:00,118.76
2025-12-17 17:00:00,118.80000000000001
2025-12-17 23:00:00,118.72
2025-12-18 07:00:00,118.96000000000001
2025-12-18 08:00:00,118.98
2025-12-18 09:00:00,118.98
2025-12-18 10:00:00,119.05000000000001
2025-12-18 11:00:00,119.02000000000001
2025-12-18 12:00:00,118.94
2025-12-18 13:00:00,118.62
2025-12-18 14:00:00,118.94
2025-12-18 15:00:00,119.02000000000001
2025-12-18 16:00:00,119.03
2025-12-18 17:00:00,118.98
2025-12-18 23:00:00,119.07000000000001
2025-12-19 07:00:00,118.98
2025-12-19 08:00:00,118.97
2025-12-19 09:00:00,118.82000000000001
2025-12-19 10:00:00,118.7
2025-12-19 11:00:00,118.66000000000001
2025-12-19 12:00:00,118.74000000000001
2025-12-19 13:00:00,118.68
2025-12-19 14:00:00,118.73
2025-12-19 15:00:00,118.73
2025-12-19 16:00:00,118.62
2025-12-19 17:00:00,118.62
2025-12-19 23:00:00,118.71000000000001
2025-12-22 07:00:00,118.60000000000001
2025-12-22 08:00:00,118.7
2025-12-22 09:00:00,118.63000000000001
2025-12-22 10:00:00,118.52000000000001
2025-12-22 11:00:00,118.51
2025-12-22 12:00:00,118.5
2025-12-22 13:00:00,118.46000000000001
2025-12-22 14:00:00,118.36
2025-12-22 15:00:00,118.38000000000001
2025-12-22 16:00:00,118.51
2025-12-22 17:00:00,118.59
2025-12-22 23:00:00,118.4
2025-12-23 07:00:00,118.75
2025-12-23 08:00:00,118.87
2025-12-23 09:00:00,118.92
2025-12-23 10:00:00,118.92
2025-12-23 11:00:00,118.96000000000001
2025-12-23 12:00:00,118.9
2025-12-23 13:00:00,118.75
2025-12-23 14:00:00,118.76
2025-12-23 15:00:00,118.93
2025-12-23 16:00:00,118.95
2025-12-23 17:00:00,118.91000000000001
2025-12-23 23:00:00,118.92
2025-12-29 07:00:00,119.2
2025-12-29 08:00:00,119.2
2025-12-29 09:00:00,119.16000000000001
2025-12-29 10:00:00,119.14
2025-12-29 11:00:00,119.15
2025-12-29 12:00:00,119.26
2025-12-29 13:00:00,119.29
2025-12-29 14:00:00,119.38000000000001
2025-12-29 15:00:00,119.44
2025-12-29 16:00:00,119.41000000000001
2025-12-29 17:00:00,119.34
2025-12-29 23:00:00,119.41000000000001
2025-12-30 07:00:00,119.33
2025-12-30 08:00:00,119.26
2025-12-30 09:00:00,119.23
2025-12-30 10:00:00,119.25
2025-12-30 11:00:00,119.24000000000001
2025-12-30 12:00:00,119.15
2025-12-30 13:00:00,119.08
2025-12-30 14:00:00,119.02000000000001
2025-12-30 15:00:00,119.04
2025-12-30 16:00:00,119.0
2025-12-30 17:00:00,119.02000000000001
2025-12-30 23:00:00,119.05000000000001
2026-01-02 07:00:00,118.66000000000001
2026-01-02 08:00:00,118.80000000000001
2026-01-02 09:00:00,118.77000000000001
2026-01-02 10:00:00,118.79
2026-01-02 11:00:00,118.77000000000001
2026-01-02 12:00:00,118.7
2026-01-02 13:00:00,118.63000000000001
2026-01-02 14:00:00,118.62
2026-01-02 15:00:00,118.53
2026-01-02 16:00:00,118.5
2026-01-02 17:00:00,118.51
2026-01-02 23:00:00,118.48
2026-01-05 07:00:00,118.51
2026-01-05 08:00:00,118.63000000000001
2026-01-05 09:00:00,118.53
2026-01-05 10:00:00,118.67
2026-01-05 11:00:00,118.73
2026-01-05 12:00:00,118.75
2026-01-05 13:00:00,118.74000000000001
2026-01-05 14:00:00,118.81
2026-01-05 15:00:00,118.86
2026-01-05 16:00:00,118.93
2026-01-05 17:00:00,118.87
2026-01-05 23:00:00,118.9
2026-01-06 07:00:00,118.77000000000001
2026-01-06 08:00:00,118.9
2026-01-06 09:00:00,119.11
2026-01-06 10:00:00,119.02000000000001
2026-01-06 11:00:00,119.14
2026-01-06 12:00:00,119.16000000000001
2026-01-06 13:00:00,119.27000000000001
2026-01-06 14:00:00,119.31
2026-01-06 15:00:00,119.22
2026-01-06 16:00:00,119.22
2026-01-06 17:00:00,119.2
2026-01-06 23:00:00,119.18
2026-01-07 07:00:00,119.4
2026-01-07 08:00:00,119.56
2026-01-07 09:00:00,119.66000000000001
2026-01-07 10:00:00,119.62
2026-01-07 11:00:00,119.62
2026-01-07 12:00:00,119.58
2026-01-07 13:00:00,119.57000000000001
2026-01-07 14:00:00,119.4
2026-01-07 15:00:00,119.41000000000001
2026-01-07 16:00:00,119.39
2026-01-07 17:00:00,119.49000000000001
2026-01-07 23:00:00,119.39
2026-01-08 07:00:00,119.38000000000001
2026-01-08 08:00:00,119.26
2026-01-08 09:00:00,119.24000000000001
2026-01-08 10:00:00,119.21000000000001
2026-01-08 11:00:00,119.11
2026-01-08 12:00:00,119.14
2026-01-08 13:00:00,119.24000000000001
2026-01-08 14:00:00,119.33
2026-01-08 15:00:00,119.35000000000001
2026-01-08 16:00:00,119.48
2026-01-08 17:00:00,119.53
2026-01-08 23:00:00,119.37
2026-01-09 07:00:00,119.53
2026-01-09 08:00:00,119.55000000000001
2026-01-09 09:00:00,119.62
2026-01-09 10:00:00,119.59
2026-01-09 11:00:00,119.60000000000001
2026-01-09 12:00:00,119.64
2026-01-09 13:00:00,119.64
2026-01-09 14:00:00,119.52000000000001
2026-01-09 15:00:00,119.58
2026-01-09 16:00:00,119.59
2026-01-09 17:00:00,119.49000000000001
2026-01-09 23:00:00,119.58
2026-01-12 07:00:00,119.54
2026-01-12 08:00:00,119.57000000000001
2026-01-12 09:00:00,119.65
2026-01-12 10:00:00,119.73
2026-01-12 11:00:00,119.64
2026-01-12 12:00:00,119.72
2026-01-12 13:00:00,119.81
2026-01-12 14:00:00,119.88000000000001
2026-01-12 15:00:00,119.88000000000001
2026-01-12 16:00:00,119.83
2026-01-12 17:00:00,119.83
2026-01-12 23:00:00,119.85000000000001
2026-01-13 07:00:00,119.64
2026-01-13 08:00:00,119.61
2026-01-13 09:00:00,119.59
2026-01-13 10:00:00,119.62
2026-01-13 11:00:00,119.62
2026-01-13 12:00:00,119.60000000000001
2026-01-13 13:00:00,119.62
2026-01-13 14:00:00,119.68
2026-01-13 15:00:00,119.71000000000001
2026-01-13 16:00:00,119.73
2026-01-13 17:00:00,119.7
2026-01-13 23:00:00,119.7
2026-01-14 07:00:00,119.74000000000001
2026-01-14 08:00:00,119.68
2026-01-14 09:00:00,119.73
2026-01-14 10:00:00,119.78
2026-01-14 11:00:00,119.81
2026-01-14 12:00:00,119.78
2026-01-14 13:00:00,119.71000000000001
2026-01-14 14:00:00,119.83
2026-01-14 15:00:00,119.88000000000001
2026-01-14 16:00:00,119.97
2026-01-14 17:00:00,119.94
2026-01-14 23:00:00,119.88000000000001
2026-01-15 07:00:00,119.89
2026-01-15 08:00:00,119.87
2026-01-15 09:00:00,120.01
2026-01-15 10:00:00,119.96000000000001
2026-01-15 11:00:00,119.94
2026-01-15 12:00:00,119.97
2026-01-15 13:00:00,119.91000000000001
2026-01-15 14:00:00,120.04
2026-01-15 15:00:00,120.02000000000001
2026-01-15 16:00:00,120.03
2026-01-15 17:00:00,120.04
2026-01-15 23:00:00,120.03
2026-01-16 07:00:00,120.05000000000001
2026-01-16 08:00:00,119.91000000000001
2026-01-16 09:00:00,119.89
2026-01-16 10:00:00,119.94
2026-01-16 11:00:00,119.95
2026-01-16 12:00:00,119.81
2026-01-16 13:00:00,119.78
2026-01-16 14:00:00,119.87
2026-01-16 15:00:00,119.86
2026-01-16 16:00:00,119.95
2026-01-16 17:00:00,119.93
2026-01-16 23:00:00,119.84
2026-01-19 07:00:00,119.94
2026-01-19 08:00:00,119.84
2026-01-19 09:00:00,119.93
2026-01-19 10:00:00,119.9
2026-01-19 11:00:00,119.84
2026-01-19 12:00:00,119.89
2026-01-19 13:00:00,119.87
2026-01-19 14:00:00,119.95
2026-01-19 15:00:00,119.92
2026-01-19 16:00:00,119.83
2026-01-19 17:00:00,119.83
2026-01-19 23:00:00,119.93
2026-01-20 07:00:00,119.56
2026-01-20 08:00:00,119.42
2026-01-20 09:00:00,119.36
2026-01-20 10:00:00,119.32000000000001
2026-01-20 11:00:00,119.30000000000001
2026-01-20 12:00:00,119.32000000000001
2026-01-20 13:00:00,119.44
2026-01-20 14:00:00,119.54
2026-01-20 15:00:00,119.58
2026-01-20 16:00:00,119.54
2026-01-20 17:00:00,119.52000000000001
2026-01-20 23:00:00,119.55000000000001
2026-01-21 07:00:00,119.73
2026-01-21 08:00:00,119.79
2026-01-21 09:00:00,119.58
2026-01-21 10:00:00,119.49000000000001
2026-01-21 11:00:00,119.37
2026-01-21 12:00:00,119.42
2026-01-21 13:00:00,119.29
2026-01-21 14:00:00,119.42
2026-01-21 15:00:00,119.41000000000001
2026-01-21 16:00:00,119.31
2026-01-21 17:00:00,119.35000000000001
2026-01-21 23:00:00,119.4
2026-01-22 07:00:00,119.5
2026-01-22 08:00:00,119.62
2026-01-22 09:00:00,119.65
2026-01-22 10:00:00,119.66000000000001
2026-01-22 11:00:00,119.62
2026-01-22 12:00:00,119.57000000000001
2026-01-22 13:00:00,119.51
2026-01-22 14:00:00,119.55000000000001
2026-01-22 15:00:00,119.52000000000001
2026-01-22 16:00:00,119.45
2026-01-22 17:00:00,119.52000000000001
2026-01-22 23:00:00,119.53
2026-01-23 07:00:00,119.52000000000001
2026-01-23 08:00:00,119.48
2026-01-23 09:00:00,119.5
2026-01-23 10:00:00,119.5
2026-01-23 11:00:00,119.60000000000001
2026-01-23 12:00:00,119.67
2026-01-23 13:00:00,119.61
2026-01-23 14:00:00,119.58
2026-01-23 15:00:00,119.62
2026-01-23 16:00:00,119.47
2026-01-23 17:00:00,119.46000000000001
2026-01-23 23:00:00,119.59
2026-01-26 07:00:00,119.68
2026-01-26 08:00:00,119.67
2026-01-26 09:00:00,119.67
2026-01-26 10:00:00,119.77000000000001
2026-01-26 11:00:00,119.87
2026-01-26 12:00:00,119.89
2026-01-26 13:00:00,119.85000000000001
2026-01-26 14:00:00,119.96000000000001
2026-01-26 15:00:00,119.97
2026-01-26 16:00:00,119.9
2026-01-26 17:00:00,119.89
2026-01-26 23:00:00,119.97
2026-01-27 07:00:00,119.86
2026-01-27 08:00:00,119.85000000000001
2026-01-27 09:00:00,119.80000000000001
2026-01-27 10:00:00,119.83
2026-01-27 11:00:00,119.89
2026-01-27 12:00:00,119.81
2026-01-27 13:00:00,119.73
2026-01-27 14:00:00,119.92
2026-01-27 15:00:00,119.95
2026-01-27 16:00:00,119.87
2026-01-27 17:00:00,119.80000000000001
2026-01-27 23:00:00,119.94
2026-01-28 07:00:00,120.14
2026-01-28 08:00:00,120.05000000000001
2026-01-28 09:00:00,120.03
2026-01-28 10:00:00,120.08
2026-01-28 11:00:00,120.05000000000001
2026-01-28 12:00:00,120.08
2026-01-28 13:00:00,120.09
2026-01-28 14:00:00,120.03
2026-01-28 15:00:00,120.01
2026-01-28 16:00:00,119.93
2026-01-28 17:00:00,119.95
2026-01-28 23:00:00,119.99000000000001
2026-01-29 07:00:00,120.03
2026-01-29 08:00:00,120.01
2026-01-29 09:00:00,120.02000000000001
2026-01-29 10:00:00,120.05000000000001
2026-01-29 11:00:00,120.12
2026-01-29 12:00:00,120.11
2026-01-29 13:00:00,120.10000000000001
2026-01-29 14:00:00,120.10000000000001
2026-01-29 15:00:00,120.10000000000001
2026-01-29 16:00:00,120.09
2026-01-29 17:00:00,120.11
2026-01-29 23:00:00,120.16000000000001
2026-01-30 07:00:00,120.02000000000001
2026-01-30 08:00:00,120.05000000000001
2026-01-30 09:00:00,119.92
2026-01-30 10:00:00,119.96000000000001
2026-01-30 11:00:00,119.98
2026-01-30 12:00:00,119.97
2026-01-30 13:00:00,119.92
2026-01-30 14:00:00,120.0
2026-01-30 15:00:00,119.97
2026-01-30 16:00:00,120.04
2026-01-30 17:00:00,119.99000000000001
2026-01-30 23:00:00,119.98
2026-02-02 07:00:00,119.9
2026-02-02 08:00:00,120.01
2026-02-02 09:00:00,119.93
2026-02-02 10:00:00,119.92
2026-02-02 11:00:00,119.88000000000001
2026-02-02 12:00:00,119.88000000000001
2026-02-02 13:00:00,119.86
2026-02-02 14:00:00,119.86
2026-02-02 15:00:00,119.77000000000001
2026-02-02 16:00:00,119.80000000000001
2026-02-02 17:00:00,119.83
2026-02-02 23:00:00,119.82000000000001
2026-02-03 07:00:00,119.76
2026-02-03 08:00:00,119.79
2026-02-03 09:00:00,119.72
2026-02-03 10:00:00,119.71000000000001
2026-02-03 11:00:00,119.69
2026-02-03 12:00:00,119.62
2026-02-03 13:00:00,119.61
2026-02-03 14:00:00,119.65
2026-02-03 15:00:00,119.64
2026-02-03 16:00:00,119.65
2026-02-03 17:00:00,119.61
2026-02-03 23:00:00,119.67
2026-02-04 07:00:00,119.78
2026-02-04 08:00:00,119.93
2026-02-04 09:00:00,119.87
2026-02-04 10:00:00,119.9
2026-02-04 11:00:00,119.94
2026-02-04 12:00:00,119.92
2026-02-04 13:00:00,119.88000000000001
2026-02-04 14:00:00,119.85000000000001
2026-02-04 15:00:00,119.86
2026-02-04 16:00:00,119.91000000000001
2026-02-04 17:00:00,119.83
2026-02-04 23:00:00,119.87
2026-02-05 07:00:00,119.74000000000001
2026-02-05 08:00:00,119.78
2026-02-05 09:00:00,119.81
2026-02-05 10:00:00,119.69
2026-02-05 11:00:00,119.72
2026-02-05 12:00:00,119.72
2026-02-05 13:00:00,119.88000000000001
2026-02-05 14:00:00,119.72
2026-02-05 15:00:00,119.89
2026-02-05 16:00:00,119.94
2026-02-05 17:00:00,119.92
2026-02-05 23:00:00,119.91000000000001
2026-02-06 07:00:00,120.07000000000001
2026-02-06 08:00:00,120.03
2026-02-06 09:00:00,120.09
2026-02-06 10:00:00,120.12
2026-02-06 11:00:00,120.09
2026-02-06 12:00:00,120.09
2026-02-06 13:00:00,120.07000000000001
2026-02-06 14:00:00,120.01
2026-02-06 15:00:00,119.97
2026-02-06 16:00:00,119.96000000000001
2026-02-06 17:00:00,119.99000000000001
2026-02-06 23:00:00,119.97
2026-02-09 07:00:00,120.02000000000001
2026-02-09 08:00:00,119.91000000000001
2026-02-09 09:00:00,119.92
2026-02-09 10:00:00,119.9
2026-02-09 11:00:00,119.96000000000001
2026-02-09 12:00:00,119.97
2026-02-09 13:00:00,120.01
2026-02-09 14:00:00,120.05000000000001
2026-02-09 15:00:00,120.11
2026-02-09 16:00:00,120.13000000000001
2026-02-09 17:00:00,120.15
2026-02-09 23:00:00,120.15
2026-02-10 07:00:00,120.24000000000001
2026-02-10 08:00:00,120.29
2026-02-10 09:00:00,120.29
2026-02-10 10:00:00,120.25
2026-02-10 11:00:00,120.27000000000001
2026-02-10 12:00:00,120.29
2026-02-10 13:00:00,120.4
2026-02-10 14:00:00,120.52000000000001
2026-02-10 15:00:00,120.47
2026-02-10 16:00:00,120.47
2026-02-10 17:00:00,120.45
2026-02-10 23:00:00,120.52000000000001
2026-02-11 07:00:00,120.55000000000001
2026-02-11 08:00:00,120.57000000000001
2026-02-11 09:00:00,120.57000000000001
2026-02-11 10:00:00,120.52000000000001
2026-02-11 11:00:00,120.47
2026-02-11 12:00:00,120.5
2026-02-11 13:00:00,120.42
2026-02-11 14:00:00,120.5
2026-02-11 15:00:00,120.54
2026-02-11 16:00:00,120.62
2026-02-11 17:00:00,120.59
2026-02-11 23:00:00,120.54
2026-02-12 07:00:00,120.52000000000001
2026-02-12 08:00:00,120.58
2026-02-12 09:00:00,120.65
2026-02-12 10:00:00,120.67
2026-02-12 11:00:00,120.67
2026-02-12 12:00:00,120.65
2026-02-12 13:00:00,120.69
2026-02-12 14:00:00,120.77000000000001
2026-02-12 15:00:00,120.73
2026-02-12 16:00:00,120.73
2026-02-12 17:00:00,120.74000000000001
2026-02-12 23:00:00,120.7
2026-02-13 07:00:00,120.77000000000001
2026-02-13 08:00:00,120.79
2026-02-13 09:00:00,120.75
2026-02-13 10:00:00,120.75
2026-02-13 11:00:00,120.80000000000001
2026-02-13 12:00:00,120.88000000000001
2026-02-13 13:00:00,120.80000000000001
2026-02-13 14:00:00,120.97
2026-02-13 15:00:00,120.93
2026-02-13 16:00:00,120.92
2026-02-13 17:00:00,120.86
2026-02-13 23:00:00,120.99000000000001
2026-02-16 07:00:00,121.04
2026-02-16 08:00:00,121.08
2026-02-16 09:00:00,120.87
2026-02-16 10:00:00,120.85000000000001
2026-02-16 11:00:00,120.93
2026-02-16 12:00:00,120.92
2026-02-16 13:00:00,120.96000000000001
2026-02-16 14:00:00,120.95
2026-02-16 15:00:00,120.97
2026-02-16 16:00:00,120.9
2026-02-16 17:00:00,120.89
2026-02-16 23:00:00,120.93
2026-02-17 07:00:00,121.02000000000001
2026-02-17 08:00:00,121.09
2026-02-17 09:00:00,121.06
2026-02-17 10:00:00,121.03
2026-02-17 11:00:00,121.07000000000001
2026-02-17 12:00:00,121.10000000000001
2026-02-17 13:00:00,121.04
2026-02-17 14:00:00,121.02000000000001
2026-02-17 15:00:00,121.05000000000001
2026-02-17 16:00:00,121.05000000000001
2026-02-17 17:00:00,121.04
2026-02-17 23:00:00,121.05000000000001
2026-02-18 07:00:00,120.97
2026-02-18 08:00:00,121.08
2026-02-18 09:00:00,121.11
2026-02-18 10:00:00,121.09
2026-02-18 11:00:00,121.08
2026-02-18 12:00:00,121.04
2026-02-18 13:00:00,121.01
2026-02-18 14:00:00,121.09
2026-02-18 15:00:00,121.12
2026-02-18 16:00:00,121.10000000000001
2026-02-18 17:00:00,121.09
2026-02-18 23:00:00,121.13000000000001
2026-02-19 07:00:00,120.91000000000001
2026-02-19 08:00:00,120.94
2026-02-19 09:00:00,120.93
2026-02-19 10:00:00,120.92
2026-02-19 11:00:00,120.95
2026-02-19 12:00:00,120.93
2026-02-19 13:00:00,120.98
2026-02-19 14:00:00,120.99000000000001
2026-02-19 15:00:00,121.02000000000001
2026-02-19 16:00:00,121.07000000000001
2026-02-19 17:00:00,121.08
2026-02-19 23:00:00,121.03
2026-02-20 07:00:00,121.13000000000001
2026-02-20 08:00:00,121.13000000000001
2026-02-20 09:00:00,121.14
2026-02-20 10:00:00,121.16000000000001
2026-02-20 11:00:00,121.17
2026-02-20 12:00:00,121.15
2026-02-20 13:00:00,121.13000000000001
2026-02-20 14:00:00,121.13000000000001
2026-02-20 15:00:00,121.13000000000001
2026-02-20 16:00:00,121.16000000000001
2026-02-20 17:00:00,121.17
2026-02-20 23:00:00,121.16000000000001
2026-02-23 07:00:00,121.21000000000001
2026-02-23 08:00:00,121.19
2026-02-23 09:00:00,121.13000000000001
2026-02-23 10:00:00,121.21000000000001
2026-02-23 11:00:00,121.10000000000001
2026-02-23 12:00:00,121.15
2026-02-23 13:00:00,121.24000000000001
2026-02-23 14:00:00,121.27000000000001
2026-02-23 15:00:00,121.33
2026-02-23 16:00:00,121.36
2026-02-23 17:00:00,121.38000000000001
2026-02-23 23:00:00,121.34
2026-02-24 07:00:00,121.38000000000001
2026-02-24 08:00:00,121.4
2026-02-24 09:00:00,121.44
2026-02-24 10:00:00,121.41000000000001
2026-02-24 11:00:00,121.45
2026-02-24 12:00:00,121.42
2026-02-24 13:00:00,121.39
2026-02-24 14:00:00,121.32000000000001
2026-02-24 15:00:00,121.38000000000001
2026-02-24 16:00:00,121.41000000000001
2026-02-24 17:00:00,121.44
2026-02-24 23:00:00,121.39
2026-02-25 07:00:00,121.42
2026-02-25 08:00:00,121.39
2026-02-25 09:00:00,121.36
2026-02-25 10:00:00,121.39
2026-02-25 11:00:00,121.42
2026-02-25 12:00:00,121.41000000000001
2026-02-25 13:00:00,121.46000000000001
2026-02-25 14:00:00,121.47
2026-02-25 15:00:00,121.48
2026-02-25 16:00:00,121.47
2026-02-25 17:00:00,121.49000000000001
2026-02-25 23:00:00,121.46000000000001
2026-02-26 07:00:00,121.43
2026-02-26 08:00:00,121.41000000000001
2026-02-26 09:00:00,121.43
2026-02-26 10:00:00,121.48
2026-02-26 11:00:00,121.46000000000001
2026-02-26 12:00:00,121.47
2026-02-26 13:00:00,121.48
2026-02-26 14:00:00,121.58
2026-02-26 15:00:00,121.5
2026-02-26 16:00:00,121.55000000000001
2026-02-26 17:00:00,121.51
2026-02-26 23:00:00,121.5
2026-02-27 07:00:00,121.52000000000001
2026-02-27 08:00:00,121.46000000000001
2026-02-27 09:00:00,121.47
2026-02-27 10:00:00,121.53
2026-02-27 11:00:00,121.51
2026-02-27 12:00:00,121.53
2026-02-27 13:00:00,121.5
2026-02-27 14:00:00,121.55000000000001
2026-02-27 15:00:00,121.62
2026-02-27 16:00:00,121.81
2026-02-27 17:00:00,121.78
2026-02-27 23:00:00,121.72
2026-03-02 07:00:00,121.51
2026-03-02 08:00:00,121.48
2026-03-02 09:00:00,121.42
2026-03-02 10:00:00,121.54
2026-03-02 11:00:00,121.38000000000001
2026-03-02 12:00:00,121.10000000000001
2026-03-02 13:00:00,121.05000000000001
2026-03-02 14:00:00,121.14
2026-03-02 15:00:00,121.06
2026-03-02 16:00:00,121.04
2026-03-02 17:00:00,121.08
2026-03-02 23:00:00,121.08
2026-03-03 07:00:00,120.45
2026-03-03 08:00:00,120.28
2026-03-03 09:00:00,119.99000000000001
2026-03-03 10:00:00,119.80000000000001
2026-03-03 11:00:00,119.89
2026-03-03 12:00:00,119.98
2026-03-03 13:00:00,119.82000000000001
2026-03-03 14:00:00,119.68
2026-03-03 15:00:00,119.74000000000001
2026-03-03 16:00:00,120.15
2026-03-03 17:00:00,120.01
2026-03-03 23:00:00,119.76
2026-03-04 07:00:00,119.87
2026-03-04 08:00:00,119.78
2026-03-04 09:00:00,119.96000000000001
2026-03-04 10:00:00,120.25
2026-03-04 11:00:00,120.19
2026-03-04 12:00:00,120.19
2026-03-04 13:00:00,120.23
2026-03-04 14:00:00,120.18
2026-03-04 15:00:00,120.26
2026-03-04 16:00:00,120.37
2026-03-04 17:00:00,120.31
2026-03-04 23:00:00,120.39
2026-03-05 07:00:00,119.89
2026-03-05 08:00:00,119.84
2026-03-05 09:00:00,119.99000000000001
2026-03-05 10:00:00,119.88000000000001
2026-03-05 11:00:00,119.71000000000001
2026-03-05 12:00:00,119.56
2026-03-05 13:00:00,119.59
2026-03-05 14:00:00,119.46000000000001
2026-03-05 15:00:00,119.47
2026-03-05 16:00:00,119.15
2026-03-05 17:00:00,119.10000000000001
2026-03-05 17:00:01,119.10000000000001
2026-03-05 23:00:00,119.19000000000001
2026-03-06 07:00:00,119.19000000000001
2026-03-06 08:00:00,119.02000000000001
2026-03-06 09:00:00,118.77000000000001
2026-03-06 10:00:00,118.88000000000001
2026-03-06 11:00:00,118.69000000000001
2026-03-06 12:00:00,118.55000000000001
2026-03-06 13:00:00,118.27000000000001
2026-03-06 14:00:00,118.18
2026-03-06 15:00:00,118.46000000000001
2026-03-06 16:00:00,118.57000000000001
2026-03-06 17:00:00,118.57000000000001
2026-03-06 23:00:00,118.36
2026-03-09 07:00:00,117.22
2026-03-09 08:00:00,117.7
2026-03-09 09:00:00,117.9
2026-03-09 10:00:00,117.78
2026-03-09 11:00:00,117.79
2026-03-09 12:00:00,117.81
2026-03-09 13:00:00,118.13000000000001
2026-03-09 14:00:00,118.31
2026-03-09 15:00:00,118.57000000000001
2026-03-09 16:00:00,118.63000000000001
2026-03-09 17:00:00,118.52000000000001
2026-03-09 23:00:00,118.48
2026-03-10 07:00:00,119.69000000000001
2026-03-10 08:00:00,119.27000000000001
2026-03-10 09:00:00,119.25
2026-03-10 10:00:00,119.11
2026-03-10 11:00:00,119.05000000000001
2026-03-10 12:00:00,119.13000000000001
2026-03-10 13:00:00,119.09
2026-03-10 14:00:00,119.47
2026-03-10 15:00:00,119.54
2026-03-10 16:00:00,119.43
2026-03-10 17:00:00,119.56
2026-03-10 23:00:00,119.42
2026-03-11 07:00:00,118.97
2026-03-11 08:00:00,118.65
2026-03-11 09:00:00,118.43
2026-03-11 10:00:00,118.73
2026-03-11 11:00:00,118.56
2026-03-11 12:00:00,118.32000000000001
2026-03-11 13:00:00,118.52000000000001
2026-03-11 14:00:00,118.4
2026-03-11 15:00:00,118.2
2026-03-11 16:00:00,118.15
2026-03-11 17:00:00,118.16000000000001
2026-03-11 23:00:00,118.16000000000001
2026-03-12 07:00:00,117.96000000000001
2026-03-12 08:00:00,117.93
2026-03-12 09:00:00,118.05000000000001
2026-03-12 10:00:00,118.02000000000001
2026-03-12 11:00:00,117.96000000000001
2026-03-12 12:00:00,117.83
2026-03-12 13:00:00,117.66000000000001
2026-03-12 14:00:00,117.53
2026-03-12 15:00:00,117.64
2026-03-12 16:00:00,117.45
2026-03-12 17:00:00,117.41000000000001
2026-03-12 23:00:00,117.56
2026-03-13 07:00:00,117.0
2026-03-13 08:00:00,117.25
2026-03-13 09:00:00,117.19000000000001
2026-03-13 10:00:00,117.46000000000001
2026-03-13 11:00:00,117.56
2026-03-13 12:00:00,117.64
2026-03-13 13:00:00,117.68
2026-03-13 14:00:00,117.37
2026-03-13 15:00:00,117.14
2026-03-13 16:00:00,117.11
2026-03-13 17:00:00,117.03
2026-03-13 23:00:00,117.12
2026-03-16 07:00:00,117.28
2026-03-16 08:00:00,117.23
2026-03-16 09:00:00,117.26
2026-03-16 10:00:00,117.5
2026-03-16 11:00:00,117.66000000000001
2026-03-16 12:00:00,117.72
2026-03-16 13:00:00,118.01
2026-03-16 14:00:00,117.94000000000001
2026-03-16 15:00:00,117.79
2026-03-16 16:00:00,117.68
2026-03-16 17:00:00,117.76
2026-03-16 23:00:00,117.75
2026-03-17 07:00:00,117.71000000000001
2026-03-17 08:00:00,117.94000000000001
2026-03-17 09:00:00,118.07000000000001
2026-03-17 10:00:00,117.99000000000001
2026-03-17 11:00:00,118.10000000000001
2026-03-17 12:00:00,118.2
2026-03-17 13:00:00,118.31
2026-03-17 14:00:00,118.27000000000001
2026-03-17 15:00:00,118.13000000000001
2026-03-17 16:00:00,118.30000000000001
2026-03-17 17:00:00,118.25
2026-03-17 23:00:00,118.13000000000001
2026-03-18 07:00:00,118.57000000000001
2026-03-18 08:00:00,118.58
2026-03-18 09:00:00,118.60000000000001
2026-03-18 10:00:00,118.57000000000001
2026-03-18 11:00:00,118.33
2026-03-18 12:00:00,117.75
2026-03-18 13:00:00,117.64
2026-03-18 14:00:00,117.58
2026-03-18 15:00:00,117.58
2026-03-18 16:00:00,117.67
2026-03-18 17:00:00,117.72
2026-03-18 23:00:00,117.56
2026-03-19 07:00:00,116.99000000000001
2026-03-19 08:00:00,117.03
2026-03-19 09:00:00,117.07000000000001
2026-03-19 10:00:00,116.88000000000001
2026-03-19 11:00:00,116.78
2026-03-19 12:00:00,116.68
2026-03-19 13:00:00,117.08
2026-03-19 14:00:00,117.22
2026-03-19 15:00:00,117.28
2026-03-19 16:00:00,117.21000000000001
2026-03-19 17:00:00,117.22
2026-03-19 23:00:00,117.13000000000001
2026-03-20 07:00:00,117.53
2026-03-20 08:00:00,117.4
2026-03-20 09:00:00,116.7
2026-03-20 10:00:00,116.58
2026-03-20 11:00:00,116.74000000000001
2026-03-20 12:00:00,116.74000000000001
2026-03-20 13:00:00,116.12
2026-03-20 14:00:00,115.77000000000001
2026-03-20 15:00:00,115.87
2026-03-20 16:00:00,115.64
2026-03-20 17:00:00,115.65
2026-03-20 23:00:00,115.86
2026-03-23 07:00:00,115.01
2026-03-23 08:00:00,115.08
2026-03-23 09:00:00,114.61
2026-03-23 10:00:00,114.4
2026-03-23 11:00:00,115.54
2026-03-23 12:00:00,116.4
2026-03-23 13:00:00,116.7
2026-03-23 14:00:00,116.78
2026-03-23 15:00:00,116.16000000000001
2026-03-23 16:00:00,116.35000000000001
2026-03-23 17:00:00,116.62
2026-03-23 23:00:00,116.16000000000001
2026-03-24 07:00:00,116.43
2026-03-24 08:00:00,116.18
2026-03-24 09:00:00,115.87
2026-03-24 10:00:00,116.2
2026-03-24 11:00:00,116.35000000000001
2026-03-24 12:00:00,115.75
2026-03-24 13:00:00,115.59
2026-03-24 14:00:00,115.91000000000001
2026-03-24 15:00:00,115.77000000000001
2026-03-24 16:00:00,115.71000000000001
2026-03-24 17:00:00,115.5
2026-03-24 23:00:00,115.80000000000001
2026-03-25 07:00:00,116.37
2026-03-25 08:00:00,116.69000000000001
2026-03-25 09:00:00,116.55000000000001
2026-03-25 10:00:00,116.67
2026-03-25 11:00:00,116.89
2026-03-25 12:00:00,116.69000000000001
2026-03-25 13:00:00,116.53
2026-03-25 14:00:00,116.68
2026-03-25 15:00:00,116.65
2026-03-25 16:00:00,116.7
2026-03-25 17:00:00,116.67
2026-03-25 23:00:00,116.66000000000001
2026-03-26 07:00:00,116.08
2026-03-26 08:00:00,115.82000000000001
2026-03-26 09:00:00,115.76
2026-03-26 10:00:00,115.72
2026-03-26 11:00:00,115.42
2026-03-26 12:00:00,115.42
2026-03-26 13:00:00,115.7
2026-03-26 14:00:00,115.58
2026-03-26 15:00:00,115.4
2026-03-26 16:00:00,115.11
2026-03-26 17:00:00,114.97
2026-03-26 23:00:00,115.43
2026-03-27 07:00:00,114.88000000000001
2026-03-27 08:00:00,114.45
2026-03-27 09:00:00,114.31
2026-03-27 10:00:00,114.12
2026-03-27 11:00:00,114.27000000000001
2026-03-27 12:00:00,114.38000000000001
2026-03-27 13:00:00,114.4
2026-03-27 14:00:00,114.63000000000001
2026-03-27 15:00:00,114.7
2026-03-27 16:00:00,114.84
2026-03-27 17:00:00,114.66000000000001
2026-03-27 23:00:00,114.64
2026-03-30 07:00:00,114.95
2026-03-30 08:00:00,115.05000000000001
2026-03-30 09:00:00,115.09
2026-03-30 10:00:00,114.80000000000001
2026-03-30 11:00:00,115.04
2026-03-30 12:00:00,115.12
2026-03-30 13:00:00,115.35000000000001
2026-03-30 14:00:00,115.31
2026-03-30 15:00:00,115.47
2026-03-30 16:00:00,115.42
2026-03-30 17:00:00,115.34
2026-03-30 23:00:00,115.39
2026-03-31 07:00:00,115.47
2026-03-31 08:00:00,115.85000000000001
2026-03-31 09:00:00,115.5
2026-03-31 10:00:00,115.52000000000001
2026-03-31 11:00:00,115.44000000000001
2026-03-31 12:00:00,115.62
2026-03-31 13:00:00,115.95
2026-03-31 14:00:00,116.10000000000001
2026-03-31 15:00:00,115.98
2026-03-31 16:00:00,116.10000000000001
2026-03-31 17:00:00,116.73
2026-03-31 23:00:00,116.04
2026-04-01 07:00:00,117.48
2026-04-01 08:00:00,116.88000000000001
2026-04-01 09:00:00,116.96000000000001
2026-04-01 10:00:00,116.82000000000001
2026-04-01 11:00:00,116.94000000000001
2026-04-01 12:00:00,117.01
2026-04-01 13:00:00,116.64
2026-04-01 14:00:00,116.56
2026-04-01 15:00:00,116.58
2026-04-01 16:00:00,116.81
2026-04-01 17:00:00,116.82000000000001
2026-04-01 23:00:00,116.63000000000001
2026-04-02 07:00:00,115.98
2026-04-02 08:00:00,116.25
2026-04-02 09:00:00,116.14
2026-04-02 10:00:00,116.21000000000001
2026-04-02 11:00:00,115.95
2026-04-02 12:00:00,115.7
2026-04-02 13:00:00,115.63000000000001
2026-04-02 14:00:00,116.18
2026-04-02 15:00:00,116.54
2026-04-02 16:00:00,116.66000000000001
2026-04-02 17:00:00,116.47
2026-04-02 23:00:00,116.63000000000001
2026-04-07 07:00:00,116.34
2026-04-07 08:00:00,116.25
2026-04-07 09:00:00,116.58
2026-04-07 10:00:00,116.69000000000001
2026-04-07 11:00:00,116.25
2026-04-07 12:00:00,116.14
2026-04-07 13:00:00,116.05000000000001
2026-04-07 14:00:00,115.85000000000001
2026-04-07 15:00:00,115.5
2026-04-07 16:00:00,115.66000000000001
2026-04-07 17:00:00,115.76
2026-04-07 23:00:00,115.35000000000001
2026-04-08 07:00:00,118.04
2026-04-08 08:00:00,118.06
2026-04-08 09:00:00,118.09
2026-04-08 10:00:00,117.78
2026-04-08 11:00:00,118.03
2026-04-08 12:00:00,118.31
2026-04-08 13:00:00,118.34
2026-04-08 14:00:00,118.05000000000001
2026-04-08 15:00:00,117.89
2026-04-08 16:00:00,117.95
2026-04-08 17:00:00,117.95
2026-04-08 23:00:00,117.95
2026-04-09 07:00:00,117.62
2026-04-09 08:00:00,117.43
2026-04-09 09:00:00,117.28
2026-04-09 10:00:00,117.42
2026-04-09 11:00:00,117.35000000000001
2026-04-09 12:00:00,117.47
2026-04-09 13:00:00,117.17
2026-04-09 14:00:00,117.05000000000001
2026-04-09 15:00:00,116.97
2026-04-09 16:00:00,117.69000000000001
2026-04-09 17:00:00,117.74000000000001
2026-04-09 23:00:00,117.10000000000001
2026-04-10 07:00:00,117.42
2026-04-10 08:00:00,117.16000000000001
2026-04-10 09:00:00,116.88000000000001
2026-04-10 10:00:00,117.08
2026-04-10 11:00:00,117.13000000000001
2026-04-10 12:00:00,117.09
2026-04-10 13:00:00,117.01
2026-04-10 14:00:00,116.94000000000001
2026-04-10 15:00:00,117.0
2026-04-10 16:00:00,116.79
2026-04-10 17:00:00,116.80000000000001
2026-04-10 23:00:00,117.05000000000001
2026-04-13 07:00:00,116.52000000000001
2026-04-13 08:00:00,116.79
2026-04-13 09:00:00,116.63000000000001
2026-04-13 10:00:00,116.68
2026-04-13 11:00:00,116.62
2026-04-13 12:00:00,116.28
2026-04-13 13:00:00,116.55000000000001
2026-04-13 14:00:00,116.74000000000001
2026-04-13 15:00:00,116.5
2026-04-13 16:00:00,116.39
2026-04-13 17:00:00,116.76
2026-04-13 23:00:00,116.46000000000001
2026-04-14 07:00:00,116.98
2026-04-14 08:00:00,117.07000000000001
2026-04-14 09:00:00,116.95
2026-04-14 10:00:00,116.9
2026-04-14 11:00:00,116.85000000000001
2026-04-14 12:00:00,116.93
2026-04-14 13:00:00,116.86
2026-04-14 14:00:00,116.94000000000001
2026-04-14 15:00:00,117.28
2026-04-14 16:00:00,117.32000000000001
2026-04-14 17:00:00,117.35000000000001
2026-04-14 23:00:00,117.24000000000001
2026-04-15 07:00:00,117.55000000000001
2026-04-15 08:00:00,117.28
2026-04-15 09:00:00,117.41000000000001
2026-04-15 10:00:00,117.2
2026-04-15 11:00:00,117.24000000000001
2026-04-15 12:00:00,117.06
2026-04-15 13:00:00,117.15
2026-04-15 14:00:00,117.21000000000001
2026-04-15 15:00:00,117.15
2026-04-15 16:00:00,117.03
2026-04-15 17:00:00,117.01
2026-04-15 23:00:00,117.14
2026-04-16 07:00:00,117.54
2026-04-16 08:00:00,117.39
2026-04-16 09:00:00,117.27000000000001
2026-04-16 10:00:00,117.25
2026-04-16 11:00:00,117.4
2026-04-16 12:00:00,117.54
2026-04-16 13:00:00,117.39
2026-04-16 14:00:00,117.15
2026-04-16 15:00:00,117.12
2026-04-16 16:00:00,117.16000000000001
2026-04-16 17:00:00,117.03
2026-04-16 23:00:00,117.23
2026-04-17 07:00:00,117.01
2026-04-17 08:00:00,117.21000000000001
2026-04-17 09:00:00,117.29
2026-04-17 10:00:00,117.32000000000001
2026-04-17 11:00:00,117.30000000000001
2026-04-17 12:00:00,117.28
2026-04-17 13:00:00,118.21000000000001
2026-04-17 14:00:00,118.25
2026-04-17 15:00:00,118.43
2026-04-17 16:00:00,118.25
2026-04-17 17:00:00,118.39
2026-04-17 23:00:00,118.28
2026-04-20 07:00:00,117.78
2026-04-20 08:00:00,117.67
2026-04-20 09:00:00,117.73
2026-04-20 10:00:00,117.76
2026-04-20 11:00:00,117.74000000000001
2026-04-20 12:00:00,117.88000000000001
2026-04-20 13:00:00,117.89
2026-04-20 14:00:00,117.97
2026-04-20 15:00:00,117.83
2026-04-20 16:00:00,117.87
2026-04-20 17:00:00,117.9
2026-04-20 23:00:00,117.82000000000001
2026-04-21 07:00:00,118.13000000000001
2026-04-21 08:00:00,118.01
2026-04-21 09:00:00,118.05000000000001
2026-04-21 10:00:00,117.97
2026-04-21 11:00:00,118.03
2026-04-21 12:00:00,117.97
2026-04-21 13:00:00,117.86
2026-04-21 14:00:00,117.88000000000001
2026-04-21 15:00:00,117.44000000000001
2026-04-21 16:00:00,117.42
2026-04-21 17:00:00,117.34
2026-04-21 23:00:00,117.58
2026-04-22 07:00:00,117.74000000000001
2026-04-22 08:00:00,117.66000000000001
2026-04-22 09:00:00,117.59
2026-04-22 10:00:00,117.66000000000001
2026-04-22 11:00:00,117.62
2026-04-22 12:00:00,117.62
2026-04-22 13:00:00,117.42
2026-04-22 14:00:00,117.54
2026-04-22 15:00:00,117.43
2026-04-22 16:00:00,117.35000000000001
2026-04-22 17:00:00,117.16000000000001
2026-04-22 23:00:00,117.45
2026-04-23 07:00:00,117.0
2026-04-23 08:00:00,117.23
2026-04-23 09:00:00,117.07000000000001
2026-04-23 10:00:00,117.0
2026-04-23 11:00:00,117.15
2026-04-23 12:00:00,117.21000000000001
2026-04-23 13:00:00,117.32000000000001
2026-04-23 14:00:00,117.26
2026-04-23 15:00:00,117.33
2026-04-23 16:00:00,117.26
2026-04-23 17:00:00,117.25
2026-04-23 23:00:00,117.30000000000001
2026-04-24 07:00:00,116.94000000000001
2026-04-24 08:00:00,117.03
2026-04-24 09:00:00,116.81
2026-04-24 10:00:00,116.86
2026-04-24 11:00:00,116.92
2026-04-24 12:00:00,117.24000000000001
2026-04-24 13:00:00,117.16000000000001
2026-04-24 14:00:00,117.13000000000001
2026-04-24 15:00:00,117.32000000000001
2026-04-24 16:00:00,117.42
2026-04-24 17:00:00,117.37
2026-04-24 23:00:00,117.25
2026-04-27 07:00:00,117.16000000000001
2026-04-27 08:00:00,117.12
2026-04-27 09:00:00,117.22
2026-04-27 10:00:00,117.17
2026-04-27 11:00:00,117.32000000000001
2026-04-27 12:00:00,117.26
2026-04-27 13:00:00,117.04
2026-04-27 14:00:00,117.08
2026-04-27 15:00:00,117.02000000000001
2026-04-27 16:00:00,116.98
2026-04-27 17:00:00,116.94000000000001
2026-04-27 23:00:00,116.89
2026-04-28 07:00:00,116.72
2026-04-28 08:00:00,116.71000000000001
2026-04-28 09:00:00,116.61
2026-04-28 10:00:00,116.55000000000001
2026-04-28 11:00:00,116.58
2026-04-28 12:00:00,116.29
2026-04-28 13:00:00,116.48
2026-04-28 14:00:00,116.55000000000001
2026-04-28 15:00:00,116.61
2026-04-28 16:00:00,116.49000000000001
2026-04-28 17:00:00,116.51
2026-04-28 23:00:00,116.62
2026-04-29 07:00:00,116.57000000000001
2026-04-29 08:00:00,116.33
2026-04-29 09:00:00,116.2
2026-04-29 10:00:00,116.11
2026-04-29 11:00:00,116.4
2026-04-29 12:00:00,116.35000000000001
2026-04-29 13:00:00,116.36
2026-04-29 14:00:00,116.10000000000001
2026-04-29 15:00:00,116.10000000000001
2026-04-29 16:00:00,115.91000000000001
2026-04-29 17:00:00,115.89
2026-04-29 23:00:00,116.03
2026-04-30 07:00:00,115.77000000000001
2026-04-30 08:00:00,115.96000000000001
2026-04-30 09:00:00,115.91000000000001
2026-04-30 10:00:00,116.19000000000001
2026-04-30 11:00:00,116.31
2026-04-30 12:00:00,116.47
2026-04-30 13:00:00,116.57000000000001
2026-04-30 14:00:00,116.64
2026-04-30 15:00:00,116.7
2026-04-30 16:00:00,116.75
2026-04-30 17:00:00,116.75
2026-04-30 23:00:00,116.72
2026-05-04 07:00:00,116.63000000000001
2026-05-04 08:00:00,116.63000000000001
2026-05-04 09:00:00,116.55000000000001
2026-05-04 10:00:00,116.56
2026-05-04 11:00:00,116.34
2026-05-04 12:00:00,116.5
2026-05-04 13:00:00,116.68
2026-05-04 14:00:00,116.54
2026-05-04 15:00:00,116.46000000000001
2026-05-04 16:00:00,116.06
2026-05-04 17:00:00,116.07000000000001
2026-05-04 23:00:00,116.39
2026-05-05 07:00:00,116.33
2026-05-05 08:00:00,116.39
2026-05-05 09:00:00,116.56
2026-05-05 10:00:00,116.5
2026-05-05 11:00:00,116.4
2026-05-05 12:00:00,116.30000000000001
2026-05-05 13:00:00,116.43
2026-05-05 14:00:00,116.51
2026-05-05 15:00:00,116.58
2026-05-05 16:00:00,116.71000000000001
2026-05-05 17:00:00,116.68
2026-05-05 23:00:00,116.60000000000001
2026-05-06 07:00:00,117.17
2026-05-06 08:00:00,117.39
2026-05-06 09:00:00,117.74000000000001
2026-05-06 10:00:00,117.71000000000001
2026-05-06 11:00:00,118.05000000000001
2026-05-06 12:00:00,117.81
2026-05-06 13:00:00,117.82000000000001
2026-05-06 14:00:00,117.83
2026-05-06 15:00:00,117.84
2026-05-06 16:00:00,117.72
2026-05-06 17:00:00,117.75
2026-05-06 23:00:00,117.76
2026-05-07 07:00:00,118.10000000000001
2026-05-07 08:00:00,118.09
2026-05-07 09:00:00,117.85000000000001
2026-05-07 10:00:00,117.83
2026-05-07 11:00:00,117.93
2026-05-07 12:00:00,118.03
2026-05-07 13:00:00,118.26
2026-05-07 14:00:00,118.11
2026-05-07 15:00:00,118.08
2026-05-07 16:00:00,117.78
2026-05-07 17:00:00,117.67
2026-05-07 23:00:00,118.0
2026-05-08 07:00:00,117.75
2026-05-08 08:00:00,117.64
2026-05-08 09:00:00,117.87
2026-05-08 10:00:00,117.82000000000001
2026-05-08 11:00:00,117.89
2026-05-08 12:00:00,117.80000000000001
2026-05-08 13:00:00,117.95
2026-05-08 14:00:00,118.08
2026-05-08 15:00:00,117.94000000000001
2026-05-08 16:00:00,117.9
2026-05-08 17:00:00,117.86
2026-05-08 23:00:00,117.93
2026-05-11 07:00:00,117.71000000000001
2026-05-11 08:00:00,117.62
2026-05-11 09:00:00,117.61
2026-05-11 10:00:00,117.44000000000001
2026-05-11 11:00:00,117.55000000000001
2026-05-11 12:00:00,117.49000000000001
2026-05-11 13:00:00,117.47
2026-05-11 14:00:00,117.54
2026-05-11 15:00:00,117.37
2026-05-11 16:00:00,117.48
2026-05-11 17:00:00,117.30000000000001
2026-05-11 23:00:00,117.37
2026-05-12 07:00:00,116.77000000000001
2026-05-12 08:00:00,116.75
2026-05-12 09:00:00,116.80000000000001
2026-05-12 10:00:00,116.89
2026-05-12 11:00:00,116.98
2026-05-12 12:00:00,116.86
2026-05-12 13:00:00,116.89
2026-05-12 14:00:00,116.73
2026-05-12 15:00:00,116.79
2026-05-12 16:00:00,116.7
2026-05-12 17:00:00,116.71000000000001
2026-05-12 23:00:00,116.79
2026-05-13 07:00:00,116.91000000000001
2026-05-13 08:00:00,116.91000000000001
2026-05-13 09:00:00,116.83
2026-05-13 10:00:00,116.88000000000001
2026-05-13 11:00:00,116.79
2026-05-13 12:00:00,116.76
2026-05-13 13:00:00,116.74000000000001
2026-05-13 14:00:00,116.78
2026-05-13 15:00:00,116.76
2026-05-13 16:00:00,116.88000000000001
2026-05-13 17:00:00,117.0
2026-05-13 23:00:00,116.84
2026-05-14 07:00:00,117.14
2026-05-14 08:00:00,116.97
2026-05-14 09:00:00,117.08
2026-05-14 10:00:00,117.19000000000001
2026-05-14 11:00:00,117.24000000000001
2026-05-14 12:00:00,117.30000000000001
2026-05-14 13:00:00,117.38000000000001
2026-05-14 14:00:00,117.36
2026-05-14 15:00:00,117.43
2026-05-14 16:00:00,117.51
2026-05-14 17:00:00,117.47
2026-05-14 23:00:00,117.41000000000001
2026-05-15 07:00:00,116.85000000000001
2026-05-15 08:00:00,116.95
2026-05-15 09:00:00,116.77000000000001
2026-05-15 10:00:00,116.56
2026-05-15 11:00:00,116.75
2026-05-15 12:00:00,116.5
2026-05-15 13:00:00,116.42
2026-05-15 14:00:00,116.16000000000001
2026-05-15 15:00:00,116.30000000000001
2026-05-15 16:00:00,116.06
2026-05-15 17:00:00,115.93
2026-05-15 23:00:00,116.26
2026-05-18 07:00:00,115.89
2026-05-18 08:00:00,116.03
2026-05-18 09:00:00,116.15
2026-05-18 10:00:00,116.05000000000001
2026-05-18 11:00:00,116.0
2026-05-18 12:00:00,116.27000000000001
2026-05-18 13:00:00,116.55000000000001
2026-05-18 14:00:00,116.65
2026-05-18 15:00:00,116.41000000000001
2026-05-18 16:00:00,116.4
2026-05-18 17:00:00,116.4
2026-05-18 23:00:00,116.24000000000001
2026-05-19 07:00:00,116.49000000000001
2026-05-19 08:00:00,116.59
2026-05-19 09:00:00,116.53
2026-05-19 10:00:00,116.41000000000001
2026-05-19 11:00:00,116.33
2026-05-19 12:00:00,116.24000000000001
2026-05-19 13:00:00,116.26
2026-05-19 14:00:00,116.04
2026-05-19 15:00:00,115.88000000000001
2026-05-19 16:00:00,115.91000000000001
2026-05-19 17:00:00,115.97
2026-05-19 23:00:00,115.98
2026-05-20 07:00:00,116.2
2026-05-20 08:00:00,116.16000000000001
2026-05-20 09:00:00,116.35000000000001
2026-05-20 10:00:00,116.34
2026-05-20 11:00:00,116.41000000000001
2026-05-20 12:00:00,116.38000000000001
2026-05-20 13:00:00,116.49000000000001
2026-05-20 14:00:00,116.53
2026-05-20 15:00:00,117.02000000000001
2026-05-20 16:00:00,117.07000000000001
2026-05-20 17:00:00,117.14
2026-05-20 23:00:00,116.97
2026-05-21 07:00:00,116.91000000000001
2026-05-21 08:00:00,117.05000000000001
2026-05-21 09:00:00,117.08
2026-05-21 10:00:00,117.13000000000001
2026-05-21 11:00:00,116.71000000000001
2026-05-21 12:00:00,116.9
2026-05-21 13:00:00,116.91000000000001
2026-05-21 14:00:00,117.11
2026-05-21 15:00:00,117.02000000000001
2026-05-21 16:00:00,116.98
2026-05-21 17:00:00,117.11
2026-05-21 23:00:00,116.96000000000001
2026-05-22 07:00:00,117.38000000000001
2026-05-22 08:00:00,117.43
2026-05-22 09:00:00,117.46000000000001
2026-05-22 10:00:00,117.49000000000001
2026-05-22 11:00:00,117.4
2026-05-22 12:00:00,117.5
2026-05-22 13:00:00,117.71000000000001
2026-05-22 14:00:00,117.63000000000001
2026-05-22 15:00:00,117.59
2026-05-22 16:00:00,117.58
2026-05-22 17:00:00,117.5
2026-05-22 23:00:00,117.59
2026-05-25 07:00:00,118.22
2026-05-25 08:00:00,118.26
2026-05-25 09:00:00,118.43
2026-05-25 10:00:00,118.5
2026-05-25 11:00:00,118.55000000000001
2026-05-25 12:00:00,118.55000000000001
2026-05-25 13:00:00,118.63000000000001
2026-05-25 14:00:00,118.66000000000001
2026-05-25 15:00:00,118.66000000000001
2026-05-25 16:00:00,118.61
2026-05-25 17:00:00,118.67
2026-05-25 23:00:00,118.59
2026-05-26 07:00:00,118.35000000000001
2026-05-26 08:00:00,118.28
2026-05-26 09:00:00,118.16000000000001
2026-05-26 10:00:00,118.28
2026-05-26 11:00:00,118.32000000000001
2026-05-26 12:00:00,118.23
2026-05-26 13:00:00,118.23
2026-05-26 14:00:00,118.14
2026-05-26 15:00:00,118.13000000000001
2026-05-26 16:00:00,118.2
2026-05-26 17:00:00,118.24000000000001
2026-05-26 23:00:00,118.17
2026-05-27 07:00:00,118.4
2026-05-27 08:00:00,118.42
2026-05-27 09:00:00,118.52000000000001
2026-05-27 10:00:00,118.49000000000001
2026-05-27 11:00:00,118.47
2026-05-27 12:00:00,118.34
2026-05-27 13:00:00,118.36
2026-05-27 14:00:00,118.34
2026-05-27 15:00:00,118.21000000000001
2026-05-27 16:00:00,118.18
2026-05-27 17:00:00,118.19000000000001
2026-05-27 23:00:00,118.23
2026-05-28 07:00:00,117.94000000000001
2026-05-28 08:00:00,117.91000000000001
2026-05-28 09:00:00,117.91000000000001
2026-05-28 10:00:00,117.97
2026-05-28 11:00:00,117.86
2026-05-28 12:00:00,117.92
2026-05-28 13:00:00,118.04
2026-05-28 14:00:00,118.13000000000001
2026-05-28 15:00:00,118.38000000000001
2026-05-28 16:00:00,118.39
2026-05-28 17:00:00,118.51
2026-05-28 23:00:00,118.4
2026-05-29 07:00:00,118.38000000000001
2026-05-29 08:00:00,118.38000000000001
2026-05-29 09:00:00,118.52000000000001
2026-05-29 10:00:00,118.55000000000001
2026-05-29 11:00:00,118.55000000000001
2026-05-29 12:00:00,118.57000000000001
2026-05-29 13:00:00,118.52000000000001
2026-05-29 14:00:00,118.41000000000001
2026-05-29 15:00:00,118.67
2026-05-29 16:00:00,118.64
2026-05-29 17:00:00,118.71000000000001
2026-05-29 23:00:00,118.77000000000001
2026-06-01 07:00:00,118.29
2026-06-01 08:00:00,118.24000000000001
2026-06-01 09:00:00,118.17
2026-06-01 10:00:00,118.2
2026-06-01 11:00:00,118.22
2026-06-01 12:00:00,118.26
2026-06-01 13:00:00,118.36
2026-06-01 14:00:00,117.7
2026-06-01 15:00:00,117.68
2026-06-01 16:00:00,117.91000000000001
2026-06-01 17:00:00,118.10000000000001
2026-06-01 23:00:00,117.82000000000001
2026-06-02 07:00:00,118.38000000000001
2026-06-02 08:00:00,118.56
2026-06-02 09:00:00,118.54
2026-06-02 10:00:00,118.46000000000001
2026-06-02 11:00:00,118.52000000000001
2026-06-02 12:00:00,118.45
2026-06-02 13:00:00,118.42
2026-06-02 14:00:00,118.27000000000001
2026-06-02 15:00:00,118.30000000000001
2026-06-02 16:00:00,118.31
2026-06-02 17:00:00,118.2
2026-06-02 17:00:01,118.2
2026-06-02 23:00:00,118.29
2026-06-03 07:00:00,117.95
2026-06-03 08:00:00,117.92
2026-06-03 09:00:00,117.8
2026-06-03 10:00:00,117.74
2026-06-03 11:00:00,117.76
2026-06-03 12:00:00,117.86
2026-06-03 13:00:00,117.85
2026-06-03 14:00:00,117.81
2026-06-03 15:00:00,117.71
2026-06-03 16:00:00,117.55
2026-06-03 17:00:00,117.57
2026-06-03 23:00:00,117.62
2026-06-04 07:00:00,117.73
2026-06-04 08:00:00,117.67
2026-06-04 09:00:00,117.48
2026-06-04 10:00:00,117.57
2026-06-04 11:00:00,117.53
2026-06-04 12:00:00,117.82
2026-06-04 13:00:00,117.69
2026-06-04 14:00:00,117.66
2026-06-04 15:00:00,117.57
2026-06-04 16:00:00,117.62
2026-06-04 17:00:00,117.67
2026-06-04 23:00:00,117.62
2026-06-05 07:00:00,117.62
2026-06-05 08:00:00,117.69
2026-06-05 09:00:00,117.67
2026-06-05 10:00:00,117.59
2026-06-05 11:00:00,117.59
2026-06-05 12:00:00,117.55
2026-06-05 13:00:00,117.36
2026-06-05 14:00:00,117.37
2026-06-05 15:00:00,117.43
2026-06-05 16:00:00,117.35
2026-06-05 17:00:00,117.48
2026-06-05 23:00:00,117.49
2026-06-08 07:00:00,117.01
2026-06-08 08:00:00,117.13
2026-06-08 09:00:00,117.06
2026-06-08 10:00:00,117.11
2026-06-08 11:00:00,117.12
2026-06-08 12:00:00,117.35
2026-06-08 13:00:00,117.24
2026-06-08 14:00:00,117.28
2026-06-08 15:00:00,117.18
2026-06-08 16:00:00,117.06
2026-06-08 17:00:00,117.02
2026-06-08 23:00:00,117.1
2026-06-09 07:00:00,117.22
2026-06-09 08:00:00,117.2
2026-06-09 09:00:00,117.28
2026-06-09 10:00:00,117.14
2026-06-09 11:00:00,117.23
2026-06-09 12:00:00,117.22
2026-06-09 13:00:00,117.18
2026-06-09 14:00:00,117.4
2026-06-09 15:00:00,117.33
2026-06-09 16:00:00,117.34
2026-06-09 17:00:00,117.14
2026-06-09 23:00:00,117.28
2026-06-10 07:00:00,117.24
2026-06-10 08:00:00,117.3
2026-06-10 09:00:00,117.24
2026-06-10 10:00:00,117.13
2026-06-10 11:00:00,117.14
2026-06-10 12:00:00,116.96
2026-06-10 13:00:00,117.07
2026-06-10 14:00:00,117.12
2026-06-10 15:00:00,116.98
2026-06-10 16:00:00,116.92
2026-06-10 17:00:00,116.82
2026-06-10 23:00:00,116.98
2026-06-11 07:00:00,116.9
2026-06-11 08:00:00,117.0
2026-06-11 09:00:00,117.13
2026-06-11 10:00:00,117.2
2026-06-11 11:00:00,117.21
2026-06-11 12:00:00,117.35
2026-06-11 13:00:00,117.29
2026-06-11 14:00:00,117.52
2026-06-11 15:00:00,117.41
2026-06-11 16:00:00,117.41
2026-06-11 17:00:00,117.36
2026-06-11 23:00:00,117.48
2026-06-12 07:00:00,118.02
2026-06-12 08:00:00,118.18
2026-06-12 09:00:00,118.19
2026-06-12 10:00:00,118.21
2026-06-12 11:00:00,118.09
2026-06-12 12:00:00,117.96
2026-06-12 13:00:00,117.79
2026-06-12 14:00:00,117.78
2026-06-12 15:00:00,117.97
2026-06-12 16:00:00,118.09
2026-06-12 17:00:00,118.13
2026-06-12 23:00:00,117.99
2026-06-15 07:00:00,118.6
2026-06-15 08:00:00,118.6
2026-06-15 09:00:00,118.63
2026-06-15 10:00:00,118.56
2026-06-15 11:00:00,118.67
2026-06-15 12:00:00,118.56
2026-06-15 13:00:00,118.61
2026-06-15 14:00:00,118.64
2026-06-15 15:00:00,118.59
2026-06-15 16:00:00,118.6
2026-06-15 17:00:00,118.53
2026-06-15 23:00:00,118.56
2026-06-16 07:00:00,118.68
2026-06-16 08:00:00,118.77
2026-06-16 09:00:00,118.92
2026-06-16 10:00:00,118.9
2026-06-16 11:00:00,119.0
2026-06-16 12:00:00,119.0
2026-06-16 13:00:00,119.0
2026-06-16 14:00:00,118.9
2026-06-16 15:00:00,118.85
2026-06-16 16:00:00,118.97
2026-06-16 17:00:00,118.98
2026-06-16 23:00:00,118.84
2026-06-17 07:00:00,119.16
2026-06-17 08:00:00,119.08
2026-06-17 09:00:00,119.01
2026-06-17 10:00:00,119.05
2026-06-17 11:00:00,118.95
2026-06-17 12:00:00,118.98
2026-06-17 13:00:00,119.08
2026-06-17 14:00:00,118.97
2026-06-17 15:00:00,118.87
2026-06-17 16:00:00,119.02
2026-06-17 17:00:00,119.05
2026-06-17 23:00:00,118.94
2026-06-18 07:00:00,118.94
2026-06-18 08:00:00,118.95
2026-06-18 09:00:00,118.86
2026-06-18 10:00:00,118.83
2026-06-18 11:00:00,118.77
2026-06-18 12:00:00,118.79
2026-06-18 13:00:00,118.87
2026-06-18 14:00:00,118.95
2026-06-18 15:00:00,119.0
2026-06-18 16:00:00,118.92
2026-06-18 17:00:00,118.95
2026-06-18 23:00:00,119.05
2026-06-19 07:00:00,118.71
2026-06-19 08:00:00,118.66
2026-06-19 09:00:00,118.63
2026-06-19 10:00:00,118.55
2026-06-19 11:00:00,118.46
2026-06-19 12:00:00,118.43
2026-06-19 13:00:00,118.57
2026-06-19 14:00:00,118.42
2026-06-19 15:00:00,118.36
2026-06-19 16:00:00,118.34
2026-06-19 17:00:00,118.32
2026-06-19 23:00:00,118.38
2026-06-22 07:00:00,118.63
2026-06-22 08:00:00,118.52
2026-06-22 09:00:00,118.49
2026-06-22 10:00:00,118.52
2026-06-22 11:00:00,118.55
2026-06-22 12:00:00,118.61
2026-06-22 13:00:00,118.6
2026-06-22 14:00:00,118.8
2026-06-22 15:00:00,118.77
2026-06-22 16:00:00,118.74
2026-06-22 17:00:00,118.72
