DATETIME,price
1980-01-31 00:00:00,328.44999999999993
1980-02-01 00:00:00,330.35
1980-02-04 00:00:00,330.94999999999993
1980-02-05 00:00:00,326.94999999999993
1980-02-06 00:00:00,326.75
1980-02-07 00:00:00,325.75
1980-02-08 00:00:00,326.65
1980-02-11 00:00:00,325.65
1980-02-13 00:00:00,324.79999999999995
1980-02-14 00:00:00,324.4
1980-02-15 00:00:00,328.4
1980-02-19 00:00:00,331.94999999999993
1980-02-20 00:00:00,332.15
1980-02-21 00:00:00,333.35
1980-02-22 00:00:00,335.05000000000007
1980-02-25 00:00:00,337.55000000000007
1980-02-26 00:00:00,338.85
1980-02-27 00:00:00,338.30000000000007
1980-02-28 00:00:00,340.05000000000007
1980-02-29 00:00:00,340.70000000000005
1980-03-03 00:00:00,344.45000000000005
1980-03-04 00:00:00,348.20000000000005
1980-03-05 00:00:00,351.94999999999993
1980-03-06 00:00:00,347.95000000000005
1980-03-07 00:00:00,348.95000000000005
1980-03-10 00:00:00,349.65
1980-03-11 00:00:00,348.1
1980-03-12 00:00:00,348.4
1980-03-13 00:00:00,348.35
1980-03-14 00:00:00,348.0
1980-03-17 00:00:00,346.05000000000007
1980-03-18 00:00:00,344.75
1980-03-19 00:00:00,345.5
1980-03-20 00:00:00,347.85
1980-03-21 00:00:00,348.4
1980-03-24 00:00:00,347.0
1980-03-25 00:00:00,345.15
1980-03-26 00:00:00,345.80000000000007
1980-03-27 00:00:00,345.05000000000007
1980-03-28 00:00:00,342.70000000000005
1980-03-31 00:00:00,339.70000000000005
1980-04-01 00:00:00,336.80000000000007
1980-04-02 00:00:00,337.55000000000007
1980-04-03 00:00:00,341.5
1980-04-07 00:00:00,344.05000000000007
1980-04-08 00:00:00,344.4000000000001
1980-04-09 00:00:00,343.95000000000005
1980-04-10 00:00:00,345.30000000000007
1980-04-11 00:00:00,346.20000000000005
1980-04-14 00:00:00,346.35
1980-04-15 00:00:00,345.9
1980-04-16 00:00:00,345.70000000000005
1980-04-17 00:00:00,345.55000000000007
1980-04-18 00:00:00,345.6
1980-04-21 00:00:00,345.5
1980-04-22 00:00:00,346.05000000000007
1980-04-23 00:00:00,345.4000000000001
1980-04-24 00:00:00,343.95000000000005
1980-04-25 00:00:00,342.6
1980-04-28 00:00:00,339.5
1980-04-29 00:00:00,337.05000000000007
1980-04-30 00:00:00,337.6
1980-05-01 00:00:00,340.30000000000007
1980-05-02 00:00:00,344.30000000000007
1980-05-05 00:00:00,347.9
1980-05-06 00:00:00,347.30000000000007
1980-05-07 00:00:00,348.35
1980-05-08 00:00:00,349.35
1980-05-09 00:00:00,352.94999999999993
1980-05-12 00:00:00,352.4
1980-05-13 00:00:00,351.35
1980-05-14 00:00:00,354.9
1980-05-15 00:00:00,356.0
1980-05-16 00:00:00,355.75
1980-05-19 00:00:00,351.79999999999995
1980-05-20 00:00:00,353.15
1980-05-21 00:00:00,351.75
1980-05-22 00:00:00,354.69999999999993
1980-05-23 00:00:00,353.6
1980-05-27 00:00:00,350.45000000000005
1980-05-28 00:00:00,350.45000000000005
1980-05-29 00:00:00,350.05000000000007
1980-05-30 00:00:00,347.0
1980-06-02 00:00:00,351.0
1980-06-03 00:00:00,351.0
1980-06-04 00:00:00,348.9
1980-06-05 00:00:00,347.4
1980-06-06 00:00:00,344.04999999999995
1980-06-09 00:00:00,342.9
1980-06-10 00:00:00,345.4
1980-06-11 00:00:00,345.85
1980-06-12 00:00:00,344.5
1980-06-13 00:00:00,343.45000000000005
1980-06-16 00:00:00,339.45000000000005
1980-06-17 00:00:00,335.45000000000005
1980-06-18 00:00:00,331.44999999999993
1980-06-19 00:00:00,332.15
1980-06-20 00:00:00,328.15
1980-06-23 00:00:00,324.15
1980-06-24 00:00:00,328.3499999999999
1980-06-25 00:00:00,329.44999999999993
1980-06-26 00:00:00,329.65
1980-06-27 00:00:00,328.9
1980-06-30 00:00:00,322.9
1980-07-01 00:00:00,321.9
1980-07-02 00:00:00,316.15
1980-07-03 00:00:00,310.15
1980-07-07 00:00:00,316.15
1980-07-08 00:00:00,310.85
1980-07-09 00:00:00,306.45000000000005
1980-07-10 00:00:00,309.85
1980-07-11 00:00:00,315.85
1980-07-14 00:00:00,319.4
1980-07-15 00:00:00,318.45000000000005
1980-07-16 00:00:00,315.04999999999995
1980-07-17 00:00:00,311.05000000000007
1980-07-18 00:00:00,310.79999999999995
1980-07-21 00:00:00,309.70000000000005
1980-07-22 00:00:00,310.70000000000005
1980-07-23 00:00:00,308.6
1980-07-24 00:00:00,304.6500000000001
1980-07-25 00:00:00,298.7500000000001
1980-07-28 00:00:00,284.1
1980-07-29 00:00:00,284.2500000000001
1980-07-30 00:00:00,287.6500000000001
1980-07-31 00:00:00,288.0500000000002
1980-08-01 00:00:00,282.9000000000001
1980-08-04 00:00:00,284.05000000000007
1980-08-05 00:00:00,289.95000000000016
1980-08-06 00:00:00,295.95000000000016
1980-08-07 00:00:00,291.20000000000016
1980-08-08 00:00:00,286.7500000000001
1980-08-11 00:00:00,290.1500000000001
1980-08-12 00:00:00,290.9000000000001
1980-08-13 00:00:00,291.1500000000001
1980-08-14 00:00:00,295.10000000000014
1980-08-15 00:00:00,296.70000000000005
1980-08-18 00:00:00,294.10000000000014
1980-08-19 00:00:00,291.95000000000016
1980-08-20 00:00:00,290.20000000000016
1980-08-21 00:00:00,286.20000000000005
1980-08-22 00:00:00,282.20000000000005
1980-08-25 00:00:00,276.20000000000005
1980-08-26 00:00:00,276.9
1980-08-27 00:00:00,279.6500000000001
1980-08-28 00:00:00,278.0000000000001
1980-08-29 00:00:00,274.85
1980-09-02 00:00:00,271.20000000000005
1980-09-03 00:00:00,272.9
1980-09-04 00:00:00,274.1500000000001
1980-09-05 00:00:00,275.30000000000007
1980-09-08 00:00:00,279.30000000000007
1980-09-09 00:00:00,283.30000000000007
1980-09-10 00:00:00,283.05000000000007
1980-09-11 00:00:00,277.05000000000007
1980-09-12 00:00:00,272.45000000000005
1980-09-15 00:00:00,270.20000000000005
1980-09-16 00:00:00,275.55000000000007
1980-09-17 00:00:00,272.15
1980-09-18 00:00:00,273.75
1980-09-19 00:00:00,270.55000000000007
1980-09-22 00:00:00,275.1500000000001
1980-09-23 00:00:00,271.30000000000007
1980-09-24 00:00:00,269.75
1980-09-25 00:00:00,265.4
1980-09-26 00:00:00,263.4000000000001
1980-09-29 00:00:00,268.70000000000005
1980-09-30 00:00:00,266.6
1980-10-01 00:00:00,266.45000000000005
1980-10-02 00:00:00,266.85
1980-10-03 00:00:00,268.15
1980-10-06 00:00:00,264.30000000000007
1980-10-07 00:00:00,268.35
1980-10-08 00:00:00,270.05000000000007
1980-10-09 00:00:00,271.95000000000005
1980-10-10 00:00:00,272.75
1980-10-13 00:00:00,272.20000000000005
1980-10-14 00:00:00,272.05000000000007
1980-10-15 00:00:00,274.35
1980-10-16 00:00:00,273.20000000000005
1980-10-17 00:00:00,272.1
1980-10-20 00:00:00,269.75
1980-10-21 00:00:00,266.95000000000005
1980-10-22 00:00:00,265.1
1980-10-23 00:00:00,264.70000000000005
1980-10-24 00:00:00,266.80000000000007
1980-10-27 00:00:00,268.95000000000005
1980-10-28 00:00:00,266.0
1980-10-29 00:00:00,265.0
1980-10-30 00:00:00,265.30000000000007
1980-10-31 00:00:00,265.1
1980-11-03 00:00:00,262.6500000000001
1980-11-05 00:00:00,263.2500000000001
1980-11-06 00:00:00,259.25
1980-11-07 00:00:00,255.2500000000001
1980-11-10 00:00:00,251.2500000000001
1980-11-11 00:00:00,251.95000000000016
1980-11-12 00:00:00,255.80000000000007
1980-11-13 00:00:00,254.55000000000007
1980-11-14 00:00:00,253.30000000000007
1980-11-17 00:00:00,249.70000000000005
1980-11-18 00:00:00,253.70000000000005
1980-11-19 00:00:00,256.70000000000005
1980-11-20 00:00:00,257.6
1980-11-21 00:00:00,259.4000000000001
1980-11-24 00:00:00,256.1500000000001
1980-11-25 00:00:00,257.55000000000007
1980-11-26 00:00:00,257.95000000000005
1980-11-28 00:00:00,259.1
1980-12-01 00:00:00,259.30000000000007
1980-12-02 00:00:00,258.0
1980-12-03 00:00:00,262.0000000000001
1980-12-04 00:00:00,261.2500000000001
1980-12-05 00:00:00,260.4000000000001
1980-12-08 00:00:00,259.6
1980-12-09 00:00:00,258.85
1980-12-10 00:00:00,257.85
1980-12-11 00:00:00,253.85000000000014
1980-12-12 00:00:00,251.70000000000005
1980-12-15 00:00:00,255.70000000000005
1980-12-16 00:00:00,258.70000000000005
1980-12-17 00:00:00,259.6500000000001
1980-12-18 00:00:00,259.80000000000007
1980-12-19 00:00:00,257.9
1980-12-22 00:00:00,261.20000000000005
1980-12-23 00:00:00,263.7500000000001
1980-12-24 00:00:00,265.80000000000007
1980-12-29 00:00:00,267.20000000000005
1980-12-30 00:00:00,264.70000000000005
1980-12-31 00:00:00,264.5000000000001
1981-01-05 00:00:00,269.4
1981-01-06 00:00:00,269.20000000000005
1981-01-07 00:00:00,267.55000000000007
1981-01-08 00:00:00,265.65
1981-01-09 00:00:00,267.80000000000007
1981-01-12 00:00:00,269.35
1981-01-13 00:00:00,271.30000000000007
1981-01-14 00:00:00,270.45000000000005
1981-01-15 00:00:00,270.0
1981-01-16 00:00:00,270.70000000000005
1981-01-19 00:00:00,267.0
1981-01-20 00:00:00,268.05000000000007
1981-01-21 00:00:00,264.80000000000007
1981-01-22 00:00:00,264.95000000000005
1981-01-23 00:00:00,261.45000000000005
1981-01-26 00:00:00,257.9
1981-01-27 00:00:00,258.30000000000007
1981-01-28 00:00:00,258.0
1981-01-29 00:00:00,258.0
1981-01-30 00:00:00,259.35
1981-02-02 00:00:00,259.1
1981-02-03 00:00:00,257.35
1981-02-04 00:00:00,254.4000000000001
1981-02-05 00:00:00,256.5000000000001
1981-02-06 00:00:00,257.4000000000001
1981-02-09 00:00:00,257.1500000000001
1981-02-10 00:00:00,257.95000000000005
1981-02-11 00:00:00,255.60000000000002
1981-02-12 00:00:00,257.20000000000005
1981-02-13 00:00:00,258.9000000000001
1981-02-17 00:00:00,257.1
1981-02-18 00:00:00,256.30000000000007
1981-02-19 00:00:00,257.85
1981-02-20 00:00:00,258.4000000000001
1981-02-23 00:00:00,258.70000000000005
1981-02-24 00:00:00,258.35
1981-02-25 00:00:00,257.7500000000001
1981-02-26 00:00:00,255.6500000000001
1981-02-27 00:00:00,255.20000000000016
1981-03-02 00:00:00,253.55000000000007
1981-03-03 00:00:00,255.70000000000005
1981-03-04 00:00:00,255.10000000000014
1981-03-05 00:00:00,255.70000000000005
1981-03-06 00:00:00,254.80000000000007
1981-03-09 00:00:00,252.95000000000016
1981-03-10 00:00:00,251.85000000000014
1981-03-11 00:00:00,250.1500000000001
1981-03-12 00:00:00,251.80000000000018
1981-03-13 00:00:00,252.85000000000014
1981-03-16 00:00:00,253.10000000000014
1981-03-17 00:00:00,251.9000000000001
1981-03-18 00:00:00,255.9000000000001
1981-03-19 00:00:00,258.45000000000005
1981-03-20 00:00:00,258.0
1981-03-23 00:00:00,260.6
1981-03-24 00:00:00,260.80000000000007
1981-03-25 00:00:00,260.55000000000007
1981-03-26 00:00:00,259.2500000000001
1981-03-27 00:00:00,258.70000000000005
1981-03-30 00:00:00,259.9000000000001
1981-03-31 00:00:00,260.7500000000001
1981-04-01 00:00:00,259.80000000000007
1981-04-02 00:00:00,260.2500000000001
1981-04-03 00:00:00,259.85
1981-04-06 00:00:00,257.6500000000001
1981-04-07 00:00:00,257.80000000000007
1981-04-08 00:00:00,258.5000000000001
1981-04-09 00:00:00,257.85
1981-04-10 00:00:00,258.05000000000007
1981-04-13 00:00:00,255.7500000000001
1981-04-14 00:00:00,256.45000000000005
1981-04-15 00:00:00,257.5000000000001
1981-04-16 00:00:00,258.1
1981-04-20 00:00:00,257.9000000000001
1981-04-21 00:00:00,258.9000000000001
1981-04-22 00:00:00,258.80000000000007
1981-04-23 00:00:00,259.1
1981-04-24 00:00:00,260.0000000000001
1981-04-27 00:00:00,261.55000000000007
1981-04-28 00:00:00,260.95000000000005
1981-04-29 00:00:00,259.6500000000001
1981-04-30 00:00:00,259.70000000000005
1981-05-01 00:00:00,260.45000000000005
1981-05-04 00:00:00,260.0000000000001
1981-05-05 00:00:00,259.35
1981-05-06 00:00:00,260.4000000000001
1981-05-07 00:00:00,259.9000000000001
1981-05-08 00:00:00,260.7500000000001
1981-05-11 00:00:00,260.7500000000001
1981-05-12 00:00:00,260.60000000000014
1981-05-13 00:00:00,258.55000000000007
1981-05-14 00:00:00,256.35000000000014
1981-05-15 00:00:00,252.35000000000014
1981-05-18 00:00:00,249.6500000000001
1981-05-19 00:00:00,245.64999999999998
1981-05-20 00:00:00,245.10000000000002
1981-05-21 00:00:00,249.55000000000007
1981-05-22 00:00:00,247.7500000000001
1981-05-26 00:00:00,247.6500000000001
1981-05-27 00:00:00,251.85000000000014
1981-05-28 00:00:00,249.9000000000001
1981-05-29 00:00:00,246.64999999999998
1981-06-01 00:00:00,243.4000000000001
1981-06-02 00:00:00,245.1500000000001
1981-06-03 00:00:00,242.55000000000007
1981-06-04 00:00:00,238.55000000000007
1981-06-05 00:00:00,239.0000000000001
1981-06-08 00:00:00,235.0
1981-06-09 00:00:00,231.0
1981-06-10 00:00:00,236.95000000000005
1981-06-11 00:00:00,233.4000000000001
1981-06-12 00:00:00,237.20000000000005
1981-06-15 00:00:00,234.5
1981-06-16 00:00:00,230.5
1981-06-17 00:00:00,226.60000000000002
1981-06-18 00:00:00,229.6500000000001
1981-06-19 00:00:00,230.35000000000002
1981-06-22 00:00:00,226.35000000000002
1981-06-23 00:00:00,222.60000000000002
1981-06-24 00:00:00,223.35000000000002
1981-06-25 00:00:00,220.60000000000002
1981-06-26 00:00:00,218.5000000000001
1981-06-29 00:00:00,221.05000000000007
1981-06-30 00:00:00,225.05000000000007
1981-07-01 00:00:00,229.05000000000007
1981-07-02 00:00:00,227.35000000000002
1981-07-06 00:00:00,228.25
1981-07-07 00:00:00,224.30000000000007
1981-07-08 00:00:00,225.45000000000005
1981-07-09 00:00:00,226.30000000000007
1981-07-10 00:00:00,230.30000000000007
1981-07-13 00:00:00,234.30000000000007
1981-07-14 00:00:00,231.25
1981-07-15 00:00:00,233.20000000000005
1981-07-16 00:00:00,235.10000000000002
1981-07-17 00:00:00,235.70000000000005
1981-07-20 00:00:00,239.70000000000005
1981-07-21 00:00:00,243.70000000000005
1981-07-22 00:00:00,249.70000000000005
1981-07-23 00:00:00,262.6500000000001
1981-07-24 00:00:00,258.5000000000001
1981-07-27 00:00:00,259.1500000000001
1981-07-28 00:00:00,262.7500000000001
1981-07-29 00:00:00,259.95000000000005
1981-07-30 00:00:00,253.9000000000001
1981-07-31 00:00:00,256.20000000000005
1981-08-03 00:00:00,252.20000000000016
1981-08-04 00:00:00,249.05000000000007
1981-08-05 00:00:00,245.05000000000007
1981-08-06 00:00:00,249.05000000000007
1981-08-07 00:00:00,245.35000000000002
1981-08-10 00:00:00,247.45000000000016
1981-08-11 00:00:00,246.80000000000007
1981-08-12 00:00:00,249.1500000000001
1981-08-13 00:00:00,253.1500000000002
1981-08-14 00:00:00,253.95000000000016
1981-08-17 00:00:00,254.7500000000001
1981-08-18 00:00:00,251.5000000000001
1981-08-19 00:00:00,252.7500000000001
1981-08-20 00:00:00,250.4000000000001
1981-08-21 00:00:00,248.4000000000001
1981-08-24 00:00:00,244.4000000000001
1981-08-25 00:00:00,244.45000000000005
1981-08-26 00:00:00,240.45000000000005
1981-08-27 00:00:00,240.75
1981-08-28 00:00:00,239.05000000000007
1981-08-31 00:00:00,235.05000000000007
1981-09-01 00:00:00,234.4000000000001
1981-09-02 00:00:00,238.4000000000001
1981-09-03 00:00:00,242.4000000000001
1981-09-04 00:00:00,244.2500000000001
1981-09-08 00:00:00,242.85000000000014
1981-09-09 00:00:00,246.85000000000014
1981-09-10 00:00:00,249.60000000000014
1981-09-11 00:00:00,252.70000000000016
1981-09-14 00:00:00,253.6500000000002
1981-09-15 00:00:00,252.10000000000014
1981-09-16 00:00:00,249.6500000000001
1981-09-17 00:00:00,253.6500000000002
1981-09-18 00:00:00,257.6500000000001
1981-09-21 00:00:00,262.4000000000001
1981-09-22 00:00:00,258.2500000000001
1981-09-23 00:00:00,257.10000000000014
1981-09-24 00:00:00,261.2500000000001
1981-09-25 00:00:00,268.4000000000001
1981-09-28 00:00:00,265.95000000000005
1981-09-29 00:00:00,263.95000000000005
1981-09-30 00:00:00,266.10000000000014
1981-10-01 00:00:00,267.05000000000007
1981-10-02 00:00:00,269.9000000000001
1981-10-05 00:00:00,269.80000000000007
1981-10-06 00:00:00,272.10000000000014
1981-10-07 00:00:00,270.4000000000001
1981-10-08 00:00:00,269.9000000000001
1981-10-09 00:00:00,268.2500000000001
1981-10-12 00:00:00,266.7500000000001
1981-10-13 00:00:00,271.45000000000005
1981-10-14 00:00:00,269.35000000000014
1981-10-15 00:00:00,273.5000000000001
1981-10-16 00:00:00,272.20000000000005
1981-10-19 00:00:00,270.70000000000005
1981-10-20 00:00:00,267.05000000000007
1981-10-21 00:00:00,270.2500000000001
1981-10-22 00:00:00,271.60000000000014
1981-10-23 00:00:00,275.30000000000007
1981-10-26 00:00:00,275.45000000000005
1981-10-27 00:00:00,274.05000000000007
1981-10-28 00:00:00,279.9000000000001
1981-10-29 00:00:00,279.7500000000001
1981-10-30 00:00:00,278.0500000000002
1981-11-02 00:00:00,281.0000000000001
1981-11-03 00:00:00,283.2500000000001
1981-11-04 00:00:00,281.60000000000014
1981-11-05 00:00:00,281.95000000000016
1981-11-06 00:00:00,279.95000000000016
1981-11-09 00:00:00,279.95000000000016
1981-11-10 00:00:00,280.70000000000016
1981-11-11 00:00:00,280.70000000000016
1981-11-12 00:00:00,284.70000000000016
1981-11-13 00:00:00,284.35000000000014
1981-11-16 00:00:00,284.3000000000002
1981-11-17 00:00:00,286.6500000000002
1981-11-18 00:00:00,287.6500000000002
1981-11-19 00:00:00,286.35000000000014
1981-11-20 00:00:00,284.0000000000001
1981-11-23 00:00:00,280.20000000000016
1981-11-24 00:00:00,277.5000000000001
1981-11-25 00:00:00,278.9000000000001
1981-11-27 00:00:00,274.9000000000001
1981-11-30 00:00:00,274.45000000000005
1981-12-01 00:00:00,273.0000000000001
1981-12-02 00:00:00,275.7500000000001
1981-12-03 00:00:00,276.70000000000005
1981-12-04 00:00:00,277.0000000000001
1981-12-07 00:00:00,281.0000000000001
1981-12-08 00:00:00,280.8000000000002
1981-12-09 00:00:00,278.45000000000016
1981-12-10 00:00:00,278.2500000000001
1981-12-11 00:00:00,282.2500000000001
1981-12-14 00:00:00,283.60000000000014
1981-12-15 00:00:00,282.45000000000016
1981-12-16 00:00:00,282.45000000000016
1981-12-17 00:00:00,283.20000000000016
1981-12-18 00:00:00,281.7500000000001
1981-12-21 00:00:00,281.0500000000002
1981-12-22 00:00:00,284.45000000000016
1981-12-23 00:00:00,284.35000000000014
1981-12-28 00:00:00,284.0000000000001
1981-12-29 00:00:00,284.10000000000014
1981-12-30 00:00:00,283.7500000000001
1981-12-31 00:00:00,284.45000000000016
1982-01-04 00:00:00,287.1500000000002
1982-01-05 00:00:00,287.95000000000016
1982-01-06 00:00:00,286.8000000000002
1982-01-07 00:00:00,284.35000000000014
1982-01-08 00:00:00,283.10000000000014
1982-01-11 00:00:00,284.6500000000001
1982-01-12 00:00:00,283.5000000000001
1982-01-13 00:00:00,281.8000000000002
1982-01-14 00:00:00,282.3000000000002
1982-01-15 00:00:00,281.3000000000002
1982-01-18 00:00:00,280.35000000000014
1982-01-19 00:00:00,280.60000000000014
1982-01-20 00:00:00,284.35000000000014
1982-01-21 00:00:00,283.20000000000016
1982-01-22 00:00:00,284.6500000000001
1982-01-25 00:00:00,284.4000000000001
1982-01-26 00:00:00,287.8000000000002
1982-01-27 00:00:00,289.6500000000002
1982-01-28 00:00:00,288.7500000000002
1982-01-29 00:00:00,293.9000000000001
1982-02-01 00:00:00,294.5000000000002
1982-02-02 00:00:00,294.45000000000016
1982-02-03 00:00:00,295.95000000000016
1982-02-04 00:00:00,298.0000000000001
1982-02-05 00:00:00,295.7500000000002
1982-02-08 00:00:00,294.95000000000016
1982-02-09 00:00:00,298.80000000000007
1982-02-10 00:00:00,296.1500000000002
1982-02-11 00:00:00,299.1500000000001
1982-02-12 00:00:00,301.30000000000007
1982-02-16 00:00:00,302.95000000000005
1982-02-17 00:00:00,302.0000000000001
1982-02-18 00:00:00,299.4000000000001
1982-02-19 00:00:00,295.5500000000002
1982-02-22 00:00:00,295.0000000000002
1982-02-23 00:00:00,294.1500000000001
1982-02-24 00:00:00,298.1500000000001
1982-02-25 00:00:00,298.55000000000007
1982-02-26 00:00:00,297.2500000000001
1982-03-01 00:00:00,298.95000000000005
1982-03-02 00:00:00,299.05000000000007
1982-03-03 00:00:00,300.7500000000001
1982-03-04 00:00:00,301.60000000000014
1982-03-05 00:00:00,301.85000000000014
1982-03-08 00:00:00,304.30000000000007
1982-03-09 00:00:00,302.05000000000007
1982-03-10 00:00:00,302.6500000000001
1982-03-11 00:00:00,298.7500000000001
1982-03-12 00:00:00,299.85000000000014
1982-03-15 00:00:00,295.85000000000014
1982-03-16 00:00:00,291.85000000000014
1982-03-17 00:00:00,288.85000000000014
1982-03-18 00:00:00,285.45000000000016
1982-03-19 00:00:00,287.5000000000002
1982-03-22 00:00:00,290.45000000000016
1982-03-23 00:00:00,292.8000000000002
1982-03-24 00:00:00,285.30000000000007
1982-03-25 00:00:00,281.95000000000016
1982-03-26 00:00:00,283.30000000000007
1982-03-29 00:00:00,281.9000000000001
1982-03-30 00:00:00,288.3000000000002
1982-03-31 00:00:00,284.5500000000002
1982-04-01 00:00:00,288.5500000000002
1982-04-02 00:00:00,288.70000000000016
1982-04-05 00:00:00,288.70000000000016
1982-04-06 00:00:00,287.1500000000002
1982-04-07 00:00:00,288.95000000000016
1982-04-08 00:00:00,289.6500000000002
1982-04-12 00:00:00,290.20000000000016
1982-04-13 00:00:00,286.7500000000002
1982-04-14 00:00:00,284.35000000000014
1982-04-15 00:00:00,285.85000000000014
1982-04-16 00:00:00,284.0000000000001
1982-04-19 00:00:00,280.0000000000001
1982-04-20 00:00:00,281.5000000000001
1982-04-21 00:00:00,284.35000000000014
1982-04-22 00:00:00,282.3000000000002
1982-04-23 00:00:00,284.20000000000016
1982-04-26 00:00:00,288.10000000000025
1982-04-27 00:00:00,288.1500000000002
1982-04-28 00:00:00,287.0500000000002
1982-04-29 00:00:00,290.8000000000002
1982-04-30 00:00:00,291.2500000000002
1982-05-03 00:00:00,290.95000000000016
1982-05-04 00:00:00,288.0500000000002
1982-05-05 00:00:00,287.0500000000002
1982-05-06 00:00:00,284.20000000000016
1982-05-07 00:00:00,283.6500000000001
1982-05-10 00:00:00,286.7500000000002
1982-05-11 00:00:00,286.3000000000002
1982-05-12 00:00:00,289.70000000000016
1982-05-13 00:00:00,289.70000000000016
1982-05-14 00:00:00,286.7500000000002
1982-05-17 00:00:00,285.35000000000014
1982-05-18 00:00:00,285.95000000000016
1982-05-19 00:00:00,284.4000000000001
1982-05-20 00:00:00,284.70000000000016
1982-05-21 00:00:00,288.35000000000025
1982-05-24 00:00:00,287.5500000000002
1982-05-25 00:00:00,290.60000000000025
1982-05-26 00:00:00,294.85000000000025
1982-05-27 00:00:00,299.1500000000001
1982-05-28 00:00:00,300.20000000000016
1982-06-01 00:00:00,295.70000000000016
1982-06-02 00:00:00,297.70000000000005
1982-06-03 00:00:00,297.20000000000005
1982-06-04 00:00:00,298.4000000000001
1982-06-07 00:00:00,301.70000000000016
1982-06-08 00:00:00,300.95000000000016
1982-06-09 00:00:00,298.70000000000016
1982-06-10 00:00:00,299.95000000000016
1982-06-11 00:00:00,297.2500000000001
1982-06-14 00:00:00,294.8000000000002
1982-06-15 00:00:00,296.6500000000001
1982-06-16 00:00:00,298.5000000000001
1982-06-17 00:00:00,298.05000000000007
1982-06-18 00:00:00,298.10000000000014
1982-06-21 00:00:00,296.95000000000005
1982-06-22 00:00:00,297.05000000000007
1982-06-23 00:00:00,299.7500000000001
1982-06-24 00:00:00,301.70000000000016
1982-06-25 00:00:00,300.2500000000001
1982-06-28 00:00:00,300.70000000000016
1982-06-29 00:00:00,304.0000000000001
1982-06-30 00:00:00,303.35000000000014
1982-07-01 00:00:00,301.70000000000016
1982-07-02 00:00:00,297.70000000000005
1982-07-06 00:00:00,293.70000000000016
1982-07-07 00:00:00,293.0000000000001
1982-07-08 00:00:00,290.45000000000016
1982-07-09 00:00:00,291.20000000000016
1982-07-12 00:00:00,290.3000000000002
1982-07-13 00:00:00,292.6500000000002
1982-07-14 00:00:00,295.4500000000003
1982-07-15 00:00:00,293.6500000000002
1982-07-16 00:00:00,294.9000000000002
1982-07-19 00:00:00,294.20000000000016
1982-07-20 00:00:00,295.7500000000002
1982-07-21 00:00:00,292.9000000000002
1982-07-22 00:00:00,294.6500000000002
1982-07-23 00:00:00,293.70000000000016
1982-07-26 00:00:00,293.0000000000001
1982-07-27 00:00:00,291.2500000000002
1982-07-28 00:00:00,296.35000000000014
1982-07-29 00:00:00,296.80000000000007
1982-07-30 00:00:00,296.70000000000005
1982-08-02 00:00:00,296.70000000000005
1982-08-03 00:00:00,298.0000000000001
1982-08-04 00:00:00,298.95000000000005
1982-08-05 00:00:00,301.35
1982-08-06 00:00:00,301.55000000000007
1982-08-09 00:00:00,300.45000000000016
1982-08-10 00:00:00,298.1500000000001
1982-08-11 00:00:00,300.0000000000001
1982-08-12 00:00:00,299.7500000000001
1982-08-13 00:00:00,300.1500000000001
1982-08-16 00:00:00,301.45000000000005
1982-08-17 00:00:00,304.7500000000001
1982-08-18 00:00:00,306.35
1982-08-19 00:00:00,304.10000000000014
1982-08-20 00:00:00,305.4000000000001
1982-08-23 00:00:00,305.0500000000002
1982-08-24 00:00:00,303.8000000000002
1982-08-25 00:00:00,302.20000000000005
1982-08-26 00:00:00,305.85
1982-08-27 00:00:00,303.10000000000014
1982-08-30 00:00:00,304.8000000000002
1982-08-31 00:00:00,305.9000000000001
1982-09-01 00:00:00,305.1500000000001
1982-09-02 00:00:00,304.4000000000001
1982-09-03 00:00:00,306.0000000000001
1982-09-07 00:00:00,310.0000000000001
1982-09-08 00:00:00,307.60000000000014
1982-09-09 00:00:00,310.1500000000001
1982-09-10 00:00:00,308.55000000000007
1982-09-13 00:00:00,311.1
1982-09-14 00:00:00,312.05000000000007
1982-09-15 00:00:00,310.5
1982-09-16 00:00:00,313.05000000000007
1982-09-17 00:00:00,315.2500000000001
1982-09-20 00:00:00,312.80000000000007
1982-09-21 00:00:00,314.35
1982-09-22 00:00:00,316.2500000000001
1982-09-23 00:00:00,316.80000000000007
1982-09-24 00:00:00,318.0
1982-09-27 00:00:00,322.9
1982-09-28 00:00:00,319.6
1982-09-29 00:00:00,321.30000000000007
1982-09-30 00:00:00,323.9
1982-10-01 00:00:00,324.1
1982-10-04 00:00:00,322.54999999999995
1982-10-05 00:00:00,320.5000000000001
1982-10-06 00:00:00,321.20000000000005
1982-10-07 00:00:00,322.75
1982-10-08 00:00:00,318.75
1982-10-11 00:00:00,317.0
1982-10-12 00:00:00,323.29999999999995
1982-10-13 00:00:00,321.6
1982-10-14 00:00:00,320.1500000000001
1982-10-15 00:00:00,318.55000000000007
1982-10-18 00:00:00,319.4000000000001
1982-10-19 00:00:00,317.55000000000007
1982-10-20 00:00:00,319.30000000000007
1982-10-21 00:00:00,317.95000000000005
1982-10-22 00:00:00,320.25
1982-10-25 00:00:00,318.30000000000007
1982-10-26 00:00:00,319.75
1982-10-27 00:00:00,319.9000000000001
1982-10-28 00:00:00,319.20000000000005
1982-10-29 00:00:00,318.45000000000005
1982-11-01 00:00:00,314.05000000000007
1982-11-03 00:00:00,312.70000000000005
1982-11-04 00:00:00,314.80000000000007
1982-11-05 00:00:00,313.80000000000007
1982-11-08 00:00:00,313.80000000000007
1982-11-09 00:00:00,314.6500000000001
1982-11-10 00:00:00,313.80000000000007
1982-11-11 00:00:00,314.80000000000007
1982-11-12 00:00:00,317.45000000000005
1982-11-15 00:00:00,317.75
1982-11-16 00:00:00,316.20000000000005
1982-11-17 00:00:00,316.85
1982-11-18 00:00:00,316.55000000000007
1982-11-19 00:00:00,319.1
1982-11-22 00:00:00,323.1
1982-11-23 00:00:00,322.44999999999993
1982-11-24 00:00:00,321.55000000000007
1982-11-26 00:00:00,321.55000000000007
1982-11-29 00:00:00,318.5
1982-11-30 00:00:00,317.85
1982-12-01 00:00:00,317.70000000000005
1982-12-02 00:00:00,315.25
1982-12-03 00:00:00,315.05000000000007
1982-12-06 00:00:00,317.55000000000007
1982-12-07 00:00:00,319.70000000000005
1982-12-08 00:00:00,315.70000000000005
1982-12-09 00:00:00,315.4000000000001
1982-12-10 00:00:00,316.6
1982-12-13 00:00:00,314.95000000000005
1982-12-14 00:00:00,314.45000000000005
1982-12-15 00:00:00,312.5
1982-12-16 00:00:00,309.5000000000001
1982-12-17 00:00:00,309.95000000000005
1982-12-20 00:00:00,311.35
1982-12-21 00:00:00,311.6
1982-12-22 00:00:00,312.0
1982-12-23 00:00:00,311.6500000000001
1982-12-27 00:00:00,309.4000000000001
1982-12-28 00:00:00,311.45000000000005
1982-12-29 00:00:00,312.6500000000001
1982-12-30 00:00:00,311.6
1983-01-03 00:00:00,314.45000000000005
1983-01-04 00:00:00,313.5
1983-01-05 00:00:00,314.05000000000007
1983-01-06 00:00:00,310.95000000000005
1983-01-07 00:00:00,310.75
1983-01-10 00:00:00,309.5000000000001
1983-01-11 00:00:00,309.5000000000001
1983-01-12 00:00:00,311.6
1983-01-13 00:00:00,309.9000000000001
1983-01-14 00:00:00,310.30000000000007
1983-01-17 00:00:00,311.25
1983-01-18 00:00:00,308.85
1983-01-19 00:00:00,310.35
1983-01-20 00:00:00,309.4000000000001
1983-01-21 00:00:00,308.45000000000005
1983-01-24 00:00:00,307.85
1983-01-25 00:00:00,307.80000000000007
1983-01-26 00:00:00,307.1
1983-01-27 00:00:00,307.4000000000001
1983-01-28 00:00:00,306.05000000000007
1983-01-31 00:00:00,303.6500000000001
1983-02-01 00:00:00,303.60000000000014
1983-02-02 00:00:00,304.1500000000001
1983-02-03 00:00:00,303.6500000000001
1983-02-04 00:00:00,304.05000000000007
1983-02-07 00:00:00,306.0
1983-02-08 00:00:00,305.55000000000007
1983-02-09 00:00:00,304.45000000000016
1983-02-10 00:00:00,304.2500000000001
1983-02-11 00:00:00,303.80000000000007
1983-02-14 00:00:00,304.45000000000016
1983-02-15 00:00:00,303.20000000000005
1983-02-16 00:00:00,302.5
1983-02-17 00:00:00,303.20000000000005
1983-02-18 00:00:00,303.70000000000005
1983-02-22 00:00:00,304.0000000000001
1983-02-23 00:00:00,304.80000000000007
1983-02-24 00:00:00,304.9000000000001
1983-02-25 00:00:00,303.30000000000007
1983-02-28 00:00:00,303.1500000000001
1983-03-01 00:00:00,305.35000000000014
1983-03-02 00:00:00,304.85000000000014
1983-03-03 00:00:00,305.35000000000014
1983-03-04 00:00:00,304.9000000000001
1983-03-07 00:00:00,304.95000000000016
1983-03-08 00:00:00,304.1500000000001
1983-03-09 00:00:00,306.20000000000005
1983-03-10 00:00:00,306.05000000000007
1983-03-11 00:00:00,306.4000000000001
1983-03-14 00:00:00,306.45000000000005
1983-03-15 00:00:00,304.55000000000007
1983-03-16 00:00:00,303.9000000000001
1983-03-17 00:00:00,304.7500000000001
1983-03-18 00:00:00,304.95000000000016
1983-03-21 00:00:00,306.55000000000007
1983-03-22 00:00:00,306.6
1983-03-23 00:00:00,309.65
1983-03-24 00:00:00,309.4000000000001
1983-03-25 00:00:00,307.25
1983-03-28 00:00:00,307.5000000000001
1983-03-29 00:00:00,307.95000000000005
1983-03-30 00:00:00,307.20000000000005
1983-03-31 00:00:00,306.30000000000007
1983-04-04 00:00:00,306.85
1983-04-05 00:00:00,305.6500000000001
1983-04-06 00:00:00,304.10000000000014
1983-04-07 00:00:00,305.1500000000001
1983-04-08 00:00:00,305.35000000000014
1983-04-11 00:00:00,305.20000000000016
1983-04-12 00:00:00,306.5
1983-04-13 00:00:00,306.05000000000007
1983-04-14 00:00:00,306.95000000000005
1983-04-15 00:00:00,307.5000000000001
1983-04-18 00:00:00,307.95000000000005
1983-04-19 00:00:00,307.85
1983-04-20 00:00:00,307.85
1983-04-21 00:00:00,308.70000000000005
1983-04-22 00:00:00,309.55000000000007
1983-04-25 00:00:00,310.75
1983-04-26 00:00:00,309.35
1983-04-27 00:00:00,309.6500000000001
1983-04-28 00:00:00,308.55000000000007
1983-04-29 00:00:00,308.4000000000001
1983-05-02 00:00:00,309.6500000000001
1983-05-03 00:00:00,309.70000000000005
1983-05-04 00:00:00,310.20000000000005
1983-05-05 00:00:00,310.35
1983-05-06 00:00:00,309.20000000000005
1983-05-09 00:00:00,308.1500000000001
1983-05-10 00:00:00,307.55000000000007
1983-05-11 00:00:00,308.2500000000001
1983-05-12 00:00:00,308.80000000000007
1983-05-13 00:00:00,309.85
1983-05-16 00:00:00,313.55000000000007
1983-05-17 00:00:00,312.55000000000007
1983-05-18 00:00:00,312.05000000000007
1983-05-19 00:00:00,313.5
1983-05-20 00:00:00,316.05000000000007
1983-05-23 00:00:00,315.05000000000007
1983-05-24 00:00:00,317.4000000000001
1983-05-25 00:00:00,318.0
1983-05-26 00:00:00,317.4000000000001
1983-05-27 00:00:00,319.30000000000007
1983-05-31 00:00:00,315.80000000000007
1983-06-01 00:00:00,312.35
1983-06-02 00:00:00,311.80000000000007
1983-06-03 00:00:00,312.35
1983-06-06 00:00:00,313.45000000000005
1983-06-07 00:00:00,314.05000000000007
1983-06-08 00:00:00,311.6
1983-06-09 00:00:00,313.05000000000007
1983-06-10 00:00:00,312.20000000000005
1983-06-13 00:00:00,312.80000000000007
1983-06-14 00:00:00,313.4000000000001
1983-06-15 00:00:00,313.9
1983-06-16 00:00:00,313.6500000000001
1983-06-17 00:00:00,313.35
1983-06-20 00:00:00,312.1500000000001
1983-06-21 00:00:00,310.25
1983-06-22 00:00:00,311.05000000000007
1983-06-23 00:00:00,311.4000000000001
1983-06-24 00:00:00,311.1500000000001
1983-06-27 00:00:00,312.30000000000007
1983-06-28 00:00:00,311.05000000000007
1983-06-29 00:00:00,311.85
1983-06-30 00:00:00,311.20000000000005
1983-07-01 00:00:00,313.5
1983-07-05 00:00:00,313.70000000000005
1983-07-06 00:00:00,312.1
1983-07-07 00:00:00,314.0
1983-07-08 00:00:00,313.9
1983-07-11 00:00:00,314.80000000000007
1983-07-12 00:00:00,315.0
1983-07-13 00:00:00,315.1
1983-07-14 00:00:00,313.1500000000001
1983-07-15 00:00:00,312.85
1983-07-18 00:00:00,313.20000000000005
1983-07-19 00:00:00,314.0
1983-07-20 00:00:00,314.9000000000001
1983-07-21 00:00:00,314.30000000000007
1983-07-22 00:00:00,314.75
1983-07-25 00:00:00,313.25
1983-07-26 00:00:00,313.70000000000005
1983-07-27 00:00:00,312.9
1983-07-28 00:00:00,312.75
1983-07-29 00:00:00,312.05000000000007
1983-08-01 00:00:00,311.1
1983-08-02 00:00:00,311.55000000000007
1983-08-03 00:00:00,311.85
1983-08-04 00:00:00,312.0
1983-08-05 00:00:00,312.05000000000007
1983-08-08 00:00:00,312.05000000000007
1983-08-09 00:00:00,312.20000000000005
1983-08-10 00:00:00,314.1
1983-08-11 00:00:00,314.0
1983-08-12 00:00:00,313.1500000000001
1983-08-15 00:00:00,314.25
1983-08-16 00:00:00,315.25
1983-08-17 00:00:00,315.6500000000001
1983-08-18 00:00:00,315.35
1983-08-19 00:00:00,317.05000000000007
1983-08-22 00:00:00,316.55000000000007
1983-08-23 00:00:00,317.1500000000001
1983-08-24 00:00:00,316.55000000000007
1983-08-25 00:00:00,315.85
1983-08-26 00:00:00,315.6500000000001
1983-08-29 00:00:00,314.80000000000007
1983-08-30 00:00:00,315.35
1983-08-31 00:00:00,315.70000000000005
1983-09-01 00:00:00,315.6500000000001
1983-09-02 00:00:00,316.1500000000001
1983-09-06 00:00:00,315.7500000000001
1983-09-07 00:00:00,314.9000000000001
1983-09-08 00:00:00,315.1500000000001
1983-09-09 00:00:00,316.0
1983-09-12 00:00:00,316.45000000000005
1983-09-13 00:00:00,317.30000000000007
1983-09-14 00:00:00,315.9000000000001
1983-09-15 00:00:00,317.4000000000001
1983-09-16 00:00:00,317.70000000000005
1983-09-19 00:00:00,318.55000000000007
1983-09-20 00:00:00,319.05000000000007
1983-09-21 00:00:00,318.70000000000005
1983-09-22 00:00:00,319.75
1983-09-23 00:00:00,319.70000000000005
1983-09-26 00:00:00,318.4000000000001
1983-09-27 00:00:00,319.35
1983-09-28 00:00:00,321.5
1983-09-29 00:00:00,321.25
1983-09-30 00:00:00,322.29999999999995
1983-10-03 00:00:00,323.70000000000005
1983-10-04 00:00:00,326.79999999999995
1983-10-05 00:00:00,327.04999999999995
1983-10-06 00:00:00,329.70000000000005
1983-10-07 00:00:00,326.9
1983-10-10 00:00:00,329.70000000000005
1983-10-11 00:00:00,328.54999999999995
1983-10-12 00:00:00,329.54999999999995
1983-10-13 00:00:00,328.75
1983-10-14 00:00:00,329.1
1983-10-17 00:00:00,329.65
1983-10-18 00:00:00,328.29999999999995
1983-10-19 00:00:00,327.79999999999995
1983-10-20 00:00:00,327.95000000000005
1983-10-21 00:00:00,328.54999999999995
1983-10-24 00:00:00,329.35
1983-10-25 00:00:00,329.04999999999995
1983-10-26 00:00:00,328.75
1983-10-27 00:00:00,325.35
1983-10-28 00:00:00,324.9
1983-10-31 00:00:00,327.35
1983-11-01 00:00:00,326.65
1983-11-02 00:00:00,328.65
1983-11-03 00:00:00,329.45000000000005
1983-11-04 00:00:00,328.95000000000005
1983-11-07 00:00:00,328.70000000000005
1983-11-08 00:00:00,331.35
1983-11-09 00:00:00,331.70000000000005
1983-11-10 00:00:00,332.6
1983-11-11 00:00:00,332.80000000000007
1983-11-14 00:00:00,331.85
1983-11-15 00:00:00,332.4
1983-11-16 00:00:00,331.75
1983-11-17 00:00:00,331.1
1983-11-18 00:00:00,332.65
1983-11-21 00:00:00,332.54999999999995
1983-11-22 00:00:00,332.65
1983-11-23 00:00:00,332.65
1983-11-25 00:00:00,333.0000000000001
1983-11-28 00:00:00,332.04999999999995
1983-11-29 00:00:00,333.05000000000007
1983-11-30 00:00:00,332.70000000000005
1983-12-01 00:00:00,335.20000000000005
1983-12-02 00:00:00,335.6
1983-12-05 00:00:00,335.0000000000001
1983-12-06 00:00:00,335.6
1983-12-07 00:00:00,336.20000000000005
1983-12-08 00:00:00,335.0000000000001
1983-12-09 00:00:00,337.2500000000001
1983-12-12 00:00:00,337.6
1983-12-13 00:00:00,338.30000000000007
1983-12-14 00:00:00,337.70000000000005
1983-12-15 00:00:00,336.4000000000001
1983-12-16 00:00:00,337.35
1983-12-19 00:00:00,335.9000000000001
1983-12-20 00:00:00,332.9000000000001
1983-12-21 00:00:00,330.79999999999995
1983-12-22 00:00:00,330.6
1983-12-23 00:00:00,330.85
1983-12-27 00:00:00,331.0
1983-12-28 00:00:00,328.79999999999995
1983-12-29 00:00:00,327.4
1983-12-30 00:00:00,327.5
1984-01-03 00:00:00,326.5
1984-01-04 00:00:00,328.04999999999995
1984-01-05 00:00:00,329.9
1984-01-06 00:00:00,329.35
1984-01-09 00:00:00,328.79999999999995
1984-01-10 00:00:00,329.75
1984-01-11 00:00:00,328.45000000000005
1984-01-12 00:00:00,329.85
1984-01-13 00:00:00,331.04999999999995
1984-01-16 00:00:00,330.35
1984-01-17 00:00:00,330.20000000000005
1984-01-18 00:00:00,330.70000000000005
1984-01-19 00:00:00,331.45000000000005
1984-01-20 00:00:00,333.45000000000005
1984-01-23 00:00:00,334.55000000000007
1984-01-24 00:00:00,332.65
1984-01-25 00:00:00,333.0000000000001
1984-01-26 00:00:00,331.95000000000005
1984-01-27 00:00:00,332.25
1984-01-30 00:00:00,331.29999999999995
1984-01-31 00:00:00,331.15
1984-02-01 00:00:00,331.6
1984-02-02 00:00:00,331.69999999999993
1984-02-03 00:00:00,331.25
1984-02-06 00:00:00,330.19999999999993
1984-02-07 00:00:00,327.94999999999993
1984-02-08 00:00:00,328.19999999999993
1984-02-09 00:00:00,329.79999999999995
1984-02-10 00:00:00,332.5
1984-02-13 00:00:00,332.69999999999993
1984-02-14 00:00:00,333.1500000000001
1984-02-15 00:00:00,334.4000000000001
1984-02-16 00:00:00,336.85
1984-02-17 00:00:00,336.1
1984-02-21 00:00:00,334.95000000000005
1984-02-22 00:00:00,335.85
1984-02-23 00:00:00,336.6500000000001
1984-02-24 00:00:00,337.45000000000005
1984-02-27 00:00:00,337.55000000000007
1984-02-28 00:00:00,336.6
1984-02-29 00:00:00,338.95000000000005
1984-03-01 00:00:00,339.6500000000001
1984-03-02 00:00:00,340.0
1984-03-05 00:00:00,340.9000000000001
1984-03-06 00:00:00,341.30000000000007
1984-03-07 00:00:00,338.30000000000007
1984-03-08 00:00:00,339.15
1984-03-09 00:00:00,337.80000000000007
1984-03-12 00:00:00,337.4000000000001
1984-03-13 00:00:00,338.5
1984-03-14 00:00:00,336.70000000000005
1984-03-15 00:00:00,339.20000000000005
1984-03-16 00:00:00,338.80000000000007
1984-03-19 00:00:00,338.30000000000007
1984-03-20 00:00:00,339.0
1984-03-21 00:00:00,341.0
1984-03-22 00:00:00,340.9000000000001
1984-03-23 00:00:00,341.95000000000005
1984-03-26 00:00:00,343.4000000000001
1984-03-27 00:00:00,342.35
1984-03-28 00:00:00,342.95000000000005
1984-03-29 00:00:00,345.20000000000005
1984-03-30 00:00:00,345.45000000000005
1984-04-02 00:00:00,344.65
1984-04-03 00:00:00,346.4
1984-04-04 00:00:00,345.70000000000005
1984-04-05 00:00:00,346.80000000000007
1984-04-06 00:00:00,347.6
1984-04-09 00:00:00,347.75
1984-04-10 00:00:00,347.65
1984-04-11 00:00:00,347.25
1984-04-12 00:00:00,345.0
1984-04-13 00:00:00,343.6
1984-04-16 00:00:00,345.70000000000005
1984-04-17 00:00:00,348.15
1984-04-18 00:00:00,347.4
1984-04-19 00:00:00,349.15
1984-04-23 00:00:00,349.1
1984-04-24 00:00:00,348.5
1984-04-25 00:00:00,347.04999999999995
1984-04-26 00:00:00,348.35
1984-04-27 00:00:00,349.75
1984-04-30 00:00:00,349.15
1984-05-01 00:00:00,348.95000000000005
1984-05-02 00:00:00,348.35
1984-05-03 00:00:00,349.65
1984-05-04 00:00:00,350.55000000000007
1984-05-07 00:00:00,350.65
1984-05-08 00:00:00,351.20000000000005
1984-05-09 00:00:00,350.15
1984-05-10 00:00:00,352.44999999999993
1984-05-11 00:00:00,353.75
1984-05-14 00:00:00,353.3499999999999
1984-05-15 00:00:00,352.94999999999993
1984-05-16 00:00:00,352.15
1984-05-17 00:00:00,352.8499999999999
1984-05-18 00:00:00,356.4
1984-05-21 00:00:00,358.44999999999993
1984-05-22 00:00:00,356.6
1984-05-23 00:00:00,354.25
1984-05-24 00:00:00,352.79999999999995
1984-05-25 00:00:00,347.04999999999995
1984-05-29 00:00:00,343.9
1984-05-30 00:00:00,346.25
1984-05-31 00:00:00,346.35
1984-06-01 00:00:00,347.70000000000005
1984-06-04 00:00:00,344.85
1984-06-05 00:00:00,346.29999999999995
1984-06-06 00:00:00,346.9
1984-06-07 00:00:00,350.5
1984-06-08 00:00:00,347.6
1984-06-11 00:00:00,348.25
1984-06-12 00:00:00,347.04999999999995
1984-06-13 00:00:00,345.15
1984-06-14 00:00:00,345.6
1984-06-15 00:00:00,346.25
1984-06-18 00:00:00,345.20000000000005
1984-06-19 00:00:00,343.1
1984-06-20 00:00:00,343.65
1984-06-21 00:00:00,343.4
1984-06-22 00:00:00,343.55000000000007
1984-06-25 00:00:00,342.35
1984-06-26 00:00:00,345.5
1984-06-27 00:00:00,349.5
1984-06-28 00:00:00,348.04999999999995
1984-06-29 00:00:00,344.75
1984-07-02 00:00:00,347.0
1984-07-03 00:00:00,345.95000000000005
1984-07-05 00:00:00,346.9
1984-07-06 00:00:00,346.1
1984-07-09 00:00:00,344.6
1984-07-10 00:00:00,344.4
1984-07-11 00:00:00,341.65
1984-07-12 00:00:00,342.04999999999995
1984-07-13 00:00:00,341.95000000000005
1984-07-16 00:00:00,342.95000000000005
1984-07-17 00:00:00,343.85
1984-07-18 00:00:00,343.25
1984-07-19 00:00:00,343.0
1984-07-20 00:00:00,344.15
1984-07-23 00:00:00,345.79999999999995
1984-07-24 00:00:00,342.6
1984-07-25 00:00:00,343.35
1984-07-26 00:00:00,340.54999999999995
1984-07-27 00:00:00,341.5
1984-07-30 00:00:00,341.04999999999995
1984-07-31 00:00:00,341.1
1984-08-01 00:00:00,342.4
1984-08-02 00:00:00,342.55000000000007
1984-08-03 00:00:00,342.85
1984-08-06 00:00:00,342.20000000000005
1984-08-07 00:00:00,343.25
1984-08-08 00:00:00,344.20000000000005
1984-08-09 00:00:00,346.45000000000005
1984-08-10 00:00:00,347.65
1984-08-13 00:00:00,347.54999999999995
1984-08-14 00:00:00,349.35
1984-08-15 00:00:00,347.85
1984-08-16 00:00:00,347.6
1984-08-17 00:00:00,349.25
1984-08-20 00:00:00,349.1
1984-08-21 00:00:00,350.4
1984-08-22 00:00:00,350.5
1984-08-23 00:00:00,351.69999999999993
1984-08-24 00:00:00,350.29999999999995
1984-08-27 00:00:00,354.29999999999995
1984-08-28 00:00:00,354.5
1984-08-29 00:00:00,353.3499999999999
1984-08-30 00:00:00,354.44999999999993
1984-08-31 00:00:00,352.19999999999993
1984-09-04 00:00:00,350.6
1984-09-05 00:00:00,350.15
1984-09-06 00:00:00,350.0
1984-09-07 00:00:00,349.20000000000005
1984-09-10 00:00:00,347.70000000000005
1984-09-11 00:00:00,345.95000000000005
1984-09-12 00:00:00,344.95000000000005
1984-09-13 00:00:00,346.45000000000005
1984-09-14 00:00:00,344.35
1984-09-17 00:00:00,342.95000000000005
1984-09-18 00:00:00,343.29999999999995
1984-09-19 00:00:00,344.1
1984-09-20 00:00:00,344.1
1984-09-21 00:00:00,344.9
1984-09-24 00:00:00,342.79999999999995
1984-09-25 00:00:00,342.45000000000005
1984-09-26 00:00:00,340.4
1984-09-27 00:00:00,341.55000000000007
1984-09-28 00:00:00,341.29999999999995
1984-10-01 00:00:00,338.9
1984-10-02 00:00:00,339.70000000000005
1984-10-03 00:00:00,339.45000000000005
1984-10-04 00:00:00,340.25
1984-10-05 00:00:00,339.70000000000005
1984-10-08 00:00:00,339.75
1984-10-09 00:00:00,340.20000000000005
1984-10-10 00:00:00,341.79999999999995
1984-10-11 00:00:00,339.70000000000005
1984-10-12 00:00:00,340.85
1984-10-15 00:00:00,341.70000000000005
1984-10-16 00:00:00,341.9
1984-10-17 00:00:00,342.35
1984-10-18 00:00:00,340.70000000000005
1984-10-19 00:00:00,341.0
1984-10-22 00:00:00,340.85
1984-10-23 00:00:00,340.6
1984-10-24 00:00:00,341.9
1984-10-25 00:00:00,341.5
1984-10-26 00:00:00,341.75
1984-10-29 00:00:00,341.45000000000005
1984-10-30 00:00:00,341.79999999999995
1984-10-31 00:00:00,344.0
1984-11-01 00:00:00,343.95000000000005
1984-11-02 00:00:00,344.05000000000007
1984-11-05 00:00:00,343.6
1984-11-06 00:00:00,344.5
1984-11-07 00:00:00,345.5
1984-11-08 00:00:00,345.29999999999995
1984-11-09 00:00:00,344.85
1984-11-12 00:00:00,347.25
1984-11-13 00:00:00,347.5
1984-11-14 00:00:00,347.35
1984-11-15 00:00:00,347.0
1984-11-16 00:00:00,346.1
1984-11-19 00:00:00,346.1
1984-11-20 00:00:00,345.85
1984-11-21 00:00:00,343.95000000000005
1984-11-23 00:00:00,343.6
1984-11-26 00:00:00,345.4
1984-11-27 00:00:00,343.85
1984-11-28 00:00:00,344.45000000000005
1984-11-29 00:00:00,344.4
1984-11-30 00:00:00,344.25
1984-12-03 00:00:00,344.25
1984-12-04 00:00:00,346.55000000000007
1984-12-05 00:00:00,345.70000000000005
1984-12-06 00:00:00,346.29999999999995
1984-12-07 00:00:00,346.05000000000007
1984-12-10 00:00:00,345.45000000000005
1984-12-11 00:00:00,346.95000000000005
1984-12-12 00:00:00,347.85
1984-12-13 00:00:00,346.80000000000007
1984-12-14 00:00:00,346.55000000000007
1984-12-17 00:00:00,348.95000000000005
1984-12-18 00:00:00,346.15
1984-12-19 00:00:00,347.6
1984-12-20 00:00:00,348.05000000000007
1984-12-21 00:00:00,348.70000000000005
1984-12-26 00:00:00,348.1
1984-12-27 00:00:00,349.55000000000007
1984-12-28 00:00:00,350.0
1984-12-31 00:00:00,349.75
1985-01-02 00:00:00,349.1
1985-01-03 00:00:00,350.20000000000005
1985-01-04 00:00:00,350.55000000000007
1985-01-07 00:00:00,349.70000000000005
1985-01-08 00:00:00,349.9
1985-01-09 00:00:00,350.95000000000005
1985-01-10 00:00:00,350.35
1985-01-11 00:00:00,350.15
1985-01-14 00:00:00,350.5
1985-01-15 00:00:00,352.5
1985-01-16 00:00:00,352.3499999999999
1985-01-17 00:00:00,353.75
1985-01-18 00:00:00,355.75
1985-01-21 00:00:00,355.8499999999999
1985-01-22 00:00:00,357.20000000000005
1985-01-23 00:00:00,357.75
1985-01-24 00:00:00,358.44999999999993
1985-01-25 00:00:00,358.5999999999999
1985-01-28 00:00:00,357.20000000000005
1985-01-29 00:00:00,356.0
1985-01-30 00:00:00,355.44999999999993
1985-01-31 00:00:00,358.19999999999993
1985-02-01 00:00:00,358.44999999999993
1985-02-04 00:00:00,360.9
1985-02-05 00:00:00,360.5
1985-02-06 00:00:00,359.1
1985-02-07 00:00:00,357.6
1985-02-08 00:00:00,355.35
1985-02-11 00:00:00,355.44999999999993
1985-02-12 00:00:00,354.69999999999993
1985-02-13 00:00:00,353.44999999999993
1985-02-14 00:00:00,354.25
1985-02-15 00:00:00,354.4
1985-02-19 00:00:00,352.6
1985-02-20 00:00:00,350.95000000000005
1985-02-21 00:00:00,352.69999999999993
1985-02-22 00:00:00,353.29999999999995
1985-02-25 00:00:00,352.85
1985-02-26 00:00:00,353.04999999999995
1985-02-27 00:00:00,352.19999999999993
1985-02-28 00:00:00,350.9
1985-03-01 00:00:00,351.5
1985-03-04 00:00:00,352.54999999999995
1985-03-05 00:00:00,352.6
1985-03-06 00:00:00,353.29999999999995
1985-03-07 00:00:00,354.9
1985-03-08 00:00:00,355.94999999999993
1985-03-11 00:00:00,355.79999999999995
1985-03-12 00:00:00,355.29999999999995
1985-03-13 00:00:00,353.69999999999993
1985-03-14 00:00:00,353.04999999999995
1985-03-15 00:00:00,353.69999999999993
1985-03-18 00:00:00,355.4
1985-03-19 00:00:00,354.65
1985-03-20 00:00:00,354.85
1985-03-21 00:00:00,356.4
1985-03-22 00:00:00,356.25
1985-03-25 00:00:00,356.95000000000005
1985-03-26 00:00:00,355.5
1985-03-27 00:00:00,354.0
1985-03-28 00:00:00,353.5
1985-03-29 00:00:00,355.4
1985-04-01 00:00:00,354.85
1985-04-02 00:00:00,355.75
1985-04-03 00:00:00,354.94999999999993
1985-04-04 00:00:00,353.9
1985-04-08 00:00:00,353.4
1985-04-09 00:00:00,353.75
1985-04-10 00:00:00,353.95000000000005
1985-04-11 00:00:00,352.19999999999993
1985-04-12 00:00:00,350.4000000000001
1985-04-15 00:00:00,349.9
1985-04-16 00:00:00,350.55000000000007
1985-04-17 00:00:00,350.1
1985-04-18 00:00:00,351.44999999999993
1985-04-19 00:00:00,353.19999999999993
1985-04-22 00:00:00,356.4000000000001
1985-04-23 00:00:00,355.54999999999995
1985-04-24 00:00:00,357.79999999999995
1985-04-25 00:00:00,357.4000000000001
1985-04-26 00:00:00,357.6
1985-04-29 00:00:00,358.69999999999993
1985-04-30 00:00:00,356.75
1985-05-01 00:00:00,357.94999999999993
1985-05-02 00:00:00,357.25
1985-05-03 00:00:00,357.70000000000005
1985-05-06 00:00:00,357.35
1985-05-07 00:00:00,355.29999999999995
1985-05-08 00:00:00,354.1
1985-05-09 00:00:00,354.5
1985-05-10 00:00:00,355.94999999999993
1985-05-13 00:00:00,355.5
1985-05-14 00:00:00,354.94999999999993
1985-05-15 00:00:00,354.5
1985-05-16 00:00:00,354.4
1985-05-17 00:00:00,355.25
1985-05-20 00:00:00,357.20000000000005
1985-05-21 00:00:00,356.70000000000005
1985-05-22 00:00:00,357.5
1985-05-23 00:00:00,357.70000000000005
1985-05-24 00:00:00,357.25
1985-05-28 00:00:00,355.75
1985-05-29 00:00:00,355.35
1985-05-30 00:00:00,355.69999999999993
1985-05-31 00:00:00,355.19999999999993
1985-06-03 00:00:00,355.69999999999993
1985-06-04 00:00:00,353.79999999999995
1985-06-05 00:00:00,355.6
1985-06-06 00:00:00,354.65
1985-06-07 00:00:00,358.65
1985-06-10 00:00:00,357.95000000000005
1985-06-11 00:00:00,356.85
1985-06-12 00:00:00,358.54999999999995
1985-06-13 00:00:00,359.6
1985-06-14 00:00:00,358.44999999999993
1985-06-17 00:00:00,357.05000000000007
1985-06-18 00:00:00,356.80000000000007
1985-06-19 00:00:00,356.04999999999995
1985-06-20 00:00:00,354.1
1985-06-21 00:00:00,353.0
1985-06-24 00:00:00,351.85
1985-06-25 00:00:00,352.5
1985-06-26 00:00:00,352.94999999999993
1985-06-27 00:00:00,354.0
1985-06-28 00:00:00,353.4
1985-07-01 00:00:00,352.0
1985-07-02 00:00:00,351.54999999999995
1985-07-03 00:00:00,349.6
1985-07-08 00:00:00,350.9000000000001
1985-07-09 00:00:00,348.95000000000005
1985-07-10 00:00:00,352.94999999999993
1985-07-11 00:00:00,350.9000000000001
1985-07-12 00:00:00,346.9000000000001
1985-07-15 00:00:00,345.35
1985-07-16 00:00:00,346.5
1985-07-17 00:00:00,346.1500000000001
1985-07-18 00:00:00,345.5
1985-07-19 00:00:00,346.25
1985-07-22 00:00:00,345.35
1985-07-23 00:00:00,341.1500000000001
1985-07-24 00:00:00,343.0
1985-07-25 00:00:00,343.1
1985-07-26 00:00:00,344.0
1985-07-29 00:00:00,343.45000000000005
1985-07-30 00:00:00,342.6500000000001
1985-07-31 00:00:00,343.35
1985-08-01 00:00:00,344.0
1985-08-02 00:00:00,344.0
1985-08-05 00:00:00,342.25
1985-08-06 00:00:00,342.70000000000005
1985-08-07 00:00:00,343.0
1985-08-08 00:00:00,344.5
1985-08-09 00:00:00,344.45000000000005
1985-08-12 00:00:00,342.9
1985-08-13 00:00:00,343.79999999999995
1985-08-14 00:00:00,345.15
1985-08-15 00:00:00,344.54999999999995
1985-08-16 00:00:00,345.54999999999995
1985-08-19 00:00:00,346.4
1985-08-20 00:00:00,346.5
1985-08-21 00:00:00,344.65
1985-08-22 00:00:00,345.45000000000005
1985-08-23 00:00:00,345.9
1985-08-26 00:00:00,346.25
1985-08-27 00:00:00,347.25
1985-08-28 00:00:00,347.0
1985-08-29 00:00:00,344.79999999999995
1985-08-30 00:00:00,345.5
1985-09-03 00:00:00,345.15
1985-09-04 00:00:00,343.45000000000005
1985-09-05 00:00:00,343.6
1985-09-06 00:00:00,343.79999999999995
1985-09-09 00:00:00,342.25
1985-09-10 00:00:00,342.29999999999995
1985-09-11 00:00:00,342.45000000000005
1985-09-12 00:00:00,342.6
1985-09-13 00:00:00,342.45000000000005
1985-09-16 00:00:00,343.70000000000005
1985-09-17 00:00:00,345.79999999999995
1985-09-18 00:00:00,345.04999999999995
1985-09-19 00:00:00,344.70000000000005
1985-09-20 00:00:00,345.20000000000005
1985-09-23 00:00:00,343.9
1985-09-24 00:00:00,344.0
1985-09-25 00:00:00,345.29999999999995
1985-09-26 00:00:00,345.04999999999995
1985-09-30 00:00:00,344.85
1985-10-01 00:00:00,341.9
1985-10-02 00:00:00,344.29999999999995
1985-10-03 00:00:00,344.45000000000005
1985-10-04 00:00:00,344.1
1985-10-07 00:00:00,345.54999999999995
1985-10-08 00:00:00,346.15
1985-10-09 00:00:00,346.20000000000005
1985-10-10 00:00:00,348.5
1985-10-11 00:00:00,348.35
1985-10-15 00:00:00,348.9
1985-10-16 00:00:00,350.04999999999995
1985-10-17 00:00:00,350.79999999999995
1985-10-18 00:00:00,350.85
1985-10-21 00:00:00,350.5
1985-10-22 00:00:00,350.95000000000005
1985-10-23 00:00:00,353.94999999999993
1985-10-24 00:00:00,360.44999999999993
1985-10-25 00:00:00,359.5999999999999
1985-10-28 00:00:00,365.79999999999984
1985-10-29 00:00:00,359.4
1985-10-30 00:00:00,364.54999999999984
1985-10-31 00:00:00,368.39999999999986
1985-11-01 00:00:00,374.4
1985-11-04 00:00:00,369.19999999999993
1985-11-05 00:00:00,367.04999999999984
1985-11-06 00:00:00,365.3499999999999
1985-11-07 00:00:00,366.14999999999986
1985-11-08 00:00:00,362.1999999999998
1985-11-11 00:00:00,365.7499999999999
1985-11-12 00:00:00,366.39999999999986
1985-11-13 00:00:00,362.8499999999999
1985-11-14 00:00:00,366.8499999999998
1985-11-15 00:00:00,367.54999999999984
1985-11-18 00:00:00,366.64999999999986
1985-11-19 00:00:00,368.3499999999998
1985-11-20 00:00:00,371.25
1985-11-21 00:00:00,371.54999999999995
1985-11-22 00:00:00,371.54999999999995
1985-11-25 00:00:00,370.5
1985-11-26 00:00:00,370.54999999999995
1985-11-27 00:00:00,371.9
1985-11-29 00:00:00,375.9
1985-12-02 00:00:00,379.9000000000001
1985-12-03 00:00:00,382.5
1985-12-04 00:00:00,381.6
1985-12-05 00:00:00,385.6
1985-12-06 00:00:00,389.6
1985-12-09 00:00:00,390.29999999999995
1985-12-10 00:00:00,396.29999999999995
1985-12-11 00:00:00,391.29999999999995
1985-12-12 00:00:00,397.29999999999995
1985-12-13 00:00:00,403.30000000000007
1985-12-16 00:00:00,409.30000000000007
1985-12-17 00:00:00,415.29999999999995
1985-12-18 00:00:00,419.4
1985-12-19 00:00:00,433.04999999999995
1985-12-20 00:00:00,448.1499999999998
1985-12-23 00:00:00,453.9999999999995
1985-12-26 00:00:00,446.94999999999976
1985-12-27 00:00:00,429.4499999999998
1985-12-30 00:00:00,439.14999999999975
1985-12-31 00:00:00,448.6499999999998
1986-01-02 00:00:00,465.8999999999995
1986-01-03 00:00:00,463.24999999999966
1986-01-06 00:00:00,468.99999999999943
1986-01-07 00:00:00,480.79999999999944
1986-01-08 00:00:00,471.3499999999994
1986-01-09 00:00:00,467.6999999999995
1986-01-10 00:00:00,474.8499999999994
1986-01-13 00:00:00,451.54999999999967
1986-01-14 00:00:00,464.74999999999943
1986-01-15 00:00:00,445.3999999999998
1986-01-16 00:00:00,441.5499999999996
1986-01-17 00:00:00,441.5499999999996
1986-01-20 00:00:00,445.4999999999997
1986-01-21 00:00:00,438.4999999999999
1986-01-22 00:00:00,439.64999999999975
1986-01-23 00:00:00,439.6999999999997
1986-01-24 00:00:00,437.79999999999984
1986-01-27 00:00:00,444.59999999999957
1986-01-28 00:00:00,429.39999999999986
1986-01-29 00:00:00,416.0
1986-01-30 00:00:00,410.0000000000001
1986-01-31 00:00:00,405.70000000000005
1986-02-03 00:00:00,400.0
1986-02-04 00:00:00,396.20000000000005
1986-02-05 00:00:00,402.20000000000005
1986-02-06 00:00:00,408.20000000000005
1986-02-07 00:00:00,414.19999999999993
1986-02-10 00:00:00,420.19999999999993
1986-02-11 00:00:00,426.19999999999993
1986-02-12 00:00:00,424.04999999999995
1986-02-13 00:00:00,418.04999999999995
1986-02-14 00:00:00,412.05000000000007
1986-02-18 00:00:00,425.25
1986-02-19 00:00:00,425.94999999999993
1986-02-20 00:00:00,427.0
1986-02-21 00:00:00,430.5999999999999
1986-02-24 00:00:00,442.1999999999997
1986-02-25 00:00:00,437.5999999999998
1986-02-26 00:00:00,435.54999999999984
1986-02-27 00:00:00,438.39999999999975
1986-02-28 00:00:00,433.14999999999986
1986-03-03 00:00:00,423.0
1986-03-04 00:00:00,440.09999999999957
1986-03-05 00:00:00,434.9499999999998
1986-03-06 00:00:00,440.59999999999957
1986-03-07 00:00:00,436.5999999999998
1986-03-10 00:00:00,437.54999999999984
1986-03-11 00:00:00,442.5499999999996
1986-03-12 00:00:00,439.0999999999998
1986-03-13 00:00:00,437.8499999999998
1986-03-14 00:00:00,434.9499999999998
1986-03-17 00:00:00,425.15
1986-03-18 00:00:00,428.9499999999998
1986-03-19 00:00:00,430.79999999999995
1986-03-20 00:00:00,432.04999999999995
1986-03-21 00:00:00,427.45000000000005
1986-03-24 00:00:00,418.79999999999995
1986-03-25 00:00:00,420.25
1986-03-26 00:00:00,423.8499999999999
1986-03-27 00:00:00,431.1999999999998
1986-03-31 00:00:00,432.5999999999999
1986-04-01 00:00:00,423.15
1986-04-02 00:00:00,418.25
1986-04-03 00:00:00,412.95000000000005
1986-04-04 00:00:00,409.5000000000001
1986-04-07 00:00:00,414.05000000000007
1986-04-08 00:00:00,413.54999999999995
1986-04-09 00:00:00,409.6
1986-04-10 00:00:00,413.4000000000001
1986-04-11 00:00:00,418.19999999999993
1986-04-14 00:00:00,414.30000000000007
1986-04-15 00:00:00,411.6500000000001
1986-04-16 00:00:00,412.05000000000007
1986-04-17 00:00:00,414.05000000000007
1986-04-18 00:00:00,415.55000000000007
1986-04-21 00:00:00,415.65
1986-04-22 00:00:00,417.20000000000005
1986-04-23 00:00:00,421.75
1986-04-24 00:00:00,424.94999999999993
1986-04-25 00:00:00,419.9
1986-04-28 00:00:00,420.5
1986-04-29 00:00:00,419.5
1986-04-30 00:00:00,414.15
1986-05-01 00:00:00,415.5
1986-05-02 00:00:00,416.5
1986-05-05 00:00:00,415.75
1986-05-06 00:00:00,408.85000000000014
1986-05-07 00:00:00,406.30000000000007
1986-05-08 00:00:00,405.20000000000016
1986-05-09 00:00:00,405.5000000000001
1986-05-12 00:00:00,395.75
1986-05-13 00:00:00,397.05000000000007
1986-05-14 00:00:00,400.95000000000005
1986-05-15 00:00:00,401.75
1986-05-16 00:00:00,401.15
1986-05-19 00:00:00,390.85
1986-05-20 00:00:00,386.04999999999995
1986-05-21 00:00:00,395.45000000000005
1986-05-22 00:00:00,391.65
1986-05-23 00:00:00,388.95000000000005
1986-05-27 00:00:00,384.80000000000007
1986-05-28 00:00:00,385.15
1986-05-29 00:00:00,373.4
1986-05-30 00:00:00,368.89999999999986
1986-06-02 00:00:00,366.39999999999986
1986-06-03 00:00:00,370.35
1986-06-04 00:00:00,371.5
1986-06-05 00:00:00,376.0
1986-06-06 00:00:00,374.55000000000007
1986-06-09 00:00:00,365.4999999999999
1986-06-10 00:00:00,363.9999999999999
1986-06-11 00:00:00,359.79999999999995
1986-06-12 00:00:00,361.79999999999995
1986-06-13 00:00:00,362.94999999999993
1986-06-16 00:00:00,357.25
1986-06-17 00:00:00,360.54999999999995
1986-06-18 00:00:00,368.1999999999998
1986-06-19 00:00:00,367.9999999999999
1986-06-20 00:00:00,364.69999999999993
1986-06-23 00:00:00,356.35
1986-06-24 00:00:00,349.0
1986-06-25 00:00:00,343.80000000000007
1986-06-26 00:00:00,348.05000000000007
1986-06-27 00:00:00,345.0
1986-06-30 00:00:00,346.6
1986-07-01 00:00:00,349.05000000000007
1986-07-02 00:00:00,341.05000000000007
1986-07-07 00:00:00,341.6
1986-07-08 00:00:00,341.1
1986-07-09 00:00:00,341.85
1986-07-10 00:00:00,344.1
1986-07-11 00:00:00,349.9
1986-07-14 00:00:00,359.19999999999993
1986-07-15 00:00:00,360.04999999999995
1986-07-16 00:00:00,362.6999999999998
1986-07-17 00:00:00,362.2499999999999
1986-07-18 00:00:00,361.75
1986-07-21 00:00:00,362.1
1986-07-22 00:00:00,364.64999999999986
1986-07-23 00:00:00,363.0999999999999
1986-07-24 00:00:00,363.39999999999986
1986-07-25 00:00:00,365.4999999999999
1986-07-28 00:00:00,364.39999999999986
1986-07-29 00:00:00,362.9
1986-07-30 00:00:00,357.6500000000001
1986-07-31 00:00:00,346.75
1986-08-01 00:00:00,342.25
1986-08-04 00:00:00,340.80000000000007
1986-08-05 00:00:00,333.65
1986-08-06 00:00:00,339.20000000000005
1986-08-07 00:00:00,340.45000000000005
1986-08-08 00:00:00,345.70000000000005
1986-08-11 00:00:00,348.05000000000007
1986-08-12 00:00:00,337.6
1986-08-13 00:00:00,343.55000000000007
1986-08-14 00:00:00,341.45000000000005
1986-08-15 00:00:00,347.5
1986-08-18 00:00:00,354.5
1986-08-19 00:00:00,357.55000000000007
1986-08-20 00:00:00,359.5
1986-08-21 00:00:00,361.5
1986-08-22 00:00:00,371.44999999999993
1986-08-25 00:00:00,377.0
1986-08-26 00:00:00,372.35
1986-08-27 00:00:00,378.5
1986-08-28 00:00:00,375.55000000000007
1986-08-29 00:00:00,377.9
1986-09-02 00:00:00,375.65
1986-09-03 00:00:00,374.29999999999995
1986-09-04 00:00:00,376.85
1986-09-05 00:00:00,376.85
1986-09-08 00:00:00,374.35
1986-09-09 00:00:00,370.75
1986-09-10 00:00:00,374.75
1986-09-11 00:00:00,375.85
1986-09-12 00:00:00,373.65
1986-09-15 00:00:00,373.55000000000007
1986-09-16 00:00:00,383.4
1986-09-17 00:00:00,383.35
1986-09-18 00:00:00,383.45000000000005
1986-09-19 00:00:00,386.5
1986-09-22 00:00:00,387.55000000000007
1986-09-23 00:00:00,390.20000000000005
1986-09-24 00:00:00,385.70000000000005
1986-09-25 00:00:00,385.65
1986-09-26 00:00:00,379.75
1986-09-29 00:00:00,379.05000000000007
1986-09-30 00:00:00,374.9
1986-10-01 00:00:00,365.4999999999999
1986-10-02 00:00:00,368.7499999999999
1986-10-03 00:00:00,366.9499999999998
1986-10-06 00:00:00,371.44999999999993
1986-10-07 00:00:00,378.9000000000001
1986-10-08 00:00:00,374.9
1986-10-09 00:00:00,367.29999999999984
1986-10-10 00:00:00,353.9
1986-10-13 00:00:00,359.94999999999993
1986-10-14 00:00:00,353.35
1986-10-15 00:00:00,358.75
1986-10-16 00:00:00,354.65
1986-10-17 00:00:00,349.95000000000005
1986-10-20 00:00:00,341.6
1986-10-21 00:00:00,346.4
1986-10-22 00:00:00,346.15
1986-10-23 00:00:00,349.70000000000005
1986-10-24 00:00:00,354.19999999999993
1986-10-27 00:00:00,353.75
1986-10-28 00:00:00,350.55000000000007
1986-10-29 00:00:00,343.55000000000007
1986-10-30 00:00:00,345.6
1986-10-31 00:00:00,347.25
1986-11-03 00:00:00,350.95000000000005
1986-11-04 00:00:00,344.15
1986-11-05 00:00:00,344.4000000000001
1986-11-06 00:00:00,344.55000000000007
1986-11-07 00:00:00,346.75
1986-11-10 00:00:00,344.80000000000007
1986-11-11 00:00:00,341.70000000000005
1986-11-12 00:00:00,342.25
1986-11-13 00:00:00,338.25
1986-11-14 00:00:00,335.35
1986-11-17 00:00:00,328.25
1986-11-18 00:00:00,328.8499999999999
1986-11-19 00:00:00,330.1
1986-11-20 00:00:00,327.54999999999995
1986-11-21 00:00:00,330.04999999999995
1986-11-24 00:00:00,331.94999999999993
1986-11-25 00:00:00,329.04999999999995
1986-11-26 00:00:00,328.79999999999995
1986-12-01 00:00:00,323.54999999999995
1986-12-02 00:00:00,326.19999999999993
1986-12-03 00:00:00,325.15
1986-12-04 00:00:00,327.15
1986-12-05 00:00:00,321.20000000000005
1986-12-08 00:00:00,318.45000000000005
1986-12-09 00:00:00,315.9
1986-12-10 00:00:00,318.55000000000007
1986-12-11 00:00:00,319.25
1986-12-12 00:00:00,317.95000000000005
1986-12-15 00:00:00,319.0
1986-12-16 00:00:00,318.55000000000007
1986-12-17 00:00:00,316.45000000000005
1986-12-18 00:00:00,315.1500000000001
1986-12-19 00:00:00,317.75
1986-12-22 00:00:00,316.70000000000005
1986-12-23 00:00:00,315.1500000000001
1986-12-24 00:00:00,315.05000000000007
1986-12-29 00:00:00,311.70000000000005
1986-12-30 00:00:00,310.55000000000007
1986-12-31 00:00:00,314.80000000000007
1987-01-05 00:00:00,310.45000000000005
1987-01-06 00:00:00,311.65
1987-01-07 00:00:00,310.85
1987-01-08 00:00:00,311.95000000000005
1987-01-09 00:00:00,310.9
1987-01-12 00:00:00,305.35000000000014
1987-01-13 00:00:00,305.05000000000007
1987-01-14 00:00:00,303.55000000000007
1987-01-15 00:00:00,301.20000000000005
1987-01-16 00:00:00,300.1500000000001
1987-01-19 00:00:00,301.20000000000005
1987-01-20 00:00:00,302.1500000000001
1987-01-21 00:00:00,302.35
1987-01-22 00:00:00,304.35000000000014
1987-01-23 00:00:00,304.9000000000001
1987-01-26 00:00:00,302.4000000000001
1987-01-27 00:00:00,302.70000000000005
1987-01-28 00:00:00,305.85
1987-01-29 00:00:00,302.05000000000007
1987-01-30 00:00:00,302.5000000000001
1987-02-02 00:00:00,303.1
1987-02-03 00:00:00,301.9000000000001
1987-02-04 00:00:00,303.1500000000001
1987-02-05 00:00:00,303.9000000000001
1987-02-06 00:00:00,303.7500000000001
1987-02-09 00:00:00,301.25
1987-02-10 00:00:00,300.95000000000005
1987-02-11 00:00:00,301.30000000000007
1987-02-12 00:00:00,301.55000000000007
1987-02-13 00:00:00,300.85
1987-02-17 00:00:00,293.35000000000014
1987-02-18 00:00:00,291.85000000000014
1987-02-19 00:00:00,295.20000000000016
1987-02-20 00:00:00,298.25
1987-02-23 00:00:00,303.05000000000007
1987-02-24 00:00:00,302.85
1987-02-25 00:00:00,302.6
1987-02-26 00:00:00,305.6
1987-02-27 00:00:00,304.80000000000007
1987-03-02 00:00:00,299.1
1987-03-03 00:00:00,283.55000000000007
1987-03-04 00:00:00,282.45000000000005
1987-03-05 00:00:00,280.20000000000016
1987-03-06 00:00:00,282.10000000000014
1987-03-09 00:00:00,282.4000000000001
1987-03-10 00:00:00,283.95000000000005
1987-03-11 00:00:00,282.9000000000001
1987-03-12 00:00:00,282.45000000000005
1987-03-13 00:00:00,279.70000000000005
1987-03-16 00:00:00,279.55000000000007
1987-03-17 00:00:00,278.85000000000014
1987-03-18 00:00:00,278.55000000000007
1987-03-19 00:00:00,280.20000000000016
1987-03-20 00:00:00,280.35000000000014
1987-03-23 00:00:00,281.7500000000001
1987-03-24 00:00:00,281.45000000000016
1987-03-25 00:00:00,280.60000000000014
1987-03-26 00:00:00,279.45000000000005
1987-03-27 00:00:00,280.30000000000007
1987-03-30 00:00:00,279.80000000000007
1987-03-31 00:00:00,275.55000000000007
1987-04-01 00:00:00,275.30000000000007
1987-04-02 00:00:00,276.35
1987-04-03 00:00:00,276.5
1987-04-06 00:00:00,277.4
1987-04-07 00:00:00,279.6500000000001
1987-04-08 00:00:00,283.0000000000001
1987-04-09 00:00:00,281.30000000000007
1987-04-10 00:00:00,281.30000000000007
1987-04-13 00:00:00,284.2500000000001
1987-04-14 00:00:00,288.6500000000002
1987-04-15 00:00:00,286.45000000000016
1987-04-16 00:00:00,286.70000000000016
1987-04-20 00:00:00,289.5500000000002
1987-04-21 00:00:00,289.8000000000002
1987-04-22 00:00:00,289.2500000000001
1987-04-23 00:00:00,291.5000000000001
1987-04-24 00:00:00,293.0000000000001
1987-04-27 00:00:00,290.60000000000014
1987-04-28 00:00:00,292.35000000000014
1987-04-29 00:00:00,295.70000000000016
1987-04-30 00:00:00,293.95000000000005
1987-05-01 00:00:00,293.60000000000014
1987-05-04 00:00:00,295.10000000000014
1987-05-05 00:00:00,294.0000000000001
1987-05-06 00:00:00,289.2500000000001
1987-05-07 00:00:00,289.9000000000001
1987-05-08 00:00:00,289.8000000000002
1987-05-11 00:00:00,296.1500000000002
1987-05-12 00:00:00,297.1500000000001
1987-05-13 00:00:00,297.1500000000001
1987-05-14 00:00:00,296.85
1987-05-15 00:00:00,298.4000000000001
1987-05-18 00:00:00,296.95000000000005
1987-05-19 00:00:00,298.0
1987-05-20 00:00:00,297.55000000000007
1987-05-21 00:00:00,296.80000000000007
1987-05-22 00:00:00,296.35000000000014
1987-05-26 00:00:00,292.20000000000016
1987-05-27 00:00:00,294.1500000000001
1987-05-28 00:00:00,294.9000000000002
1987-05-29 00:00:00,292.85000000000014
1987-06-01 00:00:00,287.85000000000014
1987-06-02 00:00:00,287.6500000000001
1987-06-03 00:00:00,286.9000000000002
1987-06-04 00:00:00,284.45000000000005
1987-06-05 00:00:00,283.9000000000001
1987-06-08 00:00:00,285.20000000000016
1987-06-09 00:00:00,285.55000000000007
1987-06-10 00:00:00,286.05000000000007
1987-06-11 00:00:00,286.35000000000014
1987-06-12 00:00:00,286.0000000000001
1987-06-15 00:00:00,280.6500000000001
1987-06-16 00:00:00,280.70000000000016
1987-06-17 00:00:00,279.4000000000001
1987-06-18 00:00:00,278.0000000000001
1987-06-19 00:00:00,277.80000000000007
1987-06-22 00:00:00,275.85
1987-06-23 00:00:00,279.55000000000007
1987-06-24 00:00:00,277.80000000000007
1987-06-25 00:00:00,276.4000000000001
1987-06-26 00:00:00,277.25
1987-06-29 00:00:00,278.4000000000001
1987-06-30 00:00:00,277.80000000000007
1987-07-01 00:00:00,277.70000000000005
1987-07-02 00:00:00,276.70000000000005
1987-07-06 00:00:00,271.95000000000005
1987-07-07 00:00:00,272.6
1987-07-08 00:00:00,273.6
1987-07-09 00:00:00,274.80000000000007
1987-07-10 00:00:00,274.6
1987-07-13 00:00:00,277.1
1987-07-14 00:00:00,276.85
1987-07-15 00:00:00,275.05000000000007
1987-07-16 00:00:00,275.75
1987-07-17 00:00:00,278.20000000000005
1987-07-20 00:00:00,277.1500000000001
1987-07-21 00:00:00,276.1500000000001
1987-07-22 00:00:00,276.70000000000005
1987-07-23 00:00:00,279.0000000000001
1987-07-24 00:00:00,278.6
1987-07-27 00:00:00,275.95000000000005
1987-07-28 00:00:00,274.6
1987-07-29 00:00:00,273.65
1987-07-30 00:00:00,275.0
1987-07-31 00:00:00,273.6
1987-08-03 00:00:00,275.70000000000005
1987-08-04 00:00:00,276.6500000000001
1987-08-05 00:00:00,275.70000000000005
1987-08-06 00:00:00,277.05000000000007
1987-08-07 00:00:00,278.2500000000001
1987-08-10 00:00:00,276.4
1987-08-11 00:00:00,276.1500000000001
1987-08-12 00:00:00,277.75
1987-08-13 00:00:00,276.25
1987-08-14 00:00:00,275.9000000000001
1987-08-17 00:00:00,276.80000000000007
1987-08-18 00:00:00,275.1
1987-08-19 00:00:00,275.25
1987-08-20 00:00:00,276.85
1987-08-21 00:00:00,276.55000000000007
1987-08-24 00:00:00,277.75
1987-08-25 00:00:00,283.20000000000005
1987-08-26 00:00:00,283.55000000000007
1987-08-27 00:00:00,284.05000000000007
1987-08-28 00:00:00,285.0000000000001
1987-08-31 00:00:00,287.35000000000014
1987-09-01 00:00:00,286.60000000000014
1987-09-02 00:00:00,287.2500000000001
1987-09-03 00:00:00,285.0000000000001
1987-09-04 00:00:00,285.6500000000001
1987-09-08 00:00:00,284.4000000000001
1987-09-09 00:00:00,287.5000000000001
1987-09-10 00:00:00,286.5500000000002
1987-09-11 00:00:00,286.20000000000005
1987-09-14 00:00:00,284.45000000000005
1987-09-15 00:00:00,283.05000000000007
1987-09-16 00:00:00,283.20000000000005
1987-09-17 00:00:00,284.55000000000007
1987-09-18 00:00:00,285.20000000000005
1987-09-21 00:00:00,284.35000000000014
1987-09-22 00:00:00,280.6500000000001
1987-09-23 00:00:00,281.10000000000014
1987-09-24 00:00:00,281.6500000000001
1987-09-25 00:00:00,283.6500000000001
1987-09-28 00:00:00,283.80000000000007
1987-09-29 00:00:00,284.6500000000001
1987-09-30 00:00:00,281.60000000000014
1987-10-01 00:00:00,285.9000000000001
1987-10-02 00:00:00,287.9000000000001
1987-10-05 00:00:00,293.55000000000007
1987-10-06 00:00:00,292.70000000000005
1987-10-07 00:00:00,292.7500000000001
1987-10-08 00:00:00,293.70000000000005
1987-10-09 00:00:00,294.05000000000007
1987-10-12 00:00:00,293.10000000000014
1987-10-13 00:00:00,293.55000000000007
1987-10-14 00:00:00,293.20000000000016
1987-10-15 00:00:00,293.60000000000014
1987-10-16 00:00:00,293.45000000000005
1987-10-19 00:00:00,291.60000000000014
1987-10-20 00:00:00,288.85000000000014
1987-10-21 00:00:00,290.1500000000002
1987-10-22 00:00:00,290.60000000000014
1987-10-23 00:00:00,291.7500000000001
1987-10-26 00:00:00,291.1500000000001
1987-10-27 00:00:00,291.0500000000002
1987-10-28 00:00:00,291.4000000000001
1987-10-29 00:00:00,291.5500000000002
1987-10-30 00:00:00,291.35000000000014
1987-11-02 00:00:00,293.45000000000016
1987-11-03 00:00:00,292.70000000000016
1987-11-04 00:00:00,292.6500000000001
1987-11-05 00:00:00,294.95000000000016
1987-11-06 00:00:00,295.3000000000002
1987-11-09 00:00:00,296.0000000000001
1987-11-10 00:00:00,295.60000000000014
1987-11-11 00:00:00,295.45000000000016
1987-11-12 00:00:00,294.6500000000002
1987-11-13 00:00:00,294.45000000000016
1987-11-16 00:00:00,295.6500000000002
1987-11-17 00:00:00,295.4000000000002
1987-11-18 00:00:00,296.45000000000005
1987-11-19 00:00:00,297.20000000000005
1987-11-20 00:00:00,295.9000000000002
1987-11-23 00:00:00,295.2500000000002
1987-11-24 00:00:00,295.3000000000002
1987-11-25 00:00:00,295.45000000000016
1987-11-30 00:00:00,294.1500000000001
1987-12-01 00:00:00,293.0000000000001
1987-12-02 00:00:00,292.35000000000014
1987-12-03 00:00:00,291.7500000000001
1987-12-04 00:00:00,292.45000000000016
1987-12-07 00:00:00,291.70000000000016
1987-12-08 00:00:00,292.8000000000002
1987-12-09 00:00:00,292.20000000000016
1987-12-10 00:00:00,292.0500000000002
1987-12-11 00:00:00,292.0500000000002
1987-12-14 00:00:00,291.9000000000002
1987-12-15 00:00:00,292.0500000000002
1987-12-16 00:00:00,292.85000000000014
1987-12-17 00:00:00,293.95000000000016
1987-12-18 00:00:00,293.95000000000016
1987-12-21 00:00:00,293.45000000000016
1987-12-22 00:00:00,293.35000000000014
1987-12-23 00:00:00,294.4000000000002
1987-12-24 00:00:00,294.20000000000016
1987-12-28 00:00:00,295.35000000000014
1987-12-29 00:00:00,294.6500000000002
1987-12-30 00:00:00,291.45000000000016
1987-12-31 00:00:00,290.4000000000002
1988-01-04 00:00:00,290.7500000000001
1988-01-05 00:00:00,292.4000000000001
1988-01-06 00:00:00,293.05000000000007
1988-01-07 00:00:00,292.9000000000001
1988-01-08 00:00:00,292.3000000000002
1988-01-11 00:00:00,290.95000000000016
1988-01-12 00:00:00,291.45000000000016
1988-01-13 00:00:00,291.85000000000014
1988-01-14 00:00:00,291.8000000000002
1988-01-15 00:00:00,292.10000000000014
1988-01-18 00:00:00,293.95000000000016
1988-01-19 00:00:00,293.60000000000014
1988-01-20 00:00:00,293.9000000000001
1988-01-21 00:00:00,295.0500000000002
1988-01-22 00:00:00,294.85000000000014
1988-01-25 00:00:00,293.5000000000001
1988-01-26 00:00:00,294.5000000000002
1988-01-27 00:00:00,294.7500000000002
1988-01-28 00:00:00,295.0000000000002
1988-01-29 00:00:00,296.0000000000001
1988-02-01 00:00:00,297.80000000000007
1988-02-02 00:00:00,297.4
1988-02-03 00:00:00,298.35
1988-02-04 00:00:00,299.25
1988-02-05 00:00:00,300.9
1988-02-08 00:00:00,301.1500000000001
1988-02-09 00:00:00,301.05000000000007
1988-02-10 00:00:00,301.4
1988-02-11 00:00:00,302.65
1988-02-12 00:00:00,302.45000000000005
1988-02-16 00:00:00,300.6
1988-02-17 00:00:00,302.0
1988-02-18 00:00:00,301.5
1988-02-19 00:00:00,304.5
1988-02-22 00:00:00,305.45000000000005
1988-02-23 00:00:00,304.30000000000007
1988-02-24 00:00:00,304.5
1988-02-25 00:00:00,301.95000000000005
1988-02-26 00:00:00,299.95000000000005
1988-02-29 00:00:00,297.0
1988-03-01 00:00:00,296.80000000000007
1988-03-02 00:00:00,298.70000000000005
1988-03-03 00:00:00,297.65
1988-03-04 00:00:00,297.20000000000005
1988-03-07 00:00:00,296.0500000000002
1988-03-08 00:00:00,298.45000000000005
1988-03-09 00:00:00,297.1
1988-03-10 00:00:00,297.0
1988-03-11 00:00:00,298.65
1988-03-14 00:00:00,297.95000000000005
1988-03-15 00:00:00,297.55000000000007
1988-03-16 00:00:00,296.0000000000001
1988-03-17 00:00:00,294.05000000000007
1988-03-18 00:00:00,295.5000000000001
1988-03-21 00:00:00,294.20000000000005
1988-03-22 00:00:00,294.3000000000002
1988-03-23 00:00:00,295.6500000000001
1988-03-24 00:00:00,295.10000000000014
1988-03-25 00:00:00,296.10000000000014
1988-03-28 00:00:00,297.25
1988-03-29 00:00:00,297.1
1988-03-30 00:00:00,295.20000000000016
1988-03-31 00:00:00,296.20000000000016
1988-04-04 00:00:00,296.65
1988-04-05 00:00:00,295.45000000000016
1988-04-06 00:00:00,296.0000000000001
1988-04-07 00:00:00,295.10000000000014
1988-04-08 00:00:00,295.3000000000002
1988-04-11 00:00:00,295.5500000000002
1988-04-12 00:00:00,295.4000000000002
1988-04-13 00:00:00,296.80000000000007
1988-04-14 00:00:00,297.6
1988-04-15 00:00:00,297.5
1988-04-18 00:00:00,297.20000000000005
1988-04-19 00:00:00,296.45000000000005
1988-04-20 00:00:00,296.0500000000002
1988-04-21 00:00:00,295.95000000000016
1988-04-22 00:00:00,296.35000000000014
1988-04-25 00:00:00,296.0500000000002
1988-04-26 00:00:00,295.70000000000016
1988-04-27 00:00:00,294.10000000000014
1988-04-28 00:00:00,292.60000000000014
1988-04-29 00:00:00,292.4000000000001
1988-05-02 00:00:00,292.55000000000007
1988-05-03 00:00:00,294.10000000000014
1988-05-04 00:00:00,294.2500000000001
1988-05-05 00:00:00,295.35000000000014
1988-05-06 00:00:00,296.20000000000016
1988-05-09 00:00:00,295.5000000000001
1988-05-10 00:00:00,296.2500000000001
1988-05-11 00:00:00,295.85000000000014
1988-05-12 00:00:00,294.95000000000016
1988-05-13 00:00:00,293.95000000000005
1988-05-16 00:00:00,291.6500000000001
1988-05-17 00:00:00,292.3000000000002
1988-05-18 00:00:00,292.35000000000014
1988-05-19 00:00:00,293.0000000000001
1988-05-20 00:00:00,293.20000000000005
1988-05-23 00:00:00,291.85000000000014
1988-05-24 00:00:00,291.3000000000002
1988-05-25 00:00:00,291.4000000000001
1988-05-26 00:00:00,290.70000000000016
1988-05-27 00:00:00,291.20000000000016
1988-05-31 00:00:00,293.55000000000007
1988-06-01 00:00:00,293.05000000000007
1988-06-02 00:00:00,294.1500000000001
1988-06-03 00:00:00,294.8000000000002
1988-06-06 00:00:00,297.1
1988-06-07 00:00:00,297.95000000000005
1988-06-08 00:00:00,297.4
1988-06-09 00:00:00,299.80000000000007
1988-06-10 00:00:00,298.85
1988-06-13 00:00:00,296.80000000000007
1988-06-14 00:00:00,295.7500000000001
1988-06-15 00:00:00,296.70000000000005
1988-06-16 00:00:00,298.30000000000007
1988-06-17 00:00:00,297.9
1988-06-20 00:00:00,296.75
1988-06-21 00:00:00,297.04999999999995
1988-06-22 00:00:00,296.1500000000001
1988-06-23 00:00:00,293.1500000000001
1988-06-24 00:00:00,292.0500000000002
1988-06-27 00:00:00,292.45000000000005
1988-06-28 00:00:00,291.9000000000001
1988-06-29 00:00:00,290.10000000000014
1988-06-30 00:00:00,290.10000000000014
1988-07-01 00:00:00,291.80000000000007
1988-07-05 00:00:00,291.2500000000001
1988-07-06 00:00:00,292.80000000000007
1988-07-07 00:00:00,293.6
1988-07-08 00:00:00,294.1
1988-07-11 00:00:00,294.4000000000001
1988-07-12 00:00:00,294.60000000000014
1988-07-13 00:00:00,295.60000000000014
1988-07-14 00:00:00,295.6500000000001
1988-07-15 00:00:00,294.95000000000016
1988-07-18 00:00:00,294.1
1988-07-19 00:00:00,294.70000000000016
1988-07-20 00:00:00,296.1500000000001
1988-07-21 00:00:00,295.7500000000001
1988-07-22 00:00:00,296.35
1988-07-25 00:00:00,296.45000000000005
1988-07-26 00:00:00,291.60000000000014
1988-07-27 00:00:00,282.70000000000005
1988-07-28 00:00:00,282.45000000000005
1988-07-29 00:00:00,283.35000000000014
1988-08-01 00:00:00,275.30000000000007
1988-08-02 00:00:00,267.45000000000005
1988-08-03 00:00:00,276.6500000000001
1988-08-04 00:00:00,275.05000000000007
1988-08-05 00:00:00,273.1500000000001
1988-08-08 00:00:00,273.55000000000007
1988-08-09 00:00:00,276.6500000000001
1988-08-10 00:00:00,277.80000000000007
1988-08-11 00:00:00,275.55000000000007
1988-08-12 00:00:00,275.75
1988-08-15 00:00:00,275.20000000000005
1988-08-16 00:00:00,276.95000000000005
1988-08-17 00:00:00,276.85
1988-08-18 00:00:00,280.1500000000001
1988-08-19 00:00:00,282.1500000000001
1988-08-22 00:00:00,283.45000000000005
1988-08-23 00:00:00,279.6500000000001
1988-08-24 00:00:00,282.55000000000007
1988-08-25 00:00:00,282.0000000000001
1988-08-26 00:00:00,280.0000000000001
1988-08-29 00:00:00,278.7500000000001
1988-08-30 00:00:00,277.4000000000001
1988-08-31 00:00:00,280.10000000000014
1988-09-01 00:00:00,279.0000000000001
1988-09-02 00:00:00,279.4000000000001
1988-09-06 00:00:00,283.45000000000005
1988-09-07 00:00:00,287.2500000000001
1988-09-08 00:00:00,286.05000000000007
1988-09-09 00:00:00,286.4000000000002
1988-09-12 00:00:00,284.80000000000007
1988-09-13 00:00:00,283.95000000000005
1988-09-14 00:00:00,281.7500000000001
1988-09-15 00:00:00,279.9000000000001
1988-09-16 00:00:00,281.30000000000007
1988-09-19 00:00:00,280.1500000000001
1988-09-20 00:00:00,283.4000000000001
1988-09-21 00:00:00,283.30000000000007
1988-09-22 00:00:00,282.10000000000014
1988-09-23 00:00:00,283.45000000000005
1988-09-26 00:00:00,283.10000000000014
1988-09-27 00:00:00,285.5000000000001
1988-09-28 00:00:00,286.5000000000001
1988-09-29 00:00:00,288.10000000000014
1988-09-30 00:00:00,288.20000000000016
1988-10-03 00:00:00,282.55000000000007
1988-10-04 00:00:00,280.6500000000001
1988-10-05 00:00:00,279.5000000000001
1988-10-06 00:00:00,280.6500000000001
1988-10-07 00:00:00,279.6500000000001
1988-10-10 00:00:00,281.0000000000001
1988-10-11 00:00:00,280.9000000000001
1988-10-12 00:00:00,278.95000000000005
1988-10-13 00:00:00,279.2500000000001
1988-10-14 00:00:00,279.45000000000005
1988-10-17 00:00:00,280.95000000000016
1988-10-18 00:00:00,279.7500000000001
1988-10-19 00:00:00,281.35000000000014
1988-10-20 00:00:00,281.4000000000001
1988-10-21 00:00:00,282.9000000000001
1988-10-24 00:00:00,281.35000000000014
1988-10-25 00:00:00,282.95000000000005
1988-10-26 00:00:00,282.70000000000005
1988-10-27 00:00:00,281.9000000000001
1988-10-28 00:00:00,280.1500000000001
1988-10-31 00:00:00,279.85000000000014
1988-11-01 00:00:00,280.30000000000007
1988-11-02 00:00:00,281.20000000000005
1988-11-03 00:00:00,280.7500000000001
1988-11-04 00:00:00,280.60000000000014
1988-11-07 00:00:00,281.55000000000007
1988-11-08 00:00:00,281.1500000000001
1988-11-09 00:00:00,281.7500000000001
1988-11-10 00:00:00,282.4000000000001
1988-11-11 00:00:00,283.80000000000007
1988-11-14 00:00:00,282.55000000000007
1988-11-15 00:00:00,282.35000000000014
1988-11-16 00:00:00,282.95000000000005
1988-11-17 00:00:00,282.1500000000001
1988-11-18 00:00:00,282.30000000000007
1988-11-21 00:00:00,282.85000000000014
1988-11-22 00:00:00,282.4000000000001
1988-11-23 00:00:00,280.80000000000007
1988-11-28 00:00:00,277.45000000000005
1988-11-29 00:00:00,278.0000000000001
1988-11-30 00:00:00,278.70000000000005
1988-12-01 00:00:00,278.9000000000001
1988-12-02 00:00:00,278.60000000000014
1988-12-05 00:00:00,278.5000000000001
1988-12-06 00:00:00,279.05000000000007
1988-12-07 00:00:00,279.30000000000007
1988-12-08 00:00:00,280.60000000000014
1988-12-09 00:00:00,282.20000000000005
1988-12-12 00:00:00,284.4000000000001
1988-12-13 00:00:00,283.7500000000001
1988-12-14 00:00:00,288.35000000000014
1988-12-15 00:00:00,289.0000000000001
1988-12-16 00:00:00,295.3000000000002
1988-12-19 00:00:00,300.05000000000007
1988-12-20 00:00:00,310.4
1988-12-21 00:00:00,310.9
1988-12-22 00:00:00,304.35
1988-12-23 00:00:00,304.30000000000007
1988-12-27 00:00:00,301.20000000000005
1988-12-28 00:00:00,307.0
1988-12-29 00:00:00,313.94999999999993
1988-12-30 00:00:00,314.29999999999995
1989-01-03 00:00:00,320.85
1989-01-04 00:00:00,315.1
1989-01-05 00:00:00,317.9
1989-01-06 00:00:00,312.65
1989-01-09 00:00:00,303.25
1989-01-10 00:00:00,305.45000000000005
1989-01-11 00:00:00,293.7500000000001
1989-01-12 00:00:00,297.05000000000007
1989-01-13 00:00:00,294.6500000000001
1989-01-16 00:00:00,295.6500000000001
1989-01-17 00:00:00,297.55000000000007
1989-01-18 00:00:00,297.15
1989-01-19 00:00:00,297.05000000000007
1989-01-20 00:00:00,297.25
1989-01-23 00:00:00,295.8000000000002
1989-01-24 00:00:00,289.45000000000016
1989-01-25 00:00:00,290.8000000000002
1989-01-26 00:00:00,292.6500000000001
1989-01-27 00:00:00,289.0000000000001
1989-01-30 00:00:00,290.95000000000016
1989-01-31 00:00:00,286.20000000000005
1989-02-01 00:00:00,286.1500000000001
1989-02-02 00:00:00,287.6500000000002
1989-02-03 00:00:00,287.85000000000014
1989-02-06 00:00:00,289.45000000000016
1989-02-07 00:00:00,291.45000000000016
1989-02-08 00:00:00,288.5500000000002
1989-02-09 00:00:00,290.0500000000002
1989-02-10 00:00:00,286.8000000000002
1989-02-13 00:00:00,286.9000000000001
1989-02-14 00:00:00,282.7500000000001
1989-02-15 00:00:00,285.20000000000005
1989-02-16 00:00:00,285.20000000000005
1989-02-17 00:00:00,286.05000000000007
1989-02-21 00:00:00,281.85000000000014
1989-02-22 00:00:00,282.6500000000001
1989-02-23 00:00:00,283.55000000000007
1989-02-24 00:00:00,283.4000000000001
1989-02-27 00:00:00,283.30000000000007
1989-02-28 00:00:00,284.9000000000001
1989-03-01 00:00:00,285.7500000000001
1989-03-02 00:00:00,287.95000000000016
1989-03-03 00:00:00,289.7500000000001
1989-03-06 00:00:00,290.5000000000001
1989-03-07 00:00:00,289.10000000000014
1989-03-08 00:00:00,287.35000000000014
1989-03-09 00:00:00,289.8000000000002
1989-03-10 00:00:00,290.2500000000001
1989-03-13 00:00:00,290.1500000000001
1989-03-14 00:00:00,288.2500000000001
1989-03-15 00:00:00,290.0000000000001
1989-03-16 00:00:00,291.3000000000002
1989-03-17 00:00:00,291.10000000000014
1989-03-20 00:00:00,289.7500000000001
1989-03-21 00:00:00,285.45000000000005
1989-03-22 00:00:00,285.9000000000001
1989-03-23 00:00:00,286.20000000000005
1989-03-27 00:00:00,284.9000000000001
1989-03-28 00:00:00,283.85000000000014
1989-03-29 00:00:00,284.30000000000007
1989-03-30 00:00:00,284.30000000000007
1989-03-31 00:00:00,285.7500000000001
1989-04-03 00:00:00,286.0000000000001
1989-04-04 00:00:00,288.85000000000014
1989-04-05 00:00:00,289.3000000000002
1989-04-06 00:00:00,288.55000000000007
1989-04-07 00:00:00,289.9000000000002
1989-04-10 00:00:00,290.2500000000001
1989-04-11 00:00:00,289.4000000000001
1989-04-12 00:00:00,289.2500000000001
1989-04-13 00:00:00,290.2500000000001
1989-04-14 00:00:00,295.0000000000001
1989-04-17 00:00:00,297.0
1989-04-18 00:00:00,295.95000000000016
1989-04-19 00:00:00,297.70000000000005
1989-04-20 00:00:00,296.80000000000007
1989-04-21 00:00:00,299.25
1989-04-24 00:00:00,297.80000000000007
1989-04-25 00:00:00,297.9000000000001
1989-04-26 00:00:00,295.95000000000016
1989-04-27 00:00:00,294.10000000000014
1989-04-28 00:00:00,289.70000000000016
1989-05-01 00:00:00,287.70000000000016
1989-05-02 00:00:00,288.45000000000016
1989-05-03 00:00:00,291.1500000000001
1989-05-04 00:00:00,290.6500000000001
1989-05-05 00:00:00,289.85000000000014
1989-05-08 00:00:00,291.45000000000016
1989-05-09 00:00:00,292.7500000000001
1989-05-10 00:00:00,290.6500000000001
1989-05-11 00:00:00,289.6500000000001
1989-05-12 00:00:00,291.95000000000016
1989-05-15 00:00:00,290.5000000000001
1989-05-16 00:00:00,293.80000000000007
1989-05-17 00:00:00,292.20000000000016
1989-05-18 00:00:00,296.0000000000001
1989-05-19 00:00:00,297.25
1989-05-22 00:00:00,297.6
1989-05-23 00:00:00,296.85
1989-05-24 00:00:00,294.5500000000002
1989-05-25 00:00:00,296.45000000000005
1989-05-26 00:00:00,297.05000000000007
1989-05-30 00:00:00,297.0
1989-05-31 00:00:00,292.95000000000005
1989-06-01 00:00:00,292.70000000000005
1989-06-02 00:00:00,293.70000000000005
1989-06-05 00:00:00,290.1500000000001
1989-06-06 00:00:00,292.70000000000005
1989-06-07 00:00:00,292.80000000000007
1989-06-08 00:00:00,294.20000000000005
1989-06-09 00:00:00,294.45000000000005
1989-06-12 00:00:00,288.20000000000016
1989-06-13 00:00:00,279.75
1989-06-14 00:00:00,281.25
1989-06-15 00:00:00,281.1500000000001
1989-06-16 00:00:00,279.30000000000007
1989-06-19 00:00:00,279.6500000000001
1989-06-20 00:00:00,280.45000000000005
1989-06-21 00:00:00,279.5000000000001
1989-06-22 00:00:00,281.05000000000007
1989-06-23 00:00:00,279.1
1989-06-26 00:00:00,274.35
1989-06-27 00:00:00,273.85
1989-06-28 00:00:00,275.9
1989-06-29 00:00:00,274.29999999999995
1989-06-30 00:00:00,276.5
1989-07-03 00:00:00,262.30000000000007
1989-07-05 00:00:00,266.25
1989-07-06 00:00:00,261.80000000000007
1989-07-07 00:00:00,258.15
1989-07-10 00:00:00,257.6
1989-07-11 00:00:00,257.6
1989-07-12 00:00:00,255.2500000000001
1989-07-13 00:00:00,255.89999999999998
1989-07-14 00:00:00,257.29999999999995
1989-07-17 00:00:00,256.20000000000005
1989-07-18 00:00:00,257.20000000000005
1989-07-19 00:00:00,257.1
1989-07-20 00:00:00,256.70000000000005
1989-07-21 00:00:00,254.80000000000007
1989-07-24 00:00:00,253.30000000000007
1989-07-25 00:00:00,253.20000000000005
1989-07-26 00:00:00,253.80000000000007
1989-07-27 00:00:00,251.9000000000001
1989-07-28 00:00:00,250.45000000000005
1989-07-31 00:00:00,247.45000000000005
1989-08-01 00:00:00,250.80000000000007
1989-08-02 00:00:00,249.39999999999998
1989-08-03 00:00:00,250.30000000000007
1989-08-04 00:00:00,249.80000000000007
1989-08-07 00:00:00,250.05000000000007
1989-08-08 00:00:00,250.10000000000002
1989-08-09 00:00:00,249.25
1989-08-10 00:00:00,246.89999999999998
1989-08-11 00:00:00,244.60000000000002
1989-08-14 00:00:00,244.69999999999993
1989-08-15 00:00:00,245.94999999999993
1989-08-16 00:00:00,245.54999999999995
1989-08-17 00:00:00,245.39999999999998
1989-08-18 00:00:00,245.39999999999998
1989-08-21 00:00:00,247.55000000000007
1989-08-22 00:00:00,248.60000000000002
1989-08-23 00:00:00,251.05000000000007
1989-08-24 00:00:00,246.69999999999993
1989-08-25 00:00:00,247.30000000000007
1989-08-28 00:00:00,249.5
1989-08-29 00:00:00,252.30000000000007
1989-08-30 00:00:00,251.80000000000007
1989-08-31 00:00:00,252.05000000000007
1989-09-01 00:00:00,252.95000000000005
1989-09-05 00:00:00,249.75
1989-09-06 00:00:00,250.89999999999998
1989-09-07 00:00:00,252.20000000000005
1989-09-08 00:00:00,254.05000000000007
1989-09-11 00:00:00,252.95000000000005
1989-09-12 00:00:00,246.3499999999999
1989-09-13 00:00:00,246.19999999999993
1989-09-14 00:00:00,247.10000000000002
1989-09-15 00:00:00,246.95000000000005
1989-09-18 00:00:00,245.64999999999998
1989-09-19 00:00:00,246.19999999999993
1989-09-20 00:00:00,248.85000000000002
1989-09-21 00:00:00,250.14999999999998
1989-09-22 00:00:00,246.95000000000005
1989-09-25 00:00:00,247.5
1989-09-26 00:00:00,248.20000000000005
1989-09-27 00:00:00,248.14999999999998
1989-09-28 00:00:00,249.30000000000007
1989-09-29 00:00:00,246.89999999999998
1989-10-02 00:00:00,246.85000000000002
1989-10-03 00:00:00,242.79999999999995
1989-10-04 00:00:00,239.35000000000002
1989-10-05 00:00:00,239.20000000000005
1989-10-06 00:00:00,236.70000000000005
1989-10-09 00:00:00,235.0
1989-10-10 00:00:00,235.79999999999995
1989-10-11 00:00:00,236.20000000000005
1989-10-12 00:00:00,237.25
1989-10-13 00:00:00,236.79999999999995
1989-10-16 00:00:00,236.70000000000005
1989-10-17 00:00:00,237.5
1989-10-18 00:00:00,238.10000000000002
1989-10-19 00:00:00,238.29999999999995
1989-10-20 00:00:00,239.14999999999998
1989-10-23 00:00:00,239.10000000000002
1989-10-24 00:00:00,239.89999999999998
1989-10-25 00:00:00,240.14999999999998
1989-10-26 00:00:00,238.89999999999998
1989-10-27 00:00:00,239.35000000000002
1989-10-30 00:00:00,240.64999999999998
1989-10-31 00:00:00,241.14999999999998
1989-11-01 00:00:00,239.0
1989-11-02 00:00:00,241.64999999999998
1989-11-03 00:00:00,241.25
1989-11-06 00:00:00,242.69999999999993
1989-11-07 00:00:00,242.10000000000002
1989-11-08 00:00:00,243.5
1989-11-09 00:00:00,243.39999999999998
1989-11-10 00:00:00,242.75
1989-11-13 00:00:00,244.79999999999995
1989-11-14 00:00:00,244.89999999999998
1989-11-15 00:00:00,243.14999999999998
1989-11-16 00:00:00,240.29999999999995
1989-11-17 00:00:00,240.14999999999998
1989-11-20 00:00:00,240.54999999999995
1989-11-21 00:00:00,240.29999999999995
1989-11-22 00:00:00,239.8499999999999
1989-11-27 00:00:00,239.89999999999998
1989-11-28 00:00:00,240.64999999999998
1989-11-29 00:00:00,241.39999999999998
1989-11-30 00:00:00,242.10000000000002
1989-12-01 00:00:00,242.25
1989-12-04 00:00:00,240.0
1989-12-05 00:00:00,241.0999999999999
1989-12-06 00:00:00,241.29999999999995
1989-12-07 00:00:00,241.14999999999998
1989-12-08 00:00:00,242.85000000000002
1989-12-11 00:00:00,243.25
1989-12-12 00:00:00,241.94999999999993
1989-12-13 00:00:00,242.35000000000002
1989-12-14 00:00:00,242.35000000000002
1989-12-15 00:00:00,243.0
1989-12-18 00:00:00,240.89999999999998
1989-12-19 00:00:00,240.8499999999999
1989-12-20 00:00:00,242.54999999999995
1989-12-21 00:00:00,242.29999999999995
1989-12-22 00:00:00,242.89999999999998
1989-12-26 00:00:00,247.05000000000007
1989-12-27 00:00:00,244.69999999999993
1989-12-28 00:00:00,244.14999999999998
1989-12-29 00:00:00,243.94999999999993
1990-01-02 00:00:00,244.94999999999993
1990-01-03 00:00:00,246.14999999999998
1990-01-04 00:00:00,246.89999999999998
1990-01-05 00:00:00,245.54999999999995
1990-01-08 00:00:00,245.79999999999995
1990-01-09 00:00:00,247.25
1990-01-10 00:00:00,246.95000000000005
1990-01-11 00:00:00,246.0
1990-01-12 00:00:00,243.44999999999993
1990-01-15 00:00:00,241.94999999999993
1990-01-16 00:00:00,241.94999999999993
1990-01-17 00:00:00,243.14999999999998
1990-01-18 00:00:00,243.75
1990-01-19 00:00:00,245.69999999999993
1990-01-22 00:00:00,245.89999999999998
1990-01-23 00:00:00,244.44999999999993
1990-01-24 00:00:00,244.94999999999993
1990-01-25 00:00:00,245.69999999999993
1990-01-26 00:00:00,246.29999999999995
1990-01-29 00:00:00,245.19999999999993
1990-01-30 00:00:00,245.14999999999998
1990-01-31 00:00:00,244.79999999999995
1990-02-01 00:00:00,245.44999999999993
1990-02-02 00:00:00,245.35000000000002
1990-02-05 00:00:00,244.94999999999993
1990-02-06 00:00:00,245.0
1990-02-07 00:00:00,246.39999999999998
1990-02-08 00:00:00,246.69999999999993
1990-02-09 00:00:00,249.95000000000005
1990-02-12 00:00:00,251.2500000000001
1990-02-13 00:00:00,251.5000000000001
1990-02-14 00:00:00,251.30000000000007
1990-02-15 00:00:00,250.5
1990-02-16 00:00:00,251.95000000000005
1990-02-20 00:00:00,252.5000000000001
1990-02-21 00:00:00,254.70000000000005
1990-02-22 00:00:00,256.5
1990-02-23 00:00:00,256.04999999999995
1990-02-26 00:00:00,255.85000000000002
1990-02-27 00:00:00,254.25
1990-02-28 00:00:00,257.0
1990-03-01 00:00:00,259.70000000000005
1990-03-02 00:00:00,262.70000000000005
1990-03-05 00:00:00,267.45000000000005
1990-03-06 00:00:00,264.54999999999995
1990-03-07 00:00:00,265.79999999999995
1990-03-08 00:00:00,265.35
1990-03-09 00:00:00,259.04999999999995
1990-03-12 00:00:00,258.04999999999995
1990-03-13 00:00:00,261.05000000000007
1990-03-14 00:00:00,257.25
1990-03-15 00:00:00,259.6
1990-03-16 00:00:00,253.60000000000002
1990-03-19 00:00:00,250.95000000000005
1990-03-20 00:00:00,254.4000000000001
1990-03-21 00:00:00,253.2500000000001
1990-03-22 00:00:00,255.79999999999995
1990-03-23 00:00:00,252.5000000000001
1990-03-26 00:00:00,254.25
1990-03-27 00:00:00,253.2500000000001
1990-03-28 00:00:00,254.0
1990-03-29 00:00:00,254.60000000000002
1990-03-30 00:00:00,255.35000000000002
1990-04-02 00:00:00,254.70000000000005
1990-04-03 00:00:00,255.20000000000005
1990-04-04 00:00:00,258.20000000000005
1990-04-05 00:00:00,259.85
1990-04-06 00:00:00,258.65
1990-04-09 00:00:00,260.25
1990-04-10 00:00:00,261.35
1990-04-11 00:00:00,258.54999999999995
1990-04-12 00:00:00,259.25
1990-04-16 00:00:00,260.29999999999995
1990-04-17 00:00:00,259.20000000000005
1990-04-18 00:00:00,256.25
1990-04-19 00:00:00,257.20000000000005
1990-04-20 00:00:00,259.0
1990-04-23 00:00:00,259.6
1990-04-24 00:00:00,258.70000000000005
1990-04-25 00:00:00,255.5
1990-04-26 00:00:00,255.79999999999995
1990-04-27 00:00:00,255.1500000000001
1990-04-30 00:00:00,255.10000000000002
1990-05-01 00:00:00,254.1500000000001
1990-05-02 00:00:00,253.70000000000005
1990-05-03 00:00:00,253.9000000000001
1990-05-04 00:00:00,253.80000000000007
1990-05-07 00:00:00,253.60000000000002
1990-05-08 00:00:00,254.95000000000005
1990-05-09 00:00:00,255.64999999999998
1990-05-10 00:00:00,254.5000000000001
1990-05-11 00:00:00,252.7500000000001
1990-05-14 00:00:00,252.30000000000007
1990-05-15 00:00:00,254.60000000000002
1990-05-16 00:00:00,256.6
1990-05-17 00:00:00,256.20000000000005
1990-05-18 00:00:00,257.15
1990-05-21 00:00:00,258.1
1990-05-22 00:00:00,258.6
1990-05-23 00:00:00,257.70000000000005
1990-05-24 00:00:00,258.65
1990-05-25 00:00:00,258.54999999999995
1990-05-29 00:00:00,256.5
1990-05-30 00:00:00,257.45000000000005
1990-05-31 00:00:00,255.39999999999998
1990-06-01 00:00:00,254.35000000000002
1990-06-04 00:00:00,254.4000000000001
1990-06-05 00:00:00,255.85000000000002
1990-06-06 00:00:00,255.45000000000005
1990-06-07 00:00:00,255.95000000000005
1990-06-08 00:00:00,254.60000000000002
1990-06-11 00:00:00,253.45000000000005
1990-06-12 00:00:00,253.55000000000007
1990-06-13 00:00:00,253.35000000000002
1990-06-14 00:00:00,248.75
1990-06-15 00:00:00,249.70000000000005
1990-06-18 00:00:00,250.55000000000007
1990-06-19 00:00:00,250.20000000000005
1990-06-20 00:00:00,248.45000000000005
1990-06-21 00:00:00,248.64999999999998
1990-06-22 00:00:00,247.45000000000005
1990-06-25 00:00:00,247.85000000000002
1990-06-26 00:00:00,246.89999999999998
1990-06-27 00:00:00,247.70000000000005
1990-06-28 00:00:00,246.39999999999998
1990-06-29 00:00:00,244.94999999999993
1990-07-02 00:00:00,246.19999999999993
1990-07-03 00:00:00,247.85000000000002
1990-07-05 00:00:00,247.95000000000005
1990-07-06 00:00:00,246.85000000000002
1990-07-09 00:00:00,246.19999999999993
1990-07-10 00:00:00,247.85000000000002
1990-07-11 00:00:00,247.35000000000002
1990-07-12 00:00:00,245.29999999999995
1990-07-13 00:00:00,244.5
1990-07-16 00:00:00,245.60000000000002
1990-07-17 00:00:00,245.60000000000002
1990-07-18 00:00:00,247.30000000000007
1990-07-19 00:00:00,248.20000000000005
1990-07-20 00:00:00,246.25
1990-07-23 00:00:00,246.5
1990-07-24 00:00:00,247.30000000000007
1990-07-25 00:00:00,248.14999999999998
1990-07-26 00:00:00,250.20000000000005
1990-07-27 00:00:00,251.10000000000002
1990-07-30 00:00:00,249.80000000000007
1990-07-31 00:00:00,253.1500000000001
1990-08-01 00:00:00,252.60000000000002
1990-08-02 00:00:00,251.5000000000001
1990-08-03 00:00:00,250.25
1990-08-06 00:00:00,251.6500000000001
1990-08-07 00:00:00,251.80000000000007
1990-08-08 00:00:00,251.20000000000005
1990-08-09 00:00:00,252.45000000000005
1990-08-10 00:00:00,253.05000000000007
1990-08-13 00:00:00,255.05000000000007
1990-08-14 00:00:00,253.7500000000001
1990-08-15 00:00:00,255.05000000000007
1990-08-16 00:00:00,253.7500000000001
1990-08-17 00:00:00,254.05000000000007
1990-08-20 00:00:00,252.35000000000002
1990-08-21 00:00:00,252.80000000000007
1990-08-22 00:00:00,255.05000000000007
1990-08-23 00:00:00,258.5
1990-08-24 00:00:00,259.20000000000005
1990-08-27 00:00:00,257.15
1990-08-28 00:00:00,257.29999999999995
1990-08-29 00:00:00,256.6
1990-08-30 00:00:00,259.35
1990-08-31 00:00:00,258.4
1990-09-04 00:00:00,256.75
1990-09-05 00:00:00,259.25
1990-09-06 00:00:00,257.79999999999995
1990-09-07 00:00:00,253.80000000000007
1990-09-10 00:00:00,253.60000000000002
1990-09-11 00:00:00,254.20000000000005
1990-09-12 00:00:00,252.6500000000001
1990-09-13 00:00:00,250.64999999999998
1990-09-14 00:00:00,251.35000000000002
1990-09-17 00:00:00,252.05000000000007
1990-09-18 00:00:00,251.20000000000005
1990-09-19 00:00:00,252.6500000000001
1990-09-20 00:00:00,252.1500000000001
1990-09-21 00:00:00,253.05000000000007
1990-09-24 00:00:00,249.55000000000007
1990-09-25 00:00:00,250.20000000000005
1990-09-26 00:00:00,249.89999999999998
1990-09-27 00:00:00,250.05000000000007
1990-09-28 00:00:00,248.55000000000007
1990-10-01 00:00:00,247.95000000000005
1990-10-02 00:00:00,249.05000000000007
1990-10-03 00:00:00,249.64999999999998
1990-10-04 00:00:00,248.70000000000005
1990-10-05 00:00:00,248.45000000000005
1990-10-08 00:00:00,249.25
1990-10-09 00:00:00,249.0
1990-10-10 00:00:00,246.80000000000007
1990-10-11 00:00:00,247.10000000000002
1990-10-12 00:00:00,248.05000000000007
1990-10-15 00:00:00,248.35000000000002
1990-10-16 00:00:00,247.39999999999998
1990-10-17 00:00:00,248.55000000000007
1990-10-18 00:00:00,248.14999999999998
1990-10-19 00:00:00,247.10000000000002
1990-10-22 00:00:00,248.55000000000007
1990-10-23 00:00:00,247.35000000000002
1990-10-24 00:00:00,247.55000000000007
1990-10-25 00:00:00,246.85000000000002
1990-10-26 00:00:00,247.14999999999998
1990-10-29 00:00:00,248.05000000000007
1990-10-30 00:00:00,247.89999999999998
1990-10-31 00:00:00,246.04999999999995
1990-11-01 00:00:00,244.44999999999993
1990-11-02 00:00:00,244.35000000000002
1990-11-05 00:00:00,241.69999999999993
1990-11-06 00:00:00,241.64999999999998
1990-11-07 00:00:00,241.79999999999995
1990-11-08 00:00:00,242.64999999999998
1990-11-09 00:00:00,240.25
1990-11-12 00:00:00,240.39999999999998
1990-11-13 00:00:00,239.69999999999993
1990-11-14 00:00:00,239.69999999999993
1990-11-15 00:00:00,237.70000000000005
1990-11-16 00:00:00,237.39999999999998
1990-11-19 00:00:00,240.19999999999993
1990-11-20 00:00:00,238.35000000000002
1990-11-21 00:00:00,237.64999999999998
1990-11-26 00:00:00,240.14999999999998
1990-11-27 00:00:00,239.94999999999993
1990-11-28 00:00:00,239.75
1990-11-29 00:00:00,240.44999999999993
1990-11-30 00:00:00,238.85000000000002
1990-12-03 00:00:00,239.30000000000007
1990-12-04 00:00:00,242.89999999999998
1990-12-05 00:00:00,243.29999999999995
1990-12-06 00:00:00,245.14999999999998
1990-12-07 00:00:00,244.14999999999998
1990-12-10 00:00:00,243.54999999999995
1990-12-11 00:00:00,245.64999999999998
1990-12-12 00:00:00,245.94999999999993
1990-12-13 00:00:00,247.45000000000005
1990-12-14 00:00:00,246.29999999999995
1990-12-17 00:00:00,245.04999999999995
1990-12-18 00:00:00,244.39999999999998
1990-12-19 00:00:00,243.54999999999995
1990-12-20 00:00:00,242.69999999999993
1990-12-21 00:00:00,241.04999999999995
1990-12-26 00:00:00,239.35000000000002
1990-12-27 00:00:00,239.89999999999998
1990-12-28 00:00:00,240.60000000000002
1991-01-02 00:00:00,240.0
1991-01-03 00:00:00,241.19999999999993
1991-01-04 00:00:00,240.85000000000002
1991-01-07 00:00:00,242.35000000000002
1991-01-08 00:00:00,242.39999999999998
1991-01-09 00:00:00,242.10000000000002
1991-01-10 00:00:00,241.89999999999998
1991-01-11 00:00:00,239.75
1991-01-14 00:00:00,238.5
1991-01-15 00:00:00,238.04999999999995
1991-01-16 00:00:00,238.89999999999998
1991-01-17 00:00:00,239.94999999999993
1991-01-18 00:00:00,239.69999999999993
1991-01-21 00:00:00,239.14999999999998
1991-01-22 00:00:00,238.64999999999998
1991-01-23 00:00:00,238.35000000000002
1991-01-24 00:00:00,238.70000000000005
1991-01-25 00:00:00,237.89999999999998
1991-01-28 00:00:00,234.75
1991-01-29 00:00:00,235.10000000000002
1991-01-30 00:00:00,234.94999999999993
1991-01-31 00:00:00,234.94999999999993
1991-02-01 00:00:00,234.19999999999993
1991-02-04 00:00:00,235.39999999999998
1991-02-05 00:00:00,236.29999999999995
1991-02-06 00:00:00,235.25
1991-02-07 00:00:00,235.75
1991-02-08 00:00:00,238.70000000000005
1991-02-11 00:00:00,239.54999999999995
1991-02-12 00:00:00,239.05000000000007
1991-02-13 00:00:00,242.95000000000005
1991-02-14 00:00:00,243.29999999999995
1991-02-15 00:00:00,242.19999999999993
1991-02-19 00:00:00,242.45000000000005
1991-02-20 00:00:00,244.0
1991-02-21 00:00:00,243.44999999999993
1991-02-22 00:00:00,241.35000000000002
1991-02-25 00:00:00,242.10000000000002
1991-02-26 00:00:00,241.95000000000005
1991-02-27 00:00:00,240.10000000000002
1991-02-28 00:00:00,242.10000000000002
1991-03-01 00:00:00,242.04999999999995
1991-03-04 00:00:00,241.35000000000002
1991-03-05 00:00:00,243.0
1991-03-06 00:00:00,245.20000000000005
1991-03-07 00:00:00,244.94999999999993
1991-03-08 00:00:00,242.60000000000002
1991-03-11 00:00:00,241.95000000000005
1991-03-12 00:00:00,240.35000000000002
1991-03-13 00:00:00,242.29999999999995
1991-03-14 00:00:00,242.10000000000002
1991-03-15 00:00:00,242.10000000000002
1991-03-18 00:00:00,243.75
1991-03-19 00:00:00,241.04999999999995
1991-03-20 00:00:00,243.75
1991-03-21 00:00:00,244.35000000000002
1991-03-22 00:00:00,242.39999999999998
1991-03-25 00:00:00,242.75
1991-03-26 00:00:00,244.25
1991-03-27 00:00:00,244.75
1991-03-28 00:00:00,244.04999999999995
1991-04-01 00:00:00,244.44999999999993
1991-04-02 00:00:00,242.89999999999998
1991-04-03 00:00:00,243.39999999999998
1991-04-04 00:00:00,242.04999999999995
1991-04-05 00:00:00,242.39999999999998
1991-04-08 00:00:00,242.64999999999998
1991-04-09 00:00:00,240.79999999999995
1991-04-10 00:00:00,241.35000000000002
1991-04-11 00:00:00,241.5
1991-04-12 00:00:00,241.0
1991-04-15 00:00:00,241.35000000000002
1991-04-16 00:00:00,241.69999999999993
1991-04-17 00:00:00,240.85000000000002
1991-04-18 00:00:00,240.69999999999993
1991-04-19 00:00:00,238.35000000000002
1991-04-22 00:00:00,239.04999999999995
1991-04-23 00:00:00,238.0
1991-04-24 00:00:00,237.85000000000002
1991-04-25 00:00:00,237.70000000000005
1991-04-26 00:00:00,236.25
1991-04-29 00:00:00,236.70000000000005
1991-04-30 00:00:00,236.54999999999995
1991-05-01 00:00:00,237.54999999999995
1991-05-02 00:00:00,235.89999999999998
1991-05-03 00:00:00,235.79999999999995
1991-05-06 00:00:00,235.19999999999993
1991-05-07 00:00:00,235.60000000000002
1991-05-08 00:00:00,235.64999999999998
1991-05-09 00:00:00,235.0
1991-05-10 00:00:00,236.60000000000002
1991-05-13 00:00:00,235.75
1991-05-14 00:00:00,236.39999999999998
1991-05-15 00:00:00,236.64999999999998
1991-05-16 00:00:00,235.94999999999993
1991-05-17 00:00:00,237.0
1991-05-20 00:00:00,236.95000000000005
1991-05-21 00:00:00,234.75
1991-05-22 00:00:00,234.0
1991-05-23 00:00:00,233.69999999999993
1991-05-24 00:00:00,234.25
1991-05-28 00:00:00,233.75
1991-05-29 00:00:00,233.64999999999998
1991-05-30 00:00:00,234.35000000000002
1991-05-31 00:00:00,233.89999999999998
1991-06-03 00:00:00,233.85000000000002
1991-06-04 00:00:00,234.25
1991-06-05 00:00:00,235.14999999999998
1991-06-06 00:00:00,235.14999999999998
1991-06-07 00:00:00,232.79999999999995
1991-06-10 00:00:00,232.89999999999998
1991-06-11 00:00:00,232.75
1991-06-12 00:00:00,231.14999999999998
1991-06-13 00:00:00,231.75
1991-06-14 00:00:00,231.69999999999993
1991-06-17 00:00:00,231.60000000000002
1991-06-18 00:00:00,231.94999999999993
1991-06-19 00:00:00,230.85000000000002
1991-06-20 00:00:00,231.5
1991-06-21 00:00:00,231.89999999999998
1991-06-24 00:00:00,232.25
1991-06-25 00:00:00,233.44999999999993
1991-06-26 00:00:00,233.29999999999995
1991-06-27 00:00:00,230.79999999999995
1991-06-28 00:00:00,231.0
1991-07-01 00:00:00,231.89999999999998
1991-07-02 00:00:00,231.94999999999993
1991-07-03 00:00:00,231.60000000000002
1991-07-08 00:00:00,230.60000000000002
1991-07-09 00:00:00,229.85000000000002
1991-07-10 00:00:00,229.60000000000002
1991-07-11 00:00:00,229.04999999999995
1991-07-12 00:00:00,230.29999999999995
1991-07-15 00:00:00,228.35000000000002
1991-07-16 00:00:00,228.19999999999993
1991-07-17 00:00:00,229.25
1991-07-18 00:00:00,228.69999999999993
1991-07-19 00:00:00,228.25
1991-07-22 00:00:00,228.14999999999998
1991-07-23 00:00:00,227.5
1991-07-24 00:00:00,227.5
1991-07-25 00:00:00,225.94999999999993
1991-07-26 00:00:00,226.79999999999995
1991-07-29 00:00:00,227.20000000000005
1991-07-30 00:00:00,227.20000000000005
1991-07-31 00:00:00,226.5
1991-08-01 00:00:00,228.10000000000002
1991-08-02 00:00:00,227.80000000000007
1991-08-05 00:00:00,228.14999999999998
1991-08-06 00:00:00,227.75
1991-08-07 00:00:00,226.89999999999998
1991-08-08 00:00:00,226.14999999999998
1991-08-09 00:00:00,226.5
1991-08-12 00:00:00,225.29999999999995
1991-08-13 00:00:00,224.60000000000002
1991-08-14 00:00:00,226.29999999999995
1991-08-15 00:00:00,225.25
1991-08-16 00:00:00,224.5
1991-08-19 00:00:00,224.39999999999998
1991-08-20 00:00:00,223.25
1991-08-21 00:00:00,224.29999999999995
1991-08-22 00:00:00,225.04999999999995
1991-08-23 00:00:00,227.70000000000005
1991-08-26 00:00:00,228.70000000000005
1991-08-27 00:00:00,229.14999999999998
1991-08-28 00:00:00,229.20000000000005
1991-08-29 00:00:00,229.95000000000005
1991-08-30 00:00:00,230.75
1991-09-03 00:00:00,230.89999999999998
1991-09-04 00:00:00,230.25
1991-09-05 00:00:00,231.95000000000005
1991-09-06 00:00:00,232.75
1991-09-09 00:00:00,235.29999999999995
1991-09-10 00:00:00,234.25
1991-09-11 00:00:00,233.5
1991-09-12 00:00:00,234.85000000000002
1991-09-13 00:00:00,233.20000000000005
1991-09-16 00:00:00,231.29999999999995
1991-09-17 00:00:00,229.29999999999995
1991-09-18 00:00:00,229.89999999999998
1991-09-19 00:00:00,232.0
1991-09-20 00:00:00,232.54999999999995
1991-09-23 00:00:00,230.95000000000005
1991-09-24 00:00:00,233.45000000000005
1991-09-25 00:00:00,233.04999999999995
1991-09-26 00:00:00,231.10000000000002
1991-09-27 00:00:00,227.45000000000005
1991-09-30 00:00:00,224.64999999999998
1991-10-01 00:00:00,222.95000000000005
1991-10-02 00:00:00,222.79999999999995
1991-10-03 00:00:00,221.5
1991-10-04 00:00:00,221.35000000000002
1991-10-07 00:00:00,222.04999999999995
1991-10-08 00:00:00,222.04999999999995
1991-10-09 00:00:00,222.54999999999995
1991-10-10 00:00:00,222.75
1991-10-11 00:00:00,223.25
1991-10-14 00:00:00,223.29999999999995
1991-10-15 00:00:00,221.64999999999998
1991-10-16 00:00:00,224.25
1991-10-17 00:00:00,224.54999999999995
1991-10-18 00:00:00,224.89999999999998
1991-10-21 00:00:00,225.54999999999995
1991-10-22 00:00:00,225.35000000000002
1991-10-23 00:00:00,224.20000000000005
1991-10-24 00:00:00,224.14999999999998
1991-10-25 00:00:00,222.75
1991-10-28 00:00:00,223.45000000000005
1991-10-29 00:00:00,224.35000000000002
1991-10-30 00:00:00,224.04999999999995
1991-10-31 00:00:00,222.29999999999995
1991-11-01 00:00:00,221.04999999999995
1991-11-04 00:00:00,220.35000000000002
1991-11-05 00:00:00,220.29999999999995
1991-11-06 00:00:00,218.29999999999995
1991-11-07 00:00:00,218.95000000000005
1991-11-08 00:00:00,220.60000000000002
1991-11-11 00:00:00,219.89999999999998
1991-11-12 00:00:00,220.54999999999995
1991-11-13 00:00:00,220.95000000000005
1991-11-14 00:00:00,221.0
1991-11-15 00:00:00,220.5
1991-11-18 00:00:00,220.79999999999995
1991-11-19 00:00:00,223.10000000000002
1991-11-20 00:00:00,222.60000000000002
1991-11-21 00:00:00,222.39999999999998
1991-11-22 00:00:00,221.85000000000002
1991-11-25 00:00:00,219.89999999999998
1991-11-26 00:00:00,220.95000000000005
1991-11-27 00:00:00,221.5
1991-12-02 00:00:00,223.10000000000002
1991-12-03 00:00:00,222.89999999999998
1991-12-04 00:00:00,220.25
1991-12-05 00:00:00,219.25
1991-12-06 00:00:00,218.35000000000002
1991-12-09 00:00:00,217.85000000000002
1991-12-10 00:00:00,217.45000000000005
1991-12-11 00:00:00,216.19999999999993
1991-12-12 00:00:00,216.75
1991-12-13 00:00:00,217.0
1991-12-16 00:00:00,216.5
1991-12-17 00:00:00,216.94999999999993
1991-12-18 00:00:00,216.04999999999995
1991-12-19 00:00:00,215.5
1991-12-20 00:00:00,215.69999999999993
1991-12-23 00:00:00,216.0999999999999
1991-12-24 00:00:00,215.19999999999993
1991-12-26 00:00:00,215.79999999999995
1991-12-27 00:00:00,216.25
1991-12-30 00:00:00,214.75
1991-12-31 00:00:00,215.39999999999998
1992-01-02 00:00:00,216.69999999999993
1992-01-03 00:00:00,217.0
1992-01-06 00:00:00,216.19999999999993
1992-01-07 00:00:00,217.45000000000005
1992-01-08 00:00:00,216.94999999999993
1992-01-09 00:00:00,217.0999999999999
1992-01-10 00:00:00,217.04999999999995
1992-01-13 00:00:00,216.25
1992-01-14 00:00:00,215.5999999999999
1992-01-15 00:00:00,215.64999999999998
1992-01-16 00:00:00,216.5999999999999
1992-01-17 00:00:00,215.39999999999998
1992-01-20 00:00:00,216.29999999999995
1992-01-21 00:00:00,216.0
1992-01-22 00:00:00,216.0
1992-01-23 00:00:00,213.79999999999995
1992-01-24 00:00:00,213.39999999999998
1992-01-27 00:00:00,212.79999999999995
1992-01-28 00:00:00,211.75
1992-01-29 00:00:00,211.54999999999995
1992-01-30 00:00:00,212.29999999999995
1992-01-31 00:00:00,210.25
1992-02-03 00:00:00,208.39999999999998
1992-02-04 00:00:00,208.79999999999995
1992-02-05 00:00:00,206.79999999999995
1992-02-06 00:00:00,207.60000000000002
1992-02-07 00:00:00,207.35000000000002
1992-02-10 00:00:00,207.35000000000002
1992-02-11 00:00:00,208.5
1992-02-12 00:00:00,208.5
1992-02-13 00:00:00,206.75
1992-02-14 00:00:00,207.25
1992-02-18 00:00:00,204.54999999999995
1992-02-19 00:00:00,205.19999999999993
1992-02-20 00:00:00,206.79999999999995
1992-02-21 00:00:00,204.44999999999993
1992-02-24 00:00:00,201.69999999999993
1992-02-25 00:00:00,202.89999999999998
1992-02-26 00:00:00,203.9999999999999
1992-02-27 00:00:00,204.04999999999995
1992-02-28 00:00:00,205.79999999999995
1992-03-02 00:00:00,206.39999999999998
1992-03-03 00:00:00,207.85000000000002
1992-03-04 00:00:00,204.9999999999999
1992-03-05 00:00:00,203.29999999999995
1992-03-06 00:00:00,205.94999999999993
1992-03-09 00:00:00,205.44999999999993
1992-03-10 00:00:00,205.75
1992-03-11 00:00:00,207.39999999999998
1992-03-12 00:00:00,207.89999999999998
1992-03-13 00:00:00,208.79999999999995
1992-03-16 00:00:00,208.29999999999995
1992-03-17 00:00:00,207.75
1992-03-18 00:00:00,208.60000000000002
1992-03-19 00:00:00,209.5
1992-03-20 00:00:00,209.0
1992-03-23 00:00:00,209.14999999999998
1992-03-24 00:00:00,208.75
1992-03-25 00:00:00,205.75
1992-03-26 00:00:00,205.64999999999998
1992-03-27 00:00:00,205.10000000000002
1992-03-30 00:00:00,202.8499999999999
1992-03-31 00:00:00,203.39999999999998
1992-04-01 00:00:00,204.39999999999998
1992-04-02 00:00:00,204.89999999999998
1992-04-03 00:00:00,206.39999999999998
1992-04-06 00:00:00,206.89999999999998
1992-04-07 00:00:00,205.10000000000002
1992-04-08 00:00:00,206.25
1992-04-09 00:00:00,204.69999999999993
1992-04-10 00:00:00,203.79999999999995
1992-04-13 00:00:00,200.39999999999986
1992-04-14 00:00:00,200.5999999999999
1992-04-15 00:00:00,198.94999999999993
1992-04-16 00:00:00,198.04999999999995
1992-04-20 00:00:00,198.54999999999995
1992-04-21 00:00:00,198.79999999999995
1992-04-22 00:00:00,197.9999999999999
1992-04-23 00:00:00,199.64999999999986
1992-04-24 00:00:00,198.94999999999993
1992-04-27 00:00:00,197.89999999999986
1992-04-28 00:00:00,197.3499999999999
1992-04-29 00:00:00,196.69999999999993
1992-04-30 00:00:00,195.39999999999986
1992-05-01 00:00:00,194.3499999999999
1992-05-04 00:00:00,193.89999999999986
1992-05-05 00:00:00,192.7499999999999
1992-05-06 00:00:00,191.7499999999999
1992-05-07 00:00:00,193.19999999999993
1992-05-08 00:00:00,193.29999999999995
1992-05-11 00:00:00,194.39999999999986
1992-05-12 00:00:00,195.44999999999993
1992-05-13 00:00:00,196.2499999999999
1992-05-14 00:00:00,195.44999999999993
1992-05-15 00:00:00,197.4999999999999
1992-05-18 00:00:00,196.89999999999986
1992-05-19 00:00:00,198.0999999999999
1992-05-20 00:00:00,196.79999999999995
1992-05-21 00:00:00,196.8499999999999
1992-05-22 00:00:00,195.9999999999999
1992-05-26 00:00:00,196.79999999999995
1992-05-27 00:00:00,196.5999999999999
1992-05-28 00:00:00,195.04999999999995
1992-05-29 00:00:00,195.79999999999995
1992-06-01 00:00:00,195.79999999999995
1992-06-02 00:00:00,193.64999999999986
1992-06-03 00:00:00,194.39999999999986
1992-06-04 00:00:00,194.19999999999993
1992-06-05 00:00:00,194.14999999999986
1992-06-08 00:00:00,193.9999999999999
1992-06-09 00:00:00,193.9999999999999
1992-06-10 00:00:00,192.7499999999999
1992-06-11 00:00:00,192.29999999999995
1992-06-12 00:00:00,193.14999999999986
1992-06-15 00:00:00,194.19999999999993
1992-06-16 00:00:00,194.9999999999999
1992-06-17 00:00:00,193.89999999999986
1992-06-18 00:00:00,192.89999999999986
1992-06-19 00:00:00,191.19999999999993
1992-06-22 00:00:00,190.19999999999993
1992-06-23 00:00:00,189.29999999999995
1992-06-24 00:00:00,189.2499999999999
1992-06-25 00:00:00,188.3499999999999
1992-06-26 00:00:00,189.39999999999986
1992-06-29 00:00:00,188.89999999999986
1992-06-30 00:00:00,188.4999999999999
1992-07-01 00:00:00,189.79999999999995
1992-07-02 00:00:00,190.39999999999986
1992-07-06 00:00:00,189.69999999999993
1992-07-07 00:00:00,191.0999999999999
1992-07-08 00:00:00,191.54999999999995
1992-07-09 00:00:00,191.3499999999999
1992-07-10 00:00:00,193.54999999999984
1992-07-13 00:00:00,191.44999999999993
1992-07-14 00:00:00,191.9999999999999
1992-07-15 00:00:00,191.89999999999986
1992-07-16 00:00:00,192.89999999999986
1992-07-17 00:00:00,191.9999999999999
1992-07-20 00:00:00,190.44999999999993
1992-07-21 00:00:00,192.19999999999993
1992-07-22 00:00:00,191.7499999999999
1992-07-23 00:00:00,191.3499999999999
1992-07-24 00:00:00,190.4999999999999
1992-07-27 00:00:00,186.49999999999986
1992-07-28 00:00:00,186.99999999999986
1992-07-29 00:00:00,185.9499999999999
1992-07-30 00:00:00,188.3499999999999
1992-07-31 00:00:00,186.64999999999984
1992-08-03 00:00:00,186.64999999999984
1992-08-04 00:00:00,187.09999999999988
1992-08-05 00:00:00,187.04999999999993
1992-08-06 00:00:00,186.64999999999984
1992-08-07 00:00:00,186.4499999999999
1992-08-10 00:00:00,183.89999999999984
1992-08-11 00:00:00,183.29999999999978
1992-08-12 00:00:00,181.34999999999985
1992-08-13 00:00:00,181.59999999999985
1992-08-14 00:00:00,181.2999999999999
1992-08-17 00:00:00,178.9999999999999
1992-08-18 00:00:00,181.09999999999985
1992-08-19 00:00:00,180.94999999999987
1992-08-20 00:00:00,180.7999999999999
1992-08-21 00:00:00,181.0499999999999
1992-08-24 00:00:00,181.69999999999987
1992-08-25 00:00:00,180.59999999999985
1992-08-26 00:00:00,181.19999999999987
1992-08-27 00:00:00,182.09999999999985
1992-08-28 00:00:00,183.29999999999978
1992-08-31 00:00:00,182.09999999999985
1992-09-01 00:00:00,182.59999999999985
1992-09-02 00:00:00,183.19999999999987
1992-09-03 00:00:00,183.09999999999985
1992-09-04 00:00:00,182.3999999999998
1992-09-08 00:00:00,181.34999999999985
1992-09-09 00:00:00,178.79999999999993
1992-09-10 00:00:00,179.29999999999995
1992-09-11 00:00:00,178.84999999999988
1992-09-14 00:00:00,179.2499999999999
1992-09-15 00:00:00,180.0499999999999
1992-09-16 00:00:00,180.94999999999987
1992-09-17 00:00:00,181.24999999999983
1992-09-18 00:00:00,183.19999999999987
1992-09-21 00:00:00,184.7999999999998
1992-09-22 00:00:00,184.74999999999986
1992-09-23 00:00:00,184.6999999999999
1992-09-24 00:00:00,183.9499999999999
1992-09-25 00:00:00,184.49999999999986
1992-09-28 00:00:00,183.1499999999998
1992-09-29 00:00:00,181.99999999999983
1992-09-30 00:00:00,183.59999999999988
1992-10-01 00:00:00,184.59999999999988
1992-10-02 00:00:00,184.74999999999986
1992-10-05 00:00:00,185.89999999999984
1992-10-06 00:00:00,186.89999999999984
1992-10-07 00:00:00,187.69999999999993
1992-10-08 00:00:00,188.29999999999995
1992-10-09 00:00:00,190.14999999999986
1992-10-12 00:00:00,189.69999999999993
1992-10-13 00:00:00,191.3499999999999
1992-10-14 00:00:00,191.04999999999984
1992-10-15 00:00:00,190.7499999999999
1992-10-16 00:00:00,190.69999999999993
1992-10-19 00:00:00,190.04999999999995
1992-10-20 00:00:00,192.7499999999999
1992-10-21 00:00:00,193.0999999999999
1992-10-22 00:00:00,193.8499999999999
1992-10-23 00:00:00,193.29999999999995
1992-10-26 00:00:00,193.7499999999999
1992-10-27 00:00:00,194.44999999999993
1992-10-28 00:00:00,194.69999999999993
1992-10-29 00:00:00,195.04999999999995
1992-10-30 00:00:00,196.3499999999999
1992-11-02 00:00:00,195.69999999999993
1992-11-03 00:00:00,195.7499999999999
1992-11-04 00:00:00,195.0999999999999
1992-11-05 00:00:00,192.7499999999999
1992-11-06 00:00:00,192.44999999999993
1992-11-09 00:00:00,190.39999999999986
1992-11-10 00:00:00,191.5999999999999
1992-11-11 00:00:00,193.14999999999986
1992-11-12 00:00:00,195.2499999999999
1992-11-13 00:00:00,197.2499999999999
1992-11-16 00:00:00,199.89999999999986
1992-11-17 00:00:00,197.64999999999986
1992-11-18 00:00:00,197.0999999999999
1992-11-19 00:00:00,196.79999999999995
1992-11-20 00:00:00,197.44999999999993
1992-11-23 00:00:00,196.4999999999999
1992-11-24 00:00:00,195.3499999999999
1992-11-25 00:00:00,196.19999999999993
1992-11-30 00:00:00,198.8499999999999
1992-12-01 00:00:00,201.54999999999995
1992-12-02 00:00:00,201.39999999999986
1992-12-03 00:00:00,202.3499999999999
1992-12-04 00:00:00,201.94999999999993
1992-12-07 00:00:00,202.44999999999993
1992-12-08 00:00:00,203.8499999999999
1992-12-09 00:00:00,203.69999999999993
1992-12-10 00:00:00,204.4999999999999
1992-12-11 00:00:00,205.14999999999998
1992-12-14 00:00:00,204.89999999999986
1992-12-15 00:00:00,204.54999999999995
1992-12-16 00:00:00,204.54999999999995
1992-12-17 00:00:00,204.5999999999999
1992-12-18 00:00:00,205.54999999999995
1992-12-21 00:00:00,207.75
1992-12-22 00:00:00,207.39999999999998
1992-12-23 00:00:00,204.39999999999986
1992-12-24 00:00:00,203.94999999999993
1992-12-28 00:00:00,206.10000000000002
1992-12-29 00:00:00,203.44999999999993
1992-12-30 00:00:00,201.64999999999986
1992-12-31 00:00:00,203.39999999999986
1993-01-04 00:00:00,200.64999999999986
1993-01-05 00:00:00,197.64999999999986
1993-01-06 00:00:00,196.14999999999986
1993-01-07 00:00:00,199.04999999999995
1993-01-08 00:00:00,196.14999999999986
1993-01-11 00:00:00,195.0999999999999
1993-01-12 00:00:00,197.39999999999986
1993-01-13 00:00:00,199.19999999999993
1993-01-14 00:00:00,198.2499999999999
1993-01-15 00:00:00,195.5999999999999
1993-01-18 00:00:00,194.4999999999999
1993-01-19 00:00:00,191.44999999999993
1993-01-20 00:00:00,190.3499999999999
1993-01-21 00:00:00,190.0999999999999
1993-01-22 00:00:00,188.64999999999986
1993-01-25 00:00:00,181.8999999999998
1993-01-26 00:00:00,183.74999999999986
1993-01-27 00:00:00,183.59999999999988
1993-01-28 00:00:00,184.14999999999984
1993-01-29 00:00:00,184.14999999999984
1993-02-01 00:00:00,186.4499999999999
1993-02-02 00:00:00,189.04999999999995
1993-02-03 00:00:00,187.79999999999995
1993-02-04 00:00:00,186.34999999999988
1993-02-05 00:00:00,186.79999999999993
1993-02-08 00:00:00,181.69999999999987
1993-02-09 00:00:00,183.74999999999986
1993-02-10 00:00:00,185.74999999999986
1993-02-11 00:00:00,188.2499999999999
1993-02-12 00:00:00,186.49999999999986
1993-02-16 00:00:00,186.89999999999984
1993-02-17 00:00:00,186.39999999999984
1993-02-18 00:00:00,187.39999999999986
1993-02-19 00:00:00,187.89999999999986
1993-02-22 00:00:00,188.9999999999999
1993-02-23 00:00:00,185.74999999999986
1993-02-24 00:00:00,187.89999999999986
1993-02-25 00:00:00,186.34999999999988
1993-02-26 00:00:00,184.74999999999986
1993-03-01 00:00:00,182.84999999999985
1993-03-02 00:00:00,184.29999999999993
1993-03-03 00:00:00,185.14999999999984
1993-03-04 00:00:00,185.4499999999999
1993-03-05 00:00:00,184.14999999999984
1993-03-08 00:00:00,183.19999999999987
1993-03-09 00:00:00,183.64999999999984
1993-03-10 00:00:00,182.24999999999983
1993-03-11 00:00:00,182.0499999999999
1993-03-12 00:00:00,181.59999999999985
1993-03-15 00:00:00,183.1499999999998
1993-03-16 00:00:00,180.44999999999987
1993-03-17 00:00:00,180.59999999999985
1993-03-18 00:00:00,180.44999999999987
1993-03-19 00:00:00,181.1499999999998
1993-03-22 00:00:00,181.19999999999987
1993-03-23 00:00:00,181.3999999999998
1993-03-24 00:00:00,182.2999999999999
1993-03-25 00:00:00,181.59999999999985
1993-03-26 00:00:00,178.4499999999999
1993-03-29 00:00:00,176.59999999999985
1993-03-30 00:00:00,176.59999999999985
1993-03-31 00:00:00,178.49999999999986
1993-04-01 00:00:00,177.59999999999988
1993-04-02 00:00:00,176.49999999999991
1993-04-05 00:00:00,175.04999999999993
1993-04-06 00:00:00,175.6999999999999
1993-04-07 00:00:00,174.3999999999999
1993-04-08 00:00:00,173.54999999999993
1993-04-12 00:00:00,173.59999999999988
1993-04-13 00:00:00,174.49999999999991
1993-04-14 00:00:00,174.3999999999999
1993-04-15 00:00:00,174.54999999999993
1993-04-16 00:00:00,173.6499999999999
1993-04-19 00:00:00,172.69999999999996
1993-04-20 00:00:00,173.34999999999988
1993-04-21 00:00:00,172.39999999999995
1993-04-22 00:00:00,173.14999999999995
1993-04-23 00:00:00,174.09999999999988
1993-04-26 00:00:00,177.3499999999999
1993-04-27 00:00:00,180.34999999999985
1993-04-28 00:00:00,179.29999999999995
1993-04-29 00:00:00,180.84999999999985
1993-04-30 00:00:00,182.3999999999998
1993-05-03 00:00:00,182.34999999999985
1993-05-04 00:00:00,177.0999999999999
1993-05-05 00:00:00,176.1499999999999
1993-05-06 00:00:00,177.29999999999995
1993-05-07 00:00:00,177.99999999999986
1993-05-10 00:00:00,178.29999999999993
1993-05-11 00:00:00,178.49999999999986
1993-05-12 00:00:00,176.9999999999999
1993-05-13 00:00:00,176.34999999999988
1993-05-14 00:00:00,177.3499999999999
1993-05-17 00:00:00,178.04999999999993
1993-05-18 00:00:00,181.49999999999983
1993-05-19 00:00:00,181.94999999999987
1993-05-20 00:00:00,181.74999999999983
1993-05-21 00:00:00,183.59999999999988
1993-05-24 00:00:00,179.6499999999998
1993-05-25 00:00:00,181.69999999999987
1993-05-26 00:00:00,183.1499999999998
1993-05-27 00:00:00,181.0499999999999
1993-05-28 00:00:00,181.74999999999983
1993-06-01 00:00:00,179.44999999999993
1993-06-02 00:00:00,179.74999999999983
1993-06-03 00:00:00,179.0999999999999
1993-06-04 00:00:00,177.04999999999995
1993-06-07 00:00:00,176.3999999999999
1993-06-08 00:00:00,176.64999999999992
1993-06-09 00:00:00,176.64999999999992
1993-06-10 00:00:00,177.3499999999999
1993-06-11 00:00:00,175.49999999999991
1993-06-14 00:00:00,176.9999999999999
1993-06-15 00:00:00,179.5499999999999
1993-06-16 00:00:00,177.39999999999986
1993-06-17 00:00:00,180.09999999999985
1993-06-18 00:00:00,179.7999999999999
1993-06-21 00:00:00,178.6999999999999
1993-06-22 00:00:00,179.69999999999987
1993-06-23 00:00:00,180.19999999999987
1993-06-24 00:00:00,179.44999999999993
1993-06-25 00:00:00,178.1999999999999
1993-06-28 00:00:00,178.79999999999993
1993-06-29 00:00:00,176.94999999999993
1993-06-30 00:00:00,177.6999999999999
1993-07-01 00:00:00,178.59999999999988
1993-07-02 00:00:00,181.0499999999999
1993-07-06 00:00:00,187.9999999999999
1993-07-07 00:00:00,186.09999999999988
1993-07-08 00:00:00,186.6999999999999
1993-07-09 00:00:00,186.54999999999993
1993-07-12 00:00:00,185.89999999999984
1993-07-13 00:00:00,189.94999999999993
1993-07-14 00:00:00,187.5999999999999
1993-07-15 00:00:00,188.7499999999999
1993-07-16 00:00:00,187.5999999999999
1993-07-19 00:00:00,189.0999999999999
1993-07-20 00:00:00,188.64999999999986
1993-07-21 00:00:00,188.04999999999995
1993-07-22 00:00:00,189.2499999999999
1993-07-23 00:00:00,188.79999999999995
1993-07-26 00:00:00,187.79999999999995
1993-07-27 00:00:00,189.0999999999999
1993-07-28 00:00:00,189.79999999999995
1993-07-29 00:00:00,190.44999999999993
1993-07-30 00:00:00,192.89999999999986
1993-08-02 00:00:00,193.7499999999999
1993-08-03 00:00:00,195.4999999999999
1993-08-04 00:00:00,194.64999999999986
1993-08-05 00:00:00,195.2499999999999
1993-08-06 00:00:00,192.4999999999999
1993-08-09 00:00:00,193.19999999999993
1993-08-10 00:00:00,191.5999999999999
1993-08-11 00:00:00,186.79999999999993
1993-08-12 00:00:00,186.24999999999986
1993-08-13 00:00:00,185.79999999999993
1993-08-16 00:00:00,188.14999999999986
1993-08-17 00:00:00,187.79999999999995
1993-08-18 00:00:00,189.14999999999986
1993-08-19 00:00:00,188.8499999999999
1993-08-20 00:00:00,188.7499999999999
1993-08-23 00:00:00,192.04999999999995
1993-08-24 00:00:00,191.4999999999999
1993-08-25 00:00:00,192.8499999999999
1993-08-26 00:00:00,192.04999999999995
1993-08-27 00:00:00,192.94999999999993
1993-08-30 00:00:00,193.19999999999993
1993-08-31 00:00:00,191.69999999999993
1993-09-01 00:00:00,192.7499999999999
1993-09-02 00:00:00,191.79999999999995
1993-09-03 00:00:00,190.04999999999995
1993-09-07 00:00:00,192.04999999999995
1993-09-08 00:00:00,192.5999999999999
1993-09-09 00:00:00,195.9999999999999
1993-09-10 00:00:00,196.94999999999993
1993-09-13 00:00:00,195.3499999999999
1993-09-14 00:00:00,196.44999999999993
1993-09-15 00:00:00,195.89999999999986
1993-09-16 00:00:00,195.29999999999995
1993-09-17 00:00:00,196.64999999999986
1993-09-20 00:00:00,195.2499999999999
1993-09-21 00:00:00,190.89999999999986
1993-09-22 00:00:00,192.3499999999999
1993-09-23 00:00:00,195.44999999999993
1993-09-24 00:00:00,194.89999999999986
1993-09-27 00:00:00,191.29999999999995
1993-09-28 00:00:00,191.19999999999993
1993-09-29 00:00:00,189.44999999999993
1993-09-30 00:00:00,188.29999999999995
1993-10-01 00:00:00,187.29999999999995
1993-10-04 00:00:00,187.14999999999984
1993-10-05 00:00:00,185.6999999999999
1993-10-06 00:00:00,185.84999999999988
1993-10-07 00:00:00,185.84999999999988
1993-10-08 00:00:00,187.89999999999986
1993-10-11 00:00:00,188.8499999999999
1993-10-12 00:00:00,186.24999999999986
1993-10-13 00:00:00,186.84999999999988
1993-10-14 00:00:00,188.4999999999999
1993-10-15 00:00:00,188.89999999999986
1993-10-18 00:00:00,191.94999999999993
1993-10-19 00:00:00,190.0999999999999
1993-10-20 00:00:00,189.39999999999986
1993-10-21 00:00:00,191.29999999999995
1993-10-22 00:00:00,190.94999999999993
1993-10-25 00:00:00,188.04999999999995
1993-10-26 00:00:00,188.4999999999999
1993-10-27 00:00:00,190.14999999999986
1993-10-28 00:00:00,191.79999999999995
1993-10-29 00:00:00,193.0999999999999
1993-11-01 00:00:00,191.3499999999999
1993-11-02 00:00:00,192.64999999999986
1993-11-03 00:00:00,192.14999999999986
1993-11-04 00:00:00,189.04999999999984
1993-11-05 00:00:00,190.8499999999999
1993-11-08 00:00:00,189.4999999999999
1993-11-09 00:00:00,189.5999999999999
1993-11-10 00:00:00,189.9999999999999
1993-11-11 00:00:00,188.94999999999993
1993-11-12 00:00:00,186.89999999999984
1993-11-15 00:00:00,187.9999999999999
1993-11-16 00:00:00,189.8499999999999
1993-11-17 00:00:00,189.3499999999999
1993-11-18 00:00:00,192.2499999999999
1993-11-19 00:00:00,189.3499999999999
1993-11-22 00:00:00,188.54999999999984
1993-11-23 00:00:00,189.89999999999986
1993-11-24 00:00:00,189.7499999999999
1993-11-29 00:00:00,190.5999999999999
1993-11-30 00:00:00,188.79999999999984
1993-12-01 00:00:00,189.8499999999999
1993-12-02 00:00:00,187.4999999999999
1993-12-03 00:00:00,188.79999999999984
1993-12-06 00:00:00,187.14999999999984
1993-12-07 00:00:00,187.94999999999993
1993-12-08 00:00:00,188.3499999999999
1993-12-09 00:00:00,188.54999999999984
1993-12-10 00:00:00,190.44999999999993
1993-12-13 00:00:00,189.9999999999999
1993-12-14 00:00:00,191.29999999999984
1993-12-15 00:00:00,190.9999999999999
1993-12-16 00:00:00,190.14999999999986
1993-12-17 00:00:00,190.04999999999984
1993-12-20 00:00:00,187.44999999999993
1993-12-21 00:00:00,187.44999999999993
1993-12-22 00:00:00,187.4999999999999
1993-12-23 00:00:00,187.64999999999986
1993-12-27 00:00:00,188.39999999999986
1993-12-28 00:00:00,187.89999999999986
1993-12-29 00:00:00,186.09999999999988
1993-12-30 00:00:00,182.74999999999983
1994-01-03 00:00:00,183.6999999999999
1994-01-04 00:00:00,183.04999999999978
1994-01-05 00:00:00,182.74999999999983
1994-01-06 00:00:00,183.29999999999978
1994-01-07 00:00:00,183.6999999999999
1994-01-10 00:00:00,184.24999999999986
1994-01-11 00:00:00,182.8999999999998
1994-01-12 00:00:00,184.14999999999984
1994-01-13 00:00:00,184.64999999999984
1994-01-14 00:00:00,185.14999999999984
1994-01-17 00:00:00,184.89999999999984
1994-01-18 00:00:00,185.84999999999988
1994-01-19 00:00:00,183.6999999999999
1994-01-20 00:00:00,185.84999999999988
1994-01-21 00:00:00,185.4499999999999
1994-01-24 00:00:00,185.84999999999988
1994-01-25 00:00:00,185.6999999999999
1994-01-26 00:00:00,185.99999999999986
1994-01-27 00:00:00,185.59999999999988
1994-01-28 00:00:00,185.7999999999998
1994-01-31 00:00:00,183.59999999999988
1994-02-01 00:00:00,183.59999999999988
1994-02-02 00:00:00,184.14999999999984
1994-02-03 00:00:00,187.14999999999984
1994-02-04 00:00:00,187.8499999999999
1994-02-07 00:00:00,187.89999999999986
1994-02-08 00:00:00,186.84999999999988
1994-02-09 00:00:00,187.14999999999984
1994-02-10 00:00:00,187.09999999999988
1994-02-11 00:00:00,186.14999999999984
1994-02-14 00:00:00,186.1999999999999
1994-02-15 00:00:00,187.69999999999993
1994-02-16 00:00:00,186.99999999999986
1994-02-17 00:00:00,188.14999999999986
1994-02-18 00:00:00,188.44999999999993
1994-02-22 00:00:00,187.69999999999993
1994-02-23 00:00:00,187.69999999999993
1994-02-24 00:00:00,187.2499999999999
1994-02-25 00:00:00,187.44999999999993
1994-02-28 00:00:00,185.99999999999986
1994-03-01 00:00:00,186.24999999999986
1994-03-02 00:00:00,185.74999999999986
1994-03-03 00:00:00,186.6999999999999
1994-03-04 00:00:00,187.4999999999999
1994-03-07 00:00:00,188.4999999999999
1994-03-08 00:00:00,188.2499999999999
1994-03-09 00:00:00,188.8499999999999
1994-03-10 00:00:00,189.64999999999986
1994-03-11 00:00:00,188.39999999999986
1994-03-14 00:00:00,190.9999999999999
1994-03-15 00:00:00,190.9999999999999
1994-03-16 00:00:00,191.89999999999986
1994-03-17 00:00:00,191.69999999999993
1994-03-18 00:00:00,192.0999999999999
1994-03-21 00:00:00,191.3499999999999
1994-03-22 00:00:00,192.4999999999999
1994-03-23 00:00:00,192.8499999999999
1994-03-24 00:00:00,193.19999999999993
1994-03-25 00:00:00,192.4999999999999
1994-03-28 00:00:00,191.2499999999999
1994-03-29 00:00:00,190.79999999999984
1994-03-30 00:00:00,190.7499999999999
1994-03-31 00:00:00,191.79999999999984
1994-04-04 00:00:00,190.19999999999993
1994-04-05 00:00:00,190.0999999999999
1994-04-06 00:00:00,192.7499999999999
1994-04-07 00:00:00,193.69999999999993
1994-04-08 00:00:00,193.19999999999993
1994-04-11 00:00:00,193.9999999999999
1994-04-12 00:00:00,193.89999999999986
1994-04-13 00:00:00,192.94999999999993
1994-04-14 00:00:00,193.44999999999993
1994-04-15 00:00:00,190.14999999999986
1994-04-18 00:00:00,191.14999999999986
1994-04-19 00:00:00,190.4999999999999
1994-04-20 00:00:00,191.94999999999993
1994-04-21 00:00:00,192.04999999999984
1994-04-22 00:00:00,192.89999999999986
1994-04-25 00:00:00,192.79999999999984
1994-04-26 00:00:00,192.64999999999986
1994-04-28 00:00:00,196.5999999999999
1994-04-29 00:00:00,197.54999999999984
1994-05-02 00:00:00,197.89999999999986
1994-05-03 00:00:00,202.0999999999999
1994-05-04 00:00:00,202.94999999999993
1994-05-05 00:00:00,207.89999999999998
1994-05-06 00:00:00,212.2499999999999
1994-05-09 00:00:00,216.94999999999993
1994-05-10 00:00:00,217.64999999999998
1994-05-11 00:00:00,215.19999999999993
1994-05-12 00:00:00,217.5
1994-05-13 00:00:00,223.75
1994-05-16 00:00:00,236.10000000000002
1994-05-17 00:00:00,228.89999999999998
1994-05-18 00:00:00,233.0
1994-05-19 00:00:00,240.5999999999999
1994-05-20 00:00:00,238.94999999999993
1994-05-23 00:00:00,247.10000000000002
1994-05-24 00:00:00,241.14999999999986
1994-05-25 00:00:00,235.79999999999995
1994-05-26 00:00:00,225.8499999999999
1994-05-27 00:00:00,229.35000000000002
1994-05-31 00:00:00,234.04999999999995
1994-06-01 00:00:00,230.79999999999995
1994-06-02 00:00:00,233.94999999999993
1994-06-03 00:00:00,232.5
1994-06-06 00:00:00,227.79999999999995
1994-06-07 00:00:00,231.14999999999998
1994-06-08 00:00:00,236.29999999999995
1994-06-09 00:00:00,233.64999999999998
1994-06-10 00:00:00,234.5
1994-06-13 00:00:00,247.89999999999998
1994-06-14 00:00:00,248.10000000000002
1994-06-15 00:00:00,248.39999999999998
1994-06-16 00:00:00,244.19999999999993
1994-06-17 00:00:00,245.39999999999998
1994-06-20 00:00:00,242.04999999999995
1994-06-21 00:00:00,244.0999999999999
1994-06-22 00:00:00,240.04999999999995
1994-06-23 00:00:00,238.89999999999998
1994-06-24 00:00:00,238.29999999999995
1994-06-27 00:00:00,271.79999999999995
1994-06-28 00:00:00,283.15
1994-06-29 00:00:00,300.05000000000007
1994-06-30 00:00:00,301.80000000000007
1994-07-01 00:00:00,305.35
1994-07-05 00:00:00,296.55000000000007
1994-07-06 00:00:00,304.70000000000005
1994-07-07 00:00:00,303.55000000000007
1994-07-08 00:00:00,298.55000000000007
1994-07-11 00:00:00,345.54999999999995
1994-07-12 00:00:00,357.0
1994-07-13 00:00:00,355.04999999999995
1994-07-14 00:00:00,345.79999999999995
1994-07-15 00:00:00,349.04999999999995
1994-07-18 00:00:00,351.25
1994-07-19 00:00:00,343.69999999999993
1994-07-20 00:00:00,330.7499999999999
1994-07-21 00:00:00,339.4
1994-07-22 00:00:00,329.5999999999999
1994-07-25 00:00:00,319.4
1994-07-26 00:00:00,318.29999999999995
1994-07-27 00:00:00,321.15
1994-07-28 00:00:00,312.6
1994-07-29 00:00:00,312.94999999999993
1994-08-01 00:00:00,321.79999999999995
1994-08-02 00:00:00,324.1
1994-08-03 00:00:00,320.7500000000001
1994-08-04 00:00:00,318.95000000000005
1994-08-05 00:00:00,313.20000000000005
1994-08-08 00:00:00,290.3000000000002
1994-08-09 00:00:00,293.2500000000001
1994-08-10 00:00:00,288.4000000000001
1994-08-11 00:00:00,294.95000000000016
1994-08-12 00:00:00,291.5500000000002
1994-08-15 00:00:00,305.1500000000001
1994-08-16 00:00:00,303.70000000000005
1994-08-17 00:00:00,291.45000000000016
1994-08-18 00:00:00,295.0000000000001
1994-08-19 00:00:00,290.5000000000001
1994-08-22 00:00:00,296.20000000000016
1994-08-23 00:00:00,304.30000000000007
1994-08-24 00:00:00,301.45000000000005
1994-08-25 00:00:00,304.5000000000001
1994-08-26 00:00:00,317.85
1994-08-29 00:00:00,321.1
1994-08-30 00:00:00,320.0
1994-08-31 00:00:00,317.6
1994-09-01 00:00:00,318.80000000000007
1994-09-02 00:00:00,316.6
1994-09-06 00:00:00,324.4
1994-09-07 00:00:00,323.15
1994-09-08 00:00:00,322.25
1994-09-09 00:00:00,323.69999999999993
1994-09-12 00:00:00,330.70000000000005
1994-09-13 00:00:00,328.9
1994-09-14 00:00:00,319.4
1994-09-15 00:00:00,319.1
1994-09-16 00:00:00,328.5
1994-09-19 00:00:00,333.2500000000001
1994-09-20 00:00:00,334.70000000000005
1994-09-21 00:00:00,338.05000000000007
1994-09-22 00:00:00,334.25
1994-09-23 00:00:00,336.35
1994-09-26 00:00:00,333.30000000000007
1994-09-27 00:00:00,326.65
1994-09-28 00:00:00,321.20000000000005
1994-09-29 00:00:00,322.79999999999995
1994-09-30 00:00:00,315.54999999999995
1994-10-03 00:00:00,316.30000000000007
1994-10-04 00:00:00,320.85
1994-10-05 00:00:00,321.75
1994-10-06 00:00:00,312.45000000000005
1994-10-07 00:00:00,299.60000000000014
1994-10-10 00:00:00,286.45000000000016
1994-10-11 00:00:00,291.10000000000014
1994-10-12 00:00:00,297.60000000000014
1994-10-13 00:00:00,301.30000000000007
1994-10-14 00:00:00,295.0500000000002
1994-10-17 00:00:00,310.55000000000007
1994-10-18 00:00:00,301.60000000000014
1994-10-19 00:00:00,308.30000000000007
1994-10-20 00:00:00,309.35
1994-10-21 00:00:00,302.2500000000001
1994-10-24 00:00:00,303.45000000000005
1994-10-25 00:00:00,302.1500000000001
1994-10-26 00:00:00,297.5000000000001
1994-10-27 00:00:00,296.10000000000014
1994-10-28 00:00:00,296.20000000000016
1994-10-31 00:00:00,294.10000000000014
1994-11-01 00:00:00,293.10000000000014
1994-11-02 00:00:00,284.85000000000014
1994-11-03 00:00:00,287.3000000000002
1994-11-04 00:00:00,290.10000000000014
1994-11-07 00:00:00,290.6500000000002
1994-11-08 00:00:00,295.7500000000001
1994-11-09 00:00:00,293.5000000000001
1994-11-10 00:00:00,290.70000000000016
1994-11-11 00:00:00,290.95000000000016
1994-11-14 00:00:00,283.9000000000001
1994-11-15 00:00:00,278.6500000000001
1994-11-16 00:00:00,283.0000000000001
1994-11-17 00:00:00,278.5000000000001
1994-11-18 00:00:00,274.1
1994-11-21 00:00:00,265.45000000000005
1994-11-22 00:00:00,267.20000000000005
1994-11-23 00:00:00,265.30000000000007
1994-11-28 00:00:00,266.85
1994-11-29 00:00:00,263.95000000000005
1994-11-30 00:00:00,262.55000000000007
1994-12-01 00:00:00,263.45000000000005
1994-12-02 00:00:00,262.75
1994-12-05 00:00:00,265.1
1994-12-06 00:00:00,267.25
1994-12-07 00:00:00,266.6500000000001
1994-12-08 00:00:00,266.20000000000005
1994-12-09 00:00:00,264.5
1994-12-12 00:00:00,267.55000000000007
1994-12-13 00:00:00,255.35000000000002
1994-12-14 00:00:00,248.85000000000002
1994-12-15 00:00:00,252.1500000000001
1994-12-16 00:00:00,260.30000000000007
1994-12-19 00:00:00,260.6
1994-12-20 00:00:00,263.4000000000001
1994-12-21 00:00:00,275.5
1994-12-22 00:00:00,273.5
1994-12-23 00:00:00,274.20000000000005
1994-12-27 00:00:00,274.1500000000001
1994-12-28 00:00:00,275.95000000000005
1994-12-29 00:00:00,275.6
1994-12-30 00:00:00,270.6
1995-01-03 00:00:00,269.5
1995-01-04 00:00:00,269.75
1995-01-05 00:00:00,274.30000000000007
1995-01-06 00:00:00,276.70000000000005
1995-01-09 00:00:00,270.85
1995-01-10 00:00:00,270.75
1995-01-11 00:00:00,266.45000000000005
1995-01-12 00:00:00,269.45000000000005
1995-01-13 00:00:00,271.55000000000007
1995-01-16 00:00:00,270.20000000000005
1995-01-17 00:00:00,272.05000000000007
1995-01-18 00:00:00,276.0
1995-01-19 00:00:00,274.1
1995-01-20 00:00:00,271.6
1995-01-23 00:00:00,271.30000000000007
1995-01-24 00:00:00,268.35
1995-01-25 00:00:00,267.15
1995-01-26 00:00:00,268.75
1995-01-27 00:00:00,263.4000000000001
1995-01-30 00:00:00,259.20000000000005
1995-01-31 00:00:00,257.75
1995-02-01 00:00:00,257.70000000000005
1995-02-02 00:00:00,260.20000000000005
1995-02-03 00:00:00,256.35
1995-02-06 00:00:00,255.75
1995-02-07 00:00:00,256.0000000000001
1995-02-08 00:00:00,259.0
1995-02-09 00:00:00,261.0
1995-02-10 00:00:00,264.70000000000005
1995-02-13 00:00:00,264.30000000000007
1995-02-14 00:00:00,266.6
1995-02-15 00:00:00,267.0
1995-02-16 00:00:00,263.35
1995-02-17 00:00:00,269.6500000000001
1995-02-21 00:00:00,270.05000000000007
1995-02-22 00:00:00,269.4000000000001
1995-02-23 00:00:00,269.6500000000001
1995-02-24 00:00:00,274.6
1995-02-27 00:00:00,283.9000000000001
1995-02-28 00:00:00,281.30000000000007
1995-03-01 00:00:00,286.70000000000016
1995-03-02 00:00:00,282.70000000000016
1995-03-03 00:00:00,279.85000000000014
1995-03-06 00:00:00,279.80000000000007
1995-03-07 00:00:00,279.70000000000016
1995-03-08 00:00:00,281.4000000000001
1995-03-09 00:00:00,283.30000000000007
1995-03-10 00:00:00,287.8000000000002
1995-03-13 00:00:00,282.20000000000005
1995-03-14 00:00:00,282.45000000000016
1995-03-15 00:00:00,278.85000000000014
1995-03-16 00:00:00,271.25
1995-03-17 00:00:00,269.20000000000005
1995-03-20 00:00:00,268.55000000000007
1995-03-21 00:00:00,271.5
1995-03-22 00:00:00,269.6
1995-03-23 00:00:00,265.70000000000005
1995-03-24 00:00:00,267.6500000000001
1995-03-27 00:00:00,267.75
1995-03-28 00:00:00,267.55000000000007
1995-03-29 00:00:00,267.30000000000007
1995-03-30 00:00:00,264.1
1995-03-31 00:00:00,266.35000000000014
1995-04-03 00:00:00,265.2500000000001
1995-04-04 00:00:00,264.95000000000005
1995-04-05 00:00:00,267.35
1995-04-06 00:00:00,266.85000000000014
1995-04-07 00:00:00,267.1500000000001
1995-04-10 00:00:00,267.1500000000001
1995-04-11 00:00:00,265.95000000000005
1995-04-12 00:00:00,265.7500000000001
1995-04-13 00:00:00,262.9000000000001
1995-04-17 00:00:00,264.6500000000001
1995-04-18 00:00:00,266.6500000000001
1995-04-19 00:00:00,271.10000000000014
1995-04-20 00:00:00,271.45000000000005
1995-04-21 00:00:00,274.6
1995-04-24 00:00:00,276.6
1995-04-25 00:00:00,276.6500000000001
1995-04-26 00:00:00,275.7500000000001
1995-04-27 00:00:00,273.7500000000001
1995-04-28 00:00:00,272.45000000000005
1995-05-01 00:00:00,271.45000000000005
1995-05-02 00:00:00,270.1500000000001
1995-05-03 00:00:00,274.6
1995-05-04 00:00:00,273.9000000000001
1995-05-05 00:00:00,273.1500000000001
1995-05-08 00:00:00,272.30000000000007
1995-05-09 00:00:00,273.10000000000014
1995-05-10 00:00:00,273.10000000000014
1995-05-11 00:00:00,268.20000000000005
1995-05-12 00:00:00,266.4000000000001
1995-05-15 00:00:00,268.35
1995-05-16 00:00:00,265.7500000000001
1995-05-17 00:00:00,268.6500000000001
1995-05-18 00:00:00,264.70000000000005
1995-05-19 00:00:00,265.4000000000001
1995-05-22 00:00:00,260.6500000000001
1995-05-23 00:00:00,253.7500000000001
1995-05-24 00:00:00,249.35000000000014
1995-05-25 00:00:00,253.1500000000001
1995-05-26 00:00:00,250.4000000000001
1995-05-30 00:00:00,252.35000000000014
1995-05-31 00:00:00,252.1500000000001
1995-06-01 00:00:00,256.85
1995-06-02 00:00:00,257.6
1995-06-05 00:00:00,256.4000000000001
1995-06-06 00:00:00,254.45000000000016
1995-06-07 00:00:00,248.0000000000001
1995-06-08 00:00:00,249.20000000000005
1995-06-09 00:00:00,249.7500000000001
1995-06-12 00:00:00,251.1500000000001
1995-06-13 00:00:00,243.70000000000005
1995-06-14 00:00:00,244.0
1995-06-15 00:00:00,250.9000000000001
1995-06-16 00:00:00,246.7500000000001
1995-06-19 00:00:00,243.79999999999995
1995-06-20 00:00:00,246.14999999999998
1995-06-21 00:00:00,245.5
1995-06-22 00:00:00,245.70000000000005
1995-06-23 00:00:00,240.29999999999995
1995-06-26 00:00:00,233.80000000000007
1995-06-27 00:00:00,233.45000000000005
1995-06-28 00:00:00,234.70000000000005
1995-06-29 00:00:00,232.2500000000001
1995-06-30 00:00:00,225.6500000000001
1995-07-05 00:00:00,221.5000000000001
1995-07-06 00:00:00,216.39999999999998
1995-07-07 00:00:00,225.20000000000005
1995-07-10 00:00:00,232.70000000000005
1995-07-11 00:00:00,231.80000000000007
1995-07-12 00:00:00,233.95000000000005
1995-07-13 00:00:00,234.55000000000007
1995-07-14 00:00:00,240.04999999999995
1995-07-17 00:00:00,234.6500000000001
1995-07-18 00:00:00,234.05000000000007
1995-07-19 00:00:00,234.9000000000001
1995-07-20 00:00:00,237.55000000000007
1995-07-21 00:00:00,243.64999999999998
1995-07-24 00:00:00,242.05000000000007
1995-07-25 00:00:00,242.70000000000005
1995-07-26 00:00:00,247.6500000000001
1995-07-27 00:00:00,242.95000000000005
1995-07-28 00:00:00,238.6500000000001
1995-07-31 00:00:00,241.05000000000007
1995-08-01 00:00:00,237.35000000000002
1995-08-02 00:00:00,239.2500000000001
1995-08-03 00:00:00,239.85000000000002
1995-08-04 00:00:00,239.2500000000001
1995-08-07 00:00:00,238.5000000000001
1995-08-08 00:00:00,240.0
1995-08-09 00:00:00,239.45000000000005
1995-08-10 00:00:00,241.70000000000005
1995-08-11 00:00:00,241.64999999999998
1995-08-14 00:00:00,240.70000000000005
1995-08-15 00:00:00,241.79999999999995
1995-08-16 00:00:00,242.70000000000005
1995-08-17 00:00:00,241.14999999999998
1995-08-18 00:00:00,240.29999999999995
1995-08-21 00:00:00,244.05000000000007
1995-08-22 00:00:00,248.0000000000001
1995-08-23 00:00:00,249.60000000000002
1995-08-24 00:00:00,248.20000000000005
1995-08-25 00:00:00,252.20000000000016
1995-08-28 00:00:00,252.1500000000001
1995-08-29 00:00:00,251.05000000000007
1995-08-30 00:00:00,244.54999999999995
1995-08-31 00:00:00,243.85000000000002
1995-09-01 00:00:00,247.5000000000001
1995-09-05 00:00:00,245.45000000000005
1995-09-06 00:00:00,241.95000000000005
1995-09-07 00:00:00,236.10000000000002
1995-09-08 00:00:00,233.20000000000005
1995-09-11 00:00:00,230.1500000000001
1995-09-12 00:00:00,223.5000000000001
1995-09-13 00:00:00,223.35000000000002
1995-09-14 00:00:00,225.20000000000005
1995-09-15 00:00:00,226.10000000000002
1995-09-18 00:00:00,220.55000000000007
1995-09-19 00:00:00,215.39999999999998
1995-09-20 00:00:00,219.20000000000005
1995-09-21 00:00:00,224.05000000000007
1995-09-22 00:00:00,221.95000000000005
1995-09-25 00:00:00,212.45000000000005
1995-09-26 00:00:00,216.14999999999998
1995-09-27 00:00:00,211.55000000000007
1995-09-28 00:00:00,211.60000000000002
1995-09-29 00:00:00,213.60000000000002
1995-10-02 00:00:00,218.1500000000001
1995-10-03 00:00:00,218.1500000000001
1995-10-04 00:00:00,219.5000000000001
1995-10-05 00:00:00,219.85000000000002
1995-10-06 00:00:00,214.45000000000005
1995-10-09 00:00:00,210.4000000000001
1995-10-10 00:00:00,214.14999999999998
1995-10-11 00:00:00,216.25
1995-10-12 00:00:00,215.0
1995-10-13 00:00:00,218.4000000000001
1995-10-16 00:00:00,222.25
1995-10-17 00:00:00,218.55000000000007
1995-10-18 00:00:00,219.9000000000001
1995-10-19 00:00:00,221.80000000000007
1995-10-20 00:00:00,221.30000000000007
1995-10-23 00:00:00,222.70000000000005
1995-10-24 00:00:00,220.95000000000005
1995-10-25 00:00:00,218.10000000000002
1995-10-26 00:00:00,219.7500000000001
1995-10-27 00:00:00,219.10000000000002
1995-10-30 00:00:00,216.89999999999998
1995-10-31 00:00:00,217.9000000000001
1995-11-01 00:00:00,218.70000000000005
1995-11-02 00:00:00,220.1500000000001
1995-11-03 00:00:00,221.55000000000007
1995-11-06 00:00:00,221.35000000000002
1995-11-07 00:00:00,220.70000000000005
1995-11-08 00:00:00,223.0000000000001
1995-11-09 00:00:00,222.35000000000002
1995-11-10 00:00:00,222.4000000000001
1995-11-13 00:00:00,224.0000000000001
1995-11-14 00:00:00,219.20000000000005
1995-11-15 00:00:00,221.10000000000002
1995-11-16 00:00:00,217.95000000000005
1995-11-17 00:00:00,218.55000000000007
1995-11-20 00:00:00,214.10000000000002
1995-11-21 00:00:00,212.75
1995-11-22 00:00:00,209.95000000000005
1995-11-27 00:00:00,210.85000000000002
1995-11-28 00:00:00,208.20000000000005
1995-11-29 00:00:00,207.20000000000005
1995-11-30 00:00:00,203.75
1995-12-01 00:00:00,203.29999999999995
1995-12-04 00:00:00,202.79999999999995
1995-12-05 00:00:00,204.35000000000002
1995-12-06 00:00:00,200.89999999999998
1995-12-07 00:00:00,202.45000000000005
1995-12-08 00:00:00,200.45000000000005
1995-12-11 00:00:00,201.25
1995-12-12 00:00:00,201.54999999999995
1995-12-13 00:00:00,203.60000000000002
1995-12-14 00:00:00,205.55000000000007
1995-12-15 00:00:00,206.6500000000001
1995-12-18 00:00:00,201.0
1995-12-19 00:00:00,198.39999999999998
1995-12-20 00:00:00,194.60000000000002
1995-12-21 00:00:00,195.60000000000002
1995-12-22 00:00:00,195.25
1995-12-27 00:00:00,194.10000000000002
1995-12-28 00:00:00,192.79999999999995
1995-12-29 00:00:00,193.79999999999995
1996-01-02 00:00:00,190.14999999999998
1996-01-03 00:00:00,192.64999999999998
1996-01-04 00:00:00,196.75
1996-01-05 00:00:00,195.14999999999998
1996-01-10 00:00:00,196.79999999999995
1996-01-11 00:00:00,201.95000000000005
1996-01-12 00:00:00,201.60000000000002
1996-01-15 00:00:00,197.85000000000002
1996-01-16 00:00:00,202.79999999999995
1996-01-17 00:00:00,203.20000000000005
1996-01-18 00:00:00,204.29999999999995
1996-01-19 00:00:00,203.54999999999995
1996-01-22 00:00:00,206.4000000000001
1996-01-23 00:00:00,205.9000000000001
1996-01-24 00:00:00,207.80000000000007
1996-01-25 00:00:00,210.6500000000001
1996-01-26 00:00:00,215.85000000000002
1996-01-29 00:00:00,222.35000000000002
1996-01-30 00:00:00,218.45000000000005
1996-01-31 00:00:00,226.95000000000005
1996-02-01 00:00:00,224.6500000000001
1996-02-02 00:00:00,221.25
1996-02-05 00:00:00,218.4000000000001
1996-02-06 00:00:00,217.14999999999998
1996-02-07 00:00:00,216.70000000000005
1996-02-08 00:00:00,221.35000000000002
1996-02-09 00:00:00,223.2500000000001
1996-02-12 00:00:00,219.55000000000007
1996-02-13 00:00:00,220.60000000000002
1996-02-14 00:00:00,221.05000000000007
1996-02-15 00:00:00,223.05000000000007
1996-02-16 00:00:00,222.6500000000001
1996-02-20 00:00:00,221.75
1996-02-21 00:00:00,223.45000000000005
1996-02-22 00:00:00,222.45000000000005
1996-02-23 00:00:00,215.64999999999998
1996-02-26 00:00:00,213.89999999999998
1996-02-27 00:00:00,215.0
1996-02-28 00:00:00,213.10000000000002
1996-02-29 00:00:00,216.04999999999995
1996-03-01 00:00:00,210.95000000000005
1996-03-04 00:00:00,211.80000000000007
1996-03-05 00:00:00,214.35000000000002
1996-03-06 00:00:00,213.14999999999998
1996-03-07 00:00:00,212.85000000000002
1996-03-08 00:00:00,212.20000000000005
1996-03-11 00:00:00,213.14999999999998
1996-03-12 00:00:00,216.10000000000002
1996-03-13 00:00:00,214.85000000000002
1996-03-14 00:00:00,217.9000000000001
1996-03-15 00:00:00,218.60000000000002
1996-03-18 00:00:00,221.0
1996-03-19 00:00:00,219.20000000000005
1996-03-20 00:00:00,217.85000000000002
1996-03-21 00:00:00,220.1500000000001
1996-03-22 00:00:00,219.85000000000002
1996-03-25 00:00:00,219.35000000000002
1996-03-26 00:00:00,223.60000000000002
1996-03-27 00:00:00,221.9000000000001
1996-03-28 00:00:00,221.55000000000007
1996-03-29 00:00:00,215.60000000000002
1996-04-01 00:00:00,214.64999999999998
1996-04-02 00:00:00,215.64999999999998
1996-04-03 00:00:00,215.45000000000005
1996-04-04 00:00:00,215.5
1996-04-08 00:00:00,214.5
1996-04-09 00:00:00,215.55000000000007
1996-04-10 00:00:00,219.0
1996-04-11 00:00:00,217.5000000000001
1996-04-12 00:00:00,215.60000000000002
1996-04-15 00:00:00,215.29999999999995
1996-04-16 00:00:00,215.95000000000005
1996-04-17 00:00:00,217.6500000000001
1996-04-18 00:00:00,219.25
1996-04-19 00:00:00,218.70000000000005
1996-04-22 00:00:00,231.35000000000002
1996-04-23 00:00:00,227.30000000000007
1996-04-24 00:00:00,227.4000000000001
1996-04-25 00:00:00,225.85000000000002
1996-04-26 00:00:00,227.35000000000002
1996-04-29 00:00:00,222.9000000000001
1996-04-30 00:00:00,224.85000000000002
1996-05-01 00:00:00,227.4000000000001
1996-05-02 00:00:00,227.70000000000005
1996-05-03 00:00:00,227.95000000000005
1996-05-06 00:00:00,225.60000000000002
1996-05-07 00:00:00,226.80000000000007
1996-05-08 00:00:00,229.1500000000001
1996-05-09 00:00:00,227.4000000000001
1996-05-10 00:00:00,227.45000000000005
1996-05-13 00:00:00,226.45000000000005
1996-05-14 00:00:00,227.05000000000007
1996-05-15 00:00:00,226.85000000000002
1996-05-16 00:00:00,229.10000000000002
1996-05-17 00:00:00,229.05000000000007
1996-05-20 00:00:00,226.4000000000001
1996-05-21 00:00:00,224.60000000000002
1996-05-22 00:00:00,220.85000000000002
1996-05-23 00:00:00,218.2500000000001
1996-05-24 00:00:00,218.05000000000007
1996-05-28 00:00:00,217.25
1996-05-29 00:00:00,217.70000000000005
1996-05-30 00:00:00,216.25
1996-05-31 00:00:00,216.5
1996-06-03 00:00:00,212.80000000000007
1996-06-04 00:00:00,213.60000000000002
1996-06-05 00:00:00,214.25
1996-06-06 00:00:00,213.39999999999998
1996-06-07 00:00:00,215.5
1996-06-10 00:00:00,217.25
1996-06-11 00:00:00,216.80000000000007
1996-06-12 00:00:00,218.35000000000014
1996-06-13 00:00:00,215.70000000000005
1996-06-14 00:00:00,216.25
1996-06-17 00:00:00,218.0000000000001
1996-06-18 00:00:00,219.05000000000007
1996-06-19 00:00:00,218.95000000000005
1996-06-20 00:00:00,218.45000000000005
1996-06-21 00:00:00,215.95000000000005
1996-06-24 00:00:00,219.05000000000007
1996-06-25 00:00:00,218.70000000000005
1996-06-26 00:00:00,219.80000000000007
1996-06-27 00:00:00,220.35000000000002
1996-06-28 00:00:00,222.60000000000002
1996-07-01 00:00:00,221.9000000000001
1996-07-02 00:00:00,219.0000000000001
1996-07-03 00:00:00,217.6500000000001
1996-07-08 00:00:00,219.60000000000002
1996-07-09 00:00:00,215.39999999999998
1996-07-10 00:00:00,217.20000000000005
1996-07-11 00:00:00,217.35000000000002
1996-07-12 00:00:00,213.10000000000002
1996-07-15 00:00:00,207.55000000000007
1996-07-16 00:00:00,204.10000000000002
1996-07-17 00:00:00,208.05000000000007
1996-07-18 00:00:00,211.10000000000002
1996-07-19 00:00:00,209.85000000000002
1996-07-22 00:00:00,205.20000000000005
1996-07-23 00:00:00,205.45000000000005
1996-07-24 00:00:00,205.25
1996-07-25 00:00:00,204.10000000000002
1996-07-26 00:00:00,205.20000000000005
1996-07-29 00:00:00,206.55000000000007
1996-07-30 00:00:00,206.4000000000001
1996-07-31 00:00:00,207.55000000000007
1996-08-01 00:00:00,207.85000000000002
1996-08-02 00:00:00,208.45000000000005
1996-08-05 00:00:00,209.20000000000005
1996-08-06 00:00:00,210.10000000000002
1996-08-07 00:00:00,209.70000000000005
1996-08-08 00:00:00,214.35000000000002
1996-08-09 00:00:00,212.70000000000005
1996-08-12 00:00:00,214.0
1996-08-13 00:00:00,218.60000000000002
1996-08-14 00:00:00,217.85000000000002
1996-08-15 00:00:00,218.0000000000001
1996-08-16 00:00:00,218.4000000000001
1996-08-19 00:00:00,220.1500000000001
1996-08-20 00:00:00,221.9000000000001
1996-08-21 00:00:00,223.85000000000002
1996-08-22 00:00:00,227.6500000000001
1996-08-23 00:00:00,229.4000000000001
1996-08-26 00:00:00,232.05000000000007
1996-08-27 00:00:00,226.05000000000007
1996-08-28 00:00:00,223.4000000000001
1996-08-29 00:00:00,223.9000000000001
1996-08-30 00:00:00,225.10000000000002
1996-09-03 00:00:00,220.1500000000001
1996-09-04 00:00:00,219.64999999999998
1996-09-05 00:00:00,218.45000000000005
1996-09-06 00:00:00,219.75
1996-09-09 00:00:00,218.05000000000007
1996-09-10 00:00:00,218.1500000000001
1996-09-11 00:00:00,213.75
1996-09-12 00:00:00,212.05000000000007
1996-09-13 00:00:00,211.55000000000007
1996-09-16 00:00:00,212.20000000000005
1996-09-17 00:00:00,212.70000000000005
1996-09-18 00:00:00,211.25
1996-09-19 00:00:00,210.45000000000005
1996-09-20 00:00:00,210.45000000000005
1996-09-23 00:00:00,211.4000000000001
1996-09-24 00:00:00,212.85000000000002
1996-09-25 00:00:00,213.30000000000007
1996-09-26 00:00:00,212.54999999999995
1996-09-27 00:00:00,212.10000000000002
1996-09-30 00:00:00,209.80000000000007
1996-10-01 00:00:00,211.60000000000002
1996-10-02 00:00:00,212.25
1996-10-03 00:00:00,214.29999999999995
1996-10-04 00:00:00,216.64999999999998
1996-10-07 00:00:00,219.55000000000007
1996-10-08 00:00:00,219.35000000000002
1996-10-09 00:00:00,220.4000000000001
1996-10-10 00:00:00,221.75
1996-10-11 00:00:00,223.1500000000001
1996-10-14 00:00:00,221.95000000000005
1996-10-15 00:00:00,221.05000000000007
1996-10-16 00:00:00,219.05000000000007
1996-10-17 00:00:00,216.75
1996-10-18 00:00:00,215.95000000000005
1996-10-21 00:00:00,219.85000000000002
1996-10-22 00:00:00,224.45000000000005
1996-10-23 00:00:00,226.1500000000001
1996-10-24 00:00:00,224.30000000000007
1996-10-25 00:00:00,222.85000000000002
1996-10-28 00:00:00,225.95000000000005
1996-10-29 00:00:00,223.20000000000005
1996-10-30 00:00:00,226.0
1996-10-31 00:00:00,224.05000000000007
1996-11-01 00:00:00,224.4000000000001
1996-11-04 00:00:00,225.0000000000001
1996-11-05 00:00:00,225.85000000000014
1996-11-06 00:00:00,229.35000000000002
1996-11-07 00:00:00,230.30000000000007
1996-11-08 00:00:00,229.80000000000007
1996-11-11 00:00:00,227.05000000000007
1996-11-12 00:00:00,228.35000000000002
1996-11-13 00:00:00,229.30000000000007
1996-11-14 00:00:00,230.35000000000014
1996-11-15 00:00:00,232.2500000000001
1996-11-18 00:00:00,230.60000000000014
1996-11-19 00:00:00,231.9000000000001
1996-11-20 00:00:00,231.05000000000007
1996-11-21 00:00:00,226.80000000000007
1996-11-22 00:00:00,227.45000000000005
1996-11-25 00:00:00,225.55000000000007
1996-11-26 00:00:00,226.05000000000007
1996-11-27 00:00:00,225.70000000000005
1996-12-02 00:00:00,224.0000000000001
1996-12-03 00:00:00,223.05000000000007
1996-12-04 00:00:00,222.1500000000001
1996-12-05 00:00:00,221.4000000000001
1996-12-06 00:00:00,221.20000000000005
1996-12-09 00:00:00,223.55000000000007
1996-12-10 00:00:00,226.1500000000001
1996-12-11 00:00:00,226.05000000000007
1996-12-12 00:00:00,227.80000000000007
1996-12-13 00:00:00,229.1500000000001
1996-12-16 00:00:00,227.9000000000001
1996-12-17 00:00:00,227.85000000000002
1996-12-18 00:00:00,229.85000000000002
1996-12-19 00:00:00,228.1500000000001
1996-12-20 00:00:00,230.10000000000014
1996-12-23 00:00:00,231.05000000000007
1996-12-24 00:00:00,232.70000000000005
1996-12-27 00:00:00,234.1500000000001
1996-12-30 00:00:00,233.9000000000001
1996-12-31 00:00:00,234.85000000000014
1997-01-02 00:00:00,234.60000000000014
1997-01-03 00:00:00,234.20000000000005
1997-01-06 00:00:00,232.0000000000001
1997-01-07 00:00:00,237.30000000000007
1997-01-08 00:00:00,236.85000000000014
1997-01-09 00:00:00,237.30000000000007
1997-01-10 00:00:00,237.55000000000007
1997-01-13 00:00:00,236.4000000000001
1997-01-14 00:00:00,240.14999999999998
1997-01-15 00:00:00,240.55000000000007
1997-01-16 00:00:00,241.0
1997-01-17 00:00:00,241.95000000000005
1997-01-20 00:00:00,247.20000000000005
1997-01-21 00:00:00,247.60000000000014
1997-01-22 00:00:00,253.2500000000001
1997-01-23 00:00:00,258.0000000000001
1997-01-24 00:00:00,254.85000000000014
1997-01-27 00:00:00,254.55000000000018
1997-01-28 00:00:00,257.45000000000005
1997-01-29 00:00:00,262.55000000000007
1997-01-30 00:00:00,258.1500000000001
1997-01-31 00:00:00,258.6
1997-02-03 00:00:00,264.2500000000001
1997-02-04 00:00:00,266.20000000000005
1997-02-05 00:00:00,262.85
1997-02-06 00:00:00,268.45000000000005
1997-02-07 00:00:00,269.6500000000001
1997-02-10 00:00:00,278.10000000000014
1997-02-11 00:00:00,281.20000000000005
1997-02-12 00:00:00,286.60000000000014
1997-02-13 00:00:00,292.6500000000002
1997-02-14 00:00:00,290.6500000000002
1997-02-18 00:00:00,280.9000000000001
1997-02-19 00:00:00,289.95000000000016
1997-02-20 00:00:00,290.0500000000002
1997-02-21 00:00:00,285.5000000000001
1997-02-24 00:00:00,285.3000000000002
1997-02-25 00:00:00,286.9000000000002
1997-02-26 00:00:00,296.5000000000001
1997-02-27 00:00:00,294.7500000000001
1997-02-28 00:00:00,300.5000000000001
1997-03-03 00:00:00,308.5000000000001
1997-03-04 00:00:00,318.9000000000001
1997-03-05 00:00:00,324.30000000000007
1997-03-06 00:00:00,317.35000000000014
1997-03-07 00:00:00,313.45000000000005
1997-03-10 00:00:00,322.95000000000005
1997-03-11 00:00:00,326.80000000000007
1997-03-12 00:00:00,319.7500000000001
1997-03-13 00:00:00,305.9000000000001
1997-03-14 00:00:00,310.0000000000001
1997-03-17 00:00:00,292.3000000000002
1997-03-18 00:00:00,292.45000000000016
1997-03-19 00:00:00,291.7500000000001
1997-03-20 00:00:00,292.8000000000002
1997-03-21 00:00:00,289.4000000000002
1997-03-24 00:00:00,286.5500000000002
1997-03-25 00:00:00,302.95000000000005
1997-03-26 00:00:00,310.5000000000001
1997-03-27 00:00:00,313.45000000000005
1997-03-31 00:00:00,314.80000000000007
1997-04-01 00:00:00,316.80000000000007
1997-04-02 00:00:00,315.9000000000001
1997-04-03 00:00:00,304.0000000000001
1997-04-04 00:00:00,305.4000000000001
1997-04-07 00:00:00,305.70000000000016
1997-04-08 00:00:00,305.1500000000001
1997-04-09 00:00:00,313.80000000000007
1997-04-10 00:00:00,314.45000000000005
1997-04-11 00:00:00,312.85
1997-04-14 00:00:00,317.6500000000001
1997-04-15 00:00:00,315.30000000000007
1997-04-16 00:00:00,325.95000000000005
1997-04-17 00:00:00,328.15
1997-04-18 00:00:00,334.80000000000007
1997-04-21 00:00:00,334.70000000000005
1997-04-22 00:00:00,329.0
1997-04-23 00:00:00,334.05000000000007
1997-04-24 00:00:00,338.85
1997-04-25 00:00:00,333.9000000000001
1997-04-28 00:00:00,337.05000000000007
1997-04-29 00:00:00,339.60000000000014
1997-04-30 00:00:00,351.05000000000007
1997-05-01 00:00:00,363.54999999999995
1997-05-02 00:00:00,356.80000000000007
1997-05-05 00:00:00,359.15
1997-05-06 00:00:00,353.5000000000001
1997-05-07 00:00:00,352.05000000000007
1997-05-08 00:00:00,357.55000000000007
1997-05-09 00:00:00,358.55000000000007
1997-05-12 00:00:00,370.30000000000007
1997-05-13 00:00:00,381.80000000000007
1997-05-14 00:00:00,381.25
1997-05-15 00:00:00,395.85
1997-05-16 00:00:00,393.80000000000007
1997-05-19 00:00:00,386.9
1997-05-20 00:00:00,380.9
1997-05-21 00:00:00,393.75
1997-05-22 00:00:00,400.95000000000005
1997-05-23 00:00:00,397.5
1997-05-27 00:00:00,414.95000000000005
1997-05-28 00:00:00,436.1999999999997
1997-05-29 00:00:00,455.44999999999976
1997-05-30 00:00:00,417.04999999999995
1997-06-02 00:00:00,403.30000000000007
1997-06-03 00:00:00,411.79999999999995
1997-06-04 00:00:00,403.85
1997-06-05 00:00:00,388.15
1997-06-06 00:00:00,392.9
1997-06-09 00:00:00,402.3499999999999
1997-06-10 00:00:00,375.5
1997-06-11 00:00:00,368.8499999999999
1997-06-12 00:00:00,371.15
1997-06-13 00:00:00,361.5
1997-06-16 00:00:00,360.35
1997-06-17 00:00:00,369.44999999999993
1997-06-18 00:00:00,354.30000000000007
1997-06-19 00:00:00,358.6
1997-06-20 00:00:00,358.25
1997-06-23 00:00:00,354.20000000000005
1997-06-24 00:00:00,353.85
1997-06-25 00:00:00,358.9
1997-06-26 00:00:00,344.85
1997-06-27 00:00:00,348.05000000000007
1997-06-30 00:00:00,351.1500000000001
1997-07-01 00:00:00,354.0
1997-07-02 00:00:00,351.1
1997-07-03 00:00:00,347.1
1997-07-07 00:00:00,344.45000000000005
1997-07-08 00:00:00,350.4
1997-07-09 00:00:00,355.79999999999995
1997-07-10 00:00:00,340.45000000000005
1997-07-11 00:00:00,342.85
1997-07-14 00:00:00,340.75
1997-07-15 00:00:00,336.6
1997-07-16 00:00:00,340.25
1997-07-17 00:00:00,339.20000000000005
1997-07-18 00:00:00,343.05000000000007
1997-07-21 00:00:00,337.6
1997-07-22 00:00:00,347.85
1997-07-23 00:00:00,360.4
1997-07-24 00:00:00,359.15
1997-07-25 00:00:00,355.05000000000007
1997-07-28 00:00:00,367.0999999999999
1997-07-29 00:00:00,367.65
1997-07-30 00:00:00,364.4999999999999
1997-07-31 00:00:00,363.2499999999999
1997-08-01 00:00:00,363.69999999999993
1997-08-04 00:00:00,370.0999999999999
1997-08-05 00:00:00,376.1
1997-08-06 00:00:00,371.65
1997-08-07 00:00:00,377.65
1997-08-08 00:00:00,379.25
1997-08-11 00:00:00,376.15
1997-08-12 00:00:00,369.9
1997-08-13 00:00:00,366.89999999999986
1997-08-14 00:00:00,367.44999999999993
1997-08-15 00:00:00,363.2499999999999
1997-08-18 00:00:00,364.3499999999999
1997-08-19 00:00:00,368.54999999999995
1997-08-20 00:00:00,357.35
1997-08-21 00:00:00,363.3499999999999
1997-08-22 00:00:00,360.75
1997-08-25 00:00:00,362.0999999999999
1997-08-26 00:00:00,367.79999999999995
1997-08-27 00:00:00,373.65
1997-08-28 00:00:00,376.65
1997-08-29 00:00:00,381.29999999999995
1997-09-02 00:00:00,386.3499999999999
1997-09-03 00:00:00,390.9
1997-09-04 00:00:00,396.4
1997-09-05 00:00:00,390.25
1997-09-08 00:00:00,389.0999999999999
1997-09-09 00:00:00,384.9
1997-09-10 00:00:00,384.3499999999999
1997-09-11 00:00:00,389.5999999999999
1997-09-12 00:00:00,373.75
1997-09-15 00:00:00,374.29999999999995
1997-09-16 00:00:00,369.0999999999999
1997-09-17 00:00:00,374.8499999999999
1997-09-18 00:00:00,371.04999999999995
1997-09-19 00:00:00,375.54999999999995
1997-09-22 00:00:00,371.75
1997-09-23 00:00:00,370.25
1997-09-24 00:00:00,370.04999999999995
1997-09-25 00:00:00,367.39999999999986
1997-09-26 00:00:00,366.9999999999999
1997-09-29 00:00:00,362.14999999999986
1997-09-30 00:00:00,363.89999999999986
1997-10-01 00:00:00,363.7499999999999
1997-10-02 00:00:00,362.44999999999993
1997-10-03 00:00:00,363.3499999999999
1997-10-06 00:00:00,371.3499999999999
1997-10-07 00:00:00,363.54999999999995
1997-10-08 00:00:00,368.39999999999986
1997-10-09 00:00:00,365.14999999999986
1997-10-10 00:00:00,367.4999999999999
1997-10-13 00:00:00,369.29999999999995
1997-10-14 00:00:00,367.79999999999995
1997-10-15 00:00:00,367.44999999999993
1997-10-16 00:00:00,358.65
1997-10-17 00:00:00,351.70000000000005
1997-10-20 00:00:00,352.1
1997-10-21 00:00:00,351.6
1997-10-22 00:00:00,351.6
1997-10-23 00:00:00,353.6
1997-10-24 00:00:00,354.29999999999995
1997-10-27 00:00:00,355.0
1997-10-28 00:00:00,352.1
1997-10-29 00:00:00,352.0
1997-10-30 00:00:00,349.55000000000007
1997-10-31 00:00:00,350.05000000000007
1997-11-03 00:00:00,347.05000000000007
1997-11-04 00:00:00,347.95000000000005
1997-11-05 00:00:00,353.9000000000001
1997-11-06 00:00:00,349.25
1997-11-07 00:00:00,350.95000000000005
1997-11-10 00:00:00,354.95000000000005
1997-11-11 00:00:00,356.54999999999995
1997-11-12 00:00:00,357.75
1997-11-13 00:00:00,361.9
1997-11-14 00:00:00,361.54999999999995
1997-11-17 00:00:00,362.8499999999999
1997-11-18 00:00:00,366.15
1997-11-19 00:00:00,367.54999999999995
1997-11-20 00:00:00,362.9
1997-11-21 00:00:00,362.54999999999995
1997-11-24 00:00:00,364.44999999999993
1997-11-25 00:00:00,361.69999999999993
1997-11-26 00:00:00,365.15
1997-12-01 00:00:00,372.79999999999995
1997-12-02 00:00:00,378.6
1997-12-03 00:00:00,377.4
1997-12-04 00:00:00,379.9
1997-12-05 00:00:00,383.79999999999995
1997-12-08 00:00:00,384.44999999999993
1997-12-09 00:00:00,393.29999999999995
1997-12-10 00:00:00,392.69999999999993
1997-12-11 00:00:00,388.1
1997-12-12 00:00:00,390.0
1997-12-15 00:00:00,395.54999999999995
1997-12-16 00:00:00,377.19999999999993
1997-12-17 00:00:00,370.94999999999993
1997-12-18 00:00:00,375.15
1997-12-19 00:00:00,368.7499999999999
1997-12-22 00:00:00,367.15
1997-12-23 00:00:00,372.5
1997-12-24 00:00:00,369.9
1997-12-29 00:00:00,373.35
1997-12-30 00:00:00,374.9
1997-12-31 00:00:00,372.54999999999995
1998-01-05 00:00:00,380.79999999999995
1998-01-06 00:00:00,371.5
1998-01-07 00:00:00,372.19999999999993
1998-01-08 00:00:00,377.95000000000005
1998-01-09 00:00:00,372.15
1998-01-12 00:00:00,369.79999999999995
1998-01-13 00:00:00,374.54999999999995
1998-01-14 00:00:00,374.9
1998-01-15 00:00:00,378.29999999999995
1998-01-16 00:00:00,377.15
1998-01-20 00:00:00,388.15
1998-01-21 00:00:00,387.6
1998-01-22 00:00:00,386.94999999999993
1998-01-23 00:00:00,388.9
1998-01-26 00:00:00,383.44999999999993
1998-01-27 00:00:00,380.9
1998-01-28 00:00:00,385.85
1998-01-29 00:00:00,387.19999999999993
1998-01-30 00:00:00,385.54999999999995
1998-02-02 00:00:00,388.79999999999995
1998-02-03 00:00:00,386.65
1998-02-04 00:00:00,389.0999999999999
1998-02-05 00:00:00,390.69999999999993
1998-02-06 00:00:00,388.19999999999993
1998-02-09 00:00:00,384.54999999999995
1998-02-10 00:00:00,379.94999999999993
1998-02-11 00:00:00,378.5999999999999
1998-02-12 00:00:00,380.19999999999993
1998-02-13 00:00:00,379.4
1998-02-17 00:00:00,378.69999999999993
1998-02-18 00:00:00,384.5999999999999
1998-02-19 00:00:00,388.29999999999995
1998-02-20 00:00:00,388.9
1998-02-23 00:00:00,392.44999999999993
1998-02-24 00:00:00,386.0999999999999
1998-02-25 00:00:00,386.6
1998-02-26 00:00:00,382.0999999999999
1998-02-27 00:00:00,378.04999999999995
1998-03-02 00:00:00,374.19999999999993
1998-03-03 00:00:00,368.39999999999986
1998-03-04 00:00:00,368.04999999999995
1998-03-05 00:00:00,364.14999999999986
1998-03-06 00:00:00,362.4999999999999
1998-03-09 00:00:00,365.64999999999986
1998-03-10 00:00:00,364.8499999999999
1998-03-11 00:00:00,367.8499999999999
1998-03-12 00:00:00,363.39999999999986
1998-03-13 00:00:00,362.39999999999986
1998-03-16 00:00:00,365.94999999999993
1998-03-17 00:00:00,364.9999999999999
1998-03-18 00:00:00,361.75
1998-03-19 00:00:00,358.15
1998-03-20 00:00:00,362.5999999999999
1998-03-23 00:00:00,363.9999999999999
1998-03-24 00:00:00,362.29999999999995
1998-03-25 00:00:00,359.44999999999993
1998-03-26 00:00:00,362.14999999999986
1998-03-27 00:00:00,362.3499999999999
1998-03-30 00:00:00,361.9
1998-03-31 00:00:00,362.14999999999986
1998-04-01 00:00:00,359.8499999999999
1998-04-02 00:00:00,360.69999999999993
1998-04-03 00:00:00,357.8499999999999
1998-04-06 00:00:00,358.54999999999995
1998-04-07 00:00:00,358.44999999999993
1998-04-08 00:00:00,361.04999999999995
1998-04-09 00:00:00,362.54999999999984
1998-04-13 00:00:00,369.3499999999999
1998-04-14 00:00:00,370.25
1998-04-15 00:00:00,368.2499999999999
1998-04-16 00:00:00,367.39999999999986
1998-04-17 00:00:00,367.69999999999993
1998-04-20 00:00:00,367.64999999999986
1998-04-21 00:00:00,365.5999999999999
1998-04-22 00:00:00,365.3499999999999
1998-04-23 00:00:00,355.29999999999995
1998-04-24 00:00:00,353.6
1998-04-27 00:00:00,353.65
1998-04-28 00:00:00,354.6
1998-04-29 00:00:00,353.9
1998-04-30 00:00:00,353.6
1998-05-01 00:00:00,349.1
1998-05-04 00:00:00,350.0
1998-05-05 00:00:00,354.70000000000005
1998-05-06 00:00:00,349.25
1998-05-07 00:00:00,349.4
1998-05-08 00:00:00,349.6
1998-05-11 00:00:00,350.20000000000005
1998-05-12 00:00:00,347.95000000000005
1998-05-13 00:00:00,347.30000000000007
1998-05-14 00:00:00,350.75
1998-05-15 00:00:00,347.70000000000005
1998-05-18 00:00:00,349.80000000000007
1998-05-19 00:00:00,357.65
1998-05-20 00:00:00,358.15
1998-05-21 00:00:00,356.35
1998-05-22 00:00:00,358.54999999999995
1998-05-26 00:00:00,353.25
1998-05-27 00:00:00,352.30000000000007
1998-05-28 00:00:00,354.55000000000007
1998-05-29 00:00:00,354.65
1998-06-01 00:00:00,346.30000000000007
1998-06-02 00:00:00,346.9
1998-06-03 00:00:00,347.15
1998-06-04 00:00:00,347.55000000000007
1998-06-05 00:00:00,347.5
1998-06-08 00:00:00,343.35
1998-06-09 00:00:00,345.4
1998-06-10 00:00:00,346.75
1998-06-11 00:00:00,347.80000000000007
1998-06-12 00:00:00,345.55000000000007
1998-06-15 00:00:00,343.25
1998-06-16 00:00:00,340.05000000000007
1998-06-17 00:00:00,340.9
1998-06-18 00:00:00,339.95000000000005
1998-06-19 00:00:00,337.65
1998-06-22 00:00:00,336.6
1998-06-23 00:00:00,336.15
1998-06-24 00:00:00,335.05000000000007
1998-06-25 00:00:00,337.54999999999995
1998-06-26 00:00:00,335.15
1998-06-29 00:00:00,334.54999999999995
1998-06-30 00:00:00,333.04999999999995
1998-07-01 00:00:00,334.4
1998-07-02 00:00:00,332.19999999999993
1998-07-06 00:00:00,333.6
1998-07-07 00:00:00,333.29999999999995
1998-07-08 00:00:00,335.4
1998-07-09 00:00:00,333.75
1998-07-10 00:00:00,332.44999999999993
1998-07-13 00:00:00,329.25
1998-07-14 00:00:00,330.04999999999995
1998-07-15 00:00:00,329.94999999999993
1998-07-16 00:00:00,329.65
1998-07-17 00:00:00,329.65
1998-07-20 00:00:00,331.0999999999999
1998-07-21 00:00:00,331.0999999999999
1998-07-22 00:00:00,337.65
1998-07-23 00:00:00,336.79999999999995
1998-07-24 00:00:00,334.54999999999995
1998-07-27 00:00:00,334.95000000000005
1998-07-28 00:00:00,338.4
1998-07-29 00:00:00,341.25
1998-07-30 00:00:00,346.30000000000007
1998-07-31 00:00:00,352.04999999999995
1998-08-03 00:00:00,353.05000000000007
1998-08-04 00:00:00,352.04999999999995
1998-08-05 00:00:00,353.0
1998-08-06 00:00:00,353.4
1998-08-07 00:00:00,354.20000000000005
1998-08-10 00:00:00,353.0
1998-08-11 00:00:00,347.70000000000005
1998-08-12 00:00:00,345.4
1998-08-13 00:00:00,344.15
1998-08-14 00:00:00,339.25
1998-08-17 00:00:00,339.85
1998-08-18 00:00:00,342.4
1998-08-19 00:00:00,343.15
1998-08-20 00:00:00,340.0
1998-08-21 00:00:00,339.65
1998-08-24 00:00:00,341.85
1998-08-25 00:00:00,347.5
1998-08-26 00:00:00,345.0
1998-08-27 00:00:00,345.95000000000005
1998-08-28 00:00:00,348.30000000000007
1998-08-31 00:00:00,345.75
1998-09-01 00:00:00,343.0
1998-09-02 00:00:00,342.70000000000005
1998-09-03 00:00:00,341.65
1998-09-04 00:00:00,342.25
1998-09-08 00:00:00,345.05000000000007
1998-09-09 00:00:00,342.4
1998-09-10 00:00:00,338.4
1998-09-11 00:00:00,333.54999999999995
1998-09-14 00:00:00,331.0999999999999
1998-09-15 00:00:00,334.0
1998-09-16 00:00:00,334.30000000000007
1998-09-17 00:00:00,331.2499999999999
1998-09-18 00:00:00,330.4999999999999
1998-09-21 00:00:00,331.3499999999999
1998-09-22 00:00:00,332.2499999999999
1998-09-23 00:00:00,332.44999999999993
1998-09-24 00:00:00,333.4
1998-09-25 00:00:00,334.04999999999995
1998-09-28 00:00:00,337.75
1998-09-29 00:00:00,335.1
1998-09-30 00:00:00,334.54999999999995
1998-10-01 00:00:00,332.0999999999999
1998-10-02 00:00:00,332.85
1998-10-05 00:00:00,333.20000000000005
1998-10-06 00:00:00,334.9
1998-10-07 00:00:00,336.75
1998-10-08 00:00:00,340.85
1998-10-09 00:00:00,337.9
1998-10-12 00:00:00,332.79999999999995
1998-10-13 00:00:00,333.54999999999995
1998-10-14 00:00:00,334.1
1998-10-15 00:00:00,336.25
1998-10-16 00:00:00,333.9
1998-10-19 00:00:00,336.15
1998-10-20 00:00:00,333.35
1998-10-21 00:00:00,334.75
1998-10-22 00:00:00,336.15
1998-10-23 00:00:00,336.25
1998-10-26 00:00:00,339.70000000000005
1998-10-27 00:00:00,334.75
1998-10-28 00:00:00,335.79999999999995
1998-10-29 00:00:00,336.79999999999995
1998-10-30 00:00:00,339.4
1998-11-02 00:00:00,345.85
1998-11-03 00:00:00,350.04999999999995
1998-11-04 00:00:00,347.9
1998-11-05 00:00:00,348.75
1998-11-06 00:00:00,349.5
1998-11-09 00:00:00,347.1
1998-11-10 00:00:00,346.35
1998-11-11 00:00:00,345.75
1998-11-12 00:00:00,344.30000000000007
1998-11-13 00:00:00,343.9
1998-11-16 00:00:00,345.35
1998-11-17 00:00:00,345.5
1998-11-18 00:00:00,343.45000000000005
1998-11-19 00:00:00,343.5
1998-11-20 00:00:00,343.25
1998-11-23 00:00:00,340.65
1998-11-24 00:00:00,342.4
1998-11-25 00:00:00,343.85
1998-11-30 00:00:00,343.54999999999995
1998-12-01 00:00:00,342.30000000000007
1998-12-02 00:00:00,343.75
1998-12-03 00:00:00,345.95000000000005
1998-12-04 00:00:00,344.35
1998-12-07 00:00:00,345.45000000000005
1998-12-08 00:00:00,345.30000000000007
1998-12-09 00:00:00,345.5
1998-12-10 00:00:00,349.45000000000005
1998-12-11 00:00:00,348.6
1998-12-14 00:00:00,351.30000000000007
1998-12-15 00:00:00,354.65
1998-12-16 00:00:00,353.6
1998-12-17 00:00:00,352.1
1998-12-18 00:00:00,351.75
1998-12-21 00:00:00,348.9
1998-12-22 00:00:00,349.5
1998-12-23 00:00:00,351.20000000000005
1998-12-24 00:00:00,347.54999999999995
1998-12-28 00:00:00,348.55000000000007
1998-12-29 00:00:00,350.25
1998-12-30 00:00:00,350.6
1998-12-31 00:00:00,351.20000000000005
1999-01-04 00:00:00,356.04999999999995
1999-01-05 00:00:00,352.45000000000005
1999-01-06 00:00:00,350.95000000000005
1999-01-07 00:00:00,352.1
1999-01-08 00:00:00,353.1
1999-01-11 00:00:00,353.4
1999-01-12 00:00:00,350.6
1999-01-13 00:00:00,353.75
1999-01-14 00:00:00,351.75
1999-01-15 00:00:00,349.0
1999-01-19 00:00:00,340.0
1999-01-20 00:00:00,340.0
1999-01-21 00:00:00,339.45000000000005
1999-01-22 00:00:00,338.95000000000005
1999-01-25 00:00:00,339.25
1999-01-26 00:00:00,340.29999999999995
1999-01-27 00:00:00,337.25
1999-01-28 00:00:00,336.85
1999-01-29 00:00:00,337.35
1999-02-01 00:00:00,338.9
1999-02-02 00:00:00,340.25
1999-02-03 00:00:00,339.04999999999995
1999-02-04 00:00:00,337.69999999999993
1999-02-05 00:00:00,338.19999999999993
1999-02-08 00:00:00,337.95000000000005
1999-02-09 00:00:00,336.9
1999-02-10 00:00:00,337.4
1999-02-11 00:00:00,340.45000000000005
1999-02-12 00:00:00,339.20000000000005
1999-02-16 00:00:00,333.44999999999993
1999-02-17 00:00:00,335.94999999999993
1999-02-18 00:00:00,336.65
1999-02-19 00:00:00,336.65
1999-02-22 00:00:00,335.75
1999-02-23 00:00:00,338.9
1999-02-24 00:00:00,338.5999999999999
1999-02-25 00:00:00,335.75
1999-02-26 00:00:00,334.9
1999-03-01 00:00:00,335.15
1999-03-02 00:00:00,335.79999999999995
1999-03-03 00:00:00,332.65
1999-03-04 00:00:00,335.4
1999-03-05 00:00:00,339.0
1999-03-08 00:00:00,336.1
1999-03-09 00:00:00,338.15
1999-03-10 00:00:00,338.15
1999-03-11 00:00:00,338.35
1999-03-12 00:00:00,336.95000000000005
1999-03-15 00:00:00,335.29999999999995
1999-03-16 00:00:00,337.19999999999993
1999-03-17 00:00:00,339.20000000000005
1999-03-18 00:00:00,334.65
1999-03-19 00:00:00,334.1
1999-03-22 00:00:00,332.69999999999993
1999-03-23 00:00:00,332.94999999999993
1999-03-24 00:00:00,333.9
1999-03-25 00:00:00,336.19999999999993
1999-03-26 00:00:00,341.20000000000005
1999-03-29 00:00:00,344.79999999999995
1999-03-30 00:00:00,344.1
1999-03-31 00:00:00,341.70000000000005
1999-04-01 00:00:00,342.0
1999-04-05 00:00:00,339.35
1999-04-06 00:00:00,338.6
1999-04-07 00:00:00,335.04999999999995
1999-04-08 00:00:00,330.69999999999993
1999-04-09 00:00:00,331.25
1999-04-12 00:00:00,329.65
1999-04-13 00:00:00,329.7499999999999
1999-04-14 00:00:00,330.89999999999986
1999-04-15 00:00:00,330.54999999999995
1999-04-16 00:00:00,331.25
1999-04-19 00:00:00,333.85
1999-04-20 00:00:00,331.94999999999993
1999-04-21 00:00:00,331.89999999999986
1999-04-22 00:00:00,328.94999999999993
1999-04-23 00:00:00,329.15
1999-04-26 00:00:00,330.54999999999995
1999-04-27 00:00:00,331.3499999999999
1999-04-28 00:00:00,331.29999999999995
1999-04-29 00:00:00,334.79999999999995
1999-04-30 00:00:00,334.6
1999-05-03 00:00:00,333.29999999999995
1999-05-04 00:00:00,332.4
1999-05-05 00:00:00,334.20000000000005
1999-05-06 00:00:00,333.75
1999-05-07 00:00:00,333.44999999999993
1999-05-10 00:00:00,335.95000000000005
1999-05-11 00:00:00,338.0
1999-05-12 00:00:00,336.69999999999993
1999-05-13 00:00:00,334.25
1999-05-14 00:00:00,338.0
1999-05-17 00:00:00,340.0
1999-05-18 00:00:00,347.5
1999-05-19 00:00:00,353.6
1999-05-20 00:00:00,350.6
1999-05-21 00:00:00,349.69999999999993
1999-05-24 00:00:00,350.0
1999-05-25 00:00:00,349.95000000000005
1999-05-26 00:00:00,355.5
1999-05-27 00:00:00,353.65
1999-05-28 00:00:00,352.20000000000005
1999-06-01 00:00:00,351.45000000000005
1999-06-02 00:00:00,352.20000000000005
1999-06-03 00:00:00,353.70000000000005
1999-06-04 00:00:00,350.5
1999-06-07 00:00:00,343.0
1999-06-08 00:00:00,336.54999999999995
1999-06-09 00:00:00,336.95000000000005
1999-06-10 00:00:00,336.45000000000005
1999-06-11 00:00:00,336.6
1999-06-14 00:00:00,334.95000000000005
1999-06-15 00:00:00,334.95000000000005
1999-06-16 00:00:00,336.25
1999-06-17 00:00:00,336.35
1999-06-18 00:00:00,336.95000000000005
1999-06-21 00:00:00,334.6
1999-06-22 00:00:00,336.85
1999-06-23 00:00:00,336.15
1999-06-24 00:00:00,333.75
1999-06-25 00:00:00,331.04999999999995
1999-06-28 00:00:00,329.7499999999999
1999-06-29 00:00:00,330.9
1999-06-30 00:00:00,330.54999999999995
1999-07-01 00:00:00,329.5999999999999
1999-07-02 00:00:00,327.15
1999-07-06 00:00:00,321.15
1999-07-07 00:00:00,323.2499999999999
1999-07-08 00:00:00,325.5999999999999
1999-07-09 00:00:00,326.44999999999993
1999-07-12 00:00:00,321.8499999999999
1999-07-13 00:00:00,322.8499999999999
1999-07-14 00:00:00,325.04999999999995
1999-07-15 00:00:00,323.29999999999995
1999-07-16 00:00:00,322.0999999999999
1999-07-19 00:00:00,324.04999999999995
1999-07-20 00:00:00,324.4
1999-07-21 00:00:00,324.2499999999999
1999-07-22 00:00:00,327.2499999999999
1999-07-23 00:00:00,323.94999999999993
1999-07-26 00:00:00,325.19999999999993
1999-07-27 00:00:00,326.7499999999999
1999-07-28 00:00:00,325.2499999999999
1999-07-29 00:00:00,324.2499999999999
1999-07-30 00:00:00,320.25
1999-08-02 00:00:00,322.9
1999-08-03 00:00:00,322.54999999999995
1999-08-04 00:00:00,322.65
1999-08-05 00:00:00,322.9
1999-08-06 00:00:00,321.9
1999-08-09 00:00:00,323.25
1999-08-10 00:00:00,322.5999999999999
1999-08-11 00:00:00,325.54999999999995
1999-08-12 00:00:00,322.5999999999999
1999-08-13 00:00:00,327.25
1999-08-16 00:00:00,318.65
1999-08-17 00:00:00,319.4
1999-08-18 00:00:00,319.75
1999-08-19 00:00:00,318.85
1999-08-20 00:00:00,318.9
1999-08-23 00:00:00,319.80000000000007
1999-08-24 00:00:00,319.25
1999-08-25 00:00:00,319.6
1999-08-26 00:00:00,318.75
1999-08-27 00:00:00,318.54999999999995
1999-08-30 00:00:00,315.65
1999-08-31 00:00:00,316.85
1999-09-01 00:00:00,321.25
1999-09-02 00:00:00,321.1
1999-09-03 00:00:00,319.29999999999995
1999-09-07 00:00:00,317.45000000000005
1999-09-08 00:00:00,317.79999999999995
1999-09-09 00:00:00,314.20000000000005
1999-09-10 00:00:00,312.35
1999-09-13 00:00:00,312.79999999999995
1999-09-14 00:00:00,313.29999999999995
1999-09-15 00:00:00,311.5
1999-09-16 00:00:00,311.29999999999995
1999-09-17 00:00:00,311.04999999999995
1999-09-20 00:00:00,310.35
1999-09-21 00:00:00,309.65
1999-09-22 00:00:00,308.79999999999995
1999-09-23 00:00:00,310.20000000000005
1999-09-24 00:00:00,311.04999999999995
1999-09-27 00:00:00,311.4
1999-09-28 00:00:00,311.95000000000005
1999-09-29 00:00:00,313.70000000000005
1999-09-30 00:00:00,309.45000000000005
1999-10-01 00:00:00,308.35
1999-10-04 00:00:00,309.85
1999-10-05 00:00:00,312.04999999999995
1999-10-06 00:00:00,312.5
1999-10-07 00:00:00,312.29999999999995
1999-10-08 00:00:00,312.1
1999-10-11 00:00:00,317.95000000000005
1999-10-12 00:00:00,323.54999999999995
1999-10-13 00:00:00,346.35
1999-10-14 00:00:00,334.1
1999-10-15 00:00:00,335.4
1999-10-18 00:00:00,322.5999999999999
1999-10-19 00:00:00,324.65
1999-10-20 00:00:00,322.4
1999-10-21 00:00:00,317.6
1999-10-22 00:00:00,319.9
1999-10-25 00:00:00,326.75
1999-10-26 00:00:00,322.29999999999995
1999-10-27 00:00:00,322.65
1999-10-28 00:00:00,323.69999999999993
1999-10-29 00:00:00,327.19999999999993
1999-11-01 00:00:00,337.35
1999-11-02 00:00:00,330.8499999999999
1999-11-03 00:00:00,332.0
1999-11-04 00:00:00,333.04999999999995
1999-11-05 00:00:00,332.5
1999-11-08 00:00:00,338.20000000000005
1999-11-09 00:00:00,341.0
1999-11-10 00:00:00,339.45000000000005
1999-11-11 00:00:00,343.95000000000005
1999-11-12 00:00:00,350.1
1999-11-15 00:00:00,356.75
1999-11-16 00:00:00,353.5
1999-11-17 00:00:00,353.95000000000005
1999-11-18 00:00:00,340.70000000000005
1999-11-19 00:00:00,338.4
1999-11-22 00:00:00,338.70000000000005
1999-11-23 00:00:00,336.05000000000007
1999-11-24 00:00:00,334.85
1999-11-29 00:00:00,342.5
1999-11-30 00:00:00,358.6
1999-12-01 00:00:00,354.85
1999-12-02 00:00:00,359.94999999999993
1999-12-03 00:00:00,368.04999999999984
1999-12-06 00:00:00,358.54999999999995
1999-12-07 00:00:00,357.5999999999999
1999-12-08 00:00:00,353.1
1999-12-09 00:00:00,346.25
1999-12-10 00:00:00,351.0
1999-12-13 00:00:00,348.35
1999-12-14 00:00:00,346.5
1999-12-15 00:00:00,352.35
1999-12-16 00:00:00,354.85
1999-12-17 00:00:00,356.4
1999-12-20 00:00:00,359.29999999999995
1999-12-21 00:00:00,344.70000000000005
1999-12-22 00:00:00,341.65
1999-12-23 00:00:00,345.25
1999-12-27 00:00:00,346.15
1999-12-28 00:00:00,343.0
1999-12-29 00:00:00,344.0
1999-12-30 00:00:00,349.9
2000-01-03 00:00:00,340.5
2000-01-04 00:00:00,340.25
2000-01-05 00:00:00,342.6
2000-01-06 00:00:00,340.85
2000-01-07 00:00:00,338.15
2000-01-10 00:00:00,341.55000000000007
2000-01-11 00:00:00,341.80000000000007
2000-01-12 00:00:00,342.95000000000005
2000-01-13 00:00:00,342.55000000000007
2000-01-14 00:00:00,336.54999999999995
2000-01-18 00:00:00,339.75
2000-01-19 00:00:00,340.70000000000005
2000-01-20 00:00:00,336.0
2000-01-21 00:00:00,335.20000000000005
2000-01-24 00:00:00,335.9
2000-01-25 00:00:00,336.85
2000-01-26 00:00:00,339.1500000000001
2000-01-27 00:00:00,338.6
2000-01-28 00:00:00,338.70000000000005
2000-01-31 00:00:00,335.1
2000-02-01 00:00:00,335.70000000000005
2000-02-02 00:00:00,336.15
2000-02-03 00:00:00,336.79999999999995
2000-02-04 00:00:00,336.9
2000-02-07 00:00:00,335.75
2000-02-08 00:00:00,332.44999999999993
2000-02-09 00:00:00,331.69999999999993
2000-02-10 00:00:00,332.79999999999995
2000-02-11 00:00:00,332.7499999999999
2000-02-14 00:00:00,328.94999999999993
2000-02-15 00:00:00,329.8499999999999
2000-02-16 00:00:00,328.7499999999999
2000-02-17 00:00:00,329.2499999999999
2000-02-18 00:00:00,327.3499999999999
2000-02-22 00:00:00,325.54999999999995
2000-02-23 00:00:00,325.94999999999993
2000-02-24 00:00:00,324.3499999999999
2000-02-25 00:00:00,320.54999999999995
2000-02-28 00:00:00,323.29999999999995
2000-02-29 00:00:00,321.6
2000-03-01 00:00:00,323.0999999999999
2000-03-02 00:00:00,327.04999999999995
2000-03-03 00:00:00,326.5999999999999
2000-03-06 00:00:00,328.0
2000-03-07 00:00:00,329.94999999999993
2000-03-08 00:00:00,329.19999999999993
2000-03-09 00:00:00,328.9
2000-03-10 00:00:00,327.65
2000-03-13 00:00:00,327.5999999999999
2000-03-14 00:00:00,323.94999999999993
2000-03-15 00:00:00,324.3499999999999
2000-03-16 00:00:00,327.8499999999999
2000-03-17 00:00:00,327.54999999999995
2000-03-20 00:00:00,324.44999999999993
2000-03-21 00:00:00,325.4
2000-03-22 00:00:00,327.0
2000-03-23 00:00:00,323.29999999999995
2000-03-24 00:00:00,324.3499999999999
2000-03-27 00:00:00,324.3499999999999
2000-03-28 00:00:00,325.69999999999993
2000-03-29 00:00:00,325.0999999999999
2000-03-30 00:00:00,324.69999999999993
2000-03-31 00:00:00,324.9
2000-04-03 00:00:00,323.3499999999999
2000-04-04 00:00:00,321.35
2000-04-05 00:00:00,323.04999999999995
2000-04-06 00:00:00,322.2499999999999
2000-04-07 00:00:00,321.0
2000-04-10 00:00:00,318.1
2000-04-11 00:00:00,318.15
2000-04-12 00:00:00,315.9
2000-04-13 00:00:00,316.45000000000005
2000-04-14 00:00:00,314.54999999999995
2000-04-17 00:00:00,314.75
2000-04-18 00:00:00,316.6
2000-04-19 00:00:00,318.0
2000-04-20 00:00:00,320.19999999999993
2000-04-24 00:00:00,316.35
2000-04-25 00:00:00,317.1
2000-04-26 00:00:00,316.1
2000-04-27 00:00:00,316.04999999999995
2000-04-28 00:00:00,316.6
2000-05-01 00:00:00,322.15
2000-05-02 00:00:00,321.1
2000-05-03 00:00:00,315.79999999999995
2000-05-04 00:00:00,318.54999999999995
2000-05-05 00:00:00,318.29999999999995
2000-05-08 00:00:00,318.75
2000-05-09 00:00:00,319.04999999999995
2000-05-10 00:00:00,318.69999999999993
2000-05-11 00:00:00,317.29999999999995
2000-05-12 00:00:00,313.1
2000-05-15 00:00:00,312.35
2000-05-16 00:00:00,313.25
2000-05-17 00:00:00,312.29999999999995
2000-05-18 00:00:00,312.69999999999993
2000-05-19 00:00:00,316.54999999999995
2000-05-22 00:00:00,321.9
2000-05-23 00:00:00,322.29999999999995
2000-05-24 00:00:00,320.44999999999993
2000-05-25 00:00:00,317.85
2000-05-26 00:00:00,317.79999999999995
2000-05-30 00:00:00,319.0
2000-05-31 00:00:00,311.6
2000-06-01 00:00:00,313.15
2000-06-02 00:00:00,314.15
2000-06-05 00:00:00,312.1
2000-06-06 00:00:00,307.9
2000-06-07 00:00:00,310.69999999999993
2000-06-08 00:00:00,311.25
2000-06-09 00:00:00,310.5
2000-06-12 00:00:00,309.9
2000-06-13 00:00:00,309.54999999999995
2000-06-14 00:00:00,308.5
2000-06-15 00:00:00,306.75
2000-06-16 00:00:00,305.85
2000-06-19 00:00:00,305.9
2000-06-20 00:00:00,305.94999999999993
2000-06-21 00:00:00,303.45000000000005
2000-06-22 00:00:00,304.9
2000-06-23 00:00:00,305.20000000000005
2000-06-26 00:00:00,305.4
2000-06-27 00:00:00,306.19999999999993
2000-06-28 00:00:00,305.5
2000-06-29 00:00:00,304.35
2000-06-30 00:00:00,302.85
2000-07-05 00:00:00,303.5
2000-07-06 00:00:00,300.80000000000007
2000-07-07 00:00:00,298.80000000000007
2000-07-10 00:00:00,301.75
2000-07-11 00:00:00,308.29999999999995
2000-07-12 00:00:00,307.9
2000-07-13 00:00:00,317.6
2000-07-14 00:00:00,306.75
2000-07-17 00:00:00,316.44999999999993
2000-07-18 00:00:00,334.44999999999993
2000-07-19 00:00:00,327.15
2000-07-20 00:00:00,313.15
2000-07-21 00:00:00,312.04999999999995
2000-07-24 00:00:00,301.70000000000005
2000-07-25 00:00:00,300.6
2000-07-26 00:00:00,302.35
2000-07-27 00:00:00,301.5
2000-07-28 00:00:00,302.80000000000007
2000-07-31 00:00:00,301.85
2000-08-01 00:00:00,301.70000000000005
2000-08-02 00:00:00,301.80000000000007
2000-08-03 00:00:00,301.35
2000-08-04 00:00:00,301.20000000000005
2000-08-07 00:00:00,301.04999999999995
2000-08-08 00:00:00,299.6
2000-08-09 00:00:00,295.35
2000-08-10 00:00:00,295.45000000000005
2000-08-11 00:00:00,296.6
2000-08-14 00:00:00,294.7500000000001
2000-08-15 00:00:00,294.45000000000005
2000-08-16 00:00:00,293.80000000000007
2000-08-17 00:00:00,294.30000000000007
2000-08-18 00:00:00,294.1500000000001
2000-08-21 00:00:00,293.5000000000001
2000-08-22 00:00:00,293.1500000000001
2000-08-23 00:00:00,291.05000000000007
2000-08-24 00:00:00,293.70000000000005
2000-08-25 00:00:00,293.6
2000-08-28 00:00:00,291.05000000000007
2000-08-29 00:00:00,290.70000000000005
2000-08-30 00:00:00,290.45000000000005
2000-08-31 00:00:00,290.6
2000-09-01 00:00:00,291.2500000000001
2000-09-05 00:00:00,289.4000000000001
2000-09-06 00:00:00,291.20000000000005
2000-09-07 00:00:00,293.6
2000-09-08 00:00:00,293.20000000000005
2000-09-11 00:00:00,293.95000000000005
2000-09-12 00:00:00,294.80000000000007
2000-09-13 00:00:00,295.6500000000001
2000-09-14 00:00:00,293.0000000000001
2000-09-15 00:00:00,292.1500000000001
2000-09-18 00:00:00,293.30000000000007
2000-09-19 00:00:00,293.05000000000007
2000-09-20 00:00:00,290.05000000000007
2000-09-21 00:00:00,288.70000000000005
2000-09-22 00:00:00,288.9000000000001
2000-09-25 00:00:00,289.95000000000005
2000-09-26 00:00:00,292.6500000000001
2000-09-27 00:00:00,289.85
2000-09-28 00:00:00,290.7500000000001
2000-09-29 00:00:00,293.9000000000001
2000-10-02 00:00:00,290.2500000000001
2000-10-03 00:00:00,290.30000000000007
2000-10-04 00:00:00,290.2500000000001
2000-10-05 00:00:00,289.6
2000-10-06 00:00:00,290.35
2000-10-09 00:00:00,290.85000000000014
2000-10-10 00:00:00,291.6500000000001
2000-10-11 00:00:00,294.05000000000007
2000-10-12 00:00:00,292.20000000000005
2000-10-13 00:00:00,291.95000000000005
2000-10-16 00:00:00,296.55000000000007
2000-10-17 00:00:00,299.6
2000-10-18 00:00:00,299.15
2000-10-19 00:00:00,297.6
2000-10-20 00:00:00,295.05000000000007
2000-10-23 00:00:00,289.35
2000-10-24 00:00:00,290.1500000000001
2000-10-25 00:00:00,288.95000000000005
2000-10-26 00:00:00,286.30000000000007
2000-10-27 00:00:00,286.5000000000001
2000-10-30 00:00:00,284.4000000000001
2000-10-31 00:00:00,285.30000000000007
2000-11-01 00:00:00,284.9000000000001
2000-11-02 00:00:00,285.20000000000005
2000-11-03 00:00:00,284.85
2000-11-06 00:00:00,285.95000000000005
2000-11-07 00:00:00,285.80000000000007
2000-11-08 00:00:00,286.55000000000007
2000-11-09 00:00:00,285.30000000000007
2000-11-10 00:00:00,285.4000000000001
2000-11-13 00:00:00,282.65
2000-11-14 00:00:00,282.45000000000005
2000-11-15 00:00:00,281.4
2000-11-16 00:00:00,280.15
2000-11-17 00:00:00,279.95000000000005
2000-11-20 00:00:00,281.25
2000-11-21 00:00:00,279.30000000000007
2000-11-22 00:00:00,278.80000000000007
2000-11-27 00:00:00,278.80000000000007
2000-11-28 00:00:00,280.20000000000005
2000-11-29 00:00:00,280.6
2000-11-30 00:00:00,277.75
2000-12-01 00:00:00,277.70000000000005
2000-12-04 00:00:00,277.85
2000-12-05 00:00:00,276.95000000000005
2000-12-06 00:00:00,276.70000000000005
2000-12-07 00:00:00,276.79999999999995
2000-12-08 00:00:00,274.04999999999995
2000-12-11 00:00:00,274.4
2000-12-12 00:00:00,274.29999999999995
2000-12-13 00:00:00,274.04999999999995
2000-12-14 00:00:00,271.6
2000-12-15 00:00:00,272.75
2000-12-18 00:00:00,271.95000000000005
2000-12-19 00:00:00,271.1
2000-12-20 00:00:00,271.5
2000-12-21 00:00:00,272.6
2000-12-22 00:00:00,271.45000000000005
2000-12-26 00:00:00,273.35
2000-12-27 00:00:00,272.45000000000005
2000-12-28 00:00:00,273.4
2000-12-29 00:00:00,271.6
2001-01-02 00:00:00,269.45000000000005
2001-01-03 00:00:00,269.5
2001-01-04 00:00:00,269.4
2001-01-05 00:00:00,270.4
2001-01-08 00:00:00,269.9
2001-01-09 00:00:00,269.85
2001-01-10 00:00:00,269.4
2001-01-11 00:00:00,269.65
2001-01-12 00:00:00,271.04999999999995
2001-01-16 00:00:00,273.45000000000005
2001-01-17 00:00:00,276.25
2001-01-18 00:00:00,272.79999999999995
2001-01-19 00:00:00,274.35
2001-01-22 00:00:00,277.29999999999995
2001-01-23 00:00:00,275.9
2001-01-24 00:00:00,276.1
2001-01-25 00:00:00,273.9
2001-01-26 00:00:00,273.15
2001-01-29 00:00:00,271.45000000000005
2001-01-30 00:00:00,270.25
2001-01-31 00:00:00,269.75
2001-02-01 00:00:00,270.70000000000005
2001-02-02 00:00:00,269.20000000000005
2001-02-05 00:00:00,268.75
2001-02-06 00:00:00,268.29999999999995
2001-02-07 00:00:00,267.85
2001-02-08 00:00:00,268.29999999999995
2001-02-09 00:00:00,268.85
2001-02-12 00:00:00,268.54999999999995
2001-02-13 00:00:00,269.0
2001-02-14 00:00:00,269.0
2001-02-15 00:00:00,267.9
2001-02-16 00:00:00,266.1
2001-02-20 00:00:00,268.9
2001-02-21 00:00:00,268.5
2001-02-22 00:00:00,268.35
2001-02-23 00:00:00,270.20000000000005
2001-02-26 00:00:00,268.85
2001-02-27 00:00:00,269.6
2001-02-28 00:00:00,269.20000000000005
2001-03-01 00:00:00,268.1
2001-03-02 00:00:00,269.15
2001-03-05 00:00:00,269.20000000000005
2001-03-06 00:00:00,270.54999999999995
2001-03-07 00:00:00,271.20000000000005
2001-03-08 00:00:00,269.95000000000005
2001-03-09 00:00:00,267.25
2001-03-12 00:00:00,267.6
2001-03-13 00:00:00,266.5
2001-03-14 00:00:00,266.29999999999995
2001-03-15 00:00:00,264.29999999999995
2001-03-16 00:00:00,264.29999999999995
2001-03-19 00:00:00,264.85
2001-03-20 00:00:00,265.0
2001-03-21 00:00:00,264.45000000000005
2001-03-22 00:00:00,263.5
2001-03-23 00:00:00,263.4
2001-03-26 00:00:00,265.15
2001-03-27 00:00:00,264.35
2001-03-28 00:00:00,264.45000000000005
2001-03-29 00:00:00,265.04999999999995
2001-03-30 00:00:00,263.6
2001-04-02 00:00:00,262.9
2001-04-03 00:00:00,262.19999999999993
2001-04-04 00:00:00,262.69999999999993
2001-04-05 00:00:00,262.45000000000005
2001-04-06 00:00:00,261.45000000000005
2001-04-09 00:00:00,261.0
2001-04-10 00:00:00,260.85
2001-04-11 00:00:00,260.79999999999995
2001-04-12 00:00:00,261.04999999999995
2001-04-16 00:00:00,260.1
2001-04-17 00:00:00,259.6
2001-04-18 00:00:00,262.35
2001-04-19 00:00:00,261.25
2001-04-20 00:00:00,260.79999999999995
2001-04-23 00:00:00,265.35
2001-04-24 00:00:00,262.19999999999993
2001-04-25 00:00:00,261.35
2001-04-26 00:00:00,261.85
2001-04-27 00:00:00,264.65
2001-04-30 00:00:00,265.04999999999995
2001-05-01 00:00:00,267.75
2001-05-02 00:00:00,266.29999999999995
2001-05-03 00:00:00,268.0
2001-05-04 00:00:00,266.85
2001-05-07 00:00:00,269.35
2001-05-08 00:00:00,269.5
2001-05-09 00:00:00,268.5
2001-05-10 00:00:00,269.15
2001-05-11 00:00:00,268.25
2001-05-14 00:00:00,264.85
2001-05-15 00:00:00,265.19999999999993
2001-05-16 00:00:00,265.69999999999993
2001-05-17 00:00:00,265.65
2001-05-18 00:00:00,267.0
2001-05-21 00:00:00,265.5
2001-05-22 00:00:00,265.65
2001-05-23 00:00:00,264.15
2001-05-24 00:00:00,263.4
2001-05-25 00:00:00,260.5
2001-05-29 00:00:00,260.4
2001-05-30 00:00:00,259.75
2001-05-31 00:00:00,257.75
2001-06-01 00:00:00,258.4
2001-06-04 00:00:00,259.79999999999995
2001-06-05 00:00:00,260.1
2001-06-06 00:00:00,258.9
2001-06-07 00:00:00,258.25
2001-06-08 00:00:00,258.69999999999993
2001-06-11 00:00:00,257.6
2001-06-12 00:00:00,258.19999999999993
2001-06-13 00:00:00,258.29999999999995
2001-06-14 00:00:00,259.19999999999993
2001-06-15 00:00:00,259.54999999999995
2001-06-18 00:00:00,261.4
2001-06-19 00:00:00,258.15
2001-06-20 00:00:00,256.0
2001-06-21 00:00:00,258.29999999999995
2001-06-22 00:00:00,256.79999999999995
2001-06-25 00:00:00,255.89999999999998
2001-06-26 00:00:00,256.1
2001-06-27 00:00:00,255.5
2001-06-28 00:00:00,255.75
2001-06-29 00:00:00,256.04999999999995
2001-07-02 00:00:00,254.45000000000005
2001-07-03 00:00:00,254.79999999999995
2001-07-05 00:00:00,253.54999999999995
2001-07-06 00:00:00,253.35000000000002
2001-07-09 00:00:00,252.5
2001-07-10 00:00:00,252.14999999999998
2001-07-11 00:00:00,252.29999999999995
2001-07-12 00:00:00,251.64999999999998
2001-07-13 00:00:00,251.60000000000002
2001-07-16 00:00:00,251.95000000000005
2001-07-17 00:00:00,251.70000000000005
2001-07-18 00:00:00,252.39999999999998
2001-07-19 00:00:00,251.60000000000002
2001-07-20 00:00:00,251.29999999999995
2001-07-23 00:00:00,251.5
2001-07-24 00:00:00,252.75
2001-07-25 00:00:00,250.19999999999993
2001-07-26 00:00:00,248.94999999999993
2001-07-27 00:00:00,248.85000000000002
2001-07-30 00:00:00,249.39999999999998
2001-07-31 00:00:00,249.5
2001-08-01 00:00:00,248.79999999999995
2001-08-02 00:00:00,248.04999999999995
2001-08-03 00:00:00,248.0
2001-08-06 00:00:00,247.5
2001-08-07 00:00:00,247.44999999999993
2001-08-08 00:00:00,247.39999999999998
2001-08-09 00:00:00,247.75
2001-08-10 00:00:00,246.0999999999999
2001-08-13 00:00:00,246.89999999999998
2001-08-14 00:00:00,247.0
2001-08-15 00:00:00,246.85000000000002
2001-08-16 00:00:00,246.79999999999995
2001-08-17 00:00:00,251.79999999999995
2001-08-20 00:00:00,247.79999999999995
2001-08-21 00:00:00,248.10000000000002
2001-08-22 00:00:00,248.79999999999995
2001-08-23 00:00:00,249.89999999999998
2001-08-24 00:00:00,248.5
2001-08-27 00:00:00,248.75
2001-08-28 00:00:00,248.54999999999995
2001-08-29 00:00:00,249.25
2001-08-30 00:00:00,247.89999999999998
2001-08-31 00:00:00,248.29999999999995
2001-09-04 00:00:00,244.9999999999999
2001-09-05 00:00:00,246.04999999999995
2001-09-06 00:00:00,246.0999999999999
2001-09-07 00:00:00,245.7499999999999
2001-09-10 00:00:00,245.2499999999999
2001-09-17 00:00:00,244.79999999999995
2001-09-18 00:00:00,244.69999999999993
2001-09-19 00:00:00,244.2499999999999
2001-09-20 00:00:00,242.69999999999993
2001-09-21 00:00:00,242.9999999999999
2001-09-24 00:00:00,243.04999999999995
2001-09-25 00:00:00,242.8499999999999
2001-09-26 00:00:00,243.0999999999999
2001-09-27 00:00:00,243.0999999999999
2001-09-28 00:00:00,242.2499999999999
2001-10-01 00:00:00,241.3499999999999
2001-10-02 00:00:00,240.69999999999993
2001-10-03 00:00:00,239.94999999999993
2001-10-04 00:00:00,240.44999999999993
2001-10-05 00:00:00,240.5999999999999
2001-10-08 00:00:00,239.8499999999999
2001-10-09 00:00:00,239.29999999999995
2001-10-10 00:00:00,239.29999999999995
2001-10-11 00:00:00,238.60000000000002
2001-10-12 00:00:00,238.64999999999998
2001-10-15 00:00:00,237.79999999999995
2001-10-16 00:00:00,237.85000000000002
2001-10-17 00:00:00,238.69999999999993
2001-10-18 00:00:00,239.54999999999995
2001-10-19 00:00:00,237.79999999999995
2001-10-22 00:00:00,236.44999999999993
2001-10-23 00:00:00,237.5
2001-10-24 00:00:00,237.25
2001-10-25 00:00:00,238.25
2001-10-26 00:00:00,237.35000000000002
2001-10-29 00:00:00,237.60000000000002
2001-10-30 00:00:00,237.29999999999995
2001-10-31 00:00:00,237.85000000000002
2001-11-01 00:00:00,239.10000000000002
2001-11-02 00:00:00,239.4999999999999
2001-11-05 00:00:00,240.9999999999999
2001-11-06 00:00:00,242.19999999999993
2001-11-07 00:00:00,241.5999999999999
2001-11-08 00:00:00,240.19999999999993
2001-11-09 00:00:00,239.29999999999995
2001-11-13 00:00:00,239.4999999999999
2001-11-14 00:00:00,244.29999999999995
2001-11-15 00:00:00,243.0999999999999
2001-11-16 00:00:00,243.3499999999999
2001-11-19 00:00:00,241.3499999999999
2001-11-20 00:00:00,241.5999999999999
2001-11-21 00:00:00,241.8499999999999
2001-11-26 00:00:00,241.2499999999999
2001-11-27 00:00:00,238.0
2001-11-28 00:00:00,237.75
2001-11-29 00:00:00,237.10000000000002
2001-11-30 00:00:00,237.69999999999993
2001-12-03 00:00:00,237.60000000000002
2001-12-04 00:00:00,236.89999999999998
2001-12-05 00:00:00,237.5
2001-12-06 00:00:00,237.29999999999995
2001-12-07 00:00:00,238.25
2001-12-10 00:00:00,238.35000000000002
2001-12-11 00:00:00,239.29999999999995
2001-12-12 00:00:00,239.35000000000002
2001-12-13 00:00:00,239.39999999999998
2001-12-14 00:00:00,239.04999999999995
2001-12-17 00:00:00,237.85000000000002
2001-12-18 00:00:00,237.60000000000002
2001-12-19 00:00:00,238.39999999999998
2001-12-20 00:00:00,241.0999999999999
2001-12-21 00:00:00,238.14999999999998
2001-12-27 00:00:00,238.0
2001-12-28 00:00:00,237.69999999999993
2002-01-02 00:00:00,238.85000000000002
2002-01-03 00:00:00,239.0
2002-01-04 00:00:00,240.04999999999995
2002-01-07 00:00:00,239.7499999999999
2002-01-08 00:00:00,240.04999999999995
2002-01-09 00:00:00,242.3499999999999
2002-01-10 00:00:00,242.79999999999995
2002-01-11 00:00:00,241.04999999999995
2002-01-14 00:00:00,241.89999999999986
2002-01-15 00:00:00,241.7499999999999
2002-01-16 00:00:00,240.7499999999999
2002-01-17 00:00:00,240.3499999999999
2002-01-18 00:00:00,238.89999999999998
2002-01-22 00:00:00,238.29999999999995
2002-01-23 00:00:00,238.25
2002-01-24 00:00:00,237.94999999999993
2002-01-25 00:00:00,237.39999999999998
2002-01-28 00:00:00,236.54999999999995
2002-01-29 00:00:00,236.19999999999993
2002-01-30 00:00:00,236.5
2002-01-31 00:00:00,236.44999999999993
2002-02-01 00:00:00,236.85000000000002
2002-02-04 00:00:00,236.85000000000002
2002-02-05 00:00:00,236.19999999999993
2002-02-06 00:00:00,236.54999999999995
2002-02-07 00:00:00,236.29999999999995
2002-02-08 00:00:00,236.19999999999993
2002-02-11 00:00:00,234.89999999999998
2002-02-12 00:00:00,234.79999999999995
2002-02-13 00:00:00,235.10000000000002
2002-02-14 00:00:00,235.35000000000002
2002-02-15 00:00:00,235.54999999999995
2002-02-19 00:00:00,235.39999999999998
2002-02-20 00:00:00,237.5
2002-02-21 00:00:00,239.19999999999993
2002-02-22 00:00:00,238.29999999999995
2002-02-25 00:00:00,237.10000000000002
2002-02-26 00:00:00,235.94999999999993
2002-02-27 00:00:00,235.14999999999998
2002-02-28 00:00:00,235.10000000000002
2002-03-01 00:00:00,236.14999999999998
2002-03-04 00:00:00,236.10000000000002
2002-03-05 00:00:00,237.19999999999993
2002-03-06 00:00:00,238.35000000000002
2002-03-07 00:00:00,237.39999999999998
2002-03-08 00:00:00,238.64999999999998
2002-03-11 00:00:00,242.94999999999993
2002-03-12 00:00:00,245.54999999999995
2002-03-13 00:00:00,244.54999999999995
2002-03-14 00:00:00,244.44999999999993
2002-03-15 00:00:00,244.39999999999998
2002-03-18 00:00:00,240.3499999999999
2002-03-19 00:00:00,242.14999999999986
2002-03-20 00:00:00,244.79999999999995
2002-03-21 00:00:00,242.7499999999999
2002-03-22 00:00:00,243.0999999999999
2002-03-25 00:00:00,243.2499999999999
2002-03-26 00:00:00,243.8499999999999
2002-03-27 00:00:00,244.7499999999999
2002-03-28 00:00:00,245.9999999999999
2002-04-01 00:00:00,247.29999999999995
2002-04-02 00:00:00,248.14999999999998
2002-04-03 00:00:00,248.10000000000002
2002-04-04 00:00:00,245.5999999999999
2002-04-05 00:00:00,243.89999999999986
2002-04-08 00:00:00,242.94999999999993
2002-04-09 00:00:00,244.9999999999999
2002-04-10 00:00:00,244.89999999999998
2002-04-11 00:00:00,243.89999999999986
2002-04-12 00:00:00,242.19999999999993
2002-04-15 00:00:00,242.14999999999986
2002-04-16 00:00:00,242.14999999999986
2002-04-17 00:00:00,242.8499999999999
2002-04-18 00:00:00,245.29999999999995
2002-04-19 00:00:00,242.5999999999999
2002-04-22 00:00:00,243.54999999999995
2002-04-23 00:00:00,243.94999999999993
2002-04-24 00:00:00,242.04999999999995
2002-04-25 00:00:00,239.29999999999995
2002-04-26 00:00:00,238.85000000000002
2002-04-29 00:00:00,238.29999999999995
2002-04-30 00:00:00,239.54999999999995
2002-05-01 00:00:00,237.60000000000002
2002-05-02 00:00:00,237.64999999999998
2002-05-03 00:00:00,237.75
2002-05-06 00:00:00,237.60000000000002
2002-05-07 00:00:00,237.79999999999995
2002-05-08 00:00:00,237.10000000000002
2002-05-09 00:00:00,236.19999999999993
2002-05-10 00:00:00,236.44999999999993
2002-05-13 00:00:00,235.85000000000002
2002-05-14 00:00:00,236.14999999999998
2002-05-15 00:00:00,236.10000000000002
2002-05-16 00:00:00,237.45000000000005
2002-05-17 00:00:00,237.39999999999998
2002-05-20 00:00:00,238.10000000000002
2002-05-21 00:00:00,239.39999999999998
2002-05-22 00:00:00,237.39999999999998
2002-05-23 00:00:00,237.39999999999998
2002-05-24 00:00:00,238.10000000000002
2002-05-28 00:00:00,237.29999999999995
2002-05-29 00:00:00,238.35000000000002
2002-05-30 00:00:00,238.29999999999995
2002-05-31 00:00:00,238.60000000000002
2002-06-03 00:00:00,238.04999999999995
2002-06-04 00:00:00,237.79999999999995
2002-06-05 00:00:00,237.10000000000002
2002-06-06 00:00:00,237.14999999999998
2002-06-07 00:00:00,236.14999999999998
2002-06-10 00:00:00,236.5
2002-06-11 00:00:00,236.25
2002-06-12 00:00:00,235.94999999999993
2002-06-13 00:00:00,234.25
2002-06-14 00:00:00,233.29999999999995
2002-06-17 00:00:00,234.0
2002-06-18 00:00:00,233.54999999999995
2002-06-19 00:00:00,233.5
2002-06-20 00:00:00,234.60000000000002
2002-06-21 00:00:00,233.85000000000002
2002-06-24 00:00:00,234.44999999999993
2002-06-25 00:00:00,234.10000000000002
2002-06-26 00:00:00,233.29999999999995
2002-06-27 00:00:00,233.14999999999998
2002-06-28 00:00:00,233.10000000000002
2002-07-01 00:00:00,234.29999999999995
2002-07-02 00:00:00,236.25
2002-07-03 00:00:00,234.5
2002-07-08 00:00:00,234.64999999999998
2002-07-09 00:00:00,235.35000000000002
2002-07-10 00:00:00,236.04999999999995
2002-07-11 00:00:00,237.94999999999993
2002-07-12 00:00:00,235.89999999999998
2002-07-15 00:00:00,235.0
2002-07-16 00:00:00,234.89999999999998
2002-07-17 00:00:00,235.0
2002-07-18 00:00:00,233.04999999999995
2002-07-19 00:00:00,232.79999999999995
2002-07-22 00:00:00,232.69999999999993
2002-07-23 00:00:00,233.04999999999995
2002-07-24 00:00:00,232.04999999999995
2002-07-25 00:00:00,232.60000000000002
2002-07-26 00:00:00,232.64999999999998
2002-07-29 00:00:00,231.5
2002-07-30 00:00:00,231.29999999999995
2002-07-31 00:00:00,231.04999999999995
2002-08-01 00:00:00,231.75
2002-08-02 00:00:00,232.44999999999993
2002-08-05 00:00:00,231.5
2002-08-06 00:00:00,231.64999999999998
2002-08-07 00:00:00,231.75
2002-08-08 00:00:00,232.35000000000002
2002-08-09 00:00:00,232.04999999999995
2002-08-12 00:00:00,232.85000000000002
2002-08-13 00:00:00,232.25
2002-08-14 00:00:00,232.44999999999993
2002-08-15 00:00:00,230.85000000000002
2002-08-16 00:00:00,231.19999999999993
2002-08-19 00:00:00,230.85000000000002
2002-08-20 00:00:00,231.25
2002-08-21 00:00:00,231.04999999999995
2002-08-22 00:00:00,232.0
2002-08-23 00:00:00,232.69999999999993
2002-08-26 00:00:00,231.44999999999993
2002-08-27 00:00:00,231.64999999999998
2002-08-28 00:00:00,233.5
2002-08-29 00:00:00,233.54999999999995
2002-08-30 00:00:00,234.04999999999995
2002-09-03 00:00:00,236.69999999999993
2002-09-04 00:00:00,238.64999999999998
2002-09-05 00:00:00,237.54999999999995
2002-09-06 00:00:00,238.39999999999998
2002-09-09 00:00:00,242.14999999999986
2002-09-10 00:00:00,240.79999999999995
2002-09-11 00:00:00,240.19999999999993
2002-09-12 00:00:00,241.94999999999993
2002-09-13 00:00:00,242.44999999999993
2002-09-16 00:00:00,243.8499999999999
2002-09-17 00:00:00,242.54999999999995
2002-09-18 00:00:00,241.0999999999999
2002-09-19 00:00:00,239.29999999999995
2002-09-20 00:00:00,236.89999999999998
2002-09-23 00:00:00,235.5
2002-09-24 00:00:00,235.69999999999993
2002-09-25 00:00:00,237.0
2002-09-26 00:00:00,236.04999999999995
2002-09-27 00:00:00,236.5
2002-09-30 00:00:00,235.35000000000002
2002-10-01 00:00:00,237.39999999999998
2002-10-02 00:00:00,237.79999999999995
2002-10-03 00:00:00,237.29999999999995
2002-10-04 00:00:00,236.85000000000002
2002-10-07 00:00:00,238.60000000000002
2002-10-08 00:00:00,239.10000000000002
2002-10-09 00:00:00,239.64999999999986
2002-10-10 00:00:00,238.25
2002-10-11 00:00:00,238.19999999999993
2002-10-14 00:00:00,243.64999999999986
2002-10-15 00:00:00,250.54999999999995
2002-10-16 00:00:00,247.94999999999993
2002-10-17 00:00:00,247.14999999999998
2002-10-18 00:00:00,243.44999999999993
2002-10-21 00:00:00,246.14999999999986
2002-10-22 00:00:00,244.94999999999993
2002-10-23 00:00:00,245.14999999999986
2002-10-24 00:00:00,248.35000000000002
2002-10-25 00:00:00,249.39999999999998
2002-10-28 00:00:00,245.54999999999995
2002-10-29 00:00:00,243.7499999999999
2002-10-30 00:00:00,243.8499999999999
2002-10-31 00:00:00,246.79999999999995
2002-11-01 00:00:00,244.7499999999999
2002-11-04 00:00:00,246.04999999999995
2002-11-05 00:00:00,246.75
2002-11-06 00:00:00,247.04999999999995
2002-11-07 00:00:00,247.5
2002-11-08 00:00:00,248.79999999999995
2002-11-11 00:00:00,247.04999999999995
2002-11-12 00:00:00,244.79999999999995
2002-11-13 00:00:00,245.14999999999986
2002-11-14 00:00:00,245.4999999999999
2002-11-15 00:00:00,248.19999999999993
2002-11-18 00:00:00,247.29999999999995
2002-11-19 00:00:00,248.64999999999998
2002-11-20 00:00:00,250.19999999999993
2002-11-21 00:00:00,249.60000000000002
2002-11-22 00:00:00,249.10000000000002
2002-11-25 00:00:00,247.64999999999998
2002-11-26 00:00:00,248.29999999999995
2002-11-27 00:00:00,248.39999999999998
2002-12-02 00:00:00,250.64999999999998
2002-12-03 00:00:00,248.75
2002-12-04 00:00:00,247.89999999999998
2002-12-05 00:00:00,248.89999999999998
2002-12-06 00:00:00,245.0999999999999
2002-12-09 00:00:00,244.0999999999999
2002-12-10 00:00:00,243.44999999999993
2002-12-11 00:00:00,239.54999999999995
2002-12-12 00:00:00,238.35000000000002
2002-12-13 00:00:00,237.89999999999998
2002-12-16 00:00:00,239.04999999999995
2002-12-17 00:00:00,239.94999999999993
2002-12-18 00:00:00,240.39999999999998
2002-12-19 00:00:00,239.35000000000002
2002-12-20 00:00:00,239.9999999999999
2002-12-23 00:00:00,239.25
2002-12-24 00:00:00,238.89999999999998
2002-12-27 00:00:00,239.14999999999998
2002-12-30 00:00:00,239.14999999999998
2002-12-31 00:00:00,238.0
2003-01-02 00:00:00,239.44999999999993
2003-01-03 00:00:00,239.04999999999995
2003-01-06 00:00:00,241.04999999999995
2003-01-07 00:00:00,241.29999999999995
2003-01-08 00:00:00,240.64999999999998
2003-01-09 00:00:00,240.4999999999999
2003-01-10 00:00:00,242.8499999999999
2003-01-13 00:00:00,242.69999999999993
2003-01-14 00:00:00,242.69999999999993
2003-01-15 00:00:00,243.7499999999999
2003-01-16 00:00:00,243.64999999999986
2003-01-17 00:00:00,244.04999999999995
2003-01-21 00:00:00,244.19999999999993
2003-01-22 00:00:00,245.94999999999993
2003-01-23 00:00:00,245.9999999999999
2003-01-24 00:00:00,245.44999999999993
2003-01-27 00:00:00,243.44999999999993
2003-01-28 00:00:00,242.94999999999993
2003-01-29 00:00:00,241.54999999999995
2003-01-30 00:00:00,241.79999999999995
2003-01-31 00:00:00,243.0999999999999
2003-02-03 00:00:00,244.04999999999995
2003-02-04 00:00:00,242.94999999999993
2003-02-05 00:00:00,242.19999999999993
2003-02-06 00:00:00,243.64999999999998
2003-02-07 00:00:00,243.89999999999998
2003-02-10 00:00:00,244.8499999999999
2003-02-11 00:00:00,244.19999999999993
2003-02-12 00:00:00,242.94999999999993
2003-02-13 00:00:00,239.7499999999999
2003-02-14 00:00:00,240.64999999999998
2003-02-19 00:00:00,239.19999999999993
2003-02-20 00:00:00,239.8499999999999
2003-02-21 00:00:00,239.19999999999993
2003-02-24 00:00:00,237.64999999999998
2003-02-25 00:00:00,236.29999999999995
2003-02-26 00:00:00,235.54999999999995
2003-02-27 00:00:00,235.94999999999993
2003-02-28 00:00:00,234.25
2003-03-03 00:00:00,235.04999999999995
2003-03-04 00:00:00,234.39999999999998
2003-03-05 00:00:00,235.69999999999993
2003-03-06 00:00:00,235.85000000000002
2003-03-07 00:00:00,236.10000000000002
2003-03-10 00:00:00,236.54999999999995
2003-03-11 00:00:00,234.69999999999993
2003-03-12 00:00:00,234.25
2003-03-13 00:00:00,234.5
2003-03-14 00:00:00,234.79999999999995
2003-03-17 00:00:00,232.64999999999998
2003-03-18 00:00:00,233.70000000000005
2003-03-19 00:00:00,234.25
2003-03-20 00:00:00,235.79999999999995
2003-03-21 00:00:00,236.39999999999998
2003-03-24 00:00:00,234.94999999999993
2003-03-25 00:00:00,233.14999999999998
2003-03-26 00:00:00,233.04999999999995
2003-03-27 00:00:00,232.25
2003-03-28 00:00:00,233.35000000000002
2003-03-31 00:00:00,233.75
2003-04-01 00:00:00,233.45000000000005
2003-04-02 00:00:00,235.25
2003-04-03 00:00:00,236.5
2003-04-04 00:00:00,235.85000000000002
2003-04-07 00:00:00,237.25
2003-04-08 00:00:00,236.35000000000002
2003-04-09 00:00:00,235.89999999999998
2003-04-10 00:00:00,235.60000000000002
2003-04-11 00:00:00,235.60000000000002
2003-04-14 00:00:00,233.0
2003-04-15 00:00:00,234.29999999999995
2003-04-16 00:00:00,234.75
2003-04-17 00:00:00,237.5
2003-04-21 00:00:00,238.10000000000002
2003-04-22 00:00:00,239.25
2003-04-23 00:00:00,238.70000000000005
2003-04-24 00:00:00,237.64999999999998
2003-04-25 00:00:00,237.29999999999995
2003-04-28 00:00:00,236.54999999999995
2003-04-29 00:00:00,238.64999999999998
2003-04-30 00:00:00,241.69999999999993
2003-05-01 00:00:00,241.5999999999999
2003-05-02 00:00:00,240.29999999999995
2003-05-05 00:00:00,240.64999999999998
2003-05-06 00:00:00,241.94999999999993
2003-05-07 00:00:00,240.9999999999999
2003-05-08 00:00:00,241.19999999999993
2003-05-09 00:00:00,240.8499999999999
2003-05-12 00:00:00,240.89999999999998
2003-05-13 00:00:00,239.79999999999995
2003-05-14 00:00:00,237.89999999999998
2003-05-15 00:00:00,237.25
2003-05-16 00:00:00,237.89999999999998
2003-05-19 00:00:00,237.25
2003-05-20 00:00:00,239.5999999999999
2003-05-21 00:00:00,238.5
2003-05-22 00:00:00,238.79999999999995
2003-05-23 00:00:00,238.10000000000002
2003-05-27 00:00:00,233.60000000000002
2003-05-28 00:00:00,233.0
2003-05-29 00:00:00,231.75
2003-05-30 00:00:00,230.79999999999995
2003-06-02 00:00:00,232.35000000000002
2003-06-03 00:00:00,231.95000000000005
2003-06-04 00:00:00,231.60000000000002
2003-06-05 00:00:00,231.39999999999998
2003-06-06 00:00:00,231.79999999999995
2003-06-09 00:00:00,231.29999999999995
2003-06-10 00:00:00,232.60000000000002
2003-06-11 00:00:00,233.54999999999995
2003-06-12 00:00:00,233.60000000000002
2003-06-13 00:00:00,232.60000000000002
2003-06-16 00:00:00,232.14999999999998
2003-06-17 00:00:00,231.79999999999995
2003-06-18 00:00:00,230.85000000000002
2003-06-19 00:00:00,229.10000000000002
2003-06-20 00:00:00,228.54999999999995
2003-06-23 00:00:00,228.75
2003-06-24 00:00:00,229.94999999999993
2003-06-25 00:00:00,228.85000000000002
2003-06-26 00:00:00,230.70000000000005
2003-06-27 00:00:00,230.95000000000005
2003-06-30 00:00:00,231.39999999999998
2003-07-01 00:00:00,231.29999999999995
2003-07-02 00:00:00,234.0
2003-07-03 00:00:00,232.85000000000002
2003-07-07 00:00:00,232.35000000000002
2003-07-08 00:00:00,232.85000000000002
2003-07-09 00:00:00,233.70000000000005
2003-07-10 00:00:00,231.95000000000005
2003-07-11 00:00:00,232.20000000000005
2003-07-14 00:00:00,233.39999999999998
2003-07-15 00:00:00,233.0
2003-07-16 00:00:00,233.29999999999995
2003-07-17 00:00:00,233.85000000000002
2003-07-18 00:00:00,233.5
2003-07-21 00:00:00,230.54999999999995
2003-07-22 00:00:00,229.79999999999995
2003-07-23 00:00:00,229.69999999999993
2003-07-24 00:00:00,229.29999999999995
2003-07-25 00:00:00,231.14999999999998
2003-07-28 00:00:00,231.64999999999998
2003-07-29 00:00:00,233.25
2003-07-30 00:00:00,233.04999999999995
2003-07-31 00:00:00,233.75
2003-08-01 00:00:00,235.35000000000002
2003-08-04 00:00:00,235.20000000000005
2003-08-05 00:00:00,233.5
2003-08-06 00:00:00,234.20000000000005
2003-08-07 00:00:00,234.95000000000005
2003-08-08 00:00:00,234.45000000000005
2003-08-11 00:00:00,232.0
2003-08-12 00:00:00,231.45000000000005
2003-08-13 00:00:00,232.64999999999998
2003-08-14 00:00:00,231.25
2003-08-15 00:00:00,230.95000000000005
2003-08-18 00:00:00,230.29999999999995
2003-08-19 00:00:00,230.20000000000005
2003-08-20 00:00:00,230.14999999999998
2003-08-21 00:00:00,232.0
2003-08-22 00:00:00,231.19999999999993
2003-08-25 00:00:00,231.5
2003-08-26 00:00:00,231.0
2003-08-27 00:00:00,230.5
2003-08-28 00:00:00,231.14999999999998
2003-08-29 00:00:00,231.45000000000005
2003-09-02 00:00:00,231.75
2003-09-03 00:00:00,231.39999999999998
2003-09-04 00:00:00,233.0
2003-09-05 00:00:00,234.39999999999998
2003-09-08 00:00:00,238.39999999999998
2003-09-09 00:00:00,238.89999999999998
2003-09-10 00:00:00,238.79999999999995
2003-09-11 00:00:00,240.0999999999999
2003-09-12 00:00:00,238.20000000000005
2003-09-15 00:00:00,233.79999999999995
2003-09-16 00:00:00,230.64999999999998
2003-09-17 00:00:00,231.75
2003-09-18 00:00:00,230.64999999999998
2003-09-19 00:00:00,231.04999999999995
2003-09-22 00:00:00,232.79999999999995
2003-09-23 00:00:00,232.25
2003-09-24 00:00:00,233.39999999999998
2003-09-25 00:00:00,233.10000000000002
2003-09-26 00:00:00,231.39999999999998
2003-09-29 00:00:00,231.45000000000005
2003-09-30 00:00:00,230.95000000000005
2003-10-01 00:00:00,233.20000000000005
2003-10-02 00:00:00,232.54999999999995
2003-10-03 00:00:00,233.14999999999998
2003-10-06 00:00:00,231.25
2003-10-07 00:00:00,231.35000000000002
2003-10-08 00:00:00,230.69999999999993
2003-10-09 00:00:00,230.25
2003-10-10 00:00:00,229.25
2003-10-13 00:00:00,228.60000000000002
2003-10-14 00:00:00,229.5
2003-10-15 00:00:00,229.0999999999999
2003-10-16 00:00:00,229.44999999999993
2003-10-17 00:00:00,228.54999999999995
2003-10-20 00:00:00,229.64999999999998
2003-10-21 00:00:00,230.5
2003-10-22 00:00:00,229.89999999999998
2003-10-23 00:00:00,230.54999999999995
2003-10-24 00:00:00,231.14999999999998
2003-10-27 00:00:00,232.60000000000002
2003-10-28 00:00:00,232.60000000000002
2003-10-29 00:00:00,229.35000000000002
2003-10-30 00:00:00,227.75
2003-10-31 00:00:00,226.69999999999993
2003-11-03 00:00:00,226.85000000000002
2003-11-04 00:00:00,228.0
2003-11-05 00:00:00,227.69999999999993
2003-11-06 00:00:00,227.85000000000002
2003-11-07 00:00:00,228.35000000000002
2003-11-10 00:00:00,227.35000000000002
2003-11-11 00:00:00,227.5
2003-11-12 00:00:00,227.25
2003-11-13 00:00:00,228.25
2003-11-14 00:00:00,227.44999999999993
2003-11-17 00:00:00,227.25
2003-11-18 00:00:00,227.64999999999998
2003-11-19 00:00:00,227.60000000000002
2003-11-20 00:00:00,225.64999999999998
2003-11-21 00:00:00,224.79999999999995
2003-11-24 00:00:00,225.19999999999993
2003-11-25 00:00:00,225.29999999999995
2003-11-26 00:00:00,225.69999999999993
2003-12-01 00:00:00,227.44999999999993
2003-12-02 00:00:00,229.94999999999993
2003-12-03 00:00:00,230.29999999999995
2003-12-04 00:00:00,228.75
2003-12-05 00:00:00,229.69999999999993
2003-12-08 00:00:00,231.5
2003-12-09 00:00:00,231.20000000000005
2003-12-10 00:00:00,230.54999999999995
2003-12-11 00:00:00,229.64999999999998
2003-12-12 00:00:00,230.54999999999995
2003-12-15 00:00:00,227.25
2003-12-16 00:00:00,227.54999999999995
2003-12-17 00:00:00,228.69999999999993
2003-12-18 00:00:00,228.19999999999993
2003-12-19 00:00:00,229.35000000000002
2003-12-22 00:00:00,229.14999999999998
2003-12-23 00:00:00,228.89999999999998
2003-12-24 00:00:00,228.29999999999995
2003-12-29 00:00:00,229.0
2003-12-30 00:00:00,228.69999999999993
2003-12-31 00:00:00,230.0
2004-01-05 00:00:00,233.64999999999998
2004-01-06 00:00:00,235.10000000000002
2004-01-07 00:00:00,233.89999999999998
2004-01-08 00:00:00,233.39999999999998
2004-01-09 00:00:00,233.85000000000002
2004-01-12 00:00:00,235.85000000000002
2004-01-13 00:00:00,235.0
2004-01-14 00:00:00,234.39999999999998
2004-01-15 00:00:00,234.60000000000002
2004-01-16 00:00:00,236.20000000000005
2004-01-20 00:00:00,239.75
2004-01-21 00:00:00,239.0
2004-01-22 00:00:00,240.3499999999999
2004-01-23 00:00:00,239.5
2004-01-26 00:00:00,242.39999999999998
2004-01-27 00:00:00,243.69999999999993
2004-01-28 00:00:00,241.79999999999995
2004-01-29 00:00:00,240.25
2004-01-30 00:00:00,240.54999999999995
2004-02-02 00:00:00,240.0999999999999
2004-02-03 00:00:00,239.7499999999999
2004-02-04 00:00:00,237.79999999999995
2004-02-05 00:00:00,237.89999999999998
2004-02-06 00:00:00,237.14999999999998
2004-02-09 00:00:00,236.89999999999998
2004-02-10 00:00:00,239.5999999999999
2004-02-11 00:00:00,239.8499999999999
2004-02-12 00:00:00,240.69999999999993
2004-02-13 00:00:00,239.54999999999995
2004-02-17 00:00:00,239.89999999999998
2004-02-18 00:00:00,235.75
2004-02-19 00:00:00,235.64999999999998
2004-02-20 00:00:00,235.10000000000002
2004-02-23 00:00:00,234.54999999999995
2004-02-24 00:00:00,237.89999999999998
2004-02-25 00:00:00,237.29999999999995
2004-02-26 00:00:00,239.44999999999993
2004-02-27 00:00:00,239.89999999999998
2004-03-01 00:00:00,239.14999999999998
2004-03-02 00:00:00,238.45000000000005
2004-03-03 00:00:00,236.60000000000002
2004-03-04 00:00:00,237.69999999999993
2004-03-05 00:00:00,238.10000000000002
2004-03-08 00:00:00,238.35000000000002
2004-03-09 00:00:00,236.85000000000002
2004-03-10 00:00:00,237.79999999999995
2004-03-11 00:00:00,239.5999999999999
2004-03-12 00:00:00,239.20000000000005
2004-03-15 00:00:00,240.5999999999999
2004-03-16 00:00:00,241.04999999999995
2004-03-17 00:00:00,239.94999999999993
2004-03-18 00:00:00,239.35000000000002
2004-03-19 00:00:00,239.94999999999993
2004-03-22 00:00:00,240.4999999999999
2004-03-23 00:00:00,239.54999999999995
2004-03-24 00:00:00,238.20000000000005
2004-03-25 00:00:00,234.39999999999998
2004-03-26 00:00:00,235.10000000000002
2004-03-29 00:00:00,235.54999999999995
2004-03-30 00:00:00,236.44999999999993
2004-03-31 00:00:00,236.89999999999998
2004-04-01 00:00:00,237.25
2004-04-02 00:00:00,236.60000000000002
2004-04-05 00:00:00,235.14999999999998
2004-04-06 00:00:00,236.04999999999995
2004-04-07 00:00:00,236.5
2004-04-08 00:00:00,235.85000000000002
2004-04-12 00:00:00,235.39999999999998
2004-04-13 00:00:00,232.60000000000002
2004-04-14 00:00:00,233.60000000000002
2004-04-15 00:00:00,233.54999999999995
2004-04-16 00:00:00,233.04999999999995
2004-04-19 00:00:00,233.29999999999995
2004-04-20 00:00:00,232.75
2004-04-21 00:00:00,230.54999999999995
2004-04-22 00:00:00,231.25
2004-04-23 00:00:00,231.35000000000002
2004-04-26 00:00:00,231.44999999999993
2004-04-27 00:00:00,232.5
2004-04-28 00:00:00,231.94999999999993
2004-04-29 00:00:00,231.0
2004-04-30 00:00:00,230.0
2004-05-03 00:00:00,230.64999999999998
2004-05-04 00:00:00,233.10000000000002
2004-05-05 00:00:00,233.10000000000002
2004-05-06 00:00:00,232.04999999999995
2004-05-07 00:00:00,231.0
2004-05-10 00:00:00,232.85000000000002
2004-05-11 00:00:00,233.29999999999995
2004-05-12 00:00:00,232.35000000000002
2004-05-13 00:00:00,232.89999999999998
2004-05-14 00:00:00,233.0
2004-05-17 00:00:00,230.44999999999993
2004-05-18 00:00:00,232.89999999999998
2004-05-19 00:00:00,233.85000000000002
2004-05-20 00:00:00,232.39999999999998
2004-05-21 00:00:00,233.25
2004-05-24 00:00:00,237.54999999999995
2004-05-25 00:00:00,238.70000000000005
2004-05-26 00:00:00,241.04999999999995
2004-05-27 00:00:00,240.8499999999999
2004-05-28 00:00:00,246.44999999999993
2004-06-01 00:00:00,243.79999999999995
2004-06-02 00:00:00,244.8499999999999
2004-06-03 00:00:00,244.04999999999995
2004-06-04 00:00:00,243.94999999999993
2004-06-07 00:00:00,242.0999999999999
2004-06-08 00:00:00,242.69999999999993
2004-06-09 00:00:00,244.04999999999995
2004-06-10 00:00:00,244.29999999999995
2004-06-14 00:00:00,241.14999999999998
2004-06-15 00:00:00,239.35000000000002
2004-06-16 00:00:00,239.35000000000002
2004-06-17 00:00:00,237.20000000000005
2004-06-18 00:00:00,237.04999999999995
2004-06-21 00:00:00,234.85000000000002
2004-06-22 00:00:00,235.0
2004-06-23 00:00:00,235.35000000000002
2004-06-24 00:00:00,235.0
2004-06-25 00:00:00,232.5
2004-06-28 00:00:00,233.45000000000005
2004-06-29 00:00:00,232.64999999999998
2004-06-30 00:00:00,234.04999999999995
2004-07-01 00:00:00,233.64999999999998
2004-07-02 00:00:00,231.0
2004-07-06 00:00:00,229.54999999999995
2004-07-07 00:00:00,230.29999999999995
2004-07-08 00:00:00,228.75
2004-07-09 00:00:00,229.69999999999993
2004-07-12 00:00:00,229.39999999999998
2004-07-13 00:00:00,229.29999999999995
2004-07-14 00:00:00,230.29999999999995
2004-07-15 00:00:00,230.85000000000002
2004-07-16 00:00:00,230.39999999999998
2004-07-19 00:00:00,230.70000000000005
2004-07-20 00:00:00,232.29999999999995
2004-07-21 00:00:00,230.10000000000002
2004-07-22 00:00:00,230.45000000000005
2004-07-23 00:00:00,228.60000000000002
2004-07-26 00:00:00,227.39999999999998
2004-07-27 00:00:00,226.69999999999993
2004-07-28 00:00:00,226.69999999999993
2004-07-29 00:00:00,226.39999999999998
2004-07-30 00:00:00,225.19999999999993
2004-08-02 00:00:00,225.19999999999993
2004-08-03 00:00:00,225.64999999999998
2004-08-04 00:00:00,225.14999999999998
2004-08-05 00:00:00,224.79999999999995
2004-08-06 00:00:00,225.94999999999993
2004-08-09 00:00:00,226.25
2004-08-10 00:00:00,225.94999999999993
2004-08-11 00:00:00,225.69999999999993
2004-08-12 00:00:00,224.20000000000005
2004-08-13 00:00:00,224.14999999999998
2004-08-16 00:00:00,227.5
2004-08-17 00:00:00,227.85000000000002
2004-08-18 00:00:00,225.25
2004-08-19 00:00:00,225.94999999999993
2004-08-20 00:00:00,225.60000000000002
2004-08-23 00:00:00,228.85000000000002
2004-08-24 00:00:00,228.54999999999995
2004-08-25 00:00:00,228.89999999999998
2004-08-26 00:00:00,229.85000000000002
2004-08-27 00:00:00,229.0
2004-08-30 00:00:00,227.5
2004-08-31 00:00:00,228.0
2004-09-01 00:00:00,229.35000000000002
2004-09-02 00:00:00,229.64999999999998
2004-09-03 00:00:00,227.60000000000002
2004-09-07 00:00:00,226.25
2004-09-08 00:00:00,226.64999999999998
2004-09-09 00:00:00,229.39999999999998
2004-09-10 00:00:00,229.60000000000002
2004-09-13 00:00:00,232.75
2004-09-14 00:00:00,233.20000000000005
2004-09-15 00:00:00,232.45000000000005
2004-09-16 00:00:00,233.85000000000002
2004-09-17 00:00:00,234.14999999999998
2004-09-20 00:00:00,235.10000000000002
2004-09-21 00:00:00,237.04999999999995
2004-09-22 00:00:00,238.95000000000005
2004-09-23 00:00:00,236.45000000000005
2004-09-24 00:00:00,238.39999999999998
2004-09-27 00:00:00,241.39999999999998
2004-09-28 00:00:00,236.5
2004-09-29 00:00:00,237.79999999999995
2004-09-30 00:00:00,237.75
2004-10-01 00:00:00,235.54999999999995
2004-10-04 00:00:00,231.60000000000002
2004-10-05 00:00:00,233.54999999999995
2004-10-06 00:00:00,233.04999999999995
2004-10-07 00:00:00,233.54999999999995
2004-10-08 00:00:00,232.60000000000002
2004-10-11 00:00:00,231.25
2004-10-12 00:00:00,229.89999999999998
2004-10-13 00:00:00,229.19999999999993
2004-10-14 00:00:00,228.64999999999998
2004-10-15 00:00:00,230.04999999999995
2004-10-18 00:00:00,229.25
2004-10-19 00:00:00,228.35000000000002
2004-10-20 00:00:00,230.04999999999995
2004-10-21 00:00:00,230.95000000000005
2004-10-22 00:00:00,230.5
2004-10-25 00:00:00,231.0
2004-10-26 00:00:00,231.20000000000005
2004-10-27 00:00:00,233.29999999999995
2004-10-28 00:00:00,233.10000000000002
2004-10-29 00:00:00,229.79999999999995
2004-11-01 00:00:00,229.60000000000002
2004-11-02 00:00:00,231.10000000000002
2004-11-03 00:00:00,232.54999999999995
2004-11-04 00:00:00,233.25
2004-11-05 00:00:00,233.64999999999998
2004-11-08 00:00:00,235.25
2004-11-09 00:00:00,235.54999999999995
2004-11-10 00:00:00,236.89999999999998
2004-11-11 00:00:00,237.04999999999995
2004-11-12 00:00:00,236.14999999999998
2004-11-15 00:00:00,246.89999999999998
2004-11-16 00:00:00,242.04999999999995
2004-11-17 00:00:00,244.0
2004-11-18 00:00:00,244.64999999999998
2004-11-19 00:00:00,242.9999999999999
2004-11-22 00:00:00,245.19999999999993
2004-11-23 00:00:00,245.29999999999995
2004-11-24 00:00:00,244.29999999999995
2004-11-29 00:00:00,250.20000000000005
2004-11-30 00:00:00,249.80000000000007
2004-12-01 00:00:00,250.95000000000005
2004-12-02 00:00:00,250.14999999999998
2004-12-03 00:00:00,250.30000000000007
2004-12-06 00:00:00,250.0
2004-12-07 00:00:00,249.75
2004-12-08 00:00:00,250.39999999999998
2004-12-09 00:00:00,250.30000000000007
2004-12-10 00:00:00,249.64999999999998
2004-12-13 00:00:00,246.25
2004-12-14 00:00:00,246.39999999999998
2004-12-15 00:00:00,252.9000000000001
2004-12-16 00:00:00,252.10000000000002
2004-12-17 00:00:00,256.65
2004-12-20 00:00:00,259.15
2004-12-21 00:00:00,257.4
2004-12-22 00:00:00,253.60000000000002
2004-12-23 00:00:00,257.45000000000005
2004-12-27 00:00:00,257.05000000000007
2004-12-28 00:00:00,257.55000000000007
2004-12-29 00:00:00,260.29999999999995
2004-12-30 00:00:00,256.1
2005-01-03 00:00:00,255.45000000000005
2005-01-04 00:00:00,253.80000000000007
2005-01-05 00:00:00,250.85000000000002
2005-01-06 00:00:00,249.14999999999998
2005-01-07 00:00:00,248.60000000000002
2005-01-10 00:00:00,247.95000000000005
2005-01-11 00:00:00,248.0
2005-01-12 00:00:00,251.20000000000005
2005-01-13 00:00:00,253.45000000000005
2005-01-14 00:00:00,252.45000000000005
2005-01-18 00:00:00,256.75
2005-01-19 00:00:00,256.45000000000005
2005-01-20 00:00:00,254.35000000000002
2005-01-21 00:00:00,255.60000000000002
2005-01-24 00:00:00,257.0
2005-01-25 00:00:00,258.1
2005-01-26 00:00:00,257.45000000000005
2005-01-27 00:00:00,255.55000000000007
2005-01-28 00:00:00,257.65
2005-01-31 00:00:00,257.70000000000005
2005-02-01 00:00:00,258.20000000000005
2005-02-02 00:00:00,257.29999999999995
2005-02-03 00:00:00,257.70000000000005
2005-02-04 00:00:00,262.9
2005-02-07 00:00:00,265.20000000000005
2005-02-08 00:00:00,264.20000000000005
2005-02-09 00:00:00,265.05000000000007
2005-02-10 00:00:00,266.5
2005-02-11 00:00:00,266.20000000000005
2005-02-14 00:00:00,265.4
2005-02-15 00:00:00,270.6
2005-02-16 00:00:00,269.5
2005-02-17 00:00:00,269.5
2005-02-18 00:00:00,270.30000000000007
2005-02-22 00:00:00,267.25
2005-02-23 00:00:00,273.65
2005-02-24 00:00:00,271.4
2005-02-25 00:00:00,267.4
2005-02-28 00:00:00,271.54999999999995
2005-03-01 00:00:00,271.45000000000005
2005-03-02 00:00:00,271.54999999999995
2005-03-03 00:00:00,273.04999999999995
2005-03-04 00:00:00,274.04999999999995
2005-03-07 00:00:00,280.20000000000005
2005-03-08 00:00:00,282.85
2005-03-09 00:00:00,281.75
2005-03-10 00:00:00,288.1
2005-03-11 00:00:00,286.6500000000001
2005-03-14 00:00:00,284.70000000000005
2005-03-15 00:00:00,286.9000000000001
2005-03-16 00:00:00,286.35
2005-03-17 00:00:00,286.1
2005-03-18 00:00:00,283.20000000000005
2005-03-21 00:00:00,280.65
2005-03-22 00:00:00,281.35
2005-03-23 00:00:00,275.25
2005-03-24 00:00:00,270.9
2005-03-28 00:00:00,272.35
2005-03-29 00:00:00,272.04999999999995
2005-03-30 00:00:00,275.0
2005-03-31 00:00:00,276.4
2005-04-01 00:00:00,273.95000000000005
2005-04-04 00:00:00,273.1
2005-04-05 00:00:00,276.15
2005-04-06 00:00:00,274.80000000000007
2005-04-07 00:00:00,272.1
2005-04-08 00:00:00,267.0
2005-04-11 00:00:00,263.6
2005-04-12 00:00:00,265.0
2005-04-13 00:00:00,264.80000000000007
2005-04-14 00:00:00,261.25
2005-04-15 00:00:00,262.80000000000007
2005-04-18 00:00:00,262.30000000000007
2005-04-19 00:00:00,268.5
2005-04-20 00:00:00,272.0
2005-04-21 00:00:00,269.9
2005-04-22 00:00:00,274.95000000000005
2005-04-25 00:00:00,274.5
2005-04-26 00:00:00,279.6
2005-04-27 00:00:00,280.5
2005-04-28 00:00:00,278.05000000000007
2005-04-29 00:00:00,275.1
2005-05-02 00:00:00,270.70000000000005
2005-05-03 00:00:00,269.05000000000007
2005-05-04 00:00:00,272.6
2005-05-05 00:00:00,270.1
2005-05-06 00:00:00,271.65
2005-05-09 00:00:00,271.1
2005-05-10 00:00:00,268.75
2005-05-11 00:00:00,271.9
2005-05-12 00:00:00,269.65
2005-05-13 00:00:00,268.65
2005-05-16 00:00:00,263.4
2005-05-17 00:00:00,265.35
2005-05-18 00:00:00,265.55000000000007
2005-05-19 00:00:00,263.95000000000005
2005-05-20 00:00:00,264.15
2005-05-23 00:00:00,265.30000000000007
2005-05-24 00:00:00,266.79999999999995
2005-05-25 00:00:00,269.54999999999995
2005-05-26 00:00:00,270.85
2005-05-27 00:00:00,269.05000000000007
2005-05-31 00:00:00,265.5
2005-06-01 00:00:00,265.20000000000005
2005-06-02 00:00:00,269.25
2005-06-03 00:00:00,272.79999999999995
2005-06-06 00:00:00,271.30000000000007
2005-06-07 00:00:00,272.95000000000005
2005-06-08 00:00:00,268.70000000000005
2005-06-09 00:00:00,263.70000000000005
2005-06-10 00:00:00,260.29999999999995
2005-06-13 00:00:00,257.1
2005-06-14 00:00:00,258.20000000000005
2005-06-15 00:00:00,258.54999999999995
2005-06-16 00:00:00,256.9
2005-06-17 00:00:00,254.85000000000002
2005-06-20 00:00:00,256.29999999999995
2005-06-21 00:00:00,255.1500000000001
2005-06-22 00:00:00,258.20000000000005
2005-06-23 00:00:00,255.39999999999998
2005-06-24 00:00:00,252.45000000000005
2005-06-27 00:00:00,249.64999999999998
2005-06-28 00:00:00,251.45000000000005
2005-06-29 00:00:00,250.39999999999998
2005-06-30 00:00:00,252.0
2005-07-01 00:00:00,249.25
2005-07-05 00:00:00,249.25
2005-07-06 00:00:00,251.35000000000002
2005-07-07 00:00:00,251.10000000000002
2005-07-08 00:00:00,250.85000000000002
2005-07-11 00:00:00,248.5
2005-07-12 00:00:00,248.85000000000002
2005-07-13 00:00:00,248.85000000000002
2005-07-14 00:00:00,252.5
2005-07-15 00:00:00,249.45000000000005
2005-07-18 00:00:00,244.04999999999995
2005-07-19 00:00:00,240.5
2005-07-20 00:00:00,242.39999999999998
2005-07-21 00:00:00,242.8499999999999
2005-07-22 00:00:00,243.39999999999998
2005-07-25 00:00:00,246.04999999999995
2005-07-26 00:00:00,245.79999999999995
2005-07-27 00:00:00,243.29999999999995
2005-07-28 00:00:00,245.75
2005-07-29 00:00:00,247.10000000000002
2005-08-01 00:00:00,246.0999999999999
2005-08-02 00:00:00,250.54999999999995
2005-08-03 00:00:00,249.75
2005-08-04 00:00:00,250.25
2005-08-05 00:00:00,249.39999999999998
2005-08-08 00:00:00,246.39999999999998
2005-08-09 00:00:00,246.79999999999995
2005-08-10 00:00:00,249.95000000000005
2005-08-11 00:00:00,250.95000000000005
2005-08-12 00:00:00,249.0
2005-08-15 00:00:00,240.3499999999999
2005-08-16 00:00:00,240.89999999999998
2005-08-17 00:00:00,241.79999999999995
2005-08-18 00:00:00,239.25
2005-08-19 00:00:00,239.94999999999993
2005-08-22 00:00:00,240.14999999999998
2005-08-23 00:00:00,242.19999999999993
2005-08-24 00:00:00,239.44999999999993
2005-08-25 00:00:00,236.45000000000005
2005-08-26 00:00:00,235.14999999999998
2005-08-29 00:00:00,235.20000000000005
2005-08-30 00:00:00,237.45000000000005
2005-08-31 00:00:00,240.5
2005-09-01 00:00:00,244.39999999999998
2005-09-02 00:00:00,242.4999999999999
2005-09-06 00:00:00,240.19999999999993
2005-09-07 00:00:00,234.20000000000005
2005-09-08 00:00:00,235.39999999999998
2005-09-09 00:00:00,234.89999999999998
2005-09-12 00:00:00,231.60000000000002
2005-09-13 00:00:00,231.35000000000002
2005-09-14 00:00:00,234.10000000000002
2005-09-15 00:00:00,231.70000000000005
2005-09-16 00:00:00,229.64999999999998
2005-09-19 00:00:00,225.89999999999998
2005-09-20 00:00:00,231.95000000000005
2005-09-21 00:00:00,230.54999999999995
2005-09-22 00:00:00,231.75
2005-09-23 00:00:00,230.95000000000005
2005-09-26 00:00:00,227.10000000000002
2005-09-27 00:00:00,227.60000000000002
2005-09-28 00:00:00,232.35000000000002
2005-09-29 00:00:00,232.39999999999998
2005-09-30 00:00:00,232.89999999999998
2005-10-03 00:00:00,232.29999999999995
2005-10-04 00:00:00,232.14999999999998
2005-10-05 00:00:00,233.14999999999998
2005-10-06 00:00:00,232.95000000000005
2005-10-07 00:00:00,234.29999999999995
2005-10-10 00:00:00,238.35000000000002
2005-10-11 00:00:00,240.19999999999993
2005-10-12 00:00:00,240.7499999999999
2005-10-13 00:00:00,239.79999999999995
2005-10-14 00:00:00,239.10000000000002
2005-10-17 00:00:00,243.54999999999995
2005-10-18 00:00:00,244.0999999999999
2005-10-19 00:00:00,243.4999999999999
2005-10-20 00:00:00,245.14999999999998
2005-10-21 00:00:00,242.89999999999998
2005-10-24 00:00:00,242.5999999999999
2005-10-25 00:00:00,243.14999999999998
2005-10-26 00:00:00,241.14999999999998
2005-10-27 00:00:00,239.5999999999999
2005-10-28 00:00:00,237.79999999999995
2005-10-31 00:00:00,236.10000000000002
2005-11-01 00:00:00,236.55000000000007
2005-11-02 00:00:00,240.54999999999995
2005-11-03 00:00:00,243.14999999999998
2005-11-04 00:00:00,243.39999999999998
2005-11-07 00:00:00,242.64999999999998
2005-11-08 00:00:00,247.55000000000007
2005-11-09 00:00:00,246.64999999999998
2005-11-10 00:00:00,246.5
2005-11-11 00:00:00,246.75
2005-11-14 00:00:00,239.5999999999999
2005-11-15 00:00:00,236.10000000000002
2005-11-16 00:00:00,236.39999999999998
2005-11-17 00:00:00,237.89999999999998
2005-11-18 00:00:00,236.19999999999993
2005-11-21 00:00:00,238.79999999999995
2005-11-22 00:00:00,238.30000000000007
2005-11-23 00:00:00,237.19999999999993
2005-11-28 00:00:00,236.04999999999995
2005-11-29 00:00:00,235.85000000000002
2005-11-30 00:00:00,232.89999999999998
2005-12-01 00:00:00,232.35000000000002
2005-12-02 00:00:00,230.64999999999998
2005-12-05 00:00:00,231.75
2005-12-06 00:00:00,232.5
2005-12-07 00:00:00,231.60000000000002
2005-12-08 00:00:00,232.10000000000002
2005-12-09 00:00:00,231.79999999999995
2005-12-12 00:00:00,235.60000000000002
2005-12-13 00:00:00,234.20000000000005
2005-12-14 00:00:00,232.60000000000002
2005-12-15 00:00:00,233.75
2005-12-16 00:00:00,233.75
2005-12-19 00:00:00,237.25
2005-12-20 00:00:00,238.30000000000007
2005-12-21 00:00:00,237.10000000000002
2005-12-22 00:00:00,238.70000000000005
2005-12-23 00:00:00,238.5
2005-12-27 00:00:00,242.0999999999999
2005-12-28 00:00:00,242.89999999999998
2005-12-29 00:00:00,242.79999999999995
2005-12-30 00:00:00,242.9999999999999
2006-01-03 00:00:00,244.4999999999999
2006-01-04 00:00:00,246.54999999999995
2006-01-05 00:00:00,253.35000000000002
2006-01-06 00:00:00,255.45000000000005
2006-01-09 00:00:00,256.05000000000007
2006-01-10 00:00:00,255.0
2006-01-11 00:00:00,253.10000000000002
2006-01-12 00:00:00,253.45000000000005
2006-01-13 00:00:00,255.85000000000002
2006-01-17 00:00:00,259.70000000000005
2006-01-18 00:00:00,257.5
2006-01-19 00:00:00,255.30000000000007
2006-01-20 00:00:00,254.30000000000007
2006-01-23 00:00:00,256.35
2006-01-24 00:00:00,258.29999999999995
2006-01-25 00:00:00,258.95000000000005
2006-01-26 00:00:00,258.75
2006-01-27 00:00:00,260.20000000000005
2006-01-30 00:00:00,257.80000000000007
2006-01-31 00:00:00,254.14999999999998
2006-02-01 00:00:00,253.25
2006-02-02 00:00:00,254.0
2006-02-03 00:00:00,253.64999999999998
2006-02-06 00:00:00,249.29999999999995
2006-02-07 00:00:00,251.0
2006-02-08 00:00:00,249.60000000000002
2006-02-09 00:00:00,249.89999999999998
2006-02-10 00:00:00,251.35000000000002
2006-02-13 00:00:00,245.69999999999993
2006-02-14 00:00:00,243.79999999999995
2006-02-15 00:00:00,243.8499999999999
2006-02-16 00:00:00,241.7499999999999
2006-02-17 00:00:00,244.69999999999993
2006-02-21 00:00:00,245.94999999999993
2006-02-22 00:00:00,244.44999999999993
2006-02-23 00:00:00,246.0
2006-02-24 00:00:00,245.94999999999993
2006-02-27 00:00:00,243.39999999999998
2006-02-28 00:00:00,246.85000000000002
2006-03-01 00:00:00,247.20000000000005
2006-03-02 00:00:00,245.14999999999998
2006-03-03 00:00:00,247.14999999999998
2006-03-06 00:00:00,244.0
2006-03-07 00:00:00,241.7499999999999
2006-03-08 00:00:00,241.79999999999995
2006-03-09 00:00:00,241.89999999999986
2006-03-10 00:00:00,240.7499999999999
2006-03-13 00:00:00,239.05000000000007
2006-03-14 00:00:00,239.39999999999998
2006-03-15 00:00:00,241.89999999999986
2006-03-16 00:00:00,240.0999999999999
2006-03-17 00:00:00,238.39999999999998
2006-03-20 00:00:00,238.85000000000002
2006-03-21 00:00:00,240.0999999999999
2006-03-22 00:00:00,237.29999999999995
2006-03-23 00:00:00,238.04999999999995
2006-03-24 00:00:00,238.45000000000005
2006-03-27 00:00:00,239.10000000000002
2006-03-28 00:00:00,238.70000000000005
2006-03-29 00:00:00,237.5
2006-03-30 00:00:00,241.7499999999999
2006-03-31 00:00:00,240.14999999999998
2006-04-03 00:00:00,242.64999999999986
2006-04-04 00:00:00,240.2499999999999
2006-04-05 00:00:00,241.2499999999999
2006-04-06 00:00:00,242.04999999999995
2006-04-07 00:00:00,241.4999999999999
2006-04-10 00:00:00,241.29999999999995
2006-04-11 00:00:00,237.94999999999993
2006-04-12 00:00:00,237.94999999999993
2006-04-13 00:00:00,238.44999999999993
2006-04-17 00:00:00,239.79999999999995
2006-04-18 00:00:00,242.29999999999995
2006-04-19 00:00:00,243.29999999999995
2006-04-20 00:00:00,245.69999999999993
2006-04-21 00:00:00,244.69999999999993
2006-04-24 00:00:00,244.14999999999998
2006-04-25 00:00:00,239.4999999999999
2006-04-26 00:00:00,241.79999999999995
2006-04-27 00:00:00,238.29999999999995
2006-04-28 00:00:00,239.9999999999999
2006-05-01 00:00:00,239.89999999999998
2006-05-02 00:00:00,243.04999999999995
2006-05-03 00:00:00,241.64999999999986
2006-05-04 00:00:00,239.8499999999999
2006-05-05 00:00:00,238.54999999999995
2006-05-08 00:00:00,237.89999999999998
2006-05-09 00:00:00,239.20000000000005
2006-05-10 00:00:00,239.29999999999995
2006-05-11 00:00:00,234.75
2006-05-12 00:00:00,233.89999999999998
2006-05-15 00:00:00,231.89999999999998
2006-05-16 00:00:00,232.89999999999998
2006-05-17 00:00:00,231.69999999999993
2006-05-18 00:00:00,232.44999999999993
2006-05-19 00:00:00,230.95000000000005
2006-05-22 00:00:00,229.89999999999998
2006-05-23 00:00:00,231.69999999999993
2006-05-24 00:00:00,230.10000000000002
2006-05-25 00:00:00,228.94999999999993
2006-05-26 00:00:00,228.39999999999998
2006-05-30 00:00:00,229.04999999999995
2006-05-31 00:00:00,229.25
2006-06-01 00:00:00,230.19999999999993
2006-06-02 00:00:00,231.39999999999998
2006-06-05 00:00:00,228.60000000000002
2006-06-06 00:00:00,226.25
2006-06-07 00:00:00,226.19999999999993
2006-06-08 00:00:00,226.60000000000002
2006-06-09 00:00:00,226.04999999999995
2006-06-12 00:00:00,225.79999999999995
2006-06-13 00:00:00,225.29999999999995
2006-06-14 00:00:00,225.79999999999995
2006-06-15 00:00:00,226.29999999999995
2006-06-16 00:00:00,225.04999999999995
2006-06-19 00:00:00,224.60000000000002
2006-06-20 00:00:00,224.79999999999995
2006-06-21 00:00:00,224.04999999999995
2006-06-22 00:00:00,224.44999999999993
2006-06-23 00:00:00,223.94999999999993
2006-06-26 00:00:00,223.29999999999995
2006-06-27 00:00:00,224.04999999999995
2006-06-28 00:00:00,226.44999999999993
2006-06-29 00:00:00,226.19999999999993
2006-06-30 00:00:00,228.44999999999993
2006-07-03 00:00:00,230.85000000000002
2006-07-05 00:00:00,230.79999999999995
2006-07-06 00:00:00,230.39999999999998
2006-07-07 00:00:00,227.35000000000002
2006-07-10 00:00:00,228.04999999999995
2006-07-11 00:00:00,227.14999999999998
2006-07-12 00:00:00,227.29999999999995
2006-07-13 00:00:00,228.04999999999995
2006-07-14 00:00:00,225.60000000000002
2006-07-17 00:00:00,224.5
2006-07-18 00:00:00,224.44999999999993
2006-07-19 00:00:00,224.5
2006-07-20 00:00:00,223.14999999999998
2006-07-21 00:00:00,222.94999999999993
2006-07-24 00:00:00,221.39999999999998
2006-07-25 00:00:00,222.44999999999993
2006-07-26 00:00:00,222.85000000000002
2006-07-27 00:00:00,224.14999999999998
2006-07-28 00:00:00,226.75
2006-07-31 00:00:00,226.69999999999993
2006-08-01 00:00:00,225.64999999999998
2006-08-02 00:00:00,230.94999999999993
2006-08-03 00:00:00,233.14999999999998
2006-08-04 00:00:00,232.64999999999998
2006-08-07 00:00:00,234.29999999999995
2006-08-08 00:00:00,234.25
2006-08-09 00:00:00,234.75
2006-08-10 00:00:00,232.75
2006-08-11 00:00:00,231.54999999999995
2006-08-14 00:00:00,228.04999999999995
2006-08-15 00:00:00,230.10000000000002
2006-08-16 00:00:00,231.79999999999995
2006-08-17 00:00:00,230.69999999999993
2006-08-18 00:00:00,230.35000000000002
2006-08-21 00:00:00,234.14999999999998
2006-08-22 00:00:00,235.79999999999995
2006-08-23 00:00:00,234.54999999999995
2006-08-24 00:00:00,234.35000000000002
2006-08-25 00:00:00,233.44999999999993
2006-08-28 00:00:00,230.44999999999993
2006-08-29 00:00:00,230.5
2006-08-30 00:00:00,230.54999999999995
2006-08-31 00:00:00,231.19999999999993
2006-09-01 00:00:00,230.79999999999995
2006-09-05 00:00:00,233.5
2006-09-06 00:00:00,233.54999999999995
2006-09-07 00:00:00,230.79999999999995
2006-09-08 00:00:00,229.35000000000002
2006-09-11 00:00:00,226.94999999999993
2006-09-12 00:00:00,226.8499999999999
2006-09-13 00:00:00,227.60000000000002
2006-09-14 00:00:00,226.60000000000002
2006-09-15 00:00:00,225.29999999999995
2006-09-18 00:00:00,225.14999999999998
2006-09-19 00:00:00,226.29999999999995
2006-09-20 00:00:00,225.14999999999998
2006-09-21 00:00:00,226.75
2006-09-22 00:00:00,227.64999999999998
2006-09-25 00:00:00,229.85000000000002
2006-09-26 00:00:00,230.10000000000002
2006-09-27 00:00:00,230.10000000000002
2006-09-28 00:00:00,230.69999999999993
2006-09-29 00:00:00,230.85000000000002
2006-10-02 00:00:00,226.75
2006-10-03 00:00:00,227.44999999999993
2006-10-04 00:00:00,227.64999999999998
2006-10-05 00:00:00,227.69999999999993
2006-10-06 00:00:00,227.0999999999999
2006-10-09 00:00:00,226.25
2006-10-10 00:00:00,226.04999999999995
2006-10-11 00:00:00,226.25
2006-10-12 00:00:00,226.5
2006-10-13 00:00:00,227.25
2006-10-16 00:00:00,225.0999999999999
2006-10-17 00:00:00,225.64999999999998
2006-10-18 00:00:00,225.44999999999993
2006-10-19 00:00:00,225.04999999999995
2006-10-20 00:00:00,225.25
2006-10-23 00:00:00,230.04999999999995
2006-10-24 00:00:00,230.35000000000002
2006-10-25 00:00:00,230.04999999999995
2006-10-26 00:00:00,230.79999999999995
2006-10-27 00:00:00,231.19999999999993
2006-10-30 00:00:00,231.19999999999993
2006-10-31 00:00:00,231.44999999999993
2006-11-01 00:00:00,231.89999999999998
2006-11-02 00:00:00,233.75
2006-11-03 00:00:00,235.64999999999998
2006-11-06 00:00:00,236.35000000000002
2006-11-07 00:00:00,236.14999999999998
2006-11-08 00:00:00,238.95000000000005
2006-11-09 00:00:00,242.39999999999986
2006-11-10 00:00:00,239.14999999999998
2006-11-13 00:00:00,238.54999999999995
2006-11-14 00:00:00,239.25
2006-11-15 00:00:00,241.54999999999995
2006-11-16 00:00:00,240.04999999999995
2006-11-17 00:00:00,237.04999999999995
2006-11-20 00:00:00,238.85000000000002
2006-11-21 00:00:00,239.19999999999993
2006-11-22 00:00:00,239.25
2006-11-27 00:00:00,241.7499999999999
2006-11-28 00:00:00,244.04999999999995
2006-11-29 00:00:00,242.39999999999986
2006-11-30 00:00:00,243.39999999999986
2006-12-01 00:00:00,246.69999999999993
2006-12-04 00:00:00,243.29999999999995
2006-12-05 00:00:00,246.3499999999999
2006-12-06 00:00:00,244.89999999999998
2006-12-07 00:00:00,244.9999999999999
2006-12-08 00:00:00,244.94999999999993
2006-12-11 00:00:00,247.75
2006-12-12 00:00:00,246.85000000000002
2006-12-13 00:00:00,247.95000000000005
2006-12-14 00:00:00,248.0
2006-12-15 00:00:00,244.5
2006-12-18 00:00:00,243.54999999999995
2006-12-19 00:00:00,242.0999999999999
2006-12-20 00:00:00,245.8499999999999
2006-12-21 00:00:00,245.44999999999993
2006-12-22 00:00:00,244.5
2006-12-26 00:00:00,246.79999999999995
2006-12-27 00:00:00,248.0
2006-12-28 00:00:00,244.0999999999999
2006-12-29 00:00:00,245.29999999999995
2007-01-03 00:00:00,242.69999999999993
2007-01-04 00:00:00,244.0999999999999
2007-01-05 00:00:00,239.54999999999995
2007-01-08 00:00:00,239.19999999999993
2007-01-09 00:00:00,237.5
2007-01-10 00:00:00,239.8499999999999
2007-01-11 00:00:00,239.7499999999999
2007-01-12 00:00:00,239.39999999999998
2007-01-16 00:00:00,240.7499999999999
2007-01-17 00:00:00,240.69999999999993
2007-01-18 00:00:00,238.85000000000002
2007-01-19 00:00:00,238.79999999999995
2007-01-22 00:00:00,236.44999999999993
2007-01-23 00:00:00,234.75
2007-01-24 00:00:00,236.04999999999995
2007-01-25 00:00:00,235.10000000000002
2007-01-26 00:00:00,235.39999999999998
2007-01-29 00:00:00,235.69999999999993
2007-01-30 00:00:00,235.64999999999998
2007-01-31 00:00:00,236.79999999999995
2007-02-01 00:00:00,237.64999999999998
2007-02-02 00:00:00,237.29999999999995
2007-02-05 00:00:00,235.64999999999998
2007-02-06 00:00:00,235.54999999999995
2007-02-07 00:00:00,235.75
2007-02-08 00:00:00,234.44999999999993
2007-02-09 00:00:00,233.69999999999993
2007-02-12 00:00:00,232.85000000000002
2007-02-13 00:00:00,232.5
2007-02-14 00:00:00,232.60000000000002
2007-02-15 00:00:00,233.75
2007-02-16 00:00:00,231.89999999999998
2007-02-20 00:00:00,231.10000000000002
2007-02-21 00:00:00,232.35000000000002
2007-02-22 00:00:00,236.04999999999995
2007-02-23 00:00:00,236.04999999999995
2007-02-26 00:00:00,234.79999999999995
2007-02-27 00:00:00,234.20000000000005
2007-02-28 00:00:00,234.39999999999998
2007-03-01 00:00:00,232.5
2007-03-02 00:00:00,231.04999999999995
2007-03-05 00:00:00,227.39999999999998
2007-03-06 00:00:00,228.89999999999998
2007-03-07 00:00:00,228.10000000000002
2007-03-08 00:00:00,228.29999999999995
2007-03-09 00:00:00,228.39999999999998
2007-03-12 00:00:00,227.69999999999993
2007-03-13 00:00:00,226.94999999999993
2007-03-14 00:00:00,225.75
2007-03-15 00:00:00,226.44999999999993
2007-03-16 00:00:00,226.25
2007-03-19 00:00:00,226.14999999999998
2007-03-20 00:00:00,225.19999999999993
2007-03-21 00:00:00,228.39999999999998
2007-03-22 00:00:00,227.64999999999998
2007-03-23 00:00:00,229.25
2007-03-26 00:00:00,230.25
2007-03-27 00:00:00,228.35000000000002
2007-03-28 00:00:00,228.60000000000002
2007-03-29 00:00:00,226.5
2007-03-30 00:00:00,225.14999999999998
2007-04-02 00:00:00,224.5
2007-04-03 00:00:00,226.64999999999998
2007-04-04 00:00:00,226.39999999999998
2007-04-05 00:00:00,226.69999999999993
2007-04-09 00:00:00,225.5
2007-04-10 00:00:00,225.10000000000002
2007-04-11 00:00:00,225.29999999999995
2007-04-12 00:00:00,228.64999999999998
2007-04-13 00:00:00,227.5999999999999
2007-04-16 00:00:00,224.14999999999998
2007-04-17 00:00:00,225.19999999999993
2007-04-18 00:00:00,225.04999999999995
2007-04-19 00:00:00,224.44999999999993
2007-04-20 00:00:00,223.60000000000002
2007-04-23 00:00:00,222.3499999999999
2007-04-24 00:00:00,220.5999999999999
2007-04-25 00:00:00,220.19999999999993
2007-04-26 00:00:00,219.69999999999993
2007-04-27 00:00:00,219.94999999999993
2007-04-30 00:00:00,219.0999999999999
2007-05-01 00:00:00,217.79999999999995
2007-05-02 00:00:00,217.64999999999998
2007-05-03 00:00:00,217.29999999999995
2007-05-04 00:00:00,218.94999999999993
2007-05-07 00:00:00,217.75
2007-05-08 00:00:00,218.19999999999993
2007-05-09 00:00:00,219.19999999999993
2007-05-10 00:00:00,219.4999999999999
2007-05-11 00:00:00,218.64999999999998
2007-05-14 00:00:00,219.79999999999995
2007-05-15 00:00:00,220.25
2007-05-16 00:00:00,222.64999999999998
2007-05-17 00:00:00,226.04999999999995
2007-05-18 00:00:00,224.75
2007-05-21 00:00:00,224.94999999999993
2007-05-22 00:00:00,224.5
2007-05-23 00:00:00,225.0
2007-05-24 00:00:00,226.29999999999995
2007-05-25 00:00:00,225.8499999999999
2007-05-29 00:00:00,223.64999999999998
2007-05-30 00:00:00,224.29999999999995
2007-05-31 00:00:00,224.85000000000002
2007-06-01 00:00:00,230.29999999999995
2007-06-04 00:00:00,228.19999999999993
2007-06-05 00:00:00,229.44999999999993
2007-06-06 00:00:00,229.39999999999998
2007-06-07 00:00:00,229.94999999999993
2007-06-08 00:00:00,227.8499999999999
2007-06-11 00:00:00,228.35000000000002
2007-06-12 00:00:00,226.44999999999993
2007-06-13 00:00:00,227.5
2007-06-14 00:00:00,227.29999999999995
2007-06-15 00:00:00,227.29999999999995
2007-06-18 00:00:00,227.14999999999998
2007-06-19 00:00:00,225.89999999999998
2007-06-20 00:00:00,227.5
2007-06-21 00:00:00,226.79999999999995
2007-06-22 00:00:00,225.5
2007-06-25 00:00:00,221.25
2007-06-26 00:00:00,222.0
2007-06-27 00:00:00,222.29999999999995
2007-06-28 00:00:00,222.69999999999993
2007-06-29 00:00:00,222.89999999999998
2007-07-02 00:00:00,222.10000000000002
2007-07-03 00:00:00,221.19999999999993
2007-07-05 00:00:00,220.5
2007-07-06 00:00:00,219.8499999999999
2007-07-09 00:00:00,219.5
2007-07-10 00:00:00,221.25
2007-07-11 00:00:00,221.94999999999993
2007-07-12 00:00:00,221.5
2007-07-13 00:00:00,219.8499999999999
2007-07-16 00:00:00,221.8499999999999
2007-07-17 00:00:00,222.54999999999995
2007-07-18 00:00:00,224.0999999999999
2007-07-19 00:00:00,224.35000000000002
2007-07-20 00:00:00,224.0999999999999
2007-07-23 00:00:00,222.44999999999993
2007-07-24 00:00:00,225.8499999999999
2007-07-25 00:00:00,224.29999999999995
2007-07-26 00:00:00,221.5
2007-07-27 00:00:00,222.79999999999995
2007-07-30 00:00:00,223.04999999999995
2007-07-31 00:00:00,224.39999999999998
2007-08-01 00:00:00,223.19999999999993
2007-08-02 00:00:00,226.29999999999995
2007-08-03 00:00:00,227.69999999999993
2007-08-06 00:00:00,228.54999999999995
2007-08-07 00:00:00,227.64999999999998
2007-08-08 00:00:00,228.69999999999993
2007-08-09 00:00:00,229.64999999999998
2007-08-10 00:00:00,230.79999999999995
2007-08-13 00:00:00,230.89999999999998
2007-08-14 00:00:00,229.29999999999995
2007-08-15 00:00:00,229.3499999999999
2007-08-16 00:00:00,221.39999999999998
2007-08-17 00:00:00,225.64999999999998
2007-08-20 00:00:00,224.9999999999999
2007-08-21 00:00:00,224.5
2007-08-22 00:00:00,224.94999999999993
2007-08-23 00:00:00,225.8499999999999
2007-08-24 00:00:00,225.19999999999993
2007-08-27 00:00:00,223.35000000000002
2007-08-28 00:00:00,223.69999999999993
2007-08-29 00:00:00,222.25
2007-08-30 00:00:00,222.29999999999995
2007-08-31 00:00:00,222.0
2007-09-04 00:00:00,224.0999999999999
2007-09-05 00:00:00,222.19999999999993
2007-09-06 00:00:00,222.89999999999998
2007-09-07 00:00:00,223.04999999999995
2007-09-10 00:00:00,226.19999999999993
2007-09-11 00:00:00,225.64999999999998
2007-09-12 00:00:00,226.19999999999993
2007-09-13 00:00:00,225.44999999999993
2007-09-14 00:00:00,227.04999999999995
2007-09-17 00:00:00,233.94999999999993
2007-09-18 00:00:00,236.54999999999995
2007-09-19 00:00:00,237.5
2007-09-20 00:00:00,239.29999999999995
2007-09-21 00:00:00,236.04999999999995
2007-09-24 00:00:00,238.54999999999995
2007-09-25 00:00:00,239.25
2007-09-26 00:00:00,234.75
2007-09-27 00:00:00,234.94999999999993
2007-09-28 00:00:00,234.79999999999995
2007-10-01 00:00:00,240.9999999999999
2007-10-02 00:00:00,240.44999999999993
2007-10-03 00:00:00,241.9999999999999
2007-10-04 00:00:00,241.3499999999999
2007-10-05 00:00:00,243.14999999999986
2007-10-08 00:00:00,244.89999999999986
2007-10-09 00:00:00,239.89999999999986
2007-10-10 00:00:00,239.54999999999995
2007-10-11 00:00:00,244.39999999999986
2007-10-12 00:00:00,245.44999999999993
2007-10-15 00:00:00,236.19999999999993
2007-10-16 00:00:00,234.29999999999995
2007-10-17 00:00:00,235.69999999999993
2007-10-18 00:00:00,231.54999999999995
2007-10-19 00:00:00,231.14999999999998
2007-10-22 00:00:00,229.69999999999993
2007-10-23 00:00:00,229.9999999999999
2007-10-24 00:00:00,229.64999999999998
2007-10-25 00:00:00,226.7499999999999
2007-10-26 00:00:00,227.5999999999999
2007-10-29 00:00:00,228.5
2007-10-30 00:00:00,228.04999999999995
2007-10-31 00:00:00,227.5
2007-11-01 00:00:00,228.69999999999993
2007-11-02 00:00:00,225.0999999999999
2007-11-05 00:00:00,226.14999999999998
2007-11-06 00:00:00,226.89999999999998
2007-11-07 00:00:00,226.69999999999993
2007-11-08 00:00:00,228.04999999999995
2007-11-09 00:00:00,227.8499999999999
2007-11-12 00:00:00,227.94999999999993
2007-11-13 00:00:00,228.79999999999995
2007-11-14 00:00:00,230.3499999999999
2007-11-15 00:00:00,230.94999999999993
2007-11-16 00:00:00,231.10000000000002
2007-11-19 00:00:00,227.89999999999998
2007-11-20 00:00:00,229.79999999999995
2007-11-21 00:00:00,228.64999999999998
2007-11-26 00:00:00,227.64999999999998
2007-11-27 00:00:00,227.64999999999998
2007-11-28 00:00:00,231.0
2007-11-29 00:00:00,230.60000000000002
2007-11-30 00:00:00,231.25
2007-12-03 00:00:00,232.0
2007-12-04 00:00:00,232.64999999999998
2007-12-05 00:00:00,233.19999999999993
2007-12-06 00:00:00,231.10000000000002
2007-12-07 00:00:00,233.19999999999993
2007-12-10 00:00:00,235.54999999999995
2007-12-11 00:00:00,235.54999999999995
2007-12-12 00:00:00,236.19999999999993
2007-12-13 00:00:00,235.44999999999993
2007-12-14 00:00:00,236.0
2007-12-17 00:00:00,235.5
2007-12-18 00:00:00,236.5999999999999
2007-12-19 00:00:00,236.54999999999995
2007-12-20 00:00:00,235.75
2007-12-21 00:00:00,236.25
2007-12-26 00:00:00,235.69999999999993
2007-12-27 00:00:00,233.85000000000002
2007-12-28 00:00:00,235.14999999999998
2007-12-31 00:00:00,238.25
2008-01-02 00:00:00,236.04999999999995
2008-01-03 00:00:00,237.25
2008-01-04 00:00:00,234.75
2008-01-07 00:00:00,233.44999999999993
2008-01-08 00:00:00,237.5
2008-01-09 00:00:00,237.64999999999998
2008-01-10 00:00:00,238.69999999999993
2008-01-11 00:00:00,238.35000000000002
2008-01-14 00:00:00,239.5999999999999
2008-01-15 00:00:00,238.89999999999998
2008-01-16 00:00:00,236.94999999999993
2008-01-17 00:00:00,236.44999999999993
2008-01-18 00:00:00,235.14999999999998
2008-01-22 00:00:00,237.04999999999995
2008-01-23 00:00:00,233.35000000000002
2008-01-24 00:00:00,234.39999999999998
2008-01-25 00:00:00,233.5
2008-01-28 00:00:00,236.25
2008-01-29 00:00:00,235.75
2008-01-30 00:00:00,238.60000000000002
2008-01-31 00:00:00,240.14999999999986
2008-02-01 00:00:00,241.0999999999999
2008-02-04 00:00:00,244.69999999999993
2008-02-05 00:00:00,244.64999999999986
2008-02-06 00:00:00,245.19999999999993
2008-02-07 00:00:00,245.39999999999986
2008-02-08 00:00:00,249.25
2008-02-11 00:00:00,249.94999999999993
2008-02-12 00:00:00,250.0
2008-02-13 00:00:00,251.60000000000002
2008-02-14 00:00:00,254.64999999999998
2008-02-15 00:00:00,251.85000000000002
2008-02-19 00:00:00,257.19999999999993
2008-02-20 00:00:00,256.9
2008-02-21 00:00:00,258.44999999999993
2008-02-22 00:00:00,261.85
2008-02-25 00:00:00,263.44999999999993
2008-02-26 00:00:00,259.75
2008-02-27 00:00:00,263.54999999999995
2008-02-28 00:00:00,266.94999999999993
2008-02-29 00:00:00,266.25
2008-03-03 00:00:00,267.0
2008-03-04 00:00:00,264.5
2008-03-05 00:00:00,263.35
2008-03-06 00:00:00,254.19999999999993
2008-03-07 00:00:00,250.89999999999998
2008-03-10 00:00:00,249.94999999999993
2008-03-11 00:00:00,251.5
2008-03-12 00:00:00,253.39999999999998
2008-03-13 00:00:00,257.29999999999995
2008-03-14 00:00:00,251.64999999999998
2008-03-17 00:00:00,235.44999999999993
2008-03-18 00:00:00,237.0
2008-03-19 00:00:00,232.39999999999998
2008-03-20 00:00:00,230.35000000000002
2008-03-24 00:00:00,228.19999999999993
2008-03-25 00:00:00,232.10000000000002
2008-03-26 00:00:00,231.75
2008-03-27 00:00:00,232.0
2008-03-28 00:00:00,229.85000000000002
2008-03-31 00:00:00,226.85000000000002
2008-04-01 00:00:00,228.54999999999995
2008-04-02 00:00:00,228.0999999999999
2008-04-03 00:00:00,230.75
2008-04-04 00:00:00,231.3499999999999
2008-04-07 00:00:00,233.04999999999995
2008-04-08 00:00:00,232.64999999999998
2008-04-09 00:00:00,235.89999999999998
2008-04-10 00:00:00,231.14999999999998
2008-04-11 00:00:00,230.14999999999998
2008-04-14 00:00:00,230.3499999999999
2008-04-15 00:00:00,233.39999999999998
2008-04-16 00:00:00,234.0
2008-04-17 00:00:00,238.79999999999995
2008-04-18 00:00:00,234.3499999999999
2008-04-21 00:00:00,230.5
2008-04-22 00:00:00,233.5999999999999
2008-04-23 00:00:00,233.25
2008-04-24 00:00:00,228.5
2008-04-25 00:00:00,228.19999999999993
2008-04-28 00:00:00,231.39999999999998
2008-04-29 00:00:00,232.19999999999993
2008-04-30 00:00:00,232.3499999999999
2008-05-01 00:00:00,226.14999999999998
2008-05-02 00:00:00,226.29999999999995
2008-05-05 00:00:00,229.5
2008-05-06 00:00:00,230.5
2008-05-07 00:00:00,228.0
2008-05-08 00:00:00,231.44999999999993
2008-05-09 00:00:00,233.44999999999993
2008-05-12 00:00:00,235.44999999999993
2008-05-13 00:00:00,234.14999999999998
2008-05-14 00:00:00,234.5999999999999
2008-05-15 00:00:00,233.69999999999993
2008-05-16 00:00:00,234.89999999999998
2008-05-19 00:00:00,232.10000000000002
2008-05-20 00:00:00,233.69999999999993
2008-05-21 00:00:00,237.35000000000002
2008-05-22 00:00:00,231.10000000000002
2008-05-23 00:00:00,230.89999999999998
2008-05-27 00:00:00,228.89999999999998
2008-05-28 00:00:00,232.5
2008-05-29 00:00:00,229.39999999999998
2008-05-30 00:00:00,230.79999999999995
2008-06-02 00:00:00,234.29999999999995
2008-06-03 00:00:00,229.44999999999993
2008-06-04 00:00:00,229.69999999999993
2008-06-05 00:00:00,232.75
2008-06-06 00:00:00,232.79999999999995
2008-06-09 00:00:00,228.0
2008-06-10 00:00:00,232.0
2008-06-11 00:00:00,230.54999999999995
2008-06-12 00:00:00,231.54999999999995
2008-06-13 00:00:00,231.35000000000002
2008-06-16 00:00:00,233.25
2008-06-17 00:00:00,236.29999999999995
2008-06-18 00:00:00,233.89999999999998
2008-06-19 00:00:00,234.19999999999993
2008-06-20 00:00:00,241.2499999999999
2008-06-23 00:00:00,240.9999999999999
2008-06-24 00:00:00,242.89999999999986
2008-06-25 00:00:00,244.89999999999986
2008-06-26 00:00:00,248.20000000000005
2008-06-27 00:00:00,247.10000000000002
2008-06-30 00:00:00,247.75
2008-07-01 00:00:00,249.89999999999998
2008-07-02 00:00:00,250.5
2008-07-03 00:00:00,246.44999999999993
2008-07-07 00:00:00,237.85000000000002
2008-07-08 00:00:00,236.94999999999993
2008-07-09 00:00:00,235.14999999999998
2008-07-10 00:00:00,236.04999999999995
2008-07-11 00:00:00,236.79999999999995
2008-07-14 00:00:00,237.44999999999993
2008-07-15 00:00:00,235.25
2008-07-16 00:00:00,235.5
2008-07-17 00:00:00,232.19999999999993
2008-07-18 00:00:00,232.29999999999995
2008-07-21 00:00:00,231.85000000000002
2008-07-22 00:00:00,232.0
2008-07-23 00:00:00,230.5
2008-07-24 00:00:00,229.75
2008-07-25 00:00:00,231.85000000000002
2008-07-28 00:00:00,229.85000000000002
2008-07-29 00:00:00,230.94999999999993
2008-07-30 00:00:00,232.10000000000002
2008-07-31 00:00:00,233.89999999999998
2008-08-01 00:00:00,234.69999999999993
2008-08-04 00:00:00,231.39999999999998
2008-08-05 00:00:00,234.69999999999993
2008-08-06 00:00:00,232.44999999999993
2008-08-07 00:00:00,235.04999999999995
2008-08-08 00:00:00,230.44999999999993
2008-08-11 00:00:00,230.54999999999995
2008-08-12 00:00:00,232.10000000000002
2008-08-13 00:00:00,230.20000000000005
2008-08-14 00:00:00,229.79999999999995
2008-08-15 00:00:00,227.54999999999995
2008-08-18 00:00:00,228.69999999999993
2008-08-19 00:00:00,230.85000000000002
2008-08-20 00:00:00,231.94999999999993
2008-08-21 00:00:00,234.39999999999998
2008-08-22 00:00:00,234.94999999999993
2008-08-25 00:00:00,234.04999999999995
2008-08-26 00:00:00,238.69999999999993
2008-08-27 00:00:00,238.85000000000002
2008-08-28 00:00:00,238.54999999999995
2008-08-29 00:00:00,236.5
2008-09-02 00:00:00,235.19999999999993
2008-09-03 00:00:00,234.14999999999998
2008-09-04 00:00:00,237.5
2008-09-05 00:00:00,233.39999999999998
2008-09-08 00:00:00,233.75
2008-09-09 00:00:00,230.85000000000002
2008-09-10 00:00:00,231.54999999999995
2008-09-11 00:00:00,229.19999999999993
2008-09-12 00:00:00,229.94999999999993
2008-09-15 00:00:00,229.79999999999995
2008-09-16 00:00:00,224.14999999999998
2008-09-17 00:00:00,223.64999999999998
2008-09-18 00:00:00,221.19999999999993
2008-09-19 00:00:00,223.85000000000002
2008-09-22 00:00:00,227.35000000000002
2008-09-23 00:00:00,225.64999999999998
2008-09-24 00:00:00,226.39999999999998
2008-09-25 00:00:00,228.35000000000002
2008-09-26 00:00:00,224.89999999999998
2008-09-29 00:00:00,221.0
2008-09-30 00:00:00,221.19999999999993
2008-10-01 00:00:00,219.85000000000002
2008-10-02 00:00:00,216.19999999999993
2008-10-03 00:00:00,212.79999999999995
2008-10-06 00:00:00,205.25
2008-10-07 00:00:00,204.94999999999993
2008-10-08 00:00:00,205.29999999999995
2008-10-09 00:00:00,205.39999999999998
2008-10-10 00:00:00,206.10000000000002
2008-10-13 00:00:00,208.39999999999998
2008-10-14 00:00:00,209.69999999999993
2008-10-15 00:00:00,203.9999999999999
2008-10-16 00:00:00,203.69999999999993
2008-10-17 00:00:00,206.35000000000002
2008-10-20 00:00:00,205.25
2008-10-21 00:00:00,204.9999999999999
2008-10-22 00:00:00,203.3499999999999
2008-10-23 00:00:00,200.8499999999999
2008-10-24 00:00:00,199.39999999999986
2008-10-27 00:00:00,198.4999999999999
2008-10-28 00:00:00,198.44999999999993
2008-10-29 00:00:00,202.94999999999993
2008-10-30 00:00:00,201.7499999999999
2008-10-31 00:00:00,203.7499999999999
2008-11-03 00:00:00,203.2499999999999
2008-11-04 00:00:00,207.54999999999995
2008-11-05 00:00:00,207.25
2008-11-06 00:00:00,201.8499999999999
2008-11-07 00:00:00,202.9999999999999
2008-11-10 00:00:00,203.4999999999999
2008-11-11 00:00:00,202.94999999999993
2008-11-12 00:00:00,202.39999999999986
2008-11-13 00:00:00,200.94999999999993
2008-11-14 00:00:00,201.44999999999993
2008-11-17 00:00:00,200.69999999999993
2008-11-18 00:00:00,200.5999999999999
2008-11-19 00:00:00,200.04999999999995
2008-11-20 00:00:00,197.3499999999999
2008-11-21 00:00:00,196.7499999999999
2008-11-24 00:00:00,200.04999999999995
2008-11-25 00:00:00,200.39999999999986
2008-11-26 00:00:00,202.29999999999995
2008-11-28 00:00:00,202.0999999999999
2008-12-01 00:00:00,199.54999999999984
2008-12-02 00:00:00,197.89999999999986
2008-12-03 00:00:00,197.2499999999999
2008-12-04 00:00:00,192.14999999999986
2008-12-05 00:00:00,189.19999999999993
2008-12-08 00:00:00,195.4999999999999
2008-12-09 00:00:00,195.8499999999999
2008-12-10 00:00:00,197.04999999999995
2008-12-11 00:00:00,198.69999999999993
2008-12-12 00:00:00,198.14999999999986
2008-12-15 00:00:00,196.54999999999984
2008-12-16 00:00:00,197.0999999999999
2008-12-17 00:00:00,198.29999999999984
2008-12-18 00:00:00,198.4999999999999
2008-12-19 00:00:00,196.94999999999993
2008-12-22 00:00:00,194.3499999999999
2008-12-23 00:00:00,193.44999999999993
2008-12-24 00:00:00,194.04999999999995
2008-12-26 00:00:00,194.39999999999986
2008-12-29 00:00:00,192.64999999999986
2008-12-30 00:00:00,193.54999999999984
2008-12-31 00:00:00,198.04999999999995
2009-01-02 00:00:00,196.89999999999986
2009-01-05 00:00:00,193.69999999999993
2009-01-06 00:00:00,202.0999999999999
2009-01-07 00:00:00,200.19999999999993
2009-01-08 00:00:00,199.44999999999993
2009-01-09 00:00:00,202.89999999999986
2009-01-12 00:00:00,200.4999999999999
2009-01-13 00:00:00,200.7499999999999
2009-01-14 00:00:00,200.64999999999986
2009-01-15 00:00:00,199.89999999999986
2009-01-16 00:00:00,201.79999999999995
2009-01-20 00:00:00,200.89999999999986
2009-01-21 00:00:00,203.54999999999995
2009-01-22 00:00:00,205.44999999999993
2009-01-23 00:00:00,205.64999999999998
2009-01-26 00:00:00,208.19999999999993
2009-01-27 00:00:00,207.89999999999998
2009-01-28 00:00:00,208.5
2009-01-29 00:00:00,207.5
2009-01-30 00:00:00,204.89999999999986
2009-02-02 00:00:00,205.75
2009-02-03 00:00:00,205.25
2009-02-04 00:00:00,201.8499999999999
2009-02-05 00:00:00,205.14999999999998
2009-02-06 00:00:00,205.54999999999995
2009-02-09 00:00:00,207.35000000000002
2009-02-10 00:00:00,202.79999999999995
2009-02-11 00:00:00,201.5999999999999
2009-02-12 00:00:00,198.2499999999999
2009-02-13 00:00:00,198.79999999999984
2009-02-17 00:00:00,196.8499999999999
2009-02-18 00:00:00,195.39999999999986
2009-02-19 00:00:00,196.29999999999984
2009-02-20 00:00:00,194.9999999999999
2009-02-23 00:00:00,196.94999999999993
2009-02-24 00:00:00,197.0999999999999
2009-02-25 00:00:00,196.64999999999986
2009-02-26 00:00:00,196.94999999999993
2009-02-27 00:00:00,195.69999999999993
2009-03-02 00:00:00,189.4999999999999
2009-03-03 00:00:00,190.29999999999984
2009-03-04 00:00:00,192.4999999999999
2009-03-05 00:00:00,192.4999999999999
2009-03-06 00:00:00,190.9999999999999
2009-03-09 00:00:00,190.0999999999999
2009-03-10 00:00:00,189.7499999999999
2009-03-11 00:00:00,190.8499999999999
2009-03-12 00:00:00,194.3499999999999
2009-03-13 00:00:00,193.94999999999993
2009-03-16 00:00:00,194.54999999999995
2009-03-17 00:00:00,195.04999999999995
2009-03-18 00:00:00,196.94999999999993
2009-03-19 00:00:00,199.94999999999993
2009-03-20 00:00:00,199.9999999999999
2009-03-23 00:00:00,201.29999999999984
2009-03-24 00:00:00,200.54999999999984
2009-03-25 00:00:00,200.4999999999999
2009-03-26 00:00:00,201.14999999999986
2009-03-27 00:00:00,199.64999999999986
2009-03-30 00:00:00,196.79999999999984
2009-03-31 00:00:00,199.54999999999984
2009-04-01 00:00:00,198.29999999999984
2009-04-02 00:00:00,200.5999999999999
2009-04-03 00:00:00,202.2499999999999
2009-04-06 00:00:00,201.29999999999984
2009-04-07 00:00:00,201.3499999999999
2009-04-08 00:00:00,202.04999999999984
2009-04-09 00:00:00,203.19999999999993
2009-04-13 00:00:00,199.14999999999986
2009-04-14 00:00:00,199.3499999999999
2009-04-15 00:00:00,199.39999999999986
2009-04-16 00:00:00,197.39999999999986
2009-04-17 00:00:00,195.5999999999999
2009-04-20 00:00:00,195.44999999999993
2009-04-21 00:00:00,196.19999999999993
2009-04-22 00:00:00,199.5999999999999
2009-04-23 00:00:00,200.0999999999999
2009-04-24 00:00:00,201.29999999999984
2009-04-27 00:00:00,197.2499999999999
2009-04-28 00:00:00,198.0999999999999
2009-04-29 00:00:00,198.3499999999999
2009-04-30 00:00:00,197.7499999999999
2009-05-01 00:00:00,202.2499999999999
2009-05-04 00:00:00,202.69999999999993
2009-05-05 00:00:00,206.5
2009-05-06 00:00:00,206.75
2009-05-07 00:00:00,206.44999999999993
2009-05-08 00:00:00,208.54999999999995
2009-05-11 00:00:00,210.3499999999999
2009-05-12 00:00:00,210.64999999999998
2009-05-13 00:00:00,209.0
2009-05-14 00:00:00,209.8499999999999
2009-05-15 00:00:00,209.64999999999998
2009-05-18 00:00:00,211.25
2009-05-19 00:00:00,214.14999999999998
2009-05-20 00:00:00,215.14999999999998
2009-05-21 00:00:00,217.64999999999998
2009-05-22 00:00:00,216.8499999999999
2009-05-26 00:00:00,218.29999999999995
2009-05-27 00:00:00,217.3499999999999
2009-05-28 00:00:00,218.64999999999998
2009-05-29 00:00:00,219.25
2009-06-01 00:00:00,224.10000000000002
2009-06-02 00:00:00,223.85000000000002
2009-06-03 00:00:00,220.25
2009-06-04 00:00:00,221.05000000000007
2009-06-05 00:00:00,215.75
2009-06-08 00:00:00,212.0
2009-06-09 00:00:00,213.14999999999998
2009-06-10 00:00:00,212.3499999999999
2009-06-11 00:00:00,213.5999999999999
2009-06-12 00:00:00,211.54999999999995
2009-06-15 00:00:00,203.29999999999995
2009-06-16 00:00:00,204.44999999999993
2009-06-17 00:00:00,200.7499999999999
2009-06-18 00:00:00,202.7499999999999
2009-06-19 00:00:00,199.5999999999999
2009-06-22 00:00:00,200.3499999999999
2009-06-23 00:00:00,198.8499999999999
2009-06-24 00:00:00,199.04999999999995
2009-06-25 00:00:00,200.14999999999986
2009-06-26 00:00:00,199.0999999999999
2009-06-29 00:00:00,200.14999999999986
2009-06-30 00:00:00,199.79999999999995
2009-07-01 00:00:00,198.94999999999993
2009-07-02 00:00:00,197.69999999999993
2009-07-06 00:00:00,197.9999999999999
2009-07-07 00:00:00,196.5999999999999
2009-07-08 00:00:00,195.0999999999999
2009-07-09 00:00:00,195.54999999999995
2009-07-10 00:00:00,194.29999999999995
2009-07-13 00:00:00,194.79999999999995
2009-07-14 00:00:00,195.39999999999986
2009-07-15 00:00:00,197.8499999999999
2009-07-16 00:00:00,195.54999999999995
2009-07-17 00:00:00,198.5999999999999
2009-07-20 00:00:00,202.19999999999993
2009-07-21 00:00:00,202.39999999999998
2009-07-22 00:00:00,199.9999999999999
2009-07-23 00:00:00,204.44999999999993
2009-07-24 00:00:00,203.8499999999999
2009-07-27 00:00:00,204.3499999999999
2009-07-28 00:00:00,202.69999999999993
2009-07-29 00:00:00,202.7499999999999
2009-07-30 00:00:00,204.8499999999999
2009-07-31 00:00:00,207.75
2009-08-03 00:00:00,212.89999999999998
2009-08-04 00:00:00,212.79999999999995
2009-08-05 00:00:00,211.25
2009-08-06 00:00:00,214.54999999999995
2009-08-07 00:00:00,217.75
2009-08-10 00:00:00,215.75
2009-08-11 00:00:00,216.79999999999995
2009-08-12 00:00:00,215.44999999999993
2009-08-13 00:00:00,212.79999999999995
2009-08-14 00:00:00,209.0999999999999
2009-08-17 00:00:00,205.69999999999993
2009-08-18 00:00:00,204.9999999999999
2009-08-19 00:00:00,205.44999999999993
2009-08-20 00:00:00,202.54999999999995
2009-08-21 00:00:00,201.79999999999995
2009-08-24 00:00:00,199.2499999999999
2009-08-25 00:00:00,198.14999999999986
2009-08-26 00:00:00,201.2499999999999
2009-08-27 00:00:00,198.0999999999999
2009-08-28 00:00:00,199.04999999999984
2009-08-31 00:00:00,199.04999999999984
2009-09-01 00:00:00,196.8499999999999
2009-09-02 00:00:00,197.89999999999986
2009-09-03 00:00:00,197.54999999999984
2009-09-04 00:00:00,200.8499999999999
2009-09-08 00:00:00,201.3499999999999
2009-09-09 00:00:00,201.94999999999993
2009-09-10 00:00:00,201.39999999999986
2009-09-11 00:00:00,203.29999999999995
2009-09-14 00:00:00,209.8499999999999
2009-09-15 00:00:00,211.35000000000002
2009-09-16 00:00:00,210.94999999999993
2009-09-17 00:00:00,212.79999999999995
2009-09-18 00:00:00,212.79999999999995
2009-09-21 00:00:00,212.39999999999998
2009-09-22 00:00:00,214.79999999999995
2009-09-23 00:00:00,213.14999999999998
2009-09-24 00:00:00,206.04999999999995
2009-09-25 00:00:00,204.44999999999993
2009-09-28 00:00:00,203.89999999999986
2009-09-29 00:00:00,202.2499999999999
2009-09-30 00:00:00,204.54999999999995
2009-10-01 00:00:00,203.44999999999993
2009-10-02 00:00:00,206.44999999999993
2009-10-05 00:00:00,206.19999999999993
2009-10-06 00:00:00,210.3499999999999
2009-10-07 00:00:00,211.0
2009-10-08 00:00:00,214.64999999999998
2009-10-09 00:00:00,212.39999999999998
2009-10-12 00:00:00,214.79999999999995
2009-10-13 00:00:00,215.19999999999993
2009-10-14 00:00:00,216.0
2009-10-15 00:00:00,214.5
2009-10-16 00:00:00,219.60000000000002
2009-10-19 00:00:00,221.0
2009-10-20 00:00:00,218.54999999999995
2009-10-21 00:00:00,221.05000000000007
2009-10-22 00:00:00,220.39999999999998
2009-10-23 00:00:00,213.89999999999998
2009-10-26 00:00:00,213.25
2009-10-27 00:00:00,213.0999999999999
2009-10-28 00:00:00,211.35000000000002
2009-10-29 00:00:00,213.5
2009-10-30 00:00:00,212.25
2009-11-02 00:00:00,219.10000000000002
2009-11-03 00:00:00,217.89999999999998
2009-11-04 00:00:00,217.54999999999995
2009-11-05 00:00:00,218.85000000000002
2009-11-06 00:00:00,215.64999999999998
2009-11-09 00:00:00,216.8499999999999
2009-11-10 00:00:00,210.8499999999999
2009-11-11 00:00:00,209.5
2009-11-12 00:00:00,207.3499999999999
2009-11-13 00:00:00,207.89999999999998
2009-11-16 00:00:00,213.14999999999998
2009-11-17 00:00:00,212.54999999999995
2009-11-18 00:00:00,214.25
2009-11-19 00:00:00,210.75
2009-11-20 00:00:00,209.44999999999993
2009-11-23 00:00:00,211.0999999999999
2009-11-24 00:00:00,209.8499999999999
2009-11-25 00:00:00,212.5999999999999
2009-11-27 00:00:00,211.75
2009-11-30 00:00:00,215.69999999999993
2009-12-01 00:00:00,216.39999999999998
2009-12-02 00:00:00,217.39999999999998
2009-12-03 00:00:00,218.35000000000002
2009-12-04 00:00:00,215.04999999999995
2009-12-07 00:00:00,220.29999999999995
2009-12-08 00:00:00,217.60000000000002
2009-12-09 00:00:00,215.3499999999999
2009-12-10 00:00:00,216.39999999999998
2009-12-11 00:00:00,216.3499999999999
2009-12-14 00:00:00,219.60000000000002
2009-12-15 00:00:00,220.95000000000005
2009-12-16 00:00:00,222.0
2009-12-17 00:00:00,219.89999999999998
2009-12-18 00:00:00,218.95000000000005
2009-12-21 00:00:00,219.29999999999995
2009-12-22 00:00:00,216.14999999999998
2009-12-23 00:00:00,216.3499999999999
2009-12-24 00:00:00,213.0
2009-12-28 00:00:00,210.64999999999998
2009-12-29 00:00:00,210.04999999999995
2009-12-30 00:00:00,210.3499999999999
2009-12-31 00:00:00,209.64999999999998
2010-01-04 00:00:00,215.54999999999995
2010-01-05 00:00:00,214.69999999999993
2010-01-06 00:00:00,215.29999999999995
2010-01-07 00:00:00,215.5999999999999
2010-01-08 00:00:00,219.04999999999995
2010-01-11 00:00:00,217.39999999999998
2010-01-12 00:00:00,216.79999999999995
2010-01-13 00:00:00,218.85000000000002
2010-01-14 00:00:00,218.04999999999995
2010-01-15 00:00:00,214.44999999999993
2010-01-19 00:00:00,214.5999999999999
2010-01-20 00:00:00,212.89999999999998
2010-01-21 00:00:00,212.39999999999998
2010-01-22 00:00:00,213.29999999999995
2010-01-25 00:00:00,213.0999999999999
2010-01-26 00:00:00,211.94999999999993
2010-01-27 00:00:00,207.2499999999999
2010-01-28 00:00:00,206.64999999999998
2010-01-29 00:00:00,205.39999999999998
2010-02-01 00:00:00,206.2499999999999
2010-02-02 00:00:00,208.7499999999999
2010-02-03 00:00:00,206.64999999999998
2010-02-04 00:00:00,205.19999999999993
2010-02-05 00:00:00,202.4999999999999
2010-02-08 00:00:00,204.3499999999999
2010-02-09 00:00:00,204.04999999999984
2010-02-10 00:00:00,205.5999999999999
2010-02-11 00:00:00,205.44999999999993
2010-02-12 00:00:00,206.0999999999999
2010-02-16 00:00:00,206.8499999999999
2010-02-17 00:00:00,206.44999999999993
2010-02-18 00:00:00,208.19999999999993
2010-02-19 00:00:00,208.8499999999999
2010-02-22 00:00:00,203.69999999999993
2010-02-23 00:00:00,204.04999999999984
2010-02-24 00:00:00,204.64999999999986
2010-02-25 00:00:00,201.5999999999999
2010-02-26 00:00:00,202.9999999999999
2010-03-01 00:00:00,203.54999999999984
2010-03-02 00:00:00,204.0999999999999
2010-03-03 00:00:00,203.89999999999986
2010-03-04 00:00:00,201.9999999999999
2010-03-05 00:00:00,202.19999999999993
2010-03-08 00:00:00,202.89999999999986
2010-03-09 00:00:00,204.54999999999984
2010-03-10 00:00:00,204.54999999999984
2010-03-11 00:00:00,205.54999999999995
2010-03-12 00:00:00,204.29999999999984
2010-03-15 00:00:00,202.8499999999999
2010-03-16 00:00:00,204.54999999999984
2010-03-17 00:00:00,205.39999999999998
2010-03-18 00:00:00,207.3499999999999
2010-03-19 00:00:00,204.29999999999984
2010-03-22 00:00:00,204.79999999999984
2010-03-23 00:00:00,206.54999999999995
2010-03-24 00:00:00,206.0999999999999
2010-03-25 00:00:00,208.79999999999995
2010-03-26 00:00:00,207.64999999999998
2010-03-29 00:00:00,209.94999999999993
2010-03-30 00:00:00,210.7499999999999
2010-03-31 00:00:00,207.94999999999993
2010-04-01 00:00:00,209.14999999999998
2010-04-05 00:00:00,211.39999999999998
2010-04-06 00:00:00,210.94999999999993
2010-04-07 00:00:00,209.3499999999999
2010-04-08 00:00:00,206.54999999999995
2010-04-09 00:00:00,204.5999999999999
2010-04-12 00:00:00,205.39999999999998
2010-04-13 00:00:00,203.94999999999993
2010-04-14 00:00:00,203.5999999999999
2010-04-15 00:00:00,203.4999999999999
2010-04-16 00:00:00,200.89999999999986
2010-04-19 00:00:00,200.8499999999999
2010-04-20 00:00:00,200.9999999999999
2010-04-21 00:00:00,201.3499999999999
2010-04-22 00:00:00,201.54999999999984
2010-04-23 00:00:00,202.04999999999984
2010-04-26 00:00:00,202.7499999999999
2010-04-27 00:00:00,200.94999999999993
2010-04-28 00:00:00,203.9999999999999
2010-04-29 00:00:00,204.69999999999993
2010-04-30 00:00:00,205.39999999999998
2010-05-03 00:00:00,208.64999999999998
2010-05-04 00:00:00,207.5999999999999
2010-05-05 00:00:00,207.39999999999998
2010-05-06 00:00:00,203.29999999999995
2010-05-07 00:00:00,203.9999999999999
2010-05-10 00:00:00,204.2499999999999
2010-05-11 00:00:00,206.25
2010-05-12 00:00:00,206.94999999999993
2010-05-13 00:00:00,207.19999999999993
2010-05-14 00:00:00,204.39999999999986
2010-05-17 00:00:00,202.64999999999986
2010-05-18 00:00:00,204.3499999999999
2010-05-19 00:00:00,202.5999999999999
2010-05-20 00:00:00,201.7499999999999
2010-05-21 00:00:00,202.4999999999999
2010-05-24 00:00:00,202.3499999999999
2010-05-25 00:00:00,202.8499999999999
2010-05-26 00:00:00,203.79999999999984
2010-05-27 00:00:00,204.8499999999999
2010-05-28 00:00:00,204.3499999999999
2010-06-01 00:00:00,206.64999999999998
2010-06-02 00:00:00,205.5
2010-06-03 00:00:00,205.64999999999998
2010-06-04 00:00:00,203.89999999999986
2010-06-07 00:00:00,203.19999999999993
2010-06-08 00:00:00,203.69999999999993
2010-06-09 00:00:00,204.64999999999986
2010-06-10 00:00:00,207.14999999999998
2010-06-11 00:00:00,214.69999999999993
2010-06-14 00:00:00,220.20000000000005
2010-06-15 00:00:00,228.54999999999995
2010-06-16 00:00:00,228.20000000000005
2010-06-17 00:00:00,226.39999999999998
2010-06-18 00:00:00,230.70000000000005
2010-06-21 00:00:00,229.39999999999998
2010-06-22 00:00:00,229.35000000000002
2010-06-23 00:00:00,229.10000000000002
2010-06-24 00:00:00,237.35000000000002
2010-06-25 00:00:00,237.5
2010-06-28 00:00:00,236.70000000000005
2010-06-29 00:00:00,231.75
2010-06-30 00:00:00,234.45000000000005
2010-07-01 00:00:00,236.85000000000002
2010-07-02 00:00:00,232.89999999999998
2010-07-06 00:00:00,226.25
2010-07-07 00:00:00,231.64999999999998
2010-07-08 00:00:00,230.70000000000005
2010-07-09 00:00:00,232.45000000000005
2010-07-12 00:00:00,232.14999999999998
2010-07-13 00:00:00,234.25
2010-07-14 00:00:00,233.5
2010-07-15 00:00:00,235.70000000000005
2010-07-16 00:00:00,235.64999999999998
2010-07-19 00:00:00,232.39999999999998
2010-07-20 00:00:00,227.14999999999998
2010-07-21 00:00:00,225.89999999999998
2010-07-22 00:00:00,230.29999999999995
2010-07-23 00:00:00,234.60000000000002
2010-07-26 00:00:00,234.20000000000005
2010-07-27 00:00:00,232.35000000000002
2010-07-28 00:00:00,236.0
2010-07-29 00:00:00,241.64999999999998
2010-07-30 00:00:00,244.89999999999998
2010-08-02 00:00:00,241.0999999999999
2010-08-03 00:00:00,235.45000000000005
2010-08-04 00:00:00,238.64999999999998
2010-08-05 00:00:00,238.85000000000002
2010-08-06 00:00:00,236.5
2010-08-09 00:00:00,238.89999999999998
2010-08-10 00:00:00,239.10000000000002
2010-08-11 00:00:00,240.14999999999998
2010-08-12 00:00:00,245.3499999999999
2010-08-13 00:00:00,245.39999999999998
2010-08-16 00:00:00,248.89999999999998
2010-08-17 00:00:00,246.0999999999999
2010-08-18 00:00:00,245.5999999999999
2010-08-19 00:00:00,247.64999999999998
2010-08-20 00:00:00,252.85000000000002
2010-08-23 00:00:00,251.04999999999995
2010-08-24 00:00:00,236.25
2010-08-25 00:00:00,234.39999999999998
2010-08-26 00:00:00,240.19999999999993
2010-08-27 00:00:00,246.64999999999998
2010-08-30 00:00:00,249.20000000000005
2010-08-31 00:00:00,246.2499999999999
2010-09-01 00:00:00,250.14999999999998
2010-09-02 00:00:00,252.64999999999998
2010-09-03 00:00:00,254.75
2010-09-07 00:00:00,260.1
2010-09-08 00:00:00,262.35
2010-09-09 00:00:00,258.5
2010-09-10 00:00:00,257.6
2010-09-13 00:00:00,256.95000000000005
2010-09-14 00:00:00,263.1
2010-09-15 00:00:00,261.95000000000005
2010-09-16 00:00:00,259.6
2010-09-17 00:00:00,257.1
2010-09-20 00:00:00,249.75
2010-09-21 00:00:00,250.70000000000005
2010-09-22 00:00:00,247.75
2010-09-23 00:00:00,249.45000000000005
2010-09-24 00:00:00,248.39999999999998
2010-09-27 00:00:00,250.04999999999995
2010-09-28 00:00:00,256.75
2010-09-29 00:00:00,253.54999999999995
2010-09-30 00:00:00,250.85000000000002
2010-10-01 00:00:00,248.89999999999998
2010-10-04 00:00:00,240.29999999999995
2010-10-05 00:00:00,244.79999999999995
2010-10-06 00:00:00,243.3499999999999
2010-10-07 00:00:00,241.2499999999999
2010-10-08 00:00:00,249.94999999999993
2010-10-11 00:00:00,246.44999999999993
2010-10-12 00:00:00,253.5
2010-10-13 00:00:00,253.95000000000005
2010-10-14 00:00:00,255.39999999999998
2010-10-15 00:00:00,254.20000000000005
2010-10-18 00:00:00,253.39999999999998
2010-10-19 00:00:00,258.70000000000005
2010-10-20 00:00:00,264.54999999999995
2010-10-21 00:00:00,268.79999999999995
2010-10-22 00:00:00,266.65
2010-10-25 00:00:00,268.29999999999995
2010-10-26 00:00:00,269.54999999999995
2010-10-27 00:00:00,268.1
2010-10-28 00:00:00,264.4
2010-10-29 00:00:00,271.25
2010-11-01 00:00:00,265.5
2010-11-02 00:00:00,267.25
2010-11-03 00:00:00,264.15
2010-11-04 00:00:00,273.95000000000005
2010-11-05 00:00:00,273.35
2010-11-08 00:00:00,276.4
2010-11-09 00:00:00,285.44999999999993
2010-11-10 00:00:00,280.65
2010-11-11 00:00:00,275.20000000000005
2010-11-12 00:00:00,269.05000000000007
2010-11-15 00:00:00,272.94999999999993
2010-11-16 00:00:00,266.20000000000005
2010-11-17 00:00:00,268.55000000000007
2010-11-18 00:00:00,277.0
2010-11-19 00:00:00,276.94999999999993
2010-11-22 00:00:00,272.85
2010-11-23 00:00:00,276.25
2010-11-24 00:00:00,273.15
2010-11-26 00:00:00,268.4
2010-11-29 00:00:00,268.35
2010-11-30 00:00:00,266.9
2010-12-01 00:00:00,269.25
2010-12-02 00:00:00,269.4
2010-12-03 00:00:00,270.5
2010-12-06 00:00:00,274.65
2010-12-07 00:00:00,273.6
2010-12-08 00:00:00,270.35
2010-12-09 00:00:00,270.25
2010-12-10 00:00:00,275.30000000000007
2010-12-13 00:00:00,283.25
2010-12-14 00:00:00,282.4
2010-12-15 00:00:00,283.20000000000005
2010-12-16 00:00:00,282.25
2010-12-17 00:00:00,291.0
2010-12-20 00:00:00,290.35
2010-12-21 00:00:00,299.54999999999995
2010-12-22 00:00:00,295.9000000000001
2010-12-23 00:00:00,301.6
2010-12-27 00:00:00,303.15
2010-12-28 00:00:00,305.0
2010-12-29 00:00:00,305.35
2010-12-30 00:00:00,302.0
2010-12-31 00:00:00,306.19999999999993
2011-01-04 00:00:00,300.65
2011-01-05 00:00:00,298.70000000000005
2011-01-06 00:00:00,298.70000000000005
2011-01-07 00:00:00,296.4
2011-01-10 00:00:00,296.95000000000005
2011-01-11 00:00:00,300.4
2011-01-12 00:00:00,306.30000000000007
2011-01-13 00:00:00,303.19999999999993
2011-01-14 00:00:00,300.30000000000007
2011-01-18 00:00:00,301.04999999999995
2011-01-19 00:00:00,298.20000000000005
2011-01-20 00:00:00,297.5
2011-01-21 00:00:00,306.1
2011-01-24 00:00:00,303.0
2011-01-25 00:00:00,296.95000000000005
2011-01-26 00:00:00,303.19999999999993
2011-01-27 00:00:00,302.65
2011-01-28 00:00:00,310.70000000000005
2011-01-31 00:00:00,310.45000000000005
2011-02-01 00:00:00,315.1500000000001
2011-02-02 00:00:00,316.15
2011-02-03 00:00:00,317.1500000000001
2011-02-04 00:00:00,315.1500000000001
2011-02-07 00:00:00,315.6
2011-02-08 00:00:00,313.5
2011-02-09 00:00:00,319.55000000000007
2011-02-10 00:00:00,321.75
2011-02-11 00:00:00,318.85
2011-02-14 00:00:00,325.6
2011-02-15 00:00:00,325.0
2011-02-16 00:00:00,325.5
2011-02-17 00:00:00,332.75
2011-02-18 00:00:00,336.9
2011-02-22 00:00:00,338.25
2011-02-23 00:00:00,333.35
2011-02-24 00:00:00,328.55000000000007
2011-02-25 00:00:00,331.70000000000005
2011-02-28 00:00:00,335.6
2011-03-01 00:00:00,333.20000000000005
2011-03-02 00:00:00,333.45000000000005
2011-03-03 00:00:00,338.65
2011-03-04 00:00:00,336.70000000000005
2011-03-07 00:00:00,345.05000000000007
2011-03-08 00:00:00,351.1
2011-03-09 00:00:00,358.75
2011-03-10 00:00:00,344.45000000000005
2011-03-11 00:00:00,338.30000000000007
2011-03-14 00:00:00,337.20000000000005
2011-03-15 00:00:00,326.85
2011-03-16 00:00:00,329.25
2011-03-17 00:00:00,334.80000000000007
2011-03-18 00:00:00,340.1
2011-03-21 00:00:00,340.9
2011-03-22 00:00:00,337.35
2011-03-23 00:00:00,332.5
2011-03-24 00:00:00,329.70000000000005
2011-03-25 00:00:00,332.5
2011-03-28 00:00:00,327.85
2011-03-29 00:00:00,325.35
2011-03-30 00:00:00,328.70000000000005
2011-03-31 00:00:00,328.05000000000007
2011-04-01 00:00:00,323.95000000000005
2011-04-04 00:00:00,320.0000000000001
2011-04-05 00:00:00,332.25
2011-04-06 00:00:00,329.20000000000005
2011-04-07 00:00:00,336.95000000000005
2011-04-08 00:00:00,339.1500000000001
2011-04-11 00:00:00,338.9
2011-04-12 00:00:00,338.20000000000005
2011-04-13 00:00:00,345.0000000000001
2011-04-14 00:00:00,346.45000000000005
2011-04-15 00:00:00,352.4000000000001
2011-04-18 00:00:00,348.70000000000005
2011-04-19 00:00:00,355.55000000000007
2011-04-20 00:00:00,360.75
2011-04-21 00:00:00,355.85
2011-04-25 00:00:00,352.1
2011-04-26 00:00:00,357.6
2011-04-27 00:00:00,357.70000000000005
2011-04-28 00:00:00,360.5
2011-04-29 00:00:00,361.1500000000001
2011-05-02 00:00:00,366.4000000000001
2011-05-03 00:00:00,367.45000000000005
2011-05-04 00:00:00,355.80000000000007
2011-05-05 00:00:00,349.55000000000007
2011-05-06 00:00:00,348.85
2011-05-09 00:00:00,348.70000000000005
2011-05-10 00:00:00,343.9000000000001
2011-05-11 00:00:00,334.45000000000005
2011-05-12 00:00:00,336.25
2011-05-13 00:00:00,330.70000000000005
2011-05-16 00:00:00,325.4000000000001
2011-05-17 00:00:00,327.4000000000001
2011-05-18 00:00:00,331.35
2011-05-19 00:00:00,325.0
2011-05-20 00:00:00,320.45000000000005
2011-05-23 00:00:00,323.85
2011-05-24 00:00:00,322.5
2011-05-25 00:00:00,326.1500000000001
2011-05-26 00:00:00,326.9000000000001
2011-05-27 00:00:00,325.0
2011-05-31 00:00:00,325.9000000000001
2011-06-01 00:00:00,317.45000000000005
2011-06-02 00:00:00,322.95000000000005
2011-06-03 00:00:00,332.30000000000007
2011-06-06 00:00:00,321.95000000000005
2011-06-07 00:00:00,324.55000000000007
2011-06-08 00:00:00,324.6500000000001
2011-06-09 00:00:00,328.0000000000001
2011-06-10 00:00:00,326.5000000000001
2011-06-13 00:00:00,328.6500000000001
2011-06-14 00:00:00,330.45000000000005
2011-06-15 00:00:00,324.0000000000001
2011-06-16 00:00:00,319.30000000000007
2011-06-17 00:00:00,310.6500000000001
2011-06-20 00:00:00,304.45000000000005
2011-06-21 00:00:00,305.1
2011-06-22 00:00:00,304.35000000000014
2011-06-23 00:00:00,306.85000000000014
2011-06-24 00:00:00,308.6500000000001
2011-06-27 00:00:00,309.20000000000005
2011-06-28 00:00:00,317.05000000000007
2011-06-29 00:00:00,318.85000000000014
2011-06-30 00:00:00,323.7500000000001
2011-07-01 00:00:00,321.80000000000007
2011-07-05 00:00:00,327.7500000000001
2011-07-06 00:00:00,325.6500000000001
2011-07-07 00:00:00,326.7500000000001
2011-07-08 00:00:00,321.45000000000005
2011-07-11 00:00:00,317.20000000000005
2011-07-12 00:00:00,316.0000000000001
2011-07-13 00:00:00,322.1
2011-07-14 00:00:00,316.5000000000001
2011-07-15 00:00:00,311.70000000000016
2011-07-18 00:00:00,306.35000000000014
2011-07-19 00:00:00,302.0
2011-07-20 00:00:00,301.55000000000007
2011-07-21 00:00:00,298.95000000000016
2011-07-22 00:00:00,299.6500000000001
2011-07-25 00:00:00,301.05000000000007
2011-07-26 00:00:00,303.1
2011-07-27 00:00:00,299.35
2011-07-28 00:00:00,296.80000000000007
2011-07-29 00:00:00,297.70000000000005
2011-08-01 00:00:00,299.5000000000001
2011-08-02 00:00:00,301.30000000000007
2011-08-03 00:00:00,299.70000000000005
2011-08-04 00:00:00,293.95000000000005
2011-08-05 00:00:00,296.1
2011-08-08 00:00:00,292.1500000000001
2011-08-09 00:00:00,292.70000000000005
2011-08-10 00:00:00,292.55000000000007
2011-08-11 00:00:00,298.25
2011-08-12 00:00:00,298.05000000000007
2011-08-15 00:00:00,303.6
2011-08-16 00:00:00,309.20000000000005
2011-08-17 00:00:00,321.0
2011-08-18 00:00:00,322.6
2011-08-19 00:00:00,324.05000000000007
2011-08-22 00:00:00,322.55000000000007
2011-08-23 00:00:00,325.80000000000007
2011-08-24 00:00:00,327.95000000000005
2011-08-25 00:00:00,329.70000000000005
2011-08-26 00:00:00,333.4
2011-08-29 00:00:00,338.65
2011-08-30 00:00:00,340.9
2011-08-31 00:00:00,342.45000000000005
2011-09-01 00:00:00,343.95000000000005
2011-09-02 00:00:00,342.25
2011-09-06 00:00:00,335.15
2011-09-07 00:00:00,338.70000000000005
2011-09-08 00:00:00,338.30000000000007
2011-09-09 00:00:00,324.20000000000005
2011-09-12 00:00:00,325.15
2011-09-13 00:00:00,324.5
2011-09-14 00:00:00,319.9
2011-09-15 00:00:00,314.75
2011-09-16 00:00:00,314.6
2011-09-19 00:00:00,316.25
2011-09-20 00:00:00,314.4
2011-09-21 00:00:00,306.15
2011-09-22 00:00:00,293.45000000000005
2011-09-23 00:00:00,285.65
2011-09-26 00:00:00,290.1500000000001
2011-09-27 00:00:00,295.05000000000007
2011-09-28 00:00:00,287.70000000000005
2011-09-29 00:00:00,285.35
2011-09-30 00:00:00,283.1
2011-10-03 00:00:00,277.6500000000001
2011-10-04 00:00:00,280.7500000000001
2011-10-05 00:00:00,281.9
2011-10-06 00:00:00,288.60000000000014
2011-10-07 00:00:00,278.55000000000007
2011-10-10 00:00:00,280.5000000000001
2011-10-11 00:00:00,277.6
2011-10-12 00:00:00,283.6500000000001
2011-10-13 00:00:00,291.85
2011-10-14 00:00:00,293.7500000000001
2011-10-17 00:00:00,288.20000000000005
2011-10-18 00:00:00,285.70000000000005
2011-10-19 00:00:00,290.35
2011-10-20 00:00:00,285.85
2011-10-21 00:00:00,299.05000000000007
2011-10-24 00:00:00,305.0
2011-10-25 00:00:00,290.7500000000001
2011-10-26 00:00:00,287.9000000000001
2011-10-27 00:00:00,288.80000000000007
2011-10-28 00:00:00,289.35
2011-10-31 00:00:00,281.15
2011-11-01 00:00:00,278.04999999999995
2011-11-02 00:00:00,278.5
2011-11-03 00:00:00,281.35
2011-11-04 00:00:00,284.54999999999995
2011-11-07 00:00:00,287.1500000000001
2011-11-08 00:00:00,283.6
2011-11-09 00:00:00,284.19999999999993
2011-11-10 00:00:00,284.15
2011-11-11 00:00:00,288.05000000000007
2011-11-14 00:00:00,284.9
2011-11-15 00:00:00,293.45000000000005
2011-11-16 00:00:00,289.80000000000007
2011-11-17 00:00:00,286.85
2011-11-18 00:00:00,289.6
2011-11-21 00:00:00,287.75
2011-11-22 00:00:00,287.6500000000001
2011-11-23 00:00:00,286.15
2011-11-25 00:00:00,283.30000000000007
2011-11-28 00:00:00,278.54999999999995
2011-11-29 00:00:00,278.29999999999995
2011-11-30 00:00:00,287.6500000000001
2011-12-01 00:00:00,286.45000000000005
2011-12-02 00:00:00,280.29999999999995
2011-12-05 00:00:00,287.1500000000001
2011-12-06 00:00:00,286.5
2011-12-07 00:00:00,280.6
2011-12-08 00:00:00,279.4
2011-12-09 00:00:00,278.5
2011-12-12 00:00:00,271.79999999999995
2011-12-13 00:00:00,273.69999999999993
2011-12-14 00:00:00,268.75
2011-12-15 00:00:00,268.5
2011-12-16 00:00:00,265.8499999999999
2011-12-19 00:00:00,270.20000000000005
2011-12-20 00:00:00,273.54999999999995
2011-12-21 00:00:00,270.65
2011-12-22 00:00:00,272.15
2011-12-23 00:00:00,270.4
2011-12-27 00:00:00,273.6
2011-12-28 00:00:00,277.5
2011-12-29 00:00:00,275.0
2011-12-30 00:00:00,277.6
2012-01-03 00:00:00,277.94999999999993
2012-01-04 00:00:00,277.44999999999993
2012-01-05 00:00:00,270.29999999999995
2012-01-06 00:00:00,272.5
2012-01-09 00:00:00,272.6
2012-01-10 00:00:00,276.70000000000005
2012-01-11 00:00:00,285.65
2012-01-12 00:00:00,284.65
2012-01-13 00:00:00,276.0
2012-01-17 00:00:00,275.9
2012-01-18 00:00:00,275.6
2012-01-19 00:00:00,277.4
2012-01-20 00:00:00,276.15
2012-01-23 00:00:00,270.20000000000005
2012-01-24 00:00:00,271.19999999999993
2012-01-25 00:00:00,267.94999999999993
2012-01-26 00:00:00,270.45000000000005
2012-01-27 00:00:00,268.1
2012-01-30 00:00:00,267.35
2012-01-31 00:00:00,265.9
2012-02-01 00:00:00,265.0
2012-02-02 00:00:00,266.44999999999993
2012-02-03 00:00:00,266.79999999999995
2012-02-06 00:00:00,269.6
2012-02-07 00:00:00,271.54999999999995
2012-02-08 00:00:00,270.5
2012-02-09 00:00:00,266.15
2012-02-10 00:00:00,265.29999999999995
2012-02-13 00:00:00,262.5
2012-02-14 00:00:00,254.04999999999995
2012-02-15 00:00:00,250.44999999999993
2012-02-16 00:00:00,249.0999999999999
2012-02-17 00:00:00,250.25
2012-02-21 00:00:00,253.94999999999993
2012-02-22 00:00:00,249.75
2012-02-23 00:00:00,249.94999999999993
2012-02-24 00:00:00,251.5
2012-02-27 00:00:00,252.5
2012-02-28 00:00:00,254.14999999999998
2012-02-29 00:00:00,251.14999999999998
2012-03-01 00:00:00,252.0
2012-03-02 00:00:00,249.69999999999993
2012-03-05 00:00:00,249.5999999999999
2012-03-06 00:00:00,240.94999999999993
2012-03-07 00:00:00,236.5
2012-03-08 00:00:00,237.29999999999995
2012-03-09 00:00:00,234.10000000000002
2012-03-12 00:00:00,232.75
2012-03-13 00:00:00,234.04999999999995
2012-03-14 00:00:00,231.5
2012-03-15 00:00:00,233.19999999999993
2012-03-16 00:00:00,230.25
2012-03-19 00:00:00,231.39999999999998
2012-03-20 00:00:00,231.5
2012-03-21 00:00:00,232.5999999999999
2012-03-22 00:00:00,224.85000000000002
2012-03-23 00:00:00,226.64999999999998
2012-03-26 00:00:00,226.70000000000005
2012-03-27 00:00:00,235.25
2012-03-28 00:00:00,229.89999999999998
2012-03-29 00:00:00,224.3499999999999
2012-03-30 00:00:00,230.3499999999999
2012-04-02 00:00:00,234.19999999999993
2012-04-03 00:00:00,233.39999999999998
2012-04-04 00:00:00,232.69999999999993
2012-04-05 00:00:00,230.8499999999999
2012-04-09 00:00:00,225.89999999999998
2012-04-10 00:00:00,225.79999999999995
2012-04-11 00:00:00,228.0
2012-04-12 00:00:00,229.5999999999999
2012-04-13 00:00:00,225.54999999999995
2012-04-16 00:00:00,221.19999999999993
2012-04-17 00:00:00,220.04999999999995
2012-04-18 00:00:00,220.3499999999999
2012-04-19 00:00:00,221.0
2012-04-20 00:00:00,224.29999999999995
2012-04-23 00:00:00,224.29999999999995
2012-04-24 00:00:00,228.8499999999999
2012-04-25 00:00:00,222.0999999999999
2012-04-26 00:00:00,221.19999999999993
2012-04-27 00:00:00,221.8499999999999
2012-04-30 00:00:00,224.89999999999998
2012-05-01 00:00:00,229.4999999999999
2012-05-02 00:00:00,228.0999999999999
2012-05-03 00:00:00,221.14999999999998
2012-05-04 00:00:00,219.94999999999993
2012-05-07 00:00:00,220.54999999999995
2012-05-08 00:00:00,220.29999999999995
2012-05-09 00:00:00,220.39999999999998
2012-05-10 00:00:00,224.0
2012-05-11 00:00:00,222.5
2012-05-14 00:00:00,223.29999999999995
2012-05-15 00:00:00,223.75
2012-05-16 00:00:00,223.3499999999999
2012-05-17 00:00:00,225.44999999999993
2012-05-18 00:00:00,224.5
2012-05-21 00:00:00,220.5
2012-05-22 00:00:00,219.8499999999999
2012-05-23 00:00:00,212.2499999999999
2012-05-24 00:00:00,212.2499999999999
2012-05-25 00:00:00,213.14999999999986
2012-05-29 00:00:00,210.7499999999999
2012-05-30 00:00:00,209.7499999999999
2012-05-31 00:00:00,205.9999999999999
2012-06-01 00:00:00,202.89999999999986
2012-06-04 00:00:00,203.8499999999999
2012-06-05 00:00:00,201.4999999999999
2012-06-06 00:00:00,201.04999999999984
2012-06-07 00:00:00,201.44999999999982
2012-06-08 00:00:00,200.44999999999982
2012-06-11 00:00:00,199.7499999999999
2012-06-12 00:00:00,198.39999999999986
2012-06-13 00:00:00,197.2499999999999
2012-06-14 00:00:00,194.0999999999999
2012-06-15 00:00:00,195.04999999999984
2012-06-18 00:00:00,194.54999999999984
2012-06-19 00:00:00,201.8499999999999
2012-06-20 00:00:00,195.44999999999982
2012-06-21 00:00:00,201.8499999999999
2012-06-22 00:00:00,198.94999999999982
2012-06-25 00:00:00,201.79999999999984
2012-06-26 00:00:00,208.79999999999995
2012-06-27 00:00:00,207.89999999999986
2012-06-28 00:00:00,206.0999999999999
2012-06-29 00:00:00,213.7499999999999
2012-07-02 00:00:00,217.64999999999998
2012-07-03 00:00:00,223.5
2012-07-05 00:00:00,223.39999999999998
2012-07-06 00:00:00,219.5
2012-07-09 00:00:00,225.39999999999998
2012-07-10 00:00:00,227.54999999999995
2012-07-11 00:00:00,227.75
2012-07-12 00:00:00,225.10000000000002
2012-07-13 00:00:00,229.14999999999998
2012-07-16 00:00:00,227.0
2012-07-17 00:00:00,224.89999999999998
2012-07-18 00:00:00,225.19999999999993
2012-07-19 00:00:00,232.0
2012-07-20 00:00:00,230.0
2012-07-23 00:00:00,228.14999999999998
2012-07-24 00:00:00,218.5
2012-07-25 00:00:00,219.3499999999999
2012-07-26 00:00:00,217.0999999999999
2012-07-27 00:00:00,216.7499999999999
2012-07-30 00:00:00,221.39999999999998
2012-07-31 00:00:00,217.44999999999993
2012-08-01 00:00:00,217.64999999999998
2012-08-02 00:00:00,214.5999999999999
2012-08-03 00:00:00,216.8499999999999
2012-08-06 00:00:00,218.5
2012-08-07 00:00:00,215.5999999999999
2012-08-08 00:00:00,213.4999999999999
2012-08-09 00:00:00,209.8499999999999
2012-08-10 00:00:00,209.64999999999986
2012-08-13 00:00:00,207.3499999999999
2012-08-14 00:00:00,206.29999999999995
2012-08-15 00:00:00,205.2499999999999
2012-08-16 00:00:00,202.0999999999999
2012-08-17 00:00:00,203.4999999999999
2012-08-20 00:00:00,204.8499999999999
2012-08-21 00:00:00,204.4999999999999
2012-08-22 00:00:00,202.39999999999986
2012-08-23 00:00:00,202.14999999999986
2012-08-24 00:00:00,203.19999999999982
2012-08-27 00:00:00,207.64999999999986
2012-08-28 00:00:00,208.2499999999999
2012-08-29 00:00:00,206.94999999999993
2012-08-30 00:00:00,203.69999999999982
2012-08-31 00:00:00,205.04999999999984
2012-09-04 00:00:00,205.5999999999999
2012-09-05 00:00:00,200.89999999999986
2012-09-06 00:00:00,198.4999999999999
2012-09-07 00:00:00,203.3499999999999
2012-09-10 00:00:00,213.94999999999993
2012-09-11 00:00:00,217.85000000000002
2012-09-12 00:00:00,217.79999999999995
2012-09-13 00:00:00,219.14999999999998
2012-09-14 00:00:00,221.39999999999998
2012-09-17 00:00:00,215.94999999999993
2012-09-18 00:00:00,217.79999999999995
2012-09-19 00:00:00,214.69999999999993
2012-09-20 00:00:00,208.89999999999986
2012-09-21 00:00:00,213.5999999999999
2012-09-24 00:00:00,212.5999999999999
2012-09-25 00:00:00,213.94999999999993
2012-09-26 00:00:00,209.7499999999999
2012-09-27 00:00:00,214.5999999999999
2012-09-28 00:00:00,213.79999999999995
2012-10-01 00:00:00,218.35000000000002
2012-10-02 00:00:00,223.94999999999993
2012-10-03 00:00:00,221.35000000000002
2012-10-04 00:00:00,215.3499999999999
2012-10-05 00:00:00,208.39999999999986
2012-10-08 00:00:00,209.39999999999986
2012-10-09 00:00:00,205.5999999999999
2012-10-10 00:00:00,203.7499999999999
2012-10-11 00:00:00,201.04999999999984
2012-10-12 00:00:00,201.9999999999999
2012-10-15 00:00:00,201.14999999999986
2012-10-16 00:00:00,203.0999999999998
2012-10-17 00:00:00,201.79999999999984
2012-10-18 00:00:00,198.89999999999986
2012-10-19 00:00:00,201.94999999999982
2012-10-22 00:00:00,204.79999999999984
2012-10-23 00:00:00,201.14999999999986
2012-10-24 00:00:00,200.0999999999999
2012-10-25 00:00:00,201.29999999999984
2012-10-26 00:00:00,198.04999999999984
2012-10-29 00:00:00,201.94999999999982
2012-10-30 00:00:00,197.4999999999999
2012-10-31 00:00:00,194.94999999999982
2012-11-01 00:00:00,193.79999999999984
2012-11-02 00:00:00,195.3499999999999
2012-11-05 00:00:00,191.39999999999986
2012-11-06 00:00:00,190.9999999999999
2012-11-07 00:00:00,191.44999999999982
2012-11-08 00:00:00,192.44999999999982
2012-11-09 00:00:00,191.14999999999986
2012-11-12 00:00:00,193.79999999999984
2012-11-13 00:00:00,186.84999999999988
2012-11-14 00:00:00,188.3499999999999
2012-11-15 00:00:00,189.5999999999999
2012-11-16 00:00:00,188.0999999999999
2012-11-19 00:00:00,192.9999999999999
2012-11-20 00:00:00,188.04999999999984
2012-11-21 00:00:00,189.04999999999984
2012-11-23 00:00:00,186.39999999999984
2012-11-26 00:00:00,184.49999999999986
2012-11-27 00:00:00,184.74999999999986
2012-11-28 00:00:00,190.44999999999982
2012-11-29 00:00:00,191.9999999999999
2012-11-30 00:00:00,186.1999999999998
2012-12-03 00:00:00,186.2999999999998
2012-12-04 00:00:00,183.9499999999998
2012-12-05 00:00:00,184.6999999999999
2012-12-06 00:00:00,186.5499999999998
2012-12-07 00:00:00,189.44999999999982
2012-12-10 00:00:00,182.59999999999985
2012-12-11 00:00:00,185.09999999999988
2012-12-12 00:00:00,182.09999999999985
2012-12-13 00:00:00,179.19999999999982
2012-12-14 00:00:00,178.74999999999986
2012-12-17 00:00:00,181.54999999999978
2012-12-18 00:00:00,179.59999999999985
2012-12-19 00:00:00,180.49999999999983
2012-12-20 00:00:00,178.5499999999998
2012-12-21 00:00:00,182.19999999999976
2012-12-24 00:00:00,182.59999999999985
2012-12-26 00:00:00,183.89999999999984
2012-12-27 00:00:00,183.49999999999986
2012-12-28 00:00:00,182.44999999999976
2012-12-31 00:00:00,179.39999999999986
2013-01-02 00:00:00,184.99999999999986
2013-01-03 00:00:00,182.09999999999985
2013-01-04 00:00:00,182.94999999999976
2013-01-07 00:00:00,185.99999999999986
2013-01-08 00:00:00,183.74999999999986
2013-01-09 00:00:00,183.49999999999986
2013-01-10 00:00:00,185.24999999999986
2013-01-11 00:00:00,188.94999999999993
2013-01-14 00:00:00,188.89999999999986
2013-01-15 00:00:00,188.0999999999999
2013-01-16 00:00:00,188.5999999999999
2013-01-17 00:00:00,191.0999999999999
2013-01-18 00:00:00,191.89999999999986
2013-01-22 00:00:00,184.1999999999998
2013-01-23 00:00:00,185.99999999999986
2013-01-24 00:00:00,182.1499999999998
2013-01-25 00:00:00,183.89999999999984
2013-01-28 00:00:00,184.59999999999988
2013-01-29 00:00:00,185.39999999999984
2013-01-30 00:00:00,183.4499999999998
2013-01-31 00:00:00,182.74999999999983
2013-02-01 00:00:00,183.6999999999998
2013-02-04 00:00:00,180.09999999999985
2013-02-05 00:00:00,179.84999999999985
2013-02-06 00:00:00,177.99999999999986
2013-02-07 00:00:00,176.24999999999986
2013-02-08 00:00:00,176.94999999999982
2013-02-11 00:00:00,175.69999999999985
2013-02-12 00:00:00,175.99999999999986
2013-02-13 00:00:00,174.34999999999988
2013-02-14 00:00:00,173.49999999999986
2013-02-15 00:00:00,172.94999999999985
2013-02-19 00:00:00,171.14999999999984
2013-02-20 00:00:00,174.3999999999999
2013-02-21 00:00:00,174.49999999999986
2013-02-22 00:00:00,176.5499999999999
2013-02-25 00:00:00,175.84999999999988
2013-02-26 00:00:00,176.24999999999986
2013-02-27 00:00:00,176.1999999999999
2013-02-28 00:00:00,175.94999999999985
2013-03-01 00:00:00,176.09999999999988
2013-03-04 00:00:00,179.39999999999986
2013-03-05 00:00:00,173.8999999999999
2013-03-06 00:00:00,173.99999999999986
2013-03-07 00:00:00,175.84999999999988
2013-03-08 00:00:00,176.79999999999984
2013-03-11 00:00:00,176.49999999999986
2013-03-12 00:00:00,175.09999999999988
2013-03-13 00:00:00,173.34999999999988
2013-03-14 00:00:00,172.3999999999999
2013-03-15 00:00:00,170.24999999999986
2013-03-18 00:00:00,167.09999999999988
2013-03-19 00:00:00,165.84999999999988
2013-03-20 00:00:00,166.34999999999988
2013-03-21 00:00:00,166.49999999999986
2013-03-22 00:00:00,168.04999999999987
2013-03-25 00:00:00,168.34999999999988
2013-03-26 00:00:00,170.34999999999988
2013-03-27 00:00:00,169.34999999999988
2013-03-28 00:00:00,169.8999999999999
2013-04-01 00:00:00,171.14999999999984
2013-04-02 00:00:00,169.0499999999998
2013-04-03 00:00:00,172.29999999999987
2013-04-04 00:00:00,172.19999999999985
2013-04-05 00:00:00,172.84999999999982
2013-04-08 00:00:00,168.84999999999982
2013-04-09 00:00:00,168.09999999999982
2013-04-10 00:00:00,168.59999999999982
2013-04-11 00:00:00,169.39999999999984
2013-04-12 00:00:00,167.39999999999984
2013-04-15 00:00:00,166.34999999999982
2013-04-16 00:00:00,167.49999999999986
2013-04-17 00:00:00,167.09999999999982
2013-04-18 00:00:00,171.0499999999998
2013-04-19 00:00:00,173.44999999999985
2013-04-22 00:00:00,173.34999999999982
2013-04-23 00:00:00,167.79999999999987
2013-04-24 00:00:00,168.64999999999984
2013-04-25 00:00:00,167.64999999999984
2013-04-26 00:00:00,164.19999999999985
2013-04-29 00:00:00,163.99999999999986
2013-04-30 00:00:00,165.34999999999982
2013-05-01 00:00:00,164.94999999999985
2013-05-02 00:00:00,169.69999999999985
2013-05-03 00:00:00,171.14999999999984
2013-05-06 00:00:00,171.99999999999986
2013-05-07 00:00:00,172.94999999999985
2013-05-08 00:00:00,174.39999999999984
2013-05-09 00:00:00,178.14999999999984
2013-05-10 00:00:00,174.69999999999985
2013-05-13 00:00:00,175.99999999999986
2013-05-14 00:00:00,174.24999999999986
2013-05-15 00:00:00,170.79999999999987
2013-05-16 00:00:00,170.09999999999982
2013-05-17 00:00:00,167.14999999999984
2013-05-20 00:00:00,165.39999999999984
2013-05-21 00:00:00,162.94999999999985
2013-05-22 00:00:00,158.69999999999985
2013-05-23 00:00:00,160.29999999999987
2013-05-24 00:00:00,157.49999999999986
2013-05-28 00:00:00,156.69999999999985
2013-05-29 00:00:00,157.84999999999988
2013-05-30 00:00:00,156.09999999999982
2013-05-31 00:00:00,157.29999999999987
2013-06-03 00:00:00,159.09999999999988
2013-06-04 00:00:00,157.79999999999987
2013-06-05 00:00:00,157.64999999999984
2013-06-06 00:00:00,159.44999999999985
2013-06-07 00:00:00,157.14999999999984
2013-06-10 00:00:00,158.99999999999986
2013-06-11 00:00:00,157.74999999999986
2013-06-12 00:00:00,152.59999999999988
2013-06-13 00:00:00,153.54999999999987
2013-06-14 00:00:00,151.94999999999985
2013-06-17 00:00:00,151.39999999999984
2013-06-18 00:00:00,151.64999999999984
2013-06-19 00:00:00,152.49999999999986
2013-06-20 00:00:00,146.4999999999998
2013-06-21 00:00:00,147.44999999999985
2013-06-24 00:00:00,148.2999999999998
2013-06-25 00:00:00,148.69999999999985
2013-06-26 00:00:00,146.59999999999982
2013-06-27 00:00:00,150.0499999999998
2013-06-28 00:00:00,148.54999999999987
2013-07-01 00:00:00,149.7499999999998
2013-07-02 00:00:00,152.49999999999986
2013-07-03 00:00:00,149.54999999999987
2013-07-05 00:00:00,149.39999999999984
2013-07-08 00:00:00,151.59999999999988
2013-07-09 00:00:00,150.39999999999984
2013-07-10 00:00:00,149.7999999999998
2013-07-11 00:00:00,151.54999999999987
2013-07-12 00:00:00,147.54999999999987
2013-07-15 00:00:00,151.39999999999984
2013-07-16 00:00:00,154.09999999999982
2013-07-17 00:00:00,156.09999999999982
2013-07-18 00:00:00,155.69999999999985
2013-07-19 00:00:00,150.84999999999982
2013-07-22 00:00:00,153.44999999999985
2013-07-23 00:00:00,154.24999999999986
2013-07-24 00:00:00,149.39999999999984
2013-07-25 00:00:00,152.94999999999985
2013-07-26 00:00:00,150.39999999999984
2013-07-29 00:00:00,149.2999999999998
2013-07-30 00:00:00,148.44999999999985
2013-07-31 00:00:00,146.7499999999998
2013-08-01 00:00:00,143.7499999999998
2013-08-02 00:00:00,146.44999999999985
2013-08-05 00:00:00,147.89999999999984
2013-08-06 00:00:00,146.09999999999982
2013-08-07 00:00:00,149.19999999999985
2013-08-08 00:00:00,150.19999999999985
2013-08-09 00:00:00,150.99999999999986
2013-08-12 00:00:00,151.49999999999986
2013-08-13 00:00:00,148.39999999999984
2013-08-14 00:00:00,150.69999999999985
2013-08-15 00:00:00,150.09999999999982
2013-08-16 00:00:00,149.04999999999987
2013-08-19 00:00:00,148.14999999999984
2013-08-20 00:00:00,144.1999999999998
2013-08-21 00:00:00,142.5499999999998
2013-08-22 00:00:00,142.44999999999985
2013-08-23 00:00:00,142.44999999999985
2013-08-26 00:00:00,143.14999999999984
2013-08-27 00:00:00,142.14999999999984
2013-08-28 00:00:00,143.84999999999982
2013-08-29 00:00:00,143.0499999999998
2013-08-30 00:00:00,141.6999999999998
2013-09-03 00:00:00,142.59999999999982
2013-09-04 00:00:00,142.2499999999998
2013-09-05 00:00:00,142.2499999999998
2013-09-06 00:00:00,143.2499999999998
2013-09-09 00:00:00,143.44999999999985
2013-09-10 00:00:00,142.0499999999998
2013-09-11 00:00:00,146.19999999999985
2013-09-12 00:00:00,145.9999999999998
2013-09-13 00:00:00,145.39999999999984
2013-09-16 00:00:00,144.64999999999978
2013-09-17 00:00:00,140.34999999999982
2013-09-18 00:00:00,140.2999999999998
2013-09-19 00:00:00,141.1999999999998
2013-09-20 00:00:00,140.0499999999998
2013-09-23 00:00:00,142.44999999999985
2013-09-24 00:00:00,143.2499999999998
2013-09-25 00:00:00,142.64999999999984
2013-09-26 00:00:00,141.0499999999998
2013-09-27 00:00:00,139.09999999999982
2013-09-30 00:00:00,139.09999999999982
2013-10-01 00:00:00,139.4999999999998
2013-10-02 00:00:00,139.84999999999982
2013-10-03 00:00:00,140.7499999999998
2013-10-04 00:00:00,139.7999999999998
2013-10-07 00:00:00,139.89999999999984
2013-10-08 00:00:00,140.44999999999985
2013-10-09 00:00:00,140.64999999999984
2013-10-10 00:00:00,139.7999999999998
2013-10-11 00:00:00,142.09999999999982
2013-10-14 00:00:00,142.39999999999984
2013-10-15 00:00:00,141.84999999999982
2013-10-16 00:00:00,141.2499999999998
2013-10-17 00:00:00,140.09999999999982
2013-10-18 00:00:00,140.0499999999998
2013-10-21 00:00:00,138.09999999999982
2013-10-22 00:00:00,137.34999999999982
2013-10-23 00:00:00,135.94999999999985
2013-10-24 00:00:00,135.69999999999985
2013-10-25 00:00:00,134.4999999999998
2013-10-28 00:00:00,132.9499999999998
2013-10-29 00:00:00,132.34999999999982
2013-10-30 00:00:00,132.2499999999998
2013-10-31 00:00:00,130.7999999999998
2013-11-01 00:00:00,130.84999999999982
2013-11-04 00:00:00,129.04999999999987
2013-11-05 00:00:00,128.74999999999986
2013-11-06 00:00:00,126.84999999999982
2013-11-07 00:00:00,129.14999999999984
2013-11-08 00:00:00,129.34999999999982
2013-11-11 00:00:00,128.5499999999998
2013-11-12 00:00:00,131.04999999999987
2013-11-13 00:00:00,128.19999999999985
2013-11-14 00:00:00,127.89999999999984
2013-11-15 00:00:00,131.34999999999982
2013-11-18 00:00:00,131.69999999999985
2013-11-19 00:00:00,130.7999999999998
2013-11-20 00:00:00,132.44999999999985
2013-11-21 00:00:00,133.64999999999984
2013-11-22 00:00:00,129.74999999999986
2013-11-25 00:00:00,130.7999999999998
2013-11-26 00:00:00,130.9999999999998
2013-11-27 00:00:00,130.34999999999982
2013-11-29 00:00:00,133.09999999999982
2013-12-02 00:00:00,132.14999999999984
2013-12-03 00:00:00,132.44999999999985
2013-12-04 00:00:00,130.64999999999984
2013-12-05 00:00:00,128.24999999999986
2013-12-06 00:00:00,128.64999999999984
2013-12-09 00:00:00,128.34999999999982
2013-12-10 00:00:00,132.49999999999986
2013-12-11 00:00:00,131.94999999999985
2013-12-12 00:00:00,133.5499999999998
2013-12-13 00:00:00,137.49999999999986
2013-12-16 00:00:00,137.5499999999998
2013-12-17 00:00:00,136.39999999999984
2013-12-18 00:00:00,138.19999999999985
2013-12-19 00:00:00,135.99999999999986
2013-12-20 00:00:00,137.5499999999998
2013-12-23 00:00:00,138.09999999999982
2013-12-24 00:00:00,136.99999999999986
2013-12-26 00:00:00,137.69999999999985
2013-12-27 00:00:00,138.59999999999982
2013-12-30 00:00:00,136.94999999999985
2013-12-31 00:00:00,132.94999999999985
2014-01-02 00:00:00,133.64999999999984
2014-01-03 00:00:00,138.59999999999982
2014-01-06 00:00:00,143.2499999999998
2014-01-07 00:00:00,139.49999999999986
2014-01-08 00:00:00,143.14999999999984
2014-01-09 00:00:00,141.59999999999982
2014-01-10 00:00:00,142.89999999999984
2014-01-13 00:00:00,142.09999999999982
2014-01-14 00:00:00,141.4499999999998
2014-01-15 00:00:00,139.44999999999985
2014-01-16 00:00:00,140.59999999999982
2014-01-17 00:00:00,139.39999999999984
2014-01-21 00:00:00,138.44999999999985
2014-01-22 00:00:00,137.09999999999982
2014-01-23 00:00:00,137.44999999999985
2014-01-24 00:00:00,136.64999999999984
2014-01-27 00:00:00,136.09999999999982
2014-01-28 00:00:00,136.89999999999984
2014-01-29 00:00:00,139.34999999999982
2014-01-30 00:00:00,142.2499999999998
2014-01-31 00:00:00,147.39999999999984
2014-02-03 00:00:00,158.0499999999998
2014-02-04 00:00:00,158.59999999999982
2014-02-05 00:00:00,165.2999999999998
2014-02-06 00:00:00,158.0499999999998
2014-02-07 00:00:00,158.0499999999998
2014-02-10 00:00:00,158.64999999999984
2014-02-11 00:00:00,159.64999999999984
2014-02-12 00:00:00,163.34999999999982
2014-02-13 00:00:00,162.14999999999984
2014-02-14 00:00:00,162.49999999999986
2014-02-18 00:00:00,175.0499999999998
2014-02-19 00:00:00,192.79999999999984
2014-02-20 00:00:00,189.64999999999986
2014-02-21 00:00:00,189.69999999999982
2014-02-24 00:00:00,196.54999999999984
2014-02-25 00:00:00,196.44999999999982
2014-02-26 00:00:00,197.89999999999986
2014-02-27 00:00:00,199.49999999999977
2014-02-28 00:00:00,200.49999999999977
2014-03-03 00:00:00,213.64999999999986
2014-03-04 00:00:00,205.64999999999986
2014-03-05 00:00:00,222.5999999999999
2014-03-06 00:00:00,215.7499999999999
2014-03-07 00:00:00,217.04999999999984
2014-03-10 00:00:00,223.60000000000002
2014-03-11 00:00:00,225.85000000000002
2014-03-12 00:00:00,225.4999999999999
2014-03-13 00:00:00,226.14999999999998
2014-03-14 00:00:00,218.5999999999999
2014-03-17 00:00:00,211.5999999999999
2014-03-18 00:00:00,211.7499999999999
2014-03-19 00:00:00,205.69999999999993
2014-03-20 00:00:00,194.3499999999998
2014-03-21 00:00:00,191.3499999999998
2014-03-24 00:00:00,196.5999999999998
2014-03-25 00:00:00,195.49999999999977
2014-03-26 00:00:00,196.19999999999982
2014-03-27 00:00:00,196.54999999999984
2014-03-28 00:00:00,200.79999999999984
2014-03-31 00:00:00,198.0999999999998
2014-04-01 00:00:00,195.44999999999982
2014-04-02 00:00:00,192.89999999999986
2014-04-03 00:00:00,194.79999999999984
2014-04-04 00:00:00,205.19999999999982
2014-04-07 00:00:00,213.64999999999986
2014-04-08 00:00:00,216.79999999999984
2014-04-09 00:00:00,220.19999999999993
2014-04-10 00:00:00,226.4999999999999
2014-04-11 00:00:00,221.64999999999998
2014-04-14 00:00:00,225.5
2014-04-15 00:00:00,213.14999999999986
2014-04-16 00:00:00,206.94999999999982
2014-04-17 00:00:00,222.19999999999993
2014-04-21 00:00:00,217.29999999999984
2014-04-22 00:00:00,231.4999999999999
2014-04-23 00:00:00,232.04999999999995
2014-04-24 00:00:00,232.89999999999998
2014-04-25 00:00:00,225.0999999999999
2014-04-28 00:00:00,219.25
2014-04-29 00:00:00,230.0
2014-04-30 00:00:00,223.94999999999993
2014-05-01 00:00:00,222.2499999999999
2014-05-02 00:00:00,221.29999999999995
2014-05-05 00:00:00,223.3499999999999
2014-05-06 00:00:00,220.3499999999999
2014-05-07 00:00:00,219.0999999999999
2014-05-08 00:00:00,213.5999999999999
2014-05-09 00:00:00,201.99999999999977
2014-05-12 00:00:00,207.3499999999999
2014-05-13 00:00:00,205.04999999999984
2014-05-14 00:00:00,202.29999999999984
2014-05-15 00:00:00,214.89999999999986
2014-05-16 00:00:00,203.14999999999986
2014-05-19 00:00:00,201.5999999999998
2014-05-20 00:00:00,203.79999999999984
2014-05-21 00:00:00,199.49999999999977
2014-05-22 00:00:00,199.44999999999982
2014-05-23 00:00:00,199.99999999999977
2014-05-27 00:00:00,197.44999999999982
2014-05-28 00:00:00,194.24999999999977
2014-05-29 00:00:00,200.04999999999984
2014-05-30 00:00:00,195.5999999999998
2014-06-02 00:00:00,190.44999999999982
2014-06-03 00:00:00,189.29999999999984
2014-06-04 00:00:00,188.29999999999984
2014-06-05 00:00:00,187.3499999999998
2014-06-06 00:00:00,190.3499999999998
2014-06-09 00:00:00,183.64999999999972
2014-06-10 00:00:00,183.99999999999974
2014-06-11 00:00:00,189.99999999999977
2014-06-12 00:00:00,190.39999999999986
2014-06-13 00:00:00,192.14999999999975
2014-06-16 00:00:00,191.49999999999977
2014-06-17 00:00:00,187.64999999999975
2014-06-18 00:00:00,185.5499999999998
2014-06-19 00:00:00,184.7999999999998
2014-06-20 00:00:00,191.19999999999982
2014-06-23 00:00:00,193.0999999999998
2014-06-24 00:00:00,191.94999999999982
2014-06-25 00:00:00,197.74999999999977
2014-06-26 00:00:00,196.54999999999984
2014-06-27 00:00:00,188.2499999999999
2014-06-30 00:00:00,190.79999999999984
2014-07-01 00:00:00,186.64999999999972
2014-07-02 00:00:00,188.99999999999977
2014-07-03 00:00:00,187.49999999999977
2014-07-07 00:00:00,186.7999999999998
2014-07-08 00:00:00,188.64999999999975
2014-07-09 00:00:00,188.5999999999998
2014-07-10 00:00:00,178.6999999999998
2014-07-11 00:00:00,177.0999999999998
2014-07-14 00:00:00,180.04999999999978
2014-07-15 00:00:00,177.64999999999972
2014-07-16 00:00:00,178.1999999999998
2014-07-17 00:00:00,179.54999999999978
2014-07-18 00:00:00,188.0999999999998
2014-07-21 00:00:00,188.5999999999998
2014-07-22 00:00:00,183.99999999999974
2014-07-23 00:00:00,192.29999999999984
2014-07-24 00:00:00,193.99999999999977
2014-07-25 00:00:00,194.8499999999998
2014-07-28 00:00:00,196.79999999999984
2014-07-29 00:00:00,196.39999999999975
2014-07-30 00:00:00,198.19999999999982
2014-07-31 00:00:00,210.7499999999999
2014-08-01 00:00:00,208.04999999999984
2014-08-04 00:00:00,206.3499999999999
2014-08-05 00:00:00,205.3499999999999
2014-08-06 00:00:00,206.79999999999984
2014-08-07 00:00:00,200.0999999999998
2014-08-08 00:00:00,196.9999999999999
2014-08-11 00:00:00,205.29999999999984
2014-08-12 00:00:00,200.8499999999998
2014-08-13 00:00:00,201.54999999999984
2014-08-14 00:00:00,200.39999999999986
2014-08-15 00:00:00,205.0999999999998
2014-08-18 00:00:00,205.04999999999984
2014-08-19 00:00:00,198.0999999999998
2014-08-20 00:00:00,200.89999999999975
2014-08-21 00:00:00,201.54999999999984
2014-08-22 00:00:00,199.29999999999984
2014-08-25 00:00:00,199.5999999999998
2014-08-26 00:00:00,209.39999999999986
2014-08-27 00:00:00,210.0999999999999
2014-08-28 00:00:00,211.94999999999982
2014-08-29 00:00:00,213.14999999999986
2014-09-02 00:00:00,221.39999999999986
2014-09-03 00:00:00,214.2499999999999
2014-09-04 00:00:00,214.39999999999986
2014-09-05 00:00:00,209.9999999999999
2014-09-08 00:00:00,206.39999999999986
2014-09-09 00:00:00,204.54999999999984
2014-09-10 00:00:00,193.19999999999982
2014-09-11 00:00:00,197.39999999999986
2014-09-12 00:00:00,196.49999999999977
2014-09-15 00:00:00,194.14999999999986
2014-09-16 00:00:00,197.19999999999982
2014-09-17 00:00:00,196.79999999999984
2014-09-18 00:00:00,193.14999999999986
2014-09-19 00:00:00,189.94999999999982
2014-09-22 00:00:00,191.3499999999998
2014-09-23 00:00:00,192.8499999999998
2014-09-24 00:00:00,201.04999999999984
2014-09-25 00:00:00,194.24999999999977
2014-09-26 00:00:00,197.99999999999977
2014-09-29 00:00:00,203.19999999999982
2014-09-30 00:00:00,205.29999999999984
2014-10-01 00:00:00,212.3499999999999
2014-10-02 00:00:00,220.54999999999995
2014-10-03 00:00:00,218.44999999999993
2014-10-06 00:00:00,232.7499999999999
2014-10-07 00:00:00,228.29999999999995
2014-10-08 00:00:00,226.39999999999986
2014-10-09 00:00:00,233.5999999999999
2014-10-10 00:00:00,232.3499999999999
2014-10-13 00:00:00,230.04999999999995
2014-10-14 00:00:00,233.8499999999999
2014-10-15 00:00:00,227.94999999999993
2014-10-16 00:00:00,229.04999999999995
2014-10-17 00:00:00,222.5999999999999
2014-10-20 00:00:00,211.3499999999999
2014-10-21 00:00:00,211.54999999999984
2014-10-22 00:00:00,203.04999999999984
2014-10-23 00:00:00,205.2499999999999
2014-10-24 00:00:00,203.44999999999982
2014-10-27 00:00:00,202.8499999999998
2014-10-28 00:00:00,204.29999999999984
2014-10-29 00:00:00,201.54999999999984
2014-10-30 00:00:00,199.54999999999984
2014-10-31 00:00:00,199.94999999999982
2014-11-03 00:00:00,197.79999999999973
2014-11-04 00:00:00,200.14999999999975
2014-11-05 00:00:00,198.19999999999982
2014-11-06 00:00:00,195.64999999999975
2014-11-07 00:00:00,194.39999999999975
2014-11-10 00:00:00,193.3499999999998
2014-11-11 00:00:00,196.39999999999975
2014-11-12 00:00:00,196.39999999999975
2014-11-13 00:00:00,200.79999999999973
2014-11-14 00:00:00,203.99999999999977
2014-11-17 00:00:00,199.4499999999997
2014-11-18 00:00:00,200.54999999999973
2014-11-19 00:00:00,206.7499999999999
2014-11-20 00:00:00,196.49999999999977
2014-11-21 00:00:00,198.3499999999998
2014-11-24 00:00:00,198.14999999999975
2014-11-25 00:00:00,202.6999999999997
2014-11-26 00:00:00,201.89999999999975
2014-11-28 00:00:00,195.0999999999998
2014-12-01 00:00:00,198.04999999999973
2014-12-02 00:00:00,191.04999999999973
2014-12-03 00:00:00,191.29999999999973
2014-12-04 00:00:00,190.0999999999998
2014-12-05 00:00:00,187.74999999999977
2014-12-08 00:00:00,185.6999999999998
2014-12-09 00:00:00,188.0999999999998
2014-12-10 00:00:00,186.1999999999998
2014-12-11 00:00:00,184.0499999999997
2014-12-12 00:00:00,181.6499999999997
2014-12-15 00:00:00,186.2999999999998
2014-12-16 00:00:00,185.34999999999977
2014-12-17 00:00:00,179.49999999999977
2014-12-18 00:00:00,181.99999999999972
2014-12-19 00:00:00,182.34999999999974
2014-12-22 00:00:00,179.79999999999967
2014-12-23 00:00:00,178.64999999999972
2014-12-24 00:00:00,177.7999999999997
2014-12-26 00:00:00,176.24999999999974
2014-12-29 00:00:00,172.79999999999976
2014-12-30 00:00:00,172.44999999999973
2014-12-31 00:00:00,174.24999999999974
2015-01-02 00:00:00,168.6999999999998
2015-01-05 00:00:00,175.74999999999974
2015-01-06 00:00:00,182.54999999999967
2015-01-07 00:00:00,182.69999999999976
2015-01-08 00:00:00,184.5499999999997
2015-01-09 00:00:00,187.69999999999982
2015-01-12 00:00:00,184.39999999999972
2015-01-13 00:00:00,184.59999999999977
2015-01-14 00:00:00,187.49999999999977
2015-01-15 00:00:00,184.2999999999997
2015-01-16 00:00:00,178.64999999999972
2015-01-20 00:00:00,171.9499999999998
2015-01-21 00:00:00,168.89999999999978
2015-01-22 00:00:00,167.59999999999977
2015-01-23 00:00:00,170.09999999999977
2015-01-26 00:00:00,169.49999999999974
2015-01-27 00:00:00,175.84999999999977
2015-01-28 00:00:00,175.34999999999977
2015-01-29 00:00:00,167.64999999999978
2015-01-30 00:00:00,169.54999999999976
2015-02-02 00:00:00,170.14999999999978
2015-02-03 00:00:00,168.49999999999974
2015-02-04 00:00:00,172.59999999999977
2015-02-05 00:00:00,172.4499999999998
2015-02-06 00:00:00,174.49999999999974
2015-02-09 00:00:00,175.29999999999976
2015-02-10 00:00:00,167.14999999999978
2015-02-11 00:00:00,167.1999999999998
2015-02-12 00:00:00,172.34999999999977
2015-02-13 00:00:00,171.39999999999978
2015-02-17 00:00:00,163.74999999999974
2015-02-18 00:00:00,161.84999999999977
2015-02-19 00:00:00,157.54999999999976
2015-02-20 00:00:00,157.79999999999976
2015-02-23 00:00:00,153.14999999999978
2015-02-24 00:00:00,153.79999999999976
2015-02-25 00:00:00,148.34999999999977
2015-02-26 00:00:00,145.4499999999998
2015-02-27 00:00:00,145.39999999999978
2015-03-02 00:00:00,143.24999999999974
2015-03-03 00:00:00,134.64999999999978
2015-03-04 00:00:00,142.4499999999998
2015-03-05 00:00:00,139.9499999999998
2015-03-06 00:00:00,144.79999999999976
2015-03-09 00:00:00,141.89999999999978
2015-03-10 00:00:00,139.9499999999998
2015-03-11 00:00:00,136.64999999999978
2015-03-12 00:00:00,137.09999999999977
2015-03-13 00:00:00,134.6999999999998
2015-03-16 00:00:00,142.9499999999998
2015-03-17 00:00:00,143.04999999999976
2015-03-18 00:00:00,144.9499999999998
2015-03-19 00:00:00,149.04999999999976
2015-03-20 00:00:00,148.24999999999974
2015-03-23 00:00:00,146.7499999999998
2015-03-24 00:00:00,142.1999999999998
2015-03-25 00:00:00,144.84999999999977
2015-03-26 00:00:00,145.14999999999978
2015-03-27 00:00:00,143.09999999999977
2015-03-30 00:00:00,137.24999999999974
2015-03-31 00:00:00,137.79999999999976
2015-04-01 00:00:00,139.7499999999998
2015-04-02 00:00:00,145.4499999999998
2015-04-06 00:00:00,150.54999999999976
2015-04-07 00:00:00,146.54999999999976
2015-04-08 00:00:00,140.4499999999998
2015-04-09 00:00:00,141.84999999999977
2015-04-10 00:00:00,139.54999999999976
2015-04-13 00:00:00,137.89999999999978
2015-04-14 00:00:00,138.34999999999977
2015-04-15 00:00:00,139.04999999999976
2015-04-16 00:00:00,143.1999999999998
2015-04-17 00:00:00,143.09999999999977
2015-04-20 00:00:00,142.9499999999998
2015-04-21 00:00:00,144.39999999999978
2015-04-22 00:00:00,145.34999999999977
2015-04-23 00:00:00,143.1999999999998
2015-04-24 00:00:00,143.84999999999977
2015-04-27 00:00:00,138.7499999999998
2015-04-28 00:00:00,140.2499999999998
2015-04-29 00:00:00,140.6999999999998
2015-04-30 00:00:00,139.14999999999978
2015-05-01 00:00:00,135.89999999999978
2015-05-04 00:00:00,134.59999999999977
2015-05-05 00:00:00,135.34999999999977
2015-05-06 00:00:00,131.64999999999978
2015-05-07 00:00:00,133.39999999999978
2015-05-08 00:00:00,136.34999999999977
2015-05-11 00:00:00,136.04999999999976
2015-05-12 00:00:00,137.1999999999998
2015-05-13 00:00:00,137.09999999999977
2015-05-14 00:00:00,139.1999999999998
2015-05-15 00:00:00,139.9499999999998
2015-05-18 00:00:00,144.84999999999977
2015-05-19 00:00:00,141.54999999999976
2015-05-20 00:00:00,137.6999999999998
2015-05-21 00:00:00,130.14999999999978
2015-05-22 00:00:00,128.64999999999978
2015-05-26 00:00:00,125.7499999999998
2015-05-27 00:00:00,126.19999999999979
2015-05-28 00:00:00,126.84999999999977
2015-05-29 00:00:00,127.84999999999977
2015-06-01 00:00:00,131.4999999999998
2015-06-02 00:00:00,134.4999999999998
2015-06-03 00:00:00,136.2499999999998
2015-06-04 00:00:00,137.4999999999998
2015-06-05 00:00:00,136.84999999999977
2015-06-08 00:00:00,138.1999999999998
2015-06-09 00:00:00,138.9999999999998
2015-06-10 00:00:00,137.9999999999998
2015-06-11 00:00:00,133.89999999999978
2015-06-12 00:00:00,133.84999999999977
2015-06-15 00:00:00,129.7499999999998
2015-06-16 00:00:00,131.4499999999998
2015-06-17 00:00:00,128.84999999999977
2015-06-18 00:00:00,131.39999999999978
2015-06-19 00:00:00,129.54999999999976
2015-06-22 00:00:00,131.9499999999998
2015-06-23 00:00:00,129.14999999999978
2015-06-24 00:00:00,134.54999999999976
2015-06-25 00:00:00,134.54999999999976
2015-06-26 00:00:00,132.89999999999978
2015-06-29 00:00:00,131.84999999999977
2015-06-30 00:00:00,131.84999999999977
2015-07-01 00:00:00,126.44999999999979
2015-07-02 00:00:00,126.84999999999977
2015-07-06 00:00:00,124.59999999999977
2015-07-07 00:00:00,124.14999999999978
2015-07-08 00:00:00,124.39999999999978
2015-07-09 00:00:00,124.69999999999979
2015-07-10 00:00:00,125.69999999999979
2015-07-13 00:00:00,128.2499999999998
2015-07-14 00:00:00,131.4499999999998
2015-07-15 00:00:00,129.1999999999998
2015-07-16 00:00:00,128.29999999999976
2015-07-17 00:00:00,127.84999999999977
2015-07-20 00:00:00,126.89999999999978
2015-07-21 00:00:00,125.39999999999978
2015-07-22 00:00:00,124.4999999999998
2015-07-23 00:00:00,120.9999999999998
2015-07-24 00:00:00,121.69999999999979
2015-07-27 00:00:00,119.84999999999982
2015-07-28 00:00:00,119.69999999999979
2015-07-29 00:00:00,121.59999999999977
2015-07-30 00:00:00,124.34999999999977
2015-07-31 00:00:00,124.69999999999979
2015-08-03 00:00:00,123.34999999999977
2015-08-04 00:00:00,124.2499999999998
2015-08-05 00:00:00,125.19999999999979
2015-08-06 00:00:00,123.54999999999981
2015-08-07 00:00:00,127.04999999999976
2015-08-10 00:00:00,132.7499999999998
2015-08-11 00:00:00,136.54999999999976
2015-08-12 00:00:00,131.4499999999998
2015-08-13 00:00:00,136.79999999999976
2015-08-14 00:00:00,137.34999999999977
2015-08-17 00:00:00,134.7499999999998
2015-08-18 00:00:00,135.2499999999998
2015-08-19 00:00:00,130.9999999999998
2015-08-20 00:00:00,128.64999999999978
2015-08-21 00:00:00,122.64999999999978
2015-08-24 00:00:00,117.89999999999978
2015-08-25 00:00:00,116.7499999999998
2015-08-26 00:00:00,118.39999999999978
2015-08-27 00:00:00,120.7499999999998
2015-08-28 00:00:00,120.2499999999998
2015-08-31 00:00:00,120.4999999999998
2015-09-01 00:00:00,116.9999999999998
2015-09-02 00:00:00,114.54999999999981
2015-09-03 00:00:00,115.7499999999998
2015-09-04 00:00:00,115.34999999999977
2015-09-08 00:00:00,117.19999999999979
2015-09-09 00:00:00,117.29999999999976
2015-09-10 00:00:00,112.59999999999977
2015-09-11 00:00:00,112.7499999999998
2015-09-14 00:00:00,116.39999999999978
2015-09-15 00:00:00,114.89999999999978
2015-09-16 00:00:00,114.29999999999981
2015-09-17 00:00:00,114.7499999999998
2015-09-18 00:00:00,114.54999999999981
2015-09-21 00:00:00,113.44999999999979
2015-09-22 00:00:00,111.64999999999978
2015-09-23 00:00:00,112.39999999999978
2015-09-24 00:00:00,114.4999999999998
2015-09-25 00:00:00,118.89999999999978
2015-09-28 00:00:00,115.34999999999977
2015-09-29 00:00:00,117.04999999999976
2015-09-30 00:00:00,117.54999999999981
2015-10-01 00:00:00,116.94999999999979
2015-10-02 00:00:00,120.4999999999998
2015-10-05 00:00:00,123.7499999999998
2015-10-06 00:00:00,124.29999999999976
2015-10-07 00:00:00,122.2499999999998
2015-10-08 00:00:00,124.64999999999978
2015-10-09 00:00:00,127.79999999999976
2015-10-12 00:00:00,130.6999999999998
2015-10-13 00:00:00,130.54999999999976
2015-10-14 00:00:00,130.84999999999977
2015-10-15 00:00:00,129.89999999999978
2015-10-16 00:00:00,122.04999999999976
2015-10-19 00:00:00,120.09999999999982
2015-10-20 00:00:00,120.94999999999979
2015-10-21 00:00:00,117.19999999999979
2015-10-22 00:00:00,116.04999999999976
2015-10-23 00:00:00,114.64999999999984
2015-10-26 00:00:00,113.4999999999998
2015-10-27 00:00:00,113.4999999999998
2015-10-28 00:00:00,115.29999999999976
2015-10-29 00:00:00,116.4999999999998
2015-10-30 00:00:00,117.14999999999978
2015-11-02 00:00:00,115.04999999999981
2015-11-03 00:00:00,116.4999999999998
2015-11-04 00:00:00,116.79999999999981
2015-11-05 00:00:00,117.14999999999978
2015-11-06 00:00:00,114.04999999999981
2015-11-09 00:00:00,114.2499999999998
2015-11-10 00:00:00,112.59999999999982
2015-11-11 00:00:00,113.04999999999981
2015-11-12 00:00:00,111.64999999999978
2015-11-13 00:00:00,108.69999999999979
2015-11-16 00:00:00,111.09999999999982
2015-11-17 00:00:00,111.14999999999978
2015-11-18 00:00:00,108.64999999999978
2015-11-19 00:00:00,115.09999999999977
2015-11-20 00:00:00,117.29999999999981
2015-11-23 00:00:00,115.34999999999977
2015-11-24 00:00:00,117.39999999999978
2015-11-25 00:00:00,118.44999999999979
2015-11-27 00:00:00,116.4999999999998
2015-11-30 00:00:00,112.54999999999981
2015-12-01 00:00:00,112.79999999999981
2015-12-02 00:00:00,113.34999999999977
2015-12-03 00:00:00,117.7499999999998
2015-12-04 00:00:00,119.84999999999982
2015-12-07 00:00:00,118.94999999999979
2015-12-08 00:00:00,118.09999999999977
2015-12-09 00:00:00,119.69999999999979
2015-12-10 00:00:00,119.2499999999998
2015-12-11 00:00:00,114.09999999999982
2015-12-14 00:00:00,112.79999999999981
2015-12-15 00:00:00,112.79999999999981
2015-12-16 00:00:00,112.14999999999978
2015-12-17 00:00:00,111.19999999999979
2015-12-18 00:00:00,111.89999999999978
2015-12-21 00:00:00,110.39999999999978
2015-12-22 00:00:00,112.04999999999981
2015-12-23 00:00:00,113.84999999999982
2015-12-24 00:00:00,112.59999999999982
2015-12-28 00:00:00,112.04999999999981
2015-12-29 00:00:00,114.34999999999977
2015-12-30 00:00:00,116.54999999999981
2015-12-31 00:00:00,119.59999999999977
2016-01-04 00:00:00,116.79999999999981
2016-01-05 00:00:00,115.89999999999978
2016-01-06 00:00:00,112.84999999999982
2016-01-07 00:00:00,111.34999999999982
2016-01-08 00:00:00,111.89999999999978
2016-01-11 00:00:00,107.34999999999982
2016-01-12 00:00:00,107.2499999999998
2016-01-13 00:00:00,107.69999999999979
2016-01-14 00:00:00,108.79999999999981
2016-01-15 00:00:00,107.79999999999981
2016-01-19 00:00:00,108.54999999999981
2016-01-20 00:00:00,104.4999999999998
2016-01-21 00:00:00,107.29999999999981
2016-01-22 00:00:00,108.89999999999978
2016-01-25 00:00:00,109.34999999999977
2016-01-26 00:00:00,109.59999999999977
2016-01-27 00:00:00,111.09999999999982
2016-01-28 00:00:00,112.04999999999981
2016-01-29 00:00:00,109.2499999999998
2016-02-01 00:00:00,110.59999999999977
2016-02-02 00:00:00,112.64999999999978
2016-02-03 00:00:00,114.2499999999998
2016-02-04 00:00:00,115.89999999999978
2016-02-05 00:00:00,113.14999999999978
2016-02-08 00:00:00,108.69999999999979
2016-02-09 00:00:00,107.59999999999982
2016-02-10 00:00:00,107.59999999999982
2016-02-11 00:00:00,105.7499999999998
2016-02-12 00:00:00,108.2499999999998
2016-02-16 00:00:00,107.7499999999998
2016-02-17 00:00:00,107.34999999999977
2016-02-18 00:00:00,106.84999999999982
2016-02-19 00:00:00,107.29999999999981
2016-02-22 00:00:00,111.34999999999977
2016-02-23 00:00:00,109.99999999999974
2016-02-24 00:00:00,107.7499999999998
2016-02-25 00:00:00,106.89999999999978
2016-02-26 00:00:00,105.94999999999979
2016-02-29 00:00:00,105.79999999999981
2016-03-01 00:00:00,105.4999999999998
2016-03-02 00:00:00,106.29999999999981
2016-03-03 00:00:00,108.59999999999977
2016-03-04 00:00:00,111.79999999999981
2016-03-07 00:00:00,111.64999999999978
2016-03-08 00:00:00,112.44999999999979
2016-03-09 00:00:00,113.09999999999982
2016-03-10 00:00:00,112.89999999999978
2016-03-11 00:00:00,116.54999999999976
2016-03-14 00:00:00,117.94999999999979
2016-03-15 00:00:00,116.44999999999979
2016-03-16 00:00:00,119.79999999999981
2016-03-17 00:00:00,123.29999999999976
2016-03-18 00:00:00,125.04999999999981
2016-03-21 00:00:00,122.29999999999976
2016-03-22 00:00:00,125.39999999999978
2016-03-23 00:00:00,121.84999999999977
2016-03-24 00:00:00,118.29999999999981
2016-03-28 00:00:00,119.29999999999981
2016-03-29 00:00:00,118.19999999999979
2016-03-30 00:00:00,117.7499999999998
2016-03-31 00:00:00,118.19999999999979
2016-04-01 00:00:00,117.9999999999998
2016-04-04 00:00:00,113.59999999999977
2016-04-05 00:00:00,111.69999999999979
2016-04-06 00:00:00,112.29999999999981
2016-04-07 00:00:00,110.59999999999977
2016-04-08 00:00:00,111.19999999999979
2016-04-11 00:00:00,113.89999999999978
2016-04-12 00:00:00,114.94999999999973
2016-04-13 00:00:00,112.2499999999998
2016-04-14 00:00:00,113.7499999999998
2016-04-15 00:00:00,113.4999999999998
2016-04-18 00:00:00,114.59999999999977
2016-04-19 00:00:00,116.54999999999976
2016-04-20 00:00:00,117.34999999999977
2016-04-21 00:00:00,112.7499999999998
2016-04-22 00:00:00,111.9999999999998
2016-04-25 00:00:00,112.19999999999979
2016-04-26 00:00:00,114.39999999999978
2016-04-27 00:00:00,110.14999999999978
2016-04-28 00:00:00,109.59999999999977
2016-04-29 00:00:00,110.14999999999978
2016-05-02 00:00:00,108.29999999999976
2016-05-03 00:00:00,107.89999999999978
2016-05-04 00:00:00,108.34999999999977
2016-05-05 00:00:00,110.14999999999978
2016-05-06 00:00:00,113.14999999999978
2016-05-09 00:00:00,115.09999999999977
2016-05-10 00:00:00,117.39999999999978
2016-05-11 00:00:00,118.39999999999978
2016-05-12 00:00:00,118.69999999999979
2016-05-13 00:00:00,118.74999999999974
2016-05-16 00:00:00,122.24999999999974
2016-05-17 00:00:00,121.34999999999977
2016-05-18 00:00:00,118.74999999999974
2016-05-19 00:00:00,112.59999999999977
2016-05-20 00:00:00,113.34999999999982
2016-05-23 00:00:00,110.79999999999976
2016-05-24 00:00:00,110.44999999999979
2016-05-25 00:00:00,110.04999999999981
2016-05-26 00:00:00,110.14999999999978
2016-05-27 00:00:00,109.94999999999979
2016-05-31 00:00:00,110.19999999999979
2016-06-01 00:00:00,110.59999999999977
2016-06-02 00:00:00,111.74999999999974
2016-06-03 00:00:00,115.79999999999976
2016-06-06 00:00:00,120.34999999999977
2016-06-07 00:00:00,120.89999999999972
2016-06-08 00:00:00,128.39999999999978
2016-06-09 00:00:00,122.59999999999977
2016-06-10 00:00:00,125.59999999999977
2016-06-13 00:00:00,126.04999999999976
2016-06-14 00:00:00,123.79999999999976
2016-06-15 00:00:00,126.84999999999977
2016-06-16 00:00:00,128.1999999999998
2016-06-17 00:00:00,129.59999999999977
2016-06-20 00:00:00,128.04999999999976
2016-06-21 00:00:00,127.69999999999973
2016-06-22 00:00:00,126.44999999999973
2016-06-23 00:00:00,129.64999999999978
2016-06-24 00:00:00,123.89999999999978
2016-06-27 00:00:00,122.79999999999976
2016-06-28 00:00:00,127.34999999999977
2016-06-29 00:00:00,131.19999999999973
2016-06-30 00:00:00,132.39999999999972
2016-07-01 00:00:00,133.14999999999978
2016-07-05 00:00:00,132.29999999999976
2016-07-06 00:00:00,130.04999999999976
2016-07-07 00:00:00,128.54999999999976
2016-07-08 00:00:00,130.84999999999977
2016-07-11 00:00:00,136.04999999999976
2016-07-12 00:00:00,134.14999999999978
2016-07-13 00:00:00,134.39999999999978
2016-07-14 00:00:00,138.89999999999978
2016-07-15 00:00:00,134.29999999999976
2016-07-18 00:00:00,136.19999999999973
2016-07-19 00:00:00,133.29999999999976
2016-07-20 00:00:00,133.74999999999974
2016-07-21 00:00:00,133.59999999999977
2016-07-22 00:00:00,128.64999999999978
2016-07-25 00:00:00,127.84999999999977
2016-07-26 00:00:00,128.34999999999977
2016-07-27 00:00:00,127.94999999999973
2016-07-28 00:00:00,128.89999999999978
2016-07-29 00:00:00,132.94999999999973
2016-08-01 00:00:00,130.1999999999998
2016-08-02 00:00:00,128.04999999999976
2016-08-03 00:00:00,127.29999999999976
2016-08-04 00:00:00,129.14999999999978
2016-08-05 00:00:00,129.59999999999977
2016-08-08 00:00:00,128.2499999999998
2016-08-09 00:00:00,128.1999999999998
2016-08-10 00:00:00,125.79999999999976
2016-08-11 00:00:00,124.59999999999977
2016-08-12 00:00:00,123.79999999999976
2016-08-15 00:00:00,123.9999999999998
2016-08-16 00:00:00,124.19999999999979
2016-08-17 00:00:00,121.54999999999976
2016-08-18 00:00:00,124.89999999999978
2016-08-19 00:00:00,125.04999999999976
2016-08-22 00:00:00,129.84999999999977
2016-08-23 00:00:00,130.6999999999998
2016-08-24 00:00:00,126.54999999999976
2016-08-25 00:00:00,127.89999999999978
2016-08-26 00:00:00,128.29999999999976
2016-08-29 00:00:00,128.54999999999976
2016-08-30 00:00:00,129.49999999999974
2016-08-31 00:00:00,130.49999999999974
2016-09-01 00:00:00,134.84999999999977
2016-09-02 00:00:00,134.84999999999977
2016-09-06 00:00:00,137.1999999999998
2016-09-07 00:00:00,138.54999999999976
2016-09-08 00:00:00,138.34999999999977
2016-09-09 00:00:00,134.59999999999977
2016-09-12 00:00:00,134.34999999999977
2016-09-13 00:00:00,131.84999999999977
2016-09-14 00:00:00,132.34999999999977
2016-09-15 00:00:00,132.34999999999977
2016-09-16 00:00:00,131.84999999999977
2016-09-19 00:00:00,136.2499999999998
2016-09-20 00:00:00,140.2499999999998
2016-09-21 00:00:00,139.99999999999974
2016-09-22 00:00:00,138.6999999999998
2016-09-23 00:00:00,134.84999999999977
2016-09-26 00:00:00,136.9999999999998
2016-09-27 00:00:00,137.14999999999978
2016-09-28 00:00:00,136.54999999999976
2016-09-29 00:00:00,133.59999999999977
2016-09-30 00:00:00,134.9999999999998
2016-10-03 00:00:00,130.9999999999998
2016-10-04 00:00:00,130.89999999999978
2016-10-05 00:00:00,131.64999999999978
2016-10-06 00:00:00,129.84999999999977
2016-10-07 00:00:00,131.4499999999998
2016-10-10 00:00:00,136.29999999999976
2016-10-11 00:00:00,134.2499999999998
2016-10-12 00:00:00,135.54999999999976
2016-10-13 00:00:00,136.14999999999978
2016-10-14 00:00:00,138.84999999999977
2016-10-17 00:00:00,140.54999999999976
2016-10-18 00:00:00,142.1999999999998
2016-10-19 00:00:00,141.29999999999976
2016-10-20 00:00:00,139.34999999999977
2016-10-21 00:00:00,139.54999999999976
2016-10-24 00:00:00,141.34999999999977
2016-10-25 00:00:00,147.9499999999998
2016-10-26 00:00:00,147.14999999999978
2016-10-27 00:00:00,148.24999999999974
2016-10-28 00:00:00,148.9499999999998
2016-10-31 00:00:00,147.59999999999977
2016-11-01 00:00:00,145.04999999999976
2016-11-02 00:00:00,146.4999999999998
2016-11-03 00:00:00,149.24999999999974
2016-11-04 00:00:00,154.9499999999998
2016-11-07 00:00:00,157.9999999999998
2016-11-08 00:00:00,151.24999999999974
2016-11-09 00:00:00,153.84999999999977
2016-11-10 00:00:00,145.6999999999998
2016-11-11 00:00:00,143.14999999999978
2016-11-14 00:00:00,145.4999999999998
2016-11-15 00:00:00,145.34999999999977
2016-11-16 00:00:00,144.44999999999973
2016-11-17 00:00:00,142.99999999999974
2016-11-18 00:00:00,142.14999999999978
2016-11-21 00:00:00,143.34999999999977
2016-11-22 00:00:00,141.89999999999978
2016-11-23 00:00:00,137.74999999999974
2016-11-25 00:00:00,135.4499999999998
2016-11-28 00:00:00,136.6999999999998
2016-11-29 00:00:00,133.09999999999977
2016-11-30 00:00:00,130.64999999999978
2016-12-01 00:00:00,124.94999999999979
2016-12-02 00:00:00,125.84999999999977
2016-12-05 00:00:00,124.54999999999976
2016-12-06 00:00:00,122.04999999999976
2016-12-07 00:00:00,121.74999999999974
2016-12-08 00:00:00,121.44999999999979
2016-12-09 00:00:00,119.39999999999978
2016-12-12 00:00:00,122.04999999999976
2016-12-13 00:00:00,122.89999999999978
2016-12-14 00:00:00,124.19999999999979
2016-12-15 00:00:00,122.24999999999974
2016-12-16 00:00:00,122.4999999999998
2016-12-19 00:00:00,124.29999999999976
2016-12-20 00:00:00,123.89999999999978
2016-12-21 00:00:00,124.59999999999977
2016-12-22 00:00:00,119.14999999999978
2016-12-23 00:00:00,116.19999999999979
2016-12-27 00:00:00,114.2499999999998
2016-12-28 00:00:00,113.54999999999976
2016-12-29 00:00:00,115.49999999999974
2016-12-30 00:00:00,117.09999999999977
2017-01-03 00:00:00,117.44999999999979
2017-01-04 00:00:00,121.84999999999977
2017-01-05 00:00:00,123.79999999999976
2017-01-06 00:00:00,122.89999999999978
2017-01-09 00:00:00,124.24999999999974
2017-01-10 00:00:00,127.7499999999998
2017-01-11 00:00:00,129.04999999999976
2017-01-12 00:00:00,129.64999999999978
2017-01-13 00:00:00,129.34999999999977
2017-01-17 00:00:00,129.9499999999998
2017-01-18 00:00:00,129.24999999999974
2017-01-19 00:00:00,130.79999999999976
2017-01-20 00:00:00,133.24999999999974
2017-01-23 00:00:00,135.4499999999998
2017-01-24 00:00:00,132.39999999999978
2017-01-25 00:00:00,132.94999999999973
2017-01-26 00:00:00,131.49999999999974
2017-01-27 00:00:00,132.4499999999998
2017-01-30 00:00:00,131.1999999999998
2017-01-31 00:00:00,129.4999999999998
2017-02-01 00:00:00,130.0499999999998
2017-02-02 00:00:00,125.9999999999998
2017-02-03 00:00:00,126.19999999999979
2017-02-06 00:00:00,124.04999999999981
2017-02-07 00:00:00,122.54999999999976
2017-02-08 00:00:00,122.79999999999981
2017-02-09 00:00:00,125.09999999999977
2017-02-10 00:00:00,125.64999999999978
2017-02-13 00:00:00,124.04999999999981
2017-02-14 00:00:00,123.44999999999979
2017-02-15 00:00:00,124.44999999999979
2017-02-16 00:00:00,125.89999999999978
2017-02-17 00:00:00,127.04999999999981
2017-02-21 00:00:00,129.34999999999977
2017-02-22 00:00:00,128.39999999999978
2017-02-23 00:00:00,127.44999999999979
2017-02-24 00:00:00,123.7499999999998
2017-02-27 00:00:00,118.59999999999977
2017-02-28 00:00:00,120.09999999999977
2017-03-01 00:00:00,122.29999999999981
2017-03-02 00:00:00,121.84999999999977
2017-03-03 00:00:00,120.79999999999981
2017-03-06 00:00:00,118.94999999999979
2017-03-07 00:00:00,118.19999999999979
2017-03-08 00:00:00,119.2499999999998
2017-03-09 00:00:00,117.94999999999979
2017-03-10 00:00:00,118.84999999999977
2017-03-13 00:00:00,119.84999999999977
2017-03-14 00:00:00,118.7499999999998
2017-03-15 00:00:00,118.39999999999978
2017-03-16 00:00:00,118.94999999999979
2017-03-17 00:00:00,119.54999999999981
2017-03-20 00:00:00,122.7499999999998
2017-03-21 00:00:00,122.2499999999998
2017-03-22 00:00:00,119.19999999999979
2017-03-23 00:00:00,117.9999999999998
2017-03-24 00:00:00,115.09999999999977
2017-03-27 00:00:00,116.69999999999979
2017-03-28 00:00:00,116.34999999999977
2017-03-29 00:00:00,116.79999999999981
2017-03-30 00:00:00,116.79999999999981
2017-03-31 00:00:00,116.79999999999981
2017-04-03 00:00:00,115.39999999999978
2017-04-04 00:00:00,115.19999999999979
2017-04-05 00:00:00,114.7499999999998
2017-04-06 00:00:00,115.2499999999998
2017-04-07 00:00:00,117.54999999999981
2017-04-10 00:00:00,117.29999999999981
2017-04-11 00:00:00,117.54999999999981
2017-04-12 00:00:00,115.7499999999998
2017-04-13 00:00:00,116.39999999999978
2017-04-17 00:00:00,118.64999999999978
2017-04-18 00:00:00,120.69999999999979
2017-04-19 00:00:00,115.79999999999981
2017-04-20 00:00:00,109.44999999999979
2017-04-21 00:00:00,108.04999999999981
2017-04-24 00:00:00,107.04999999999981
2017-04-25 00:00:00,107.54999999999981
2017-04-26 00:00:00,105.84999999999977
2017-04-27 00:00:00,104.64999999999978
2017-04-28 00:00:00,108.54999999999981
2017-05-01 00:00:00,110.9999999999998
2017-05-02 00:00:00,111.39999999999978
2017-05-03 00:00:00,112.59999999999977
2017-05-04 00:00:00,110.09999999999977
2017-05-05 00:00:00,110.84999999999977
2017-05-08 00:00:00,112.04999999999981
2017-05-09 00:00:00,110.29999999999981
2017-05-10 00:00:00,111.79999999999981
2017-05-11 00:00:00,109.39999999999978
2017-05-12 00:00:00,110.09999999999977
2017-05-15 00:00:00,108.59999999999977
2017-05-16 00:00:00,106.59999999999977
2017-05-17 00:00:00,109.54999999999981
2017-05-18 00:00:00,104.79999999999981
2017-05-19 00:00:00,107.2499999999998
2017-05-22 00:00:00,105.7499999999998
2017-05-23 00:00:00,105.39999999999978
2017-05-24 00:00:00,103.69999999999979
2017-05-25 00:00:00,104.44999999999979
2017-05-26 00:00:00,106.34999999999977
2017-05-30 00:00:00,107.2499999999998
2017-05-31 00:00:00,104.4999999999998
2017-06-01 00:00:00,102.84999999999982
2017-06-02 00:00:00,100.69999999999979
2017-06-05 00:00:00,103.59999999999982
2017-06-06 00:00:00,100.69999999999979
2017-06-07 00:00:00,100.84999999999982
2017-06-08 00:00:00,101.44999999999985
2017-06-09 00:00:00,101.64999999999984
2017-06-12 00:00:00,102.59999999999982
2017-06-13 00:00:00,101.44999999999985
2017-06-14 00:00:00,100.54999999999981
2017-06-15 00:00:00,100.84999999999982
2017-06-16 00:00:00,98.7499999999998
2017-06-19 00:00:00,99.39999999999984
2017-06-20 00:00:00,97.39999999999984
2017-06-21 00:00:00,94.84999999999982
2017-06-22 00:00:00,89.29999999999981
2017-06-23 00:00:00,95.79999999999981
2017-06-26 00:00:00,97.29999999999981
2017-06-27 00:00:00,98.09999999999982
2017-06-28 00:00:00,97.19999999999985
2017-06-29 00:00:00,99.14999999999984
2017-06-30 00:00:00,98.4999999999998
2017-07-03 00:00:00,100.4999999999998
2017-07-05 00:00:00,102.79999999999981
2017-07-06 00:00:00,101.89999999999984
2017-07-07 00:00:00,101.69999999999985
2017-07-10 00:00:00,101.39999999999984
2017-07-11 00:00:00,99.69999999999979
2017-07-12 00:00:00,100.39999999999984
2017-07-13 00:00:00,103.9999999999998
2017-07-14 00:00:00,106.4999999999998
2017-07-17 00:00:00,106.34999999999982
2017-07-18 00:00:00,107.69999999999985
2017-07-19 00:00:00,108.59999999999982
2017-07-20 00:00:00,107.79999999999981
2017-07-21 00:00:00,109.34999999999982
2017-07-24 00:00:00,105.34999999999982
2017-07-25 00:00:00,103.39999999999984
2017-07-26 00:00:00,107.59999999999982
2017-07-27 00:00:00,108.7499999999998
2017-07-28 00:00:00,110.64999999999984
2017-07-31 00:00:00,112.04999999999981
2017-08-01 00:00:00,110.64999999999984
2017-08-02 00:00:00,113.19999999999979
2017-08-03 00:00:00,113.04999999999981
2017-08-04 00:00:00,112.94999999999979
2017-08-07 00:00:00,114.79999999999981
2017-08-08 00:00:00,115.54999999999981
2017-08-09 00:00:00,115.39999999999984
2017-08-10 00:00:00,111.2499999999998
2017-08-11 00:00:00,113.09999999999982
2017-08-14 00:00:00,109.7499999999998
2017-08-15 00:00:00,104.79999999999981
2017-08-16 00:00:00,103.7499999999998
2017-08-17 00:00:00,101.29999999999981
2017-08-18 00:00:00,100.94999999999979
2017-08-21 00:00:00,99.39999999999984
2017-08-22 00:00:00,98.34999999999982
2017-08-23 00:00:00,97.94999999999979
2017-08-24 00:00:00,97.14999999999978
2017-08-25 00:00:00,100.64999999999984
2017-08-28 00:00:00,100.59999999999982
2017-08-29 00:00:00,97.89999999999984
2017-08-30 00:00:00,97.44999999999979
2017-08-31 00:00:00,98.59999999999982
2017-09-01 00:00:00,98.29999999999981
2017-09-05 00:00:00,97.09999999999982
2017-09-06 00:00:00,97.14999999999978
2017-09-07 00:00:00,98.39999999999984
2017-09-08 00:00:00,99.89999999999984
2017-09-11 00:00:00,101.09999999999982
2017-09-12 00:00:00,104.29999999999981
2017-09-13 00:00:00,107.09999999999982
2017-09-14 00:00:00,106.89999999999984
2017-09-15 00:00:00,110.64999999999984
2017-09-18 00:00:00,109.59999999999982
2017-09-19 00:00:00,104.59999999999982
2017-09-20 00:00:00,105.79999999999981
2017-09-21 00:00:00,104.2499999999998
2017-09-22 00:00:00,103.69999999999979
2017-09-25 00:00:00,100.79999999999981
2017-09-26 00:00:00,101.4999999999998
2017-09-27 00:00:00,98.59999999999982
2017-09-28 00:00:00,97.7499999999998
2017-09-29 00:00:00,97.29999999999981
2017-10-02 00:00:00,96.44999999999979
2017-10-03 00:00:00,94.69999999999979
2017-10-04 00:00:00,94.39999999999984
2017-10-05 00:00:00,96.44999999999979
2017-10-06 00:00:00,99.2499999999998
2017-10-09 00:00:00,100.19999999999985
2017-10-10 00:00:00,100.2499999999998
2017-10-11 00:00:00,96.04999999999981
2017-10-12 00:00:00,95.59999999999982
2017-10-13 00:00:00,95.69999999999979
2017-10-16 00:00:00,92.9999999999998
2017-10-17 00:00:00,93.39999999999984
2017-10-18 00:00:00,93.54999999999981
2017-10-19 00:00:00,96.09999999999982
2017-10-20 00:00:00,94.4999999999998
2017-10-23 00:00:00,93.59999999999982
2017-10-24 00:00:00,92.44999999999979
2017-10-25 00:00:00,93.34999999999982
2017-10-26 00:00:00,93.79999999999981
2017-10-27 00:00:00,95.84999999999982
2017-10-30 00:00:00,95.14999999999978
2017-10-31 00:00:00,94.34999999999982
2017-11-01 00:00:00,92.19999999999979
2017-11-02 00:00:00,95.59999999999982
2017-11-03 00:00:00,93.2499999999998
2017-11-06 00:00:00,94.79999999999981
2017-11-07 00:00:00,93.94999999999979
2017-11-08 00:00:00,94.94999999999979
2017-11-09 00:00:00,95.54999999999981
2017-11-10 00:00:00,96.64999999999984
2017-11-13 00:00:00,96.4999999999998
2017-11-14 00:00:00,96.19999999999979
2017-11-15 00:00:00,95.84999999999982
2017-11-16 00:00:00,95.89999999999984
2017-11-17 00:00:00,92.9999999999998
2017-11-20 00:00:00,91.4999999999998
2017-11-21 00:00:00,92.39999999999984
2017-11-22 00:00:00,92.7499999999998
2017-11-24 00:00:00,93.29999999999981
2017-11-27 00:00:00,93.94999999999979
2017-11-28 00:00:00,95.59999999999982
2017-11-29 00:00:00,97.94999999999979
2017-11-30 00:00:00,94.2499999999998
2017-12-01 00:00:00,95.29999999999981
2017-12-04 00:00:00,94.2499999999998
2017-12-05 00:00:00,93.14999999999984
2017-12-06 00:00:00,91.84999999999982
2017-12-07 00:00:00,88.64999999999984
2017-12-08 00:00:00,88.34999999999982
2017-12-11 00:00:00,85.7499999999998
2017-12-12 00:00:00,84.19999999999985
2017-12-13 00:00:00,85.84999999999982
2017-12-14 00:00:00,86.04999999999981
2017-12-15 00:00:00,86.4999999999998
2017-12-18 00:00:00,87.64999999999984
2017-12-19 00:00:00,87.4999999999998
2017-12-20 00:00:00,88.89999999999984
2017-12-21 00:00:00,87.9999999999998
2017-12-22 00:00:00,86.14999999999984
2017-12-26 00:00:00,87.94999999999985
2017-12-27 00:00:00,90.24999999999986
2017-12-28 00:00:00,90.54999999999981
2017-12-29 00:00:00,91.94999999999979
2018-01-02 00:00:00,95.94999999999979
2018-01-03 00:00:00,94.34999999999982
2018-01-04 00:00:00,95.29999999999981
2018-01-05 00:00:00,94.19999999999979
2018-01-08 00:00:00,90.89999999999984
2018-01-09 00:00:00,90.89999999999984
2018-01-10 00:00:00,89.69999999999985
2018-01-11 00:00:00,88.54999999999981
2018-01-12 00:00:00,87.9999999999998
2018-01-16 00:00:00,86.19999999999979
2018-01-17 00:00:00,88.84999999999982
2018-01-18 00:00:00,86.84999999999982
2018-01-19 00:00:00,86.9999999999998
2018-01-22 00:00:00,88.29999999999981
2018-01-23 00:00:00,86.69999999999985
2018-01-24 00:00:00,88.24999999999986
2018-01-25 00:00:00,89.39999999999984
2018-01-26 00:00:00,90.89999999999984
2018-01-29 00:00:00,90.69999999999985
2018-01-30 00:00:00,88.14999999999984
2018-01-31 00:00:00,87.69999999999985
2018-02-01 00:00:00,87.2499999999998
2018-02-02 00:00:00,86.2499999999998
2018-02-05 00:00:00,85.59999999999982
2018-02-06 00:00:00,88.54999999999981
2018-02-07 00:00:00,88.94999999999979
2018-02-08 00:00:00,88.39999999999984
2018-02-09 00:00:00,87.29999999999981
2018-02-12 00:00:00,86.99999999999986
2018-02-13 00:00:00,88.54999999999981
2018-02-14 00:00:00,88.59999999999982
2018-02-15 00:00:00,87.64999999999984
2018-02-16 00:00:00,83.94999999999979
2018-02-20 00:00:00,83.19999999999985
2018-02-21 00:00:00,82.39999999999984
2018-02-22 00:00:00,84.39999999999984
2018-02-23 00:00:00,84.4999999999998
2018-02-26 00:00:00,85.39999999999984
2018-02-27 00:00:00,84.59999999999982
2018-02-28 00:00:00,85.4999999999998
2018-03-01 00:00:00,87.44999999999985
2018-03-02 00:00:00,85.69999999999985
2018-03-05 00:00:00,84.59999999999982
2018-03-06 00:00:00,84.7499999999998
2018-03-07 00:00:00,84.2499999999998
2018-03-08 00:00:00,83.79999999999981
2018-03-09 00:00:00,83.64999999999984
2018-03-12 00:00:00,82.94999999999979
2018-03-13 00:00:00,85.04999999999981
2018-03-14 00:00:00,84.54999999999981
2018-03-15 00:00:00,82.2499999999998
2018-03-16 00:00:00,81.54999999999981
2018-03-19 00:00:00,82.84999999999982
2018-03-20 00:00:00,82.44999999999985
2018-03-21 00:00:00,82.34999999999982
2018-03-22 00:00:00,82.4999999999998
2018-03-23 00:00:00,80.69999999999985
2018-03-26 00:00:00,81.64999999999984
2018-03-27 00:00:00,82.44999999999985
2018-03-28 00:00:00,81.2499999999998
2018-03-29 00:00:00,81.64999999999984
2018-04-02 00:00:00,79.94999999999985
2018-04-03 00:00:00,80.09999999999988
2018-04-04 00:00:00,80.34999999999982
2018-04-05 00:00:00,80.99999999999986
2018-04-06 00:00:00,80.84999999999988
2018-04-09 00:00:00,81.99999999999986
2018-04-10 00:00:00,80.99999999999986
2018-04-11 00:00:00,81.69999999999985
2018-04-12 00:00:00,81.44999999999985
2018-04-13 00:00:00,80.94999999999985
2018-04-16 00:00:00,77.99999999999986
2018-04-17 00:00:00,77.29999999999987
2018-04-18 00:00:00,78.59999999999988
2018-04-19 00:00:00,77.69999999999985
2018-04-20 00:00:00,79.14999999999984
2018-04-23 00:00:00,80.39999999999984
2018-04-24 00:00:00,81.89999999999984
2018-04-25 00:00:00,80.24999999999986
2018-04-26 00:00:00,81.09999999999982
2018-04-27 00:00:00,83.84999999999982
2018-04-30 00:00:00,84.24999999999986
2018-05-01 00:00:00,86.24999999999986
2018-05-02 00:00:00,85.19999999999985
2018-05-03 00:00:00,85.79999999999987
2018-05-04 00:00:00,84.04999999999981
2018-05-07 00:00:00,82.19999999999985
2018-05-08 00:00:00,81.04999999999981
2018-05-09 00:00:00,80.19999999999985
2018-05-10 00:00:00,80.99999999999986
2018-05-11 00:00:00,80.84999999999988
2018-05-14 00:00:00,79.04999999999987
2018-05-15 00:00:00,78.39999999999984
2018-05-16 00:00:00,78.74999999999986
2018-05-17 00:00:00,79.34999999999988
2018-05-18 00:00:00,79.44999999999985
2018-05-21 00:00:00,81.64999999999984
2018-05-22 00:00:00,82.29999999999981
2018-05-23 00:00:00,80.79999999999981
2018-05-24 00:00:00,81.99999999999986
2018-05-25 00:00:00,81.84999999999988
2018-05-29 00:00:00,81.69999999999985
2018-05-30 00:00:00,81.74999999999986
2018-05-31 00:00:00,85.14999999999984
2018-06-01 00:00:00,84.19999999999985
2018-06-04 00:00:00,82.99999999999986
2018-06-05 00:00:00,80.99999999999986
2018-06-06 00:00:00,79.79999999999987
2018-06-07 00:00:00,77.24999999999986
2018-06-08 00:00:00,78.74999999999986
2018-06-11 00:00:00,78.44999999999985
2018-06-12 00:00:00,78.74999999999986
2018-06-13 00:00:00,77.84999999999988
2018-06-14 00:00:00,77.1999999999999
2018-06-15 00:00:00,76.79999999999987
2018-06-18 00:00:00,75.94999999999985
2018-06-19 00:00:00,75.64999999999984
2018-06-20 00:00:00,75.89999999999989
2018-06-21 00:00:00,75.49999999999986
2018-06-22 00:00:00,76.19999999999985
2018-06-25 00:00:00,76.4499999999999
2018-06-26 00:00:00,76.94999999999985
2018-06-27 00:00:00,76.6999999999999
2018-06-28 00:00:00,74.99999999999986
2018-06-29 00:00:00,74.34999999999988
2018-07-02 00:00:00,70.89999999999984
2018-07-03 00:00:00,71.14999999999984
2018-07-05 00:00:00,68.39999999999984
2018-07-06 00:00:00,73.34999999999982
2018-07-09 00:00:00,74.29999999999987
2018-07-10 00:00:00,74.04999999999987
2018-07-11 00:00:00,71.29999999999987
2018-07-12 00:00:00,70.79999999999987
2018-07-13 00:00:00,69.14999999999984
2018-07-16 00:00:00,69.54999999999987
2018-07-17 00:00:00,68.49999999999986
2018-07-18 00:00:00,67.39999999999984
2018-07-19 00:00:00,68.04999999999987
2018-07-20 00:00:00,69.89999999999984
2018-07-23 00:00:00,70.89999999999984
2018-07-24 00:00:00,70.19999999999985
2018-07-25 00:00:00,70.24999999999986
2018-07-26 00:00:00,68.79999999999987
2018-07-27 00:00:00,69.69999999999985
2018-07-30 00:00:00,70.64999999999984
2018-07-31 00:00:00,69.14999999999984
2018-08-01 00:00:00,67.29999999999987
2018-08-02 00:00:00,66.09999999999982
2018-08-03 00:00:00,67.09999999999982
2018-08-06 00:00:00,67.99999999999986
2018-08-07 00:00:00,68.19999999999985
2018-08-08 00:00:00,66.99999999999986
2018-08-09 00:00:00,66.74999999999986
2018-08-10 00:00:00,66.04999999999987
2018-08-13 00:00:00,65.29999999999987
2018-08-14 00:00:00,64.49999999999986
2018-08-15 00:00:00,61.99999999999986
2018-08-16 00:00:00,61.34999999999988
2018-08-17 00:00:00,60.6999999999999
2018-08-20 00:00:00,56.9499999999999
2018-08-21 00:00:00,57.79999999999987
2018-08-22 00:00:00,56.89999999999989
2018-08-23 00:00:00,57.49999999999986
2018-08-24 00:00:00,60.6999999999999
2018-08-27 00:00:00,61.749999999999915
2018-08-28 00:00:00,59.04999999999987
2018-08-29 00:00:00,58.89999999999989
2018-08-30 00:00:00,58.64999999999989
2018-08-31 00:00:00,57.79999999999987
2018-09-04 00:00:00,57.44999999999985
2018-09-05 00:00:00,59.79999999999987
2018-09-06 00:00:00,58.1999999999999
2018-09-07 00:00:00,58.4499999999999
2018-09-10 00:00:00,57.24999999999986
2018-09-11 00:00:00,56.44999999999985
2018-09-12 00:00:00,58.09999999999988
2018-09-13 00:00:00,56.64999999999989
2018-09-14 00:00:00,55.6999999999999
2018-09-17 00:00:00,53.29999999999987
2018-09-18 00:00:00,51.84999999999988
2018-09-19 00:00:00,52.6999999999999
2018-09-20 00:00:00,55.74999999999986
2018-09-21 00:00:00,55.89999999999989
2018-09-24 00:00:00,54.49999999999986
2018-09-25 00:00:00,53.09999999999988
2018-09-26 00:00:00,53.74999999999986
2018-09-27 00:00:00,55.29999999999987
2018-09-28 00:00:00,58.4499999999999
2018-10-01 00:00:00,58.1999999999999
2018-10-02 00:00:00,63.64999999999989
2018-10-03 00:00:00,62.599999999999824
2018-10-04 00:00:00,62.94999999999985
2018-10-05 00:00:00,64.94999999999985
2018-10-08 00:00:00,67.84999999999988
2018-10-09 00:00:00,69.14999999999989
2018-10-10 00:00:00,67.89999999999984
2018-10-11 00:00:00,68.89999999999984
2018-10-12 00:00:00,72.54999999999987
2018-10-15 00:00:00,75.34999999999988
2018-10-16 00:00:00,73.64999999999984
2018-10-17 00:00:00,78.54999999999987
2018-10-18 00:00:00,78.04999999999987
2018-10-19 00:00:00,78.09999999999988
2018-10-22 00:00:00,73.64999999999984
2018-10-23 00:00:00,77.09999999999982
2018-10-24 00:00:00,76.24999999999986
2018-10-25 00:00:00,77.14999999999989
2018-10-26 00:00:00,75.64999999999984
2018-10-29 00:00:00,70.24999999999986
2018-10-30 00:00:00,68.39999999999984
2018-10-31 00:00:00,68.69999999999985
2018-11-01 00:00:00,73.74999999999986
2018-11-02 00:00:00,76.09999999999988
2018-11-05 00:00:00,73.29999999999987
2018-11-06 00:00:00,69.89999999999984
2018-11-07 00:00:00,71.69999999999985
2018-11-08 00:00:00,72.44999999999985
2018-11-09 00:00:00,69.74999999999986
2018-11-12 00:00:00,66.24999999999986
2018-11-13 00:00:00,64.99999999999986
2018-11-14 00:00:00,68.44999999999985
2018-11-15 00:00:00,66.04999999999981
2018-11-16 00:00:00,68.54999999999987
2018-11-19 00:00:00,68.89999999999984
2018-11-20 00:00:00,67.14999999999984
2018-11-21 00:00:00,66.34999999999982
2018-11-23 00:00:00,63.1999999999999
2018-11-26 00:00:00,63.04999999999987
2018-11-27 00:00:00,65.54999999999987
2018-11-28 00:00:00,66.14999999999984
2018-11-29 00:00:00,64.54999999999987
2018-11-30 00:00:00,59.79999999999987
2018-12-03 00:00:00,60.04999999999987
2018-12-04 00:00:00,59.14999999999989
2018-12-05 00:00:00,58.1999999999999
2018-12-06 00:00:00,58.1999999999999
2018-12-07 00:00:00,56.34999999999988
2018-12-10 00:00:00,57.39999999999989
2018-12-11 00:00:00,54.59999999999988
2018-12-12 00:00:00,55.29999999999987
2018-12-13 00:00:00,56.34999999999988
2018-12-14 00:00:00,54.49999999999986
2018-12-17 00:00:00,52.34999999999988
2018-12-18 00:00:00,51.64999999999989
2018-12-19 00:00:00,53.09999999999988
2018-12-20 00:00:00,54.74999999999986
2018-12-21 00:00:00,51.9499999999999
2018-12-24 00:00:00,54.4499999999999
2018-12-26 00:00:00,56.14999999999989
2018-12-27 00:00:00,53.99999999999986
2018-12-28 00:00:00,53.1999999999999
2018-12-31 00:00:00,54.09999999999988
2019-01-02 00:00:00,51.749999999999886
2019-01-03 00:00:00,54.39999999999989
2019-01-04 00:00:00,53.84999999999988
2019-01-07 00:00:00,54.999999999999915
2019-01-08 00:00:00,57.29999999999987
2019-01-09 00:00:00,57.54999999999987
2019-01-10 00:00:00,56.49999999999986
2019-01-11 00:00:00,56.09999999999988
2019-01-14 00:00:00,54.999999999999915
2019-01-15 00:00:00,53.54999999999987
2019-01-16 00:00:00,54.64999999999989
2019-01-17 00:00:00,54.64999999999989
2019-01-18 00:00:00,57.1999999999999
2019-01-22 00:00:00,55.59999999999988
2019-01-23 00:00:00,55.64999999999989
2019-01-24 00:00:00,57.54999999999987
2019-01-25 00:00:00,59.04999999999987
2019-01-28 00:00:00,54.89999999999989
2019-01-29 00:00:00,54.84999999999988
2019-01-30 00:00:00,54.39999999999989
2019-01-31 00:00:00,58.09999999999988
2019-02-01 00:00:00,55.89999999999989
2019-02-04 00:00:00,57.74999999999986
2019-02-05 00:00:00,57.04999999999987
2019-02-06 00:00:00,57.64999999999989
2019-02-07 00:00:00,56.39999999999989
2019-02-08 00:00:00,54.6999999999999
2019-02-11 00:00:00,52.39999999999989
2019-02-12 00:00:00,52.64999999999989
2019-02-13 00:00:00,51.39999999999989
2019-02-14 00:00:00,50.54999999999987
2019-02-15 00:00:00,50.749999999999915
2019-02-19 00:00:00,49.949999999999875
2019-02-20 00:00:00,50.499999999999886
2019-02-21 00:00:00,48.54999999999987
2019-02-22 00:00:00,49.09999999999988
2019-02-25 00:00:00,48.9499999999999
2019-02-26 00:00:00,45.89999999999989
2019-02-27 00:00:00,48.04999999999987
2019-02-28 00:00:00,47.54999999999987
2019-03-01 00:00:00,49.29999999999987
2019-03-04 00:00:00,46.4499999999999
2019-03-05 00:00:00,48.749999999999886
2019-03-06 00:00:00,47.79999999999987
2019-03-07 00:00:00,45.9499999999999
2019-03-08 00:00:00,47.59999999999988
2019-03-11 00:00:00,46.29999999999987
2019-03-12 00:00:00,45.09999999999988
2019-03-13 00:00:00,46.749999999999886
2019-03-14 00:00:00,46.249999999999886
2019-03-15 00:00:00,46.89999999999989
2019-03-18 00:00:00,45.9499999999999
2019-03-19 00:00:00,45.749999999999886
2019-03-20 00:00:00,43.84999999999988
2019-03-21 00:00:00,43.89999999999989
2019-03-22 00:00:00,42.99999999999986
2019-03-25 00:00:00,43.34999999999988
2019-03-26 00:00:00,44.449999999999875
2019-03-27 00:00:00,42.949999999999875
2019-03-28 00:00:00,43.09999999999988
2019-03-29 00:00:00,43.59999999999988
2019-04-01 00:00:00,41.19999999999989
2019-04-02 00:00:00,40.79999999999988
2019-04-03 00:00:00,44.4499999999999
2019-04-04 00:00:00,44.39999999999989
2019-04-05 00:00:00,42.349999999999895
2019-04-08 00:00:00,42.099999999999895
2019-04-09 00:00:00,42.69999999999989
2019-04-10 00:00:00,43.34999999999988
2019-04-11 00:00:00,39.2999999999999
2019-04-12 00:00:00,39.5499999999999
2019-04-15 00:00:00,40.499999999999886
2019-04-16 00:00:00,39.5499999999999
2019-04-17 00:00:00,36.2499999999999
2019-04-18 00:00:00,39.4999999999999
2019-04-22 00:00:00,39.44999999999989
2019-04-23 00:00:00,39.849999999999895
2019-04-24 00:00:00,38.94999999999989
2019-04-25 00:00:00,39.94999999999989
2019-04-26 00:00:00,40.69999999999989
2019-04-29 00:00:00,39.2499999999999
2019-04-30 00:00:00,39.7499999999999
2019-05-01 00:00:00,37.6999999999999
2019-05-02 00:00:00,38.14999999999989
2019-05-03 00:00:00,37.1999999999999
2019-05-06 00:00:00,36.749999999999886
2019-05-07 00:00:00,34.599999999999895
2019-05-08 00:00:00,35.14999999999989
2019-05-09 00:00:00,37.44999999999989
2019-05-10 00:00:00,37.39999999999989
2019-05-13 00:00:00,36.19999999999989
2019-05-14 00:00:00,37.5499999999999
2019-05-15 00:00:00,37.89999999999989
2019-05-16 00:00:00,38.249999999999886
2019-05-17 00:00:00,35.599999999999895
2019-05-20 00:00:00,36.4999999999999
2019-05-21 00:00:00,39.4999999999999
2019-05-22 00:00:00,38.349999999999895
2019-05-23 00:00:00,40.099999999999895
2019-05-24 00:00:00,39.899999999999906
2019-05-28 00:00:00,42.64999999999989
2019-05-29 00:00:00,46.09999999999988
2019-05-30 00:00:00,48.9499999999999
2019-05-31 00:00:00,51.1999999999999
2019-06-03 00:00:00,50.39999999999989
2019-06-04 00:00:00,52.299999999999926
2019-06-05 00:00:00,45.84999999999991
2019-06-06 00:00:00,48.6999999999999
2019-06-07 00:00:00,47.6999999999999
2019-06-10 00:00:00,45.249999999999915
2019-06-11 00:00:00,43.59999999999991
2019-06-12 00:00:00,45.59999999999988
2019-06-13 00:00:00,43.84999999999991
2019-06-14 00:00:00,42.149999999999906
2019-06-17 00:00:00,42.34999999999991
2019-06-18 00:00:00,40.6999999999999
2019-06-19 00:00:00,42.04999999999991
2019-06-20 00:00:00,45.89999999999989
2019-06-21 00:00:00,44.749999999999915
2019-06-24 00:00:00,47.09999999999991
2019-06-25 00:00:00,51.549999999999926
2019-06-26 00:00:00,50.14999999999989
2019-06-27 00:00:00,50.7999999999999
2019-06-28 00:00:00,53.549999999999926
2019-07-01 00:00:00,55.4499999999999
2019-07-02 00:00:00,53.749999999999915
2019-07-03 00:00:00,57.749999999999915
2019-07-05 00:00:00,55.1999999999999
2019-07-08 00:00:00,50.499999999999915
2019-07-09 00:00:00,51.549999999999926
2019-07-10 00:00:00,49.999999999999915
2019-07-11 00:00:00,51.0499999999999
2019-07-12 00:00:00,50.749999999999915
2019-07-15 00:00:00,54.34999999999988
2019-07-16 00:00:00,49.64999999999992
2019-07-17 00:00:00,51.499999999999915
2019-07-18 00:00:00,52.6999999999999
2019-07-19 00:00:00,51.39999999999989
2019-07-22 00:00:00,49.1999999999999
2019-07-23 00:00:00,46.39999999999989
2019-07-24 00:00:00,45.09999999999991
2019-07-25 00:00:00,44.749999999999915
2019-07-26 00:00:00,43.84999999999991
2019-07-29 00:00:00,45.249999999999915
2019-07-30 00:00:00,43.59999999999991
2019-07-31 00:00:00,43.749999999999915
2019-08-01 00:00:00,41.34999999999991
2019-08-02 00:00:00,42.2499999999999
2019-08-05 00:00:00,39.69999999999992
2019-08-06 00:00:00,41.149999999999906
2019-08-07 00:00:00,40.849999999999895
2019-08-08 00:00:00,41.399999999999906
2019-08-09 00:00:00,41.2499999999999
2019-08-12 00:00:00,37.84999999999991
2019-08-13 00:00:00,40.249999999999915
2019-08-14 00:00:00,38.4499999999999
2019-08-15 00:00:00,38.54999999999991
2019-08-16 00:00:00,36.89999999999992
2019-08-19 00:00:00,35.34999999999991
2019-08-20 00:00:00,35.79999999999991
2019-08-21 00:00:00,37.19999999999992
2019-08-22 00:00:00,37.84999999999991
2019-08-23 00:00:00,36.59999999999991
2019-08-26 00:00:00,38.04999999999991
2019-08-27 00:00:00,37.69999999999992
2019-08-28 00:00:00,38.09999999999991
2019-08-29 00:00:00,35.79999999999991
2019-08-30 00:00:00,37.39999999999992
2019-09-03 00:00:00,36.09999999999991
2019-09-04 00:00:00,37.149999999999906
2019-09-05 00:00:00,35.9499999999999
2019-09-06 00:00:00,37.59999999999991
2019-09-09 00:00:00,38.79999999999991
2019-09-10 00:00:00,42.149999999999906
2019-09-11 00:00:00,43.9499999999999
2019-09-12 00:00:00,44.14999999999992
2019-09-13 00:00:00,43.299999999999926
2019-09-16 00:00:00,44.84999999999991
2019-09-17 00:00:00,40.89999999999992
2019-09-18 00:00:00,40.89999999999992
2019-09-19 00:00:00,38.89999999999992
2019-09-20 00:00:00,38.94999999999992
2019-09-23 00:00:00,39.54999999999991
2019-09-24 00:00:00,39.69999999999992
2019-09-25 00:00:00,41.499999999999915
2019-09-26 00:00:00,41.399999999999906
2019-09-27 00:00:00,41.4499999999999
2019-09-30 00:00:00,41.69999999999992
2019-10-01 00:00:00,41.89999999999992
2019-10-02 00:00:00,41.149999999999906
2019-10-03 00:00:00,42.59999999999991
2019-10-04 00:00:00,39.54999999999991
2019-10-07 00:00:00,37.54999999999991
2019-10-08 00:00:00,36.249999999999915
2019-10-09 00:00:00,35.999999999999915
2019-10-10 00:00:00,34.04999999999991
2019-10-11 00:00:00,34.249999999999915
2019-10-14 00:00:00,35.399999999999906
2019-10-15 00:00:00,34.999999999999915
2019-10-16 00:00:00,34.09999999999991
2019-10-17 00:00:00,33.44999999999992
2019-10-18 00:00:00,36.249999999999915
2019-10-21 00:00:00,36.89999999999992
2019-10-22 00:00:00,39.44999999999992
2019-10-23 00:00:00,38.29999999999991
2019-10-24 00:00:00,36.999999999999915
2019-10-25 00:00:00,39.999999999999915
2019-10-28 00:00:00,41.0499999999999
2019-10-29 00:00:00,39.499999999999915
2019-10-30 00:00:00,39.89999999999992
2019-10-31 00:00:00,42.499999999999915
2019-11-01 00:00:00,44.59999999999988
2019-11-04 00:00:00,44.299999999999926
2019-11-05 00:00:00,46.499999999999915
2019-11-06 00:00:00,48.59999999999991
2019-11-07 00:00:00,49.64999999999989
2019-11-08 00:00:00,49.89999999999992
2019-11-11 00:00:00,46.499999999999915
2019-11-12 00:00:00,45.94999999999993
2019-11-13 00:00:00,48.19999999999993
2019-11-14 00:00:00,48.549999999999926
2019-11-15 00:00:00,46.6999999999999
2019-11-18 00:00:00,46.249999999999915
2019-11-19 00:00:00,43.1999999999999
2019-11-20 00:00:00,47.999999999999915
2019-11-21 00:00:00,53.299999999999926
2019-11-22 00:00:00,52.6999999999999
2019-11-25 00:00:00,55.9499999999999
2019-11-26 00:00:00,53.89999999999989
2019-11-27 00:00:00,55.499999999999915
2019-11-29 00:00:00,56.09999999999988
2019-12-02 00:00:00,59.049999999999926
2019-12-03 00:00:00,60.84999999999988
2019-12-04 00:00:00,58.29999999999987
2019-12-05 00:00:00,61.89999999999989
2019-12-06 00:00:00,61.84999999999988
2019-12-09 00:00:00,65.4499999999999
2019-12-10 00:00:00,70.34999999999988
2019-12-11 00:00:00,72.24999999999991
2019-12-12 00:00:00,74.29999999999987
2019-12-13 00:00:00,67.9499999999999
2019-12-16 00:00:00,75.99999999999986
2019-12-17 00:00:00,70.74999999999986
2019-12-18 00:00:00,70.24999999999991
2019-12-19 00:00:00,64.24999999999991
2019-12-20 00:00:00,67.74999999999986
2019-12-23 00:00:00,62.34999999999988
2019-12-24 00:00:00,66.4499999999999
2019-12-26 00:00:00,64.34999999999988
2019-12-27 00:00:00,69.54999999999987
2019-12-30 00:00:00,69.19999999999985
2019-12-31 00:00:00,66.74999999999986
2020-01-02 00:00:00,64.14999999999989
2020-01-03 00:00:00,63.39999999999989
2020-01-06 00:00:00,59.1999999999999
2020-01-07 00:00:00,59.4499999999999
2020-01-08 00:00:00,56.1999999999999
2020-01-09 00:00:00,54.39999999999989
2020-01-10 00:00:00,55.999999999999915
2020-01-13 00:00:00,51.59999999999991
2020-01-14 00:00:00,51.9499999999999
2020-01-15 00:00:00,51.34999999999991
2020-01-16 00:00:00,49.999999999999915
2020-01-17 00:00:00,49.19999999999993
2020-01-21 00:00:00,48.09999999999994
2020-01-22 00:00:00,48.049999999999926
2020-01-23 00:00:00,49.64999999999989
2020-01-24 00:00:00,47.1999999999999
2020-01-27 00:00:00,43.64999999999989
2020-01-28 00:00:00,42.09999999999991
2020-01-29 00:00:00,39.09999999999991
2020-01-30 00:00:00,38.5499999999999
2020-01-31 00:00:00,39.799999999999926
2020-02-03 00:00:00,35.09999999999991
2020-02-04 00:00:00,35.249999999999915
2020-02-05 00:00:00,34.749999999999915
2020-02-06 00:00:00,35.249999999999915
2020-02-07 00:00:00,35.39999999999989
2020-02-10 00:00:00,36.9999999999999
2020-02-11 00:00:00,37.44999999999992
2020-02-12 00:00:00,37.64999999999992
2020-02-13 00:00:00,41.599999999999895
2020-02-14 00:00:00,46.249999999999915
2020-02-18 00:00:00,43.749999999999915
2020-02-19 00:00:00,43.89999999999992
2020-02-20 00:00:00,39.84999999999992
2020-02-21 00:00:00,45.14999999999989
2020-02-24 00:00:00,41.799999999999926
2020-02-25 00:00:00,43.39999999999989
2020-02-26 00:00:00,45.549999999999926
2020-02-27 00:00:00,44.64999999999989
2020-02-28 00:00:00,46.249999999999915
2020-03-02 00:00:00,50.499999999999915
2020-03-03 00:00:00,57.09999999999988
2020-03-04 00:00:00,53.299999999999926
2020-03-05 00:00:00,46.249999999999915
2020-03-06 00:00:00,42.29999999999991
2020-03-09 00:00:00,44.09999999999991
2020-03-10 00:00:00,49.249999999999915
2020-03-11 00:00:00,46.9499999999999
2020-03-12 00:00:00,43.749999999999915
2020-03-13 00:00:00,41.64999999999989
2020-03-16 00:00:00,38.7999999999999
2020-03-17 00:00:00,37.499999999999915
2020-03-18 00:00:00,43.1999999999999
2020-03-19 00:00:00,47.59999999999991
2020-03-20 00:00:00,54.59999999999988
2020-03-23 00:00:00,56.14999999999989
2020-03-24 00:00:00,60.499999999999915
2020-03-25 00:00:00,64.84999999999988
2020-03-26 00:00:00,59.549999999999926
2020-03-27 00:00:00,50.749999999999915
2020-03-30 00:00:00,54.1999999999999
2020-03-31 00:00:00,54.4499999999999
2020-04-01 00:00:00,51.4499999999999
2020-04-02 00:00:00,54.799999999999926
2020-04-03 00:00:00,50.59999999999991
2020-04-06 00:00:00,51.999999999999915
2020-04-07 00:00:00,55.14999999999989
2020-04-08 00:00:00,54.999999999999915
2020-04-09 00:00:00,53.84999999999988
2020-04-13 00:00:00,54.6999999999999
2020-04-14 00:00:00,52.4499999999999
2020-04-15 00:00:00,55.299999999999926
2020-04-16 00:00:00,53.799999999999926
2020-04-17 00:00:00,51.64999999999989
2020-04-20 00:00:00,49.34999999999994
2020-04-21 00:00:00,45.59999999999991
2020-04-22 00:00:00,46.14999999999992
2020-04-23 00:00:00,46.499999999999915
2020-04-24 00:00:00,40.849999999999895
2020-04-27 00:00:00,40.29999999999991
2020-04-28 00:00:00,41.69999999999989
2020-04-29 00:00:00,39.399999999999906
2020-04-30 00:00:00,40.399999999999906
2020-05-01 00:00:00,40.1999999999999
2020-05-04 00:00:00,41.29999999999991
2020-05-05 00:00:00,44.749999999999915
2020-05-06 00:00:00,44.6999999999999
2020-05-07 00:00:00,43.09999999999994
2020-05-08 00:00:00,45.749999999999915
2020-05-11 00:00:00,44.84999999999991
2020-05-12 00:00:00,41.4499999999999
2020-05-13 00:00:00,39.149999999999906
2020-05-14 00:00:00,40.7999999999999
2020-05-15 00:00:00,40.9499999999999
2020-05-18 00:00:00,41.849999999999895
2020-05-19 00:00:00,41.149999999999906
2020-05-20 00:00:00,39.749999999999915
2020-05-21 00:00:00,38.84999999999992
2020-05-22 00:00:00,37.69999999999992
2020-05-26 00:00:00,39.1999999999999
2020-05-27 00:00:00,36.599999999999895
2020-05-28 00:00:00,33.1999999999999
2020-05-29 00:00:00,30.399999999999906
2020-06-01 00:00:00,32.399999999999906
2020-06-02 00:00:00,32.149999999999906
2020-06-03 00:00:00,32.94999999999992
2020-06-04 00:00:00,32.09999999999991
2020-06-05 00:00:00,33.049999999999926
2020-06-08 00:00:00,33.099999999999895
2020-06-09 00:00:00,32.09999999999991
2020-06-10 00:00:00,30.949999999999918
2020-06-11 00:00:00,30.09999999999991
2020-06-12 00:00:00,29.399999999999906
2020-06-15 00:00:00,28.299999999999898
2020-06-16 00:00:00,27.9999999999999
2020-06-17 00:00:00,30.549999999999912
2020-06-18 00:00:00,29.149999999999906
2020-06-19 00:00:00,28.299999999999898
2020-06-22 00:00:00,30.399999999999906
2020-06-23 00:00:00,30.59999999999991
2020-06-24 00:00:00,30.199999999999903
2020-06-25 00:00:00,28.199999999999903
2020-06-26 00:00:00,29.049999999999912
2020-06-29 00:00:00,32.4999999999999
2020-06-30 00:00:00,33.399999999999906
2020-07-01 00:00:00,36.399999999999906
2020-07-02 00:00:00,35.59999999999991
2020-07-06 00:00:00,30.549999999999912
2020-07-07 00:00:00,32.69999999999989
2020-07-08 00:00:00,32.399999999999906
2020-07-09 00:00:00,31.149999999999906
2020-07-10 00:00:00,29.799999999999898
2020-07-13 00:00:00,31.049999999999912
2020-07-14 00:00:00,30.34999999999991
2020-07-15 00:00:00,29.59999999999991
2020-07-16 00:00:00,30.749999999999915
2020-07-17 00:00:00,34.6999999999999
2020-07-20 00:00:00,32.149999999999906
2020-07-21 00:00:00,34.149999999999906
2020-07-22 00:00:00,40.7499999999999
2020-07-23 00:00:00,39.899999999999906
2020-07-24 00:00:00,40.79999999999991
2020-07-27 00:00:00,42.79999999999991
2020-07-28 00:00:00,42.04999999999991
2020-07-29 00:00:00,43.999999999999915
2020-07-30 00:00:00,47.749999999999915
2020-07-31 00:00:00,51.34999999999991
2020-08-03 00:00:00,50.249999999999915
2020-08-04 00:00:00,53.19999999999993
2020-08-05 00:00:00,53.14999999999992
2020-08-06 00:00:00,48.6999999999999
2020-08-07 00:00:00,47.64999999999992
2020-08-10 00:00:00,45.049999999999926
2020-08-11 00:00:00,43.34999999999991
2020-08-12 00:00:00,43.999999999999915
2020-08-13 00:00:00,47.84999999999994
2020-08-14 00:00:00,46.1999999999999
2020-08-17 00:00:00,47.19999999999993
2020-08-18 00:00:00,50.799999999999926
2020-08-19 00:00:00,49.09999999999991
2020-08-20 00:00:00,48.6999999999999
2020-08-21 00:00:00,49.549999999999926
2020-08-24 00:00:00,49.89999999999992
2020-08-25 00:00:00,52.6999999999999
2020-08-26 00:00:00,51.84999999999994
2020-08-27 00:00:00,52.09999999999994
2020-08-28 00:00:00,56.09999999999994
2020-08-31 00:00:00,58.799999999999926
2020-09-01 00:00:00,61.14999999999989
2020-09-02 00:00:00,61.049999999999926
2020-09-03 00:00:00,60.9499999999999
2020-09-04 00:00:00,63.749999999999915
2020-09-08 00:00:00,61.84999999999988
2020-09-09 00:00:00,58.59999999999988
2020-09-10 00:00:00,61.4499999999999
2020-09-11 00:00:00,62.1999999999999
2020-09-14 00:00:00,52.799999999999926
2020-09-15 00:00:00,51.549999999999926
2020-09-16 00:00:00,49.59999999999991
2020-09-17 00:00:00,47.749999999999915
2020-09-18 00:00:00,43.249999999999915
2020-09-21 00:00:00,41.74999999999993
2020-09-22 00:00:00,40.39999999999992
2020-09-23 00:00:00,40.249999999999915
2020-09-24 00:00:00,40.899999999999935
2020-09-25 00:00:00,43.39999999999992
2020-09-28 00:00:00,39.29999999999991
2020-09-29 00:00:00,39.29999999999991
2020-09-30 00:00:00,40.69999999999993
2020-10-01 00:00:00,36.79999999999991
2020-10-02 00:00:00,38.6999999999999
2020-10-05 00:00:00,36.94999999999992
2020-10-06 00:00:00,37.39999999999992
2020-10-07 00:00:00,39.34999999999992
2020-10-08 00:00:00,39.999999999999915
2020-10-09 00:00:00,41.29999999999991
2020-10-12 00:00:00,38.899999999999906
2020-10-13 00:00:00,39.84999999999991
2020-10-14 00:00:00,39.34999999999992
2020-10-15 00:00:00,39.249999999999915
2020-10-16 00:00:00,36.999999999999915
2020-10-19 00:00:00,35.79999999999991
2020-10-20 00:00:00,34.649999999999935
2020-10-21 00:00:00,33.89999999999992
2020-10-22 00:00:00,36.4499999999999
2020-10-23 00:00:00,35.34999999999992
2020-10-26 00:00:00,36.39999999999992
2020-10-27 00:00:00,36.6999999999999
2020-10-28 00:00:00,34.749999999999915
2020-10-29 00:00:00,34.34999999999992
2020-10-30 00:00:00,34.14999999999992
2020-11-02 00:00:00,32.649999999999935
2020-11-03 00:00:00,33.34999999999992
2020-11-04 00:00:00,32.94999999999993
2020-11-05 00:00:00,35.74999999999993
2020-11-06 00:00:00,36.74999999999993
2020-11-09 00:00:00,36.84999999999992
2020-11-10 00:00:00,37.29999999999994
2020-11-11 00:00:00,39.24999999999994
2020-11-12 00:00:00,40.249999999999915
2020-11-13 00:00:00,39.49999999999994
2020-11-16 00:00:00,46.049999999999926
2020-11-17 00:00:00,46.799999999999926
2020-11-18 00:00:00,50.14999999999992
2020-11-19 00:00:00,50.499999999999915
2020-11-20 00:00:00,45.34999999999994
2020-11-23 00:00:00,44.34999999999994
2020-11-24 00:00:00,43.19999999999993
2020-11-25 00:00:00,44.44999999999993
2020-11-27 00:00:00,51.499999999999915
2020-11-30 00:00:00,50.59999999999991
2020-12-01 00:00:00,45.74999999999994
2020-12-02 00:00:00,46.39999999999989
2020-12-03 00:00:00,47.34999999999991
2020-12-04 00:00:00,44.84999999999994
2020-12-07 00:00:00,46.39999999999989
2020-12-08 00:00:00,46.549999999999926
2020-12-09 00:00:00,44.34999999999994
2020-12-10 00:00:00,48.34999999999994
2020-12-11 00:00:00,48.89999999999992
2020-12-14 00:00:00,53.4499999999999
2020-12-15 00:00:00,51.94999999999996
2020-12-16 00:00:00,53.89999999999989
2020-12-17 00:00:00,53.89999999999989
2020-12-18 00:00:00,52.549999999999926
2020-12-21 00:00:00,51.59999999999991
2020-12-22 00:00:00,51.499999999999915
2020-12-23 00:00:00,51.84999999999994
2020-12-24 00:00:00,53.249999999999915
2020-12-28 00:00:00,50.64999999999995
2020-12-29 00:00:00,52.69999999999993
2020-12-30 00:00:00,52.69999999999993
2020-12-31 00:00:00,55.549999999999926
2021-01-04 00:00:00,53.4499999999999
2021-01-05 00:00:00,52.39999999999992
2021-01-06 00:00:00,48.19999999999993
2021-01-07 00:00:00,48.39999999999989
2021-01-08 00:00:00,50.99999999999994
2021-01-11 00:00:00,48.749999999999915
2021-01-12 00:00:00,48.69999999999996
2021-01-13 00:00:00,52.549999999999926
2021-01-14 00:00:00,54.64999999999995
2021-01-15 00:00:00,55.4499999999999
2021-01-19 00:00:00,54.4499999999999
2021-01-20 00:00:00,52.499999999999915
2021-01-21 00:00:00,53.749999999999915
2021-01-22 00:00:00,51.34999999999994
2021-01-25 00:00:00,50.549999999999926
2021-01-26 00:00:00,51.799999999999926
2021-01-27 00:00:00,52.799999999999926
2021-01-28 00:00:00,51.299999999999926
2021-01-29 00:00:00,50.249999999999915
2021-02-01 00:00:00,52.64999999999995
2021-02-02 00:00:00,50.799999999999926
2021-02-03 00:00:00,51.34999999999994
2021-02-04 00:00:00,51.39999999999995
2021-02-05 00:00:00,51.89999999999995
2021-02-08 00:00:00,51.499999999999915
2021-02-09 00:00:00,50.249999999999915
2021-02-10 00:00:00,48.39999999999995
2021-02-11 00:00:00,48.299999999999926
2021-02-12 00:00:00,48.299999999999926
2021-02-16 00:00:00,51.44999999999993
2021-02-17 00:00:00,52.64999999999995
2021-02-18 00:00:00,54.549999999999926
2021-02-19 00:00:00,54.39999999999995
2021-02-22 00:00:00,60.1999999999999
2021-02-23 00:00:00,63.549999999999926
2021-02-24 00:00:00,62.499999999999915
2021-02-25 00:00:00,65.29999999999993
2021-02-26 00:00:00,62.749999999999915
2021-03-01 00:00:00,61.049999999999926
2021-03-02 00:00:00,59.09999999999994
2021-03-03 00:00:00,58.049999999999926
2021-03-04 00:00:00,57.39999999999989
2021-03-05 00:00:00,54.09999999999994
2021-03-08 00:00:00,54.39999999999995
2021-03-09 00:00:00,55.64999999999995
2021-03-10 00:00:00,56.09999999999994
2021-03-11 00:00:00,57.59999999999994
2021-03-12 00:00:00,58.249999999999915
2021-03-15 00:00:00,57.34999999999994
2021-03-16 00:00:00,59.749999999999915
2021-03-17 00:00:00,58.799999999999926
2021-03-18 00:00:00,55.19999999999996
2021-03-19 00:00:00,54.249999999999915
2021-03-22 00:00:00,55.34999999999994
2021-03-23 00:00:00,52.84999999999994
2021-03-24 00:00:00,51.749999999999915
2021-03-25 00:00:00,51.84999999999994
2021-03-26 00:00:00,53.749999999999915
2021-03-29 00:00:00,52.299999999999926
2021-03-30 00:00:00,47.84999999999994
2021-03-31 00:00:00,48.74999999999994
2021-04-01 00:00:00,46.89999999999995
2021-04-05 00:00:00,47.39999999999995
2021-04-06 00:00:00,52.049999999999926
2021-04-07 00:00:00,52.049999999999926
2021-04-08 00:00:00,53.09999999999994
2021-04-09 00:00:00,52.49999999999994
2021-04-12 00:00:00,53.34999999999994
2021-04-13 00:00:00,55.299999999999926
2021-04-14 00:00:00,57.39999999999995
2021-04-15 00:00:00,58.049999999999926
2021-04-16 00:00:00,54.549999999999926
2021-04-19 00:00:00,55.24999999999994
2021-04-20 00:00:00,57.799999999999926
2021-04-21 00:00:00,57.549999999999955
2021-04-22 00:00:00,59.49999999999994
2021-04-23 00:00:00,61.84999999999994
2021-04-26 00:00:00,66.69999999999993
2021-04-27 00:00:00,69.24999999999994
2021-04-28 00:00:00,69.19999999999993
2021-04-29 00:00:00,66.34999999999994
2021-04-30 00:00:00,64.79999999999995
2021-05-03 00:00:00,63.59999999999994
2021-05-04 00:00:00,63.69999999999993
2021-05-05 00:00:00,73.19999999999993
2021-05-06 00:00:00,77.64999999999992
2021-05-07 00:00:00,76.24999999999991
2021-05-10 00:00:00,71.39999999999992
2021-05-11 00:00:00,73.44999999999993
2021-05-12 00:00:00,69.84999999999994
2021-05-13 00:00:00,69.74999999999994
2021-05-14 00:00:00,68.34999999999994
2021-05-17 00:00:00,69.09999999999994
2021-05-18 00:00:00,76.14999999999995
2021-05-19 00:00:00,74.29999999999993
2021-05-20 00:00:00,74.29999999999993
2021-05-21 00:00:00,73.44999999999993
2021-05-24 00:00:00,72.34999999999994
2021-05-25 00:00:00,73.84999999999994
2021-05-26 00:00:00,79.04999999999993
2021-05-27 00:00:00,78.69999999999996
2021-05-28 00:00:00,85.69999999999993
2021-06-01 00:00:00,84.39999999999995
2021-06-02 00:00:00,84.49999999999994
2021-06-03 00:00:00,80.99999999999994
2021-06-04 00:00:00,84.99999999999994
2021-06-07 00:00:00,83.54999999999995
2021-06-08 00:00:00,81.19999999999993
2021-06-09 00:00:00,80.64999999999995
2021-06-10 00:00:00,82.14999999999995
2021-06-11 00:00:00,80.94999999999993
2021-06-14 00:00:00,77.54999999999993
2021-06-15 00:00:00,74.59999999999994
2021-06-16 00:00:00,76.79999999999993
2021-06-17 00:00:00,72.94999999999993
2021-06-18 00:00:00,73.29999999999995
2021-06-21 00:00:00,75.39999999999995
2021-06-22 00:00:00,73.44999999999993
2021-06-23 00:00:00,75.24999999999994
2021-06-24 00:00:00,74.74999999999994
2021-06-25 00:00:00,79.14999999999995
2021-06-28 00:00:00,84.04999999999993
2021-06-29 00:00:00,81.54999999999995
2021-06-30 00:00:00,81.09999999999994
2021-07-01 00:00:00,77.74999999999994
2021-07-02 00:00:00,74.39999999999995
2021-07-06 00:00:00,69.44999999999996
2021-07-07 00:00:00,71.29999999999993
2021-07-08 00:00:00,73.59999999999994
2021-07-09 00:00:00,72.84999999999994
2021-07-12 00:00:00,75.34999999999994
2021-07-13 00:00:00,73.59999999999994
2021-07-14 00:00:00,77.94999999999993
2021-07-15 00:00:00,78.39999999999995
2021-07-16 00:00:00,82.69999999999993
2021-07-19 00:00:00,77.74999999999994
2021-07-20 00:00:00,88.14999999999992
2021-07-21 00:00:00,97.34999999999994
2021-07-22 00:00:00,114.99999999999994
2021-07-23 00:00:00,110.34999999999994
2021-07-26 00:00:00,129.14999999999998
2021-07-27 00:00:00,123.09999999999994
2021-07-28 00:00:00,121.79999999999995
2021-07-29 00:00:00,117.84999999999994
2021-07-30 00:00:00,100.89999999999995
2021-08-02 00:00:00,94.14999999999995
2021-08-03 00:00:00,96.24999999999994
2021-08-04 00:00:00,97.09999999999994
2021-08-05 00:00:00,98.29999999999995
2021-08-06 00:00:00,97.44999999999996
2021-08-09 00:00:00,100.84999999999994
2021-08-10 00:00:00,103.49999999999994
2021-08-11 00:00:00,105.39999999999995
2021-08-12 00:00:00,107.99999999999994
2021-08-13 00:00:00,104.14999999999995
2021-08-16 00:00:00,104.64999999999995
2021-08-17 00:00:00,100.39999999999995
2021-08-18 00:00:00,101.24999999999994
2021-08-19 00:00:00,99.69999999999993
2021-08-20 00:00:00,99.89999999999995
2021-08-23 00:00:00,100.24999999999994
2021-08-24 00:00:00,104.14999999999995
2021-08-25 00:00:00,104.74999999999994
2021-08-26 00:00:00,106.39999999999995
2021-08-27 00:00:00,110.59999999999994
2021-08-30 00:00:00,118.29999999999995
2021-08-31 00:00:00,114.29999999999995
2021-09-01 00:00:00,114.04999999999993
2021-09-02 00:00:00,112.74999999999994
2021-09-03 00:00:00,111.39999999999995
2021-09-07 00:00:00,112.34999999999994
2021-09-08 00:00:00,108.59999999999994
2021-09-09 00:00:00,105.84999999999997
2021-09-10 00:00:00,106.44999999999996
2021-09-13 00:00:00,105.19999999999996
2021-09-14 00:00:00,103.84999999999997
2021-09-15 00:00:00,105.74999999999994
2021-09-16 00:00:00,106.54999999999995
2021-09-17 00:00:00,104.79999999999995
2021-09-20 00:00:00,100.99999999999994
2021-09-21 00:00:00,101.74999999999994
2021-09-22 00:00:00,103.24999999999994
2021-09-23 00:00:00,108.99999999999994
2021-09-24 00:00:00,112.74999999999994
2021-09-27 00:00:00,112.04999999999995
2021-09-28 00:00:00,116.99999999999994
2021-09-29 00:00:00,111.79999999999995
2021-09-30 00:00:00,112.39999999999995
2021-10-01 00:00:00,122.44999999999996
2021-10-04 00:00:00,118.74999999999994
2021-10-05 00:00:00,110.29999999999995
2021-10-06 00:00:00,111.84999999999997
2021-10-07 00:00:00,116.29999999999995
2021-10-08 00:00:00,119.74999999999994
2021-10-11 00:00:00,122.64999999999995
2021-10-12 00:00:00,131.54999999999995
2021-10-13 00:00:00,127.04999999999995
2021-10-14 00:00:00,127.64999999999992
2021-10-15 00:00:00,121.79999999999998
2021-10-18 00:00:00,119.99999999999994
2021-10-19 00:00:00,122.64999999999995
2021-10-20 00:00:00,123.94999999999999
2021-10-21 00:00:00,121.69999999999999
2021-10-22 00:00:00,118.24999999999994
2021-10-25 00:00:00,120.94999999999996
2021-10-26 00:00:00,126.49999999999994
2021-10-27 00:00:00,119.74999999999994
2021-10-28 00:00:00,118.34999999999997
2021-10-29 00:00:00,122.34999999999994
2021-11-01 00:00:00,127.09999999999997
2021-11-02 00:00:00,126.49999999999994
2021-11-03 00:00:00,127.79999999999995
2021-11-04 00:00:00,127.09999999999997
2021-11-05 00:00:00,122.04999999999995
2021-11-08 00:00:00,118.09999999999997
2021-11-09 00:00:00,124.29999999999995
2021-11-10 00:00:00,122.34999999999997
2021-11-11 00:00:00,128.94999999999996
2021-11-12 00:00:00,137.59999999999994
2021-11-15 00:00:00,140.64999999999995
2021-11-16 00:00:00,140.14999999999995
2021-11-17 00:00:00,150.39999999999995
2021-11-18 00:00:00,144.79999999999995
2021-11-19 00:00:00,149.04999999999995
2021-11-22 00:00:00,146.94999999999996
2021-11-23 00:00:00,157.69999999999996
2021-11-24 00:00:00,161.04999999999995
2021-11-26 00:00:00,158.59999999999994
2021-11-29 00:00:00,148.64999999999995
2021-11-30 00:00:00,147.94999999999993
2021-12-01 00:00:00,148.89999999999995
2021-12-02 00:00:00,152.24999999999997
2021-12-03 00:00:00,158.99999999999994
2021-12-06 00:00:00,165.49999999999994
2021-12-07 00:00:00,158.95
2021-12-08 00:00:00,159.84999999999997
2021-12-09 00:00:00,155.8499999999999
2021-12-10 00:00:00,148.24999999999994
2021-12-13 00:00:00,152.34999999999994
2021-12-14 00:00:00,152.79999999999995
2021-12-15 00:00:00,152.94999999999996
2021-12-16 00:00:00,152.49999999999994
2021-12-17 00:00:00,150.39999999999995
2021-12-20 00:00:00,139.74999999999997
2021-12-21 00:00:00,143.89999999999998
2021-12-22 00:00:00,149.19999999999996
2021-12-23 00:00:00,146.84999999999994
2021-12-27 00:00:00,142.69999999999996
2021-12-28 00:00:00,141.24999999999991
2021-12-29 00:00:00,144.54999999999995
2021-12-30 00:00:00,144.49999999999994
2021-12-31 00:00:00,141.74999999999997
2022-01-03 00:00:00,138.94999999999996
2022-01-04 00:00:00,147.39999999999995
2022-01-05 00:00:00,147.39999999999995
2022-01-06 00:00:00,147.34999999999997
2022-01-07 00:00:00,154.09999999999997
2022-01-10 00:00:00,150.54999999999998
2022-01-11 00:00:00,152.7
2022-01-12 00:00:00,156.49999999999997
2022-01-13 00:00:00,152.64999999999995
2022-01-14 00:00:00,155.29999999999995
2022-01-18 00:00:00,155.24999999999994
2022-01-19 00:00:00,160.09999999999997
2022-01-20 00:00:00,159.29999999999995
2022-01-21 00:00:00,153.54999999999995
2022-01-24 00:00:00,148.59999999999994
2022-01-25 00:00:00,153.54999999999995
2022-01-26 00:00:00,154.54999999999993
2022-01-27 00:00:00,147.69999999999996
2022-01-28 00:00:00,151.54999999999995
2022-01-31 00:00:00,150.59999999999994
2022-02-01 00:00:00,152.39999999999995
2022-02-02 00:00:00,154.59999999999994
2022-02-03 00:00:00,159.5999999999999
2022-02-04 00:00:00,157.54999999999995
2022-02-07 00:00:00,157.39999999999995
2022-02-08 00:00:00,164.49999999999997
2022-02-09 00:00:00,173.54999999999993
2022-02-10 00:00:00,170.34999999999997
2022-02-11 00:00:00,167.14999999999995
2022-02-14 00:00:00,162.99999999999994
2022-02-15 00:00:00,166.84999999999994
2022-02-16 00:00:00,167.7999999999999
2022-02-17 00:00:00,165.74999999999994
2022-02-18 00:00:00,161.09999999999994
2022-02-22 00:00:00,162.34999999999994
2022-02-23 00:00:00,162.64999999999995
2022-02-24 00:00:00,152.99999999999994
2022-02-25 00:00:00,153.74999999999997
2022-02-28 00:00:00,147.99999999999994
2022-03-01 00:00:00,151.09999999999994
2022-03-02 00:00:00,144.29999999999993
2022-03-03 00:00:00,137.99999999999994
2022-03-04 00:00:00,139.34999999999997
2022-03-07 00:00:00,139.34999999999997
2022-03-08 00:00:00,147.99999999999994
2022-03-09 00:00:00,144.39999999999995
2022-03-10 00:00:00,139.29999999999993
2022-03-11 00:00:00,137.04999999999993
2022-03-14 00:00:00,133.89999999999995
2022-03-15 00:00:00,126.24999999999994
2022-03-16 00:00:00,132.59999999999997
2022-03-17 00:00:00,131.19999999999993
2022-03-18 00:00:00,135.14999999999998
2022-03-21 00:00:00,139.74999999999994
2022-03-22 00:00:00,140.14999999999995
2022-03-23 00:00:00,140.39999999999995
2022-03-24 00:00:00,136.94999999999996
2022-03-25 00:00:00,136.94999999999996
2022-03-28 00:00:00,129.64999999999995
2022-03-29 00:00:00,130.79999999999993
2022-03-30 00:00:00,136.94999999999996
2022-03-31 00:00:00,141.49999999999991
2022-04-01 00:00:00,143.49999999999991
2022-04-04 00:00:00,145.64999999999992
2022-04-05 00:00:00,146.29999999999993
2022-04-06 00:00:00,142.6499999999999
2022-04-07 00:00:00,141.19999999999996
2022-04-08 00:00:00,146.59999999999994
2022-04-11 00:00:00,151.59999999999997
2022-04-12 00:00:00,148.59999999999994
2022-04-13 00:00:00,140.19999999999993
2022-04-14 00:00:00,138.79999999999995
2022-04-18 00:00:00,138.79999999999995
2022-04-19 00:00:00,136.74999999999994
2022-04-20 00:00:00,134.49999999999994
2022-04-21 00:00:00,143.14999999999995
2022-04-22 00:00:00,142.19999999999993
2022-04-25 00:00:00,135.74999999999991
2022-04-26 00:00:00,136.19999999999993
2022-04-27 00:00:00,130.59999999999994
2022-04-28 00:00:00,132.64999999999995
2022-04-29 00:00:00,137.14999999999995
2022-05-02 00:00:00,130.94999999999996
2022-05-03 00:00:00,132.99999999999991
2022-05-04 00:00:00,135.84999999999994
2022-05-05 00:00:00,132.29999999999993
2022-05-06 00:00:00,125.49999999999991
2022-05-09 00:00:00,121.14999999999992
2022-05-10 00:00:00,118.84999999999994
2022-05-11 00:00:00,134.94999999999996
2022-05-12 00:00:00,130.34999999999994
2022-05-13 00:00:00,128.9499999999999
2022-05-16 00:00:00,139.84999999999994
2022-05-17 00:00:00,142.24999999999991
2022-05-18 00:00:00,132.64999999999995
2022-05-19 00:00:00,133.74999999999991
2022-05-19 09:15:00,131.24999999999991
2022-05-19 10:00:00,128.94999999999996
2022-05-19 11:00:00,130.64999999999995
2022-05-19 12:00:00,131.39999999999992
2022-05-19 13:00:00,130.79999999999995
2022-05-19 14:00:00,130.94999999999996
2022-05-19 15:00:00,132.64999999999995
2022-05-19 16:00:00,133.94999999999993
2022-05-19 17:00:00,134.09999999999994
2022-05-19 18:00:00,134.09999999999994
2022-05-20 09:15:00,135.99999999999991
2022-05-20 10:00:00,134.59999999999994
2022-05-20 11:00:00,132.49999999999994
2022-05-20 12:00:00,132.2499999999999
2022-05-20 13:00:00,130.49999999999994
2022-05-20 14:00:00,130.29999999999993
2022-05-20 15:00:00,131.54999999999993
2022-05-20 16:00:00,131.74999999999991
2022-05-20 17:00:00,131.0999999999999
2022-05-20 18:00:00,131.49999999999991
2022-05-23 09:15:00,131.19999999999996
2022-05-23 10:00:00,132.14999999999992
2022-05-23 11:00:00,132.44999999999993
2022-05-23 12:00:00,131.59999999999994
2022-05-23 13:00:00,131.44999999999993
2022-05-23 14:00:00,130.79999999999995
2022-05-23 15:00:00,130.39999999999995
2022-05-23 16:00:00,130.1499999999999
2022-05-23 17:00:00,130.29999999999993
2022-05-23 18:00:00,130.5499999999999
2022-05-24 09:15:00,128.99999999999991
2022-05-24 10:00:00,128.6999999999999
2022-05-24 11:00:00,129.29999999999993
2022-05-24 12:00:00,130.04999999999993
2022-05-24 13:00:00,127.99999999999994
2022-05-24 14:00:00,127.94999999999993
2022-05-24 15:00:00,128.2499999999999
2022-05-24 16:00:00,127.24999999999991
2022-05-24 17:00:00,128.2999999999999
2022-05-24 18:00:00,128.89999999999992
2022-05-25 09:15:00,129.0999999999999
2022-05-25 10:00:00,130.19999999999993
2022-05-25 11:00:00,130.04999999999993
2022-05-25 12:00:00,129.74999999999991
2022-05-25 13:00:00,127.74999999999991
2022-05-25 14:00:00,128.4499999999999
2022-05-25 15:00:00,129.74999999999991
2022-05-25 16:00:00,131.54999999999993
2022-05-25 17:00:00,131.79999999999993
2022-05-25 18:00:00,131.59999999999994
2022-05-26 09:15:00,133.39999999999992
2022-05-26 10:00:00,134.14999999999992
2022-05-26 11:00:00,134.74999999999994
2022-05-26 12:00:00,136.49999999999994
2022-05-26 13:00:00,139.94999999999993
2022-05-26 14:00:00,139.99999999999991
2022-05-26 15:00:00,140.49999999999994
2022-05-26 16:00:00,140.84999999999994
2022-05-26 17:00:00,141.3499999999999
2022-05-26 18:00:00,140.84999999999994
2022-05-27 09:15:00,140.34999999999994
2022-05-27 10:00:00,140.44999999999993
2022-05-27 11:00:00,140.39999999999992
2022-05-27 12:00:00,139.74999999999991
2022-05-27 13:00:00,140.39999999999992
2022-05-27 14:00:00,141.54999999999993
2022-05-27 15:00:00,142.44999999999993
2022-05-27 16:00:00,143.89999999999992
2022-05-27 17:00:00,144.7499999999999
2022-05-27 18:00:00,143.54999999999993
2022-05-31 09:15:00,143.54999999999993
2022-05-31 10:00:00,142.09999999999994
2022-05-31 11:00:00,142.04999999999993
2022-05-31 12:00:00,140.94999999999996
2022-05-31 13:00:00,141.59999999999994
2022-05-31 14:00:00,146.74999999999994
2022-05-31 15:00:00,148.34999999999994
2022-05-31 16:00:00,145.94999999999993
2022-05-31 17:00:00,146.49999999999994
2022-05-31 18:00:00,146.8499999999999
2022-06-01 09:00:00,
2022-06-01 09:15:00,148.74999999999994
2022-06-01 10:00:00,149.79999999999993
2022-06-01 11:00:00,148.44999999999993
2022-06-01 12:00:00,148.44999999999993
2022-06-01 13:00:00,150.44999999999993
2022-06-01 14:00:00,152.39999999999995
2022-06-01 15:00:00,151.84999999999994
2022-06-01 16:00:00,153.14999999999995
2022-06-01 17:00:00,154.99999999999994
2022-06-01 18:00:00,154.54999999999993
2022-06-02 12:00:00,
2022-06-02 12:30:00,153.69999999999993
2022-06-02 13:00:00,155.74999999999997
2022-06-02 14:00:00,154.59999999999994
2022-06-02 15:00:00,154.34999999999994
2022-06-02 16:00:00,152.59999999999994
2022-06-02 17:00:00,153.44999999999996
2022-06-02 18:00:00,153.19999999999996
2022-06-03 12:00:00,
2022-06-03 12:30:00,152.44999999999993
2022-06-03 13:00:00,152.49999999999994
2022-06-03 14:00:00,151.74999999999997
2022-06-03 15:00:00,148.84999999999994
2022-06-03 16:00:00,147.74999999999994
2022-06-03 17:00:00,147.44999999999993
2022-06-03 18:00:00,147.0999999999999
2022-06-06 09:00:00,
2022-06-06 09:15:00,150.64999999999995
2022-06-06 10:00:00,150.34999999999994
2022-06-06 11:00:00,149.74999999999997
2022-06-06 12:00:00,150.29999999999993
2022-06-06 13:00:00,150.14999999999995
2022-06-06 14:00:00,149.69999999999993
2022-06-06 15:00:00,151.69999999999993
2022-06-06 16:00:00,153.24999999999991
2022-06-06 17:00:00,151.24999999999991
2022-06-06 18:00:00,150.64999999999995
2022-06-07 09:00:00,
2022-06-07 09:15:00,149.74999999999997
2022-06-07 10:00:00,151.84999999999994
2022-06-07 11:00:00,151.89999999999992
2022-06-07 12:00:00,152.34999999999994
2022-06-07 13:00:00,150.19999999999993
2022-06-07 14:00:00,148.09999999999994
2022-06-07 15:00:00,147.74999999999994
2022-06-07 16:00:00,146.44999999999993
2022-06-07 17:00:00,147.49999999999991
2022-06-07 18:00:00,147.54999999999993
2022-06-08 09:00:00,
2022-06-08 09:15:00,148.14999999999995
2022-06-08 10:00:00,148.89999999999995
2022-06-08 11:00:00,149.34999999999997
2022-06-08 12:00:00,148.99999999999991
2022-06-08 13:00:00,147.79999999999993
2022-06-08 14:00:00,148.64999999999995
2022-06-08 15:00:00,146.6999999999999
2022-06-08 16:00:00,148.49999999999994
2022-06-08 17:00:00,146.04999999999993
2022-06-08 18:00:00,145.49999999999997
2022-06-09 09:00:00,
2022-06-09 09:15:00,145.84999999999994
2022-06-09 10:00:00,145.49999999999997
2022-06-09 11:00:00,146.64999999999995
2022-06-09 12:00:00,147.29999999999993
2022-06-09 13:00:00,148.29999999999993
2022-06-09 14:00:00,147.99999999999994
2022-06-09 15:00:00,148.64999999999995
2022-06-09 16:00:00,149.0999999999999
2022-06-09 17:00:00,148.84999999999994
2022-06-09 18:00:00,149.04999999999995
2022-06-10 09:00:00,
2022-06-10 09:15:00,147.24999999999991
2022-06-10 10:00:00,147.14999999999992
2022-06-10 11:00:00,147.84999999999994
2022-06-10 12:00:00,148.54999999999993
2022-06-10 13:00:00,146.09999999999994
2022-06-10 14:00:00,144.29999999999995
2022-06-10 15:00:00,143.04999999999993
2022-06-10 16:00:00,142.94999999999996
2022-06-10 17:00:00,143.34999999999994
2022-06-10 18:00:00,142.8499999999999
2022-06-13 09:00:00,
2022-06-13 09:15:00,141.94999999999993
2022-06-13 10:00:00,142.04999999999993
2022-06-13 11:00:00,141.89999999999995
2022-06-13 12:00:00,140.89999999999992
2022-06-13 13:00:00,139.19999999999993
2022-06-13 14:00:00,137.49999999999994
2022-06-13 15:00:00,135.09999999999994
2022-06-13 16:00:00,138.5999999999999
2022-06-13 17:00:00,139.19999999999993
2022-06-13 18:00:00,139.54999999999993
2022-06-14 09:00:00,
2022-06-14 09:15:00,139.64999999999995
2022-06-14 10:00:00,139.49999999999994
2022-06-14 11:00:00,139.74999999999994
2022-06-14 12:00:00,141.99999999999994
2022-06-14 13:00:00,140.4499999999999
2022-06-14 14:00:00,138.54999999999995
2022-06-14 15:00:00,138.74999999999991
2022-06-14 16:00:00,140.79999999999995
2022-06-14 17:00:00,141.24999999999997
2022-06-14 18:00:00,140.8499999999999
2022-06-15 09:00:00,
2022-06-15 09:15:00,139.34999999999994
2022-06-15 10:00:00,137.84999999999994
2022-06-15 11:00:00,138.34999999999994
2022-06-15 12:00:00,138.64999999999995
2022-06-15 13:00:00,139.74999999999994
2022-06-15 14:00:00,140.99999999999991
2022-06-15 15:00:00,143.09999999999997
2022-06-15 16:00:00,142.74999999999991
2022-06-15 17:00:00,144.14999999999995
2022-06-15 18:00:00,143.34999999999994
2022-06-16 09:00:00,
2022-06-16 09:15:00,143.09999999999997
2022-06-16 10:00:00,142.49999999999994
2022-06-16 11:00:00,141.79999999999993
2022-06-16 12:00:00,141.14999999999992
2022-06-16 13:00:00,144.39999999999995
2022-06-16 14:00:00,147.24999999999991
2022-06-16 15:00:00,146.19999999999993
2022-06-16 16:00:00,146.04999999999993
2022-06-16 17:00:00,146.29999999999993
2022-06-16 18:00:00,146.14999999999995
2022-06-17 09:00:00,
2022-06-17 09:15:00,148.44999999999993
2022-06-17 10:00:00,147.99999999999994
2022-06-17 11:00:00,148.19999999999993
2022-06-17 12:00:00,147.24999999999991
2022-06-17 13:00:00,146.89999999999995
2022-06-17 14:00:00,145.04999999999995
2022-06-17 15:00:00,143.99999999999994
2022-06-17 16:00:00,143.29999999999993
2022-06-17 17:00:00,141.79999999999993
2022-06-17 18:00:00,141.34999999999994
2022-06-17 23:00:00,142.24999999999994
2022-06-21 09:00:00,
2022-06-21 09:15:00,146.04999999999993
2022-06-21 10:00:00,145.14999999999992
2022-06-21 11:00:00,144.44999999999993
2022-06-21 12:00:00,145.64999999999998
2022-06-21 13:00:00,146.64999999999995
2022-06-21 14:00:00,146.49999999999994
2022-06-21 15:00:00,147.34999999999997
2022-06-21 16:00:00,147.49999999999991
2022-06-21 17:00:00,146.8499999999999
2022-06-21 18:00:00,146.59999999999994
2022-06-22 09:00:00,
2022-06-22 09:15:00,145.64999999999998
2022-06-22 10:00:00,147.59999999999994
2022-06-22 11:00:00,147.54999999999993
2022-06-22 12:00:00,147.44999999999993
2022-06-22 13:00:00,150.54999999999993
2022-06-22 14:00:00,149.84999999999994
2022-06-22 15:00:00,150.14999999999995
2022-06-22 16:00:00,150.34999999999994
2022-06-22 17:00:00,151.0999999999999
2022-06-22 18:00:00,151.49999999999991
2022-06-23 09:00:00,
2022-06-23 09:15:00,150.24999999999994
2022-06-23 10:00:00,148.89999999999995
2022-06-23 11:00:00,148.99999999999991
2022-06-23 12:00:00,148.79999999999995
2022-06-23 13:00:00,147.74999999999994
2022-06-23 14:00:00,144.64999999999995
2022-06-23 15:00:00,144.74999999999994
2022-06-23 16:00:00,143.59999999999994
2022-06-23 17:00:00,143.49999999999997
2022-06-23 18:00:00,142.99999999999991
2022-06-24 09:00:00,
2022-06-24 09:15:00,144.24999999999994
2022-06-24 10:00:00,146.14999999999995
2022-06-24 11:00:00,144.64999999999995
2022-06-24 12:00:00,144.04999999999993
2022-06-24 13:00:00,144.14999999999995
2022-06-24 14:00:00,139.29999999999993
2022-06-24 15:00:00,139.29999999999993
2022-06-24 16:00:00,137.64999999999995
2022-06-24 17:00:00,137.69999999999993
2022-06-24 18:00:00,138.09999999999994
2022-06-27 09:00:00,
2022-06-27 09:15:00,140.39999999999995
2022-06-27 10:00:00,140.34999999999994
2022-06-27 11:00:00,140.69999999999996
2022-06-27 12:00:00,138.34999999999994
2022-06-27 13:00:00,137.74999999999994
2022-06-27 14:00:00,135.74999999999994
2022-06-27 15:00:00,136.09999999999994
2022-06-27 16:00:00,136.09999999999994
2022-06-27 17:00:00,137.34999999999994
2022-06-27 18:00:00,136.89999999999992
2022-06-28 09:00:00,
2022-06-28 09:15:00,138.09999999999994
2022-06-28 10:00:00,138.09999999999994
2022-06-28 11:00:00,137.54999999999993
2022-06-28 12:00:00,136.74999999999991
2022-06-28 13:00:00,136.69999999999996
2022-06-28 14:00:00,134.64999999999992
2022-06-28 15:00:00,135.14999999999998
2022-06-28 16:00:00,132.69999999999996
2022-06-28 17:00:00,133.14999999999998
2022-06-28 18:00:00,132.99999999999997
2022-06-29 09:00:00,
2022-06-29 09:15:00,133.49999999999994
2022-06-29 10:00:00,132.54999999999995
2022-06-29 11:00:00,133.89999999999995
2022-06-29 12:00:00,132.89999999999992
2022-06-29 13:00:00,133.64999999999995
2022-06-29 14:00:00,139.99999999999994
2022-06-29 15:00:00,137.94999999999993
2022-06-29 16:00:00,142.59999999999994
2022-06-29 17:00:00,143.34999999999994
2022-06-29 18:00:00,142.8499999999999
2022-06-30 09:00:00,
2022-06-30 09:15:00,143.29999999999993
2022-06-30 10:00:00,146.34999999999994
2022-06-30 11:00:00,144.5499999999999
2022-06-30 12:00:00,144.69999999999996
2022-06-30 13:00:00,143.89999999999995
2022-06-30 14:00:00,144.29999999999995
2022-06-30 15:00:00,143.79999999999993
2022-06-30 16:00:00,145.24999999999997
2022-06-30 17:00:00,145.74999999999994
2022-06-30 18:00:00,145.34999999999997
2022-07-01 09:00:00,
2022-07-01 09:15:00,145.94999999999993
2022-07-01 10:00:00,147.0999999999999
2022-07-01 11:00:00,147.54999999999993
2022-07-01 12:00:00,149.74999999999997
2022-07-01 13:00:00,146.04999999999993
2022-07-01 14:00:00,143.84999999999994
2022-07-01 15:00:00,140.74999999999991
2022-07-01 16:00:00,139.44999999999993
2022-07-01 17:00:00,138.79999999999995
2022-07-01 18:00:00,138.74999999999991
2022-07-01 23:00:00,139.49999999999994
2022-07-05 09:00:00,
2022-07-05 09:15:00,137.39999999999992
2022-07-05 10:00:00,136.24999999999994
2022-07-05 11:00:00,138.4499999999999
2022-07-05 12:00:00,137.59999999999994
2022-07-05 13:00:00,137.19999999999993
2022-07-05 14:00:00,135.64999999999995
2022-07-05 15:00:00,136.79999999999993
2022-07-05 16:00:00,137.44999999999993
2022-07-05 17:00:00,135.44999999999993
2022-07-05 18:00:00,135.59999999999994
2022-07-06 09:00:00,
2022-07-06 09:15:00,136.84999999999997
2022-07-06 10:00:00,136.24999999999994
2022-07-06 11:00:00,136.49999999999991
2022-07-06 12:00:00,136.14999999999995
2022-07-06 13:00:00,136.34999999999994
2022-07-06 14:00:00,136.09999999999994
2022-07-06 15:00:00,134.29999999999995
2022-07-06 16:00:00,134.69999999999996
2022-07-06 17:00:00,133.39999999999995
2022-07-06 18:00:00,133.29999999999993
2022-07-07 09:00:00,
2022-07-07 09:15:00,133.89999999999995
2022-07-07 10:00:00,135.24999999999994
2022-07-07 11:00:00,135.49999999999994
2022-07-07 12:00:00,134.54999999999995
2022-07-07 13:00:00,134.24999999999994
2022-07-07 14:00:00,137.89999999999995
2022-07-07 15:00:00,136.34999999999994
2022-07-07 16:00:00,133.59999999999994
2022-07-07 17:00:00,133.54999999999993
2022-07-07 18:00:00,133.29999999999993
2022-07-08 09:00:00,
2022-07-08 09:15:00,134.0499999999999
2022-07-08 10:00:00,133.24999999999994
2022-07-08 11:00:00,133.79999999999993
2022-07-08 12:00:00,133.49999999999994
2022-07-08 13:00:00,130.84999999999994
2022-07-08 14:00:00,130.84999999999994
2022-07-08 15:00:00,134.4499999999999
2022-07-08 16:00:00,135.59999999999994
2022-07-08 17:00:00,135.04999999999993
2022-07-08 18:00:00,134.84999999999997
2022-07-11 09:00:00,
2022-07-11 09:15:00,134.54999999999995
2022-07-11 10:00:00,133.54999999999993
2022-07-11 11:00:00,132.59999999999997
2022-07-11 12:00:00,132.79999999999993
2022-07-11 13:00:00,130.94999999999993
2022-07-11 14:00:00,130.0499999999999
2022-07-11 15:00:00,128.49999999999991
2022-07-11 16:00:00,128.79999999999993
2022-07-11 17:00:00,127.74999999999994
2022-07-11 18:00:00,127.79999999999995
2022-07-12 09:00:00,
2022-07-12 09:15:00,127.99999999999994
2022-07-12 10:00:00,128.54999999999993
2022-07-12 11:00:00,127.89999999999995
2022-07-12 12:00:00,128.69999999999993
2022-07-12 13:00:00,127.49999999999994
2022-07-12 14:00:00,121.84999999999991
2022-07-12 15:00:00,121.39999999999995
2022-07-12 16:00:00,120.94999999999993
2022-07-12 17:00:00,120.04999999999995
2022-07-12 18:00:00,121.09999999999994
2022-07-13 09:00:00,
2022-07-13 09:15:00,122.24999999999991
2022-07-13 10:00:00,121.34999999999994
2022-07-13 11:00:00,122.19999999999996
2022-07-13 12:00:00,122.59999999999994
2022-07-13 13:00:00,122.59999999999994
2022-07-13 14:00:00,122.44999999999993
2022-07-13 15:00:00,122.84999999999994
2022-07-13 16:00:00,122.29999999999993
2022-07-13 17:00:00,121.79999999999995
2022-07-13 18:00:00,121.59999999999994
2022-07-14 09:00:00,
2022-07-14 09:15:00,120.74999999999994
2022-07-14 10:00:00,118.94999999999993
2022-07-14 11:00:00,117.09999999999994
2022-07-14 12:00:00,115.64999999999995
2022-07-14 13:00:00,114.94999999999993
2022-07-14 14:00:00,113.49999999999994
2022-07-14 15:00:00,111.34999999999994
2022-07-14 16:00:00,110.84999999999994
2022-07-14 17:00:00,110.89999999999992
2022-07-14 18:00:00,110.49999999999991
2022-07-15 09:00:00,
2022-07-15 09:15:00,111.69999999999993
2022-07-15 10:00:00,110.94999999999993
2022-07-15 11:00:00,110.89999999999992
2022-07-15 12:00:00,109.79999999999993
2022-07-15 13:00:00,111.84999999999994
2022-07-15 14:00:00,110.34999999999994
2022-07-15 15:00:00,116.49999999999994
2022-07-15 16:00:00,114.69999999999993
2022-07-15 17:00:00,114.59999999999994
2022-07-15 18:00:00,114.99999999999994
2022-07-18 09:00:00,
2022-07-18 09:15:00,120.49999999999997
2022-07-18 10:00:00,123.9499999999999
2022-07-18 11:00:00,121.44999999999993
2022-07-18 12:00:00,121.14999999999995
2022-07-18 13:00:00,125.59999999999994
2022-07-18 14:00:00,127.79999999999995
2022-07-18 15:00:00,130.54999999999993
2022-07-18 16:00:00,130.39999999999995
2022-07-18 17:00:00,130.44999999999996
2022-07-18 18:00:00,130.64999999999992
2022-07-19 09:00:00,
2022-07-19 09:15:00,127.39999999999995
2022-07-19 10:00:00,127.69999999999993
2022-07-19 11:00:00,129.44999999999993
2022-07-19 12:00:00,129.29999999999993
2022-07-19 13:00:00,128.99999999999994
2022-07-19 14:00:00,128.29999999999995
2022-07-19 15:00:00,130.59999999999997
2022-07-19 16:00:00,130.74999999999997
2022-07-19 17:00:00,130.84999999999994
2022-07-19 18:00:00,130.84999999999994
2022-07-20 09:00:00,
2022-07-20 09:15:00,129.19999999999993
2022-07-20 10:00:00,129.64999999999995
2022-07-20 11:00:00,129.84999999999994
2022-07-20 12:00:00,129.64999999999995
2022-07-20 13:00:00,131.44999999999993
2022-07-20 14:00:00,131.84999999999994
2022-07-20 15:00:00,132.64999999999992
2022-07-20 16:00:00,133.09999999999994
2022-07-20 17:00:00,132.49999999999991
2022-07-20 18:00:00,131.89999999999995
2022-07-21 09:00:00,
2022-07-21 09:15:00,130.74999999999997
2022-07-21 10:00:00,129.59999999999994
2022-07-21 11:00:00,130.94999999999993
2022-07-21 12:00:00,130.49999999999991
2022-07-21 13:00:00,132.0499999999999
2022-07-21 14:00:00,131.39999999999995
2022-07-21 15:00:00,132.69999999999996
2022-07-21 16:00:00,131.74999999999994
2022-07-21 17:00:00,130.3499999999999
2022-07-21 18:00:00,130.84999999999994
2022-07-22 09:00:00,
2022-07-22 09:15:00,127.54999999999993
2022-07-22 10:00:00,127.44999999999993
2022-07-22 11:00:00,127.04999999999993
2022-07-22 12:00:00,127.09999999999994
2022-07-22 13:00:00,124.74999999999997
2022-07-22 14:00:00,122.69999999999993
2022-07-22 15:00:00,121.39999999999995
2022-07-22 16:00:00,121.79999999999995
2022-07-22 17:00:00,121.44999999999993
2022-07-22 18:00:00,120.59999999999994
2022-07-25 09:00:00,
2022-07-25 09:15:00,123.54999999999993
2022-07-25 10:00:00,123.59999999999994
2022-07-25 11:00:00,123.79999999999995
2022-07-25 12:00:00,124.79999999999993
2022-07-25 13:00:00,123.89999999999995
2022-07-25 14:00:00,123.49999999999994
2022-07-25 15:00:00,122.79999999999993
2022-07-25 16:00:00,124.99999999999994
2022-07-25 17:00:00,124.59999999999994
2022-07-25 18:00:00,123.9499999999999
2022-07-26 09:00:00,
2022-07-26 09:15:00,127.29999999999993
2022-07-26 10:00:00,127.54999999999993
2022-07-26 11:00:00,126.59999999999997
2022-07-26 12:00:00,127.19999999999993
2022-07-26 13:00:00,128.54999999999993
2022-07-26 14:00:00,128.19999999999996
2022-07-26 15:00:00,127.54999999999993
2022-07-26 16:00:00,128.49999999999991
2022-07-26 17:00:00,128.19999999999996
2022-07-26 18:00:00,127.54999999999993
2022-07-27 09:00:00,
2022-07-27 09:15:00,128.0499999999999
2022-07-27 10:00:00,128.64999999999992
2022-07-27 11:00:00,128.89999999999992
2022-07-27 12:00:00,129.64999999999995
2022-07-27 13:00:00,129.84999999999994
2022-07-27 14:00:00,133.44999999999993
2022-07-27 15:00:00,133.79999999999993
2022-07-27 16:00:00,134.09999999999994
2022-07-27 17:00:00,132.29999999999995
2022-07-27 18:00:00,131.89999999999995
2022-07-28 09:00:00,
2022-07-28 09:15:00,135.44999999999993
2022-07-28 10:00:00,134.99999999999991
2022-07-28 11:00:00,133.29999999999993
2022-07-28 12:00:00,131.54999999999993
2022-07-28 13:00:00,133.59999999999994
2022-07-28 14:00:00,129.74999999999994
2022-07-28 15:00:00,131.04999999999993
2022-07-28 16:00:00,132.3499999999999
2022-07-28 17:00:00,133.89999999999995
2022-07-28 18:00:00,134.24999999999994
2022-07-29 09:00:00,
2022-07-29 09:15:00,133.44999999999993
2022-07-29 10:00:00,134.94999999999993
2022-07-29 11:00:00,135.19999999999993
2022-07-29 12:00:00,133.84999999999994
2022-07-29 13:00:00,130.44999999999996
2022-07-29 14:00:00,128.0499999999999
2022-07-29 15:00:00,131.84999999999994
2022-07-29 16:00:00,131.69999999999993
2022-07-29 17:00:00,132.24999999999994
2022-07-29 18:00:00,132.39999999999995
2022-08-01 09:00:00,
2022-08-01 09:15:00,131.54999999999993
2022-08-01 10:00:00,131.09999999999994
2022-08-01 11:00:00,130.64999999999995
2022-08-01 12:00:00,130.14999999999992
2022-08-01 13:00:00,131.54999999999995
2022-08-01 14:00:00,129.14999999999995
2022-08-01 15:00:00,126.84999999999994
2022-08-01 16:00:00,127.94999999999993
2022-08-01 17:00:00,127.44999999999996
2022-08-01 18:00:00,127.84999999999994
2022-08-02 09:00:00,126.24999999999994
2022-08-02 10:00:00,126.34999999999994
2022-08-02 11:00:00,124.04999999999993
2022-08-02 12:00:00,124.89999999999995
2022-08-02 13:00:00,122.99999999999994
2022-08-02 14:00:00,121.94999999999993
2022-08-02 15:00:00,123.29999999999995
2022-08-02 16:00:00,126.84999999999994
2022-08-02 17:00:00,124.74999999999994
2022-08-02 18:00:00,123.89999999999998
2022-08-02 23:00:00,124.7999999999999
2022-08-03 09:00:00,125.69999999999993
2022-08-03 10:00:00,126.09999999999994
2022-08-03 11:00:00,128.34999999999994
2022-08-03 12:00:00,128.49999999999994
2022-08-03 13:00:00,129.99999999999997
2022-08-03 14:00:00,131.79999999999993
2022-08-03 15:00:00,130.04999999999993
2022-08-03 16:00:00,129.99999999999997
2022-08-03 17:00:00,129.69999999999996
2022-08-03 18:00:00,129.94999999999993
2022-08-04 09:00:00,129.1999999999999
2022-08-04 10:00:00,130.29999999999993
2022-08-04 11:00:00,132.19999999999993
2022-08-04 12:00:00,133.04999999999995
2022-08-04 13:00:00,130.14999999999992
2022-08-04 14:00:00,130.49999999999994
2022-08-04 15:00:00,133.69999999999996
2022-08-04 16:00:00,133.64999999999995
2022-08-04 17:00:00,134.09999999999994
2022-08-04 18:00:00,133.84999999999997
2022-08-05 09:00:00,135.69999999999996
2022-08-05 10:00:00,133.74999999999991
2022-08-05 11:00:00,131.24999999999994
2022-08-05 12:00:00,130.09999999999994
2022-08-05 13:00:00,126.49999999999994
2022-08-05 14:00:00,128.84999999999994
2022-08-05 15:00:00,128.99999999999994
2022-08-05 16:00:00,124.29999999999993
2022-08-05 17:00:00,125.1999999999999
2022-08-05 18:00:00,123.99999999999994
2022-08-08 09:00:00,126.64999999999995
2022-08-08 10:00:00,122.59999999999994
2022-08-08 11:00:00,123.94999999999993
2022-08-08 12:00:00,125.29999999999995
2022-08-08 13:00:00,127.49999999999991
2022-08-08 14:00:00,127.94999999999993
2022-08-08 15:00:00,127.89999999999998
2022-08-08 16:00:00,127.84999999999994
2022-08-08 17:00:00,126.69999999999993
2022-08-08 18:00:00,126.29999999999993
2022-08-09 09:00:00,124.64999999999995
2022-08-09 10:00:00,124.84999999999994
2022-08-09 11:00:00,125.69999999999993
2022-08-09 12:00:00,125.54999999999993
2022-08-09 13:00:00,124.24999999999994
2022-08-09 14:00:00,124.59999999999994
2022-08-09 15:00:00,126.19999999999993
2022-08-09 16:00:00,126.59999999999994
2022-08-09 17:00:00,127.04999999999995
2022-08-09 18:00:00,126.64999999999995
2022-08-10 09:00:00,130.14999999999992
2022-08-10 10:00:00,130.84999999999994
2022-08-10 11:00:00,130.64999999999995
2022-08-10 12:00:00,131.39999999999995
2022-08-10 13:00:00,133.5999999999999
2022-08-10 14:00:00,132.59999999999994
2022-08-10 15:00:00,134.04999999999993
2022-08-10 16:00:00,132.89999999999995
2022-08-10 17:00:00,133.94999999999996
2022-08-10 18:00:00,133.99999999999997
2022-08-11 09:00:00,133.34999999999994
2022-08-11 10:00:00,132.59999999999994
2022-08-11 11:00:00,132.09999999999994
2022-08-11 12:00:00,132.29999999999993
2022-08-11 13:00:00,129.89999999999998
2022-08-11 14:00:00,134.44999999999993
2022-08-11 15:00:00,136.34999999999994
2022-08-11 16:00:00,137.64999999999995
2022-08-11 17:00:00,137.49999999999994
2022-08-11 18:00:00,137.19999999999993
2022-08-12 09:00:00,135.84999999999997
2022-08-12 10:00:00,137.19999999999993
2022-08-12 11:00:00,136.54999999999993
2022-08-12 12:00:00,135.64999999999995
2022-08-12 13:00:00,137.54999999999995
2022-08-12 14:00:00,140.69999999999993
2022-08-12 15:00:00,139.34999999999994
2022-08-12 16:00:00,138.89999999999995
2022-08-12 17:00:00,141.14999999999995
2022-08-12 18:00:00,141.14999999999995
2022-08-15 09:00:00,138.74999999999994
2022-08-15 10:00:00,138.44999999999993
2022-08-15 11:00:00,138.74999999999994
2022-08-15 12:00:00,137.39999999999995
2022-08-15 13:00:00,137.5999999999999
2022-08-15 14:00:00,139.19999999999993
2022-08-15 15:00:00,137.39999999999995
2022-08-15 16:00:00,138.99999999999994
2022-08-15 17:00:00,139.79999999999995
2022-08-15 18:00:00,140.14999999999992
2022-08-16 09:00:00,136.89999999999995
2022-08-16 10:00:00,137.8499999999999
2022-08-16 11:00:00,137.89999999999992
2022-08-16 12:00:00,138.44999999999993
2022-08-16 13:00:00,138.69999999999993
2022-08-16 14:00:00,137.39999999999995
2022-08-16 15:00:00,136.19999999999993
2022-08-16 16:00:00,134.19999999999993
2022-08-16 17:00:00,134.64999999999995
2022-08-16 18:00:00,133.94999999999996
2022-08-17 09:00:00,136.04999999999993
2022-08-17 10:00:00,135.09999999999994
2022-08-17 11:00:00,134.24999999999997
2022-08-17 12:00:00,133.39999999999995
2022-08-17 13:00:00,132.84999999999994
2022-08-17 14:00:00,134.54999999999993
2022-08-17 15:00:00,135.64999999999995
2022-08-17 16:00:00,134.04999999999993
2022-08-17 17:00:00,133.49999999999991
2022-08-17 18:00:00,133.1999999999999
2022-08-18 09:00:00,133.04999999999995
2022-08-18 10:00:00,134.34999999999994
2022-08-18 11:00:00,133.99999999999997
2022-08-18 12:00:00,134.09999999999994
2022-08-18 13:00:00,131.89999999999992
2022-08-18 14:00:00,133.1999999999999
2022-08-18 15:00:00,131.04999999999995
2022-08-18 16:00:00,130.49999999999994
2022-08-18 17:00:00,130.54999999999993
2022-08-18 18:00:00,129.89999999999998
2022-08-19 09:00:00,131.14999999999995
2022-08-19 10:00:00,132.04999999999993
2022-08-19 11:00:00,130.99999999999994
2022-08-19 12:00:00,130.14999999999992
2022-08-19 13:00:00,130.94999999999993
2022-08-19 14:00:00,130.44999999999993
2022-08-19 15:00:00,130.14999999999992
2022-08-19 16:00:00,131.09999999999994
2022-08-19 17:00:00,131.5999999999999
2022-08-19 18:00:00,131.69999999999996
2022-08-22 09:00:00,129.89999999999998
2022-08-22 10:00:00,130.89999999999995
2022-08-22 11:00:00,131.14999999999995
2022-08-22 12:00:00,133.64999999999995
2022-08-22 13:00:00,138.84999999999994
2022-08-22 14:00:00,138.99999999999994
2022-08-22 15:00:00,139.34999999999994
2022-08-22 16:00:00,139.64999999999995
2022-08-22 17:00:00,138.39999999999998
2022-08-22 18:00:00,138.69999999999993
2022-08-23 09:00:00,142.54999999999993
2022-08-23 10:00:00,142.24999999999991
2022-08-23 11:00:00,140.69999999999993
2022-08-23 12:00:00,138.94999999999993
2022-08-23 13:00:00,139.94999999999996
2022-08-23 14:00:00,140.29999999999993
2022-08-23 15:00:00,143.44999999999993
2022-08-23 16:00:00,145.44999999999993
2022-08-23 17:00:00,145.89999999999995
2022-08-23 18:00:00,146.19999999999996
2022-08-24 09:00:00,148.49999999999997
2022-08-24 10:00:00,149.74999999999994
2022-08-24 11:00:00,149.19999999999993
2022-08-24 12:00:00,149.84999999999994
2022-08-24 13:00:00,150.0999999999999
2022-08-24 14:00:00,154.44999999999996
2022-08-24 15:00:00,155.14999999999992
2022-08-24 16:00:00,155.39999999999995
2022-08-24 17:00:00,157.79999999999993
2022-08-24 18:00:00,158.04999999999995
2022-08-25 09:00:00,155.89999999999995
2022-08-25 10:00:00,156.04999999999995
2022-08-25 11:00:00,155.49999999999994
2022-08-25 12:00:00,156.89999999999992
2022-08-25 13:00:00,156.64999999999992
2022-08-25 14:00:00,158.24999999999994
2022-08-25 15:00:00,160.54999999999995
2022-08-25 16:00:00,157.39999999999995
2022-08-25 17:00:00,157.44999999999993
2022-08-25 18:00:00,156.84999999999997
2022-08-26 09:00:00,156.89999999999992
2022-08-26 10:00:00,156.79999999999993
2022-08-26 11:00:00,156.99999999999997
2022-08-26 12:00:00,156.84999999999997
2022-08-26 13:00:00,156.04999999999995
2022-08-26 14:00:00,158.99999999999997
2022-08-26 15:00:00,156.1999999999999
2022-08-26 16:00:00,157.34999999999994
2022-08-26 17:00:00,156.99999999999997
2022-08-26 18:00:00,157.14999999999992
2022-08-29 12:00:00,151.69999999999993
2022-08-29 13:00:00,155.39999999999995
2022-08-29 14:00:00,154.69999999999996
2022-08-29 15:00:00,154.74999999999991
2022-08-29 16:00:00,156.1999999999999
2022-08-29 17:00:00,154.84999999999997
2022-08-29 18:00:00,154.29999999999995
2022-08-30 09:00:00,155.04999999999993
2022-08-30 10:00:00,154.3499999999999
2022-08-30 11:00:00,153.49999999999994
2022-08-30 12:00:00,156.54999999999995
2022-08-30 13:00:00,156.2999999999999
2022-08-30 14:00:00,154.69999999999996
2022-08-30 15:00:00,153.94999999999993
2022-08-30 16:00:00,153.49999999999994
2022-08-30 17:00:00,153.54999999999993
2022-08-30 18:00:00,153.19999999999993
2022-08-31 09:00:00,153.54999999999993
2022-08-31 10:00:00,154.39999999999995
2022-08-31 11:00:00,152.99999999999997
2022-08-31 12:00:00,153.94999999999993
2022-08-31 13:00:00,153.24999999999994
2022-08-31 14:00:00,154.64999999999992
2022-08-31 15:00:00,153.74999999999994
2022-08-31 16:00:00,152.69999999999996
2022-08-31 17:00:00,153.39999999999995
2022-08-31 18:00:00,153.59999999999994
2022-09-01 09:00:00,152.69999999999996
2022-09-01 10:00:00,153.29999999999993
2022-09-01 11:00:00,152.39999999999995
2022-09-01 12:00:00,151.9499999999999
2022-09-01 13:00:00,151.59999999999994
2022-09-01 14:00:00,154.29999999999995
2022-09-01 15:00:00,151.84999999999994
2022-09-01 16:00:00,150.59999999999997
2022-09-01 17:00:00,150.79999999999993
2022-09-01 18:00:00,150.84999999999994
2022-09-02 09:00:00,151.69999999999993
2022-09-02 10:00:00,151.34999999999994
2022-09-02 11:00:00,150.94999999999993
2022-09-02 12:00:00,150.59999999999997
2022-09-02 13:00:00,148.64999999999992
2022-09-02 14:00:00,150.44999999999996
2022-09-02 15:00:00,148.94999999999993
2022-09-02 16:00:00,148.44999999999996
2022-09-02 17:00:00,146.84999999999994
2022-09-02 18:00:00,146.34999999999997
2022-09-02 23:00:00,146.89999999999995
2022-09-06 09:00:00,147.14999999999995
2022-09-06 10:00:00,148.0999999999999
2022-09-06 11:00:00,147.29999999999993
2022-09-06 12:00:00,146.59999999999994
2022-09-06 13:00:00,148.79999999999993
2022-09-06 14:00:00,146.39999999999992
2022-09-06 15:00:00,147.44999999999993
2022-09-06 16:00:00,148.99999999999994
2022-09-06 17:00:00,147.69999999999993
2022-09-06 18:00:00,147.24999999999994
2022-09-07 09:00:00,147.39999999999995
2022-09-07 10:00:00,147.34999999999994
2022-09-07 11:00:00,145.6999999999999
2022-09-07 12:00:00,144.24999999999991
2022-09-07 13:00:00,144.84999999999994
2022-09-07 14:00:00,144.29999999999993
2022-09-07 15:00:00,144.04999999999995
2022-09-07 16:00:00,143.04999999999993
2022-09-07 17:00:00,141.64999999999995
2022-09-07 18:00:00,141.49999999999994
2022-09-08 09:00:00,142.24999999999991
2022-09-08 10:00:00,141.79999999999995
2022-09-08 11:00:00,141.24999999999994
2022-09-08 12:00:00,140.89999999999995
2022-09-08 13:00:00,142.09999999999997
2022-09-08 14:00:00,144.19999999999996
2022-09-08 15:00:00,142.14999999999992
2022-09-08 16:00:00,139.19999999999993
2022-09-08 17:00:00,140.44999999999993
2022-09-08 18:00:00,141.39999999999995
2022-09-09 09:00:00,143.99999999999991
2022-09-09 10:00:00,143.49999999999994
2022-09-09 11:00:00,143.09999999999994
2022-09-09 12:00:00,143.19999999999993
2022-09-09 13:00:00,142.84999999999994
2022-09-09 14:00:00,145.19999999999993
2022-09-09 15:00:00,147.24999999999994
2022-09-09 16:00:00,146.54999999999993
2022-09-09 17:00:00,146.69999999999993
2022-09-09 18:00:00,147.89999999999995
2022-09-12 09:00:00,147.09999999999994
2022-09-12 10:00:00,146.79999999999993
2022-09-12 11:00:00,147.14999999999995
2022-09-12 12:00:00,146.59999999999994
2022-09-12 13:00:00,144.29999999999993
2022-09-12 14:00:00,143.74999999999994
2022-09-12 15:00:00,143.09999999999994
2022-09-12 16:00:00,143.14999999999995
2022-09-12 17:00:00,142.89999999999995
2022-09-12 18:00:00,143.29999999999993
2022-09-13 09:00:00,143.89999999999995
2022-09-13 10:00:00,142.69999999999993
2022-09-13 11:00:00,142.29999999999993
2022-09-13 12:00:00,143.09999999999994
2022-09-13 13:00:00,140.04999999999993
2022-09-13 14:00:00,138.39999999999998
2022-09-13 15:00:00,136.39999999999998
2022-09-13 16:00:00,137.14999999999995
2022-09-13 17:00:00,138.34999999999994
2022-09-13 18:00:00,139.34999999999994
2022-09-14 09:00:00,138.14999999999992
2022-09-14 10:00:00,139.14999999999995
2022-09-14 11:00:00,139.39999999999995
2022-09-14 12:00:00,137.5999999999999
2022-09-14 13:00:00,134.84999999999994
2022-09-14 14:00:00,134.34999999999994
2022-09-14 15:00:00,133.49999999999991
2022-09-14 16:00:00,132.29999999999993
2022-09-14 17:00:00,133.14999999999995
2022-09-14 18:00:00,133.69999999999996
2022-09-15 09:00:00,134.04999999999993
2022-09-15 10:00:00,133.64999999999995
2022-09-15 11:00:00,133.84999999999997
2022-09-15 12:00:00,134.39999999999995
2022-09-15 13:00:00,134.04999999999993
2022-09-15 14:00:00,135.19999999999993
2022-09-15 15:00:00,134.19999999999993
2022-09-15 16:00:00,133.99999999999997
2022-09-15 17:00:00,134.59999999999994
2022-09-15 18:00:00,135.44999999999996
2022-09-16 09:00:00,130.39999999999995
2022-09-16 10:00:00,132.29999999999993
2022-09-16 11:00:00,131.94999999999993
2022-09-16 12:00:00,131.94999999999993
2022-09-16 13:00:00,130.69999999999993
2022-09-16 14:00:00,131.2999999999999
2022-09-16 15:00:00,133.09999999999994
2022-09-16 16:00:00,133.49999999999991
2022-09-16 17:00:00,133.39999999999995
2022-09-16 18:00:00,133.99999999999997
2022-09-19 12:00:00,131.94999999999993
2022-09-19 13:00:00,133.49999999999991
2022-09-19 14:00:00,131.44999999999996
2022-09-19 15:00:00,134.09999999999994
2022-09-19 16:00:00,136.99999999999994
2022-09-19 17:00:00,139.54999999999995
2022-09-19 18:00:00,139.99999999999991
2022-09-20 09:00:00,140.44999999999993
2022-09-20 10:00:00,140.34999999999994
2022-09-20 11:00:00,140.09999999999997
2022-09-20 12:00:00,139.04999999999993
2022-09-20 13:00:00,141.89999999999995
2022-09-20 14:00:00,141.99999999999991
2022-09-20 15:00:00,143.09999999999994
2022-09-20 16:00:00,142.69999999999993
2022-09-20 17:00:00,143.89999999999995
2022-09-20 18:00:00,143.6999999999999
2022-09-21 09:00:00,143.04999999999993
2022-09-21 10:00:00,142.19999999999996
2022-09-21 11:00:00,142.89999999999995
2022-09-21 12:00:00,142.84999999999994
2022-09-21 13:00:00,140.79999999999993
2022-09-21 14:00:00,138.69999999999993
2022-09-21 15:00:00,138.19999999999993
2022-09-21 16:00:00,139.29999999999993
2022-09-21 17:00:00,139.24999999999994
2022-09-21 18:00:00,139.34999999999994
2022-09-22 09:00:00,140.64999999999992
2022-09-22 10:00:00,138.14999999999992
2022-09-22 11:00:00,136.54999999999993
2022-09-22 12:00:00,137.09999999999994
2022-09-22 13:00:00,140.59999999999994
2022-09-22 14:00:00,139.79999999999995
2022-09-22 15:00:00,137.49999999999994
2022-09-22 16:00:00,140.49999999999997
2022-09-22 17:00:00,141.89999999999995
2022-09-22 18:00:00,141.59999999999994
2022-09-22 23:00:00,141.64999999999995
2022-09-23 09:15:00,140.29999999999993
2022-09-23 10:00:00,141.39999999999995
2022-09-23 11:00:00,140.59999999999994
2022-09-23 12:00:00,139.59999999999994
2022-09-23 13:00:00,136.04999999999993
2022-09-23 14:00:00,138.19999999999993
2022-09-23 15:00:00,136.39999999999998
2022-09-23 16:00:00,136.49999999999994
2022-09-23 17:00:00,138.79999999999993
2022-09-23 18:00:00,138.19999999999993
2022-09-23 23:00:00,138.54999999999993
2022-09-26 09:15:00,137.6999999999999
2022-09-26 10:00:00,137.4499999999999
2022-09-26 11:00:00,138.49999999999994
2022-09-26 12:00:00,138.04999999999993
2022-09-26 13:00:00,145.29999999999993
2022-09-26 14:00:00,148.84999999999994
2022-09-26 15:00:00,145.84999999999994
2022-09-26 16:00:00,141.64999999999995
2022-09-26 17:00:00,141.54999999999995
2022-09-26 18:00:00,140.49999999999997
2022-09-26 23:00:00,141.89999999999995
2022-09-27 09:15:00,144.24999999999991
2022-09-27 10:00:00,143.8499999999999
2022-09-27 11:00:00,143.29999999999993
2022-09-27 12:00:00,144.44999999999993
2022-09-27 13:00:00,145.74999999999994
2022-09-27 14:00:00,144.89999999999995
2022-09-27 15:00:00,142.34999999999997
2022-09-27 16:00:00,143.09999999999994
2022-09-27 17:00:00,142.29999999999993
2022-09-27 18:00:00,142.09999999999997
2022-09-27 23:00:00,142.44999999999993
2022-09-28 09:15:00,139.94999999999996
2022-09-28 10:00:00,140.59999999999994
2022-09-28 11:00:00,141.39999999999995
2022-09-28 12:00:00,139.29999999999993
2022-09-28 13:00:00,140.84999999999994
2022-09-28 14:00:00,144.79999999999993
2022-09-28 15:00:00,145.34999999999994
2022-09-28 16:00:00,146.84999999999994
2022-09-28 17:00:00,146.69999999999993
2022-09-28 18:00:00,145.94999999999996
2022-09-28 23:00:00,146.79999999999993
2022-09-29 09:15:00,146.34999999999997
2022-09-29 10:00:00,146.79999999999993
2022-09-29 11:00:00,146.89999999999995
2022-09-29 12:00:00,146.69999999999993
2022-09-29 13:00:00,143.8499999999999
2022-09-29 14:00:00,144.49999999999997
2022-09-29 15:00:00,144.44999999999993
2022-09-29 16:00:00,144.24999999999991
2022-09-29 17:00:00,143.49999999999994
2022-09-29 18:00:00,143.89999999999995
2022-09-29 23:00:00,143.7999999999999
2022-09-30 09:15:00,142.99999999999994
2022-09-30 10:00:00,143.34999999999994
2022-09-30 11:00:00,142.29999999999993
2022-09-30 12:00:00,141.99999999999991
2022-09-30 13:00:00,141.49999999999994
2022-09-30 14:00:00,141.64999999999995
2022-09-30 15:00:00,141.44999999999993
2022-09-30 16:00:00,140.34999999999994
2022-09-30 17:00:00,139.6999999999999
2022-09-30 18:00:00,139.04999999999993
2022-09-30 23:00:00,139.64999999999995
2022-10-03 09:15:00,139.64999999999995
2022-10-03 10:00:00,138.49999999999994
2022-10-03 11:00:00,138.69999999999993
2022-10-03 12:00:00,137.99999999999991
2022-10-03 13:00:00,136.49999999999994
2022-10-03 14:00:00,134.19999999999993
2022-10-03 15:00:00,135.39999999999995
2022-10-03 16:00:00,133.79999999999993
2022-10-03 17:00:00,133.99999999999997
2022-10-03 18:00:00,133.64999999999995
2022-10-03 23:00:00,133.84999999999997
2022-10-04 09:15:00,135.89999999999992
2022-10-04 10:00:00,136.19999999999993
2022-10-04 11:00:00,136.79999999999993
2022-10-04 12:00:00,136.64999999999995
2022-10-04 13:00:00,139.4499999999999
2022-10-04 14:00:00,137.19999999999993
2022-10-04 15:00:00,137.34999999999994
2022-10-04 16:00:00,136.74999999999994
2022-10-04 17:00:00,136.49999999999994
2022-10-04 18:00:00,135.84999999999997
2022-10-04 23:00:00,137.39999999999995
2022-10-05 09:15:00,136.89999999999995
2022-10-05 10:00:00,137.5999999999999
2022-10-05 11:00:00,137.19999999999993
2022-10-05 12:00:00,139.19999999999993
2022-10-05 13:00:00,141.64999999999995
2022-10-05 14:00:00,143.14999999999995
2022-10-05 15:00:00,143.09999999999994
2022-10-05 16:00:00,143.74999999999994
2022-10-05 17:00:00,142.99999999999994
2022-10-05 18:00:00,143.34999999999994
2022-10-05 23:00:00,142.74999999999994
2022-10-06 09:15:00,142.79999999999993
2022-10-06 10:00:00,143.7999999999999
2022-10-06 11:00:00,143.39999999999995
2022-10-06 12:00:00,143.04999999999993
2022-10-06 13:00:00,140.19999999999996
2022-10-06 14:00:00,137.8499999999999
2022-10-06 15:00:00,137.54999999999995
2022-10-06 16:00:00,135.84999999999997
2022-10-06 17:00:00,135.49999999999994
2022-10-06 18:00:00,135.04999999999995
2022-10-06 23:00:00,135.79999999999995
2022-10-07 09:15:00,135.79999999999995
2022-10-07 10:00:00,136.09999999999997
2022-10-07 11:00:00,135.89999999999992
2022-10-07 12:00:00,136.19999999999993
2022-10-07 13:00:00,133.54999999999995
2022-10-07 14:00:00,133.39999999999995
2022-10-07 15:00:00,134.94999999999993
2022-10-07 16:00:00,137.6999999999999
2022-10-07 17:00:00,135.54999999999995
2022-10-07 18:00:00,135.34999999999994
2022-10-07 23:00:00,136.19999999999993
2022-10-10 09:15:00,135.44999999999996
2022-10-10 10:00:00,137.14999999999995
2022-10-10 11:00:00,136.69999999999993
2022-10-10 12:00:00,134.99999999999994
2022-10-10 13:00:00,136.54999999999993
2022-10-10 14:00:00,135.69999999999996
2022-10-10 15:00:00,134.99999999999994
2022-10-10 16:00:00,135.74999999999991
2022-10-10 17:00:00,135.19999999999993
2022-10-10 18:00:00,134.59999999999994
2022-10-10 23:00:00,135.54999999999995
2022-10-11 09:15:00,133.79999999999993
2022-10-11 10:00:00,135.34999999999994
2022-10-11 11:00:00,135.19999999999993
2022-10-11 12:00:00,135.39999999999995
2022-10-11 13:00:00,135.44999999999996
2022-10-11 14:00:00,135.79999999999995
2022-10-11 15:00:00,137.74999999999991
2022-10-11 16:00:00,136.79999999999993
2022-10-11 17:00:00,135.39999999999995
2022-10-11 18:00:00,135.09999999999994
2022-10-11 23:00:00,135.94999999999996
2022-10-12 09:15:00,136.44999999999993
2022-10-12 10:00:00,136.79999999999993
2022-10-12 11:00:00,135.44999999999996
2022-10-12 12:00:00,132.99999999999994
2022-10-12 13:00:00,130.09999999999994
2022-10-12 14:00:00,129.14999999999995
2022-10-12 15:00:00,129.29999999999995
2022-10-12 16:00:00,128.34999999999994
2022-10-12 17:00:00,127.59999999999997
2022-10-12 18:00:00,127.39999999999995
2022-10-12 23:00:00,127.84999999999994
2022-10-13 09:15:00,126.19999999999993
2022-10-13 10:00:00,127.24999999999991
2022-10-13 11:00:00,127.14999999999995
2022-10-13 12:00:00,125.59999999999997
2022-10-13 13:00:00,121.64999999999992
2022-10-13 14:00:00,122.04999999999993
2022-10-13 15:00:00,120.89999999999995
2022-10-13 16:00:00,120.19999999999993
2022-10-13 17:00:00,119.44999999999993
2022-10-13 18:00:00,119.74999999999994
2022-10-13 23:00:00,120.24999999999994
2022-10-14 09:15:00,119.99999999999994
2022-10-14 10:00:00,119.54999999999993
2022-10-14 11:00:00,120.54999999999995
2022-10-14 12:00:00,118.54999999999995
2022-10-14 13:00:00,118.74999999999994
2022-10-14 14:00:00,117.54999999999993
2022-10-14 15:00:00,116.69999999999993
2022-10-14 16:00:00,114.19999999999993
2022-10-14 17:00:00,115.44999999999993
2022-10-14 18:00:00,115.39999999999995
2022-10-14 23:00:00,114.79999999999993
2022-10-17 09:15:00,115.99999999999994
2022-10-17 10:00:00,116.54999999999993
2022-10-17 11:00:00,117.19999999999993
2022-10-17 12:00:00,116.79999999999993
2022-10-17 13:00:00,116.04999999999995
2022-10-17 14:00:00,115.09999999999994
2022-10-17 15:00:00,115.99999999999994
2022-10-17 16:00:00,112.29999999999993
2022-10-17 17:00:00,113.99999999999994
2022-10-17 18:00:00,114.24999999999994
2022-10-17 23:00:00,113.64999999999995
2022-10-18 09:15:00,114.29999999999993
2022-10-18 10:00:00,114.04999999999993
2022-10-18 11:00:00,113.34999999999994
2022-10-18 12:00:00,112.94999999999993
2022-10-18 13:00:00,114.04999999999993
2022-10-18 14:00:00,112.69999999999993
2022-10-18 15:00:00,114.74999999999991
2022-10-18 16:00:00,114.29999999999993
2022-10-18 17:00:00,112.69999999999993
2022-10-18 18:00:00,112.64999999999995
2022-10-18 23:00:00,113.19999999999993
2022-10-19 09:15:00,113.89999999999995
2022-10-19 10:00:00,114.09999999999994
2022-10-19 11:00:00,113.39999999999995
2022-10-19 12:00:00,112.94999999999993
2022-10-19 13:00:00,113.24999999999994
2022-10-19 14:00:00,112.04999999999993
2022-10-19 15:00:00,111.44999999999993
2022-10-19 16:00:00,109.24999999999994
2022-10-19 17:00:00,108.84999999999994
2022-10-19 18:00:00,108.89999999999995
2022-10-19 23:00:00,110.39999999999995
2022-10-20 09:15:00,110.29999999999993
2022-10-20 10:00:00,110.44999999999993
2022-10-20 11:00:00,110.74999999999994
2022-10-20 12:00:00,110.24999999999994
2022-10-20 13:00:00,108.39999999999995
2022-10-20 14:00:00,109.29999999999993
2022-10-20 15:00:00,108.49999999999994
2022-10-20 16:00:00,111.64999999999995
2022-10-20 17:00:00,107.54999999999995
2022-10-20 18:00:00,106.54999999999995
2022-10-20 23:00:00,109.14999999999995
2022-10-21 09:15:00,107.19999999999993
2022-10-21 10:00:00,106.74999999999994
2022-10-21 11:00:00,106.74999999999994
2022-10-21 12:00:00,105.24999999999994
2022-10-21 13:00:00,105.99999999999994
2022-10-21 14:00:00,109.09999999999994
2022-10-21 15:00:00,109.04999999999993
2022-10-21 16:00:00,109.09999999999994
2022-10-21 17:00:00,108.59999999999994
2022-10-21 18:00:00,107.04999999999993
2022-10-21 23:00:00,108.99999999999994
2022-10-24 09:15:00,109.14999999999995
2022-10-24 10:00:00,111.69999999999993
2022-10-24 11:00:00,111.44999999999993
2022-10-24 12:00:00,112.09999999999994
2022-10-24 13:00:00,110.54999999999995
2022-10-24 14:00:00,110.39999999999995
2022-10-24 15:00:00,109.94999999999996
2022-10-24 16:00:00,108.29999999999993
2022-10-24 17:00:00,109.09999999999994
2022-10-24 18:00:00,109.59999999999994
2022-10-24 23:00:00,108.49999999999994
2022-10-25 09:15:00,110.39999999999995
2022-10-25 10:00:00,109.24999999999994
2022-10-25 11:00:00,106.84999999999994
2022-10-25 12:00:00,105.59999999999994
2022-10-25 13:00:00,104.49999999999994
2022-10-25 14:00:00,103.44999999999993
2022-10-25 15:00:00,101.79999999999993
2022-10-25 16:00:00,103.34999999999994
2022-10-25 17:00:00,103.24999999999994
2022-10-25 18:00:00,102.34999999999994
2022-10-25 23:00:00,103.89999999999995
2022-10-26 09:15:00,101.69999999999993
2022-10-26 10:00:00,99.99999999999994
2022-10-26 11:00:00,101.54999999999993
2022-10-26 12:00:00,101.34999999999994
2022-10-26 13:00:00,100.89999999999995
2022-10-26 14:00:00,99.64999999999992
2022-10-26 15:00:00,99.54999999999993
2022-10-26 16:00:00,98.34999999999994
2022-10-26 17:00:00,97.34999999999994
2022-10-26 18:00:00,97.74999999999994
2022-10-26 23:00:00,97.84999999999994
2022-10-27 09:15:00,98.49999999999994
2022-10-27 10:00:00,98.14999999999995
2022-10-27 11:00:00,97.94999999999993
2022-10-27 12:00:00,97.74999999999994
2022-10-27 13:00:00,100.09999999999994
2022-10-27 14:00:00,98.59999999999994
2022-10-27 15:00:00,98.34999999999994
2022-10-27 16:00:00,97.39999999999995
2022-10-27 17:00:00,96.79999999999993
2022-10-27 18:00:00,96.39999999999995
2022-10-27 23:00:00,96.94999999999993
2022-10-28 09:15:00,96.44999999999996
2022-10-28 10:00:00,95.19999999999993
2022-10-28 11:00:00,97.19999999999993
2022-10-28 12:00:00,96.29999999999993
2022-10-28 13:00:00,93.29999999999993
2022-10-28 14:00:00,91.49999999999994
2022-10-28 15:00:00,88.69999999999993
2022-10-28 16:00:00,89.79999999999993
2022-10-28 17:00:00,89.29999999999993
2022-10-28 18:00:00,90.54999999999993
2022-10-28 23:00:00,87.89999999999995
2022-10-31 09:00:00,91.49999999999994
2022-10-31 10:00:00,92.44999999999993
2022-10-31 11:00:00,92.39999999999992
2022-10-31 12:00:00,92.94999999999993
2022-10-31 13:00:00,94.34999999999994
2022-10-31 14:00:00,92.64999999999992
2022-10-31 15:00:00,93.64999999999995
2022-10-31 16:00:00,94.79999999999993
2022-10-31 17:00:00,94.19999999999993
2022-10-31 23:00:00,94.74999999999991
2022-11-01 09:00:00,93.64999999999995
2022-11-01 10:00:00,93.74999999999991
2022-11-01 11:00:00,97.19999999999993
2022-11-01 12:00:00,94.39999999999992
2022-11-01 13:00:00,94.59999999999994
2022-11-01 14:00:00,93.74999999999991
2022-11-01 15:00:00,91.04999999999993
2022-11-01 16:00:00,91.14999999999992
2022-11-01 17:00:00,91.44999999999993
2022-11-01 23:00:00,90.89999999999992
2022-11-02 09:00:00,93.59999999999994
2022-11-02 10:00:00,93.34999999999994
2022-11-02 11:00:00,93.54999999999993
2022-11-02 12:00:00,96.44999999999993
2022-11-02 13:00:00,97.19999999999993
2022-11-02 14:00:00,96.59999999999994
2022-11-02 15:00:00,95.39999999999992
2022-11-02 16:00:00,97.19999999999993
2022-11-02 17:00:00,97.24999999999994
2022-11-02 23:00:00,97.64999999999995
2022-11-03 09:00:00,93.09999999999994
2022-11-03 10:00:00,92.79999999999993
2022-11-03 11:00:00,91.44999999999993
2022-11-03 12:00:00,89.94999999999993
2022-11-03 13:00:00,88.39999999999992
2022-11-03 14:00:00,88.04999999999993
2022-11-03 15:00:00,87.39999999999992
2022-11-03 16:00:00,88.69999999999993
2022-11-03 17:00:00,89.49999999999994
2022-11-03 23:00:00,89.04999999999993
2022-11-04 09:00:00,92.84999999999994
2022-11-04 10:00:00,93.19999999999993
2022-11-04 11:00:00,92.54999999999993
2022-11-04 12:00:00,92.49999999999994
2022-11-04 13:00:00,91.69999999999993
2022-11-04 14:00:00,92.94999999999993
2022-11-04 15:00:00,94.24999999999994
2022-11-04 16:00:00,92.64999999999992
2022-11-04 17:00:00,92.29999999999993
2022-11-04 23:00:00,92.34999999999991
2022-11-07 09:15:00,91.44999999999993
2022-11-07 10:00:00,88.84999999999994
2022-11-07 11:00:00,88.44999999999993
2022-11-07 12:00:00,87.94999999999993
2022-11-07 13:00:00,87.79999999999993
2022-11-07 14:00:00,86.09999999999994
2022-11-07 15:00:00,84.84999999999994
2022-11-07 16:00:00,84.84999999999994
2022-11-07 17:00:00,87.49999999999994
2022-11-07 18:00:00,87.74999999999994
2022-11-07 23:00:00,86.74999999999994
2022-11-08 09:15:00,86.69999999999993
2022-11-08 10:00:00,85.74999999999994
2022-11-08 11:00:00,85.59999999999994
2022-11-08 12:00:00,84.44999999999993
2022-11-08 13:00:00,83.84999999999994
2022-11-08 14:00:00,82.94999999999993
2022-11-08 15:00:00,82.99999999999994
2022-11-08 16:00:00,85.64999999999992
2022-11-08 17:00:00,83.79999999999993
2022-11-08 18:00:00,83.64999999999992
2022-11-08 23:00:00,84.84999999999994
2022-11-09 09:15:00,85.34999999999994
2022-11-09 10:00:00,85.69999999999993
2022-11-09 11:00:00,85.29999999999993
2022-11-09 12:00:00,85.19999999999993
2022-11-09 13:00:00,85.84999999999994
2022-11-09 14:00:00,84.09999999999994
2022-11-09 15:00:00,82.84999999999994
2022-11-09 16:00:00,84.29999999999993
2022-11-09 17:00:00,83.19999999999993
2022-11-09 18:00:00,82.89999999999992
2022-11-09 23:00:00,83.04999999999993
2022-11-10 09:15:00,83.59999999999994
2022-11-10 10:00:00,82.99999999999994
2022-11-10 11:00:00,82.79999999999993
2022-11-10 12:00:00,81.74999999999994
2022-11-10 13:00:00,82.39999999999992
2022-11-10 14:00:00,83.34999999999994
2022-11-10 15:00:00,83.34999999999994
2022-11-10 16:00:00,88.19999999999993
2022-11-10 17:00:00,87.34999999999994
2022-11-10 18:00:00,87.74999999999994
2022-11-10 23:00:00,88.39999999999992
2022-11-11 09:15:00,88.04999999999993
2022-11-11 10:00:00,88.64999999999992
2022-11-11 11:00:00,88.14999999999995
2022-11-11 12:00:00,89.09999999999994
2022-11-11 13:00:00,88.99999999999994
2022-11-11 14:00:00,88.99999999999994
2022-11-11 15:00:00,90.59999999999994
2022-11-11 16:00:00,88.69999999999993
2022-11-11 17:00:00,88.59999999999994
2022-11-11 18:00:00,88.09999999999994
2022-11-11 23:00:00,88.79999999999993
2022-11-14 09:15:00,85.44999999999993
2022-11-14 10:00:00,84.89999999999992
2022-11-14 11:00:00,84.64999999999992
2022-11-14 12:00:00,84.99999999999994
2022-11-14 13:00:00,85.44999999999993
2022-11-14 14:00:00,85.99999999999994
2022-11-14 15:00:00,87.99999999999994
2022-11-14 16:00:00,87.79999999999993
2022-11-14 17:00:00,88.04999999999993
2022-11-14 18:00:00,87.64999999999992
2022-11-14 23:00:00,87.59999999999994
2022-11-15 09:15:00,86.74999999999994
2022-11-15 10:00:00,85.99999999999994
2022-11-15 11:00:00,85.89999999999992
2022-11-15 12:00:00,84.94999999999993
2022-11-15 13:00:00,79.44999999999993
2022-11-15 14:00:00,79.99999999999994
2022-11-15 15:00:00,79.24999999999991
2022-11-15 16:00:00,78.99999999999994
2022-11-15 17:00:00,81.19999999999993
2022-11-15 18:00:00,81.79999999999993
2022-11-15 23:00:00,80.19999999999993
2022-11-16 09:15:00,82.39999999999992
2022-11-16 10:00:00,82.19999999999993
2022-11-16 11:00:00,81.04999999999993
2022-11-16 12:00:00,81.34999999999994
2022-11-16 13:00:00,81.99999999999994
2022-11-16 14:00:00,79.79999999999993
2022-11-16 15:00:00,78.09999999999994
2022-11-16 16:00:00,79.39999999999992
2022-11-16 17:00:00,78.99999999999994
2022-11-16 18:00:00,78.69999999999993
2022-11-16 23:00:00,79.09999999999994
2022-11-17 09:15:00,78.54999999999993
2022-11-17 10:00:00,77.19999999999993
2022-11-17 11:00:00,76.34999999999994
2022-11-17 12:00:00,76.94999999999993
2022-11-17 13:00:00,75.39999999999992
2022-11-17 14:00:00,78.09999999999994
2022-11-17 15:00:00,76.19999999999993
2022-11-17 16:00:00,77.19999999999993
2022-11-17 17:00:00,76.99999999999994
2022-11-17 18:00:00,76.74999999999994
2022-11-17 23:00:00,77.04999999999993
2022-11-18 09:15:00,78.34999999999994
2022-11-18 10:00:00,78.94999999999993
2022-11-18 11:00:00,79.94999999999993
2022-11-18 12:00:00,79.19999999999993
2022-11-18 13:00:00,79.59999999999994
2022-11-18 14:00:00,77.89999999999992
2022-11-18 15:00:00,77.39999999999992
2022-11-18 16:00:00,76.09999999999994
2022-11-18 17:00:00,75.69999999999993
2022-11-18 18:00:00,76.34999999999994
2022-11-18 23:00:00,75.79999999999993
2022-11-21 09:15:00,75.84999999999994
2022-11-21 10:00:00,76.34999999999994
2022-11-21 11:00:00,77.99999999999994
2022-11-21 12:00:00,77.19999999999993
2022-11-21 13:00:00,80.99999999999994
2022-11-21 14:00:00,80.74999999999994
2022-11-21 15:00:00,80.74999999999994
2022-11-21 16:00:00,81.09999999999994
2022-11-21 17:00:00,80.89999999999992
2022-11-21 18:00:00,81.14999999999995
2022-11-21 23:00:00,81.09999999999994
2022-11-22 09:15:00,81.94999999999993
2022-11-22 10:00:00,82.39999999999992
2022-11-22 11:00:00,82.99999999999994
2022-11-22 12:00:00,84.44999999999993
2022-11-22 13:00:00,83.94999999999993
2022-11-22 14:00:00,84.24999999999991
2022-11-22 15:00:00,84.49999999999994
2022-11-22 16:00:00,84.29999999999993
2022-11-22 17:00:00,85.79999999999993
2022-11-22 18:00:00,85.84999999999994
2022-11-22 23:00:00,85.39999999999992
2022-11-23 09:15:00,86.94999999999993
2022-11-23 10:00:00,87.94999999999993
2022-11-23 11:00:00,87.19999999999993
2022-11-23 12:00:00,85.89999999999992
2022-11-23 13:00:00,83.89999999999992
2022-11-23 14:00:00,82.59999999999994
2022-11-23 15:00:00,83.54999999999993
2022-11-23 16:00:00,83.34999999999994
2022-11-23 17:00:00,83.04999999999993
2022-11-23 18:00:00,83.69999999999993
2022-11-23 23:00:00,83.44999999999993
2022-11-25 09:15:00,85.19999999999993
2022-11-25 10:00:00,84.99999999999994
2022-11-25 11:00:00,84.44999999999993
2022-11-25 12:00:00,85.04999999999993
2022-11-25 13:00:00,84.89999999999992
2022-11-25 14:00:00,85.09999999999994
2022-11-25 15:00:00,87.04999999999993
2022-11-25 16:00:00,86.34999999999994
2022-11-25 17:00:00,85.19999999999993
2022-11-25 18:00:00,85.19999999999993
2022-11-25 23:00:00,85.74999999999994
2022-11-28 09:15:00,82.59999999999994
2022-11-28 10:00:00,83.19999999999993
2022-11-28 11:00:00,83.19999999999993
2022-11-28 12:00:00,82.99999999999994
2022-11-28 13:00:00,81.89999999999992
2022-11-28 14:00:00,82.69999999999993
2022-11-28 15:00:00,84.64999999999992
2022-11-28 16:00:00,83.69999999999993
2022-11-28 17:00:00,83.64999999999992
2022-11-28 18:00:00,83.64999999999992
2022-11-28 23:00:00,83.54999999999993
2022-11-29 09:15:00,83.74999999999994
2022-11-29 10:00:00,84.84999999999994
2022-11-29 11:00:00,86.34999999999994
2022-11-29 12:00:00,88.34999999999994
2022-11-29 13:00:00,89.34999999999994
2022-11-29 14:00:00,89.14999999999995
2022-11-29 15:00:00,89.64999999999992
2022-11-29 16:00:00,89.89999999999992
2022-11-29 17:00:00,89.44999999999993
2022-11-29 18:00:00,89.34999999999994
2022-11-29 23:00:00,89.59999999999994
2022-11-30 09:15:00,90.04999999999993
2022-11-30 10:00:00,90.19999999999993
2022-11-30 11:00:00,90.04999999999993
2022-11-30 12:00:00,90.69999999999993
2022-11-30 13:00:00,89.34999999999994
2022-11-30 14:00:00,89.64999999999992
2022-11-30 15:00:00,90.59999999999994
2022-11-30 16:00:00,91.09999999999994
2022-11-30 17:00:00,90.19999999999993
2022-11-30 18:00:00,90.64999999999992
2022-11-30 23:00:00,90.59999999999994
2022-12-01 09:15:00,90.54999999999993
2022-12-01 10:00:00,92.84999999999994
2022-12-01 11:00:00,92.99999999999994
2022-12-01 12:00:00,92.54999999999993
2022-12-01 13:00:00,94.44999999999993
2022-12-01 14:00:00,87.89999999999992
2022-12-01 15:00:00,86.39999999999992
2022-12-01 16:00:00,86.69999999999993
2022-12-01 17:00:00,86.04999999999993
2022-12-01 18:00:00,85.84999999999994
2022-12-01 23:00:00,86.44999999999993
2022-12-02 09:15:00,83.19999999999993
2022-12-02 10:00:00,85.19999999999993
2022-12-02 11:00:00,84.04999999999993
2022-12-02 12:00:00,84.54999999999993
2022-12-02 13:00:00,83.29999999999993
2022-12-02 14:00:00,84.29999999999993
2022-12-02 15:00:00,84.14999999999995
2022-12-02 16:00:00,82.94999999999993
2022-12-02 17:00:00,82.84999999999994
2022-12-02 18:00:00,82.74999999999994
2022-12-02 23:00:00,83.29999999999993
2022-12-05 09:15:00,84.04999999999993
2022-12-05 10:00:00,83.24999999999991
2022-12-05 11:00:00,83.64999999999992
2022-12-05 12:00:00,84.34999999999994
2022-12-05 13:00:00,84.49999999999994
2022-12-05 14:00:00,83.89999999999992
2022-12-05 15:00:00,84.79999999999993
2022-12-05 16:00:00,83.99999999999994
2022-12-05 17:00:00,83.99999999999994
2022-12-05 18:00:00,84.14999999999995
2022-12-05 23:00:00,83.29999999999993
2022-12-06 09:15:00,83.74999999999994
2022-12-06 10:00:00,83.84999999999994
2022-12-06 11:00:00,84.99999999999994
2022-12-06 12:00:00,86.34999999999994
2022-12-06 13:00:00,84.64999999999992
2022-12-06 14:00:00,86.09999999999994
2022-12-06 15:00:00,86.14999999999995
2022-12-06 16:00:00,85.34999999999994
2022-12-06 17:00:00,84.64999999999992
2022-12-06 18:00:00,84.69999999999993
2022-12-06 23:00:00,84.19999999999993
2022-12-07 09:15:00,84.04999999999993
2022-12-07 10:00:00,84.39999999999992
2022-12-07 11:00:00,84.69999999999993
2022-12-07 12:00:00,85.09999999999994
2022-12-07 13:00:00,84.29999999999993
2022-12-07 14:00:00,83.14999999999995
2022-12-07 15:00:00,82.44999999999993
2022-12-07 16:00:00,80.59999999999994
2022-12-07 17:00:00,80.24999999999991
2022-12-07 18:00:00,80.74999999999994
2022-12-07 23:00:00,80.89999999999992
2022-12-08 09:15:00,81.99999999999994
2022-12-08 10:00:00,82.14999999999995
2022-12-08 11:00:00,82.39999999999992
2022-12-08 12:00:00,81.24999999999991
2022-12-08 13:00:00,78.89999999999992
2022-12-08 14:00:00,79.39999999999992
2022-12-08 15:00:00,78.29999999999993
2022-12-08 16:00:00,79.29999999999993
2022-12-08 17:00:00,79.64999999999992
2022-12-08 18:00:00,80.44999999999993
2022-12-08 23:00:00,79.39999999999992
2022-12-09 09:15:00,78.79999999999993
2022-12-09 10:00:00,78.59999999999994
2022-12-09 11:00:00,79.39999999999992
2022-12-09 12:00:00,79.69999999999993
2022-12-09 13:00:00,79.64999999999992
2022-12-09 14:00:00,80.99999999999994
2022-12-09 15:00:00,79.74999999999994
2022-12-09 16:00:00,79.74999999999994
2022-12-09 17:00:00,78.94999999999993
2022-12-09 18:00:00,78.39999999999992
2022-12-09 23:00:00,78.84999999999991
2022-12-12 09:15:00,77.44999999999993
2022-12-12 10:00:00,76.99999999999994
2022-12-12 11:00:00,76.09999999999994
2022-12-12 12:00:00,77.49999999999994
2022-12-12 13:00:00,82.24999999999991
2022-12-12 14:00:00,85.34999999999994
2022-12-12 15:00:00,86.09999999999994
2022-12-12 16:00:00,87.19999999999993
2022-12-12 17:00:00,87.59999999999994
2022-12-12 18:00:00,87.99999999999994
2022-12-12 23:00:00,87.74999999999994
2022-12-13 09:15:00,86.34999999999994
2022-12-13 10:00:00,87.49999999999994
2022-12-13 11:00:00,87.79999999999993
2022-12-13 12:00:00,87.04999999999993
2022-12-13 13:00:00,88.14999999999995
2022-12-13 14:00:00,89.04999999999993
2022-12-13 15:00:00,88.39999999999992
2022-12-13 16:00:00,88.99999999999994
2022-12-13 17:00:00,89.04999999999993
2022-12-13 18:00:00,89.09999999999994
2022-12-13 23:00:00,88.59999999999994
2022-12-14 09:15:00,88.69999999999993
2022-12-14 10:00:00,89.84999999999994
2022-12-14 11:00:00,88.79999999999993
2022-12-14 12:00:00,89.29999999999993
2022-12-14 13:00:00,88.49999999999994
2022-12-14 14:00:00,87.44999999999993
2022-12-14 15:00:00,88.59999999999994
2022-12-14 16:00:00,89.34999999999994
2022-12-14 17:00:00,88.99999999999994
2022-12-14 18:00:00,88.69999999999993
2022-12-14 23:00:00,88.84999999999994
2022-12-15 09:15:00,88.14999999999995
2022-12-15 10:00:00,88.79999999999993
2022-12-15 11:00:00,89.59999999999994
2022-12-15 12:00:00,90.34999999999991
2022-12-15 13:00:00,91.59999999999994
2022-12-15 14:00:00,93.04999999999993
2022-12-15 15:00:00,93.09999999999994
2022-12-15 16:00:00,92.09999999999994
2022-12-15 17:00:00,93.19999999999993
2022-12-15 18:00:00,92.89999999999992
2022-12-15 23:00:00,92.44999999999993
2022-12-16 09:15:00,93.29999999999993
2022-12-16 10:00:00,91.39999999999992
2022-12-16 11:00:00,89.69999999999993
2022-12-16 12:00:00,91.64999999999992
2022-12-16 13:00:00,91.19999999999993
2022-12-16 14:00:00,90.54999999999993
2022-12-16 15:00:00,84.79999999999993
2022-12-16 16:00:00,84.84999999999994
2022-12-16 17:00:00,85.79999999999993
2022-12-16 18:00:00,86.04999999999993
2022-12-16 23:00:00,85.09999999999994
2022-12-19 09:15:00,87.04999999999993
2022-12-19 10:00:00,86.99999999999994
2022-12-19 11:00:00,86.94999999999993
2022-12-19 12:00:00,85.24999999999991
2022-12-19 13:00:00,85.64999999999992
2022-12-19 14:00:00,84.04999999999993
2022-12-19 15:00:00,84.89999999999992
2022-12-19 16:00:00,85.04999999999993
2022-12-19 17:00:00,84.94999999999993
2022-12-19 18:00:00,85.19999999999993
2022-12-19 23:00:00,84.99999999999994
2022-12-20 09:15:00,85.79999999999993
2022-12-20 10:00:00,85.94999999999993
2022-12-20 11:00:00,86.29999999999993
2022-12-20 12:00:00,86.29999999999993
2022-12-20 13:00:00,87.04999999999993
2022-12-20 14:00:00,89.34999999999994
2022-12-20 15:00:00,89.19999999999993
2022-12-20 16:00:00,88.14999999999995
2022-12-20 17:00:00,89.04999999999993
2022-12-20 18:00:00,89.54999999999993
2022-12-20 23:00:00,88.49999999999994
2022-12-21 09:15:00,89.69999999999993
2022-12-21 10:00:00,89.24999999999994
2022-12-21 11:00:00,88.49999999999994
2022-12-21 12:00:00,89.09999999999994
2022-12-21 13:00:00,88.74999999999994
2022-12-21 14:00:00,90.54999999999993
2022-12-21 15:00:00,89.64999999999992
2022-12-21 16:00:00,89.29999999999993
2022-12-21 17:00:00,90.14999999999992
2022-12-21 18:00:00,89.89999999999992
2022-12-21 23:00:00,90.04999999999993
2022-12-22 09:15:00,89.84999999999994
2022-12-22 10:00:00,89.24999999999994
2022-12-22 11:00:00,88.99999999999994
2022-12-22 12:00:00,88.74999999999994
2022-12-22 13:00:00,88.09999999999994
2022-12-22 14:00:00,89.24999999999994
2022-12-22 15:00:00,89.99999999999994
2022-12-22 16:00:00,89.94999999999993
2022-12-22 17:00:00,89.19999999999993
2022-12-22 18:00:00,89.94999999999993
2022-12-22 23:00:00,89.59999999999994
2022-12-23 09:15:00,91.99999999999994
2022-12-23 10:00:00,91.69999999999993
2022-12-23 11:00:00,91.39999999999992
2022-12-23 12:00:00,91.54999999999993
2022-12-23 13:00:00,92.29999999999993
2022-12-23 14:00:00,92.44999999999993
2022-12-23 15:00:00,91.59999999999994
2022-12-23 16:00:00,92.39999999999992
2022-12-23 17:00:00,92.59999999999994
2022-12-23 18:00:00,92.49999999999994
2022-12-23 23:00:00,92.69999999999993
2022-12-27 12:30:00,89.39999999999992
2022-12-27 13:00:00,90.49999999999994
2022-12-27 14:00:00,90.44999999999993
2022-12-27 15:00:00,89.09999999999994
2022-12-27 16:00:00,87.24999999999994
2022-12-27 17:00:00,87.64999999999992
2022-12-27 18:00:00,87.19999999999993
2022-12-27 23:00:00,87.64999999999992
2022-12-28 09:15:00,88.69999999999993
2022-12-28 10:00:00,88.74999999999994
2022-12-28 11:00:00,89.14999999999995
2022-12-28 12:00:00,89.39999999999992
2022-12-28 13:00:00,91.14999999999992
2022-12-28 14:00:00,90.89999999999992
2022-12-28 15:00:00,91.69999999999993
2022-12-28 16:00:00,94.49999999999994
2022-12-28 17:00:00,94.09999999999994
2022-12-28 18:00:00,94.19999999999993
2022-12-28 23:00:00,94.24999999999994
2022-12-29 09:15:00,93.19999999999993
2022-12-29 10:00:00,93.44999999999993
2022-12-29 11:00:00,91.79999999999993
2022-12-29 12:00:00,92.44999999999993
2022-12-29 13:00:00,92.24999999999994
2022-12-29 14:00:00,91.44999999999993
2022-12-29 15:00:00,90.69999999999993
2022-12-29 16:00:00,90.59999999999994
2022-12-29 17:00:00,91.04999999999993
2022-12-29 18:00:00,90.69999999999993
2022-12-29 23:00:00,90.74999999999991
2022-12-30 09:15:00,91.54999999999993
2022-12-30 10:00:00,92.29999999999993
2022-12-30 11:00:00,92.69999999999993
2022-12-30 12:00:00,92.39999999999992
2022-12-30 13:00:00,92.14999999999992
2022-12-30 14:00:00,88.69999999999993
2022-12-30 15:00:00,86.79999999999993
2022-12-30 16:00:00,86.49999999999994
2022-12-30 17:00:00,88.04999999999993
2022-12-30 18:00:00,87.79999999999993
2022-12-30 23:00:00,87.99999999999994
2023-01-03 09:15:00,86.94999999999993
2023-01-03 10:00:00,86.24999999999994
2023-01-03 11:00:00,86.69999999999993
2023-01-03 12:00:00,87.79999999999993
2023-01-03 13:00:00,87.89999999999992
2023-01-03 14:00:00,90.84999999999994
2023-01-03 15:00:00,88.39999999999992
2023-01-03 16:00:00,86.44999999999993
2023-01-03 17:00:00,86.34999999999994
2023-01-03 18:00:00,86.79999999999993
2023-01-03 23:00:00,86.99999999999994
2023-01-04 09:15:00,86.94999999999993
2023-01-04 10:00:00,86.84999999999994
2023-01-04 11:00:00,87.34999999999994
2023-01-04 12:00:00,86.79999999999993
2023-01-04 13:00:00,83.69999999999993
2023-01-04 14:00:00,81.94999999999993
2023-01-04 15:00:00,80.49999999999994
2023-01-04 16:00:00,81.89999999999992
2023-01-04 17:00:00,81.24999999999991
2023-01-04 18:00:00,81.44999999999993
2023-01-04 23:00:00,81.99999999999994
2023-01-05 09:15:00,81.39999999999992
2023-01-05 10:00:00,82.04999999999993
2023-01-05 11:00:00,81.89999999999992
2023-01-05 12:00:00,82.49999999999994
2023-01-05 13:00:00,80.84999999999994
2023-01-05 14:00:00,81.49999999999994
2023-01-05 15:00:00,80.54999999999993
2023-01-05 16:00:00,81.24999999999991
2023-01-05 17:00:00,80.54999999999993
2023-01-05 18:00:00,80.54999999999993
2023-01-05 23:00:00,81.24999999999991
2023-01-06 09:15:00,80.39999999999992
2023-01-06 10:00:00,80.64999999999992
2023-01-06 11:00:00,79.19999999999993
2023-01-06 12:00:00,78.79999999999993
2023-01-06 13:00:00,82.19999999999993
2023-01-06 14:00:00,80.74999999999994
2023-01-06 15:00:00,81.69999999999993
2023-01-06 16:00:00,79.64999999999992
2023-01-06 17:00:00,79.34999999999994
2023-01-06 18:00:00,79.14999999999992
2023-01-06 23:00:00,78.99999999999994
2023-01-09 09:15:00,80.24999999999991
2023-01-09 10:00:00,80.89999999999992
2023-01-09 11:00:00,81.24999999999991
2023-01-09 12:00:00,81.29999999999993
2023-01-09 13:00:00,81.09999999999994
2023-01-09 14:00:00,80.64999999999992
2023-01-09 15:00:00,81.19999999999993
2023-01-09 16:00:00,80.34999999999994
2023-01-09 17:00:00,77.29999999999993
2023-01-09 18:00:00,77.24999999999991
2023-01-09 23:00:00,78.74999999999994
2023-01-10 09:15:00,77.39999999999992
2023-01-10 10:00:00,78.19999999999993
2023-01-10 11:00:00,77.89999999999992
2023-01-10 12:00:00,77.14999999999992
2023-01-10 13:00:00,76.44999999999993
2023-01-10 14:00:00,75.39999999999992
2023-01-10 15:00:00,71.89999999999992
2023-01-10 16:00:00,71.89999999999992
2023-01-10 17:00:00,69.94999999999993
2023-01-10 18:00:00,69.84999999999994
2023-01-10 23:00:00,71.59999999999994
2023-01-11 09:15:00,69.49999999999994
2023-01-11 10:00:00,69.59999999999994
2023-01-11 11:00:00,69.19999999999993
2023-01-11 12:00:00,68.64999999999995
2023-01-11 13:00:00,66.04999999999993
2023-01-11 14:00:00,65.04999999999993
2023-01-11 15:00:00,64.09999999999994
2023-01-11 16:00:00,63.49999999999994
2023-01-11 17:00:00,64.49999999999994
2023-01-11 18:00:00,63.64999999999992
2023-01-11 23:00:00,64.59999999999994
2023-01-12 09:15:00,65.34999999999991
2023-01-12 10:00:00,66.84999999999994
2023-01-12 11:00:00,66.29999999999993
2023-01-12 12:00:00,66.39999999999992
2023-01-12 13:00:00,65.84999999999994
2023-01-12 14:00:00,67.74999999999991
2023-01-12 15:00:00,67.94999999999993
2023-01-12 16:00:00,69.59999999999994
2023-01-12 17:00:00,70.74999999999991
2023-01-12 18:00:00,70.44999999999993
2023-01-12 23:00:00,70.09999999999994
2023-01-13 09:15:00,69.19999999999993
2023-01-13 10:00:00,69.44999999999993
2023-01-13 11:00:00,69.29999999999993
2023-01-13 12:00:00,68.34999999999994
2023-01-13 13:00:00,69.19999999999993
2023-01-13 14:00:00,69.14999999999992
2023-01-13 15:00:00,69.89999999999992
2023-01-13 16:00:00,70.94999999999993
2023-01-13 17:00:00,71.64999999999995
2023-01-13 18:00:00,71.29999999999993
2023-01-13 23:00:00,72.39999999999992
2023-01-17 09:15:00,70.34999999999994
2023-01-17 10:00:00,71.49999999999994
2023-01-17 11:00:00,71.89999999999992
2023-01-17 12:00:00,71.84999999999994
2023-01-17 13:00:00,70.89999999999992
2023-01-17 14:00:00,70.49999999999994
2023-01-17 15:00:00,72.04999999999993
2023-01-17 16:00:00,71.94999999999993
2023-01-17 17:00:00,72.19999999999993
2023-01-17 18:00:00,71.94999999999993
2023-01-17 23:00:00,71.79999999999993
2023-01-18 09:15:00,73.94999999999993
2023-01-18 10:00:00,74.44999999999993
2023-01-18 11:00:00,74.49999999999994
2023-01-18 12:00:00,72.49999999999994
2023-01-18 13:00:00,73.84999999999994
2023-01-18 14:00:00,75.19999999999993
2023-01-18 15:00:00,76.19999999999993
2023-01-18 16:00:00,75.69999999999993
2023-01-18 17:00:00,74.79999999999993
2023-01-18 18:00:00,74.44999999999993
2023-01-18 23:00:00,75.69999999999993
2023-01-19 09:15:00,75.79999999999993
2023-01-19 10:00:00,77.04999999999993
2023-01-19 11:00:00,77.94999999999993
2023-01-19 12:00:00,76.24999999999994
2023-01-19 13:00:00,76.99999999999994
2023-01-19 14:00:00,77.64999999999992
2023-01-19 15:00:00,76.24999999999994
2023-01-19 16:00:00,75.54999999999993
2023-01-19 17:00:00,75.74999999999994
2023-01-19 18:00:00,75.79999999999993
2023-01-19 23:00:00,75.29999999999993
2023-01-20 09:15:00,74.49999999999994
2023-01-20 10:00:00,74.19999999999993
2023-01-20 11:00:00,74.99999999999994
2023-01-20 12:00:00,74.39999999999992
2023-01-20 13:00:00,73.59999999999994
2023-01-20 14:00:00,73.99999999999994
2023-01-20 15:00:00,74.54999999999993
2023-01-20 16:00:00,75.19999999999993
2023-01-20 17:00:00,75.14999999999992
2023-01-20 18:00:00,74.89999999999992
2023-01-20 23:00:00,75.49999999999994
2023-01-23 09:15:00,75.84999999999994
2023-01-23 10:00:00,76.09999999999994
2023-01-23 11:00:00,76.04999999999995
2023-01-23 12:00:00,77.24999999999991
2023-01-23 13:00:00,77.19999999999993
2023-01-23 14:00:00,79.59999999999994
2023-01-23 15:00:00,78.59999999999994
2023-01-23 16:00:00,80.24999999999991
2023-01-23 17:00:00,79.89999999999992
2023-01-23 18:00:00,79.59999999999994
2023-01-23 23:00:00,79.24999999999991
2023-01-24 09:15:00,78.04999999999993
2023-01-24 10:00:00,78.14999999999992
2023-01-24 11:00:00,78.14999999999992
2023-01-24 12:00:00,78.74999999999994
2023-01-24 13:00:00,80.24999999999991
2023-01-24 14:00:00,79.84999999999991
2023-01-24 15:00:00,80.24999999999991
2023-01-24 16:00:00,80.79999999999993
2023-01-24 17:00:00,80.69999999999993
2023-01-24 18:00:00,80.79999999999993
2023-01-24 23:00:00,80.54999999999993
2023-01-25 09:15:00,80.69999999999993
2023-01-25 10:00:00,82.34999999999994
2023-01-25 11:00:00,81.39999999999992
2023-01-25 12:00:00,82.54999999999993
2023-01-25 13:00:00,80.84999999999994
2023-01-25 14:00:00,81.99999999999994
2023-01-25 15:00:00,82.39999999999992
2023-01-25 16:00:00,83.14999999999995
2023-01-25 17:00:00,83.19999999999993
2023-01-25 18:00:00,83.44999999999993
2023-01-25 23:00:00,83.14999999999995
2023-01-26 09:15:00,84.54999999999993
2023-01-26 10:00:00,84.04999999999993
2023-01-26 11:00:00,84.64999999999992
2023-01-26 12:00:00,85.04999999999993
2023-01-26 13:00:00,85.64999999999992
2023-01-26 14:00:00,87.29999999999993
2023-01-26 15:00:00,86.24999999999994
2023-01-26 16:00:00,87.39999999999992
2023-01-26 17:00:00,87.69999999999993
2023-01-26 18:00:00,87.99999999999994
2023-01-26 23:00:00,87.84999999999994
2023-01-27 09:15:00,88.89999999999992
2023-01-27 10:00:00,87.54999999999995
2023-01-27 11:00:00,87.24999999999994
2023-01-27 12:00:00,88.09999999999994
2023-01-27 13:00:00,87.54999999999995
2023-01-27 14:00:00,88.44999999999993
2023-01-27 15:00:00,88.94999999999993
2023-01-27 16:00:00,89.74999999999991
2023-01-27 17:00:00,89.99999999999994
2023-01-27 18:00:00,89.89999999999992
2023-01-27 23:00:00,90.59999999999994
2023-01-30 09:15:00,88.74999999999994
2023-01-30 10:00:00,89.44999999999993
2023-01-30 11:00:00,89.64999999999995
2023-01-30 12:00:00,90.14999999999992
2023-01-30 13:00:00,90.59999999999994
2023-01-30 14:00:00,91.74999999999994
2023-01-30 15:00:00,91.29999999999995
2023-01-30 16:00:00,91.44999999999993
2023-01-30 17:00:00,91.39999999999995
2023-01-30 18:00:00,91.29999999999995
2023-01-30 23:00:00,91.04999999999995
2023-01-31 09:15:00,91.29999999999995
2023-01-31 10:00:00,91.54999999999993
2023-01-31 11:00:00,91.19999999999993
2023-01-31 12:00:00,90.79999999999995
2023-01-31 13:00:00,92.14999999999992
2023-01-31 14:00:00,95.19999999999993
2023-01-31 15:00:00,98.34999999999994
2023-01-31 16:00:00,99.49999999999994
2023-01-31 17:00:00,101.39999999999995
2023-01-31 18:00:00,102.19999999999993
2023-01-31 23:00:00,102.19999999999993
2023-02-01 09:15:00,102.14999999999995
2023-02-01 10:00:00,103.54999999999995
2023-02-01 11:00:00,101.94999999999993
2023-02-01 12:00:00,101.69999999999993
2023-02-01 13:00:00,102.94999999999993
2023-02-01 14:00:00,100.84999999999997
2023-02-01 15:00:00,98.09999999999994
2023-02-01 16:00:00,97.29999999999995
2023-02-01 17:00:00,96.64999999999995
2023-02-01 18:00:00,97.59999999999994
2023-02-01 23:00:00,96.59999999999994
2023-02-02 09:15:00,99.29999999999995
2023-02-02 10:00:00,98.99999999999994
2023-02-02 11:00:00,98.19999999999993
2023-02-02 12:00:00,98.89999999999995
2023-02-02 13:00:00,100.84999999999997
2023-02-02 14:00:00,99.69999999999993
2023-02-02 15:00:00,99.84999999999997
2023-02-02 16:00:00,97.34999999999994
2023-02-02 17:00:00,98.79999999999995
2023-02-02 18:00:00,98.94999999999993
2023-02-02 23:00:00,98.59999999999994
2023-02-03 09:15:00,97.94999999999993
2023-02-03 10:00:00,98.19999999999993
2023-02-03 11:00:00,98.14999999999995
2023-02-03 12:00:00,95.29999999999995
2023-02-03 13:00:00,95.09999999999994
2023-02-03 14:00:00,95.09999999999994
2023-02-03 15:00:00,94.39999999999995
2023-02-03 16:00:00,93.44999999999996
2023-02-03 17:00:00,94.59999999999994
2023-02-03 18:00:00,94.69999999999993
2023-02-03 23:00:00,93.79999999999995
2023-02-06 09:15:00,94.49999999999994
2023-02-06 10:00:00,95.14999999999995
2023-02-06 11:00:00,94.19999999999993
2023-02-06 12:00:00,93.59999999999994
2023-02-06 13:00:00,95.34999999999994
2023-02-06 14:00:00,95.64999999999995
2023-02-06 15:00:00,92.39999999999995
2023-02-06 16:00:00,93.49999999999994
2023-02-06 17:00:00,97.14999999999995
2023-02-06 18:00:00,96.89999999999995
2023-02-06 23:00:00,96.29999999999995
2023-02-07 09:15:00,98.34999999999994
2023-02-07 10:00:00,97.64999999999995
2023-02-07 11:00:00,97.99999999999994
2023-02-07 12:00:00,97.94999999999993
2023-02-07 13:00:00,96.44999999999996
2023-02-07 14:00:00,97.04999999999995
2023-02-07 15:00:00,95.74999999999994
2023-02-07 16:00:00,97.64999999999995
2023-02-07 17:00:00,98.24999999999994
2023-02-07 18:00:00,97.89999999999995
2023-02-07 23:00:00,97.84999999999994
2023-02-08 09:15:00,97.04999999999995
2023-02-08 10:00:00,98.09999999999994
2023-02-08 11:00:00,97.79999999999995
2023-02-08 12:00:00,97.69999999999993
2023-02-08 13:00:00,96.59999999999994
2023-02-08 14:00:00,95.34999999999994
2023-02-08 15:00:00,96.69999999999993
2023-02-08 16:00:00,95.74999999999994
2023-02-08 17:00:00,96.59999999999994
2023-02-08 18:00:00,96.84999999999994
2023-02-08 23:00:00,96.14999999999995
2023-02-09 09:15:00,96.99999999999994
2023-02-09 10:00:00,96.94999999999993
2023-02-09 11:00:00,95.89999999999995
2023-02-09 12:00:00,95.24999999999994
2023-02-09 13:00:00,95.54999999999993
2023-02-09 14:00:00,92.84999999999994
2023-02-09 15:00:00,93.74999999999994
2023-02-09 16:00:00,94.09999999999994
2023-02-09 17:00:00,94.74999999999994
2023-02-09 18:00:00,95.04999999999995
2023-02-09 23:00:00,94.19999999999993
2023-02-10 09:15:00,95.04999999999995
2023-02-10 10:00:00,95.09999999999994
2023-02-10 11:00:00,95.69999999999993
2023-02-10 12:00:00,94.99999999999994
2023-02-10 13:00:00,96.04999999999995
2023-02-10 14:00:00,95.49999999999994
2023-02-10 15:00:00,97.09999999999994
2023-02-10 16:00:00,95.54999999999993
2023-02-10 17:00:00,95.64999999999995
2023-02-10 18:00:00,95.39999999999995
2023-02-10 23:00:00,95.14999999999995
2023-02-13 09:15:00,95.04999999999995
2023-02-13 10:00:00,94.59999999999994
2023-02-13 11:00:00,94.99999999999994
2023-02-13 12:00:00,95.19999999999993
2023-02-13 13:00:00,99.54999999999995
2023-02-13 14:00:00,96.44999999999996
2023-02-13 15:00:00,95.89999999999995
2023-02-13 16:00:00,96.04999999999995
2023-02-13 17:00:00,97.94999999999993
2023-02-13 18:00:00,97.89999999999995
2023-02-13 23:00:00,97.24999999999994
2023-02-14 09:15:00,99.54999999999995
2023-02-14 10:00:00,98.94999999999993
2023-02-14 11:00:00,99.34999999999994
2023-02-14 12:00:00,100.04999999999995
2023-02-14 13:00:00,99.64999999999995
2023-02-14 14:00:00,101.79999999999995
2023-02-14 15:00:00,101.54999999999995
2023-02-14 16:00:00,103.49999999999994
2023-02-14 17:00:00,102.44999999999993
2023-02-14 18:00:00,102.44999999999993
2023-02-14 23:00:00,103.74999999999994
2023-02-15 09:15:00,102.04999999999993
2023-02-15 10:00:00,102.14999999999995
2023-02-15 11:00:00,101.84999999999994
2023-02-15 12:00:00,101.64999999999995
2023-02-15 13:00:00,101.99999999999994
2023-02-15 14:00:00,98.39999999999995
2023-02-15 15:00:00,97.59999999999994
2023-02-15 16:00:00,96.69999999999993
2023-02-15 17:00:00,98.14999999999995
2023-02-15 18:00:00,97.49999999999994
2023-02-15 23:00:00,97.49999999999994
2023-02-16 09:15:00,98.14999999999995
2023-02-16 10:00:00,98.74999999999994
2023-02-16 11:00:00,99.24999999999994
2023-02-16 12:00:00,97.84999999999994
2023-02-16 13:00:00,98.54999999999995
2023-02-16 14:00:00,99.84999999999997
2023-02-16 15:00:00,100.34999999999994
2023-02-16 16:00:00,100.09999999999994
2023-02-16 17:00:00,101.14999999999995
2023-02-16 18:00:00,101.04999999999995
2023-02-16 23:00:00,100.74999999999994
2023-02-17 09:15:00,100.14999999999995
2023-02-17 10:00:00,99.79999999999995
2023-02-17 11:00:00,99.69999999999993
2023-02-17 12:00:00,101.89999999999995
2023-02-17 13:00:00,102.84999999999994
2023-02-17 14:00:00,105.59999999999994
2023-02-17 15:00:00,104.89999999999995
2023-02-17 16:00:00,105.89999999999995
2023-02-17 17:00:00,106.64999999999995
2023-02-17 18:00:00,106.44999999999993
2023-02-17 23:00:00,106.24999999999994
2023-02-21 09:15:00,106.39999999999995
2023-02-21 10:00:00,106.14999999999995
2023-02-21 11:00:00,106.39999999999995
2023-02-21 12:00:00,105.34999999999994
2023-02-21 13:00:00,108.99999999999994
2023-02-21 14:00:00,112.34999999999997
2023-02-21 15:00:00,111.34999999999997
2023-02-21 16:00:00,108.84999999999994
2023-02-21 17:00:00,110.84999999999994
2023-02-21 18:00:00,111.19999999999993
2023-02-21 23:00:00,110.34999999999994
2023-02-22 09:15:00,110.09999999999994
2023-02-22 10:00:00,110.44999999999993
2023-02-22 11:00:00,112.04999999999995
2023-02-22 12:00:00,110.39999999999995
2023-02-22 13:00:00,112.74999999999994
2023-02-22 14:00:00,113.49999999999994
2023-02-22 15:00:00,113.74999999999994
2023-02-22 16:00:00,113.69999999999993
2023-02-22 17:00:00,113.34999999999997
2023-02-22 18:00:00,113.59999999999994
2023-02-22 23:00:00,113.84999999999994
2023-02-23 09:15:00,112.64999999999995
2023-02-23 10:00:00,112.49999999999994
2023-02-23 11:00:00,113.34999999999997
2023-02-23 12:00:00,110.19999999999993
2023-02-23 13:00:00,111.39999999999995
2023-02-23 14:00:00,112.19999999999993
2023-02-23 15:00:00,110.09999999999994
2023-02-23 16:00:00,108.99999999999994
2023-02-23 17:00:00,110.54999999999995
2023-02-23 18:00:00,110.64999999999995
2023-02-23 23:00:00,110.19999999999993
2023-02-24 09:15:00,109.89999999999995
2023-02-24 10:00:00,108.24999999999994
2023-02-24 11:00:00,108.74999999999994
2023-02-24 12:00:00,108.54999999999995
2023-02-24 13:00:00,108.29999999999995
2023-02-24 14:00:00,107.44999999999993
2023-02-24 15:00:00,107.84999999999994
2023-02-24 16:00:00,108.54999999999995
2023-02-24 17:00:00,108.09999999999994
2023-02-24 18:00:00,107.84999999999994
2023-02-24 23:00:00,108.19999999999993
2023-02-27 09:15:00,107.74999999999994
2023-02-27 10:00:00,106.99999999999994
2023-02-27 11:00:00,106.14999999999995
2023-02-27 12:00:00,106.64999999999995
2023-02-27 13:00:00,106.99999999999994
2023-02-27 14:00:00,105.84999999999994
2023-02-27 15:00:00,106.14999999999995
2023-02-27 16:00:00,106.99999999999994
2023-02-27 17:00:00,106.94999999999993
2023-02-27 18:00:00,107.49999999999994
2023-02-27 23:00:00,106.94999999999993
2023-02-28 09:15:00,106.94999999999993
2023-02-28 10:00:00,108.04999999999995
2023-02-28 11:00:00,107.34999999999994
2023-02-28 12:00:00,107.99999999999994
2023-02-28 13:00:00,108.69999999999993
2023-02-28 14:00:00,108.39999999999995
2023-02-28 15:00:00,106.59999999999994
2023-02-28 16:00:00,106.94999999999993
2023-02-28 17:00:00,105.84999999999994
2023-02-28 18:00:00,105.74999999999994
2023-02-28 23:00:00,106.79999999999995
2023-03-01 09:15:00,102.34999999999994
2023-03-01 10:00:00,101.74999999999994
2023-03-01 11:00:00,102.44999999999993
2023-03-01 12:00:00,101.89999999999995
2023-03-01 13:00:00,103.19999999999993
2023-03-01 14:00:00,102.19999999999993
2023-03-01 15:00:00,101.74999999999994
2023-03-01 16:00:00,103.19999999999993
2023-03-01 17:00:00,104.49999999999994
2023-03-01 18:00:00,104.44999999999993
2023-03-01 23:00:00,104.04999999999995
2023-03-02 09:15:00,104.94999999999993
2023-03-02 10:00:00,104.49999999999994
2023-03-02 11:00:00,104.49999999999994
2023-03-02 12:00:00,104.64999999999995
2023-03-02 13:00:00,103.44999999999993
2023-03-02 14:00:00,102.94999999999993
2023-03-02 15:00:00,103.24999999999994
2023-03-02 16:00:00,102.74999999999994
2023-03-02 17:00:00,101.74999999999994
2023-03-02 18:00:00,101.64999999999995
2023-03-02 23:00:00,102.69999999999993
2023-03-03 09:15:00,99.29999999999995
2023-03-03 10:00:00,99.29999999999995
2023-03-03 11:00:00,100.09999999999994
2023-03-03 12:00:00,99.39999999999995
2023-03-03 13:00:00,98.74999999999994
2023-03-03 14:00:00,98.14999999999995
2023-03-03 15:00:00,99.04999999999995
2023-03-03 16:00:00,98.04999999999995
2023-03-03 17:00:00,99.04999999999995
2023-03-03 18:00:00,98.69999999999993
2023-03-03 23:00:00,98.34999999999994
2023-03-06 09:15:00,98.24999999999994
2023-03-06 10:00:00,97.99999999999994
2023-03-06 11:00:00,97.79999999999995
2023-03-06 12:00:00,97.69999999999993
2023-03-06 13:00:00,98.09999999999994
2023-03-06 14:00:00,99.69999999999993
2023-03-06 15:00:00,100.89999999999995
2023-03-06 16:00:00,101.64999999999995
2023-03-06 17:00:00,100.64999999999995
2023-03-06 18:00:00,100.54999999999995
2023-03-06 23:00:00,100.79999999999995
2023-03-07 09:15:00,100.79999999999995
2023-03-07 10:00:00,100.09999999999994
2023-03-07 11:00:00,99.59999999999994
2023-03-07 12:00:00,99.39999999999995
2023-03-07 13:00:00,100.54999999999995
2023-03-07 14:00:00,99.34999999999994
2023-03-07 15:00:00,100.09999999999994
2023-03-07 16:00:00,103.59999999999994
2023-03-07 17:00:00,103.29999999999995
2023-03-07 18:00:00,102.79999999999995
2023-03-07 23:00:00,103.04999999999995
2023-03-08 09:15:00,103.24999999999994
2023-03-08 10:00:00,101.19999999999993
2023-03-08 11:00:00,100.19999999999993
2023-03-08 12:00:00,100.34999999999994
2023-03-08 13:00:00,100.54999999999995
2023-03-08 14:00:00,97.04999999999995
2023-03-08 15:00:00,97.99999999999994
2023-03-08 16:00:00,97.79999999999995
2023-03-08 17:00:00,96.79999999999995
2023-03-08 18:00:00,97.14999999999995
2023-03-08 23:00:00,97.84999999999994
2023-03-09 09:15:00,96.89999999999995
2023-03-09 10:00:00,97.34999999999994
2023-03-09 11:00:00,97.74999999999994
2023-03-09 12:00:00,96.44999999999993
2023-03-09 13:00:00,95.84999999999994
2023-03-09 14:00:00,96.24999999999994
2023-03-09 15:00:00,95.19999999999993
2023-03-09 16:00:00,95.04999999999995
2023-03-09 17:00:00,96.54999999999995
2023-03-09 18:00:00,95.94999999999993
2023-03-09 23:00:00,95.54999999999995
2023-03-10 09:15:00,96.14999999999995
2023-03-10 10:00:00,95.54999999999995
2023-03-10 11:00:00,95.04999999999995
2023-03-10 12:00:00,94.94999999999993
2023-03-10 13:00:00,96.49999999999994
2023-03-10 14:00:00,98.69999999999993
2023-03-10 15:00:00,97.34999999999994
2023-03-10 16:00:00,97.94999999999993
2023-03-10 17:00:00,97.99999999999994
2023-03-10 18:00:00,97.74999999999994
2023-03-10 23:00:00,98.29999999999995
2023-03-13 09:15:00,97.54999999999995
2023-03-13 10:00:00,97.69999999999993
2023-03-13 11:00:00,96.59999999999994
2023-03-13 12:00:00,96.29999999999995
2023-03-13 13:00:00,96.89999999999995
2023-03-13 14:00:00,100.19999999999993
2023-03-13 15:00:00,99.09999999999994
2023-03-13 16:00:00,100.24999999999994
2023-03-13 17:00:00,99.49999999999994
2023-03-13 23:00:00,99.69999999999993
2023-03-14 09:15:00,98.54999999999995
2023-03-14 10:00:00,99.24999999999994
2023-03-14 11:00:00,98.49999999999994
2023-03-14 12:00:00,99.14999999999995
2023-03-14 13:00:00,96.89999999999995
2023-03-14 14:00:00,97.19999999999993
2023-03-14 15:00:00,97.04999999999995
2023-03-14 16:00:00,96.09999999999994
2023-03-14 17:00:00,96.19999999999993
2023-03-14 23:00:00,95.94999999999993
2023-03-15 09:15:00,94.09999999999994
2023-03-15 10:00:00,92.89999999999995
2023-03-15 11:00:00,92.69999999999993
2023-03-15 12:00:00,92.34999999999994
2023-03-15 13:00:00,92.49999999999994
2023-03-15 14:00:00,92.69999999999993
2023-03-15 15:00:00,92.84999999999994
2023-03-15 16:00:00,93.44999999999993
2023-03-15 17:00:00,93.64999999999995
2023-03-15 23:00:00,93.09999999999994
2023-03-16 09:15:00,94.44999999999993
2023-03-16 10:00:00,95.44999999999993
2023-03-16 11:00:00,96.34999999999994
2023-03-16 12:00:00,99.54999999999995
2023-03-16 13:00:00,100.39999999999995
2023-03-16 14:00:00,101.14999999999995
2023-03-16 15:00:00,100.54999999999995
2023-03-16 16:00:00,101.64999999999995
2023-03-16 17:00:00,100.39999999999995
2023-03-16 23:00:00,100.54999999999995
2023-03-17 09:15:00,101.74999999999994
2023-03-17 10:00:00,100.69999999999993
2023-03-17 11:00:00,98.94999999999993
2023-03-17 12:00:00,97.34999999999994
2023-03-17 13:00:00,96.74999999999994
2023-03-17 14:00:00,95.84999999999994
2023-03-17 15:00:00,96.44999999999993
2023-03-17 16:00:00,96.19999999999993
2023-03-17 17:00:00,97.14999999999995
2023-03-17 23:00:00,97.09999999999994
2023-03-20 09:15:00,94.64999999999995
2023-03-20 10:00:00,95.09999999999994
2023-03-20 11:00:00,94.09999999999994
2023-03-20 12:00:00,96.84999999999994
2023-03-20 13:00:00,96.29999999999995
2023-03-20 14:00:00,97.19999999999993
2023-03-20 15:00:00,98.04999999999995
2023-03-20 16:00:00,97.54999999999995
2023-03-20 17:00:00,98.84999999999994
2023-03-20 23:00:00,98.99999999999994
2023-03-21 09:15:00,101.24999999999994
2023-03-21 10:00:00,101.54999999999995
2023-03-21 11:00:00,101.34999999999994
2023-03-21 12:00:00,102.59999999999994
2023-03-21 13:00:00,101.99999999999994
2023-03-21 14:00:00,100.04999999999995
2023-03-21 15:00:00,99.99999999999994
2023-03-21 16:00:00,100.14999999999995
2023-03-21 17:00:00,100.79999999999995
2023-03-21 23:00:00,100.79999999999995
2023-03-22 09:15:00,98.79999999999995
2023-03-22 10:00:00,99.09999999999994
2023-03-22 11:00:00,99.74999999999994
2023-03-22 12:00:00,100.69999999999993
2023-03-22 13:00:00,99.29999999999995
2023-03-22 14:00:00,98.49999999999994
2023-03-22 15:00:00,98.19999999999993
2023-03-22 16:00:00,99.29999999999995
2023-03-22 17:00:00,97.99999999999994
2023-03-22 23:00:00,98.49999999999994
2023-03-23 09:15:00,98.19999999999993
2023-03-23 10:00:00,97.84999999999994
2023-03-23 11:00:00,98.24999999999994
2023-03-23 12:00:00,97.24999999999994
2023-03-23 13:00:00,95.09999999999994
2023-03-23 14:00:00,95.04999999999995
2023-03-23 15:00:00,94.84999999999994
2023-03-23 16:00:00,95.14999999999995
2023-03-23 17:00:00,95.29999999999995
2023-03-23 23:00:00,94.79999999999995
2023-03-24 09:15:00,93.64999999999995
2023-03-24 10:00:00,93.99999999999994
2023-03-24 11:00:00,95.79999999999995
2023-03-24 12:00:00,95.89999999999995
2023-03-24 13:00:00,95.44999999999993
2023-03-24 14:00:00,99.24999999999994
2023-03-24 15:00:00,99.49999999999994
2023-03-24 16:00:00,99.44999999999993
2023-03-24 17:00:00,99.94999999999993
2023-03-24 17:00:01,99.94999999999993
2023-03-24 23:00:00,99.84999999999994
2023-03-27 09:15:00,101.24999999999991
2023-03-27 10:00:00,101.64999999999992
2023-03-27 11:00:00,101.54999999999993
2023-03-27 12:00:00,102.34999999999994
2023-03-27 13:00:00,102.69999999999993
2023-03-27 14:00:00,100.59999999999994
2023-03-27 15:00:00,99.04999999999993
2023-03-27 16:00:00,98.49999999999991
2023-03-27 17:00:00,97.79999999999993
2023-03-27 18:00:00,97.29999999999993
2023-03-27 23:00:00,97.69999999999993
2023-03-28 09:15:00,98.04999999999993
2023-03-28 10:00:00,98.64999999999992
2023-03-28 11:00:00,97.49999999999991
2023-03-28 12:00:00,96.04999999999993
2023-03-28 13:00:00,95.29999999999993
2023-03-28 14:00:00,94.84999999999994
2023-03-28 15:00:00,94.79999999999993
2023-03-28 16:00:00,94.69999999999993
2023-03-28 17:00:00,94.94999999999993
2023-03-28 18:00:00,94.69999999999993
2023-03-28 23:00:00,94.54999999999993
2023-03-29 09:15:00,94.09999999999994
2023-03-29 10:00:00,94.84999999999994
2023-03-29 11:00:00,95.34999999999994
2023-03-29 12:00:00,95.34999999999994
2023-03-29 13:00:00,92.14999999999992
2023-03-29 14:00:00,90.49999999999991
2023-03-29 15:00:00,90.34999999999994
2023-03-29 16:00:00,89.64999999999992
2023-03-29 17:00:00,90.49999999999991
2023-03-29 18:00:00,90.69999999999993
2023-03-29 23:00:00,90.49999999999991
2023-03-30 09:15:00,91.34999999999994
2023-03-30 10:00:00,89.89999999999992
2023-03-30 11:00:00,89.89999999999992
2023-03-30 12:00:00,89.44999999999993
2023-03-30 13:00:00,91.09999999999994
2023-03-30 14:00:00,91.74999999999991
2023-03-30 15:00:00,90.34999999999994
2023-03-30 16:00:00,90.79999999999993
2023-03-30 17:00:00,90.69999999999993
2023-03-30 18:00:00,90.79999999999993
2023-03-30 23:00:00,90.54999999999993
2023-03-31 09:15:00,91.89999999999992
2023-03-31 10:00:00,91.19999999999993
2023-03-31 11:00:00,90.89999999999992
2023-03-31 12:00:00,89.74999999999991
2023-03-31 13:00:00,87.84999999999994
2023-03-31 14:00:00,88.14999999999992
2023-03-31 15:00:00,90.64999999999992
2023-03-31 16:00:00,91.34999999999994
2023-03-31 17:00:00,91.09999999999994
2023-03-31 18:00:00,91.29999999999993
2023-03-31 23:00:00,91.24999999999991
2023-04-03 09:15:00,92.84999999999994
2023-04-03 10:00:00,94.54999999999993
2023-04-03 11:00:00,95.09999999999994
2023-04-03 12:00:00,95.09999999999994
2023-04-03 13:00:00,96.54999999999993
2023-04-03 14:00:00,98.24999999999991
2023-04-03 15:00:00,96.79999999999993
2023-04-03 16:00:00,97.24999999999991
2023-04-03 17:00:00,96.34999999999994
2023-04-03 18:00:00,96.39999999999992
2023-04-03 23:00:00,96.79999999999993
2023-04-04 09:15:00,95.09999999999994
2023-04-04 10:00:00,96.34999999999994
2023-04-04 11:00:00,96.49999999999991
2023-04-04 12:00:00,95.44999999999993
2023-04-04 13:00:00,96.94999999999993
2023-04-04 14:00:00,95.69999999999993
2023-04-04 15:00:00,95.34999999999994
2023-04-04 16:00:00,94.24999999999991
2023-04-04 17:00:00,95.69999999999993
2023-04-04 18:00:00,96.09999999999994
2023-04-04 23:00:00,95.49999999999991
2023-04-05 09:15:00,96.74999999999991
2023-04-05 10:00:00,97.34999999999994
2023-04-05 11:00:00,97.49999999999991
2023-04-05 12:00:00,97.94999999999993
2023-04-05 13:00:00,98.94999999999993
2023-04-05 14:00:00,99.79999999999993
2023-04-05 15:00:00,100.89999999999992
2023-04-05 16:00:00,100.24999999999991
2023-04-05 17:00:00,100.54999999999993
2023-04-05 18:00:00,100.64999999999992
2023-04-05 23:00:00,100.54999999999993
2023-04-06 09:15:00,99.44999999999993
2023-04-06 10:00:00,99.19999999999993
2023-04-06 11:00:00,99.79999999999993
2023-04-06 12:00:00,100.24999999999991
2023-04-06 13:00:00,99.29999999999993
2023-04-06 14:00:00,99.54999999999993
2023-04-06 15:00:00,103.54999999999993
2023-04-06 16:00:00,102.99999999999991
2023-04-06 17:00:00,103.39999999999992
2023-04-06 18:00:00,103.84999999999994
2023-04-06 23:00:00,103.24999999999991
2023-04-10 12:30:00,103.64999999999992
2023-04-10 13:00:00,103.24999999999991
2023-04-10 14:00:00,104.94999999999993
2023-04-10 15:00:00,105.59999999999994
2023-04-10 16:00:00,102.19999999999993
2023-04-10 17:00:00,102.29999999999993
2023-04-10 18:00:00,102.34999999999994
2023-04-10 23:00:00,102.24999999999991
2023-04-11 09:15:00,104.09999999999994
2023-04-11 10:00:00,105.44999999999993
2023-04-11 11:00:00,105.39999999999992
2023-04-11 12:00:00,105.24999999999991
2023-04-11 13:00:00,104.79999999999993
2023-04-11 14:00:00,107.94999999999993
2023-04-11 15:00:00,107.29999999999993
2023-04-11 16:00:00,108.79999999999993
2023-04-11 17:00:00,109.89999999999992
2023-04-11 18:00:00,108.89999999999992
2023-04-11 23:00:00,109.99999999999991
2023-04-12 09:15:00,108.09999999999994
2023-04-12 10:00:00,109.44999999999993
2023-04-12 11:00:00,108.29999999999993
2023-04-12 12:00:00,108.99999999999991
2023-04-12 13:00:00,108.59999999999994
2023-04-12 14:00:00,109.14999999999992
2023-04-12 15:00:00,108.44999999999993
2023-04-12 16:00:00,108.69999999999993
2023-04-12 17:00:00,109.89999999999992
2023-04-12 18:00:00,109.94999999999993
2023-04-12 23:00:00,110.04999999999993
2023-04-13 09:15:00,110.59999999999994
2023-04-13 10:00:00,113.44999999999993
2023-04-13 11:00:00,114.64999999999992
2023-04-13 12:00:00,116.34999999999994
2023-04-13 13:00:00,117.39999999999992
2023-04-13 14:00:00,118.49999999999991
2023-04-13 15:00:00,118.19999999999993
2023-04-13 16:00:00,115.89999999999992
2023-04-13 17:00:00,116.59999999999994
2023-04-13 18:00:00,116.84999999999994
2023-04-13 23:00:00,115.94999999999993
2023-04-14 09:15:00,116.09999999999994
2023-04-14 10:00:00,115.89999999999992
2023-04-14 11:00:00,116.64999999999992
2023-04-14 12:00:00,117.39999999999992
2023-04-14 13:00:00,116.69999999999993
2023-04-14 14:00:00,118.44999999999993
2023-04-14 15:00:00,115.49999999999991
2023-04-14 16:00:00,112.94999999999993
2023-04-14 17:00:00,114.84999999999994
2023-04-14 18:00:00,114.49999999999991
2023-04-14 23:00:00,113.04999999999993
2023-04-17 09:15:00,114.84999999999994
2023-04-17 10:00:00,115.89999999999992
2023-04-17 11:00:00,115.94999999999993
2023-04-17 12:00:00,115.89999999999992
2023-04-17 13:00:00,116.59999999999994
2023-04-17 14:00:00,117.89999999999992
2023-04-17 15:00:00,117.49999999999991
2023-04-17 16:00:00,120.29999999999993
2023-04-17 17:00:00,120.14999999999992
2023-04-17 18:00:00,120.29999999999993
2023-04-17 23:00:00,120.59999999999994
2023-04-18 09:15:00,121.49999999999991
2023-04-18 10:00:00,120.14999999999992
2023-04-18 11:00:00,119.74999999999991
2023-04-18 12:00:00,119.59999999999994
2023-04-18 13:00:00,118.24999999999991
2023-04-18 14:00:00,119.34999999999994
2023-04-18 15:00:00,119.84999999999994
2023-04-18 16:00:00,123.49999999999991
2023-04-18 17:00:00,125.19999999999993
2023-04-18 18:00:00,122.99999999999991
2023-04-18 23:00:00,124.59999999999994
2023-04-19 09:15:00,122.74999999999991
2023-04-19 10:00:00,120.44999999999993
2023-04-19 11:00:00,122.19999999999993
2023-04-19 12:00:00,122.79999999999993
2023-04-19 13:00:00,120.09999999999994
2023-04-19 14:00:00,119.89999999999992
2023-04-19 15:00:00,124.39999999999992
2023-04-19 16:00:00,124.34999999999994
2023-04-19 17:00:00,122.64999999999992
2023-04-19 18:00:00,120.74999999999991
2023-04-19 23:00:00,121.69999999999993
2023-04-20 09:15:00,118.39999999999992
2023-04-20 10:00:00,117.59999999999994
2023-04-20 11:00:00,118.49999999999991
2023-04-20 12:00:00,117.44999999999993
2023-04-20 13:00:00,116.24999999999991
2023-04-20 14:00:00,116.49999999999991
2023-04-20 15:00:00,116.39999999999992
2023-04-20 16:00:00,116.04999999999993
2023-04-20 17:00:00,115.94999999999993
2023-04-20 18:00:00,115.79999999999993
2023-04-20 23:00:00,115.44999999999993
2023-04-21 09:15:00,115.69999999999993
2023-04-21 10:00:00,115.34999999999994
2023-04-21 11:00:00,115.29999999999993
2023-04-21 12:00:00,114.34999999999994
2023-04-21 13:00:00,115.79999999999993
2023-04-21 14:00:00,114.54999999999993
2023-04-21 15:00:00,112.64999999999992
2023-04-21 16:00:00,112.24999999999991
2023-04-21 17:00:00,113.29999999999993
2023-04-21 18:00:00,113.09999999999994
2023-04-21 23:00:00,112.99999999999991
2023-04-24 09:15:00,114.44999999999993
2023-04-24 10:00:00,113.54999999999993
2023-04-24 11:00:00,113.89999999999992
2023-04-24 12:00:00,113.14999999999992
2023-04-24 13:00:00,113.89999999999992
2023-04-24 14:00:00,116.49999999999991
2023-04-24 15:00:00,116.54999999999993
2023-04-24 16:00:00,116.39999999999992
2023-04-24 17:00:00,113.59999999999994
2023-04-24 18:00:00,114.19999999999993
2023-04-24 23:00:00,114.99999999999991
2023-04-25 09:15:00,110.64999999999992
2023-04-25 10:00:00,110.49999999999991
2023-04-25 11:00:00,109.99999999999991
2023-04-25 12:00:00,110.49999999999991
2023-04-25 13:00:00,110.19999999999993
2023-04-25 14:00:00,109.09999999999994
2023-04-25 15:00:00,109.59999999999994
2023-04-25 16:00:00,109.89999999999992
2023-04-25 17:00:00,110.59999999999994
2023-04-25 18:00:00,110.89999999999992
2023-04-25 23:00:00,109.94999999999993
2023-04-26 09:15:00,111.19999999999993
2023-04-26 10:00:00,111.39999999999992
2023-04-26 11:00:00,111.24999999999991
2023-04-26 12:00:00,111.29999999999993
2023-04-26 13:00:00,111.49999999999991
2023-04-26 14:00:00,112.44999999999993
2023-04-26 15:00:00,115.14999999999992
2023-04-26 16:00:00,113.74999999999991
2023-04-26 17:00:00,113.64999999999992
2023-04-26 18:00:00,112.89999999999992
2023-04-26 23:00:00,113.14999999999992
2023-04-27 09:15:00,111.04999999999993
2023-04-27 10:00:00,109.64999999999992
2023-04-27 11:00:00,109.64999999999992
2023-04-27 12:00:00,109.54999999999993
2023-04-27 13:00:00,111.09999999999994
2023-04-27 14:00:00,112.09999999999994
2023-04-27 15:00:00,110.54999999999993
2023-04-27 16:00:00,109.79999999999993
2023-04-27 17:00:00,110.09999999999994
2023-04-27 18:00:00,110.14999999999992
2023-04-27 23:00:00,109.74999999999991
2023-04-28 09:15:00,107.84999999999994
2023-04-28 10:00:00,108.59999999999994
2023-04-28 11:00:00,108.24999999999991
2023-04-28 12:00:00,108.44999999999993
2023-04-28 13:00:00,107.09999999999994
2023-04-28 14:00:00,106.99999999999991
2023-04-28 15:00:00,107.39999999999992
2023-04-28 16:00:00,107.89999999999992
2023-04-28 17:00:00,107.19999999999993
2023-04-28 18:00:00,107.29999999999993
2023-04-28 23:00:00,107.49999999999991
2023-05-01 12:30:00,107.29999999999993
2023-05-01 13:00:00,106.44999999999993
2023-05-01 14:00:00,106.59999999999994
2023-05-01 15:00:00,106.19999999999993
2023-05-01 16:00:00,105.74999999999991
2023-05-01 17:00:00,106.54999999999993
2023-05-01 18:00:00,106.49999999999991
2023-05-01 23:00:00,107.14999999999992
2023-05-02 09:15:00,106.69999999999993
2023-05-02 10:00:00,105.64999999999992
2023-05-02 11:00:00,106.24999999999991
2023-05-02 12:00:00,105.94999999999993
2023-05-02 13:00:00,107.69999999999993
2023-05-02 14:00:00,106.99999999999991
2023-05-02 15:00:00,106.79999999999993
2023-05-02 16:00:00,108.59999999999994
2023-05-02 17:00:00,108.09999999999994
2023-05-02 18:00:00,108.04999999999993
2023-05-02 23:00:00,108.29999999999993
2023-05-03 09:15:00,107.99999999999991
2023-05-03 10:00:00,108.84999999999994
2023-05-03 11:00:00,108.24999999999991
2023-05-03 12:00:00,106.19999999999993
2023-05-03 13:00:00,103.84999999999994
2023-05-03 14:00:00,104.19999999999993
2023-05-03 15:00:00,107.99999999999991
2023-05-03 16:00:00,108.29999999999993
2023-05-03 17:00:00,106.14999999999992
2023-05-03 18:00:00,105.94999999999993
2023-05-03 23:00:00,107.04999999999993
2023-05-04 09:15:00,105.39999999999992
2023-05-04 10:00:00,105.59999999999994
2023-05-04 11:00:00,105.94999999999993
2023-05-04 12:00:00,105.34999999999994
2023-05-04 13:00:00,104.14999999999992
2023-05-04 14:00:00,103.49999999999991
2023-05-04 15:00:00,105.44999999999993
2023-05-04 16:00:00,104.74999999999991
2023-05-04 17:00:00,104.74999999999991
2023-05-04 18:00:00,105.29999999999993
2023-05-04 23:00:00,104.49999999999991
2023-05-05 09:15:00,105.29999999999993
2023-05-05 10:00:00,106.99999999999991
2023-05-05 11:00:00,108.69999999999993
2023-05-05 12:00:00,109.04999999999993
2023-05-05 13:00:00,108.24999999999991
2023-05-05 14:00:00,105.79999999999993
2023-05-05 15:00:00,107.79999999999993
2023-05-05 16:00:00,109.19999999999993
2023-05-05 17:00:00,109.59999999999994
2023-05-05 18:00:00,109.49999999999991
2023-05-05 23:00:00,109.59999999999994
2023-05-08 12:30:00,111.34999999999994
2023-05-08 13:00:00,106.19999999999993
2023-05-08 14:00:00,105.89999999999992
2023-05-08 15:00:00,105.79999999999993
2023-05-08 16:00:00,105.54999999999993
2023-05-08 17:00:00,105.74999999999991
2023-05-08 18:00:00,105.89999999999992
2023-05-08 23:00:00,105.49999999999991
2023-05-09 09:15:00,106.49999999999991
2023-05-09 10:00:00,105.79999999999993
2023-05-09 11:00:00,106.14999999999992
2023-05-09 12:00:00,106.69999999999993
2023-05-09 13:00:00,106.94999999999993
2023-05-09 14:00:00,108.24999999999991
2023-05-09 15:00:00,107.29999999999993
2023-05-09 16:00:00,107.79999999999993
2023-05-09 17:00:00,107.84999999999994
2023-05-09 18:00:00,108.24999999999991
2023-05-09 23:00:00,108.04999999999993
2023-05-10 09:15:00,108.04999999999993
2023-05-10 10:00:00,107.29999999999993
2023-05-10 11:00:00,107.14999999999992
2023-05-10 12:00:00,107.09999999999994
2023-05-10 13:00:00,108.59999999999994
2023-05-10 14:00:00,107.54999999999993
2023-05-10 15:00:00,106.89999999999992
2023-05-10 16:00:00,107.39999999999992
2023-05-10 17:00:00,107.59999999999994
2023-05-10 18:00:00,107.09999999999994
2023-05-10 23:00:00,107.49999999999991
2023-05-11 09:15:00,107.79999999999993
2023-05-11 10:00:00,107.09999999999994
2023-05-11 11:00:00,106.49999999999991
2023-05-11 12:00:00,104.89999999999992
2023-05-11 13:00:00,104.79999999999993
2023-05-11 14:00:00,104.59999999999994
2023-05-11 15:00:00,105.84999999999994
2023-05-11 16:00:00,105.59999999999994
2023-05-11 17:00:00,104.24999999999991
2023-05-11 18:00:00,103.94999999999993
2023-05-11 23:00:00,104.54999999999993
2023-05-12 09:15:00,104.59999999999994
2023-05-12 10:00:00,104.64999999999992
2023-05-12 11:00:00,105.24999999999991
2023-05-12 12:00:00,105.44999999999993
2023-05-12 13:00:00,106.79999999999993
2023-05-12 14:00:00,106.14999999999992
2023-05-12 15:00:00,104.39999999999992
2023-05-12 16:00:00,102.49999999999991
2023-05-12 17:00:00,103.89999999999992
2023-05-12 18:00:00,104.09999999999994
2023-05-12 23:00:00,104.39999999999992
2023-05-15 09:15:00,103.94999999999993
2023-05-15 10:00:00,104.54999999999993
2023-05-15 11:00:00,105.64999999999992
2023-05-15 12:00:00,106.14999999999992
2023-05-15 13:00:00,110.14999999999992
2023-05-15 14:00:00,107.99999999999991
2023-05-15 15:00:00,109.24999999999991
2023-05-15 16:00:00,110.09999999999994
2023-05-15 17:00:00,110.69999999999993
2023-05-15 18:00:00,109.74999999999991
2023-05-15 23:00:00,110.94999999999993
2023-05-16 09:15:00,109.34999999999994
2023-05-16 10:00:00,108.89999999999992
2023-05-16 11:00:00,108.69999999999993
2023-05-16 12:00:00,108.94999999999993
2023-05-16 13:00:00,113.04999999999993
2023-05-16 14:00:00,113.94999999999993
2023-05-16 15:00:00,108.64999999999992
2023-05-16 16:00:00,107.99999999999991
2023-05-16 17:00:00,107.54999999999993
2023-05-16 18:00:00,107.89999999999992
2023-05-16 23:00:00,108.34999999999994
2023-05-17 09:15:00,106.74999999999991
2023-05-17 10:00:00,107.89999999999992
2023-05-17 11:00:00,109.09999999999994
2023-05-17 12:00:00,107.64999999999992
2023-05-17 13:00:00,107.29999999999993
2023-05-17 14:00:00,107.44999999999993
2023-05-17 15:00:00,106.59999999999994
2023-05-17 16:00:00,107.09999999999994
2023-05-17 17:00:00,107.99999999999991
2023-05-17 18:00:00,107.84999999999994
2023-05-17 23:00:00,107.59999999999994
2023-05-18 09:15:00,106.84999999999994
2023-05-18 10:00:00,106.09999999999994
2023-05-18 11:00:00,106.04999999999993
2023-05-18 12:00:00,105.74999999999991
2023-05-18 13:00:00,105.39999999999992
2023-05-18 14:00:00,106.54999999999993
2023-05-18 15:00:00,105.79999999999993
2023-05-18 16:00:00,107.89999999999992
2023-05-18 17:00:00,107.59999999999994
2023-05-18 18:00:00,107.59999999999994
2023-05-18 23:00:00,108.19999999999993
2023-05-19 09:15:00,110.09999999999994
2023-05-19 10:00:00,110.19999999999993
2023-05-19 11:00:00,111.19999999999993
2023-05-19 12:00:00,111.69999999999993
2023-05-19 13:00:00,115.44999999999993
2023-05-19 14:00:00,113.64999999999992
2023-05-19 15:00:00,112.89999999999992
2023-05-19 16:00:00,112.89999999999992
2023-05-19 17:00:00,112.99999999999991
2023-05-19 18:00:00,112.24999999999991
2023-05-19 23:00:00,113.54999999999993
2023-05-22 09:15:00,111.94999999999993
2023-05-22 10:00:00,113.69999999999993
2023-05-22 11:00:00,113.24999999999991
2023-05-22 12:00:00,113.89999999999992
2023-05-22 13:00:00,112.69999999999993
2023-05-22 14:00:00,109.29999999999993
2023-05-22 15:00:00,110.34999999999994
2023-05-22 16:00:00,111.34999999999994
2023-05-22 17:00:00,110.89999999999992
2023-05-22 18:00:00,110.69999999999993
2023-05-22 23:00:00,110.74999999999991
2023-05-23 09:15:00,111.24999999999991
2023-05-23 10:00:00,110.04999999999993
2023-05-23 11:00:00,110.34999999999994
2023-05-23 12:00:00,108.69999999999993
2023-05-23 13:00:00,109.44999999999993
2023-05-23 14:00:00,109.69999999999993
2023-05-23 15:00:00,109.54999999999993
2023-05-23 16:00:00,108.79999999999993
2023-05-23 17:00:00,109.44999999999993
2023-05-23 18:00:00,109.24999999999991
2023-05-23 23:00:00,108.99999999999991
2023-05-24 09:15:00,110.19999999999993
2023-05-24 10:00:00,108.74999999999991
2023-05-24 11:00:00,108.49999999999991
2023-05-24 12:00:00,109.49999999999991
2023-05-24 13:00:00,109.89999999999992
2023-05-24 14:00:00,108.99999999999991
2023-05-24 15:00:00,109.24999999999991
2023-05-24 16:00:00,109.34999999999994
2023-05-24 17:00:00,109.29999999999993
2023-05-24 18:00:00,109.19999999999993
2023-05-24 23:00:00,109.54999999999993
2023-05-25 09:15:00,108.54999999999993
2023-05-25 10:00:00,108.04999999999993
2023-05-25 11:00:00,107.94999999999993
2023-05-25 12:00:00,107.64999999999992
2023-05-25 13:00:00,106.44999999999993
2023-05-25 14:00:00,107.04999999999993
2023-05-25 15:00:00,107.29999999999993
2023-05-25 16:00:00,104.74999999999991
2023-05-25 17:00:00,103.64999999999992
2023-05-25 18:00:00,103.49999999999991
2023-05-25 23:00:00,104.24999999999991
2023-05-26 09:15:00,104.84999999999994
2023-05-26 10:00:00,103.19999999999993
2023-05-26 11:00:00,104.09999999999994
2023-05-26 12:00:00,103.19999999999993
2023-05-26 13:00:00,105.69999999999993
2023-05-26 14:00:00,103.99999999999991
2023-05-26 15:00:00,103.14999999999992
2023-05-26 16:00:00,101.84999999999994
2023-05-26 17:00:00,103.09999999999994
2023-05-26 18:00:00,102.39999999999992
2023-05-26 23:00:00,103.14999999999992
2023-05-30 09:15:00,102.04999999999993
2023-05-30 10:00:00,102.44999999999993
2023-05-30 11:00:00,102.64999999999992
2023-05-30 12:00:00,102.24999999999991
2023-05-30 13:00:00,100.09999999999994
2023-05-30 14:00:00,98.49999999999991
2023-05-30 15:00:00,98.09999999999994
2023-05-30 16:00:00,98.64999999999992
2023-05-30 17:00:00,98.89999999999992
2023-05-30 18:00:00,98.69999999999993
2023-05-30 18:00:01,98.69999999999993
2023-05-30 23:00:00,98.59999999999994
2023-05-31 09:15:00,98.09999999999994
2023-05-31 10:00:00,97.59999999999994
2023-05-31 11:00:00,97.49999999999994
2023-05-31 12:00:00,97.49999999999994
2023-05-31 13:00:00,98.14999999999995
2023-05-31 14:00:00,98.99999999999994
2023-05-31 15:00:00,99.54999999999995
2023-05-31 16:00:00,100.34999999999994
2023-05-31 17:00:00,99.49999999999994
2023-05-31 18:00:00,99.59999999999994
2023-05-31 23:00:00,99.59999999999994
2023-06-01 09:15:00,100.94999999999993
2023-06-01 10:00:00,102.29999999999995
2023-06-01 11:00:00,102.94999999999993
2023-06-01 12:00:00,102.99999999999994
2023-06-01 13:00:00,104.09999999999994
2023-06-01 14:00:00,105.09999999999994
2023-06-01 15:00:00,104.24999999999994
2023-06-01 16:00:00,104.44999999999993
2023-06-01 17:00:00,104.84999999999994
2023-06-01 18:00:00,104.69999999999993
2023-06-01 23:00:00,103.99999999999994
2023-06-02 09:15:00,103.59999999999994
2023-06-02 10:00:00,105.09999999999994
2023-06-02 11:00:00,104.79999999999995
2023-06-02 12:00:00,104.79999999999995
2023-06-02 13:00:00,107.54999999999995
2023-06-02 14:00:00,105.94999999999993
2023-06-02 15:00:00,103.39999999999995
2023-06-02 16:00:00,101.34999999999994
2023-06-02 17:00:00,102.09999999999994
2023-06-02 18:00:00,101.64999999999995
2023-06-02 23:00:00,101.44999999999993
2023-06-05 09:15:00,101.04999999999995
2023-06-05 10:00:00,101.44999999999993
2023-06-05 11:00:00,101.44999999999993
2023-06-05 12:00:00,102.54999999999995
2023-06-05 13:00:00,103.44999999999993
2023-06-05 14:00:00,103.04999999999995
2023-06-05 15:00:00,103.34999999999994
2023-06-05 16:00:00,103.19999999999993
2023-06-05 17:00:00,103.59999999999994
2023-06-05 18:00:00,103.69999999999993
2023-06-05 23:00:00,103.94999999999993
2023-06-06 09:15:00,103.54999999999995
2023-06-06 10:00:00,104.29999999999995
2023-06-06 11:00:00,104.44999999999993
2023-06-06 12:00:00,104.84999999999994
2023-06-06 13:00:00,105.04999999999995
2023-06-06 14:00:00,104.19999999999993
2023-06-06 15:00:00,103.79999999999995
2023-06-06 16:00:00,103.54999999999995
2023-06-06 17:00:00,104.14999999999995
2023-06-06 18:00:00,104.34999999999994
2023-06-06 23:00:00,103.29999999999995
2023-06-07 09:15:00,104.59999999999994
2023-06-07 10:00:00,105.49999999999994
2023-06-07 11:00:00,105.74999999999994
2023-06-07 12:00:00,105.94999999999993
2023-06-07 13:00:00,104.69999999999993
2023-06-07 14:00:00,104.54999999999995
2023-06-07 15:00:00,104.29999999999995
2023-06-07 16:00:00,105.29999999999995
2023-06-07 17:00:00,105.74999999999994
2023-06-07 18:00:00,105.84999999999994
2023-06-07 23:00:00,105.44999999999993
2023-06-08 09:15:00,105.39999999999995
2023-06-08 10:00:00,104.94999999999993
2023-06-08 11:00:00,105.64999999999995
2023-06-08 12:00:00,107.14999999999995
2023-06-08 13:00:00,108.29999999999995
2023-06-08 14:00:00,111.69999999999993
2023-06-08 15:00:00,111.74999999999994
2023-06-08 16:00:00,113.19999999999993
2023-06-08 17:00:00,114.29999999999995
2023-06-08 18:00:00,114.74999999999994
2023-06-08 23:00:00,114.09999999999994
2023-06-09 09:15:00,114.14999999999995
2023-06-09 10:00:00,113.94999999999993
2023-06-09 11:00:00,114.49999999999994
2023-06-09 12:00:00,114.69999999999993
2023-06-09 13:00:00,113.89999999999995
2023-06-09 14:00:00,110.49999999999994
2023-06-09 15:00:00,111.34999999999994
2023-06-09 16:00:00,110.59999999999994
2023-06-09 17:00:00,110.19999999999993
2023-06-09 18:00:00,111.14999999999995
2023-06-09 23:00:00,110.39999999999995
2023-06-12 09:15:00,109.84999999999994
2023-06-12 10:00:00,110.59999999999994
2023-06-12 11:00:00,110.94999999999993
2023-06-12 12:00:00,111.39999999999995
2023-06-12 13:00:00,107.14999999999995
2023-06-12 14:00:00,106.94999999999993
2023-06-12 15:00:00,105.84999999999994
2023-06-12 16:00:00,104.94999999999993
2023-06-12 17:00:00,105.19999999999993
2023-06-12 18:00:00,105.44999999999993
2023-06-12 23:00:00,105.24999999999994
2023-06-13 09:15:00,105.69999999999993
2023-06-13 10:00:00,105.24999999999994
2023-06-13 11:00:00,104.04999999999995
2023-06-13 12:00:00,103.84999999999994
2023-06-13 13:00:00,102.19999999999993
2023-06-13 14:00:00,102.94999999999993
2023-06-13 15:00:00,103.74999999999994
2023-06-13 16:00:00,102.44999999999993
2023-06-13 17:00:00,102.34999999999994
2023-06-13 18:00:00,102.04999999999995
2023-06-13 23:00:00,102.44999999999993
2023-06-14 09:15:00,102.89999999999995
2023-06-14 10:00:00,101.89999999999995
2023-06-14 11:00:00,101.89999999999995
2023-06-14 12:00:00,102.04999999999995
2023-06-14 13:00:00,101.54999999999995
2023-06-14 14:00:00,103.34999999999994
2023-06-14 15:00:00,101.89999999999995
2023-06-14 16:00:00,102.79999999999995
2023-06-14 17:00:00,103.14999999999995
2023-06-14 18:00:00,103.04999999999995
2023-06-14 23:00:00,103.89999999999995
2023-06-15 09:15:00,105.39999999999995
2023-06-15 10:00:00,105.04999999999995
2023-06-15 11:00:00,104.94999999999993
2023-06-15 12:00:00,106.34999999999994
2023-06-15 13:00:00,107.04999999999995
2023-06-15 14:00:00,107.09999999999994
2023-06-15 15:00:00,106.19999999999993
2023-06-15 16:00:00,106.39999999999995
2023-06-15 17:00:00,106.84999999999994
2023-06-15 18:00:00,106.94999999999993
2023-06-15 23:00:00,106.69999999999993
2023-06-16 09:15:00,105.49999999999994
2023-06-16 10:00:00,106.14999999999995
2023-06-16 11:00:00,105.59999999999994
2023-06-16 12:00:00,106.29999999999995
2023-06-16 13:00:00,105.74999999999994
2023-06-16 14:00:00,105.29999999999995
2023-06-16 15:00:00,105.44999999999993
2023-06-16 16:00:00,103.89999999999995
2023-06-16 17:00:00,104.69999999999993
2023-06-16 18:00:00,105.14999999999995
2023-06-16 23:00:00,104.49999999999994
2023-06-20 09:15:00,104.49999999999994
2023-06-20 10:00:00,103.34999999999994
2023-06-20 11:00:00,102.34999999999994
2023-06-20 12:00:00,101.54999999999995
2023-06-20 13:00:00,100.49999999999994
2023-06-20 14:00:00,100.09999999999994
2023-06-20 15:00:00,100.49999999999994
2023-06-20 16:00:00,98.89999999999995
2023-06-20 17:00:00,100.39999999999995
2023-06-20 18:00:00,100.09999999999994
2023-06-20 23:00:00,99.84999999999994
2023-06-21 09:15:00,100.24999999999994
2023-06-21 10:00:00,99.14999999999995
2023-06-21 11:00:00,98.89999999999995
2023-06-21 12:00:00,98.14999999999995
2023-06-21 13:00:00,97.19999999999993
2023-06-21 14:00:00,96.49999999999994
2023-06-21 15:00:00,94.84999999999994
2023-06-21 16:00:00,94.94999999999993
2023-06-21 17:00:00,95.49999999999994
2023-06-21 18:00:00,95.74999999999994
2023-06-21 23:00:00,95.99999999999994
2023-06-22 09:15:00,95.19999999999993
2023-06-22 10:00:00,94.64999999999995
2023-06-22 11:00:00,94.04999999999995
2023-06-22 12:00:00,94.44999999999993
2023-06-22 13:00:00,92.49999999999994
2023-06-22 14:00:00,94.44999999999993
2023-06-22 15:00:00,93.79999999999995
2023-06-22 16:00:00,93.99999999999994
2023-06-22 17:00:00,93.99999999999994
2023-06-22 18:00:00,93.64999999999995
2023-06-22 23:00:00,93.99999999999994
2023-06-23 09:15:00,92.19999999999993
2023-06-23 10:00:00,92.34999999999994
2023-06-23 11:00:00,89.99999999999994
2023-06-23 12:00:00,89.69999999999993
2023-06-23 13:00:00,89.74999999999994
2023-06-23 14:00:00,89.14999999999995
2023-06-23 15:00:00,88.94999999999993
2023-06-23 16:00:00,88.49999999999994
2023-06-23 17:00:00,88.64999999999995
2023-06-23 18:00:00,88.09999999999994
2023-06-23 23:00:00,88.59999999999994
2023-06-26 09:15:00,89.89999999999995
2023-06-26 10:00:00,90.14999999999995
2023-06-26 11:00:00,89.54999999999995
2023-06-26 12:00:00,90.04999999999995
2023-06-26 13:00:00,89.49999999999994
2023-06-26 14:00:00,88.64999999999995
2023-06-26 15:00:00,87.44999999999993
2023-06-26 16:00:00,88.29999999999995
2023-06-26 17:00:00,88.49999999999994
2023-06-26 18:00:00,88.29999999999995
2023-06-26 23:00:00,88.89999999999995
2023-06-27 09:15:00,88.14999999999995
2023-06-27 10:00:00,89.39999999999995
2023-06-27 11:00:00,89.99999999999994
2023-06-27 12:00:00,88.84999999999994
2023-06-27 13:00:00,87.89999999999995
2023-06-27 14:00:00,89.44999999999993
2023-06-27 15:00:00,88.94999999999993
2023-06-27 16:00:00,89.39999999999995
2023-06-27 17:00:00,90.84999999999994
2023-06-27 18:00:00,89.84999999999994
2023-06-27 23:00:00,90.69999999999993
2023-06-28 09:15:00,89.74999999999994
2023-06-28 10:00:00,89.84999999999994
2023-06-28 11:00:00,88.34999999999994
2023-06-28 12:00:00,88.39999999999995
2023-06-28 13:00:00,86.79999999999995
2023-06-28 14:00:00,85.64999999999995
2023-06-28 15:00:00,85.94999999999993
2023-06-28 16:00:00,85.89999999999995
2023-06-28 17:00:00,85.09999999999994
2023-06-28 18:00:00,85.14999999999995
2023-06-28 23:00:00,85.69999999999993
2023-06-29 09:15:00,86.84999999999994
2023-06-29 10:00:00,85.99999999999994
2023-06-29 11:00:00,85.59999999999994
2023-06-29 12:00:00,85.04999999999995
2023-06-29 13:00:00,83.79999999999995
2023-06-29 14:00:00,82.84999999999994
2023-06-29 15:00:00,82.94999999999993
2023-06-29 16:00:00,85.09999999999994
2023-06-29 17:00:00,85.49999999999994
2023-06-29 18:00:00,85.84999999999994
2023-06-29 23:00:00,85.34999999999994
2023-06-30 09:15:00,85.09999999999994
2023-06-30 10:00:00,84.79999999999995
2023-06-30 11:00:00,84.89999999999995
2023-06-30 12:00:00,84.99999999999994
2023-06-30 13:00:00,86.64999999999995
2023-06-30 14:00:00,84.99999999999994
2023-06-30 15:00:00,84.49999999999994
2023-06-30 16:00:00,82.99999999999994
2023-06-30 17:00:00,82.74999999999994
2023-06-30 18:00:00,82.74999999999994
2023-06-30 23:00:00,82.74999999999994
2023-07-03 09:15:00,83.89999999999995
2023-07-03 10:00:00,84.49999999999994
2023-07-03 11:00:00,84.39999999999995
2023-07-03 12:00:00,84.44999999999993
2023-07-03 13:00:00,85.94999999999993
2023-07-03 14:00:00,84.54999999999995
2023-07-03 15:00:00,85.34999999999994
2023-07-03 16:00:00,84.89999999999995
2023-07-03 17:00:00,84.34999999999994
2023-07-03 18:00:00,84.14999999999995
2023-07-03 23:00:00,84.24999999999994
2023-07-05 09:15:00,83.34999999999994
2023-07-05 10:00:00,83.69999999999993
2023-07-05 11:00:00,83.39999999999995
2023-07-05 12:00:00,84.59999999999994
2023-07-05 13:00:00,85.64999999999995
2023-07-05 14:00:00,83.14999999999995
2023-07-05 15:00:00,83.14999999999995
2023-07-05 16:00:00,82.79999999999995
2023-07-05 17:00:00,82.54999999999995
2023-07-05 18:00:00,82.14999999999995
2023-07-05 23:00:00,82.64999999999995
2023-07-06 09:15:00,81.89999999999995
2023-07-06 10:00:00,80.19999999999993
2023-07-06 11:00:00,80.24999999999994
2023-07-06 12:00:00,80.39999999999995
2023-07-06 13:00:00,79.69999999999993
2023-07-06 14:00:00,86.19999999999993
2023-07-06 15:00:00,83.84999999999994
2023-07-06 16:00:00,84.49999999999994
2023-07-06 17:00:00,82.79999999999995
2023-07-06 18:00:00,84.34999999999994
2023-07-06 23:00:00,84.19999999999993
2023-07-07 09:15:00,84.59999999999994
2023-07-07 10:00:00,83.44999999999993
2023-07-07 11:00:00,83.04999999999995
2023-07-07 12:00:00,82.64999999999995
2023-07-07 13:00:00,83.69999999999993
2023-07-07 14:00:00,85.79999999999995
2023-07-07 15:00:00,85.19999999999993
2023-07-07 16:00:00,84.34999999999994
2023-07-07 17:00:00,83.79999999999995
2023-07-07 18:00:00,83.54999999999995
2023-07-07 23:00:00,84.64999999999995
2023-07-10 09:15:00,83.59999999999994
2023-07-10 10:00:00,83.74999999999994
2023-07-10 11:00:00,83.99999999999994
2023-07-10 12:00:00,84.19999999999993
2023-07-10 13:00:00,82.99999999999994
2023-07-10 14:00:00,83.54999999999995
2023-07-10 15:00:00,85.34999999999994
2023-07-10 16:00:00,84.14999999999995
2023-07-10 17:00:00,83.74999999999994
2023-07-10 18:00:00,84.09999999999994
2023-07-10 23:00:00,83.59999999999994
2023-07-11 09:15:00,84.14999999999995
2023-07-11 10:00:00,84.19999999999993
2023-07-11 11:00:00,81.59999999999994
2023-07-11 12:00:00,81.79999999999995
2023-07-11 13:00:00,80.34999999999994
2023-07-11 14:00:00,79.64999999999995
2023-07-11 15:00:00,81.79999999999995
2023-07-11 16:00:00,81.99999999999994
2023-07-11 17:00:00,80.84999999999994
2023-07-11 18:00:00,81.19999999999993
2023-07-11 23:00:00,81.29999999999995
2023-07-12 09:15:00,81.49999999999994
2023-07-12 10:00:00,81.89999999999995
2023-07-12 11:00:00,81.04999999999995
2023-07-12 12:00:00,81.94999999999993
2023-07-12 13:00:00,82.14999999999995
2023-07-12 14:00:00,80.39999999999995
2023-07-12 15:00:00,81.99999999999994
2023-07-12 16:00:00,81.94999999999993
2023-07-12 17:00:00,80.94999999999993
2023-07-12 18:00:00,81.14999999999995
2023-07-12 23:00:00,80.74999999999994
2023-07-13 09:15:00,80.89999999999995
2023-07-13 10:00:00,80.64999999999995
2023-07-13 11:00:00,80.29999999999995
2023-07-13 12:00:00,81.24999999999994
2023-07-13 13:00:00,81.89999999999995
2023-07-13 14:00:00,81.19999999999993
2023-07-13 15:00:00,82.89999999999995
2023-07-13 16:00:00,81.74999999999994
2023-07-13 17:00:00,82.24999999999994
2023-07-13 18:00:00,82.24999999999994
2023-07-13 23:00:00,81.34999999999994
2023-07-14 09:15:00,82.49999999999994
2023-07-14 10:00:00,82.39999999999995
2023-07-14 11:00:00,82.59999999999994
2023-07-14 12:00:00,82.54999999999995
2023-07-14 13:00:00,83.89999999999995
2023-07-14 14:00:00,83.34999999999994
2023-07-14 15:00:00,84.64999999999995
2023-07-14 16:00:00,84.79999999999995
2023-07-14 17:00:00,83.79999999999995
2023-07-14 18:00:00,83.44999999999993
2023-07-14 23:00:00,84.54999999999995
2023-07-17 09:15:00,83.99999999999994
2023-07-17 10:00:00,84.54999999999995
2023-07-17 11:00:00,84.44999999999993
2023-07-17 12:00:00,83.24999999999994
2023-07-17 13:00:00,80.84999999999994
2023-07-17 14:00:00,81.64999999999995
2023-07-17 15:00:00,80.04999999999995
2023-07-17 16:00:00,80.29999999999995
2023-07-17 17:00:00,79.34999999999994
2023-07-17 18:00:00,78.89999999999995
2023-07-17 23:00:00,79.54999999999995
2023-07-18 09:15:00,79.89999999999995
2023-07-18 10:00:00,79.44999999999993
2023-07-18 11:00:00,79.19999999999993
2023-07-18 12:00:00,79.64999999999995
2023-07-18 13:00:00,79.44999999999993
2023-07-18 14:00:00,80.74999999999994
2023-07-18 15:00:00,80.59999999999994
2023-07-18 16:00:00,79.94999999999993
2023-07-18 17:00:00,79.49999999999994
2023-07-18 18:00:00,79.64999999999995
2023-07-18 23:00:00,80.04999999999995
2023-07-19 09:15:00,80.24999999999994
2023-07-19 10:00:00,80.94999999999993
2023-07-19 11:00:00,80.34999999999994
2023-07-19 12:00:00,81.09999999999994
2023-07-19 13:00:00,80.04999999999995
2023-07-19 14:00:00,80.54999999999995
2023-07-19 15:00:00,79.69999999999993
2023-07-19 16:00:00,79.24999999999994
2023-07-19 17:00:00,79.44999999999993
2023-07-19 18:00:00,79.44999999999993
2023-07-19 23:00:00,79.24999999999994
2023-07-20 09:15:00,80.69999999999993
2023-07-20 10:00:00,80.79999999999995
2023-07-20 11:00:00,80.64999999999995
2023-07-20 12:00:00,79.54999999999995
2023-07-20 13:00:00,80.74999999999994
2023-07-20 14:00:00,83.09999999999994
2023-07-20 15:00:00,81.19999999999993
2023-07-20 16:00:00,80.94999999999993
2023-07-20 17:00:00,82.34999999999994
2023-07-20 18:00:00,82.54999999999995
2023-07-20 23:00:00,81.79999999999995
2023-07-21 09:15:00,82.04999999999995
2023-07-21 10:00:00,81.49999999999994
2023-07-21 11:00:00,80.84999999999994
2023-07-21 12:00:00,80.99999999999994
2023-07-21 13:00:00,82.59999999999994
2023-07-21 14:00:00,82.64999999999995
2023-07-21 15:00:00,84.99999999999994
2023-07-21 16:00:00,84.99999999999994
2023-07-21 17:00:00,85.29999999999995
2023-07-21 18:00:00,84.59999999999994
2023-07-21 23:00:00,85.59999999999994
2023-07-24 09:15:00,86.39999999999995
2023-07-24 10:00:00,87.59999999999994
2023-07-24 11:00:00,86.84999999999994
2023-07-24 12:00:00,87.84999999999994
2023-07-24 13:00:00,87.84999999999994
2023-07-24 14:00:00,88.04999999999995
2023-07-24 15:00:00,87.89999999999995
2023-07-24 16:00:00,87.24999999999994
2023-07-24 17:00:00,87.14999999999995
2023-07-24 18:00:00,86.84999999999994
2023-07-24 23:00:00,86.74999999999994
2023-07-25 09:15:00,86.99999999999994
2023-07-25 10:00:00,86.24999999999994
2023-07-25 11:00:00,85.89999999999995
2023-07-25 12:00:00,85.94999999999993
2023-07-25 13:00:00,86.24999999999994
2023-07-25 14:00:00,86.24999999999994
2023-07-25 15:00:00,86.79999999999995
2023-07-25 16:00:00,86.14999999999995
2023-07-25 17:00:00,85.49999999999994
2023-07-25 18:00:00,85.59999999999994
2023-07-25 18:00:01,85.59999999999994
2023-07-25 23:00:00,85.69999999999993
2023-07-26 09:15:00,84.64999999999995
2023-07-26 10:00:00,84.74999999999994
2023-07-26 11:00:00,83.84999999999994
2023-07-26 12:00:00,84.09999999999994
2023-07-26 13:00:00,83.99999999999994
2023-07-26 14:00:00,84.79999999999995
2023-07-26 15:00:00,85.54999999999995
2023-07-26 16:00:00,86.14999999999995
2023-07-26 17:00:00,86.84999999999994
2023-07-26 18:00:00,87.14999999999995
2023-07-26 23:00:00,86.69999999999993
2023-07-27 09:15:00,87.99999999999994
2023-07-27 10:00:00,87.99999999999994
2023-07-27 11:00:00,87.74999999999994
2023-07-27 12:00:00,88.04999999999995
2023-07-27 13:00:00,86.89999999999995
2023-07-27 14:00:00,85.44999999999993
2023-07-27 15:00:00,84.54999999999995
2023-07-27 16:00:00,84.79999999999995
2023-07-27 17:00:00,85.39999999999995
2023-07-27 18:00:00,84.79999999999995
2023-07-27 23:00:00,85.19999999999993
2023-07-28 09:15:00,84.29999999999995
2023-07-28 10:00:00,84.34999999999994
2023-07-28 11:00:00,84.09999999999994
2023-07-28 12:00:00,84.64999999999995
2023-07-28 13:00:00,83.64999999999995
2023-07-28 14:00:00,82.39999999999995
2023-07-28 15:00:00,82.09999999999994
2023-07-28 16:00:00,81.94999999999993
2023-07-28 17:00:00,82.14999999999995
2023-07-28 18:00:00,82.14999999999995
2023-07-28 23:00:00,81.69999999999993
2023-07-31 09:15:00,83.54999999999995
2023-07-31 10:00:00,83.29999999999995
2023-07-31 11:00:00,83.19999999999993
2023-07-31 12:00:00,82.59999999999994
2023-07-31 13:00:00,85.74999999999994
2023-07-31 14:00:00,85.89999999999995
2023-07-31 15:00:00,86.69999999999993
2023-07-31 16:00:00,87.29999999999995
2023-07-31 17:00:00,88.29999999999995
2023-07-31 18:00:00,89.14999999999995
2023-07-31 23:00:00,88.04999999999995
2023-08-01 09:15:00,88.84999999999994
2023-08-01 10:00:00,88.39999999999995
2023-08-01 11:00:00,88.84999999999994
2023-08-01 12:00:00,90.24999999999994
2023-08-01 13:00:00,87.49999999999994
2023-08-01 14:00:00,86.44999999999993
2023-08-01 15:00:00,86.49999999999994
2023-08-01 16:00:00,88.04999999999995
2023-08-01 17:00:00,88.19999999999993
2023-08-01 18:00:00,88.19999999999993
2023-08-01 23:00:00,87.89999999999995
2023-08-02 09:15:00,87.69999999999993
2023-08-02 10:00:00,86.84999999999994
2023-08-02 11:00:00,86.79999999999995
2023-08-02 12:00:00,86.54999999999995
2023-08-02 13:00:00,87.39999999999995
2023-08-02 14:00:00,88.94999999999993
2023-08-02 15:00:00,88.94999999999993
2023-08-02 16:00:00,89.74999999999994
2023-08-02 17:00:00,90.49999999999994
2023-08-02 18:00:00,89.69999999999993
2023-08-02 23:00:00,89.84999999999994
2023-08-03 09:15:00,89.09999999999994
2023-08-03 10:00:00,89.29999999999995
2023-08-03 11:00:00,89.39999999999995
2023-08-03 12:00:00,89.14999999999995
2023-08-03 13:00:00,89.79999999999995
2023-08-03 14:00:00,88.34999999999994
2023-08-03 15:00:00,87.89999999999995
2023-08-03 16:00:00,87.89999999999995
2023-08-03 17:00:00,86.99999999999994
2023-08-03 18:00:00,86.99999999999994
2023-08-03 23:00:00,87.49999999999994
2023-08-04 09:15:00,86.44999999999993
2023-08-04 10:00:00,87.29999999999995
2023-08-04 11:00:00,86.59999999999994
2023-08-04 12:00:00,86.04999999999995
2023-08-04 13:00:00,85.39999999999995
2023-08-04 14:00:00,84.29999999999995
2023-08-04 15:00:00,85.24999999999994
2023-08-04 16:00:00,84.39999999999995
2023-08-04 17:00:00,84.74999999999994
2023-08-04 18:00:00,84.44999999999993
2023-08-04 23:00:00,84.44999999999993
2023-08-07 09:15:00,85.24999999999994
2023-08-07 10:00:00,83.79999999999995
2023-08-07 11:00:00,84.84999999999994
2023-08-07 12:00:00,84.84999999999994
2023-08-07 13:00:00,86.29999999999995
2023-08-07 14:00:00,85.69999999999993
2023-08-07 15:00:00,86.34999999999994
2023-08-07 16:00:00,86.84999999999994
2023-08-07 17:00:00,85.84999999999994
2023-08-07 18:00:00,86.09999999999994
2023-08-07 23:00:00,86.94999999999993
2023-08-08 09:15:00,85.24999999999994
2023-08-08 10:00:00,85.19999999999993
2023-08-08 11:00:00,84.79999999999995
2023-08-08 12:00:00,84.04999999999995
2023-08-08 13:00:00,84.29999999999995
2023-08-08 14:00:00,83.84999999999994
2023-08-08 15:00:00,83.14999999999995
2023-08-08 16:00:00,84.49999999999994
2023-08-08 17:00:00,84.39999999999995
2023-08-08 18:00:00,84.39999999999995
2023-08-08 23:00:00,84.34999999999994
2023-08-09 09:15:00,83.74999999999994
2023-08-09 10:00:00,84.34999999999994
2023-08-09 11:00:00,85.14999999999995
2023-08-09 12:00:00,84.64999999999995
2023-08-09 13:00:00,84.24999999999994
2023-08-09 14:00:00,84.44999999999993
2023-08-09 15:00:00,83.44999999999993
2023-08-09 16:00:00,83.59999999999994
2023-08-09 17:00:00,83.09999999999994
2023-08-09 18:00:00,83.24999999999994
2023-08-09 23:00:00,83.69999999999993
2023-08-10 09:15:00,84.04999999999995
2023-08-10 10:00:00,83.99999999999994
2023-08-10 11:00:00,84.34999999999994
2023-08-10 12:00:00,83.99999999999994
2023-08-10 13:00:00,85.19999999999993
2023-08-10 14:00:00,85.04999999999995
2023-08-10 15:00:00,84.89999999999995
2023-08-10 16:00:00,83.99999999999994
2023-08-10 17:00:00,82.84999999999994
2023-08-10 18:00:00,82.69999999999993
2023-08-10 23:00:00,83.14999999999995
2023-08-11 09:15:00,81.79999999999995
2023-08-11 10:00:00,80.29999999999995
2023-08-11 11:00:00,80.09999999999994
2023-08-11 12:00:00,81.59999999999994
2023-08-11 13:00:00,81.09999999999994
2023-08-11 14:00:00,80.74999999999994
2023-08-11 15:00:00,80.79999999999995
2023-08-11 16:00:00,80.99999999999994
2023-08-11 17:00:00,80.99999999999994
2023-08-11 18:00:00,80.64999999999995
2023-08-11 23:00:00,81.19999999999993
2023-08-14 09:15:00,80.89999999999995
2023-08-14 10:00:00,81.39999999999995
2023-08-14 11:00:00,80.69999999999993
2023-08-14 12:00:00,80.19999999999993
2023-08-14 13:00:00,77.39999999999995
2023-08-14 14:00:00,76.94999999999993
2023-08-14 15:00:00,76.49999999999994
2023-08-14 16:00:00,76.34999999999994
2023-08-14 17:00:00,75.94999999999993
2023-08-14 18:00:00,75.59999999999994
2023-08-14 23:00:00,76.09999999999994
2023-08-15 09:15:00,76.14999999999995
2023-08-15 10:00:00,75.54999999999995
2023-08-15 11:00:00,75.29999999999995
2023-08-15 12:00:00,74.64999999999995
2023-08-15 13:00:00,75.04999999999995
2023-08-15 14:00:00,74.34999999999994
2023-08-15 15:00:00,74.34999999999994
2023-08-15 16:00:00,74.94999999999993
2023-08-15 17:00:00,75.24999999999994
2023-08-15 18:00:00,75.39999999999995
2023-08-15 23:00:00,74.84999999999994
2023-08-16 09:15:00,75.69999999999993
2023-08-16 10:00:00,75.44999999999993
2023-08-16 11:00:00,74.84999999999994
2023-08-16 12:00:00,74.54999999999995
2023-08-16 13:00:00,73.79999999999995
2023-08-16 14:00:00,74.84999999999994
2023-08-16 15:00:00,75.44999999999993
2023-08-16 16:00:00,74.74999999999994
2023-08-16 17:00:00,73.49999999999994
2023-08-16 18:00:00,73.99999999999994
2023-08-16 23:00:00,74.09999999999994
2023-08-17 09:15:00,74.74999999999994
2023-08-17 10:00:00,74.24999999999994
2023-08-17 11:00:00,73.84999999999994
2023-08-17 12:00:00,73.54999999999995
2023-08-17 13:00:00,73.44999999999993
2023-08-17 14:00:00,72.09999999999994
2023-08-17 15:00:00,71.74999999999994
2023-08-17 16:00:00,72.59999999999994
2023-08-17 17:00:00,72.49999999999994
2023-08-17 18:00:00,71.84999999999994
2023-08-17 23:00:00,72.59999999999994
2023-08-18 09:15:00,72.14999999999995
2023-08-18 10:00:00,71.04999999999995
2023-08-18 11:00:00,71.14999999999995
2023-08-18 12:00:00,70.89999999999995
2023-08-18 13:00:00,72.74999999999994
2023-08-18 14:00:00,74.84999999999994
2023-08-18 15:00:00,74.24999999999994
2023-08-18 16:00:00,73.64999999999995
2023-08-18 17:00:00,74.29999999999995
2023-08-18 18:00:00,74.04999999999995
2023-08-18 23:00:00,73.49999999999994
2023-08-21 09:15:00,74.39999999999995
2023-08-21 10:00:00,76.09999999999994
2023-08-21 11:00:00,76.24999999999994
2023-08-21 12:00:00,76.79999999999995
2023-08-21 13:00:00,76.99999999999994
2023-08-21 14:00:00,77.74999999999994
2023-08-21 15:00:00,75.59999999999994
2023-08-21 16:00:00,74.59999999999994
2023-08-21 17:00:00,74.54999999999995
2023-08-21 18:00:00,74.19999999999993
2023-08-21 23:00:00,74.29999999999995
2023-08-22 09:15:00,75.49999999999994
2023-08-22 10:00:00,75.84999999999994
2023-08-22 11:00:00,76.34999999999994
2023-08-22 12:00:00,76.39999999999995
2023-08-22 13:00:00,75.84999999999994
2023-08-22 14:00:00,75.49999999999994
2023-08-22 15:00:00,74.29999999999995
2023-08-22 16:00:00,73.09999999999994
2023-08-22 17:00:00,73.94999999999993
2023-08-22 18:00:00,74.49999999999994
2023-08-22 23:00:00,73.54999999999995
2023-08-23 09:15:00,74.99999999999994
2023-08-23 10:00:00,75.44999999999993
2023-08-23 11:00:00,75.69999999999993
2023-08-23 12:00:00,76.69999999999993
2023-08-23 13:00:00,77.59999999999994
2023-08-23 14:00:00,78.39999999999995
2023-08-23 15:00:00,77.24999999999994
2023-08-23 16:00:00,76.94999999999993
2023-08-23 17:00:00,77.49999999999994
2023-08-23 18:00:00,77.69999999999993
2023-08-23 23:00:00,77.39999999999995
2023-08-24 09:15:00,78.54999999999995
2023-08-24 10:00:00,79.04999999999995
2023-08-24 11:00:00,79.09999999999994
2023-08-24 12:00:00,79.19999999999993
2023-08-24 13:00:00,77.54999999999995
2023-08-24 14:00:00,77.49999999999994
2023-08-24 15:00:00,77.74999999999994
2023-08-24 16:00:00,76.54999999999995
2023-08-24 17:00:00,77.94999999999993
2023-08-24 18:00:00,77.39999999999995
2023-08-24 23:00:00,77.79999999999995
2023-08-25 09:15:00,76.79999999999995
2023-08-25 10:00:00,77.24999999999994
2023-08-25 11:00:00,77.74999999999994
2023-08-25 12:00:00,77.94999999999993
2023-08-25 13:00:00,75.39999999999995
2023-08-25 14:00:00,76.19999999999993
2023-08-25 15:00:00,75.69999999999993
2023-08-25 16:00:00,76.49999999999994
2023-08-25 17:00:00,76.19999999999993
2023-08-25 18:00:00,75.44999999999993
2023-08-25 23:00:00,76.64999999999995
2023-08-28 12:30:00,77.49999999999994
2023-08-28 13:00:00,77.04999999999995
2023-08-28 14:00:00,77.74999999999994
2023-08-28 15:00:00,77.24999999999994
2023-08-28 16:00:00,76.89999999999995
2023-08-28 17:00:00,76.54999999999995
2023-08-28 18:00:00,76.49999999999994
2023-08-28 23:00:00,76.24999999999994
2023-08-29 09:15:00,77.14999999999995
2023-08-29 10:00:00,77.39999999999995
2023-08-29 11:00:00,76.49999999999994
2023-08-29 12:00:00,76.04999999999995
2023-08-29 13:00:00,76.09999999999994
2023-08-29 14:00:00,76.89999999999995
2023-08-29 15:00:00,77.64999999999995
2023-08-29 16:00:00,77.09999999999994
2023-08-29 17:00:00,76.29999999999995
2023-08-29 18:00:00,76.69999999999993
2023-08-29 23:00:00,76.59999999999994
2023-08-30 09:15:00,77.89999999999995
2023-08-30 10:00:00,78.14999999999995
2023-08-30 11:00:00,78.34999999999994
2023-08-30 12:00:00,78.14999999999995
2023-08-30 13:00:00,77.54999999999995
2023-08-30 14:00:00,78.64999999999995
2023-08-30 15:00:00,78.44999999999993
2023-08-30 16:00:00,78.94999999999993
2023-08-30 17:00:00,78.84999999999994
2023-08-30 18:00:00,78.69999999999993
2023-08-30 23:00:00,78.84999999999994
2023-08-31 09:15:00,80.24999999999994
2023-08-31 10:00:00,80.04999999999995
2023-08-31 11:00:00,80.29999999999995
2023-08-31 12:00:00,80.59999999999994
2023-08-31 13:00:00,79.14999999999995
2023-08-31 14:00:00,78.89999999999995
2023-08-31 15:00:00,78.54999999999995
2023-08-31 16:00:00,78.79999999999995
2023-08-31 17:00:00,77.84999999999994
2023-08-31 18:00:00,77.89999999999995
2023-08-31 23:00:00,77.99999999999994
2023-09-01 09:15:00,78.24999999999994
2023-09-01 10:00:00,77.99999999999994
2023-09-01 11:00:00,77.74999999999994
2023-09-01 12:00:00,77.84999999999994
2023-09-01 13:00:00,79.44999999999993
2023-09-01 14:00:00,78.39999999999995
2023-09-01 15:00:00,76.69999999999993
2023-09-01 16:00:00,76.04999999999995
2023-09-01 17:00:00,75.69999999999993
2023-09-01 18:00:00,75.19999999999993
2023-09-01 23:00:00,75.39999999999995
2023-09-05 09:15:00,75.59999999999994
2023-09-05 10:00:00,75.09999999999994
2023-09-05 11:00:00,74.24999999999994
2023-09-05 12:00:00,73.39999999999995
2023-09-05 13:00:00,72.54999999999995
2023-09-05 14:00:00,73.89999999999995
2023-09-05 15:00:00,75.49999999999994
2023-09-05 16:00:00,77.19999999999993
2023-09-05 17:00:00,76.89999999999995
2023-09-05 18:00:00,76.99999999999994
2023-09-05 23:00:00,76.94999999999993
2023-09-06 09:15:00,76.99999999999994
2023-09-06 10:00:00,77.54999999999995
2023-09-06 11:00:00,77.69999999999993
2023-09-06 12:00:00,77.59999999999994
2023-09-06 13:00:00,75.19999999999993
2023-09-06 14:00:00,76.69999999999993
2023-09-06 15:00:00,76.84999999999994
2023-09-06 16:00:00,77.34999999999994
2023-09-06 17:00:00,77.24999999999994
2023-09-06 18:00:00,76.64999999999995
2023-09-06 23:00:00,77.29999999999995
2023-09-07 09:15:00,76.64999999999995
2023-09-07 10:00:00,75.84999999999994
2023-09-07 11:00:00,76.04999999999995
2023-09-07 12:00:00,74.94999999999993
2023-09-07 13:00:00,74.74999999999994
2023-09-07 14:00:00,73.79999999999995
2023-09-07 15:00:00,73.14999999999995
2023-09-07 16:00:00,73.54999999999995
2023-09-07 17:00:00,73.59999999999994
2023-09-07 18:00:00,73.94999999999993
2023-09-07 23:00:00,73.29999999999995
2023-09-08 09:15:00,74.14999999999995
2023-09-08 10:00:00,74.04999999999995
2023-09-08 11:00:00,74.09999999999994
2023-09-08 12:00:00,73.94999999999993
2023-09-08 13:00:00,74.39999999999995
2023-09-08 14:00:00,73.84999999999994
2023-09-08 15:00:00,73.19999999999993
2023-09-08 16:00:00,72.19999999999993
2023-09-08 17:00:00,71.89999999999995
2023-09-08 18:00:00,71.59999999999994
2023-09-08 23:00:00,72.14999999999995
2023-09-11 09:15:00,71.79999999999995
2023-09-11 10:00:00,71.64999999999995
2023-09-11 11:00:00,71.74999999999994
2023-09-11 12:00:00,71.04999999999995
2023-09-11 13:00:00,73.09999999999994
2023-09-11 14:00:00,74.64999999999995
2023-09-11 15:00:00,75.04999999999995
2023-09-11 16:00:00,75.79999999999995
2023-09-11 17:00:00,76.44999999999993
2023-09-11 18:00:00,76.19999999999993
2023-09-11 23:00:00,76.34999999999994
2023-09-12 09:15:00,76.04999999999995
2023-09-12 10:00:00,75.44999999999993
2023-09-12 11:00:00,75.04999999999995
2023-09-12 12:00:00,74.69999999999993
2023-09-12 13:00:00,74.39999999999995
2023-09-12 14:00:00,74.94999999999993
2023-09-12 15:00:00,75.94999999999993
2023-09-12 16:00:00,75.44999999999993
2023-09-12 17:00:00,75.79999999999995
2023-09-12 18:00:00,75.94999999999993
2023-09-12 23:00:00,75.49999999999994
2023-09-13 09:15:00,76.19999999999993
2023-09-13 10:00:00,76.29999999999995
2023-09-13 11:00:00,76.79999999999995
2023-09-13 12:00:00,75.64999999999995
2023-09-13 13:00:00,75.59999999999994
2023-09-13 14:00:00,75.64999999999995
2023-09-13 15:00:00,76.94999999999993
2023-09-13 16:00:00,75.64999999999995
2023-09-13 17:00:00,75.44999999999993
2023-09-13 18:00:00,75.09999999999994
2023-09-13 23:00:00,75.44999999999993
2023-09-14 09:15:00,74.59999999999994
2023-09-14 10:00:00,74.34999999999994
2023-09-14 11:00:00,73.24999999999994
2023-09-14 12:00:00,73.24999999999994
2023-09-14 13:00:00,74.44999999999993
2023-09-14 14:00:00,76.09999999999994
2023-09-14 15:00:00,77.34999999999994
2023-09-14 16:00:00,77.84999999999994
2023-09-14 17:00:00,77.24999999999994
2023-09-14 18:00:00,77.49999999999994
2023-09-14 23:00:00,77.49999999999994
2023-09-15 09:15:00,77.79999999999995
2023-09-15 10:00:00,78.29999999999995
2023-09-15 11:00:00,79.34999999999994
2023-09-15 12:00:00,79.59999999999994
2023-09-15 13:00:00,80.19999999999993
2023-09-15 14:00:00,81.24999999999994
2023-09-15 15:00:00,81.24999999999994
2023-09-15 16:00:00,82.14999999999995
2023-09-15 17:00:00,82.54999999999995
2023-09-15 18:00:00,82.74999999999994
2023-09-15 18:00:01,82.74999999999994
2023-09-15 23:00:00,82.69999999999993
2023-09-18 09:15:00,83.34999999999994
2023-09-18 10:00:00,83.34999999999994
2023-09-18 11:00:00,83.69999999999993
2023-09-18 12:00:00,83.44999999999993
2023-09-18 13:00:00,83.69999999999993
2023-09-18 14:00:00,84.09999999999994
2023-09-18 15:00:00,83.64999999999992
2023-09-18 16:00:00,83.44999999999993
2023-09-18 17:00:00,84.34999999999994
2023-09-18 18:00:00,84.39999999999992
2023-09-18 23:00:00,83.49999999999994
2023-09-19 09:15:00,85.59999999999994
2023-09-19 10:00:00,85.69999999999993
2023-09-19 11:00:00,85.04999999999993
2023-09-19 12:00:00,86.29999999999993
2023-09-19 13:00:00,86.69999999999993
2023-09-19 14:00:00,88.14999999999992
2023-09-19 15:00:00,86.19999999999993
2023-09-19 16:00:00,84.29999999999993
2023-09-19 17:00:00,85.34999999999994
2023-09-19 18:00:00,85.19999999999993
2023-09-19 23:00:00,84.99999999999994
2023-09-20 09:15:00,83.49999999999994
2023-09-20 10:00:00,83.74999999999994
2023-09-20 11:00:00,83.29999999999993
2023-09-20 12:00:00,83.84999999999994
2023-09-20 13:00:00,84.59999999999994
2023-09-20 14:00:00,84.04999999999993
2023-09-20 15:00:00,84.29999999999993
2023-09-20 16:00:00,82.39999999999992
2023-09-20 17:00:00,82.74999999999994
2023-09-20 18:00:00,82.54999999999993
2023-09-20 23:00:00,82.19999999999993
2023-09-21 09:15:00,82.34999999999994
2023-09-21 10:00:00,81.59999999999994
2023-09-21 11:00:00,81.49999999999994
2023-09-21 12:00:00,81.79999999999993
2023-09-21 13:00:00,80.19999999999993
2023-09-21 14:00:00,79.89999999999992
2023-09-21 15:00:00,79.24999999999994
2023-09-21 16:00:00,79.39999999999992
2023-09-21 17:00:00,79.14999999999992
2023-09-21 18:00:00,79.14999999999992
2023-09-21 23:00:00,78.99999999999994
2023-09-22 09:15:00,79.44999999999993
2023-09-22 10:00:00,79.19999999999993
2023-09-22 11:00:00,79.74999999999994
2023-09-22 12:00:00,79.19999999999993
2023-09-22 13:00:00,77.59999999999994
2023-09-22 14:00:00,76.19999999999993
2023-09-22 15:00:00,75.09999999999994
2023-09-22 16:00:00,74.94999999999993
2023-09-22 17:00:00,74.94999999999993
2023-09-22 18:00:00,74.14999999999992
2023-09-22 23:00:00,75.19999999999993
2023-09-25 09:15:00,75.09999999999994
2023-09-25 10:00:00,75.99999999999994
2023-09-25 11:00:00,74.19999999999993
2023-09-25 12:00:00,74.59999999999994
2023-09-25 13:00:00,74.49999999999994
2023-09-25 14:00:00,75.24999999999994
2023-09-25 15:00:00,74.64999999999992
2023-09-25 16:00:00,72.99999999999994
2023-09-25 17:00:00,72.84999999999994
2023-09-25 18:00:00,72.29999999999993
2023-09-25 23:00:00,72.84999999999994
2023-09-26 09:15:00,73.64999999999992
2023-09-26 10:00:00,73.24999999999994
2023-09-26 11:00:00,73.09999999999994
2023-09-26 12:00:00,73.09999999999994
2023-09-26 13:00:00,73.19999999999993
2023-09-26 14:00:00,74.59999999999994
2023-09-26 15:00:00,75.39999999999992
2023-09-26 16:00:00,74.64999999999992
2023-09-26 17:00:00,74.44999999999993
2023-09-26 18:00:00,74.19999999999993
2023-09-26 23:00:00,74.84999999999994
2023-09-27 09:15:00,73.59999999999994
2023-09-27 10:00:00,73.14999999999992
2023-09-27 11:00:00,73.04999999999993
2023-09-27 12:00:00,72.34999999999994
2023-09-27 13:00:00,73.09999999999994
2023-09-27 14:00:00,72.14999999999992
2023-09-27 15:00:00,72.49999999999994
2023-09-27 16:00:00,73.19999999999993
2023-09-27 17:00:00,72.99999999999994
2023-09-27 18:00:00,72.84999999999994
2023-09-27 23:00:00,73.29999999999993
2023-09-28 09:15:00,73.84999999999994
2023-09-28 10:00:00,73.99999999999994
2023-09-28 11:00:00,72.89999999999992
2023-09-28 12:00:00,71.34999999999994
2023-09-28 13:00:00,70.99999999999994
2023-09-28 14:00:00,71.29999999999993
2023-09-28 15:00:00,71.34999999999994
2023-09-28 16:00:00,70.94999999999993
2023-09-28 17:00:00,71.29999999999993
2023-09-28 18:00:00,70.99999999999994
2023-09-28 23:00:00,71.29999999999993
2023-09-29 09:15:00,70.84999999999994
2023-09-29 10:00:00,70.24999999999994
2023-09-29 11:00:00,69.79999999999993
2023-09-29 12:00:00,69.39999999999992
2023-09-29 13:00:00,69.89999999999992
2023-09-29 14:00:00,69.39999999999992
2023-09-29 15:00:00,70.24999999999994
2023-09-29 16:00:00,70.99999999999994
2023-09-29 17:00:00,69.99999999999994
2023-09-29 18:00:00,69.24999999999994
2023-09-29 23:00:00,70.14999999999992
2023-10-02 09:15:00,70.59999999999994
2023-10-02 10:00:00,69.99999999999994
2023-10-02 11:00:00,70.24999999999994
2023-10-02 12:00:00,70.84999999999994
2023-10-02 13:00:00,72.24999999999994
2023-10-02 14:00:00,72.54999999999993
2023-10-02 15:00:00,74.29999999999993
2023-10-02 16:00:00,73.74999999999994
2023-10-02 17:00:00,73.39999999999992
2023-10-02 18:00:00,72.99999999999994
2023-10-02 23:00:00,73.04999999999993
2023-10-03 09:15:00,72.64999999999992
2023-10-03 10:00:00,73.34999999999994
2023-10-03 11:00:00,72.59999999999994
2023-10-03 12:00:00,72.24999999999994
2023-10-03 13:00:00,73.09999999999994
2023-10-03 14:00:00,72.39999999999992
2023-10-03 15:00:00,71.39999999999992
2023-10-03 16:00:00,72.24999999999994
2023-10-03 17:00:00,72.59999999999994
2023-10-03 18:00:00,72.69999999999993
2023-10-03 23:00:00,72.64999999999992
2023-10-04 09:15:00,72.24999999999994
2023-10-04 10:00:00,72.29999999999993
2023-10-04 11:00:00,71.94999999999993
2023-10-04 12:00:00,71.29999999999993
2023-10-04 13:00:00,71.54999999999993
2023-10-04 14:00:00,71.94999999999993
2023-10-04 15:00:00,70.94999999999993
2023-10-04 16:00:00,70.59999999999994
2023-10-04 17:00:00,70.34999999999994
2023-10-04 18:00:00,70.04999999999993
2023-10-04 23:00:00,70.29999999999993
2023-10-05 09:15:00,69.74999999999994
2023-10-05 10:00:00,69.39999999999992
2023-10-05 11:00:00,69.59999999999994
2023-10-05 12:00:00,69.69999999999993
2023-10-05 13:00:00,69.94999999999993
2023-10-05 14:00:00,70.54999999999993
2023-10-05 15:00:00,69.84999999999994
2023-10-05 16:00:00,69.89999999999992
2023-10-05 17:00:00,69.39999999999992
2023-10-05 18:00:00,69.09999999999994
2023-10-05 23:00:00,69.34999999999994
2023-10-06 09:15:00,69.14999999999992
2023-10-06 10:00:00,68.99999999999994
2023-10-06 11:00:00,69.24999999999994
2023-10-06 12:00:00,69.94999999999993
2023-10-06 13:00:00,68.99999999999994
2023-10-06 14:00:00,69.14999999999992
2023-10-06 15:00:00,70.34999999999994
2023-10-06 16:00:00,70.24999999999994
2023-10-06 17:00:00,70.14999999999992
2023-10-06 18:00:00,69.74999999999994
2023-10-06 23:00:00,70.14999999999992
2023-10-09 09:15:00,70.69999999999993
2023-10-09 10:00:00,70.79999999999993
2023-10-09 11:00:00,71.64999999999992
2023-10-09 12:00:00,71.39999999999992
2023-10-09 13:00:00,69.99999999999994
2023-10-09 14:00:00,70.09999999999994
2023-10-09 15:00:00,69.79999999999993
2023-10-09 16:00:00,69.99999999999994
2023-10-09 17:00:00,70.54999999999993
2023-10-09 18:00:00,70.39999999999992
2023-10-09 23:00:00,70.19999999999993
2023-10-10 09:15:00,70.69999999999993
2023-10-10 10:00:00,70.74999999999994
2023-10-10 11:00:00,69.99999999999994
2023-10-10 12:00:00,68.74999999999994
2023-10-10 13:00:00,68.34999999999994
2023-10-10 14:00:00,71.69999999999993
2023-10-10 15:00:00,70.69999999999993
2023-10-10 16:00:00,70.69999999999993
2023-10-10 17:00:00,71.29999999999993
2023-10-10 18:00:00,71.34999999999994
2023-10-10 23:00:00,71.39999999999992
2023-10-11 09:15:00,72.44999999999993
2023-10-11 10:00:00,71.69999999999993
2023-10-11 11:00:00,73.19999999999993
2023-10-11 12:00:00,72.54999999999993
2023-10-11 13:00:00,71.94999999999993
2023-10-11 14:00:00,71.24999999999994
2023-10-11 15:00:00,70.14999999999992
2023-10-11 16:00:00,70.84999999999994
2023-10-11 17:00:00,71.74999999999994
2023-10-11 18:00:00,71.79999999999993
2023-10-11 23:00:00,71.59999999999994
2023-10-12 09:15:00,72.74999999999994
2023-10-12 10:00:00,72.39999999999992
2023-10-12 11:00:00,72.44999999999993
2023-10-12 12:00:00,72.94999999999993
2023-10-12 13:00:00,72.24999999999994
2023-10-12 14:00:00,71.89999999999992
2023-10-12 15:00:00,72.29999999999993
2023-10-12 16:00:00,72.39999999999992
2023-10-12 17:00:00,72.69999999999993
2023-10-12 18:00:00,72.89999999999992
2023-10-12 23:00:00,72.94999999999993
2023-10-13 09:15:00,73.99999999999994
2023-10-13 10:00:00,74.44999999999993
2023-10-13 11:00:00,74.89999999999992
2023-10-13 12:00:00,75.14999999999992
2023-10-13 13:00:00,77.19999999999993
2023-10-13 14:00:00,77.59999999999994
2023-10-13 15:00:00,77.49999999999994
2023-10-13 16:00:00,77.99999999999994
2023-10-13 17:00:00,78.44999999999993
2023-10-13 18:00:00,78.14999999999992
2023-10-13 23:00:00,78.09999999999994
2023-10-16 09:15:00,78.24999999999994
2023-10-16 10:00:00,77.84999999999994
2023-10-16 11:00:00,77.99999999999994
2023-10-16 12:00:00,77.19999999999993
2023-10-16 13:00:00,76.69999999999993
2023-10-16 14:00:00,76.29999999999993
2023-10-16 15:00:00,76.94999999999993
2023-10-16 16:00:00,77.34999999999994
2023-10-16 17:00:00,77.69999999999993
2023-10-16 18:00:00,77.59999999999994
2023-10-16 23:00:00,77.64999999999992
2023-10-17 09:15:00,77.19999999999993
2023-10-17 10:00:00,77.39999999999992
2023-10-17 11:00:00,76.54999999999993
2023-10-17 12:00:00,76.94999999999993
2023-10-17 13:00:00,76.84999999999994
2023-10-17 14:00:00,78.14999999999992
2023-10-17 15:00:00,77.49999999999994
2023-10-17 16:00:00,79.79999999999993
2023-10-17 17:00:00,79.69999999999993
2023-10-17 18:00:00,79.54999999999993
2023-10-17 23:00:00,79.64999999999992
2023-10-18 09:15:00,80.39999999999992
2023-10-18 10:00:00,79.59999999999994
2023-10-18 11:00:00,79.39999999999992
2023-10-18 12:00:00,80.39999999999992
2023-10-18 13:00:00,81.39999999999992
2023-10-18 14:00:00,81.69999999999993
2023-10-18 15:00:00,80.39999999999992
2023-10-18 16:00:00,80.69999999999993
2023-10-18 17:00:00,80.79999999999993
2023-10-18 18:00:00,80.69999999999993
2023-10-18 23:00:00,80.59999999999994
2023-10-19 09:15:00,81.64999999999992
2023-10-19 10:00:00,81.39999999999992
2023-10-19 11:00:00,81.99999999999994
2023-10-19 12:00:00,82.39999999999992
2023-10-19 13:00:00,81.89999999999992
2023-10-19 14:00:00,83.39999999999992
2023-10-19 15:00:00,83.24999999999994
2023-10-19 16:00:00,83.49999999999994
2023-10-19 17:00:00,85.04999999999993
2023-10-19 18:00:00,84.49999999999994
2023-10-19 23:00:00,84.74999999999994
2023-10-20 09:15:00,84.04999999999993
2023-10-20 10:00:00,85.89999999999992
2023-10-20 11:00:00,85.44999999999993
2023-10-20 12:00:00,85.79999999999993
2023-10-20 13:00:00,85.09999999999994
2023-10-20 14:00:00,86.99999999999994
2023-10-20 15:00:00,87.29999999999993
2023-10-20 16:00:00,87.34999999999994
2023-10-20 17:00:00,87.34999999999994
2023-10-20 18:00:00,87.34999999999994
2023-10-20 23:00:00,87.34999999999994
2023-10-23 09:15:00,86.84999999999994
2023-10-23 10:00:00,86.64999999999992
2023-10-23 11:00:00,87.44999999999993
2023-10-23 12:00:00,88.24999999999994
2023-10-23 13:00:00,88.04999999999993
2023-10-23 14:00:00,87.54999999999993
2023-10-23 15:00:00,87.64999999999992
2023-10-23 16:00:00,87.59999999999994
2023-10-23 17:00:00,88.14999999999992
2023-10-23 18:00:00,88.24999999999994
2023-10-23 23:00:00,87.89999999999992
2023-10-24 09:15:00,87.39999999999992
2023-10-24 10:00:00,87.39999999999992
2023-10-24 11:00:00,87.74999999999994
2023-10-24 12:00:00,88.64999999999992
2023-10-24 13:00:00,88.14999999999992
2023-10-24 14:00:00,89.79999999999993
2023-10-24 15:00:00,89.84999999999994
2023-10-24 16:00:00,89.39999999999992
2023-10-24 17:00:00,90.54999999999993
2023-10-24 18:00:00,90.54999999999993
2023-10-24 23:00:00,90.04999999999993
2023-10-25 09:15:00,90.54999999999993
2023-10-25 10:00:00,90.49999999999994
2023-10-25 11:00:00,90.39999999999992
2023-10-25 12:00:00,90.69999999999993
2023-10-25 13:00:00,87.14999999999992
2023-10-25 14:00:00,85.89999999999992
2023-10-25 15:00:00,84.09999999999994
2023-10-25 16:00:00,84.59999999999994
2023-10-25 17:00:00,84.44999999999993
2023-10-25 18:00:00,84.19999999999993
2023-10-25 23:00:00,84.99999999999994
2023-10-26 09:15:00,84.49999999999994
2023-10-26 10:00:00,84.44999999999993
2023-10-26 11:00:00,84.04999999999993
2023-10-26 12:00:00,83.44999999999993
2023-10-26 13:00:00,85.19999999999993
2023-10-26 14:00:00,84.89999999999992
2023-10-26 15:00:00,84.69999999999993
2023-10-26 16:00:00,85.34999999999994
2023-10-26 17:00:00,84.19999999999993
2023-10-26 18:00:00,83.89999999999992
2023-10-26 23:00:00,83.84999999999994
2023-10-27 09:15:00,84.44999999999993
2023-10-27 10:00:00,84.84999999999994
2023-10-27 11:00:00,84.14999999999992
2023-10-27 12:00:00,83.89999999999992
2023-10-27 13:00:00,84.29999999999993
2023-10-27 14:00:00,84.29999999999993
2023-10-27 15:00:00,83.54999999999993
2023-10-27 16:00:00,83.94999999999993
2023-10-27 17:00:00,83.29999999999993
2023-10-27 18:00:00,82.99999999999994
2023-10-27 23:00:00,83.44999999999993
2023-10-30 09:00:00,81.94999999999993
2023-10-30 10:00:00,81.84999999999994
2023-10-30 11:00:00,81.59999999999994
2023-10-30 12:00:00,81.39999999999992
2023-10-30 13:00:00,82.39999999999992
2023-10-30 14:00:00,82.94999999999993
2023-10-30 15:00:00,81.59999999999994
2023-10-30 16:00:00,81.19999999999993
2023-10-30 17:00:00,81.24999999999994
2023-10-30 23:00:00,81.24999999999994
2023-10-31 09:00:00,82.54999999999993
2023-10-31 10:00:00,83.14999999999992
2023-10-31 11:00:00,83.34999999999994
2023-10-31 12:00:00,84.74999999999994
2023-10-31 13:00:00,84.89999999999992
2023-10-31 14:00:00,86.19999999999993
2023-10-31 15:00:00,87.59999999999994
2023-10-31 16:00:00,87.64999999999992
2023-10-31 17:00:00,87.09999999999994
2023-10-31 23:00:00,87.84999999999994
2023-11-01 09:00:00,86.84999999999994
2023-11-01 10:00:00,87.09999999999994
2023-11-01 11:00:00,85.19999999999993
2023-11-01 12:00:00,82.34999999999994
2023-11-01 13:00:00,81.94999999999993
2023-11-01 14:00:00,81.99999999999994
2023-11-01 15:00:00,81.84999999999994
2023-11-01 16:00:00,81.99999999999994
2023-11-01 17:00:00,82.44999999999993
2023-11-01 23:00:00,81.79999999999993
2023-11-02 09:00:00,84.29999999999993
2023-11-02 10:00:00,85.39999999999992
2023-11-02 11:00:00,86.19999999999993
2023-11-02 12:00:00,85.39999999999992
2023-11-02 13:00:00,86.39999999999992
2023-11-02 14:00:00,85.99999999999994
2023-11-02 15:00:00,86.94999999999993
2023-11-02 16:00:00,86.79999999999993
2023-11-02 17:00:00,86.59999999999994
2023-11-02 23:00:00,86.79999999999993
2023-11-03 09:00:00,89.54999999999993
2023-11-03 10:00:00,89.99999999999994
2023-11-03 11:00:00,90.29999999999993
2023-11-03 12:00:00,89.39999999999992
2023-11-03 13:00:00,89.89999999999992
2023-11-03 14:00:00,89.79999999999993
2023-11-03 15:00:00,90.44999999999993
2023-11-03 16:00:00,91.84999999999994
2023-11-03 17:00:00,92.04999999999993
2023-11-03 23:00:00,92.09999999999994
2023-11-06 09:15:00,93.74999999999994
2023-11-06 10:00:00,92.29999999999993
2023-11-06 11:00:00,91.49999999999994
2023-11-06 12:00:00,91.04999999999993
2023-11-06 13:00:00,90.34999999999994
2023-11-06 14:00:00,91.14999999999992
2023-11-06 15:00:00,91.34999999999994
2023-11-06 16:00:00,92.39999999999992
2023-11-06 17:00:00,94.44999999999993
2023-11-06 18:00:00,94.84999999999994
2023-11-06 23:00:00,94.64999999999992
2023-11-07 09:15:00,93.49999999999994
2023-11-07 10:00:00,93.49999999999994
2023-11-07 11:00:00,93.04999999999993
2023-11-07 12:00:00,91.99999999999994
2023-11-07 13:00:00,91.19999999999993
2023-11-07 14:00:00,91.39999999999992
2023-11-07 15:00:00,92.14999999999992
2023-11-07 16:00:00,92.19999999999993
2023-11-07 17:00:00,92.54999999999993
2023-11-07 18:00:00,92.99999999999994
2023-11-07 23:00:00,92.44999999999993
2023-11-08 09:15:00,94.89999999999992
2023-11-08 10:00:00,93.39999999999992
2023-11-08 11:00:00,93.44999999999993
2023-11-08 12:00:00,94.69999999999993
2023-11-08 13:00:00,94.54999999999993
2023-11-08 14:00:00,94.74999999999994
2023-11-08 15:00:00,95.14999999999992
2023-11-08 16:00:00,94.94999999999993
2023-11-08 17:00:00,95.54999999999993
2023-11-08 18:00:00,95.49999999999994
2023-11-08 23:00:00,95.04999999999993
2023-11-09 09:15:00,96.64999999999992
2023-11-09 10:00:00,96.44999999999993
2023-11-09 11:00:00,95.59999999999994
2023-11-09 12:00:00,94.84999999999994
2023-11-09 13:00:00,94.94999999999993
2023-11-09 14:00:00,96.54999999999993
2023-11-09 15:00:00,96.54999999999993
2023-11-09 16:00:00,96.79999999999993
2023-11-09 17:00:00,97.14999999999992
2023-11-09 18:00:00,96.79999999999993
2023-11-09 23:00:00,97.14999999999992
2023-11-10 09:15:00,95.24999999999994
2023-11-10 10:00:00,94.34999999999994
2023-11-10 11:00:00,94.24999999999994
2023-11-10 12:00:00,93.99999999999994
2023-11-10 13:00:00,94.34999999999994
2023-11-10 14:00:00,93.64999999999992
2023-11-10 15:00:00,93.74999999999994
2023-11-10 16:00:00,93.29999999999993
2023-11-10 17:00:00,92.79999999999993
2023-11-10 18:00:00,91.89999999999992
2023-11-10 23:00:00,93.49999999999994
2023-11-13 09:15:00,90.69999999999993
2023-11-13 10:00:00,91.04999999999993
2023-11-13 11:00:00,90.59999999999994
2023-11-13 12:00:00,91.54999999999993
2023-11-13 13:00:00,92.24999999999994
2023-11-13 14:00:00,93.64999999999992
2023-11-13 15:00:00,95.14999999999992
2023-11-13 16:00:00,95.94999999999993
2023-11-13 17:00:00,96.39999999999992
2023-11-13 18:00:00,96.34999999999994
2023-11-13 23:00:00,96.14999999999992
2023-11-14 09:15:00,95.24999999999994
2023-11-14 10:00:00,96.64999999999992
2023-11-14 11:00:00,95.39999999999992
2023-11-14 12:00:00,95.54999999999993
2023-11-14 13:00:00,95.24999999999994
2023-11-14 14:00:00,95.44999999999993
2023-11-14 15:00:00,94.64999999999992
2023-11-14 16:00:00,94.89999999999992
2023-11-14 17:00:00,94.49999999999994
2023-11-14 18:00:00,94.49999999999994
2023-11-14 23:00:00,94.34999999999994
2023-11-15 09:15:00,94.69999999999993
2023-11-15 10:00:00,93.74999999999994
2023-11-15 11:00:00,93.04999999999993
2023-11-15 12:00:00,92.79999999999993
2023-11-15 13:00:00,95.04999999999993
2023-11-15 14:00:00,96.79999999999993
2023-11-15 15:00:00,97.49999999999994
2023-11-15 16:00:00,97.84999999999994
2023-11-15 17:00:00,97.94999999999993
2023-11-15 18:00:00,98.94999999999993
2023-11-15 23:00:00,98.09999999999994
2023-11-16 09:15:00,98.74999999999994
2023-11-16 10:00:00,97.49999999999994
2023-11-16 11:00:00,96.94999999999993
2023-11-16 12:00:00,97.24999999999994
2023-11-16 13:00:00,97.19999999999993
2023-11-16 14:00:00,96.64999999999992
2023-11-16 15:00:00,94.29999999999993
2023-11-16 16:00:00,94.19999999999993
2023-11-16 17:00:00,94.54999999999993
2023-11-16 18:00:00,94.24999999999994
2023-11-16 23:00:00,94.14999999999992
2023-11-17 09:15:00,92.99999999999994
2023-11-17 10:00:00,92.19999999999993
2023-11-17 11:00:00,91.24999999999994
2023-11-17 12:00:00,90.49999999999994
2023-11-17 13:00:00,88.94999999999993
2023-11-17 14:00:00,89.89999999999992
2023-11-17 15:00:00,90.84999999999994
2023-11-17 16:00:00,90.04999999999993
2023-11-17 17:00:00,90.04999999999993
2023-11-17 18:00:00,89.94999999999993
2023-11-17 23:00:00,89.59999999999994
2023-11-20 09:15:00,90.94999999999993
2023-11-20 10:00:00,91.89999999999992
2023-11-20 11:00:00,90.84999999999994
2023-11-20 12:00:00,89.39999999999992
2023-11-20 13:00:00,94.89999999999992
2023-11-20 14:00:00,95.44999999999993
2023-11-20 15:00:00,95.14999999999992
2023-11-20 16:00:00,93.79999999999993
2023-11-20 17:00:00,93.84999999999994
2023-11-20 18:00:00,93.14999999999992
2023-11-20 23:00:00,94.09999999999994
2023-11-21 09:15:00,92.99999999999994
2023-11-21 10:00:00,93.54999999999993
2023-11-21 11:00:00,92.89999999999992
2023-11-21 12:00:00,92.99999999999994
2023-11-21 13:00:00,92.79999999999993
2023-11-21 14:00:00,92.49999999999994
2023-11-21 15:00:00,90.44999999999993
2023-11-21 16:00:00,91.09999999999994
2023-11-21 17:00:00,90.89999999999992
2023-11-21 18:00:00,91.19999999999993
2023-11-21 23:00:00,91.49999999999994
2023-11-22 09:15:00,89.94999999999993
2023-11-22 10:00:00,89.44999999999993
2023-11-22 11:00:00,89.89999999999992
2023-11-22 12:00:00,89.24999999999994
2023-11-22 13:00:00,89.54999999999993
2023-11-22 14:00:00,88.84999999999994
2023-11-22 15:00:00,90.14999999999992
2023-11-22 16:00:00,92.39999999999992
2023-11-22 17:00:00,92.19999999999993
2023-11-22 18:00:00,92.29999999999993
2023-11-22 23:00:00,91.99999999999994
2023-11-24 09:15:00,90.34999999999994
2023-11-24 10:00:00,91.04999999999993
2023-11-24 11:00:00,92.09999999999994
2023-11-24 12:00:00,91.19999999999993
2023-11-24 13:00:00,92.99999999999994
2023-11-24 14:00:00,93.29999999999993
2023-11-24 15:00:00,91.39999999999992
2023-11-24 16:00:00,91.09999999999994
2023-11-24 17:00:00,90.99999999999994
2023-11-24 18:00:00,90.54999999999993
2023-11-24 23:00:00,91.09999999999994
2023-11-27 09:15:00,89.24999999999994
2023-11-27 10:00:00,89.04999999999993
2023-11-27 11:00:00,89.99999999999994
2023-11-27 12:00:00,91.84999999999994
2023-11-27 13:00:00,94.64999999999992
2023-11-27 14:00:00,93.54999999999993
2023-11-27 15:00:00,91.19999999999993
2023-11-27 16:00:00,91.24999999999994
2023-11-27 17:00:00,92.19999999999993
2023-11-27 18:00:00,92.89999999999992
2023-11-27 23:00:00,91.99999999999994
2023-11-28 09:15:00,93.44999999999993
2023-11-28 10:00:00,94.64999999999992
2023-11-28 11:00:00,95.24999999999994
2023-11-28 12:00:00,94.14999999999992
2023-11-28 13:00:00,93.04999999999993
2023-11-28 14:00:00,93.64999999999992
2023-11-28 15:00:00,95.74999999999994
2023-11-28 16:00:00,97.54999999999993
2023-11-28 17:00:00,95.74999999999994
2023-11-28 18:00:00,95.59999999999994
2023-11-28 23:00:00,96.04999999999993
2023-11-29 09:15:00,94.64999999999992
2023-11-29 10:00:00,93.74999999999994
2023-11-29 11:00:00,93.99999999999994
2023-11-29 12:00:00,94.89999999999992
2023-11-29 13:00:00,95.04999999999993
2023-11-29 14:00:00,94.09999999999994
2023-11-29 15:00:00,94.54999999999993
2023-11-29 16:00:00,94.94999999999993
2023-11-29 17:00:00,95.69999999999993
2023-11-29 18:00:00,95.84999999999994
2023-11-29 23:00:00,95.64999999999992
2023-11-30 09:15:00,99.44999999999993
2023-11-30 10:00:00,99.49999999999994
2023-11-30 11:00:00,100.84999999999994
2023-11-30 12:00:00,99.54999999999993
2023-11-30 13:00:00,101.84999999999994
2023-11-30 14:00:00,102.69999999999993
2023-11-30 15:00:00,104.49999999999994
2023-11-30 16:00:00,106.29999999999993
2023-11-30 17:00:00,107.89999999999992
2023-11-30 18:00:00,108.74999999999994
2023-11-30 23:00:00,107.64999999999992
2023-12-01 09:15:00,110.69999999999993
2023-12-01 10:00:00,110.54999999999993
2023-12-01 11:00:00,107.34999999999994
2023-12-01 12:00:00,105.44999999999993
2023-12-01 13:00:00,102.44999999999993
2023-12-01 14:00:00,106.09999999999994
2023-12-01 15:00:00,110.39999999999992
2023-12-01 16:00:00,107.84999999999994
2023-12-01 17:00:00,107.74999999999994
2023-12-01 18:00:00,106.89999999999992
2023-12-01 23:00:00,107.29999999999993
2023-12-04 09:15:00,104.69999999999993
2023-12-04 10:00:00,104.19999999999993
2023-12-04 11:00:00,102.39999999999992
2023-12-04 12:00:00,103.39999999999992
2023-12-04 13:00:00,101.04999999999993
2023-12-04 14:00:00,100.84999999999994
2023-12-04 15:00:00,100.34999999999994
2023-12-04 16:00:00,102.34999999999994
2023-12-04 17:00:00,101.99999999999994
2023-12-04 18:00:00,103.44999999999993
2023-12-04 23:00:00,102.34999999999994
2023-12-05 09:15:00,101.79999999999993
2023-12-05 10:00:00,102.14999999999992
2023-12-05 11:00:00,102.54999999999993
2023-12-05 12:00:00,103.34999999999994
2023-12-05 13:00:00,100.89999999999992
2023-12-05 14:00:00,101.84999999999994
2023-12-05 15:00:00,103.84999999999994
2023-12-05 16:00:00,108.44999999999993
2023-12-05 17:00:00,106.39999999999992
2023-12-05 18:00:00,106.34999999999994
2023-12-05 23:00:00,106.69999999999993
2023-12-06 09:15:00,104.64999999999992
2023-12-06 10:00:00,104.19999999999993
2023-12-06 11:00:00,102.34999999999994
2023-12-06 12:00:00,102.44999999999993
2023-12-06 13:00:00,101.34999999999994
2023-12-06 14:00:00,99.99999999999994
2023-12-06 15:00:00,101.09999999999994
2023-12-06 16:00:00,99.79999999999993
2023-12-06 17:00:00,98.54999999999993
2023-12-06 18:00:00,98.44999999999993
2023-12-06 23:00:00,98.19999999999993
2023-12-07 09:15:00,99.79999999999993
2023-12-07 10:00:00,100.24999999999994
2023-12-07 11:00:00,101.29999999999993
2023-12-07 12:00:00,100.09999999999994
2023-12-07 13:00:00,100.94999999999993
2023-12-07 14:00:00,102.09999999999994
2023-12-07 15:00:00,100.34999999999994
2023-12-07 16:00:00,100.59999999999994
2023-12-07 17:00:00,100.59999999999994
2023-12-07 18:00:00,101.54999999999993
2023-12-07 23:00:00,100.44999999999993
2023-12-08 09:15:00,103.19999999999993
2023-12-08 10:00:00,100.64999999999992
2023-12-08 11:00:00,100.24999999999994
2023-12-08 12:00:00,101.84999999999994
2023-12-08 13:00:00,101.29999999999993
2023-12-08 14:00:00,99.34999999999994
2023-12-08 15:00:00,99.49999999999994
2023-12-08 16:00:00,100.49999999999994
2023-12-08 17:00:00,100.34999999999994
2023-12-08 18:00:00,100.79999999999993
2023-12-08 18:00:01,100.79999999999993
2023-12-08 23:00:00,100.44999999999993
2023-12-11 09:15:00,100.39999999999992
2023-12-11 10:00:00,99.74999999999994
2023-12-11 11:00:00,99.74999999999994
2023-12-11 12:00:00,101.64999999999992
2023-12-11 13:00:00,103.19999999999993
2023-12-11 14:00:00,101.34999999999994
2023-12-11 15:00:00,103.49999999999994
2023-12-11 16:00:00,106.44999999999993
2023-12-11 17:00:00,106.64999999999992
2023-12-11 18:00:00,106.64999999999992
2023-12-11 23:00:00,106.74999999999994
2023-12-12 09:15:00,108.69999999999993
2023-12-12 10:00:00,108.39999999999992
2023-12-12 11:00:00,106.59999999999994
2023-12-12 12:00:00,105.29999999999993
2023-12-12 13:00:00,105.14999999999992
2023-12-12 14:00:00,105.49999999999994
2023-12-12 15:00:00,104.44999999999993
2023-12-12 16:00:00,106.54999999999993
2023-12-12 17:00:00,107.49999999999994
2023-12-12 18:00:00,108.54999999999993
2023-12-12 23:00:00,107.44999999999993
2023-12-13 09:15:00,108.59999999999994
2023-12-13 10:00:00,108.79999999999993
2023-12-13 11:00:00,109.49999999999994
2023-12-13 12:00:00,111.39999999999992
2023-12-13 13:00:00,111.34999999999994
2023-12-13 14:00:00,107.59999999999994
2023-12-13 15:00:00,109.39999999999992
2023-12-13 16:00:00,110.49999999999994
2023-12-13 17:00:00,110.29999999999993
2023-12-13 18:00:00,110.74999999999994
2023-12-13 23:00:00,110.24999999999994
2023-12-14 09:15:00,110.99999999999994
2023-12-14 10:00:00,111.14999999999992
2023-12-14 11:00:00,110.04999999999993
2023-12-14 12:00:00,111.34999999999994
2023-12-14 13:00:00,113.64999999999992
2023-12-14 14:00:00,112.84999999999994
2023-12-14 15:00:00,112.89999999999992
2023-12-14 16:00:00,111.49999999999994
2023-12-14 17:00:00,112.19999999999993
2023-12-14 18:00:00,112.04999999999993
2023-12-14 23:00:00,112.19999999999993
2023-12-15 09:15:00,113.04999999999993
2023-12-15 10:00:00,113.69999999999993
2023-12-15 11:00:00,112.74999999999994
2023-12-15 12:00:00,112.29999999999993
2023-12-15 13:00:00,111.89999999999992
2023-12-15 14:00:00,112.89999999999992
2023-12-15 15:00:00,110.59999999999994
2023-12-15 16:00:00,112.09999999999994
2023-12-15 17:00:00,112.09999999999994
2023-12-15 18:00:00,112.44999999999993
2023-12-15 23:00:00,111.74999999999994
2023-12-18 09:15:00,110.24999999999994
2023-12-18 10:00:00,111.04999999999993
2023-12-18 11:00:00,109.89999999999992
2023-12-18 12:00:00,111.89999999999992
2023-12-18 13:00:00,111.54999999999993
2023-12-18 14:00:00,112.14999999999992
2023-12-18 15:00:00,112.39999999999992
2023-12-18 16:00:00,111.79999999999993
2023-12-18 17:00:00,113.39999999999992
2023-12-18 18:00:00,115.49999999999994
2023-12-18 23:00:00,112.99999999999994
2023-12-19 09:15:00,114.34999999999994
2023-12-19 10:00:00,114.34999999999994
2023-12-19 11:00:00,114.29999999999993
2023-12-19 12:00:00,114.54999999999993
2023-12-19 13:00:00,114.84999999999994
2023-12-19 14:00:00,117.34999999999994
2023-12-19 15:00:00,114.99999999999994
2023-12-19 16:00:00,118.54999999999993
2023-12-19 17:00:00,123.74999999999994
2023-12-19 18:00:00,124.69999999999993
2023-12-19 23:00:00,124.54999999999993
2023-12-20 09:15:00,123.54999999999993
2023-12-20 10:00:00,119.39999999999992
2023-12-20 11:00:00,117.64999999999992
2023-12-20 12:00:00,116.49999999999994
2023-12-20 13:00:00,113.29999999999993
2023-12-20 14:00:00,113.84999999999994
2023-12-20 15:00:00,112.54999999999993
2023-12-20 16:00:00,113.24999999999994
2023-12-20 17:00:00,112.84999999999994
2023-12-20 18:00:00,113.84999999999994
2023-12-20 23:00:00,113.09999999999994
2023-12-21 09:15:00,111.99999999999994
2023-12-21 10:00:00,113.29999999999993
2023-12-21 11:00:00,115.49999999999994
2023-12-21 12:00:00,113.89999999999992
2023-12-21 13:00:00,118.04999999999993
2023-12-21 14:00:00,114.39999999999992
2023-12-21 15:00:00,114.24999999999994
2023-12-21 16:00:00,115.14999999999992
2023-12-21 17:00:00,115.84999999999994
2023-12-21 18:00:00,115.89999999999992
2023-12-21 23:00:00,116.04999999999993
2023-12-22 09:15:00,112.74999999999994
2023-12-22 10:00:00,113.19999999999993
2023-12-22 11:00:00,112.39999999999992
2023-12-22 12:00:00,112.59999999999994
2023-12-22 13:00:00,113.39999999999992
2023-12-22 14:00:00,113.84999999999994
2023-12-22 15:00:00,114.09999999999994
2023-12-22 16:00:00,114.24999999999994
2023-12-22 17:00:00,115.34999999999994
2023-12-22 18:00:00,116.44999999999993
2023-12-22 23:00:00,115.19999999999993
2023-12-26 12:30:00,115.89999999999992
2023-12-26 13:00:00,115.29999999999993
2023-12-26 14:00:00,116.14999999999992
2023-12-26 15:00:00,115.84999999999994
2023-12-26 16:00:00,116.29999999999993
2023-12-26 17:00:00,117.29999999999993
2023-12-26 18:00:00,117.29999999999993
2023-12-26 23:00:00,116.89999999999992
2023-12-27 09:15:00,116.64999999999992
2023-12-27 10:00:00,116.99999999999994
2023-12-27 11:00:00,117.44999999999993
2023-12-27 12:00:00,117.54999999999993
2023-12-27 13:00:00,119.59999999999994
2023-12-27 14:00:00,121.29999999999993
2023-12-27 15:00:00,120.39999999999992
2023-12-27 16:00:00,120.24999999999994
2023-12-27 17:00:00,120.04999999999993
2023-12-27 18:00:00,119.54999999999993
2023-12-27 23:00:00,120.29999999999993
2023-12-28 09:15:00,119.49999999999994
2023-12-28 10:00:00,119.04999999999993
2023-12-28 11:00:00,119.19999999999993
2023-12-28 12:00:00,119.69999999999993
2023-12-28 13:00:00,119.24999999999994
2023-12-28 14:00:00,122.14999999999992
2023-12-28 15:00:00,121.34999999999994
2023-12-28 16:00:00,121.54999999999993
2023-12-28 17:00:00,120.34999999999994
2023-12-28 18:00:00,119.94999999999993
2023-12-28 23:00:00,120.69999999999993
2023-12-29 09:15:00,119.64999999999992
2023-12-29 10:00:00,119.29999999999993
2023-12-29 11:00:00,119.09999999999994
2023-12-29 12:00:00,118.74999999999994
2023-12-29 13:00:00,117.34999999999994
2023-12-29 14:00:00,112.24999999999994
2023-12-29 15:00:00,109.84999999999994
2023-12-29 16:00:00,110.84999999999994
2023-12-29 17:00:00,111.19999999999993
2023-12-29 18:00:00,111.24999999999994
2023-12-29 23:00:00,111.14999999999992
2024-01-02 09:15:00,112.89999999999992
2024-01-02 10:00:00,113.04999999999993
2024-01-02 11:00:00,114.09999999999994
2024-01-02 12:00:00,113.84999999999994
2024-01-02 13:00:00,115.14999999999992
2024-01-02 14:00:00,112.89999999999992
2024-01-02 15:00:00,111.79999999999993
2024-01-02 16:00:00,112.44999999999993
2024-01-02 17:00:00,113.29999999999993
2024-01-02 18:00:00,113.54999999999993
2024-01-02 23:00:00,112.59999999999994
2024-01-03 09:15:00,111.49999999999994
2024-01-03 10:00:00,111.54999999999993
2024-01-03 11:00:00,111.49999999999994
2024-01-03 12:00:00,110.99999999999994
2024-01-03 13:00:00,112.44999999999993
2024-01-03 14:00:00,110.79999999999993
2024-01-03 15:00:00,110.34999999999994
2024-01-03 16:00:00,108.19999999999993
2024-01-03 17:00:00,109.44999999999993
2024-01-03 18:00:00,109.29999999999993
2024-01-03 23:00:00,109.04999999999993
2024-01-04 09:15:00,108.59999999999994
2024-01-04 10:00:00,107.99999999999994
2024-01-04 11:00:00,108.09999999999994
2024-01-04 12:00:00,108.74999999999994
2024-01-04 13:00:00,109.34999999999994
2024-01-04 14:00:00,109.14999999999992
2024-01-04 15:00:00,108.64999999999992
2024-01-04 16:00:00,108.69999999999993
2024-01-04 17:00:00,108.84999999999994
2024-01-04 18:00:00,108.89999999999992
2024-01-04 23:00:00,108.44999999999993
2024-01-05 09:15:00,108.74999999999994
2024-01-05 10:00:00,108.94999999999993
2024-01-05 11:00:00,108.54999999999993
2024-01-05 12:00:00,108.09999999999994
2024-01-05 13:00:00,109.39999999999992
2024-01-05 14:00:00,106.59999999999994
2024-01-05 15:00:00,107.24999999999994
2024-01-05 16:00:00,105.99999999999994
2024-01-05 17:00:00,105.69999999999993
2024-01-05 18:00:00,105.39999999999992
2024-01-05 23:00:00,106.04999999999993
2024-01-08 09:15:00,104.14999999999992
2024-01-08 10:00:00,103.14999999999992
2024-01-08 11:00:00,103.14999999999992
2024-01-08 12:00:00,104.09999999999994
2024-01-08 13:00:00,103.99999999999994
2024-01-08 14:00:00,105.49999999999994
2024-01-08 15:00:00,105.09999999999994
2024-01-08 16:00:00,104.49999999999994
2024-01-08 17:00:00,105.84999999999994
2024-01-08 18:00:00,106.39999999999992
2024-01-08 23:00:00,104.59999999999994
2024-01-09 09:15:00,107.04999999999993
2024-01-09 10:00:00,107.44999999999993
2024-01-09 11:00:00,107.54999999999993
2024-01-09 12:00:00,106.49999999999994
2024-01-09 13:00:00,106.79999999999993
2024-01-09 14:00:00,106.94999999999993
2024-01-09 15:00:00,108.44999999999993
2024-01-09 16:00:00,107.19999999999993
2024-01-09 17:00:00,107.69999999999993
2024-01-09 18:00:00,107.64999999999992
2024-01-09 23:00:00,106.99999999999994
2024-01-10 09:15:00,106.24999999999994
2024-01-10 10:00:00,105.89999999999992
2024-01-10 11:00:00,106.04999999999993
2024-01-10 12:00:00,105.14999999999992
2024-01-10 13:00:00,104.49999999999994
2024-01-10 14:00:00,104.29999999999993
2024-01-10 15:00:00,104.69999999999993
2024-01-10 16:00:00,103.69999999999993
2024-01-10 17:00:00,104.39999999999992
2024-01-10 18:00:00,103.79999999999993
2024-01-10 23:00:00,103.89999999999992
2024-01-11 09:15:00,104.14999999999992
2024-01-11 10:00:00,104.99999999999994
2024-01-11 11:00:00,104.79999999999993
2024-01-11 12:00:00,105.19999999999993
2024-01-11 13:00:00,106.44999999999993
2024-01-11 14:00:00,106.34999999999994
2024-01-11 15:00:00,107.39999999999992
2024-01-11 16:00:00,106.24999999999994
2024-01-11 17:00:00,105.49999999999994
2024-01-11 18:00:00,105.09999999999994
2024-01-11 23:00:00,105.94999999999993
2024-01-12 09:15:00,104.99999999999994
2024-01-12 10:00:00,104.54999999999993
2024-01-12 11:00:00,105.39999999999992
2024-01-12 12:00:00,106.04999999999993
2024-01-12 13:00:00,107.54999999999993
2024-01-12 14:00:00,105.64999999999992
2024-01-12 15:00:00,104.74999999999994
2024-01-12 16:00:00,102.44999999999993
2024-01-12 17:00:00,102.39999999999992
2024-01-12 18:00:00,102.44999999999993
2024-01-12 23:00:00,102.29999999999993
2024-01-16 09:15:00,104.74999999999994
2024-01-16 10:00:00,105.29999999999993
2024-01-16 11:00:00,105.79999999999993
2024-01-16 12:00:00,106.39999999999992
2024-01-16 13:00:00,106.34999999999994
2024-01-16 14:00:00,106.99999999999994
2024-01-16 15:00:00,107.14999999999992
2024-01-16 16:00:00,106.39999999999992
2024-01-16 17:00:00,107.34999999999994
2024-01-16 18:00:00,106.79999999999993
2024-01-16 23:00:00,106.99999999999994
2024-01-17 09:15:00,105.04999999999993
2024-01-17 10:00:00,104.39999999999992
2024-01-17 11:00:00,103.34999999999994
2024-01-17 12:00:00,103.04999999999993
2024-01-17 13:00:00,101.34999999999994
2024-01-17 14:00:00,102.24999999999994
2024-01-17 15:00:00,100.59999999999994
2024-01-17 16:00:00,101.44999999999993
2024-01-17 17:00:00,101.14999999999992
2024-01-17 18:00:00,101.14999999999992
2024-01-17 23:00:00,100.94999999999993
2024-01-18 09:15:00,101.39999999999992
2024-01-18 10:00:00,101.99999999999994
2024-01-18 11:00:00,101.14999999999992
2024-01-18 12:00:00,99.29999999999993
2024-01-18 13:00:00,98.49999999999994
2024-01-18 14:00:00,99.04999999999993
2024-01-18 15:00:00,100.29999999999993
2024-01-18 16:00:00,101.99999999999994
2024-01-18 17:00:00,103.34999999999994
2024-01-18 18:00:00,103.79999999999993
2024-01-18 23:00:00,101.94999999999993
2024-01-19 09:15:00,104.89999999999992
2024-01-19 10:00:00,105.24999999999994
2024-01-19 11:00:00,105.04999999999993
2024-01-19 12:00:00,105.14999999999992
2024-01-19 13:00:00,106.14999999999992
2024-01-19 14:00:00,106.94999999999993
2024-01-19 15:00:00,106.19999999999993
2024-01-19 16:00:00,106.84999999999994
2024-01-19 17:00:00,106.89999999999992
2024-01-19 18:00:00,106.19999999999993
2024-01-19 23:00:00,106.79999999999993
2024-01-22 09:15:00,107.64999999999992
2024-01-22 10:00:00,108.99999999999994
2024-01-22 11:00:00,109.99999999999994
2024-01-22 12:00:00,109.84999999999994
2024-01-22 13:00:00,109.39999999999992
2024-01-22 14:00:00,109.84999999999994
2024-01-22 15:00:00,109.64999999999992
2024-01-22 16:00:00,112.79999999999993
2024-01-22 17:00:00,112.19999999999993
2024-01-22 18:00:00,112.49999999999994
2024-01-22 23:00:00,112.49999999999994
2024-01-23 09:15:00,112.04999999999993
2024-01-23 10:00:00,110.99999999999994
2024-01-23 11:00:00,110.24999999999994
2024-01-23 12:00:00,109.39999999999992
2024-01-23 13:00:00,111.99999999999994
2024-01-23 14:00:00,111.49999999999994
2024-01-23 15:00:00,111.69999999999993
2024-01-23 16:00:00,112.14999999999992
2024-01-23 17:00:00,112.64999999999992
2024-01-23 18:00:00,112.79999999999993
2024-01-23 23:00:00,111.94999999999993
2024-01-24 09:15:00,111.49999999999994
2024-01-24 10:00:00,114.39999999999992
2024-01-24 11:00:00,113.49999999999994
2024-01-24 12:00:00,112.74999999999994
2024-01-24 13:00:00,111.64999999999992
2024-01-24 14:00:00,112.29999999999993
2024-01-24 15:00:00,112.14999999999992
2024-01-24 16:00:00,111.34999999999994
2024-01-24 17:00:00,110.64999999999992
2024-01-24 18:00:00,110.64999999999992
2024-01-24 23:00:00,111.14999999999992
2024-01-25 09:15:00,109.29999999999993
2024-01-25 10:00:00,109.94999999999993
2024-01-25 11:00:00,109.39999999999992
2024-01-25 12:00:00,109.19999999999993
2024-01-25 13:00:00,108.49999999999994
2024-01-25 14:00:00,107.14999999999992
2024-01-25 15:00:00,107.84999999999994
2024-01-25 16:00:00,108.84999999999994
2024-01-25 17:00:00,108.94999999999993
2024-01-25 18:00:00,109.04999999999993
2024-01-25 23:00:00,108.64999999999992
2024-01-26 09:15:00,108.24999999999994
2024-01-26 10:00:00,112.14999999999992
2024-01-26 11:00:00,113.19999999999993
2024-01-26 12:00:00,112.79999999999993
2024-01-26 13:00:00,111.59999999999994
2024-01-26 14:00:00,113.24999999999994
2024-01-26 15:00:00,113.49999999999994
2024-01-26 16:00:00,114.39999999999992
2024-01-26 17:00:00,114.34999999999994
2024-01-26 18:00:00,113.34999999999994
2024-01-26 23:00:00,114.39999999999992
2024-01-29 09:15:00,112.24999999999994
2024-01-29 10:00:00,114.29999999999993
2024-01-29 11:00:00,114.29999999999993
2024-01-29 12:00:00,112.84999999999994
2024-01-29 13:00:00,111.74999999999994
2024-01-29 14:00:00,111.54999999999993
2024-01-29 15:00:00,110.99999999999994
2024-01-29 16:00:00,110.99999999999994
2024-01-29 17:00:00,110.99999999999994
2024-01-29 18:00:00,111.74999999999994
2024-01-29 23:00:00,110.99999999999994
2024-01-30 09:15:00,111.69999999999993
2024-01-30 10:00:00,111.54999999999993
2024-01-30 11:00:00,112.64999999999992
2024-01-30 12:00:00,113.14999999999992
2024-01-30 13:00:00,112.24999999999994
2024-01-30 14:00:00,112.39999999999992
2024-01-30 15:00:00,114.49999999999994
2024-01-30 16:00:00,116.19999999999993
2024-01-30 17:00:00,115.44999999999993
2024-01-30 18:00:00,115.49999999999994
2024-01-30 23:00:00,115.19999999999993
2024-01-31 09:15:00,114.39999999999992
2024-01-31 10:00:00,114.64999999999992
2024-01-31 11:00:00,114.19999999999993
2024-01-31 12:00:00,114.34999999999994
2024-01-31 13:00:00,115.04999999999993
2024-01-31 14:00:00,116.34999999999994
2024-01-31 15:00:00,116.29999999999993
2024-01-31 16:00:00,116.09999999999994
2024-01-31 17:00:00,115.54999999999993
2024-01-31 18:00:00,115.74999999999994
2024-01-31 23:00:00,115.89999999999992
2024-02-01 09:15:00,114.84999999999994
2024-02-01 10:00:00,113.29999999999993
2024-02-01 11:00:00,113.84999999999994
2024-02-01 12:00:00,113.04999999999993
2024-02-01 13:00:00,114.14999999999992
2024-02-01 14:00:00,114.19999999999993
2024-02-01 15:00:00,115.69999999999993
2024-02-01 16:00:00,116.29999999999993
2024-02-01 17:00:00,116.34999999999994
2024-02-01 18:00:00,115.94999999999993
2024-02-01 23:00:00,115.89999999999992
2024-02-02 09:15:00,115.59999999999994
2024-02-02 10:00:00,114.39999999999992
2024-02-02 11:00:00,115.09999999999994
2024-02-02 12:00:00,115.29999999999993
2024-02-02 13:00:00,114.24999999999994
2024-02-02 14:00:00,114.24999999999994
2024-02-02 15:00:00,113.14999999999992
2024-02-02 16:00:00,113.99999999999994
2024-02-02 17:00:00,113.64999999999992
2024-02-02 18:00:00,113.09999999999994
2024-02-02 23:00:00,113.94999999999993
2024-02-05 09:15:00,112.39999999999992
2024-02-05 10:00:00,112.84999999999994
2024-02-05 11:00:00,112.94999999999993
2024-02-05 12:00:00,113.94999999999993
2024-02-05 13:00:00,112.34999999999994
2024-02-05 14:00:00,111.59999999999994
2024-02-05 15:00:00,112.69999999999993
2024-02-05 16:00:00,111.49999999999994
2024-02-05 17:00:00,112.14999999999992
2024-02-05 18:00:00,110.79999999999993
2024-02-05 23:00:00,111.64999999999992
2024-02-06 09:15:00,110.64999999999992
2024-02-06 10:00:00,109.54999999999993
2024-02-06 11:00:00,109.94999999999993
2024-02-06 12:00:00,110.49999999999994
2024-02-06 13:00:00,109.54999999999993
2024-02-06 14:00:00,109.44999999999993
2024-02-06 15:00:00,108.84999999999994
2024-02-06 16:00:00,109.34999999999994
2024-02-06 17:00:00,110.19999999999993
2024-02-06 18:00:00,110.04999999999993
2024-02-06 23:00:00,110.04999999999993
2024-02-07 09:15:00,111.14999999999992
2024-02-07 10:00:00,111.49999999999994
2024-02-07 11:00:00,111.19999999999993
2024-02-07 12:00:00,111.94999999999993
2024-02-07 13:00:00,111.34999999999994
2024-02-07 14:00:00,111.99999999999994
2024-02-07 15:00:00,113.19999999999993
2024-02-07 16:00:00,112.99999999999994
2024-02-07 17:00:00,112.54999999999993
2024-02-07 18:00:00,112.44999999999993
2024-02-07 23:00:00,112.79999999999993
2024-02-08 09:15:00,111.84999999999994
2024-02-08 10:00:00,111.44999999999993
2024-02-08 11:00:00,111.44999999999993
2024-02-08 12:00:00,111.89999999999992
2024-02-08 13:00:00,111.74999999999994
2024-02-08 14:00:00,112.14999999999992
2024-02-08 15:00:00,111.34999999999994
2024-02-08 16:00:00,111.39999999999992
2024-02-08 17:00:00,110.99999999999994
2024-02-08 18:00:00,111.34999999999994
2024-02-08 23:00:00,110.79999999999993
2024-02-09 09:15:00,113.34999999999994
2024-02-09 10:00:00,113.04999999999993
2024-02-09 11:00:00,113.14999999999992
2024-02-09 12:00:00,112.59999999999994
2024-02-09 13:00:00,112.54999999999993
2024-02-09 14:00:00,113.14999999999992
2024-02-09 15:00:00,115.94999999999993
2024-02-09 16:00:00,116.29999999999993
2024-02-09 17:00:00,115.14999999999992
2024-02-09 18:00:00,116.09999999999994
2024-02-09 23:00:00,116.44999999999993
2024-02-12 09:15:00,114.99999999999994
2024-02-12 10:00:00,114.09999999999994
2024-02-12 11:00:00,112.94999999999993
2024-02-12 12:00:00,114.74999999999994
2024-02-12 13:00:00,116.49999999999994
2024-02-12 14:00:00,117.54999999999993
2024-02-12 15:00:00,117.29999999999993
2024-02-12 16:00:00,116.59999999999994
2024-02-12 17:00:00,115.44999999999993
2024-02-12 18:00:00,115.64999999999992
2024-02-12 23:00:00,116.09999999999994
2024-02-13 09:15:00,114.69999999999993
2024-02-13 10:00:00,113.69999999999993
2024-02-13 11:00:00,114.49999999999994
2024-02-13 12:00:00,115.09999999999994
2024-02-13 13:00:00,115.04999999999993
2024-02-13 14:00:00,113.64999999999992
2024-02-13 15:00:00,113.84999999999994
2024-02-13 16:00:00,113.84999999999994
2024-02-13 17:00:00,112.24999999999994
2024-02-13 18:00:00,112.44999999999993
2024-02-13 23:00:00,112.99999999999994
2024-02-14 09:15:00,110.39999999999992
2024-02-14 10:00:00,108.79999999999993
2024-02-14 11:00:00,109.39999999999992
2024-02-14 12:00:00,109.39999999999992
2024-02-14 13:00:00,108.24999999999994
2024-02-14 14:00:00,108.34999999999994
2024-02-14 15:00:00,108.94999999999993
2024-02-14 16:00:00,108.94999999999993
2024-02-14 17:00:00,108.29999999999993
2024-02-14 18:00:00,108.44999999999993
2024-02-14 23:00:00,107.74999999999994
2024-02-15 09:15:00,108.84999999999994
2024-02-15 10:00:00,108.14999999999992
2024-02-15 11:00:00,108.94999999999993
2024-02-15 12:00:00,110.24999999999994
2024-02-15 13:00:00,109.54999999999993
2024-02-15 14:00:00,109.89999999999992
2024-02-15 15:00:00,111.24999999999994
2024-02-15 16:00:00,111.14999999999992
2024-02-15 17:00:00,110.79999999999993
2024-02-15 18:00:00,111.04999999999993
2024-02-15 23:00:00,110.09999999999994
2024-02-16 09:15:00,110.99999999999994
2024-02-16 10:00:00,109.69999999999993
2024-02-16 11:00:00,109.79999999999993
2024-02-16 12:00:00,110.44999999999993
2024-02-16 13:00:00,112.24999999999994
2024-02-16 14:00:00,111.54999999999993
2024-02-16 15:00:00,111.84999999999994
2024-02-16 16:00:00,111.54999999999993
2024-02-16 17:00:00,112.04999999999993
2024-02-16 18:00:00,111.14999999999992
2024-02-16 23:00:00,111.64999999999992
2024-02-20 09:15:00,110.19999999999993
2024-02-20 10:00:00,110.84999999999994
2024-02-20 11:00:00,111.59999999999994
2024-02-20 12:00:00,113.94999999999993
2024-02-20 13:00:00,114.29999999999993
2024-02-20 14:00:00,112.09999999999994
2024-02-20 15:00:00,111.04999999999993
2024-02-20 16:00:00,110.49999999999994
2024-02-20 17:00:00,111.84999999999994
2024-02-20 18:00:00,112.84999999999994
2024-02-20 23:00:00,111.19999999999993
2024-02-21 09:15:00,113.14999999999992
2024-02-21 10:00:00,112.69999999999993
2024-02-21 11:00:00,112.49999999999994
2024-02-21 12:00:00,111.79999999999993
2024-02-21 13:00:00,111.54999999999993
2024-02-21 14:00:00,111.54999999999993
2024-02-21 15:00:00,111.89999999999992
2024-02-21 16:00:00,112.24999999999994
2024-02-21 17:00:00,112.89999999999992
2024-02-21 18:00:00,112.69999999999993
2024-02-21 23:00:00,113.04999999999993
2024-02-22 09:15:00,112.44999999999993
2024-02-22 10:00:00,112.79999999999993
2024-02-22 11:00:00,112.74999999999994
2024-02-22 12:00:00,111.54999999999993
2024-02-22 13:00:00,111.19999999999993
2024-02-22 14:00:00,108.84999999999994
2024-02-22 15:00:00,108.54999999999993
2024-02-22 16:00:00,108.44999999999993
2024-02-22 17:00:00,107.99999999999994
2024-02-22 18:00:00,108.14999999999992
2024-02-22 23:00:00,108.09999999999994
2024-02-23 09:15:00,106.64999999999992
2024-02-23 10:00:00,106.49999999999994
2024-02-23 11:00:00,107.19999999999993
2024-02-23 12:00:00,107.59999999999994
2024-02-23 13:00:00,106.44999999999993
2024-02-23 14:00:00,105.94999999999993
2024-02-23 15:00:00,105.44999999999993
2024-02-23 16:00:00,105.14999999999992
2024-02-23 17:00:00,104.84999999999994
2024-02-23 18:00:00,104.84999999999994
2024-02-23 23:00:00,105.24999999999994
2024-02-26 09:15:00,104.69999999999993
2024-02-26 10:00:00,105.89999999999992
2024-02-26 11:00:00,105.74999999999994
2024-02-26 12:00:00,105.89999999999992
2024-02-26 13:00:00,106.24999999999994
2024-02-26 14:00:00,106.29999999999993
2024-02-26 15:00:00,106.19999999999993
2024-02-26 16:00:00,104.79999999999993
2024-02-26 17:00:00,104.54999999999993
2024-02-26 18:00:00,104.99999999999994
2024-02-26 23:00:00,104.54999999999993
2024-02-27 09:15:00,104.19999999999993
2024-02-27 10:00:00,103.79999999999993
2024-02-27 11:00:00,103.64999999999992
2024-02-27 12:00:00,103.39999999999992
2024-02-27 13:00:00,104.34999999999994
2024-02-27 14:00:00,103.14999999999992
2024-02-27 15:00:00,106.74999999999994
2024-02-27 16:00:00,109.19999999999993
2024-02-27 17:00:00,107.39999999999992
2024-02-27 18:00:00,107.04999999999993
2024-02-27 23:00:00,107.99999999999994
2024-02-28 09:15:00,106.79999999999993
2024-02-28 10:00:00,107.04999999999993
2024-02-28 11:00:00,106.79999999999993
2024-02-28 12:00:00,106.44999999999993
2024-02-28 13:00:00,106.74999999999994
2024-02-28 14:00:00,106.19999999999993
2024-02-28 15:00:00,106.54999999999993
2024-02-28 16:00:00,106.89999999999992
2024-02-28 17:00:00,106.29999999999993
2024-02-28 18:00:00,106.39999999999992
2024-02-28 23:00:00,106.69999999999993
2024-02-29 09:15:00,107.09999999999994
2024-02-29 10:00:00,106.74999999999994
2024-02-29 11:00:00,106.14999999999992
2024-02-29 12:00:00,106.29999999999993
2024-02-29 13:00:00,106.19999999999993
2024-02-29 14:00:00,106.39999999999992
2024-02-29 15:00:00,108.39999999999992
2024-02-29 16:00:00,110.19999999999993
2024-02-29 17:00:00,108.94999999999993
2024-02-29 18:00:00,109.24999999999994
2024-02-29 23:00:00,109.29999999999993
2024-03-01 09:15:00,109.64999999999992
2024-03-01 10:00:00,108.84999999999994
2024-03-01 11:00:00,108.34999999999994
2024-03-01 12:00:00,107.29999999999993
2024-03-01 13:00:00,106.69999999999993
2024-03-01 14:00:00,105.99999999999994
2024-03-01 15:00:00,106.24999999999994
2024-03-01 16:00:00,108.79999999999993
2024-03-01 17:00:00,108.09999999999994
2024-03-01 18:00:00,109.04999999999993
2024-03-01 23:00:00,108.24999999999994
2024-03-04 09:15:00,110.04999999999993
2024-03-04 10:00:00,110.94999999999993
2024-03-04 11:00:00,110.89999999999992
2024-03-04 12:00:00,110.69999999999993
2024-03-04 13:00:00,110.94999999999993
2024-03-04 14:00:00,113.69999999999993
2024-03-04 15:00:00,112.14999999999992
2024-03-04 16:00:00,112.09999999999994
2024-03-04 17:00:00,112.14999999999992
2024-03-04 18:00:00,111.49999999999994
2024-03-04 23:00:00,111.84999999999994
2024-03-05 09:15:00,113.64999999999992
2024-03-05 10:00:00,113.34999999999994
2024-03-05 11:00:00,112.74999999999994
2024-03-05 12:00:00,112.54999999999993
2024-03-05 13:00:00,110.79999999999993
2024-03-05 14:00:00,111.34999999999994
2024-03-05 15:00:00,109.29999999999993
2024-03-05 16:00:00,108.44999999999993
2024-03-05 17:00:00,108.99999999999994
2024-03-05 18:00:00,109.14999999999992
2024-03-05 23:00:00,108.29999999999993
2024-03-06 09:15:00,109.04999999999993
2024-03-06 10:00:00,108.54999999999993
2024-03-06 11:00:00,107.84999999999994
2024-03-06 12:00:00,109.44999999999993
2024-03-06 13:00:00,110.74999999999994
2024-03-06 14:00:00,111.14999999999992
2024-03-06 15:00:00,110.99999999999994
2024-03-06 16:00:00,111.09999999999994
2024-03-06 17:00:00,111.79999999999993
2024-03-06 18:00:00,111.69999999999993
2024-03-06 18:00:01,111.69999999999993
2024-03-06 23:00:00,111.29999999999993
2024-03-07 09:15:00,110.39999999999992
2024-03-07 10:00:00,110.49999999999991
2024-03-07 11:00:00,110.74999999999991
2024-03-07 12:00:00,113.79999999999993
2024-03-07 13:00:00,115.19999999999993
2024-03-07 14:00:00,118.09999999999994
2024-03-07 15:00:00,117.19999999999993
2024-03-07 16:00:00,116.74999999999991
2024-03-07 17:00:00,116.04999999999993
2024-03-07 18:00:00,114.99999999999991
2024-03-07 23:00:00,117.19999999999993
2024-03-08 09:15:00,114.39999999999992
2024-03-08 10:00:00,113.09999999999994
2024-03-08 11:00:00,112.94999999999993
2024-03-08 12:00:00,112.94999999999993
2024-03-08 13:00:00,110.24999999999991
2024-03-08 14:00:00,110.24999999999991
2024-03-08 15:00:00,110.84999999999994
2024-03-08 16:00:00,110.64999999999992
2024-03-08 17:00:00,110.39999999999992
2024-03-08 18:00:00,110.14999999999992
2024-03-08 23:00:00,110.74999999999991
2024-03-11 09:15:00,109.89999999999992
2024-03-11 10:00:00,110.74999999999991
2024-03-11 11:00:00,109.94999999999993
2024-03-11 12:00:00,108.84999999999994
2024-03-11 13:00:00,109.14999999999992
2024-03-11 14:00:00,110.14999999999992
2024-03-11 15:00:00,110.24999999999991
2024-03-11 16:00:00,110.24999999999991
2024-03-11 17:00:00,109.99999999999991
2024-03-11 23:00:00,110.44999999999993
2024-03-12 09:15:00,111.69999999999993
2024-03-12 10:00:00,111.74999999999991
2024-03-12 11:00:00,111.14999999999992
2024-03-12 12:00:00,111.34999999999994
2024-03-12 13:00:00,111.14999999999992
2024-03-12 14:00:00,111.39999999999992
2024-03-12 15:00:00,112.29999999999993
2024-03-12 16:00:00,110.89999999999992
2024-03-12 17:00:00,111.44999999999993
2024-03-12 23:00:00,111.39999999999992
2024-03-13 09:15:00,110.94999999999993
2024-03-13 10:00:00,109.74999999999991
2024-03-13 11:00:00,109.39999999999992
2024-03-13 12:00:00,108.69999999999993
2024-03-13 13:00:00,108.19999999999993
2024-03-13 14:00:00,107.89999999999992
2024-03-13 15:00:00,107.99999999999991
2024-03-13 16:00:00,108.39999999999992
2024-03-13 17:00:00,108.49999999999991
2024-03-13 23:00:00,108.54999999999993
2024-03-14 09:15:00,108.84999999999994
2024-03-14 10:00:00,109.49999999999991
2024-03-14 11:00:00,108.44999999999993
2024-03-14 12:00:00,108.34999999999994
2024-03-14 13:00:00,108.64999999999992
2024-03-14 14:00:00,107.79999999999993
2024-03-14 15:00:00,107.74999999999991
2024-03-14 16:00:00,108.64999999999992
2024-03-14 17:00:00,109.49999999999991
2024-03-14 23:00:00,109.54999999999993
2024-03-15 09:15:00,108.89999999999992
2024-03-15 10:00:00,108.89999999999992
2024-03-15 11:00:00,109.29999999999993
2024-03-15 12:00:00,108.69999999999993
2024-03-15 13:00:00,108.64999999999992
2024-03-15 14:00:00,109.94999999999993
2024-03-15 15:00:00,109.64999999999992
2024-03-15 16:00:00,109.04999999999993
2024-03-15 17:00:00,108.79999999999993
2024-03-15 23:00:00,108.94999999999993
2024-03-18 09:15:00,109.89999999999992
2024-03-18 10:00:00,109.94999999999993
2024-03-18 11:00:00,110.89999999999992
2024-03-18 12:00:00,109.69999999999993
2024-03-18 13:00:00,109.14999999999992
2024-03-18 14:00:00,108.29999999999993
2024-03-18 15:00:00,108.94999999999993
2024-03-18 16:00:00,107.94999999999993
2024-03-18 17:00:00,107.64999999999992
2024-03-18 23:00:00,107.89999999999992
2024-03-19 09:15:00,107.79999999999993
2024-03-19 10:00:00,106.44999999999993
2024-03-19 11:00:00,106.54999999999993
2024-03-19 12:00:00,108.14999999999992
2024-03-19 13:00:00,107.99999999999991
2024-03-19 14:00:00,106.64999999999992
2024-03-19 15:00:00,106.99999999999991
2024-03-19 16:00:00,108.84999999999994
2024-03-19 17:00:00,109.09999999999994
2024-03-19 23:00:00,109.09999999999994
2024-03-20 09:15:00,109.69999999999993
2024-03-20 10:00:00,109.19999999999993
2024-03-20 11:00:00,108.84999999999994
2024-03-20 12:00:00,108.64999999999992
2024-03-20 13:00:00,108.79999999999993
2024-03-20 14:00:00,108.59999999999994
2024-03-20 15:00:00,108.89999999999992
2024-03-20 16:00:00,108.44999999999993
2024-03-20 17:00:00,108.99999999999991
2024-03-20 23:00:00,108.69999999999993
2024-03-21 09:15:00,112.44999999999993
2024-03-21 10:00:00,112.59999999999994
2024-03-21 11:00:00,111.99999999999991
2024-03-21 12:00:00,113.09999999999994
2024-03-21 13:00:00,111.14999999999992
2024-03-21 14:00:00,110.24999999999991
2024-03-21 15:00:00,110.99999999999991
2024-03-21 16:00:00,111.99999999999991
2024-03-21 17:00:00,112.19999999999993
2024-03-21 23:00:00,111.94999999999993
2024-03-22 09:15:00,111.54999999999993
2024-03-22 10:00:00,112.79999999999993
2024-03-22 11:00:00,111.14999999999992
2024-03-22 12:00:00,112.34999999999994
2024-03-22 13:00:00,112.99999999999991
2024-03-22 14:00:00,113.54999999999993
2024-03-22 15:00:00,113.59999999999994
2024-03-22 16:00:00,112.34999999999994
2024-03-22 17:00:00,111.49999999999991
2024-03-22 23:00:00,111.29999999999993
2024-03-25 09:15:00,111.84999999999994
2024-03-25 10:00:00,111.59999999999994
2024-03-25 11:00:00,110.69999999999993
2024-03-25 12:00:00,111.04999999999993
2024-03-25 13:00:00,110.44999999999993
2024-03-25 14:00:00,110.39999999999992
2024-03-25 15:00:00,110.54999999999993
2024-03-25 16:00:00,111.69999999999993
2024-03-25 17:00:00,112.54999999999993
2024-03-25 23:00:00,112.19999999999993
2024-03-26 09:15:00,112.84999999999994
2024-03-26 10:00:00,111.94999999999993
2024-03-26 11:00:00,113.39999999999992
2024-03-26 12:00:00,113.69999999999993
2024-03-26 13:00:00,114.99999999999991
2024-03-26 14:00:00,114.29999999999993
2024-03-26 15:00:00,114.44999999999993
2024-03-26 16:00:00,114.39999999999992
2024-03-26 17:00:00,114.59999999999994
2024-03-26 23:00:00,114.54999999999993
2024-03-27 09:15:00,114.44999999999993
2024-03-27 10:00:00,116.04999999999993
2024-03-27 11:00:00,117.34999999999994
2024-03-27 12:00:00,117.09999999999994
2024-03-27 13:00:00,115.49999999999991
2024-03-27 14:00:00,116.44999999999993
2024-03-27 15:00:00,117.19999999999993
2024-03-27 16:00:00,117.39999999999992
2024-03-27 17:00:00,117.39999999999992
2024-03-27 23:00:00,117.19999999999993
2024-03-28 09:15:00,114.89999999999992
2024-03-28 10:00:00,114.54999999999993
2024-03-28 11:00:00,115.09999999999994
2024-03-28 12:00:00,115.29999999999993
2024-03-28 13:00:00,115.39999999999992
2024-03-28 14:00:00,114.44999999999993
2024-03-28 15:00:00,115.74999999999991
2024-03-28 16:00:00,115.74999999999991
2024-03-28 17:00:00,114.89999999999992
2024-03-28 23:00:00,115.34999999999994
2024-03-29 23:00:00,115.34999999999994
2024-04-01 12:30:00,115.19999999999993
2024-04-01 13:00:00,115.19999999999993
2024-04-01 14:00:00,116.84999999999994
2024-04-01 15:00:00,116.64999999999992
2024-04-01 16:00:00,117.24999999999991
2024-04-01 17:00:00,117.29999999999993
2024-04-01 18:00:00,117.34999999999994
2024-04-01 23:00:00,118.39999999999992
2024-04-02 09:15:00,118.34999999999994
2024-04-02 10:00:00,119.49999999999991
2024-04-02 11:00:00,119.34999999999994
2024-04-02 12:00:00,120.34999999999994
2024-04-02 13:00:00,120.64999999999992
2024-04-02 14:00:00,121.84999999999994
2024-04-02 15:00:00,123.49999999999991
2024-04-02 16:00:00,124.29999999999993
2024-04-02 17:00:00,124.19999999999993
2024-04-02 18:00:00,123.89999999999992
2024-04-02 23:00:00,124.39999999999992
2024-04-03 09:15:00,125.24999999999991
2024-04-03 10:00:00,126.29999999999993
2024-04-03 11:00:00,127.69999999999993
2024-04-03 12:00:00,126.99999999999991
2024-04-03 13:00:00,128.64999999999992
2024-04-03 14:00:00,127.04999999999993
2024-04-03 15:00:00,127.74999999999991
2024-04-03 16:00:00,129.29999999999993
2024-04-03 17:00:00,131.34999999999994
2024-04-03 18:00:00,132.34999999999994
2024-04-03 23:00:00,130.09999999999994
2024-04-04 09:15:00,132.99999999999991
2024-04-04 10:00:00,129.59999999999994
2024-04-04 11:00:00,130.34999999999994
2024-04-04 12:00:00,131.64999999999992
2024-04-04 13:00:00,132.04999999999993
2024-04-04 14:00:00,130.69999999999993
2024-04-04 15:00:00,130.99999999999991
2024-04-04 16:00:00,132.24999999999991
2024-04-04 17:00:00,133.14999999999992
2024-04-04 18:00:00,132.99999999999991
2024-04-04 23:00:00,133.09999999999994
2024-04-05 09:15:00,132.34999999999994
2024-04-05 10:00:00,133.44999999999993
2024-04-05 11:00:00,132.94999999999993
2024-04-05 12:00:00,134.94999999999993
2024-04-05 13:00:00,134.24999999999991
2024-04-05 14:00:00,135.49999999999991
2024-04-05 15:00:00,136.79999999999993
2024-04-05 16:00:00,137.49999999999991
2024-04-05 17:00:00,138.74999999999991
2024-04-05 18:00:00,138.84999999999994
2024-04-05 23:00:00,138.29999999999993
2024-04-08 09:15:00,139.89999999999992
2024-04-08 10:00:00,139.19999999999993
2024-04-08 11:00:00,138.54999999999993
2024-04-08 12:00:00,139.74999999999991
2024-04-08 13:00:00,136.09999999999994
2024-04-08 14:00:00,136.34999999999994
2024-04-08 15:00:00,135.74999999999991
2024-04-08 16:00:00,136.74999999999991
2024-04-08 17:00:00,136.54999999999993
2024-04-08 18:00:00,135.29999999999993
2024-04-08 23:00:00,136.74999999999991
2024-04-09 09:15:00,136.74999999999991
2024-04-09 10:00:00,137.99999999999991
2024-04-09 11:00:00,136.89999999999992
2024-04-09 12:00:00,137.84999999999994
2024-04-09 13:00:00,138.04999999999993
2024-04-09 14:00:00,139.44999999999993
2024-04-09 15:00:00,137.19999999999993
2024-04-09 16:00:00,139.04999999999993
2024-04-09 17:00:00,139.64999999999992
2024-04-09 18:00:00,138.84999999999994
2024-04-09 23:00:00,139.14999999999992
2024-04-10 09:15:00,139.29999999999993
2024-04-10 10:00:00,139.04999999999993
2024-04-10 11:00:00,139.29999999999993
2024-04-10 12:00:00,139.39999999999992
2024-04-10 13:00:00,137.84999999999994
2024-04-10 14:00:00,137.44999999999993
2024-04-10 15:00:00,138.04999999999993
2024-04-10 16:00:00,138.64999999999992
2024-04-10 17:00:00,140.34999999999994
2024-04-10 18:00:00,140.34999999999994
2024-04-10 23:00:00,139.94999999999993
2024-04-11 09:15:00,141.69999999999993
2024-04-11 10:00:00,140.59999999999994
2024-04-11 11:00:00,141.29999999999993
2024-04-11 12:00:00,141.19999999999993
2024-04-11 13:00:00,141.24999999999991
2024-04-11 14:00:00,142.89999999999992
2024-04-11 15:00:00,143.54999999999993
2024-04-11 16:00:00,143.54999999999993
2024-04-11 17:00:00,145.44999999999993
2024-04-11 18:00:00,145.84999999999994
2024-04-11 23:00:00,144.64999999999992
2024-04-12 09:15:00,151.59999999999994
2024-04-12 10:00:00,152.64999999999992
2024-04-12 11:00:00,153.49999999999991
2024-04-12 12:00:00,155.14999999999992
2024-04-12 13:00:00,153.84999999999994
2024-04-12 14:00:00,155.24999999999991
2024-04-12 15:00:00,156.29999999999993
2024-04-12 16:00:00,152.24999999999991
2024-04-12 17:00:00,143.84999999999994
2024-04-12 18:00:00,144.19999999999993
2024-04-12 23:00:00,147.74999999999991
2024-04-15 09:15:00,144.14999999999992
2024-04-15 10:00:00,146.79999999999993
2024-04-15 11:00:00,146.59999999999994
2024-04-15 12:00:00,147.74999999999991
2024-04-15 13:00:00,152.64999999999992
2024-04-15 14:00:00,152.64999999999992
2024-04-15 15:00:00,152.54999999999993
2024-04-15 16:00:00,154.14999999999992
2024-04-15 17:00:00,157.64999999999992
2024-04-15 18:00:00,156.64999999999992
2024-04-15 23:00:00,154.14999999999992
2024-04-16 09:15:00,156.94999999999993
2024-04-16 10:00:00,156.19999999999993
2024-04-16 11:00:00,156.24999999999991
2024-04-16 12:00:00,154.34999999999994
2024-04-16 13:00:00,156.39999999999992
2024-04-16 14:00:00,156.94999999999993
2024-04-16 15:00:00,155.19999999999993
2024-04-16 16:00:00,155.39999999999992
2024-04-16 17:00:00,157.24999999999991
2024-04-16 18:00:00,156.49999999999991
2024-04-16 23:00:00,155.69999999999993
2024-04-17 09:15:00,156.59999999999994
2024-04-17 10:00:00,160.14999999999992
2024-04-17 11:00:00,160.34999999999994
2024-04-17 12:00:00,161.29999999999993
2024-04-17 13:00:00,159.29999999999993
2024-04-17 14:00:00,162.29999999999993
2024-04-17 15:00:00,164.69999999999993
2024-04-17 16:00:00,166.09999999999994
2024-04-17 17:00:00,166.69999999999993
2024-04-17 18:00:00,166.34999999999994
2024-04-17 23:00:00,167.64999999999992
2024-04-18 09:15:00,168.94999999999993
2024-04-18 10:00:00,170.54999999999993
2024-04-18 11:00:00,170.54999999999993
2024-04-18 12:00:00,165.74999999999991
2024-04-18 13:00:00,162.59999999999994
2024-04-18 14:00:00,158.84999999999994
2024-04-18 15:00:00,159.44999999999993
2024-04-18 16:00:00,159.64999999999992
2024-04-18 17:00:00,159.54999999999993
2024-04-18 18:00:00,159.54999999999993
2024-04-18 23:00:00,158.39999999999992
2024-04-19 09:15:00,163.49999999999991
2024-04-19 10:00:00,166.09999999999994
2024-04-19 11:00:00,164.54999999999993
2024-04-19 12:00:00,161.99999999999991
2024-04-19 13:00:00,159.54999999999993
2024-04-19 14:00:00,157.39999999999992
2024-04-19 15:00:00,158.89999999999992
2024-04-19 16:00:00,158.94999999999993
2024-04-19 17:00:00,159.29999999999993
2024-04-19 18:00:00,159.34999999999994
2024-04-19 23:00:00,159.14999999999992
2024-04-22 09:15:00,160.39999999999992
2024-04-22 10:00:00,158.59999999999994
2024-04-22 11:00:00,159.19999999999993
2024-04-22 12:00:00,156.49999999999991
2024-04-22 13:00:00,152.94999999999993
2024-04-22 14:00:00,152.79999999999993
2024-04-22 15:00:00,155.29999999999993
2024-04-22 16:00:00,155.59999999999994
2024-04-22 17:00:00,154.99999999999991
2024-04-22 18:00:00,156.34999999999994
2024-04-22 23:00:00,154.94999999999993
2024-04-23 09:15:00,151.89999999999992
2024-04-23 10:00:00,151.04999999999993
2024-04-23 11:00:00,149.64999999999992
2024-04-23 12:00:00,149.89999999999992
2024-04-23 13:00:00,148.84999999999994
2024-04-23 14:00:00,149.19999999999993
2024-04-23 15:00:00,149.04999999999993
2024-04-23 16:00:00,148.84999999999994
2024-04-23 17:00:00,149.09999999999994
2024-04-23 18:00:00,149.04999999999993
2024-04-23 23:00:00,149.14999999999992
2024-04-24 09:15:00,150.94999999999993
2024-04-24 10:00:00,151.24999999999991
2024-04-24 11:00:00,151.44999999999993
2024-04-24 12:00:00,152.24999999999991
2024-04-24 13:00:00,150.39999999999992
2024-04-24 14:00:00,151.59999999999994
2024-04-24 15:00:00,153.74999999999991
2024-04-24 16:00:00,151.74999999999991
2024-04-24 17:00:00,153.09999999999994
2024-04-24 18:00:00,154.69999999999993
2024-04-24 23:00:00,153.19999999999993
2024-04-25 09:15:00,155.84999999999994
2024-04-25 10:00:00,156.49999999999991
2024-04-25 11:00:00,158.14999999999992
2024-04-25 12:00:00,157.19999999999993
2024-04-25 13:00:00,156.29999999999993
2024-04-25 14:00:00,157.14999999999992
2024-04-25 15:00:00,156.04999999999993
2024-04-25 16:00:00,154.79999999999993
2024-04-25 17:00:00,154.64999999999992
2024-04-25 18:00:00,153.29999999999993
2024-04-25 23:00:00,155.39999999999992
2024-04-26 09:15:00,151.64999999999992
2024-04-26 10:00:00,152.94999999999993
2024-04-26 11:00:00,152.04999999999993
2024-04-26 12:00:00,150.74999999999991
2024-04-26 13:00:00,150.79999999999993
2024-04-26 14:00:00,153.24999999999991
2024-04-26 15:00:00,151.64999999999992
2024-04-26 16:00:00,151.29999999999993
2024-04-26 17:00:00,150.94999999999993
2024-04-26 18:00:00,150.64999999999992
2024-04-26 23:00:00,151.29999999999993
2024-04-29 09:15:00,152.74999999999991
2024-04-29 10:00:00,153.44999999999993
2024-04-29 11:00:00,152.74999999999991
2024-04-29 12:00:00,151.04999999999993
2024-04-29 13:00:00,153.54999999999993
2024-04-29 14:00:00,155.44999999999993
2024-04-29 15:00:00,155.24999999999991
2024-04-29 16:00:00,152.14999999999992
2024-04-29 17:00:00,154.69999999999993
2024-04-29 18:00:00,154.84999999999994
2024-04-29 23:00:00,154.79999999999993
2024-04-30 09:15:00,149.54999999999993
2024-04-30 10:00:00,150.04999999999993
2024-04-30 11:00:00,150.64999999999992
2024-04-30 12:00:00,149.49999999999991
2024-04-30 13:00:00,153.34999999999994
2024-04-30 14:00:00,152.44999999999993
2024-04-30 15:00:00,151.04999999999993
2024-04-30 16:00:00,143.94999999999993
2024-04-30 17:00:00,142.34999999999994
2024-04-30 18:00:00,140.94999999999993
2024-04-30 23:00:00,143.94999999999993
2024-05-01 09:15:00,142.19999999999993
2024-05-01 10:00:00,142.19999999999993
2024-05-01 11:00:00,141.29999999999993
2024-05-01 12:00:00,140.99999999999991
2024-05-01 13:00:00,142.89999999999992
2024-05-01 14:00:00,144.14999999999992
2024-05-01 15:00:00,142.49999999999991
2024-05-01 16:00:00,143.54999999999993
2024-05-01 17:00:00,143.09999999999994
2024-05-01 18:00:00,142.39999999999992
2024-05-01 23:00:00,143.29999999999993
2024-05-02 09:15:00,139.54999999999993
2024-05-02 10:00:00,137.79999999999993
2024-05-02 11:00:00,137.69999999999993
2024-05-02 12:00:00,136.54999999999993
2024-05-02 13:00:00,136.09999999999994
2024-05-02 14:00:00,134.44999999999993
2024-05-02 15:00:00,132.84999999999994
2024-05-02 16:00:00,132.24999999999991
2024-05-02 17:00:00,132.14999999999992
2024-05-02 18:00:00,133.59999999999994
2024-05-02 23:00:00,133.39999999999992
2024-05-03 09:15:00,131.69999999999993
2024-05-03 10:00:00,133.14999999999992
2024-05-03 11:00:00,134.24999999999991
2024-05-03 12:00:00,133.34999999999994
2024-05-03 13:00:00,131.39999999999992
2024-05-03 14:00:00,130.09999999999994
2024-05-03 15:00:00,128.49999999999991
2024-05-03 16:00:00,128.24999999999991
2024-05-03 17:00:00,128.24999999999991
2024-05-03 18:00:00,127.89999999999992
2024-05-03 23:00:00,128.04999999999993
2024-05-06 12:30:00,126.49999999999991
2024-05-06 13:00:00,126.19999999999993
2024-05-06 14:00:00,124.69999999999993
2024-05-06 15:00:00,124.64999999999992
2024-05-06 16:00:00,122.89999999999992
2024-05-06 17:00:00,122.39999999999992
2024-05-06 18:00:00,122.44999999999993
2024-05-06 23:00:00,122.49999999999991
2024-05-07 09:15:00,119.84999999999994
2024-05-07 10:00:00,120.54999999999993
2024-05-07 11:00:00,123.19999999999993
2024-05-07 12:00:00,122.19999999999993
2024-05-07 13:00:00,122.59999999999994
2024-05-07 14:00:00,122.39999999999992
2024-05-07 15:00:00,122.39999999999992
2024-05-07 16:00:00,122.54999999999993
2024-05-07 17:00:00,123.49999999999991
2024-05-07 18:00:00,123.44999999999993
2024-05-07 23:00:00,123.94999999999993
2024-05-08 09:15:00,123.94999999999993
2024-05-08 10:00:00,122.49999999999991
2024-05-08 11:00:00,123.54999999999993
2024-05-08 12:00:00,124.04999999999993
2024-05-08 13:00:00,122.99999999999991
2024-05-08 14:00:00,122.94999999999993
2024-05-08 15:00:00,123.89999999999992
2024-05-08 16:00:00,124.69999999999993
2024-05-08 17:00:00,125.59999999999994
2024-05-08 18:00:00,125.44999999999993
2024-05-08 23:00:00,124.84999999999994
2024-05-09 09:15:00,128.59999999999994
2024-05-09 10:00:00,129.14999999999992
2024-05-09 11:00:00,127.44999999999993
2024-05-09 12:00:00,128.29999999999993
2024-05-09 13:00:00,125.94999999999993
2024-05-09 14:00:00,126.54999999999993
2024-05-09 15:00:00,125.64999999999992
2024-05-09 16:00:00,127.04999999999993
2024-05-09 17:00:00,128.29999999999993
2024-05-09 18:00:00,127.49999999999991
2024-05-09 18:00:01,127.49999999999991
2024-05-09 23:00:00,128.74999999999991
2024-05-10 09:15:00,127.09999999999991
2024-05-10 10:00:00,127.34999999999991
2024-05-10 11:00:00,127.1999999999999
2024-05-10 12:00:00,126.84999999999991
2024-05-10 13:00:00,126.39999999999992
2024-05-10 14:00:00,128.39999999999992
2024-05-10 15:00:00,129.64999999999992
2024-05-10 16:00:00,128.0999999999999
2024-05-10 17:00:00,128.04999999999993
2024-05-10 18:00:00,127.89999999999992
2024-05-10 23:00:00,128.6999999999999
2024-05-13 09:15:00,129.99999999999991
2024-05-13 10:00:00,129.5999999999999
2024-05-13 11:00:00,128.74999999999991
2024-05-13 12:00:00,129.89999999999992
2024-05-13 13:00:00,129.6999999999999
2024-05-13 14:00:00,129.79999999999993
2024-05-13 15:00:00,129.49999999999991
2024-05-13 16:00:00,124.79999999999993
2024-05-13 17:00:00,123.89999999999992
2024-05-13 18:00:00,123.34999999999991
2024-05-13 23:00:00,123.99999999999991
2024-05-14 09:15:00,122.24999999999991
2024-05-14 10:00:00,122.24999999999991
2024-05-14 11:00:00,121.84999999999991
2024-05-14 12:00:00,124.29999999999993
2024-05-14 13:00:00,125.14999999999992
2024-05-14 14:00:00,125.34999999999991
2024-05-14 15:00:00,124.74999999999991
2024-05-14 16:00:00,125.9499999999999
2024-05-14 17:00:00,128.14999999999992
2024-05-14 18:00:00,128.24999999999991
2024-05-14 23:00:00,128.64999999999992
2024-05-15 09:15:00,129.24999999999991
2024-05-15 10:00:00,126.49999999999991
2024-05-15 11:00:00,126.04999999999993
2024-05-15 12:00:00,125.39999999999992
2024-05-15 13:00:00,125.59999999999991
2024-05-15 14:00:00,125.79999999999993
2024-05-15 15:00:00,126.4499999999999
2024-05-15 16:00:00,125.74999999999991
2024-05-15 17:00:00,126.49999999999991
2024-05-15 18:00:00,126.64999999999992
2024-05-15 23:00:00,127.14999999999992
2024-05-16 09:15:00,126.64999999999992
2024-05-16 10:00:00,127.09999999999991
2024-05-16 11:00:00,127.64999999999992
2024-05-16 12:00:00,126.49999999999991
2024-05-16 13:00:00,126.4499999999999
2024-05-16 14:00:00,125.9499999999999
2024-05-16 15:00:00,126.39999999999992
2024-05-16 16:00:00,126.34999999999991
2024-05-16 17:00:00,125.04999999999993
2024-05-16 18:00:00,125.24999999999991
2024-05-16 23:00:00,125.6999999999999
2024-05-17 09:15:00,126.74999999999991
2024-05-17 10:00:00,126.64999999999992
2024-05-17 11:00:00,128.0999999999999
2024-05-17 12:00:00,129.24999999999991
2024-05-17 13:00:00,130.4499999999999
2024-05-17 14:00:00,130.39999999999992
2024-05-17 15:00:00,129.99999999999991
2024-05-17 16:00:00,131.29999999999993
2024-05-17 17:00:00,134.14999999999992
2024-05-17 18:00:00,133.24999999999991
2024-05-17 23:00:00,134.1999999999999
2024-05-20 09:15:00,134.74999999999991
2024-05-20 10:00:00,133.79999999999993
2024-05-20 11:00:00,133.64999999999992
2024-05-20 12:00:00,134.4499999999999
2024-05-20 13:00:00,132.64999999999992
2024-05-20 14:00:00,132.54999999999993
2024-05-20 15:00:00,133.4499999999999
2024-05-20 16:00:00,134.99999999999991
2024-05-20 17:00:00,134.89999999999992
2024-05-20 18:00:00,134.54999999999993
2024-05-20 23:00:00,134.49999999999991
2024-05-21 09:15:00,134.3499999999999
2024-05-21 10:00:00,136.49999999999991
2024-05-21 11:00:00,139.14999999999992
2024-05-21 12:00:00,139.29999999999993
2024-05-21 13:00:00,140.64999999999992
2024-05-21 14:00:00,143.6999999999999
2024-05-21 15:00:00,144.74999999999991
2024-05-21 16:00:00,144.64999999999992
2024-05-21 17:00:00,144.99999999999991
2024-05-21 18:00:00,145.5999999999999
2024-05-21 23:00:00,144.74999999999991
2024-05-22 09:15:00,147.24999999999991
2024-05-22 10:00:00,147.39999999999992
2024-05-22 11:00:00,147.04999999999993
2024-05-22 12:00:00,145.29999999999993
2024-05-22 13:00:00,145.14999999999992
2024-05-22 14:00:00,145.14999999999992
2024-05-22 15:00:00,145.54999999999993
2024-05-22 16:00:00,146.49999999999991
2024-05-22 17:00:00,147.99999999999991
2024-05-22 18:00:00,147.79999999999993
2024-05-22 23:00:00,147.99999999999991
2024-05-23 09:15:00,146.79999999999993
2024-05-23 10:00:00,145.64999999999992
2024-05-23 11:00:00,144.29999999999993
2024-05-23 12:00:00,140.24999999999991
2024-05-23 13:00:00,143.49999999999991
2024-05-23 14:00:00,143.99999999999991
2024-05-23 15:00:00,144.6999999999999
2024-05-23 16:00:00,143.89999999999992
2024-05-23 17:00:00,143.3499999999999
2024-05-23 18:00:00,143.64999999999992
2024-05-23 23:00:00,143.54999999999993
2024-05-24 09:15:00,145.99999999999991
2024-05-24 10:00:00,143.99999999999991
2024-05-24 11:00:00,144.39999999999992
2024-05-24 12:00:00,144.5999999999999
2024-05-24 13:00:00,142.39999999999992
2024-05-24 14:00:00,143.24999999999991
2024-05-24 15:00:00,144.1999999999999
2024-05-24 16:00:00,145.14999999999992
2024-05-24 17:00:00,147.64999999999992
2024-05-24 18:00:00,145.89999999999992
2024-05-24 23:00:00,146.0999999999999
2024-05-28 09:15:00,148.4499999999999
2024-05-28 10:00:00,150.9499999999999
2024-05-28 11:00:00,150.04999999999993
2024-05-28 12:00:00,152.04999999999993
2024-05-28 13:00:00,156.54999999999993
2024-05-28 14:00:00,153.74999999999991
2024-05-28 15:00:00,156.74999999999991
2024-05-28 16:00:00,158.9499999999999
2024-05-28 17:00:00,157.5999999999999
2024-05-28 18:00:00,157.1999999999999
2024-05-28 23:00:00,158.54999999999993
2024-05-29 09:15:00,155.79999999999993
2024-05-29 10:00:00,157.39999999999992
2024-05-29 11:00:00,157.14999999999992
2024-05-29 12:00:00,157.14999999999992
2024-05-29 13:00:00,156.49999999999991
2024-05-29 14:00:00,157.0999999999999
2024-05-29 15:00:00,160.74999999999991
2024-05-29 16:00:00,161.6999999999999
2024-05-29 17:00:00,157.49999999999991
2024-05-29 18:00:00,157.3499999999999
2024-05-29 23:00:00,157.04999999999993
2024-05-30 09:15:00,154.6999999999999
2024-05-30 10:00:00,156.8499999999999
2024-05-30 11:00:00,157.1999999999999
2024-05-30 12:00:00,157.39999999999992
2024-05-30 13:00:00,160.1999999999999
2024-05-30 14:00:00,160.14999999999992
2024-05-30 15:00:00,161.89999999999992
2024-05-30 16:00:00,159.49999999999991
2024-05-30 17:00:00,161.0999999999999
2024-05-30 18:00:00,161.39999999999992
2024-05-30 23:00:00,160.6999999999999
2024-05-31 09:15:00,164.5999999999999
2024-05-31 10:00:00,164.4499999999999
2024-05-31 11:00:00,160.29999999999993
2024-05-31 12:00:00,156.89999999999992
2024-05-31 13:00:00,152.9499999999999
2024-05-31 14:00:00,150.6999999999999
2024-05-31 15:00:00,148.74999999999991
2024-05-31 16:00:00,149.24999999999991
2024-05-31 17:00:00,148.79999999999993
2024-05-31 18:00:00,148.4499999999999
2024-05-31 23:00:00,149.99999999999991
2024-06-03 09:15:00,150.8499999999999
2024-06-03 10:00:00,151.9499999999999
2024-06-03 11:00:00,153.1999999999999
2024-06-03 12:00:00,154.04999999999993
2024-06-03 13:00:00,155.74999999999991
2024-06-03 14:00:00,152.74999999999991
2024-06-03 15:00:00,152.6999999999999
2024-06-03 16:00:00,153.4499999999999
2024-06-03 17:00:00,153.29999999999993
2024-06-03 18:00:00,154.0999999999999
2024-06-03 23:00:00,154.24999999999991
2024-06-04 09:15:00,152.4499999999999
2024-06-04 10:00:00,152.89999999999992
2024-06-04 11:00:00,152.1999999999999
2024-06-04 12:00:00,153.39999999999992
2024-06-04 13:00:00,154.79999999999993
2024-06-04 14:00:00,157.99999999999991
2024-06-04 15:00:00,158.49999999999991
2024-06-04 16:00:00,160.24999999999991
2024-06-04 17:00:00,159.64999999999992
2024-06-04 18:00:00,158.9499999999999
2024-06-04 23:00:00,161.4499999999999
2024-06-05 09:15:00,157.8499999999999
2024-06-05 10:00:00,155.4499999999999
2024-06-05 11:00:00,158.1999999999999
2024-06-05 12:00:00,158.0999999999999
2024-06-05 13:00:00,158.14999999999992
2024-06-05 14:00:00,158.9499999999999
2024-06-05 15:00:00,158.39999999999992
2024-06-05 16:00:00,159.89999999999992
2024-06-05 17:00:00,159.14999999999992
2024-06-05 18:00:00,159.74999999999991
2024-06-05 23:00:00,159.74999999999991
2024-06-06 09:15:00,161.14999999999992
2024-06-06 10:00:00,162.0999999999999
2024-06-06 11:00:00,162.64999999999992
2024-06-06 12:00:00,166.49999999999991
2024-06-06 13:00:00,166.0999999999999
2024-06-06 14:00:00,166.5999999999999
2024-06-06 15:00:00,160.99999999999991
2024-06-06 16:00:00,162.5999999999999
2024-06-06 17:00:00,161.6999999999999
2024-06-06 18:00:00,161.0999999999999
2024-06-06 23:00:00,162.0999999999999
2024-06-07 09:15:00,159.5999999999999
2024-06-07 10:00:00,159.54999999999993
2024-06-07 11:00:00,159.6999999999999
2024-06-07 12:00:00,160.64999999999992
2024-06-07 13:00:00,155.39999999999992
2024-06-07 14:00:00,154.8499999999999
2024-06-07 15:00:00,155.14999999999992
2024-06-07 16:00:00,153.1999999999999
2024-06-07 17:00:00,153.4499999999999
2024-06-07 18:00:00,153.4499999999999
2024-06-07 23:00:00,153.64999999999992
2024-06-10 09:15:00,149.14999999999992
2024-06-10 10:00:00,150.64999999999992
2024-06-10 11:00:00,152.54999999999993
2024-06-10 12:00:00,153.99999999999991
2024-06-10 13:00:00,153.49999999999991
2024-06-10 14:00:00,153.0999999999999
2024-06-10 15:00:00,151.54999999999993
2024-06-10 16:00:00,151.89999999999992
2024-06-10 17:00:00,151.54999999999993
2024-06-10 18:00:00,151.3499999999999
2024-06-10 23:00:00,150.74999999999991
2024-06-11 09:15:00,152.04999999999993
2024-06-11 10:00:00,151.79999999999993
2024-06-11 11:00:00,151.1999999999999
2024-06-11 12:00:00,150.9499999999999
2024-06-11 13:00:00,150.64999999999992
2024-06-11 14:00:00,150.3499999999999
2024-06-11 15:00:00,152.64999999999992
2024-06-11 16:00:00,151.04999999999993
2024-06-11 17:00:00,149.8499999999999
2024-06-11 18:00:00,148.74999999999991
2024-06-11 23:00:00,150.1999999999999
2024-06-12 09:15:00,148.6999999999999
2024-06-12 10:00:00,146.79999999999993
2024-06-12 11:00:00,146.79999999999993
2024-06-12 12:00:00,146.8499999999999
2024-06-12 13:00:00,146.4499999999999
2024-06-12 14:00:00,145.8499999999999
2024-06-12 15:00:00,146.64999999999992
2024-06-12 16:00:00,152.14999999999992
2024-06-12 17:00:00,153.49999999999991
2024-06-12 18:00:00,152.9499999999999
2024-06-12 23:00:00,153.5999999999999
2024-06-13 09:15:00,154.99999999999991
2024-06-13 10:00:00,156.39999999999992
2024-06-13 11:00:00,156.89999999999992
2024-06-13 12:00:00,155.3499999999999
2024-06-13 13:00:00,153.74999999999991
2024-06-13 14:00:00,156.79999999999993
2024-06-13 15:00:00,155.49999999999991
2024-06-13 16:00:00,155.14999999999992
2024-06-13 17:00:00,155.24999999999991
2024-06-13 18:00:00,154.74999999999991
2024-06-13 23:00:00,154.99999999999991
2024-06-14 09:15:00,154.79999999999993
2024-06-14 10:00:00,153.29999999999993
2024-06-14 11:00:00,152.39999999999992
2024-06-14 12:00:00,152.3499999999999
2024-06-14 13:00:00,152.6999999999999
2024-06-14 14:00:00,153.8499999999999
2024-06-14 15:00:00,153.5999999999999
2024-06-14 16:00:00,152.64999999999992
2024-06-14 17:00:00,153.39999999999992
2024-06-14 18:00:00,154.5999999999999
2024-06-14 23:00:00,153.14999999999992
2024-06-17 09:15:00,154.9499999999999
2024-06-17 10:00:00,156.04999999999993
2024-06-17 11:00:00,155.14999999999992
2024-06-17 12:00:00,154.64999999999992
2024-06-17 13:00:00,154.5999999999999
2024-06-17 14:00:00,155.14999999999992
2024-06-17 15:00:00,155.74999999999991
2024-06-17 16:00:00,154.79999999999993
2024-06-17 17:00:00,155.3499999999999
2024-06-17 18:00:00,155.14999999999992
2024-06-17 23:00:00,156.04999999999993
2024-06-18 09:15:00,156.5999999999999
2024-06-18 10:00:00,155.39999999999992
2024-06-18 11:00:00,156.04999999999993
2024-06-18 12:00:00,157.29999999999993
2024-06-18 13:00:00,153.99999999999991
2024-06-18 14:00:00,155.0999999999999
2024-06-18 15:00:00,153.4499999999999
2024-06-18 16:00:00,154.39999999999992
2024-06-18 17:00:00,155.3499999999999
2024-06-18 18:00:00,155.14999999999992
2024-06-18 23:00:00,154.99999999999991
2024-06-20 09:15:00,159.74999999999991
2024-06-20 10:00:00,160.54999999999993
2024-06-20 11:00:00,161.4499999999999
2024-06-20 12:00:00,161.49999999999991
2024-06-20 13:00:00,162.64999999999992
2024-06-20 14:00:00,164.0999999999999
2024-06-20 15:00:00,162.4499999999999
2024-06-20 16:00:00,158.3499999999999
2024-06-20 17:00:00,158.49999999999991
2024-06-20 18:00:00,158.24999999999991
2024-06-20 23:00:00,159.0999999999999
2024-06-21 09:15:00,158.99999999999991
2024-06-21 10:00:00,158.6999999999999
2024-06-21 11:00:00,159.4499999999999
2024-06-21 12:00:00,158.79999999999993
2024-06-21 13:00:00,158.64999999999992
2024-06-21 14:00:00,158.1999999999999
2024-06-21 15:00:00,158.79999999999993
2024-06-21 16:00:00,154.74999999999991
2024-06-21 17:00:00,153.49999999999991
2024-06-21 18:00:00,153.54999999999993
2024-06-21 23:00:00,153.74999999999991
2024-06-24 09:15:00,156.04999999999993
2024-06-24 10:00:00,157.04999999999993
2024-06-24 11:00:00,158.54999999999993
2024-06-24 12:00:00,161.29999999999993
2024-06-24 13:00:00,163.3499999999999
2024-06-24 14:00:00,163.64999999999992
2024-06-24 15:00:00,164.99999999999991
2024-06-24 16:00:00,165.9499999999999
2024-06-24 17:00:00,165.54999999999993
2024-06-24 18:00:00,165.8499999999999
2024-06-24 23:00:00,164.99999999999991
2024-06-25 09:15:00,162.9499999999999
2024-06-25 10:00:00,162.5999999999999
2024-06-25 11:00:00,161.79999999999993
2024-06-25 12:00:00,160.64999999999992
2024-06-25 13:00:00,160.04999999999993
2024-06-25 14:00:00,156.54999999999993
2024-06-25 15:00:00,157.74999999999991
2024-06-25 16:00:00,157.54999999999993
2024-06-25 17:00:00,158.79999999999993
2024-06-25 18:00:00,158.54999999999993
2024-06-25 23:00:00,158.04999999999993
2024-06-26 09:15:00,161.49999999999991
2024-06-26 10:00:00,159.8499999999999
2024-06-26 11:00:00,159.29999999999993
2024-06-26 12:00:00,156.29999999999993
2024-06-26 13:00:00,154.49999999999991
2024-06-26 14:00:00,154.1999999999999
2024-06-26 15:00:00,154.39999999999992
2024-06-26 16:00:00,152.6999999999999
2024-06-26 17:00:00,152.39999999999992
2024-06-26 18:00:00,153.0999999999999
2024-06-26 23:00:00,153.0999999999999
2024-06-27 09:15:00,153.5999999999999
2024-06-27 10:00:00,155.1999999999999
2024-06-27 11:00:00,155.54999999999993
2024-06-27 12:00:00,155.54999999999993
2024-06-27 13:00:00,156.3499999999999
2024-06-27 14:00:00,155.39999999999992
2024-06-27 15:00:00,154.5999999999999
2024-06-27 16:00:00,154.14999999999992
2024-06-27 17:00:00,155.99999999999991
2024-06-27 18:00:00,155.54999999999993
2024-06-27 23:00:00,155.0999999999999
2024-06-28 09:15:00,156.04999999999993
2024-06-28 10:00:00,151.29999999999993
2024-06-28 11:00:00,152.49999999999991
2024-06-28 12:00:00,151.74999999999991
2024-06-28 13:00:00,154.99999999999991
2024-06-28 14:00:00,153.8499999999999
2024-06-28 15:00:00,154.89999999999992
2024-06-28 16:00:00,154.1999999999999
2024-06-28 17:00:00,155.39999999999992
2024-06-28 18:00:00,156.39999999999992
2024-06-28 23:00:00,155.54999999999993
2024-07-01 09:15:00,156.04999999999993
2024-07-01 10:00:00,155.1999999999999
2024-07-01 11:00:00,154.04999999999993
2024-07-01 12:00:00,153.24999999999991
2024-07-01 13:00:00,148.39999999999992
2024-07-01 14:00:00,149.24999999999991
2024-07-01 15:00:00,151.64999999999992
2024-07-01 16:00:00,153.04999999999993
2024-07-01 17:00:00,153.6999999999999
2024-07-01 18:00:00,154.0999999999999
2024-07-01 23:00:00,153.5999999999999
2024-07-02 09:15:00,152.3499999999999
2024-07-02 10:00:00,152.1999999999999
2024-07-02 11:00:00,151.0999999999999
2024-07-02 12:00:00,150.3499999999999
2024-07-02 13:00:00,153.04999999999993
2024-07-02 14:00:00,154.0999999999999
2024-07-02 15:00:00,154.79999999999993
2024-07-02 16:00:00,157.79999999999993
2024-07-02 17:00:00,155.6999999999999
2024-07-02 18:00:00,155.3499999999999
2024-07-02 23:00:00,156.04999999999993
2024-07-03 09:15:00,153.5999999999999
2024-07-03 10:00:00,153.99999999999991
2024-07-03 11:00:00,154.64999999999992
2024-07-03 12:00:00,153.89999999999992
2024-07-03 13:00:00,153.6999999999999
2024-07-03 14:00:00,154.5999999999999
2024-07-03 15:00:00,154.64999999999992
2024-07-03 16:00:00,153.54999999999993
2024-07-03 17:00:00,152.79999999999993
2024-07-03 18:00:00,152.1999999999999
2024-07-03 23:00:00,152.9499999999999
2024-07-05 09:15:00,156.1999999999999
2024-07-05 10:00:00,156.79999999999993
2024-07-05 11:00:00,159.8499999999999
2024-07-05 12:00:00,160.14999999999992
2024-07-05 13:00:00,160.49999999999991
2024-07-05 14:00:00,158.0999999999999
2024-07-05 15:00:00,157.8499999999999
2024-07-05 16:00:00,156.39999999999992
2024-07-05 17:00:00,158.79999999999993
2024-07-05 18:00:00,159.29999999999993
2024-07-05 18:00:01,159.29999999999993
2024-07-05 23:00:00,157.74999999999994
2024-07-08 09:15:00,161.14999999999992
2024-07-08 10:00:00,161.44999999999993
2024-07-08 11:00:00,162.69999999999993
2024-07-08 12:00:00,163.09999999999994
2024-07-08 13:00:00,161.84999999999994
2024-07-08 14:00:00,161.34999999999994
2024-07-08 15:00:00,161.94999999999993
2024-07-08 16:00:00,163.24999999999994
2024-07-08 17:00:00,163.24999999999994
2024-07-08 18:00:00,163.19999999999993
2024-07-08 23:00:00,163.34999999999994
2024-07-09 09:15:00,167.79999999999993
2024-07-09 10:00:00,171.39999999999992
2024-07-09 11:00:00,171.74999999999994
2024-07-09 12:00:00,171.94999999999993
2024-07-09 13:00:00,174.64999999999992
2024-07-09 14:00:00,175.04999999999993
2024-07-09 15:00:00,174.39999999999992
2024-07-09 16:00:00,176.99999999999994
2024-07-09 17:00:00,178.64999999999992
2024-07-09 18:00:00,176.69999999999993
2024-07-09 23:00:00,178.39999999999992
2024-07-10 09:15:00,177.79999999999993
2024-07-10 10:00:00,174.74999999999994
2024-07-10 11:00:00,175.64999999999992
2024-07-10 12:00:00,176.24999999999994
2024-07-10 13:00:00,174.39999999999992
2024-07-10 14:00:00,171.99999999999994
2024-07-10 15:00:00,173.99999999999994
2024-07-10 16:00:00,172.09999999999994
2024-07-10 17:00:00,172.29999999999993
2024-07-10 18:00:00,174.19999999999993
2024-07-10 23:00:00,172.44999999999993
2024-07-11 09:15:00,181.59999999999994
2024-07-11 10:00:00,181.89999999999992
2024-07-11 11:00:00,180.69999999999993
2024-07-11 12:00:00,182.44999999999993
2024-07-11 13:00:00,176.69999999999993
2024-07-11 14:00:00,176.84999999999994
2024-07-11 15:00:00,173.29999999999993
2024-07-11 16:00:00,174.54999999999993
2024-07-11 17:00:00,173.74999999999994
2024-07-11 18:00:00,174.94999999999993
2024-07-11 23:00:00,173.84999999999994
2024-07-12 09:15:00,174.74999999999994
2024-07-12 10:00:00,174.24999999999994
2024-07-12 11:00:00,172.04999999999993
2024-07-12 12:00:00,172.94999999999993
2024-07-12 13:00:00,172.84999999999994
2024-07-12 14:00:00,173.24999999999994
2024-07-12 15:00:00,176.04999999999993
2024-07-12 16:00:00,177.19999999999993
2024-07-12 17:00:00,178.24999999999994
2024-07-12 18:00:00,178.09999999999994
2024-07-12 23:00:00,177.99999999999994
2024-07-15 09:15:00,174.64999999999992
2024-07-15 10:00:00,174.59999999999994
2024-07-15 11:00:00,176.24999999999994
2024-07-15 12:00:00,174.84999999999994
2024-07-15 13:00:00,173.64999999999992
2024-07-15 14:00:00,171.49999999999994
2024-07-15 15:00:00,170.59999999999994
2024-07-15 16:00:00,171.64999999999992
2024-07-15 17:00:00,171.09999999999994
2024-07-15 18:00:00,170.94999999999993
2024-07-15 23:00:00,171.59999999999994
2024-07-16 09:15:00,172.99999999999994
2024-07-16 10:00:00,173.54999999999993
2024-07-16 11:00:00,172.89999999999992
2024-07-16 12:00:00,172.49999999999994
2024-07-16 13:00:00,172.99999999999994
2024-07-16 14:00:00,174.24999999999994
2024-07-16 15:00:00,174.69999999999993
2024-07-16 16:00:00,172.89999999999992
2024-07-16 17:00:00,173.69999999999993
2024-07-16 18:00:00,173.34999999999994
2024-07-16 23:00:00,172.99999999999994
2024-07-17 09:15:00,173.54999999999993
2024-07-17 10:00:00,173.19999999999993
2024-07-17 11:00:00,172.29999999999993
2024-07-17 12:00:00,174.74999999999994
2024-07-17 13:00:00,174.74999999999994
2024-07-17 14:00:00,173.19999999999993
2024-07-17 15:00:00,172.89999999999992
2024-07-17 16:00:00,172.34999999999994
2024-07-17 17:00:00,173.59999999999994
2024-07-17 18:00:00,173.64999999999992
2024-07-17 23:00:00,172.64999999999992
2024-07-18 09:15:00,173.79999999999993
2024-07-18 10:00:00,172.44999999999993
2024-07-18 11:00:00,173.09999999999994
2024-07-18 12:00:00,174.34999999999994
2024-07-18 13:00:00,173.09999999999994
2024-07-18 14:00:00,172.69999999999993
2024-07-18 15:00:00,171.69999999999993
2024-07-18 16:00:00,171.79999999999993
2024-07-18 17:00:00,170.44999999999993
2024-07-18 18:00:00,170.24999999999994
2024-07-18 23:00:00,170.54999999999993
2024-07-19 09:15:00,165.99999999999994
2024-07-19 10:00:00,165.74999999999994
2024-07-19 11:00:00,165.19999999999993
2024-07-19 12:00:00,165.39999999999992
2024-07-19 13:00:00,166.74999999999994
2024-07-19 14:00:00,168.14999999999992
2024-07-19 15:00:00,165.89999999999992
2024-07-19 16:00:00,167.94999999999993
2024-07-19 17:00:00,168.34999999999994
2024-07-19 18:00:00,167.79999999999993
2024-07-19 23:00:00,167.89999999999992
2024-07-22 09:15:00,167.69999999999993
2024-07-22 10:00:00,169.49999999999994
2024-07-22 11:00:00,168.59999999999994
2024-07-22 12:00:00,169.09999999999994
2024-07-22 13:00:00,167.44999999999993
2024-07-22 14:00:00,168.69999999999993
2024-07-22 15:00:00,169.54999999999993
2024-07-22 16:00:00,172.49999999999994
2024-07-22 17:00:00,172.39999999999992
2024-07-22 18:00:00,172.29999999999993
2024-07-22 23:00:00,172.49999999999994
2024-07-23 09:15:00,171.39999999999992
2024-07-23 10:00:00,171.54999999999993
2024-07-23 11:00:00,171.44999999999993
2024-07-23 12:00:00,170.49999999999994
2024-07-23 13:00:00,170.39999999999992
2024-07-23 14:00:00,168.84999999999994
2024-07-23 15:00:00,169.09999999999994
2024-07-23 16:00:00,168.19999999999993
2024-07-23 17:00:00,169.24999999999994
2024-07-23 18:00:00,168.64999999999992
2024-07-23 23:00:00,168.69999999999993
2024-07-24 09:15:00,166.54999999999993
2024-07-24 10:00:00,166.29999999999993
2024-07-24 11:00:00,167.04999999999993
2024-07-24 12:00:00,165.94999999999993
2024-07-24 13:00:00,162.94999999999993
2024-07-24 14:00:00,162.64999999999992
2024-07-24 15:00:00,161.74999999999994
2024-07-24 16:00:00,161.44999999999993
2024-07-24 17:00:00,160.79999999999993
2024-07-24 18:00:00,160.79999999999993
2024-07-24 23:00:00,161.29999999999993
2024-07-25 09:15:00,161.04999999999993
2024-07-25 10:00:00,159.19999999999993
2024-07-25 11:00:00,161.09999999999994
2024-07-25 12:00:00,161.29999999999993
2024-07-25 13:00:00,160.39999999999992
2024-07-25 14:00:00,161.44999999999993
2024-07-25 15:00:00,162.99999999999994
2024-07-25 16:00:00,163.59999999999994
2024-07-25 17:00:00,163.24999999999994
2024-07-25 18:00:00,162.69999999999993
2024-07-25 23:00:00,164.74999999999994
2024-07-26 09:15:00,162.24999999999994
2024-07-26 10:00:00,162.09999999999994
2024-07-26 11:00:00,162.39999999999992
2024-07-26 12:00:00,161.59999999999994
2024-07-26 13:00:00,161.09999999999994
2024-07-26 14:00:00,160.39999999999992
2024-07-26 15:00:00,160.39999999999992
2024-07-26 16:00:00,160.84999999999994
2024-07-26 17:00:00,160.84999999999994
2024-07-26 18:00:00,160.59999999999994
2024-07-26 23:00:00,160.34999999999994
2024-07-29 09:15:00,162.39999999999992
2024-07-29 10:00:00,161.49999999999994
2024-07-29 11:00:00,160.64999999999992
2024-07-29 12:00:00,159.29999999999993
2024-07-29 13:00:00,160.04999999999993
2024-07-29 14:00:00,160.54999999999993
2024-07-29 15:00:00,158.64999999999992
2024-07-29 16:00:00,159.79999999999993
2024-07-29 17:00:00,160.29999999999993
2024-07-29 18:00:00,160.19999999999993
2024-07-29 23:00:00,160.54999999999993
2024-07-30 09:15:00,160.54999999999993
2024-07-30 10:00:00,159.29999999999993
2024-07-30 11:00:00,159.54999999999993
2024-07-30 12:00:00,160.04999999999993
2024-07-30 13:00:00,162.19999999999993
2024-07-30 14:00:00,161.09999999999994
2024-07-30 15:00:00,160.59999999999994
2024-07-30 16:00:00,160.69999999999993
2024-07-30 17:00:00,161.09999999999994
2024-07-30 18:00:00,160.49999999999994
2024-07-30 23:00:00,160.79999999999993
2024-07-31 09:15:00,161.09999999999994
2024-07-31 10:00:00,163.34999999999994
2024-07-31 11:00:00,165.14999999999992
2024-07-31 12:00:00,164.84999999999994
2024-07-31 13:00:00,162.84999999999994
2024-07-31 14:00:00,159.14999999999992
2024-07-31 15:00:00,158.59999999999994
2024-07-31 16:00:00,157.69999999999993
2024-07-31 17:00:00,157.74999999999994
2024-07-31 18:00:00,158.94999999999993
2024-07-31 23:00:00,159.34999999999994
2024-08-01 09:15:00,157.64999999999992
2024-08-01 10:00:00,156.99999999999994
2024-08-01 11:00:00,156.14999999999992
2024-08-01 12:00:00,155.94999999999993
2024-08-01 13:00:00,157.04999999999993
2024-08-01 14:00:00,159.29999999999993
2024-08-01 15:00:00,158.14999999999992
2024-08-01 16:00:00,158.49999999999994
2024-08-01 17:00:00,157.74999999999994
2024-08-01 18:00:00,157.29999999999993
2024-08-01 23:00:00,157.59999999999994
2024-08-02 09:15:00,157.39999999999992
2024-08-02 10:00:00,157.24999999999994
2024-08-02 11:00:00,158.69999999999993
2024-08-02 12:00:00,158.29999999999993
2024-08-02 13:00:00,158.49999999999994
2024-08-02 14:00:00,158.49999999999994
2024-08-02 15:00:00,158.64999999999992
2024-08-02 16:00:00,161.04999999999993
2024-08-02 17:00:00,160.29999999999993
2024-08-02 18:00:00,160.04999999999993
2024-08-02 23:00:00,160.74999999999994
2024-08-05 09:15:00,156.24999999999994
2024-08-05 10:00:00,157.19999999999993
2024-08-05 11:00:00,155.29999999999993
2024-08-05 12:00:00,154.84999999999994
2024-08-05 13:00:00,151.59999999999994
2024-08-05 14:00:00,153.34999999999994
2024-08-05 15:00:00,155.69999999999993
2024-08-05 16:00:00,155.34999999999994
2024-08-05 17:00:00,155.44999999999993
2024-08-05 18:00:00,156.39999999999992
2024-08-05 23:00:00,155.49999999999994
2024-08-06 09:15:00,162.39999999999992
2024-08-06 10:00:00,163.49999999999994
2024-08-06 11:00:00,163.94999999999993
2024-08-06 12:00:00,164.49999999999994
2024-08-06 13:00:00,165.09999999999994
2024-08-06 14:00:00,164.29999999999993
2024-08-06 15:00:00,162.89999999999992
2024-08-06 16:00:00,163.54999999999993
2024-08-06 17:00:00,163.89999999999992
2024-08-06 18:00:00,164.09999999999994
2024-08-06 23:00:00,164.14999999999992
2024-08-07 09:15:00,170.39999999999992
2024-08-07 10:00:00,170.64999999999992
2024-08-07 11:00:00,170.04999999999993
2024-08-07 12:00:00,171.44999999999993
2024-08-07 13:00:00,171.94999999999993
2024-08-07 14:00:00,170.19999999999993
2024-08-07 15:00:00,170.69999999999993
2024-08-07 16:00:00,174.14999999999992
2024-08-07 17:00:00,172.34999999999994
2024-08-07 18:00:00,171.89999999999992
2024-08-07 23:00:00,173.19999999999993
2024-08-08 09:15:00,171.79999999999993
2024-08-08 10:00:00,172.29999999999993
2024-08-08 11:00:00,173.84999999999994
2024-08-08 12:00:00,175.34999999999994
2024-08-08 13:00:00,176.19999999999993
2024-08-08 14:00:00,172.29999999999993
2024-08-08 15:00:00,174.09999999999994
2024-08-08 16:00:00,169.89999999999992
2024-08-08 17:00:00,170.59999999999994
2024-08-08 18:00:00,170.74999999999994
2024-08-08 23:00:00,170.54999999999993
2024-08-09 09:15:00,169.39999999999992
2024-08-09 10:00:00,168.54999999999993
2024-08-09 11:00:00,168.99999999999994
2024-08-09 12:00:00,168.74999999999994
2024-08-09 13:00:00,164.49999999999994
2024-08-09 14:00:00,163.19999999999993
2024-08-09 15:00:00,162.24999999999994
2024-08-09 16:00:00,162.99999999999994
2024-08-09 17:00:00,160.74999999999994
2024-08-09 18:00:00,160.44999999999993
2024-08-09 23:00:00,161.44999999999993
2024-08-12 09:15:00,174.64999999999992
2024-08-12 10:00:00,174.84999999999994
2024-08-12 11:00:00,173.49999999999994
2024-08-12 12:00:00,173.59999999999994
2024-08-12 13:00:00,173.04999999999993
2024-08-12 14:00:00,174.59999999999994
2024-08-12 15:00:00,172.64999999999992
2024-08-12 16:00:00,169.34999999999994
2024-08-12 17:00:00,170.04999999999993
2024-08-12 18:00:00,170.59999999999994
2024-08-12 23:00:00,169.74999999999994
2024-08-13 09:15:00,164.39999999999992
2024-08-13 10:00:00,162.19999999999993
2024-08-13 11:00:00,161.79999999999993
2024-08-13 12:00:00,161.84999999999994
2024-08-13 13:00:00,161.04999999999993
2024-08-13 14:00:00,161.24999999999994
2024-08-13 15:00:00,161.74999999999994
2024-08-13 16:00:00,160.89999999999992
2024-08-13 17:00:00,159.79999999999993
2024-08-13 18:00:00,160.24999999999994
2024-08-13 23:00:00,160.24999999999994
2024-08-14 09:15:00,160.69999999999993
2024-08-14 10:00:00,162.39999999999992
2024-08-14 11:00:00,162.69999999999993
2024-08-14 12:00:00,162.19999999999993
2024-08-14 13:00:00,163.04999999999993
2024-08-14 14:00:00,165.19999999999993
2024-08-14 15:00:00,166.54999999999993
2024-08-14 16:00:00,166.99999999999994
2024-08-14 17:00:00,166.04999999999993
2024-08-14 18:00:00,166.29999999999993
2024-08-14 23:00:00,165.84999999999994
2024-08-15 09:15:00,164.09999999999994
2024-08-15 10:00:00,165.34999999999994
2024-08-15 11:00:00,165.64999999999992
2024-08-15 12:00:00,166.44999999999993
2024-08-15 13:00:00,167.34999999999994
2024-08-15 14:00:00,167.74999999999994
2024-08-15 15:00:00,168.44999999999993
2024-08-15 16:00:00,167.99999999999994
2024-08-15 17:00:00,169.19999999999993
2024-08-15 18:00:00,168.94999999999993
2024-08-15 23:00:00,169.24999999999994
2024-08-16 09:15:00,168.14999999999992
2024-08-16 10:00:00,169.39999999999992
2024-08-16 11:00:00,169.74999999999994
2024-08-16 12:00:00,169.44999999999993
2024-08-16 13:00:00,169.29999999999993
2024-08-16 14:00:00,172.89999999999992
2024-08-16 15:00:00,173.09999999999994
2024-08-16 16:00:00,174.99999999999994
2024-08-16 17:00:00,175.24999999999994
2024-08-16 18:00:00,175.39999999999992
2024-08-16 23:00:00,175.29999999999993
2024-08-19 09:15:00,176.89999999999992
2024-08-19 10:00:00,176.14999999999992
2024-08-19 11:00:00,176.04999999999993
2024-08-19 12:00:00,176.79999999999993
2024-08-19 13:00:00,178.19999999999993
2024-08-19 14:00:00,175.84999999999994
2024-08-19 15:00:00,173.09999999999994
2024-08-19 16:00:00,176.64999999999992
2024-08-19 17:00:00,175.14999999999992
2024-08-19 18:00:00,175.14999999999992
2024-08-19 23:00:00,175.54999999999993
2024-08-20 09:15:00,177.99999999999994
2024-08-20 10:00:00,177.59999999999994
2024-08-20 11:00:00,177.29999999999993
2024-08-20 12:00:00,178.74999999999994
2024-08-20 13:00:00,177.74999999999994
2024-08-20 14:00:00,179.44999999999993
2024-08-20 15:00:00,180.54999999999993
2024-08-20 16:00:00,182.44999999999993
2024-08-20 17:00:00,177.24999999999994
2024-08-20 18:00:00,177.29999999999993
2024-08-20 23:00:00,179.69999999999993
2024-08-21 09:15:00,175.79999999999993
2024-08-21 10:00:00,177.34999999999994
2024-08-21 11:00:00,176.79999999999993
2024-08-21 12:00:00,178.19999999999993
2024-08-21 13:00:00,176.59999999999994
2024-08-21 14:00:00,182.54999999999993
2024-08-21 15:00:00,181.04999999999993
2024-08-21 16:00:00,182.34999999999994
2024-08-21 17:00:00,179.99999999999994
2024-08-21 18:00:00,179.74999999999994
2024-08-21 23:00:00,180.44999999999993
2024-08-22 09:15:00,178.04999999999993
2024-08-22 10:00:00,176.89999999999992
2024-08-22 11:00:00,177.79999999999993
2024-08-22 12:00:00,178.94999999999993
2024-08-22 13:00:00,175.59999999999994
2024-08-22 14:00:00,174.29999999999993
2024-08-22 15:00:00,173.64999999999992
2024-08-22 16:00:00,174.14999999999992
2024-08-22 17:00:00,174.04999999999993
2024-08-22 18:00:00,173.69999999999993
2024-08-22 23:00:00,174.09999999999994
2024-08-23 09:15:00,173.04999999999993
2024-08-23 10:00:00,172.84999999999994
2024-08-23 11:00:00,173.49999999999994
2024-08-23 12:00:00,175.19999999999993
2024-08-23 13:00:00,174.29999999999993
2024-08-23 14:00:00,175.79999999999993
2024-08-23 15:00:00,175.74999999999994
2024-08-23 16:00:00,176.79999999999993
2024-08-23 17:00:00,177.99999999999994
2024-08-23 18:00:00,177.49999999999994
2024-08-23 23:00:00,178.49999999999994
2024-08-26 12:30:00,179.09999999999994
2024-08-26 13:00:00,177.94999999999993
2024-08-26 14:00:00,178.99999999999994
2024-08-26 15:00:00,178.99999999999994
2024-08-26 16:00:00,180.24999999999994
2024-08-26 17:00:00,180.94999999999993
2024-08-26 18:00:00,180.89999999999992
2024-08-26 23:00:00,180.84999999999994
2024-08-27 09:15:00,187.04999999999993
2024-08-27 10:00:00,185.79999999999993
2024-08-27 11:00:00,184.39999999999992
2024-08-27 12:00:00,183.69999999999993
2024-08-27 13:00:00,184.84999999999994
2024-08-27 14:00:00,189.99999999999994
2024-08-27 15:00:00,188.89999999999992
2024-08-27 16:00:00,187.19999999999993
2024-08-27 17:00:00,186.64999999999992
2024-08-27 18:00:00,186.99999999999994
2024-08-27 23:00:00,186.44999999999993
2024-08-28 09:15:00,184.59999999999994
2024-08-28 10:00:00,183.54999999999993
2024-08-28 11:00:00,184.59999999999994
2024-08-28 12:00:00,185.49999999999994
2024-08-28 13:00:00,185.19999999999993
2024-08-28 14:00:00,185.49999999999994
2024-08-28 15:00:00,183.49999999999994
2024-08-28 16:00:00,186.69999999999993
2024-08-28 17:00:00,188.5999999999999
2024-08-28 18:00:00,187.99999999999994
2024-08-28 23:00:00,187.64999999999992
2024-08-29 09:15:00,186.04999999999993
2024-08-29 10:00:00,185.24999999999994
2024-08-29 11:00:00,182.74999999999994
2024-08-29 12:00:00,179.39999999999992
2024-08-29 13:00:00,176.79999999999993
2024-08-29 14:00:00,176.94999999999993
2024-08-29 15:00:00,178.19999999999993
2024-08-29 16:00:00,179.54999999999993
2024-08-29 17:00:00,178.24999999999994
2024-08-29 18:00:00,179.99999999999994
2024-08-29 23:00:00,178.79999999999993
2024-08-30 09:15:00,181.39999999999992
2024-08-30 10:00:00,181.79999999999993
2024-08-30 11:00:00,182.29999999999993
2024-08-30 12:00:00,181.34999999999994
2024-08-30 13:00:00,177.64999999999992
2024-08-30 14:00:00,180.39999999999992
2024-08-30 15:00:00,181.94999999999993
2024-08-30 16:00:00,179.94999999999993
2024-08-30 17:00:00,175.09999999999994
2024-08-30 18:00:00,174.49999999999994
2024-08-30 23:00:00,175.24999999999994
2024-09-03 09:15:00,176.04999999999993
2024-09-03 10:00:00,176.69999999999993
2024-09-03 11:00:00,176.34999999999994
2024-09-03 12:00:00,175.89999999999992
2024-09-03 13:00:00,176.44999999999993
2024-09-03 14:00:00,173.49999999999994
2024-09-03 15:00:00,173.84999999999994
2024-09-03 16:00:00,173.14999999999992
2024-09-03 17:00:00,174.14999999999992
2024-09-03 18:00:00,173.44999999999993
2024-09-03 23:00:00,173.99999999999994
2024-09-04 09:15:00,174.09999999999994
2024-09-04 10:00:00,177.19999999999993
2024-09-04 11:00:00,177.49999999999994
2024-09-04 12:00:00,175.74999999999994
2024-09-04 13:00:00,174.19999999999993
2024-09-04 14:00:00,173.04999999999993
2024-09-04 15:00:00,173.84999999999994
2024-09-04 16:00:00,173.29999999999993
2024-09-04 17:00:00,174.79999999999993
2024-09-04 18:00:00,174.09999999999994
2024-09-04 23:00:00,174.89999999999992
2024-09-05 09:15:00,176.19999999999993
2024-09-05 10:00:00,174.79999999999993
2024-09-05 11:00:00,174.19999999999993
2024-09-05 12:00:00,173.99999999999994
2024-09-05 13:00:00,175.89999999999992
2024-09-05 14:00:00,177.64999999999992
2024-09-05 15:00:00,177.24999999999994
2024-09-05 16:00:00,178.14999999999992
2024-09-05 17:00:00,175.74999999999994
2024-09-05 18:00:00,174.59999999999994
2024-09-05 23:00:00,175.39999999999992
2024-09-06 09:15:00,172.79999999999993
2024-09-06 10:00:00,173.39999999999992
2024-09-06 11:00:00,173.14999999999992
2024-09-06 12:00:00,173.29999999999993
2024-09-06 13:00:00,169.84999999999994
2024-09-06 14:00:00,171.29999999999993
2024-09-06 15:00:00,170.69999999999993
2024-09-06 16:00:00,169.09999999999994
2024-09-06 17:00:00,167.54999999999993
2024-09-06 18:00:00,167.09999999999994
2024-09-06 18:00:01,167.09999999999994
2024-09-06 23:00:00,167.29999999999995
2024-09-09 09:15:00,170.74999999999994
2024-09-09 10:00:00,170.74999999999994
2024-09-09 11:00:00,170.99999999999994
2024-09-09 12:00:00,173.49999999999994
2024-09-09 13:00:00,171.04999999999995
2024-09-09 14:00:00,173.64999999999995
2024-09-09 15:00:00,175.04999999999995
2024-09-09 16:00:00,176.69999999999993
2024-09-09 17:00:00,176.54999999999995
2024-09-09 18:00:00,175.64999999999995
2024-09-09 23:00:00,176.19999999999993
2024-09-10 09:15:00,177.64999999999995
2024-09-10 10:00:00,176.54999999999995
2024-09-10 11:00:00,176.89999999999995
2024-09-10 12:00:00,177.74999999999994
2024-09-10 13:00:00,178.94999999999993
2024-09-10 14:00:00,176.04999999999995
2024-09-10 15:00:00,178.19999999999993
2024-09-10 16:00:00,176.79999999999995
2024-09-10 17:00:00,177.99999999999994
2024-09-10 18:00:00,177.94999999999993
2024-09-10 23:00:00,177.54999999999995
2024-09-11 09:15:00,176.14999999999995
2024-09-11 10:00:00,175.19999999999993
2024-09-11 11:00:00,176.49999999999994
2024-09-11 12:00:00,174.04999999999995
2024-09-11 13:00:00,174.99999999999994
2024-09-11 14:00:00,175.14999999999995
2024-09-11 15:00:00,175.79999999999995
2024-09-11 16:00:00,176.49999999999994
2024-09-11 17:00:00,177.54999999999995
2024-09-11 18:00:00,177.54999999999995
2024-09-11 23:00:00,177.19999999999993
2024-09-12 09:15:00,177.39999999999995
2024-09-12 10:00:00,178.84999999999994
2024-09-12 11:00:00,178.34999999999994
2024-09-12 12:00:00,180.04999999999995
2024-09-12 13:00:00,180.29999999999995
2024-09-12 14:00:00,179.19999999999993
2024-09-12 15:00:00,178.84999999999994
2024-09-12 16:00:00,179.39999999999995
2024-09-12 17:00:00,179.74999999999994
2024-09-12 18:00:00,179.74999999999994
2024-09-12 23:00:00,179.74999999999994
2024-09-13 09:15:00,182.34999999999994
2024-09-13 10:00:00,183.29999999999995
2024-09-13 11:00:00,182.44999999999993
2024-09-13 12:00:00,184.44999999999993
2024-09-13 13:00:00,185.19999999999993
2024-09-13 14:00:00,184.44999999999993
2024-09-13 15:00:00,188.84999999999997
2024-09-13 16:00:00,189.14999999999992
2024-09-13 17:00:00,189.04999999999995
2024-09-13 18:00:00,188.04999999999995
2024-09-13 23:00:00,189.34999999999997
2024-09-16 09:15:00,194.89999999999992
2024-09-16 10:00:00,197.19999999999993
2024-09-16 11:00:00,196.19999999999993
2024-09-16 12:00:00,199.99999999999994
2024-09-16 13:00:00,200.09999999999997
2024-09-16 14:00:00,198.54999999999995
2024-09-16 15:00:00,193.49999999999994
2024-09-16 16:00:00,192.39999999999992
2024-09-16 17:00:00,189.14999999999992
2024-09-16 18:00:00,189.99999999999994
2024-09-16 23:00:00,188.84999999999997
2024-09-17 09:15:00,191.09999999999997
2024-09-17 10:00:00,191.19999999999993
2024-09-17 11:00:00,191.14999999999992
2024-09-17 12:00:00,188.54999999999995
2024-09-17 13:00:00,191.59999999999997
2024-09-17 14:00:00,195.09999999999997
2024-09-17 15:00:00,195.74999999999994
2024-09-17 16:00:00,195.44999999999993
2024-09-17 17:00:00,194.89999999999992
2024-09-17 18:00:00,194.14999999999992
2024-09-17 23:00:00,195.09999999999997
2024-09-18 09:15:00,198.49999999999994
2024-09-18 10:00:00,197.39999999999992
2024-09-18 11:00:00,195.54999999999995
2024-09-18 12:00:00,194.49999999999994
2024-09-18 13:00:00,194.29999999999995
2024-09-18 14:00:00,192.79999999999995
2024-09-18 15:00:00,195.04999999999995
2024-09-18 16:00:00,194.44999999999993
2024-09-18 17:00:00,192.59999999999997
2024-09-18 18:00:00,191.84999999999997
2024-09-18 23:00:00,195.04999999999995
2024-09-19 09:15:00,191.89999999999992
2024-09-19 10:00:00,193.14999999999992
2024-09-19 11:00:00,192.24999999999994
2024-09-19 12:00:00,191.09999999999997
2024-09-19 13:00:00,191.89999999999992
2024-09-19 14:00:00,192.14999999999992
2024-09-19 15:00:00,192.09999999999997
2024-09-19 16:00:00,192.94999999999993
2024-09-19 17:00:00,191.99999999999994
2024-09-19 18:00:00,193.09999999999997
2024-09-19 23:00:00,192.44999999999993
2024-09-20 09:15:00,188.54999999999995
2024-09-20 10:00:00,189.49999999999994
2024-09-20 11:00:00,187.34999999999994
2024-09-20 12:00:00,188.34999999999994
2024-09-20 13:00:00,186.24999999999994
2024-09-20 14:00:00,183.94999999999993
2024-09-20 15:00:00,182.69999999999993
2024-09-20 16:00:00,180.94999999999993
2024-09-20 17:00:00,181.69999999999993
2024-09-20 18:00:00,182.79999999999995
2024-09-20 23:00:00,181.39999999999995
2024-09-23 09:15:00,183.04999999999995
2024-09-23 10:00:00,187.14999999999995
2024-09-23 11:00:00,187.14999999999995
2024-09-23 12:00:00,190.04999999999995
2024-09-23 13:00:00,189.39999999999992
2024-09-23 14:00:00,190.54999999999995
2024-09-23 15:00:00,190.79999999999995
2024-09-23 16:00:00,193.04999999999995
2024-09-23 17:00:00,193.54999999999995
2024-09-23 18:00:00,193.84999999999997
2024-09-23 23:00:00,194.04999999999995
2024-09-24 09:15:00,196.64999999999992
2024-09-24 10:00:00,196.44999999999993
2024-09-24 11:00:00,198.74999999999994
2024-09-24 12:00:00,199.44999999999993
2024-09-24 13:00:00,199.99999999999994
2024-09-24 14:00:00,198.49999999999994
2024-09-24 15:00:00,198.54999999999995
2024-09-24 16:00:00,199.24999999999994
2024-09-24 17:00:00,197.19999999999993
2024-09-24 18:00:00,197.04999999999995
2024-09-24 23:00:00,198.59999999999997
2024-09-25 09:15:00,197.19999999999993
2024-09-25 10:00:00,197.44999999999993
2024-09-25 11:00:00,198.24999999999994
2024-09-25 12:00:00,196.29999999999995
2024-09-25 13:00:00,200.89999999999992
2024-09-25 14:00:00,198.04999999999995
2024-09-25 15:00:00,198.49999999999994
2024-09-25 16:00:00,198.69999999999993
2024-09-25 17:00:00,199.79999999999995
2024-09-25 18:00:00,198.94999999999993
2024-09-25 23:00:00,199.59999999999997
2024-09-26 09:15:00,202.79999999999995
2024-09-26 10:00:00,202.59999999999997
2024-09-26 11:00:00,201.14999999999992
2024-09-26 12:00:00,202.34999999999997
2024-09-26 13:00:00,202.44999999999993
2024-09-26 14:00:00,204.04999999999995
2024-09-26 15:00:00,204.74999999999994
2024-09-26 16:00:00,204.24999999999994
2024-09-26 17:00:00,204.39999999999992
2024-09-26 18:00:00,204.09999999999997
2024-09-26 23:00:00,204.49999999999994
2024-09-27 09:15:00,199.79999999999995
2024-09-27 10:00:00,198.74999999999994
2024-09-27 11:00:00,198.39999999999992
2024-09-27 12:00:00,197.99999999999994
2024-09-27 13:00:00,196.24999999999994
2024-09-27 14:00:00,197.69999999999993
2024-09-27 15:00:00,199.79999999999995
2024-09-27 16:00:00,199.14999999999992
2024-09-27 17:00:00,199.74999999999994
2024-09-27 18:00:00,199.84999999999997
2024-09-27 23:00:00,199.64999999999992
2024-09-30 09:15:00,202.24999999999994
2024-09-30 10:00:00,201.99999999999994
2024-09-30 11:00:00,198.64999999999992
2024-09-30 12:00:00,197.44999999999993
2024-09-30 13:00:00,197.14999999999992
2024-09-30 14:00:00,196.74999999999994
2024-09-30 15:00:00,196.99999999999994
2024-09-30 16:00:00,198.69999999999993
2024-09-30 17:00:00,201.44999999999993
2024-09-30 18:00:00,202.34999999999997
2024-09-30 23:00:00,200.69999999999993
2024-10-01 09:15:00,199.19999999999993
2024-10-01 10:00:00,197.09999999999997
2024-10-01 11:00:00,197.44999999999993
2024-10-01 12:00:00,197.59999999999997
2024-10-01 13:00:00,196.59999999999997
2024-10-01 14:00:00,192.34999999999997
2024-10-01 15:00:00,194.84999999999997
2024-10-01 16:00:00,195.14999999999992
2024-10-01 17:00:00,194.74999999999994
2024-10-01 18:00:00,194.54999999999995
2024-10-01 23:00:00,194.89999999999992
2024-10-02 09:15:00,196.64999999999992
2024-10-02 10:00:00,195.44999999999993
2024-10-02 11:00:00,192.74999999999994
2024-10-02 12:00:00,190.79999999999995
2024-10-02 13:00:00,190.39999999999992
2024-10-02 14:00:00,188.04999999999995
2024-10-02 15:00:00,188.59999999999994
2024-10-02 16:00:00,188.19999999999993
2024-10-02 17:00:00,187.54999999999995
2024-10-02 18:00:00,187.39999999999995
2024-10-02 23:00:00,187.49999999999994
2024-10-03 09:15:00,188.04999999999995
2024-10-03 10:00:00,188.74999999999994
2024-10-03 11:00:00,187.19999999999993
2024-10-03 12:00:00,187.29999999999995
2024-10-03 13:00:00,186.79999999999995
2024-10-03 14:00:00,185.14999999999995
2024-10-03 15:00:00,185.19999999999993
2024-10-03 16:00:00,182.89999999999995
2024-10-03 17:00:00,184.79999999999995
2024-10-03 18:00:00,185.44999999999993
2024-10-03 23:00:00,183.24999999999994
2024-10-04 09:15:00,184.19999999999993
2024-10-04 10:00:00,184.04999999999995
2024-10-04 11:00:00,186.64999999999995
2024-10-04 12:00:00,187.74999999999994
2024-10-04 13:00:00,184.59999999999994
2024-10-04 14:00:00,183.64999999999995
2024-10-04 15:00:00,186.24999999999994
2024-10-04 16:00:00,185.49999999999994
2024-10-04 17:00:00,187.84999999999994
2024-10-04 18:00:00,186.04999999999995
2024-10-04 23:00:00,188.39999999999995
2024-10-07 09:15:00,180.34999999999994
2024-10-07 10:00:00,180.89999999999995
2024-10-07 11:00:00,181.34999999999994
2024-10-07 12:00:00,177.39999999999995
2024-10-07 13:00:00,176.74999999999994
2024-10-07 14:00:00,176.04999999999995
2024-10-07 15:00:00,175.29999999999995
2024-10-07 16:00:00,175.74999999999994
2024-10-07 17:00:00,176.84999999999994
2024-10-07 18:00:00,178.29999999999995
2024-10-07 23:00:00,176.09999999999994
2024-10-08 09:15:00,178.89999999999995
2024-10-08 10:00:00,177.19999999999993
2024-10-08 11:00:00,178.34999999999994
2024-10-08 12:00:00,177.94999999999993
2024-10-08 13:00:00,176.29999999999995
2024-10-08 14:00:00,176.54999999999995
2024-10-08 15:00:00,179.04999999999995
2024-10-08 16:00:00,178.49999999999994
2024-10-08 17:00:00,179.74999999999994
2024-10-08 18:00:00,179.74999999999994
2024-10-08 23:00:00,179.69999999999993
2024-10-09 09:15:00,181.29999999999995
2024-10-09 10:00:00,181.14999999999995
2024-10-09 11:00:00,181.94999999999993
2024-10-09 12:00:00,181.24999999999994
2024-10-09 13:00:00,180.44999999999993
2024-10-09 14:00:00,181.19999999999993
2024-10-09 15:00:00,183.89999999999995
2024-10-09 16:00:00,182.04999999999995
2024-10-09 17:00:00,181.29999999999995
2024-10-09 18:00:00,180.59999999999994
2024-10-09 23:00:00,181.54999999999995
2024-10-10 09:15:00,179.94999999999993
2024-10-10 10:00:00,180.74999999999994
2024-10-10 11:00:00,181.89999999999995
2024-10-10 12:00:00,184.19999999999993
2024-10-10 13:00:00,183.84999999999994
2024-10-10 14:00:00,184.49999999999994
2024-10-10 15:00:00,184.99999999999994
2024-10-10 16:00:00,185.29999999999995
2024-10-10 17:00:00,187.14999999999995
2024-10-10 18:00:00,186.29999999999995
2024-10-10 23:00:00,186.19999999999993
2024-10-11 09:15:00,187.54999999999995
2024-10-11 10:00:00,186.24999999999994
2024-10-11 11:00:00,184.44999999999993
2024-10-11 12:00:00,187.19999999999993
2024-10-11 13:00:00,185.19999999999993
2024-10-11 14:00:00,183.59999999999994
2024-10-11 15:00:00,184.89999999999995
2024-10-11 16:00:00,183.59999999999994
2024-10-11 17:00:00,182.59999999999994
2024-10-11 18:00:00,183.99999999999994
2024-10-11 23:00:00,183.49999999999994
2024-10-14 09:15:00,185.34999999999994
2024-10-14 10:00:00,186.24999999999994
2024-10-14 11:00:00,188.44999999999993
2024-10-14 12:00:00,188.64999999999995
2024-10-14 13:00:00,188.49999999999994
2024-10-14 14:00:00,189.54999999999995
2024-10-14 15:00:00,190.09999999999997
2024-10-14 16:00:00,192.09999999999997
2024-10-14 17:00:00,193.24999999999994
2024-10-14 18:00:00,192.59999999999997
2024-10-14 23:00:00,193.29999999999995
2024-10-15 09:15:00,190.79999999999995
2024-10-15 10:00:00,190.34999999999997
2024-10-15 11:00:00,191.24999999999994
2024-10-15 12:00:00,193.49999999999994
2024-10-15 13:00:00,192.44999999999993
2024-10-15 14:00:00,190.39999999999992
2024-10-15 15:00:00,187.89999999999995
2024-10-15 16:00:00,189.24999999999994
2024-10-15 17:00:00,188.44999999999993
2024-10-15 18:00:00,187.89999999999995
2024-10-15 23:00:00,188.24999999999994
2024-10-16 09:15:00,190.79999999999995
2024-10-16 10:00:00,190.19999999999993
2024-10-16 11:00:00,190.29999999999995
2024-10-16 12:00:00,188.64999999999995
2024-10-16 13:00:00,187.59999999999994
2024-10-16 14:00:00,187.04999999999995
2024-10-16 15:00:00,188.04999999999995
2024-10-16 16:00:00,188.04999999999995
2024-10-16 17:00:00,188.44999999999993
2024-10-16 18:00:00,188.64999999999995
2024-10-16 23:00:00,189.39999999999992
2024-10-17 09:15:00,191.34999999999997
2024-10-17 10:00:00,189.34999999999997
2024-10-17 11:00:00,188.79999999999995
2024-10-17 12:00:00,190.44999999999993
2024-10-17 13:00:00,190.04999999999995
2024-10-17 14:00:00,187.84999999999994
2024-10-17 15:00:00,189.09999999999997
2024-10-17 16:00:00,187.94999999999993
2024-10-17 17:00:00,185.99999999999994
2024-10-17 18:00:00,185.24999999999994
2024-10-17 23:00:00,186.59999999999994
2024-10-18 09:15:00,185.49999999999994
2024-10-18 10:00:00,185.04999999999995
2024-10-18 11:00:00,186.89999999999995
2024-10-18 12:00:00,185.89999999999995
2024-10-18 13:00:00,188.49999999999994
2024-10-18 14:00:00,188.29999999999995
2024-10-18 15:00:00,189.29999999999995
2024-10-18 16:00:00,188.19999999999993
2024-10-18 17:00:00,188.44999999999993
2024-10-18 18:00:00,187.29999999999995
2024-10-18 23:00:00,188.74999999999994
2024-10-21 09:15:00,180.94999999999993
2024-10-21 10:00:00,180.24999999999994
2024-10-21 11:00:00,180.44999999999993
2024-10-21 12:00:00,180.54999999999995
2024-10-21 13:00:00,181.54999999999995
2024-10-21 14:00:00,184.44999999999993
2024-10-21 15:00:00,183.69999999999993
2024-10-21 16:00:00,184.04999999999995
2024-10-21 17:00:00,183.34999999999994
2024-10-21 18:00:00,183.64999999999995
2024-10-21 23:00:00,183.19999999999993
2024-10-22 09:15:00,186.59999999999994
2024-10-22 10:00:00,185.84999999999994
2024-10-22 11:00:00,185.74999999999994
2024-10-22 12:00:00,184.54999999999995
2024-10-22 13:00:00,183.64999999999995
2024-10-22 14:00:00,180.89999999999995
2024-10-22 15:00:00,181.14999999999995
2024-10-22 16:00:00,181.29999999999995
2024-10-22 17:00:00,180.39999999999995
2024-10-22 18:00:00,180.64999999999995
2024-10-22 23:00:00,181.49999999999994
2024-10-23 09:15:00,180.84999999999994
2024-10-23 10:00:00,181.89999999999995
2024-10-23 11:00:00,180.74999999999994
2024-10-23 12:00:00,180.14999999999995
2024-10-23 13:00:00,179.94999999999993
2024-10-23 14:00:00,181.64999999999995
2024-10-23 15:00:00,182.89999999999995
2024-10-23 16:00:00,183.94999999999993
2024-10-23 17:00:00,183.14999999999995
2024-10-23 18:00:00,183.29999999999995
2024-10-23 23:00:00,183.79999999999995
2024-10-24 09:15:00,186.69999999999993
2024-10-24 10:00:00,185.49999999999994
2024-10-24 11:00:00,184.09999999999994
2024-10-24 12:00:00,181.94999999999993
2024-10-24 13:00:00,181.89999999999995
2024-10-24 14:00:00,180.09999999999994
2024-10-24 15:00:00,180.44999999999993
2024-10-24 16:00:00,177.49999999999994
2024-10-24 17:00:00,176.99999999999994
2024-10-24 18:00:00,176.34999999999994
2024-10-24 23:00:00,177.19999999999993
2024-10-25 09:15:00,176.99999999999994
2024-10-25 10:00:00,177.19999999999993
2024-10-25 11:00:00,177.59999999999994
2024-10-25 12:00:00,177.44999999999993
2024-10-25 13:00:00,178.29999999999995
2024-10-25 14:00:00,177.54999999999995
2024-10-25 15:00:00,179.19999999999993
2024-10-25 16:00:00,179.04999999999995
2024-10-25 17:00:00,180.34999999999994
2024-10-25 18:00:00,179.44999999999993
2024-10-25 23:00:00,180.24999999999994
2024-10-28 09:15:00,183.54999999999995
2024-10-28 10:00:00,184.29999999999995
2024-10-28 11:00:00,184.84999999999994
2024-10-28 12:00:00,186.09999999999994
2024-10-28 13:00:00,185.44999999999993
2024-10-28 14:00:00,184.59999999999994
2024-10-28 15:00:00,185.04999999999995
2024-10-28 16:00:00,183.89999999999995
2024-10-28 17:00:00,184.54999999999995
2024-10-28 23:00:00,184.09999999999994
2024-10-29 09:15:00,183.54999999999995
2024-10-29 10:00:00,181.54999999999995
2024-10-29 11:00:00,180.79999999999995
2024-10-29 12:00:00,181.79999999999995
2024-10-29 13:00:00,181.39999999999995
2024-10-29 14:00:00,182.09999999999994
2024-10-29 15:00:00,180.89999999999995
2024-10-29 16:00:00,180.64999999999995
2024-10-29 17:00:00,179.94999999999993
2024-10-29 23:00:00,179.99999999999994
2024-10-30 09:15:00,179.39999999999995
2024-10-30 10:00:00,179.09999999999994
2024-10-30 11:00:00,177.29999999999995
2024-10-30 12:00:00,178.64999999999995
2024-10-30 13:00:00,180.34999999999994
2024-10-30 14:00:00,180.49999999999994
2024-10-30 15:00:00,182.64999999999995
2024-10-30 16:00:00,181.54999999999995
2024-10-30 17:00:00,181.64999999999995
2024-10-30 23:00:00,181.79999999999995
2024-10-31 09:15:00,180.04999999999995
2024-10-31 10:00:00,179.09999999999994
2024-10-31 11:00:00,179.34999999999994
2024-10-31 12:00:00,178.54999999999995
2024-10-31 13:00:00,178.49999999999994
2024-10-31 14:00:00,178.44999999999993
2024-10-31 15:00:00,178.19999999999993
2024-10-31 16:00:00,177.99999999999994
2024-10-31 17:00:00,178.39999999999995
2024-10-31 23:00:00,178.24999999999994
2024-11-01 09:15:00,180.94999999999993
2024-11-01 10:00:00,180.29999999999995
2024-11-01 11:00:00,179.34999999999994
2024-11-01 12:00:00,174.09999999999994
2024-11-01 13:00:00,174.19999999999993
2024-11-01 14:00:00,176.44999999999993
2024-11-01 15:00:00,174.69999999999993
2024-11-01 16:00:00,175.69999999999993
2024-11-01 17:00:00,174.69999999999993
2024-11-01 23:00:00,175.14999999999995
2024-11-04 09:15:00,174.74999999999994
2024-11-04 10:00:00,175.19999999999993
2024-11-04 11:00:00,175.74999999999994
2024-11-04 12:00:00,175.94999999999993
2024-11-04 13:00:00,176.49999999999994
2024-11-04 14:00:00,176.74999999999994
2024-11-04 15:00:00,177.04999999999995
2024-11-04 16:00:00,177.44999999999993
2024-11-04 17:00:00,177.89999999999995
2024-11-04 18:00:00,177.34999999999994
2024-11-04 23:00:00,177.69999999999993
2024-11-05 09:15:00,178.14999999999995
2024-11-05 10:00:00,179.14999999999995
2024-11-05 11:00:00,179.74999999999994
2024-11-05 12:00:00,179.89999999999995
2024-11-05 13:00:00,180.74999999999994
2024-11-05 14:00:00,181.74999999999994
2024-11-05 15:00:00,180.79999999999995
2024-11-05 16:00:00,181.39999999999995
2024-11-05 17:00:00,183.74999999999994
2024-11-05 18:00:00,182.94999999999993
2024-11-05 23:00:00,182.14999999999995
2024-11-06 09:15:00,180.89999999999995
2024-11-06 10:00:00,180.84999999999994
2024-11-06 11:00:00,180.64999999999995
2024-11-06 12:00:00,177.79999999999995
2024-11-06 13:00:00,176.84999999999994
2024-11-06 14:00:00,178.04999999999995
2024-11-06 15:00:00,180.39999999999995
2024-11-06 16:00:00,180.34999999999994
2024-11-06 17:00:00,181.09999999999994
2024-11-06 18:00:00,181.39999999999995
2024-11-06 23:00:00,180.79999999999995
2024-11-07 09:15:00,184.84999999999994
2024-11-07 10:00:00,187.64999999999995
2024-11-07 11:00:00,188.89999999999992
2024-11-07 12:00:00,188.74999999999994
2024-11-07 13:00:00,187.99999999999994
2024-11-07 14:00:00,188.94999999999993
2024-11-07 15:00:00,191.54999999999995
2024-11-07 16:00:00,192.49999999999994
2024-11-07 17:00:00,191.24999999999994
2024-11-07 18:00:00,190.79999999999995
2024-11-07 23:00:00,192.49999999999994
2024-11-08 09:15:00,191.39999999999992
2024-11-08 10:00:00,189.54999999999995
2024-11-08 11:00:00,190.69999999999993
2024-11-08 12:00:00,189.39999999999992
2024-11-08 13:00:00,186.34999999999994
2024-11-08 14:00:00,187.64999999999995
2024-11-08 15:00:00,187.04999999999995
2024-11-08 16:00:00,185.84999999999994
2024-11-08 17:00:00,186.04999999999995
2024-11-08 18:00:00,186.49999999999994
2024-11-08 23:00:00,185.84999999999994
2024-11-11 09:15:00,190.24999999999994
2024-11-11 10:00:00,188.69999999999993
2024-11-11 11:00:00,189.49999999999994
2024-11-11 12:00:00,188.09999999999994
2024-11-11 13:00:00,187.94999999999993
2024-11-11 14:00:00,187.59999999999994
2024-11-11 15:00:00,189.69999999999993
2024-11-11 16:00:00,187.79999999999995
2024-11-11 17:00:00,188.79999999999995
2024-11-11 18:00:00,188.69999999999993
2024-11-11 23:00:00,188.59999999999994
2024-11-12 09:15:00,193.34999999999997
2024-11-12 10:00:00,190.19999999999993
2024-11-12 11:00:00,192.59999999999997
2024-11-12 12:00:00,191.84999999999997
2024-11-12 13:00:00,191.34999999999997
2024-11-12 14:00:00,195.19999999999993
2024-11-12 15:00:00,196.79999999999995
2024-11-12 16:00:00,196.59999999999997
2024-11-12 17:00:00,196.04999999999995
2024-11-12 18:00:00,195.84999999999997
2024-11-12 23:00:00,195.84999999999997
2024-11-13 09:15:00,195.09999999999997
2024-11-13 10:00:00,194.69999999999993
2024-11-13 11:00:00,197.19999999999993
2024-11-13 12:00:00,198.34999999999997
2024-11-13 13:00:00,200.24999999999994
2024-11-13 14:00:00,202.64999999999992
2024-11-13 15:00:00,201.84999999999997
2024-11-13 16:00:00,203.44999999999993
2024-11-13 17:00:00,204.24999999999994
2024-11-13 18:00:00,204.94999999999993
2024-11-13 23:00:00,203.94999999999993
2024-11-14 09:15:00,206.19999999999993
2024-11-14 10:00:00,204.29999999999995
2024-11-14 11:00:00,206.04999999999995
2024-11-14 12:00:00,205.49999999999994
2024-11-14 13:00:00,208.64999999999992
2024-11-14 14:00:00,212.94999999999993
2024-11-14 15:00:00,215.59999999999997
2024-11-14 16:00:00,213.89999999999992
2024-11-14 17:00:00,211.74999999999994
2024-11-14 18:00:00,212.19999999999993
2024-11-14 23:00:00,212.14999999999992
2024-11-15 09:15:00,211.14999999999992
2024-11-15 10:00:00,213.04999999999995
2024-11-15 11:00:00,212.24999999999994
2024-11-15 12:00:00,215.94999999999993
2024-11-15 13:00:00,213.14999999999992
2024-11-15 14:00:00,215.79999999999995
2024-11-15 15:00:00,215.09999999999997
2024-11-15 16:00:00,213.44999999999993
2024-11-15 17:00:00,217.39999999999992
2024-11-15 18:00:00,218.24999999999994
2024-11-15 23:00:00,216.04999999999995
2024-11-18 09:15:00,221.14999999999992
2024-11-18 10:00:00,219.04999999999995
2024-11-18 11:00:00,220.04999999999995
2024-11-18 12:00:00,220.64999999999992
2024-11-18 13:00:00,218.14999999999992
2024-11-18 14:00:00,218.49999999999994
2024-11-18 15:00:00,214.44999999999993
2024-11-18 16:00:00,213.84999999999997
2024-11-18 17:00:00,215.74999999999994
2024-11-18 18:00:00,216.49999999999994
2024-11-18 23:00:00,214.94999999999993
2024-11-19 09:15:00,215.19999999999993
2024-11-19 10:00:00,214.34999999999997
2024-11-19 11:00:00,214.49999999999994
2024-11-19 12:00:00,215.19999999999993
2024-11-19 13:00:00,214.84999999999997
2024-11-19 14:00:00,215.14999999999992
2024-11-19 15:00:00,212.94999999999993
2024-11-19 16:00:00,214.74999999999994
2024-11-19 17:00:00,215.04999999999995
2024-11-19 18:00:00,217.04999999999995
2024-11-19 23:00:00,214.04999999999995
2024-11-20 09:15:00,218.69999999999993
2024-11-20 10:00:00,218.09999999999997
2024-11-20 11:00:00,218.24999999999994
2024-11-20 12:00:00,218.39999999999992
2024-11-20 13:00:00,218.29999999999995
2024-11-20 14:00:00,220.54999999999995
2024-11-20 15:00:00,220.59999999999997
2024-11-20 16:00:00,223.49999999999994
2024-11-20 17:00:00,225.54999999999995
2024-11-20 18:00:00,226.79999999999995
2024-11-20 23:00:00,225.24999999999994
2024-11-21 09:15:00,227.94999999999993
2024-11-21 10:00:00,227.64999999999992
2024-11-21 11:00:00,228.24999999999994
2024-11-21 12:00:00,227.34999999999997
2024-11-21 13:00:00,225.14999999999992
2024-11-21 14:00:00,225.29999999999995
2024-11-21 15:00:00,228.79999999999995
2024-11-21 16:00:00,228.29999999999995
2024-11-21 17:00:00,227.89999999999992
2024-11-21 18:00:00,227.74999999999994
2024-11-21 23:00:00,228.44999999999993
2024-11-22 09:15:00,227.94999999999993
2024-11-22 10:00:00,226.94999999999993
2024-11-22 11:00:00,227.64999999999992
2024-11-22 12:00:00,228.19999999999993
2024-11-22 13:00:00,228.19999999999993
2024-11-22 14:00:00,230.34999999999997
2024-11-22 15:00:00,233.69999999999993
2024-11-22 16:00:00,235.94999999999993
2024-11-22 17:00:00,234.79999999999995
2024-11-22 18:00:00,235.64999999999992
2024-11-22 23:00:00,234.84999999999997
2024-11-25 09:15:00,236.29999999999995
2024-11-25 10:00:00,237.24999999999994
2024-11-25 11:00:00,237.54999999999995
2024-11-25 12:00:00,239.09999999999997
2024-11-25 13:00:00,239.39999999999992
2024-11-25 14:00:00,241.24999999999994
2024-11-25 15:00:00,238.49999999999994
2024-11-25 16:00:00,239.29999999999995
2024-11-25 17:00:00,237.89999999999992
2024-11-25 18:00:00,239.24999999999994
2024-11-25 23:00:00,237.54999999999995
2024-11-26 09:15:00,238.34999999999997
2024-11-26 10:00:00,238.59999999999997
2024-11-26 11:00:00,237.19999999999993
2024-11-26 12:00:00,239.44999999999993
2024-11-26 13:00:00,240.44999999999993
2024-11-26 14:00:00,239.24999999999994
2024-11-26 15:00:00,241.04999999999995
2024-11-26 16:00:00,241.74999999999994
2024-11-26 17:00:00,241.34999999999997
2024-11-26 18:00:00,241.99999999999994
2024-11-26 23:00:00,241.59999999999997
2024-11-27 09:15:00,246.94999999999993
2024-11-27 10:00:00,250.04999999999995
2024-11-27 11:00:00,248.94999999999993
2024-11-27 12:00:00,250.29999999999995
2024-11-27 13:00:00,248.69999999999993
2024-11-27 14:00:00,250.94999999999993
2024-11-27 15:00:00,252.44999999999993
2024-11-27 16:00:00,256.59999999999997
2024-11-27 17:00:00,256.94999999999993
2024-11-27 18:00:00,258.74999999999994
2024-11-27 23:00:00,255.79999999999995
2024-11-29 09:15:00,263.8999999999999
2024-11-29 10:00:00,260.74999999999994
2024-11-29 11:00:00,258.94999999999993
2024-11-29 12:00:00,255.64999999999992
2024-11-29 13:00:00,254.49999999999994
2024-11-29 14:00:00,255.09999999999997
2024-11-29 15:00:00,249.94999999999993
2024-11-29 16:00:00,251.99999999999994
2024-11-29 17:00:00,252.74999999999994
2024-11-29 18:00:00,253.09999999999997
2024-11-29 23:00:00,250.79999999999995
2024-12-02 09:15:00,243.49999999999994
2024-12-02 10:00:00,242.39999999999992
2024-12-02 11:00:00,243.69999999999993
2024-12-02 12:00:00,237.84999999999997
2024-12-02 13:00:00,236.04999999999995
2024-12-02 14:00:00,233.74999999999994
2024-12-02 15:00:00,230.89999999999992
2024-12-02 16:00:00,227.99999999999994
2024-12-02 17:00:00,229.64999999999992
2024-12-02 18:00:00,227.94999999999993
2024-12-02 23:00:00,228.79999999999995
2024-12-03 09:15:00,226.74999999999994
2024-12-03 10:00:00,229.54999999999995
2024-12-03 11:00:00,230.39999999999992
2024-12-03 12:00:00,230.34999999999997
2024-12-03 13:00:00,232.19999999999993
2024-12-03 14:00:00,230.59999999999997
2024-12-03 15:00:00,229.94999999999993
2024-12-03 16:00:00,227.14999999999992
2024-12-03 17:00:00,227.74999999999994
2024-12-03 18:00:00,228.79999999999995
2024-12-03 23:00:00,228.24999999999994
2024-12-04 09:15:00,229.34999999999997
2024-12-04 10:00:00,228.79999999999995
2024-12-04 11:00:00,229.74999999999994
2024-12-04 12:00:00,231.54999999999995
2024-12-04 13:00:00,234.74999999999994
2024-12-04 14:00:00,234.79999999999995
2024-12-04 15:00:00,236.44999999999993
2024-12-04 16:00:00,236.19999999999993
2024-12-04 17:00:00,235.09999999999997
2024-12-04 18:00:00,234.29999999999995
2024-12-04 23:00:00,236.44999999999993
2024-12-05 09:15:00,237.39999999999992
2024-12-05 10:00:00,236.84999999999997
2024-12-05 11:00:00,240.14999999999992
2024-12-05 12:00:00,244.19999999999993
2024-12-05 13:00:00,240.19999999999993
2024-12-05 14:00:00,242.39999999999992
2024-12-05 15:00:00,245.99999999999994
2024-12-05 16:00:00,245.89999999999992
2024-12-05 17:00:00,247.69999999999993
2024-12-05 18:00:00,247.24999999999994
2024-12-05 23:00:00,246.24999999999994
2024-12-06 09:15:00,248.94999999999993
2024-12-06 10:00:00,251.39999999999992
2024-12-06 11:00:00,254.19999999999993
2024-12-06 12:00:00,254.94999999999993
2024-12-06 13:00:00,253.59999999999997
2024-12-06 14:00:00,254.94999999999993
2024-12-06 15:00:00,258.84999999999997
2024-12-06 16:00:00,262.29999999999995
2024-12-06 17:00:00,262.94999999999993
2024-12-06 18:00:00,263.09999999999997
2024-12-06 18:00:01,263.09999999999997
2024-12-06 23:00:00,263.09999999999997
2024-12-09 09:15:00,258.19999999999993
2024-12-09 10:00:00,259.29999999999995
2024-12-09 11:00:00,262.99999999999994
2024-12-09 12:00:00,265.69999999999993
2024-12-09 13:00:00,259.3999999999999
2024-12-09 14:00:00,260.79999999999995
2024-12-09 15:00:00,263.84999999999997
2024-12-09 16:00:00,265.1499999999999
2024-12-09 17:00:00,263.79999999999995
2024-12-09 18:00:00,266.34999999999997
2024-12-09 23:00:00,263.1499999999999
2024-12-10 09:15:00,276.1499999999999
2024-12-10 10:00:00,277.34999999999997
2024-12-10 11:00:00,279.8999999999999
2024-12-10 12:00:00,276.3999999999999
2024-12-10 13:00:00,278.1499999999999
2024-12-10 14:00:00,278.44999999999993
2024-12-10 15:00:00,278.8999999999999
2024-12-10 16:00:00,269.99999999999994
2024-12-10 17:00:00,264.19999999999993
2024-12-10 18:00:00,266.8999999999999
2024-12-10 23:00:00,267.04999999999995
2024-12-11 09:15:00,257.94999999999993
2024-12-11 10:00:00,257.1499999999999
2024-12-11 11:00:00,256.44999999999993
2024-12-11 12:00:00,257.3999999999999
2024-12-11 13:00:00,254.94999999999993
2024-12-11 14:00:00,253.04999999999995
2024-12-11 15:00:00,252.54999999999995
2024-12-11 16:00:00,256.24999999999994
2024-12-11 17:00:00,252.69999999999993
2024-12-11 18:00:00,252.79999999999995
2024-12-11 23:00:00,253.29999999999995
2024-12-12 09:15:00,253.09999999999997
2024-12-12 10:00:00,255.29999999999995
2024-12-12 11:00:00,254.44999999999993
2024-12-12 12:00:00,256.49999999999994
2024-12-12 13:00:00,253.74999999999994
2024-12-12 14:00:00,254.69999999999993
2024-12-12 15:00:00,253.54999999999995
2024-12-12 16:00:00,253.84999999999997
2024-12-12 17:00:00,250.24999999999994
2024-12-12 18:00:00,251.49999999999994
2024-12-12 23:00:00,254.49999999999994
2024-12-13 09:15:00,252.34999999999997
2024-12-13 10:00:00,253.59999999999997
2024-12-13 11:00:00,253.54999999999995
2024-12-13 12:00:00,251.89999999999992
2024-12-13 13:00:00,249.69999999999993
2024-12-13 14:00:00,256.79999999999995
2024-12-13 15:00:00,254.49999999999994
2024-12-13 16:00:00,252.59999999999997
2024-12-13 17:00:00,253.64999999999992
2024-12-13 18:00:00,251.19999999999993
2024-12-13 23:00:00,252.54999999999995
2024-12-16 09:15:00,255.69999999999993
2024-12-16 10:00:00,257.49999999999994
2024-12-16 11:00:00,257.59999999999997
2024-12-16 12:00:00,257.49999999999994
2024-12-16 13:00:00,258.3999999999999
2024-12-16 14:00:00,260.79999999999995
2024-12-16 15:00:00,261.84999999999997
2024-12-16 16:00:00,261.59999999999997
2024-12-16 17:00:00,258.84999999999997
2024-12-16 18:00:00,257.94999999999993
2024-12-16 23:00:00,260.1499999999999
2024-12-17 09:15:00,253.69999999999993
2024-12-17 10:00:00,255.24999999999994
2024-12-17 11:00:00,257.49999999999994
2024-12-17 12:00:00,257.04999999999995
2024-12-17 13:00:00,254.19999999999993
2024-12-17 14:00:00,254.29999999999995
2024-12-17 15:00:00,252.29999999999995
2024-12-17 16:00:00,254.64999999999992
2024-12-17 17:00:00,259.79999999999995
2024-12-17 18:00:00,259.59999999999997
2024-12-17 23:00:00,257.3999999999999
2024-12-18 09:15:00,263.44999999999993
2024-12-18 10:00:00,264.1499999999999
2024-12-18 11:00:00,263.19999999999993
2024-12-18 12:00:00,262.79999999999995
2024-12-18 13:00:00,262.1499999999999
2024-12-18 14:00:00,260.49999999999994
2024-12-18 15:00:00,260.44999999999993
2024-12-18 16:00:00,262.59999999999997
2024-12-18 17:00:00,263.99999999999994
2024-12-18 18:00:00,264.74999999999994
2024-12-18 23:00:00,262.8999999999999
2024-12-19 09:15:00,259.84999999999997
2024-12-19 10:00:00,265.59999999999997
2024-12-19 11:00:00,265.54999999999995
2024-12-19 12:00:00,268.09999999999997
2024-12-19 13:00:00,269.6499999999999
2024-12-19 14:00:00,265.94999999999993
2024-12-19 15:00:00,253.04999999999995
2024-12-19 16:00:00,254.59999999999997
2024-12-19 17:00:00,255.34999999999997
2024-12-19 18:00:00,254.24999999999994
2024-12-19 23:00:00,253.79999999999995
2024-12-20 09:15:00,253.59999999999997
2024-12-20 10:00:00,252.44999999999993
2024-12-20 11:00:00,254.29999999999995
2024-12-20 12:00:00,257.04999999999995
2024-12-20 13:00:00,258.84999999999997
2024-12-20 14:00:00,258.74999999999994
2024-12-20 15:00:00,255.59999999999997
2024-12-20 16:00:00,254.79999999999995
2024-12-20 17:00:00,253.79999999999995
2024-12-20 18:00:00,253.34999999999997
2024-12-20 23:00:00,254.79999999999995
2024-12-23 09:15:00,252.29999999999995
2024-12-23 10:00:00,253.94999999999993
2024-12-23 11:00:00,255.19999999999993
2024-12-23 12:00:00,253.64999999999992
2024-12-23 13:00:00,256.94999999999993
2024-12-23 14:00:00,258.04999999999995
2024-12-23 15:00:00,257.99999999999994
2024-12-23 16:00:00,257.59999999999997
2024-12-23 17:00:00,256.94999999999993
2024-12-23 18:00:00,256.04999999999995
2024-12-23 23:00:00,257.34999999999997
2024-12-24 09:15:00,255.49999999999994
2024-12-24 10:00:00,255.74999999999994
2024-12-24 11:00:00,253.59999999999997
2024-12-24 12:00:00,254.69999999999993
2024-12-24 13:00:00,255.94999999999993
2024-12-24 14:00:00,257.1499999999999
2024-12-24 15:00:00,257.49999999999994
2024-12-24 16:00:00,259.29999999999995
2024-12-24 17:00:00,259.34999999999997
2024-12-24 18:00:00,259.49999999999994
2024-12-24 23:00:00,258.84999999999997
2024-12-26 12:30:00,261.1499999999999
2024-12-26 13:00:00,257.84999999999997
2024-12-26 14:00:00,255.59999999999997
2024-12-26 15:00:00,256.24999999999994
2024-12-26 16:00:00,256.34999999999997
2024-12-26 17:00:00,253.79999999999995
2024-12-26 18:00:00,253.39999999999992
2024-12-26 23:00:00,255.19999999999993
2024-12-27 09:15:00,251.34999999999997
2024-12-27 10:00:00,252.34999999999997
2024-12-27 11:00:00,252.69999999999993
2024-12-27 12:00:00,253.09999999999997
2024-12-27 13:00:00,253.84999999999997
2024-12-27 14:00:00,253.94999999999993
2024-12-27 15:00:00,252.94999999999993
2024-12-27 16:00:00,253.64999999999992
2024-12-27 17:00:00,252.44999999999993
2024-12-27 18:00:00,252.44999999999993
2024-12-27 23:00:00,253.09999999999997
2024-12-30 09:15:00,252.29999999999995
2024-12-30 10:00:00,249.64999999999992
2024-12-30 11:00:00,250.04999999999995
2024-12-30 12:00:00,248.94999999999993
2024-12-30 13:00:00,253.14999999999992
2024-12-30 14:00:00,253.59999999999997
2024-12-30 15:00:00,249.19999999999993
2024-12-30 16:00:00,250.54999999999995
2024-12-30 17:00:00,250.74999999999994
2024-12-30 18:00:00,250.34999999999997
2024-12-30 23:00:00,252.44999999999993
2024-12-31 09:15:00,247.19999999999993
2024-12-31 10:00:00,245.44999999999993
2024-12-31 11:00:00,244.84999999999997
2024-12-31 12:00:00,244.79999999999995
2024-12-31 13:00:00,245.24999999999994
2024-12-31 14:00:00,246.69999999999993
2024-12-31 15:00:00,247.19999999999993
2024-12-31 16:00:00,248.29999999999995
2024-12-31 17:00:00,251.04999999999995
2024-12-31 18:00:00,251.54999999999995
2024-12-31 23:00:00,250.34999999999997
2025-01-02 09:15:00,256.59999999999997
2025-01-02 10:00:00,255.89999999999992
2025-01-02 11:00:00,254.59999999999997
2025-01-02 12:00:00,253.94999999999993
2025-01-02 13:00:00,253.09999999999997
2025-01-02 14:00:00,255.49999999999994
2025-01-02 15:00:00,253.69999999999993
2025-01-02 16:00:00,259.69999999999993
2025-01-02 17:00:00,256.54999999999995
2025-01-02 18:00:00,255.64999999999992
2025-01-02 23:00:00,257.59999999999997
2025-01-03 09:15:00,254.49999999999994
2025-01-03 10:00:00,254.99999999999994
2025-01-03 11:00:00,253.24999999999994
2025-01-03 12:00:00,251.74999999999994
2025-01-03 13:00:00,251.04999999999995
2025-01-03 14:00:00,253.39999999999992
2025-01-03 15:00:00,254.49999999999994
2025-01-03 16:00:00,250.79999999999995
2025-01-03 17:00:00,251.89999999999992
2025-01-03 18:00:00,251.74999999999994
2025-01-03 23:00:00,250.39999999999992
2025-01-06 09:15:00,252.79999999999995
2025-01-06 10:00:00,255.44999999999993
2025-01-06 11:00:00,256.94999999999993
2025-01-06 12:00:00,257.49999999999994
2025-01-06 13:00:00,254.69999999999993
2025-01-06 14:00:00,255.04999999999995
2025-01-06 15:00:00,256.1499999999999
2025-01-06 16:00:00,254.34999999999997
2025-01-06 17:00:00,250.69999999999993
2025-01-06 18:00:00,250.94999999999993
2025-01-06 23:00:00,250.99999999999994
2025-01-07 09:15:00,250.74999999999994
2025-01-07 10:00:00,253.74999999999994
2025-01-07 11:00:00,251.34999999999997
2025-01-07 12:00:00,251.59999999999997
2025-01-07 13:00:00,254.79999999999995
2025-01-07 14:00:00,253.99999999999994
2025-01-07 15:00:00,251.99999999999994
2025-01-07 16:00:00,253.19999999999993
2025-01-07 17:00:00,253.44999999999993
2025-01-07 18:00:00,252.69999999999993
2025-01-07 23:00:00,252.79999999999995
2025-01-08 09:15:00,251.44999999999993
2025-01-08 10:00:00,255.04999999999995
2025-01-08 11:00:00,252.04999999999995
2025-01-08 12:00:00,255.04999999999995
2025-01-08 13:00:00,253.69999999999993
2025-01-08 14:00:00,252.54999999999995
2025-01-08 15:00:00,252.49999999999994
2025-01-08 16:00:00,248.09999999999997
2025-01-08 17:00:00,251.64999999999992
2025-01-08 18:00:00,252.69999999999993
2025-01-08 23:00:00,248.49999999999994
2025-01-09 09:15:00,253.29999999999995
2025-01-09 10:00:00,251.19999999999993
2025-01-09 11:00:00,251.89999999999992
2025-01-09 12:00:00,250.29999999999995
2025-01-09 13:00:00,250.34999999999997
2025-01-09 14:00:00,251.04999999999995
2025-01-09 15:00:00,250.14999999999992
2025-01-09 16:00:00,249.79999999999995
2025-01-09 17:00:00,251.09999999999997
2025-01-09 18:00:00,250.34999999999997
2025-01-09 23:00:00,250.19999999999993
2025-01-10 09:15:00,250.69999999999993
2025-01-10 10:00:00,251.49999999999994
2025-01-10 11:00:00,252.99999999999994
2025-01-10 12:00:00,252.49999999999994
2025-01-10 13:00:00,255.54999999999995
2025-01-10 14:00:00,256.09999999999997
2025-01-10 15:00:00,256.44999999999993
2025-01-10 16:00:00,255.79999999999995
2025-01-10 17:00:00,256.49999999999994
2025-01-10 18:00:00,256.3999999999999
2025-01-10 23:00:00,255.29999999999995
2025-01-13 09:15:00,260.99999999999994
2025-01-13 10:00:00,260.09999999999997
2025-01-13 11:00:00,259.54999999999995
2025-01-13 12:00:00,263.84999999999997
2025-01-13 13:00:00,260.04999999999995
2025-01-13 14:00:00,259.19999999999993
2025-01-13 15:00:00,257.54999999999995
2025-01-13 16:00:00,257.99999999999994
2025-01-13 17:00:00,257.6499999999999
2025-01-13 18:00:00,256.8999999999999
2025-01-13 23:00:00,257.3999999999999
2025-01-14 09:15:00,256.69999999999993
2025-01-14 10:00:00,258.1499999999999
2025-01-14 11:00:00,257.04999999999995
2025-01-14 12:00:00,256.3999999999999
2025-01-14 13:00:00,256.74999999999994
2025-01-14 14:00:00,259.49999999999994
2025-01-14 15:00:00,256.99999999999994
2025-01-14 16:00:00,254.89999999999992
2025-01-14 17:00:00,253.59999999999997
2025-01-14 18:00:00,253.39999999999992
2025-01-14 23:00:00,253.49999999999994
2025-01-15 09:15:00,254.94999999999993
2025-01-15 10:00:00,253.44999999999993
2025-01-15 11:00:00,254.69999999999993
2025-01-15 12:00:00,254.84999999999997
2025-01-15 13:00:00,256.8999999999999
2025-01-15 14:00:00,259.29999999999995
2025-01-15 15:00:00,259.94999999999993
2025-01-15 16:00:00,261.19999999999993
2025-01-15 17:00:00,261.8999999999999
2025-01-15 18:00:00,261.59999999999997
2025-01-15 23:00:00,261.54999999999995
2025-01-16 09:15:00,259.8999999999999
2025-01-16 10:00:00,261.49999999999994
2025-01-16 11:00:00,262.69999999999993
2025-01-16 12:00:00,260.24999999999994
2025-01-16 13:00:00,258.04999999999995
2025-01-16 14:00:00,257.79999999999995
2025-01-16 15:00:00,259.34999999999997
2025-01-16 16:00:00,258.19999999999993
2025-01-16 17:00:00,258.94999999999993
2025-01-16 18:00:00,258.49999999999994
2025-01-16 23:00:00,258.6499999999999
2025-01-17 09:15:00,259.79999999999995
2025-01-17 10:00:00,261.1499999999999
2025-01-17 11:00:00,261.8999999999999
2025-01-17 12:00:00,263.1499999999999
2025-01-17 13:00:00,261.49999999999994
2025-01-17 14:00:00,260.24999999999994
2025-01-17 15:00:00,259.04999999999995
2025-01-17 16:00:00,260.6499999999999
2025-01-17 17:00:00,259.99999999999994
2025-01-17 18:00:00,259.24999999999994
2025-01-17 23:00:00,260.09999999999997
2025-01-21 09:15:00,264.24999999999994
2025-01-21 10:00:00,264.6499999999999
2025-01-21 11:00:00,264.44999999999993
2025-01-21 12:00:00,264.69999999999993
2025-01-21 13:00:00,266.24999999999994
2025-01-21 14:00:00,266.8999999999999
2025-01-21 15:00:00,262.99999999999994
2025-01-21 16:00:00,263.09999999999997
2025-01-21 17:00:00,260.09999999999997
2025-01-21 18:00:00,260.44999999999993
2025-01-21 23:00:00,259.44999999999993
2025-01-22 09:15:00,260.1499999999999
2025-01-22 10:00:00,262.19999999999993
2025-01-22 11:00:00,261.1499999999999
2025-01-22 12:00:00,262.79999999999995
2025-01-22 13:00:00,264.19999999999993
2025-01-22 14:00:00,267.99999999999994
2025-01-22 15:00:00,270.79999999999995
2025-01-22 16:00:00,271.1499999999999
2025-01-22 17:00:00,272.49999999999994
2025-01-22 18:00:00,274.44999999999993
2025-01-22 23:00:00,273.34999999999997
2025-01-23 09:15:00,274.54999999999995
2025-01-23 10:00:00,277.3999999999999
2025-01-23 11:00:00,277.54999999999995
2025-01-23 12:00:00,277.79999999999995
2025-01-23 13:00:00,275.59999999999997
2025-01-23 14:00:00,272.24999999999994
2025-01-23 15:00:00,275.3999999999999
2025-01-23 16:00:00,275.99999999999994
2025-01-23 17:00:00,275.94999999999993
2025-01-23 18:00:00,276.84999999999997
2025-01-23 23:00:00,275.59999999999997
2025-01-24 09:15:00,274.74999999999994
2025-01-24 10:00:00,274.54999999999995
2025-01-24 11:00:00,274.49999999999994
2025-01-24 12:00:00,276.34999999999997
2025-01-24 13:00:00,274.59999999999997
2025-01-24 14:00:00,274.84999999999997
2025-01-24 15:00:00,278.84999999999997
2025-01-24 16:00:00,278.99999999999994
2025-01-24 17:00:00,277.79999999999995
2025-01-24 18:00:00,277.74999999999994
2025-01-24 23:00:00,278.54999999999995
2025-01-27 09:15:00,281.54999999999995
2025-01-27 10:00:00,280.99999999999994
2025-01-27 11:00:00,280.19999999999993
2025-01-27 12:00:00,279.79999999999995
2025-01-27 13:00:00,276.99999999999994
2025-01-27 14:00:00,277.54999999999995
2025-01-27 15:00:00,277.6499999999999
2025-01-27 16:00:00,279.3999999999999
2025-01-27 17:00:00,280.8999999999999
2025-01-27 18:00:00,281.24999999999994
2025-01-27 23:00:00,279.6499999999999
2025-01-28 09:15:00,280.04999999999995
2025-01-28 10:00:00,278.74999999999994
2025-01-28 11:00:00,279.79999999999995
2025-01-28 12:00:00,282.09999999999997
2025-01-28 13:00:00,281.1499999999999
2025-01-28 14:00:00,280.49999999999994
2025-01-28 15:00:00,284.04999999999995
2025-01-28 16:00:00,285.8999999999999
2025-01-28 17:00:00,287.94999999999993
2025-01-28 18:00:00,287.74999999999994
2025-01-28 23:00:00,287.3999999999999
2025-01-29 09:15:00,293.09999999999997
2025-01-29 10:00:00,291.74999999999994
2025-01-29 11:00:00,293.3999999999999
2025-01-29 12:00:00,295.04999999999995
2025-01-29 13:00:00,293.79999999999995
2025-01-29 14:00:00,295.29999999999995
2025-01-29 15:00:00,295.8999999999999
2025-01-29 16:00:00,297.69999999999993
2025-01-29 17:00:00,295.6499999999999
2025-01-29 18:00:00,294.84999999999997
2025-01-29 23:00:00,296.84999999999997
2025-01-30 09:15:00,299.24999999999994
2025-01-30 10:00:00,301.04999999999995
2025-01-30 11:00:00,300.94999999999993
2025-01-30 12:00:00,300.99999999999994
2025-01-30 13:00:00,300.24999999999994
2025-01-30 14:00:00,303.54999999999995
2025-01-30 15:00:00,304.1499999999999
2025-01-30 16:00:00,303.8999999999999
2025-01-30 17:00:00,305.1499999999999
2025-01-30 18:00:00,306.29999999999995
2025-01-30 23:00:00,303.6499999999999
2025-01-31 09:15:00,301.34999999999997
2025-01-31 10:00:00,299.24999999999994
2025-01-31 11:00:00,297.54999999999995
2025-01-31 12:00:00,300.3999999999999
2025-01-31 13:00:00,300.44999999999993
2025-01-31 14:00:00,305.24999999999994
2025-01-31 15:00:00,305.3999999999999
2025-01-31 16:00:00,304.8999999999999
2025-01-31 17:00:00,307.04999999999995
2025-01-31 18:00:00,306.84999999999997
2025-01-31 23:00:00,306.84999999999997
2025-02-03 09:15:00,307.29999999999995
2025-02-03 10:00:00,311.24999999999994
2025-02-03 11:00:00,314.3999999999999
2025-02-03 12:00:00,314.99999999999994
2025-02-03 13:00:00,310.19999999999993
2025-02-03 14:00:00,308.99999999999994
2025-02-03 15:00:00,314.8999999999999
2025-02-03 16:00:00,309.84999999999997
2025-02-03 17:00:00,311.99999999999994
2025-02-03 18:00:00,313.29999999999995
2025-02-03 23:00:00,309.84999999999997
2025-02-04 09:15:00,312.99999999999994
2025-02-04 10:00:00,313.34999999999997
2025-02-04 11:00:00,312.44999999999993
2025-02-04 12:00:00,312.84999999999997
2025-02-04 13:00:00,315.69999999999993
2025-02-04 14:00:00,314.44999999999993
2025-02-04 15:00:00,318.09999999999997
2025-02-04 16:00:00,312.84999999999997
2025-02-04 17:00:00,313.74999999999994
2025-02-04 18:00:00,312.84999999999997
2025-02-04 23:00:00,312.8999999999999
2025-02-05 09:15:00,315.6499999999999
2025-02-05 10:00:00,315.24999999999994
2025-02-05 11:00:00,314.34999999999997
2025-02-05 12:00:00,314.44999999999993
2025-02-05 13:00:00,313.34999999999997
2025-02-05 14:00:00,318.04999999999995
2025-02-05 15:00:00,325.3999999999999
2025-02-05 16:00:00,324.94999999999993
2025-02-05 17:00:00,327.79999999999995
2025-02-05 18:00:00,327.99999999999994
2025-02-05 23:00:00,326.1499999999999
2025-02-06 09:15:00,331.8999999999999
2025-02-06 10:00:00,333.6499999999999
2025-02-06 11:00:00,334.49999999999994
2025-02-06 12:00:00,337.1499999999999
2025-02-06 13:00:00,334.09999999999997
2025-02-06 14:00:00,332.49999999999994
2025-02-06 15:00:00,331.1499999999999
2025-02-06 16:00:00,331.94999999999993
2025-02-06 17:00:00,332.79999999999995
2025-02-06 18:00:00,331.6499999999999
2025-02-06 23:00:00,332.59999999999997
2025-02-07 09:15:00,333.44999999999993
2025-02-07 10:00:00,336.1499999999999
2025-02-07 11:00:00,337.74999999999994
2025-02-07 12:00:00,334.1499999999999
2025-02-07 13:00:00,336.49999999999994
2025-02-07 14:00:00,336.04999999999995
2025-02-07 15:00:00,333.19999999999993
2025-02-07 16:00:00,333.29999999999995
2025-02-07 17:00:00,334.3999999999999
2025-02-07 18:00:00,337.94999999999993
2025-02-07 23:00:00,332.19999999999993
2025-02-10 09:15:00,339.54999999999995
2025-02-10 10:00:00,338.94999999999993
2025-02-10 11:00:00,339.49999999999994
2025-02-10 12:00:00,339.54999999999995
2025-02-10 13:00:00,342.19999999999993
2025-02-10 14:00:00,344.24999999999994
2025-02-10 15:00:00,350.94999999999993
2025-02-10 16:00:00,351.54999999999995
2025-02-10 17:00:00,356.8999999999999
2025-02-10 18:00:00,359.59999999999997
2025-02-10 23:00:00,356.59999999999997
2025-02-11 09:15:00,354.74999999999994
2025-02-11 10:00:00,351.79999999999995
2025-02-11 11:00:00,352.3999999999999
2025-02-11 12:00:00,351.79999999999995
2025-02-11 13:00:00,340.59999999999997
2025-02-11 14:00:00,341.49999999999994
2025-02-11 15:00:00,345.6499999999999
2025-02-11 16:00:00,344.34999999999997
2025-02-11 17:00:00,340.19999999999993
2025-02-11 18:00:00,341.49999999999994
2025-02-11 23:00:00,339.8999999999999
2025-02-12 09:15:00,348.69999999999993
2025-02-12 10:00:00,354.74999999999994
2025-02-12 11:00:00,351.69999999999993
2025-02-12 12:00:00,347.49999999999994
2025-02-12 13:00:00,346.3999999999999
2025-02-12 14:00:00,347.04999999999995
2025-02-12 15:00:00,348.54999999999995
2025-02-12 16:00:00,352.24999999999994
2025-02-12 17:00:00,353.54999999999995
2025-02-12 18:00:00,353.94999999999993
2025-02-12 23:00:00,355.69999999999993
2025-02-13 09:15:00,352.34999999999997
2025-02-13 10:00:00,349.94999999999993
2025-02-13 11:00:00,350.34999999999997
2025-02-13 12:00:00,357.54999999999995
2025-02-13 13:00:00,357.44999999999993
2025-02-13 14:00:00,353.8999999999999
2025-02-13 15:00:00,356.84999999999997
2025-02-13 16:00:00,359.8999999999999
2025-02-13 17:00:00,357.34999999999997
2025-02-13 18:00:00,354.84999999999997
2025-02-13 23:00:00,360.59999999999997
2025-02-14 09:15:00,353.69999999999993
2025-02-14 10:00:00,355.49999999999994
2025-02-14 11:00:00,354.09999999999997
2025-02-14 12:00:00,354.19999999999993
2025-02-14 13:00:00,355.44999999999993
2025-02-14 14:00:00,354.19999999999993
2025-02-14 15:00:00,358.1499999999999
2025-02-14 16:00:00,353.79999999999995
2025-02-14 17:00:00,338.54999999999995
2025-02-14 18:00:00,342.24999999999994
2025-02-14 23:00:00,342.8999999999999
2025-02-18 09:15:00,328.79999999999995
2025-02-18 10:00:00,330.29999999999995
2025-02-18 11:00:00,334.04999999999995
2025-02-18 12:00:00,337.29999999999995
2025-02-18 13:00:00,342.29999999999995
2025-02-18 14:00:00,338.44999999999993
2025-02-18 15:00:00,338.19999999999993
2025-02-18 16:00:00,342.29999999999995
2025-02-18 17:00:00,341.8999999999999
2025-02-18 18:00:00,344.69999999999993
2025-02-18 23:00:00,340.74999999999994
2025-02-19 09:15:00,346.99999999999994
2025-02-19 10:00:00,348.99999999999994
2025-02-19 11:00:00,350.24999999999994
2025-02-19 12:00:00,354.6499999999999
2025-02-19 13:00:00,357.94999999999993
2025-02-19 14:00:00,353.6499999999999
2025-02-19 15:00:00,354.29999999999995
2025-02-19 16:00:00,354.84999999999997
2025-02-19 17:00:00,347.34999999999997
2025-02-19 18:00:00,348.34999999999997
2025-02-19 23:00:00,347.3999999999999
2025-02-20 09:15:00,339.3999999999999
2025-02-20 10:00:00,339.79999999999995
2025-02-20 11:00:00,336.3999999999999
2025-02-20 12:00:00,332.6499999999999
2025-02-20 13:00:00,334.19999999999993
2025-02-20 14:00:00,332.24999999999994
2025-02-20 15:00:00,329.3999999999999
2025-02-20 16:00:00,326.74999999999994
2025-02-20 17:00:00,325.29999999999995
2025-02-20 18:00:00,322.54999999999995
2025-02-20 23:00:00,325.3999999999999
2025-02-21 09:15:00,322.19999999999993
2025-02-21 10:00:00,327.49999999999994
2025-02-21 11:00:00,325.3999999999999
2025-02-21 12:00:00,327.94999999999993
2025-02-21 13:00:00,326.84999999999997
2025-02-21 14:00:00,320.49999999999994
2025-02-21 15:00:00,323.09999999999997
2025-02-21 16:00:00,324.69999999999993
2025-02-21 17:00:00,325.09999999999997
2025-02-21 18:00:00,323.59999999999997
2025-02-21 23:00:00,324.74999999999994
2025-02-24 09:15:00,321.94999999999993
2025-02-24 10:00:00,316.99999999999994
2025-02-24 11:00:00,319.59999999999997
2025-02-24 12:00:00,320.49999999999994
2025-02-24 13:00:00,325.49999999999994
2025-02-24 14:00:00,321.6499999999999
2025-02-24 15:00:00,320.59999999999997
2025-02-24 16:00:00,318.24999999999994
2025-02-24 17:00:00,319.59999999999997
2025-02-24 18:00:00,317.19999999999993
2025-02-24 23:00:00,320.29999999999995
2025-02-25 09:15:00,321.19999999999993
2025-02-25 10:00:00,313.3999999999999
2025-02-25 11:00:00,313.04999999999995
2025-02-25 12:00:00,310.74999999999994
2025-02-25 13:00:00,309.3999999999999
2025-02-25 14:00:00,310.19999999999993
2025-02-25 15:00:00,307.44999999999993
2025-02-25 16:00:00,309.1499999999999
2025-02-25 17:00:00,309.09999999999997
2025-02-25 18:00:00,309.29999999999995
2025-02-25 23:00:00,311.3999999999999
2025-02-26 09:15:00,305.84999999999997
2025-02-26 10:00:00,308.59999999999997
2025-02-26 11:00:00,309.79999999999995
2025-02-26 12:00:00,312.69999999999993
2025-02-26 13:00:00,306.8999999999999
2025-02-26 14:00:00,306.99999999999994
2025-02-26 15:00:00,309.54999999999995
2025-02-26 16:00:00,309.59999999999997
2025-02-26 17:00:00,307.44999999999993
2025-02-26 18:00:00,307.19999999999993
2025-02-26 23:00:00,310.69999999999993
2025-02-27 09:15:00,308.34999999999997
2025-02-27 10:00:00,314.19999999999993
2025-02-27 11:00:00,315.04999999999995
2025-02-27 12:00:00,315.79999999999995
2025-02-27 13:00:00,312.49999999999994
2025-02-27 14:00:00,311.49999999999994
2025-02-27 15:00:00,312.29999999999995
2025-02-27 16:00:00,310.44999999999993
2025-02-27 17:00:00,309.34999999999997
2025-02-27 18:00:00,307.69999999999993
2025-02-27 23:00:00,309.09999999999997
2025-02-28 09:15:00,307.49999999999994
2025-02-28 10:00:00,308.19999999999993
2025-02-28 11:00:00,308.24999999999994
2025-02-28 12:00:00,309.19999999999993
2025-02-28 13:00:00,308.24999999999994
2025-02-28 14:00:00,310.1499999999999
2025-02-28 15:00:00,311.49999999999994
2025-02-28 16:00:00,308.99999999999994
2025-02-28 17:00:00,310.19999999999993
2025-02-28 18:00:00,309.74999999999994
2025-02-28 23:00:00,308.54999999999995
2025-03-03 09:15:00,319.54999999999995
2025-03-03 10:00:00,320.04999999999995
2025-03-03 11:00:00,319.99999999999994
2025-03-03 12:00:00,317.49999999999994
2025-03-03 13:00:00,313.84999999999997
2025-03-03 14:00:00,314.44999999999993
2025-03-03 15:00:00,316.29999999999995
2025-03-03 16:00:00,321.79999999999995
2025-03-03 17:00:00,320.69999999999993
2025-03-03 18:00:00,320.29999999999995
2025-03-03 23:00:00,322.1499999999999
2025-03-04 09:15:00,323.19999999999993
2025-03-04 10:00:00,326.84999999999997
2025-03-04 11:00:00,327.3999999999999
2025-03-04 12:00:00,328.99999999999994
2025-03-04 13:00:00,326.69999999999993
2025-03-04 14:00:00,331.99999999999994
2025-03-04 15:00:00,333.24999999999994
2025-03-04 16:00:00,330.34999999999997
2025-03-04 17:00:00,335.74999999999994
2025-03-04 18:00:00,336.49999999999994
2025-03-04 23:00:00,333.8999999999999
2025-03-05 09:15:00,341.49999999999994
2025-03-05 10:00:00,343.59999999999997
2025-03-05 11:00:00,343.6499999999999
2025-03-05 12:00:00,348.49999999999994
2025-03-05 13:00:00,350.74999999999994
2025-03-05 14:00:00,350.04999999999995
2025-03-05 15:00:00,348.19999999999993
2025-03-05 16:00:00,348.1499999999999
2025-03-05 17:00:00,344.09999999999997
2025-03-05 18:00:00,343.29999999999995
2025-03-05 23:00:00,345.44999999999993
2025-03-06 09:15:00,340.44999999999993
2025-03-06 10:00:00,339.44999999999993
2025-03-06 11:00:00,335.34999999999997
2025-03-06 12:00:00,333.24999999999994
2025-03-06 13:00:00,330.09999999999997
2025-03-06 14:00:00,326.8999999999999
2025-03-06 15:00:00,327.54999999999995
2025-03-06 16:00:00,322.54999999999995
2025-03-06 17:00:00,322.49999999999994
2025-03-06 18:00:00,323.29999999999995
2025-03-06 23:00:00,322.6499999999999
2025-03-07 09:15:00,324.74999999999994
2025-03-07 10:00:00,323.59999999999997
2025-03-07 11:00:00,317.59999999999997
2025-03-07 12:00:00,318.6499999999999
2025-03-07 13:00:00,317.49999999999994
2025-03-07 14:00:00,320.54999999999995
2025-03-07 15:00:00,315.34999999999997
2025-03-07 16:00:00,318.6499999999999
2025-03-07 17:00:00,319.74999999999994
2025-03-07 18:00:00,323.29999999999995
2025-03-07 18:00:01,323.29999999999995
2025-03-07 23:00:00,319.9
2025-03-10 09:15:00,322.59999999999997
2025-03-10 10:00:00,318.04999999999995
2025-03-10 11:00:00,321.7
2025-03-10 12:00:00,323.25
2025-03-10 13:00:00,322.34999999999997
2025-03-10 14:00:00,325.09999999999997
2025-03-10 15:00:00,322.5
2025-03-10 16:00:00,320.34999999999997
2025-03-10 17:00:00,319.7
2025-03-10 23:00:00,320.34999999999997
2025-03-11 09:15:00,323.95
2025-03-11 10:00:00,320.5
2025-03-11 11:00:00,323.15
2025-03-11 12:00:00,320.9
2025-03-11 13:00:00,322.4
2025-03-11 14:00:00,323.0
2025-03-11 15:00:00,328.25
2025-03-11 16:00:00,330.79999999999995
2025-03-11 17:00:00,329.65
2025-03-11 23:00:00,330.04999999999995
2025-03-12 09:15:00,327.15
2025-03-12 10:00:00,324.09999999999997
2025-03-12 11:00:00,324.2
2025-03-12 12:00:00,322.45
2025-03-12 13:00:00,321.95
2025-03-12 14:00:00,323.34999999999997
2025-03-12 15:00:00,322.59999999999997
2025-03-12 16:00:00,324.04999999999995
2025-03-12 17:00:00,323.95
2025-03-12 23:00:00,324.2
2025-03-13 09:15:00,325.95
2025-03-13 10:00:00,327.09999999999997
2025-03-13 11:00:00,324.65
2025-03-13 12:00:00,319.2
2025-03-13 13:00:00,323.65
2025-03-13 14:00:00,324.84999999999997
2025-03-13 15:00:00,323.54999999999995
2025-03-13 16:00:00,323.29999999999995
2025-03-13 17:00:00,324.2
2025-03-13 23:00:00,324.29999999999995
2025-03-14 09:15:00,318.95
2025-03-14 10:00:00,318.15
2025-03-14 11:00:00,320.75
2025-03-14 12:00:00,319.34999999999997
2025-03-14 13:00:00,317.75
2025-03-14 14:00:00,318.65
2025-03-14 15:00:00,313.7
2025-03-14 16:00:00,317.25
2025-03-14 17:00:00,316.5
2025-03-14 23:00:00,316.54999999999995
2025-03-17 09:15:00,316.29999999999995
2025-03-17 10:00:00,317.79999999999995
2025-03-17 11:00:00,316.7
2025-03-17 12:00:00,315.9
2025-03-17 13:00:00,317.7
2025-03-17 14:00:00,324.4
2025-03-17 15:00:00,323.5
2025-03-17 16:00:00,322.0
2025-03-17 17:00:00,322.95
2025-03-17 23:00:00,322.4
2025-03-18 09:15:00,319.84999999999997
2025-03-18 10:00:00,321.7
2025-03-18 11:00:00,321.59999999999997
2025-03-18 12:00:00,320.65
2025-03-18 13:00:00,324.59999999999997
2025-03-18 14:00:00,324.65
2025-03-18 15:00:00,323.04999999999995
2025-03-18 16:00:00,321.65
2025-03-18 17:00:00,323.25
2025-03-18 23:00:00,323.0
2025-03-19 09:15:00,322.15
2025-03-19 10:00:00,320.45
2025-03-19 11:00:00,324.15
2025-03-19 12:00:00,327.0
2025-03-19 13:00:00,325.65
2025-03-19 14:00:00,329.25
2025-03-19 15:00:00,331.29999999999995
2025-03-19 16:00:00,328.29999999999995
2025-03-19 17:00:00,329.7
2025-03-19 23:00:00,329.75
2025-03-20 09:15:00,327.95
2025-03-20 10:00:00,326.5
2025-03-20 11:00:00,327.65
2025-03-20 12:00:00,326.84999999999997
2025-03-20 13:00:00,328.04999999999995
2025-03-20 14:00:00,333.0
2025-03-20 15:00:00,331.0
2025-03-20 16:00:00,332.15
2025-03-20 17:00:00,331.25
2025-03-20 23:00:00,331.0
2025-03-21 09:15:00,332.75
2025-03-21 10:00:00,333.65
2025-03-21 11:00:00,331.9
2025-03-21 12:00:00,328.75
2025-03-21 13:00:00,327.09999999999997
2025-03-21 14:00:00,329.15
2025-03-21 15:00:00,330.2
2025-03-21 16:00:00,331.5
2025-03-21 17:00:00,329.7
2025-03-21 23:00:00,330.95
2025-03-24 09:15:00,337.0
2025-03-24 10:00:00,338.09999999999997
2025-03-24 11:00:00,338.84999999999997
2025-03-24 12:00:00,336.7
2025-03-24 13:00:00,332.25
2025-03-24 14:00:00,333.9
2025-03-24 15:00:00,333.25
2025-03-24 16:00:00,333.04999999999995
2025-03-24 17:00:00,333.95
2025-03-24 23:00:00,333.04999999999995
2025-03-25 09:15:00,333.45
2025-03-25 10:00:00,335.95
2025-03-25 11:00:00,336.5
2025-03-25 12:00:00,337.59999999999997
2025-03-25 13:00:00,336.7
2025-03-25 14:00:00,339.29999999999995
2025-03-25 15:00:00,339.25
2025-03-25 16:00:00,339.5
2025-03-25 17:00:00,338.15
2025-03-25 23:00:00,338.29999999999995
2025-03-26 09:15:00,338.9
2025-03-26 10:00:00,338.15
2025-03-26 11:00:00,340.45
2025-03-26 12:00:00,335.0
2025-03-26 13:00:00,333.0
2025-03-26 14:00:00,328.9
2025-03-26 15:00:00,331.95
2025-03-26 16:00:00,332.29999999999995
2025-03-26 17:00:00,331.7
2025-03-26 23:00:00,331.79999999999995
2025-03-27 09:15:00,330.54999999999995
2025-03-27 10:00:00,324.59999999999997
2025-03-27 11:00:00,327.09999999999997
2025-03-27 12:00:00,323.65
2025-03-27 13:00:00,322.54999999999995
2025-03-27 14:00:00,320.09999999999997
2025-03-27 15:00:00,321.2
2025-03-27 16:00:00,320.79999999999995
2025-03-27 17:00:00,320.45
2025-03-27 23:00:00,320.59999999999997
2025-03-28 09:15:00,321.0
2025-03-28 10:00:00,322.34999999999997
2025-03-28 11:00:00,322.79999999999995
2025-03-28 12:00:00,324.0
2025-03-28 13:00:00,323.95
2025-03-28 14:00:00,323.0
2025-03-28 15:00:00,322.34999999999997
2025-03-28 16:00:00,321.75
2025-03-28 17:00:00,321.75
2025-03-28 23:00:00,322.04999999999995
2025-03-31 09:15:00,327.09999999999997
2025-03-31 10:00:00,321.54999999999995
2025-03-31 11:00:00,320.9
2025-03-31 12:00:00,323.04999999999995
2025-03-31 13:00:00,325.15
2025-03-31 14:00:00,325.15
2025-03-31 15:00:00,323.15
2025-03-31 16:00:00,320.84999999999997
2025-03-31 17:00:00,321.54999999999995
2025-03-31 18:00:00,320.34999999999997
2025-03-31 23:00:00,321.04999999999995
2025-04-01 09:15:00,316.45
2025-04-01 10:00:00,318.0
2025-04-01 11:00:00,325.15
2025-04-01 12:00:00,325.09999999999997
2025-04-01 13:00:00,325.29999999999995
2025-04-01 14:00:00,325.5
2025-04-01 15:00:00,327.54999999999995
2025-04-01 16:00:00,327.34999999999997
2025-04-01 17:00:00,332.29999999999995
2025-04-01 18:00:00,330.9
2025-04-01 23:00:00,330.84999999999997
2025-04-02 09:15:00,332.65
2025-04-02 10:00:00,326.29999999999995
2025-04-02 11:00:00,327.54999999999995
2025-04-02 12:00:00,325.09999999999997
2025-04-02 13:00:00,326.5
2025-04-02 14:00:00,326.09999999999997
2025-04-02 15:00:00,331.34999999999997
2025-04-02 16:00:00,330.95
2025-04-02 17:00:00,329.5
2025-04-02 18:00:00,329.7
2025-04-02 23:00:00,331.04999999999995
2025-04-03 09:15:00,330.84999999999997
2025-04-03 10:00:00,325.45
2025-04-03 11:00:00,321.84999999999997
2025-04-03 12:00:00,322.29999999999995
2025-04-03 13:00:00,321.54999999999995
2025-04-03 14:00:00,322.65
2025-04-03 15:00:00,323.15
2025-04-03 16:00:00,327.84999999999997
2025-04-03 17:00:00,328.54999999999995
2025-04-03 18:00:00,328.25
2025-04-03 23:00:00,327.4
2025-04-04 09:15:00,324.04999999999995
2025-04-04 10:00:00,324.04999999999995
2025-04-04 11:00:00,322.09999999999997
2025-04-04 12:00:00,321.7
2025-04-04 13:00:00,313.65
2025-04-04 14:00:00,316.15
2025-04-04 15:00:00,313.25
2025-04-04 16:00:00,313.25
2025-04-04 17:00:00,310.25
2025-04-04 18:00:00,311.15
2025-04-04 23:00:00,308.95
2025-04-07 09:15:00,303.79999999999995
2025-04-07 10:00:00,304.84999999999997
2025-04-07 11:00:00,305.9
2025-04-07 12:00:00,304.5
2025-04-07 13:00:00,298.65
2025-04-07 14:00:00,294.29999999999995
2025-04-07 15:00:00,294.84999999999997
2025-04-07 16:00:00,289.29999999999995
2025-04-07 17:00:00,285.84999999999997
2025-04-07 18:00:00,283.09999999999997
2025-04-07 23:00:00,287.59999999999997
2025-04-08 09:15:00,293.5
2025-04-08 10:00:00,291.65
2025-04-08 11:00:00,290.65
2025-04-08 12:00:00,290.09999999999997
2025-04-08 13:00:00,285.7
2025-04-08 14:00:00,288.45
2025-04-08 15:00:00,287.4
2025-04-08 16:00:00,288.25
2025-04-08 17:00:00,286.34999999999997
2025-04-08 18:00:00,286.0
2025-04-08 23:00:00,287.0
2025-04-09 09:15:00,280.4
2025-04-09 10:00:00,280.09999999999997
2025-04-09 11:00:00,280.9
2025-04-09 12:00:00,279.7
2025-04-09 13:00:00,271.7
2025-04-09 14:00:00,282.75
2025-04-09 15:00:00,281.95
2025-04-09 16:00:00,284.9
2025-04-09 17:00:00,289.9
2025-04-09 18:00:00,297.2
2025-04-09 23:00:00,286.2
2025-04-10 09:15:00,300.5
2025-04-10 10:00:00,298.7
2025-04-10 11:00:00,302.0
2025-04-10 12:00:00,301.0
2025-04-10 13:00:00,289.84999999999997
2025-04-10 14:00:00,292.34999999999997
2025-04-10 15:00:00,290.84999999999997
2025-04-10 16:00:00,289.45
2025-04-10 17:00:00,290.0
2025-04-10 18:00:00,287.29999999999995
2025-04-10 23:00:00,287.25
2025-04-11 09:15:00,289.84999999999997
2025-04-11 10:00:00,291.5
2025-04-11 11:00:00,287.34999999999997
2025-04-11 12:00:00,287.54999999999995
2025-04-11 13:00:00,290.25
2025-04-11 14:00:00,291.5
2025-04-11 15:00:00,295.15
2025-04-11 16:00:00,299.29999999999995
2025-04-11 17:00:00,300.25
2025-04-11 18:00:00,301.04999999999995
2025-04-11 23:00:00,299.25
2025-04-14 09:15:00,302.95
2025-04-14 10:00:00,300.15
2025-04-14 11:00:00,300.84999999999997
2025-04-14 12:00:00,299.4
2025-04-14 13:00:00,300.2
2025-04-14 14:00:00,302.9
2025-04-14 15:00:00,307.09999999999997
2025-04-14 16:00:00,305.0
2025-04-14 17:00:00,305.5
2025-04-14 18:00:00,305.75
2025-04-14 23:00:00,304.15
2025-04-15 09:15:00,310.84999999999997
2025-04-15 10:00:00,312.79999999999995
2025-04-15 11:00:00,313.15
2025-04-15 12:00:00,313.2
2025-04-15 13:00:00,309.84999999999997
2025-04-15 14:00:00,310.5
2025-04-15 15:00:00,310.54999999999995
2025-04-15 16:00:00,313.25
2025-04-15 17:00:00,312.34999999999997
2025-04-15 18:00:00,312.2
2025-04-15 23:00:00,312.79999999999995
2025-04-16 09:15:00,311.65
2025-04-16 10:00:00,312.95
2025-04-16 11:00:00,312.59999999999997
2025-04-16 12:00:00,312.2
2025-04-16 13:00:00,314.0
2025-04-16 14:00:00,318.34999999999997
2025-04-16 15:00:00,317.15
2025-04-16 16:00:00,319.75
2025-04-16 17:00:00,318.79999999999995
2025-04-16 18:00:00,321.15
2025-04-16 23:00:00,319.45
2025-04-17 09:15:00,321.34999999999997
2025-04-17 10:00:00,323.04999999999995
2025-04-17 11:00:00,319.0
2025-04-17 12:00:00,314.4
2025-04-17 13:00:00,314.29999999999995
2025-04-17 14:00:00,314.79999999999995
2025-04-17 15:00:00,313.9
2025-04-17 16:00:00,318.29999999999995
2025-04-17 17:00:00,318.59999999999997
2025-04-17 18:00:00,319.54999999999995
2025-04-17 23:00:00,318.25
2025-04-21 12:30:00,319.25
2025-04-21 13:00:00,316.95
2025-04-21 14:00:00,314.45
2025-04-21 15:00:00,312.29999999999995
2025-04-21 16:00:00,309.59999999999997
2025-04-21 17:00:00,308.4
2025-04-21 18:00:00,309.59999999999997
2025-04-21 23:00:00,310.2
2025-04-22 09:15:00,310.79999999999995
2025-04-22 10:00:00,312.34999999999997
2025-04-22 11:00:00,311.09999999999997
2025-04-22 12:00:00,308.79999999999995
2025-04-22 13:00:00,310.15
2025-04-22 14:00:00,314.54999999999995
2025-04-22 15:00:00,313.95
2025-04-22 16:00:00,315.9
2025-04-22 17:00:00,319.34999999999997
2025-04-22 18:00:00,320.25
2025-04-22 23:00:00,318.4
2025-04-23 09:15:00,322.15
2025-04-23 10:00:00,323.65
2025-04-23 11:00:00,324.2
2025-04-23 12:00:00,329.0
2025-04-23 13:00:00,329.79999999999995
2025-04-23 14:00:00,332.9
2025-04-23 15:00:00,333.0
2025-04-23 16:00:00,330.15
2025-04-23 17:00:00,332.09999999999997
2025-04-23 18:00:00,331.15
2025-04-23 23:00:00,331.4
2025-04-24 09:15:00,329.25
2025-04-24 10:00:00,328.9
2025-04-24 11:00:00,329.4
2025-04-24 12:00:00,334.65
2025-04-24 13:00:00,336.34999999999997
2025-04-24 14:00:00,339.4
2025-04-24 15:00:00,342.04999999999995
2025-04-24 16:00:00,343.7
2025-04-24 17:00:00,344.54999999999995
2025-04-24 18:00:00,344.09999999999997
2025-04-24 23:00:00,344.45
2025-04-25 09:15:00,344.45
2025-04-25 10:00:00,344.79999999999995
2025-04-25 11:00:00,343.15
2025-04-25 12:00:00,343.9
2025-04-25 13:00:00,349.5
2025-04-25 14:00:00,354.15
2025-04-25 15:00:00,346.34999999999997
2025-04-25 16:00:00,345.79999999999995
2025-04-25 17:00:00,345.09999999999997
2025-04-25 18:00:00,344.65
2025-04-25 23:00:00,345.5
2025-04-28 09:15:00,341.29999999999995
2025-04-28 10:00:00,343.4
2025-04-28 11:00:00,343.0
2025-04-28 12:00:00,349.04999999999995
2025-04-28 13:00:00,349.0
2025-04-28 14:00:00,347.54999999999995
2025-04-28 15:00:00,352.45
2025-04-28 16:00:00,353.2
2025-04-28 17:00:00,355.7
2025-04-28 18:00:00,355.65
2025-04-28 23:00:00,355.7
2025-04-29 09:15:00,358.7
2025-04-29 10:00:00,362.65
2025-04-29 11:00:00,359.65
2025-04-29 12:00:00,361.0
2025-04-29 13:00:00,354.59999999999997
2025-04-29 14:00:00,355.4
2025-04-29 15:00:00,348.79999999999995
2025-04-29 16:00:00,346.65
2025-04-29 17:00:00,346.2
2025-04-29 18:00:00,347.4
2025-04-29 23:00:00,345.45
2025-04-30 09:15:00,347.75
2025-04-30 10:00:00,347.15
2025-04-30 11:00:00,346.79999999999995
2025-04-30 12:00:00,346.7
2025-04-30 13:00:00,352.5
2025-04-30 14:00:00,347.79999999999995
2025-04-30 15:00:00,348.25
2025-04-30 16:00:00,346.54999999999995
2025-04-30 17:00:00,344.0
2025-04-30 18:00:00,344.95
2025-04-30 23:00:00,346.4
2025-05-01 09:15:00,337.9
2025-05-01 10:00:00,336.54999999999995
2025-05-01 11:00:00,336.75
2025-05-01 12:00:00,334.54999999999995
2025-05-01 13:00:00,333.95
2025-05-01 14:00:00,330.75
2025-05-01 15:00:00,330.04999999999995
2025-05-01 16:00:00,329.45
2025-05-01 17:00:00,332.7
2025-05-01 18:00:00,331.29999999999995
2025-05-01 23:00:00,330.29999999999995
2025-05-02 09:15:00,335.09999999999997
2025-05-02 10:00:00,335.25
2025-05-02 11:00:00,333.34999999999997
2025-05-02 12:00:00,333.65
2025-05-02 13:00:00,338.2
2025-05-02 14:00:00,333.79999999999995
2025-05-02 15:00:00,332.7
2025-05-02 16:00:00,327.75
2025-05-02 17:00:00,329.25
2025-05-02 18:00:00,328.25
2025-05-02 23:00:00,331.04999999999995
2025-05-05 12:30:00,328.59999999999997
2025-05-05 13:00:00,331.04999999999995
2025-05-05 14:00:00,333.15
2025-05-05 15:00:00,336.04999999999995
2025-05-05 16:00:00,335.95
2025-05-05 17:00:00,332.29999999999995
2025-05-05 18:00:00,332.79999999999995
2025-05-05 23:00:00,333.9
2025-05-06 09:15:00,330.65
2025-05-06 10:00:00,333.29999999999995
2025-05-06 11:00:00,333.4
2025-05-06 12:00:00,332.15
2025-05-06 13:00:00,333.79999999999995
2025-05-06 14:00:00,337.79999999999995
2025-05-06 15:00:00,336.2
2025-05-06 16:00:00,334.5
2025-05-06 17:00:00,334.7
2025-05-06 18:00:00,335.4
2025-05-06 23:00:00,335.5
2025-05-07 09:15:00,335.2
2025-05-07 10:00:00,334.29999999999995
2025-05-07 11:00:00,334.2
2025-05-07 12:00:00,336.34999999999997
2025-05-07 13:00:00,335.15
2025-05-07 14:00:00,333.95
2025-05-07 15:00:00,332.29999999999995
2025-05-07 16:00:00,330.09999999999997
2025-05-07 17:00:00,330.84999999999997
2025-05-07 18:00:00,330.95
2025-05-07 18:00:01,330.95
2025-05-07 23:00:00,330.09999999999997
2025-05-08 09:15:00,329.84999999999997
2025-05-08 10:00:00,332.0
2025-05-08 11:00:00,331.15
2025-05-08 12:00:00,331.0
2025-05-08 13:00:00,328.59999999999997
2025-05-08 14:00:00,329.15
2025-05-08 15:00:00,331.45
2025-05-08 16:00:00,332.59999999999997
2025-05-08 17:00:00,332.84999999999997
2025-05-08 18:00:00,332.65
2025-05-08 23:00:00,333.2
2025-05-09 09:15:00,333.0
2025-05-09 10:00:00,332.59999999999997
2025-05-09 11:00:00,333.9
2025-05-09 12:00:00,334.5
2025-05-09 13:00:00,336.34999999999997
2025-05-09 14:00:00,335.15
2025-05-09 15:00:00,332.5
2025-05-09 16:00:00,334.79999999999995
2025-05-09 17:00:00,333.45
2025-05-09 18:00:00,333.7
2025-05-09 23:00:00,333.84999999999997
2025-05-12 09:15:00,331.45
2025-05-12 10:00:00,333.25
2025-05-12 11:00:00,329.0
2025-05-12 12:00:00,328.34999999999997
2025-05-12 13:00:00,326.95
2025-05-12 14:00:00,321.59999999999997
2025-05-12 15:00:00,321.5
2025-05-12 16:00:00,320.09999999999997
2025-05-12 17:00:00,319.95
2025-05-12 18:00:00,320.5
2025-05-12 23:00:00,319.84999999999997
2025-05-13 09:15:00,317.84999999999997
2025-05-13 10:00:00,315.95
2025-05-13 11:00:00,314.65
2025-05-13 12:00:00,318.5
2025-05-13 13:00:00,320.34999999999997
2025-05-13 14:00:00,318.75
2025-05-13 15:00:00,323.4
2025-05-13 16:00:00,325.4
2025-05-13 17:00:00,321.84999999999997
2025-05-13 18:00:00,322.15
2025-05-13 23:00:00,323.65
2025-05-14 09:15:00,325.29999999999995
2025-05-14 10:00:00,324.04999999999995
2025-05-14 11:00:00,324.2
2025-05-14 12:00:00,318.84999999999997
2025-05-14 13:00:00,319.25
2025-05-14 14:00:00,317.84999999999997
2025-05-14 15:00:00,313.2
2025-05-14 16:00:00,314.15
2025-05-14 17:00:00,313.2
2025-05-14 18:00:00,314.34999999999997
2025-05-14 23:00:00,313.2
2025-05-15 09:15:00,312.0
2025-05-15 10:00:00,313.79999999999995
2025-05-15 11:00:00,313.54999999999995
2025-05-15 12:00:00,313.29999999999995
2025-05-15 13:00:00,314.79999999999995
2025-05-15 14:00:00,314.95
2025-05-15 15:00:00,322.45
2025-05-15 16:00:00,320.15
2025-05-15 17:00:00,322.59999999999997
2025-05-15 18:00:00,321.79999999999995
2025-05-15 23:00:00,322.75
2025-05-16 09:15:00,320.29999999999995
2025-05-16 10:00:00,318.09999999999997
2025-05-16 11:00:00,315.84999999999997
2025-05-16 12:00:00,315.15
2025-05-16 13:00:00,313.09999999999997
2025-05-16 14:00:00,315.7
2025-05-16 15:00:00,312.84999999999997
2025-05-16 16:00:00,315.09999999999997
2025-05-16 17:00:00,314.5
2025-05-16 18:00:00,313.54999999999995
2025-05-16 23:00:00,313.9
2025-05-19 09:15:00,318.25
2025-05-19 10:00:00,316.4
2025-05-19 11:00:00,318.75
2025-05-19 12:00:00,317.15
2025-05-19 13:00:00,316.9
2025-05-19 14:00:00,318.04999999999995
2025-05-19 15:00:00,323.54999999999995
2025-05-19 16:00:00,321.0
2025-05-19 17:00:00,323.59999999999997
2025-05-19 18:00:00,323.29999999999995
2025-05-19 23:00:00,322.84999999999997
2025-05-20 09:15:00,324.54999999999995
2025-05-20 10:00:00,323.9
2025-05-20 11:00:00,325.4
2025-05-20 12:00:00,322.4
2025-05-20 13:00:00,324.04999999999995
2025-05-20 14:00:00,320.84999999999997
2025-05-20 15:00:00,317.5
2025-05-20 16:00:00,317.45
2025-05-20 17:00:00,319.25
2025-05-20 18:00:00,317.4
2025-05-20 23:00:00,317.79999999999995
2025-05-21 09:15:00,315.15
2025-05-21 10:00:00,317.2
2025-05-21 11:00:00,318.0
2025-05-21 12:00:00,317.54999999999995
2025-05-21 13:00:00,322.95
2025-05-21 14:00:00,321.34999999999997
2025-05-21 15:00:00,319.75
2025-05-21 16:00:00,320.0
2025-05-21 17:00:00,318.9
2025-05-21 18:00:00,317.2
2025-05-21 23:00:00,318.84999999999997
2025-05-22 09:15:00,314.04999999999995
2025-05-22 10:00:00,314.45
2025-05-22 11:00:00,314.65
2025-05-22 12:00:00,313.25
2025-05-22 13:00:00,314.7
2025-05-22 14:00:00,313.25
2025-05-22 15:00:00,310.4
2025-05-22 16:00:00,310.15
2025-05-22 17:00:00,310.5
2025-05-22 18:00:00,310.0
2025-05-22 23:00:00,310.04999999999995
2025-05-23 09:15:00,307.7
2025-05-23 10:00:00,307.2
2025-05-23 11:00:00,307.04999999999995
2025-05-23 12:00:00,306.2
2025-05-23 13:00:00,306.65
2025-05-23 14:00:00,305.4
2025-05-23 15:00:00,308.7
2025-05-23 16:00:00,310.2
2025-05-23 17:00:00,309.75
2025-05-23 18:00:00,309.29999999999995
2025-05-23 23:00:00,310.09999999999997
2025-05-27 09:15:00,306.29999999999995
2025-05-27 10:00:00,307.79999999999995
2025-05-27 11:00:00,305.04999999999995
2025-05-27 12:00:00,305.75
2025-05-27 13:00:00,309.5
2025-05-27 14:00:00,311.15
2025-05-27 15:00:00,312.54999999999995
2025-05-27 16:00:00,311.5
2025-05-27 17:00:00,309.7
2025-05-27 18:00:00,309.15
2025-05-27 23:00:00,310.84999999999997
2025-05-28 09:15:00,307.15
2025-05-28 10:00:00,308.9
2025-05-28 11:00:00,307.04999999999995
2025-05-28 12:00:00,305.54999999999995
2025-05-28 13:00:00,302.84999999999997
2025-05-28 14:00:00,302.9
2025-05-28 15:00:00,302.79999999999995
2025-05-28 16:00:00,300.25
2025-05-28 17:00:00,300.75
2025-05-28 18:00:00,300.75
2025-05-28 23:00:00,301.25
2025-05-29 09:15:00,300.59999999999997
2025-05-29 10:00:00,302.5
2025-05-29 11:00:00,303.29999999999995
2025-05-29 12:00:00,300.4
2025-05-29 13:00:00,302.95
2025-05-29 14:00:00,299.79999999999995
2025-05-29 15:00:00,297.15
2025-05-29 16:00:00,296.04999999999995
2025-05-29 17:00:00,297.34999999999997
2025-05-29 18:00:00,297.15
2025-05-29 23:00:00,297.0
2025-05-30 09:15:00,296.5
2025-05-30 10:00:00,298.15
2025-05-30 11:00:00,297.59999999999997
2025-05-30 12:00:00,296.45
2025-05-30 13:00:00,296.15
2025-05-30 14:00:00,293.45
2025-05-30 15:00:00,292.15
2025-05-30 16:00:00,291.0
2025-05-30 17:00:00,290.9
2025-05-30 18:00:00,290.84999999999997
2025-05-30 23:00:00,291.2
2025-06-02 09:15:00,292.45
2025-06-02 10:00:00,291.04999999999995
2025-06-02 11:00:00,290.84999999999997
2025-06-02 12:00:00,289.25
2025-06-02 13:00:00,289.59999999999997
2025-06-02 14:00:00,290.4
2025-06-02 15:00:00,293.09999999999997
2025-06-02 16:00:00,293.9
2025-06-02 17:00:00,293.25
2025-06-02 18:00:00,292.09999999999997
2025-06-02 23:00:00,293.2
2025-06-03 09:15:00,288.7
2025-06-03 10:00:00,289.9
2025-06-03 11:00:00,290.84999999999997
2025-06-03 12:00:00,288.79999999999995
2025-06-03 13:00:00,286.65
2025-06-03 14:00:00,287.29999999999995
2025-06-03 15:00:00,290.54999999999995
2025-06-03 16:00:00,290.75
2025-06-03 17:00:00,289.54999999999995
2025-06-03 18:00:00,289.0
2025-06-03 23:00:00,290.0
2025-06-04 09:15:00,292.75
2025-06-04 10:00:00,293.4
2025-06-04 11:00:00,290.95
2025-06-04 12:00:00,290.54999999999995
2025-06-04 13:00:00,290.5
2025-06-04 14:00:00,291.7
2025-06-04 15:00:00,296.34999999999997
2025-06-04 16:00:00,295.4
2025-06-04 17:00:00,294.7
2025-06-04 18:00:00,294.75
2025-06-04 23:00:00,295.25
2025-06-05 09:15:00,301.15
2025-06-05 10:00:00,306.7
2025-06-05 11:00:00,305.29999999999995
2025-06-05 12:00:00,304.59999999999997
2025-06-05 13:00:00,305.7
2025-06-05 14:00:00,305.15
2025-06-05 15:00:00,307.95
2025-06-05 16:00:00,309.25
2025-06-05 17:00:00,308.4
2025-06-05 18:00:00,306.59999999999997
2025-06-05 23:00:00,308.59999999999997
2025-06-06 09:15:00,316.45
2025-06-06 10:00:00,315.65
2025-06-06 11:00:00,318.04999999999995
2025-06-06 12:00:00,317.54999999999995
2025-06-06 13:00:00,320.09999999999997
2025-06-06 14:00:00,321.4
2025-06-06 15:00:00,316.75
2025-06-06 16:00:00,308.09999999999997
2025-06-06 17:00:00,306.2
2025-06-06 18:00:00,306.2
2025-06-06 23:00:00,306.84999999999997
2025-06-09 09:15:00,306.4
2025-06-09 10:00:00,308.75
2025-06-09 11:00:00,307.9
2025-06-09 12:00:00,308.79999999999995
2025-06-09 13:00:00,309.84999999999997
2025-06-09 14:00:00,310.54999999999995
2025-06-09 15:00:00,311.04999999999995
2025-06-09 16:00:00,310.34999999999997
2025-06-09 17:00:00,311.54999999999995
2025-06-09 18:00:00,311.04999999999995
2025-06-09 23:00:00,310.79999999999995
2025-06-10 09:15:00,318.0
2025-06-10 10:00:00,319.79999999999995
2025-06-10 11:00:00,315.84999999999997
2025-06-10 12:00:00,316.4
2025-06-10 13:00:00,309.09999999999997
2025-06-10 14:00:00,311.09999999999997
2025-06-10 15:00:00,309.59999999999997
2025-06-10 16:00:00,306.15
2025-06-10 17:00:00,304.34999999999997
2025-06-10 18:00:00,304.84999999999997
2025-06-10 23:00:00,304.45
2025-06-11 09:15:00,302.9
2025-06-11 10:00:00,303.95
2025-06-11 11:00:00,303.09999999999997
2025-06-11 12:00:00,304.15
2025-06-11 13:00:00,302.84999999999997
2025-06-11 14:00:00,304.0
2025-06-11 15:00:00,303.59999999999997
2025-06-11 16:00:00,303.7
2025-06-11 17:00:00,299.9
2025-06-11 18:00:00,299.0
2025-06-11 23:00:00,300.0
2025-06-12 09:15:00,298.4
2025-06-12 10:00:00,299.54999999999995
2025-06-12 11:00:00,299.7
2025-06-12 12:00:00,299.2
2025-06-12 13:00:00,299.95
2025-06-12 14:00:00,298.04999999999995
2025-06-12 15:00:00,297.45
2025-06-12 16:00:00,295.65
2025-06-12 17:00:00,296.09999999999997
2025-06-12 18:00:00,295.75
2025-06-12 23:00:00,296.7
2025-06-13 09:15:00,291.34999999999997
2025-06-13 10:00:00,290.7
2025-06-13 11:00:00,287.9
2025-06-13 12:00:00,288.84999999999997
2025-06-13 13:00:00,286.2
2025-06-13 14:00:00,288.0
2025-06-13 15:00:00,295.25
2025-06-13 16:00:00,296.59999999999997
2025-06-13 17:00:00,298.59999999999997
2025-06-13 18:00:00,297.2
2025-06-13 23:00:00,297.4
2025-06-16 09:15:00,300.79999999999995
2025-06-16 10:00:00,296.84999999999997
2025-06-16 11:00:00,296.54999999999995
2025-06-16 12:00:00,294.65
2025-06-16 13:00:00,296.09999999999997
2025-06-16 14:00:00,293.5
2025-06-16 15:00:00,294.15
2025-06-16 16:00:00,293.79999999999995
2025-06-16 17:00:00,293.29999999999995
2025-06-16 18:00:00,292.79999999999995
2025-06-16 23:00:00,291.65
2025-06-17 09:15:00,293.75
2025-06-17 10:00:00,292.79999999999995
2025-06-17 11:00:00,291.84999999999997
2025-06-17 12:00:00,291.95
2025-06-17 13:00:00,290.84999999999997
2025-06-17 14:00:00,286.09999999999997
2025-06-17 15:00:00,286.5
2025-06-17 16:00:00,283.95
2025-06-17 17:00:00,283.09999999999997
2025-06-17 18:00:00,282.79999999999995
2025-06-17 23:00:00,283.84999999999997
2025-06-18 09:15:00,281.65
2025-06-18 10:00:00,279.04999999999995
2025-06-18 11:00:00,278.45
2025-06-18 12:00:00,277.75
2025-06-18 13:00:00,277.29999999999995
2025-06-18 14:00:00,277.95
2025-06-18 15:00:00,275.59999999999997
2025-06-18 16:00:00,272.95
2025-06-18 17:00:00,273.75
2025-06-18 18:00:00,271.09999999999997
2025-06-18 23:00:00,273.7
2025-06-20 09:15:00,274.9
2025-06-20 10:00:00,275.0
2025-06-20 11:00:00,275.34999999999997
2025-06-20 12:00:00,274.2
2025-06-20 13:00:00,277.54999999999995
2025-06-20 14:00:00,272.0
2025-06-20 15:00:00,268.4
2025-06-20 16:00:00,265.25
2025-06-20 17:00:00,266.9
2025-06-20 18:00:00,266.25
2025-06-20 23:00:00,266.45
2025-06-23 09:15:00,270.95
2025-06-23 10:00:00,268.5
2025-06-23 11:00:00,268.25
2025-06-23 12:00:00,268.5
2025-06-23 13:00:00,275.25
2025-06-23 14:00:00,273.75
2025-06-23 15:00:00,275.84999999999997
2025-06-23 16:00:00,276.25
2025-06-23 17:00:00,276.15
2025-06-23 18:00:00,276.0
2025-06-23 23:00:00,277.95
2025-06-24 09:15:00,271.9
2025-06-24 10:00:00,271.04999999999995
2025-06-24 11:00:00,267.15
2025-06-24 12:00:00,267.59999999999997
2025-06-24 13:00:00,264.65
2025-06-24 14:00:00,265.65
2025-06-24 15:00:00,266.59999999999997
2025-06-24 16:00:00,264.34999999999997
2025-06-24 17:00:00,263.15
2025-06-24 18:00:00,264.2
2025-06-24 23:00:00,262.75
2025-06-25 09:15:00,266.79999999999995
2025-06-25 10:00:00,264.04999999999995
2025-06-25 11:00:00,265.9
2025-06-25 12:00:00,259.29999999999995
2025-06-25 13:00:00,260.54999999999995
2025-06-25 14:00:00,256.4
2025-06-25 15:00:00,253.0
2025-06-25 16:00:00,255.7
2025-06-25 17:00:00,255.39999999999998
2025-06-25 18:00:00,254.0
2025-06-25 23:00:00,255.89999999999998
2025-06-26 09:15:00,256.95
2025-06-26 10:00:00,256.54999999999995
2025-06-26 11:00:00,256.09999999999997
2025-06-26 12:00:00,255.84999999999997
2025-06-26 13:00:00,255.79999999999995
2025-06-26 14:00:00,255.7
2025-06-26 15:00:00,255.75
2025-06-26 16:00:00,257.7
2025-06-26 17:00:00,255.7
2025-06-26 18:00:00,255.59999999999997
2025-06-26 23:00:00,257.04999999999995
2025-06-27 09:15:00,258.04999999999995
2025-06-27 10:00:00,256.25
2025-06-27 11:00:00,255.45
2025-06-27 12:00:00,256.84999999999997
2025-06-27 13:00:00,255.89999999999998
2025-06-27 14:00:00,247.59999999999997
2025-06-27 15:00:00,251.7
2025-06-27 16:00:00,252.39999999999998
2025-06-27 17:00:00,254.79999999999995
2025-06-27 18:00:00,254.0
2025-06-27 23:00:00,255.14999999999998
2025-06-30 09:15:00,257.04999999999995
2025-06-30 10:00:00,255.84999999999997
2025-06-30 11:00:00,255.45
2025-06-30 12:00:00,255.75
2025-06-30 13:00:00,255.75
2025-06-30 14:00:00,255.64999999999998
2025-06-30 15:00:00,253.25
2025-06-30 16:00:00,252.39999999999998
2025-06-30 17:00:00,250.2
2025-06-30 18:00:00,249.29999999999995
2025-06-30 23:00:00,251.5
2025-07-01 09:15:00,248.54999999999995
2025-07-01 10:00:00,247.75
2025-07-01 11:00:00,247.5
2025-07-01 12:00:00,246.7
2025-07-01 13:00:00,250.45
2025-07-01 14:00:00,246.89999999999998
2025-07-01 15:00:00,248.84999999999997
2025-07-01 16:00:00,245.95
2025-07-01 17:00:00,240.84999999999997
2025-07-01 18:00:00,240.7
2025-07-01 23:00:00,243.34999999999997
2025-07-02 09:15:00,239.75
2025-07-02 10:00:00,238.75
2025-07-02 11:00:00,238.59999999999997
2025-07-02 12:00:00,239.04999999999995
2025-07-02 13:00:00,238.79999999999995
2025-07-02 14:00:00,234.04999999999995
2025-07-02 15:00:00,233.79999999999995
2025-07-02 16:00:00,240.39999999999998
2025-07-02 17:00:00,240.34999999999997
2025-07-02 18:00:00,240.64999999999998
2025-07-02 23:00:00,242.59999999999997
2025-07-03 09:15:00,237.14999999999998
2025-07-03 10:00:00,238.54999999999995
2025-07-03 11:00:00,243.34999999999997
2025-07-03 12:00:00,242.14999999999998
2025-07-03 13:00:00,242.64999999999998
2025-07-03 14:00:00,242.2
2025-07-03 15:00:00,243.25
2025-07-03 16:00:00,242.04999999999995
2025-07-03 17:00:00,240.14999999999998
2025-07-03 18:00:00,239.25
2025-07-03 23:00:00,241.0
2025-07-07 09:15:00,235.7
2025-07-07 10:00:00,233.5
2025-07-07 11:00:00,235.89999999999998
2025-07-07 12:00:00,236.64999999999998
2025-07-07 13:00:00,237.25
2025-07-07 14:00:00,233.34999999999997
2025-07-07 15:00:00,232.79999999999995
2025-07-07 16:00:00,232.25
2025-07-07 17:00:00,230.64999999999998
2025-07-07 18:00:00,229.25
2025-07-07 23:00:00,229.64999999999998
2025-07-08 09:15:00,231.75
2025-07-08 10:00:00,232.75
2025-07-08 11:00:00,231.2
2025-07-08 12:00:00,231.25
2025-07-08 13:00:00,233.75
2025-07-08 14:00:00,232.89999999999998
2025-07-08 15:00:00,232.04999999999995
2025-07-08 16:00:00,235.7
2025-07-08 17:00:00,234.54999999999995
2025-07-08 18:00:00,235.7
2025-07-08 23:00:00,237.0
2025-07-09 09:15:00,236.89999999999998
2025-07-09 10:00:00,235.75
2025-07-09 11:00:00,234.25
2025-07-09 12:00:00,234.79999999999995
2025-07-09 13:00:00,235.25
2025-07-09 14:00:00,236.25
2025-07-09 15:00:00,235.34999999999997
2025-07-09 16:00:00,237.75
2025-07-09 17:00:00,236.45
2025-07-09 18:00:00,236.2
2025-07-09 23:00:00,235.45
2025-07-10 09:15:00,240.95
2025-07-10 10:00:00,240.64999999999998
2025-07-10 11:00:00,240.29999999999995
2025-07-10 12:00:00,238.39999999999998
2025-07-10 13:00:00,236.59999999999997
2025-07-10 14:00:00,238.84999999999997
2025-07-10 15:00:00,243.14999999999998
2025-07-10 16:00:00,237.75
2025-07-10 17:00:00,238.39999999999998
2025-07-10 18:00:00,238.45
2025-07-10 23:00:00,239.2
2025-07-11 09:15:00,241.0
2025-07-11 10:00:00,241.95
2025-07-11 11:00:00,243.54999999999995
2025-07-11 12:00:00,246.29999999999995
2025-07-11 13:00:00,246.45
2025-07-11 14:00:00,246.14999999999998
2025-07-11 15:00:00,239.79999999999995
2025-07-11 16:00:00,237.25
2025-07-11 17:00:00,238.5
2025-07-11 18:00:00,239.2
2025-07-11 23:00:00,237.89999999999998
2025-07-14 09:15:00,244.14999999999998
2025-07-14 10:00:00,242.5
2025-07-14 11:00:00,244.79999999999995
2025-07-14 12:00:00,246.39999999999998
2025-07-14 13:00:00,248.04999999999995
2025-07-14 14:00:00,246.14999999999998
2025-07-14 15:00:00,250.09999999999997
2025-07-14 16:00:00,249.79999999999995
2025-07-14 17:00:00,253.39999999999998
2025-07-14 18:00:00,253.45
2025-07-14 18:00:01,253.45
2025-07-14 23:00:00,253.05
2025-07-15 09:15:00,252.0
2025-07-15 10:00:00,249.8
2025-07-15 11:00:00,250.3
2025-07-15 12:00:00,251.3
2025-07-15 13:00:00,249.84999999999997
2025-07-15 14:00:00,248.84999999999997
2025-07-15 15:00:00,248.8
2025-07-15 16:00:00,249.2
2025-07-15 17:00:00,248.14999999999998
2025-07-15 18:00:00,248.64999999999998
2025-07-15 23:00:00,248.45
2025-07-16 09:15:00,251.14999999999998
2025-07-16 10:00:00,254.95
2025-07-16 11:00:00,254.5
2025-07-16 12:00:00,254.34999999999997
2025-07-16 13:00:00,254.45
2025-07-16 14:00:00,258.84999999999997
2025-07-16 15:00:00,259.5
2025-07-16 16:00:00,258.0
2025-07-16 17:00:00,258.45
2025-07-16 18:00:00,258.34999999999997
2025-07-16 23:00:00,259.09999999999997
2025-07-17 09:15:00,258.3
2025-07-17 10:00:00,256.4
2025-07-17 11:00:00,254.09999999999997
2025-07-17 12:00:00,253.8
2025-07-17 13:00:00,256.09999999999997
2025-07-17 14:00:00,257.0
2025-07-17 15:00:00,255.45
2025-07-17 16:00:00,255.59999999999997
2025-07-17 17:00:00,258.25
2025-07-17 18:00:00,259.4
2025-07-17 23:00:00,256.9
2025-07-18 09:15:00,258.05
2025-07-18 10:00:00,255.84999999999997
2025-07-18 11:00:00,257.5
2025-07-18 12:00:00,255.34999999999997
2025-07-18 13:00:00,254.14999999999998
2025-07-18 14:00:00,256.95
2025-07-18 15:00:00,254.0
2025-07-18 16:00:00,253.64999999999998
2025-07-18 17:00:00,254.0
2025-07-18 18:00:00,254.95
2025-07-18 23:00:00,254.14999999999998
2025-07-21 09:15:00,251.2
2025-07-21 10:00:00,251.09999999999997
2025-07-21 11:00:00,249.89999999999998
2025-07-21 12:00:00,249.8
2025-07-21 13:00:00,249.7
2025-07-21 14:00:00,246.75
2025-07-21 15:00:00,244.7
2025-07-21 16:00:00,245.5
2025-07-21 17:00:00,242.64999999999998
2025-07-21 18:00:00,243.0
2025-07-21 23:00:00,243.09999999999997
2025-07-22 09:15:00,237.89999999999998
2025-07-22 10:00:00,241.34999999999997
2025-07-22 11:00:00,242.2
2025-07-22 12:00:00,242.64999999999998
2025-07-22 13:00:00,245.84999999999997
2025-07-22 14:00:00,247.25
2025-07-22 15:00:00,246.89999999999998
2025-07-22 16:00:00,245.75
2025-07-22 17:00:00,246.7
2025-07-22 18:00:00,246.39999999999998
2025-07-22 23:00:00,246.89999999999998
2025-07-23 09:15:00,245.59999999999997
2025-07-23 10:00:00,247.25
2025-07-23 11:00:00,247.8
2025-07-23 12:00:00,247.34999999999997
2025-07-23 13:00:00,246.95
2025-07-23 14:00:00,247.09999999999997
2025-07-23 15:00:00,248.3
2025-07-23 16:00:00,249.55
2025-07-23 17:00:00,250.39999999999998
2025-07-23 18:00:00,250.45
2025-07-23 23:00:00,252.0
2025-07-24 09:15:00,250.59999999999997
2025-07-24 10:00:00,254.2
2025-07-24 11:00:00,254.59999999999997
2025-07-24 12:00:00,254.84999999999997
2025-07-24 13:00:00,253.75
2025-07-24 14:00:00,255.05
2025-07-24 15:00:00,256.2
2025-07-24 16:00:00,253.84999999999997
2025-07-24 17:00:00,256.05
2025-07-24 18:00:00,255.84999999999997
2025-07-24 23:00:00,255.2
2025-07-25 09:15:00,256.8
2025-07-25 10:00:00,256.55
2025-07-25 11:00:00,257.3
2025-07-25 12:00:00,257.34999999999997
2025-07-25 13:00:00,251.7
2025-07-25 14:00:00,250.25
2025-07-25 15:00:00,249.55
2025-07-25 16:00:00,249.3
2025-07-25 17:00:00,248.7
2025-07-25 18:00:00,249.05
2025-07-25 23:00:00,248.64999999999998
2025-07-28 09:15:00,253.5
2025-07-28 10:00:00,252.84999999999997
2025-07-28 11:00:00,253.95
2025-07-28 12:00:00,256.0
2025-07-28 13:00:00,252.09999999999997
2025-07-28 14:00:00,254.2
2025-07-28 15:00:00,254.34999999999997
2025-07-28 16:00:00,252.84999999999997
2025-07-28 17:00:00,250.89999999999998
2025-07-28 18:00:00,252.45
2025-07-28 23:00:00,252.84999999999997
2025-07-29 09:15:00,250.84999999999997
2025-07-29 10:00:00,249.0
2025-07-29 11:00:00,249.75
2025-07-29 12:00:00,249.3
2025-07-29 13:00:00,248.75
2025-07-29 14:00:00,241.8
2025-07-29 15:00:00,243.7
2025-07-29 16:00:00,244.5
2025-07-29 17:00:00,248.34999999999997
2025-07-29 18:00:00,248.7
2025-07-29 23:00:00,247.95
2025-07-30 09:15:00,247.55
2025-07-30 10:00:00,248.7
2025-07-30 11:00:00,247.89999999999998
2025-07-30 12:00:00,248.8
2025-07-30 13:00:00,249.55
2025-07-30 14:00:00,250.09999999999997
2025-07-30 15:00:00,243.59999999999997
2025-07-30 16:00:00,246.59999999999997
2025-07-30 17:00:00,244.84999999999997
2025-07-30 18:00:00,244.39999999999998
2025-07-30 23:00:00,245.05
2025-07-31 09:15:00,249.09999999999997
2025-07-31 10:00:00,251.14999999999998
2025-07-31 11:00:00,249.39999999999998
2025-07-31 12:00:00,249.95
2025-07-31 13:00:00,248.8
2025-07-31 14:00:00,250.59999999999997
2025-07-31 15:00:00,248.7
2025-07-31 16:00:00,247.5
2025-07-31 17:00:00,248.05
2025-07-31 18:00:00,245.75
2025-07-31 23:00:00,246.89999999999998
2025-08-01 09:15:00,244.39999999999998
2025-08-01 10:00:00,243.59999999999997
2025-08-01 11:00:00,242.64999999999998
2025-08-01 12:00:00,242.45
2025-08-01 13:00:00,244.95
2025-08-01 14:00:00,245.45
2025-08-01 15:00:00,244.3
2025-08-01 16:00:00,240.3
2025-08-01 17:00:00,237.89999999999998
2025-08-01 18:00:00,238.05
2025-08-01 23:00:00,235.75
2025-08-04 09:15:00,238.64999999999998
2025-08-04 10:00:00,238.84999999999997
2025-08-04 11:00:00,239.45
2025-08-04 12:00:00,238.0
2025-08-04 13:00:00,241.5
2025-08-04 14:00:00,244.0
2025-08-04 15:00:00,242.7
2025-08-04 16:00:00,239.55
2025-08-04 17:00:00,239.5
2025-08-04 18:00:00,241.34999999999997
2025-08-04 23:00:00,239.84999999999997
2025-08-05 09:15:00,239.5
2025-08-05 10:00:00,240.8
2025-08-05 11:00:00,241.05
2025-08-05 12:00:00,244.05
2025-08-05 13:00:00,244.7
2025-08-05 14:00:00,246.55
2025-08-05 15:00:00,245.7
2025-08-05 16:00:00,248.05
2025-08-05 17:00:00,248.39999999999998
2025-08-05 18:00:00,248.05
2025-08-05 23:00:00,249.09999999999997
2025-08-06 09:15:00,248.75
2025-08-06 10:00:00,247.64999999999998
2025-08-06 11:00:00,246.7
2025-08-06 12:00:00,246.45
2025-08-06 13:00:00,244.5
2025-08-06 14:00:00,245.05
2025-08-06 15:00:00,244.39999999999998
2025-08-06 16:00:00,244.7
2025-08-06 17:00:00,244.7
2025-08-06 18:00:00,245.59999999999997
2025-08-06 23:00:00,244.59999999999997
2025-08-07 09:15:00,248.34999999999997
2025-08-07 10:00:00,248.55
2025-08-07 11:00:00,246.59999999999997
2025-08-07 12:00:00,244.75
2025-08-07 13:00:00,244.84999999999997
2025-08-07 14:00:00,247.0
2025-08-07 15:00:00,247.7
2025-08-07 16:00:00,248.75
2025-08-07 17:00:00,248.5
2025-08-07 18:00:00,248.75
2025-08-07 23:00:00,249.34999999999997
2025-08-08 09:15:00,252.89999999999998
2025-08-08 10:00:00,252.7
2025-08-08 11:00:00,254.2
2025-08-08 12:00:00,256.7
2025-08-08 13:00:00,258.7
2025-08-08 14:00:00,258.9
2025-08-08 15:00:00,255.89999999999998
2025-08-08 16:00:00,260.3
2025-08-08 17:00:00,260.4
2025-08-08 18:00:00,260.25
2025-08-08 23:00:00,260.65
2025-08-11 09:15:00,259.45
2025-08-11 10:00:00,267.55
2025-08-11 11:00:00,267.55
2025-08-11 12:00:00,264.25
2025-08-11 13:00:00,263.0
2025-08-11 14:00:00,268.2
2025-08-11 15:00:00,273.65
2025-08-11 16:00:00,273.34999999999997
2025-08-11 17:00:00,271.59999999999997
2025-08-11 18:00:00,271.4
2025-08-11 23:00:00,272.25
2025-08-12 09:15:00,268.3
2025-08-12 10:00:00,266.34999999999997
2025-08-12 11:00:00,265.55
2025-08-12 12:00:00,264.45
2025-08-12 13:00:00,265.59999999999997
2025-08-12 14:00:00,267.9
2025-08-12 15:00:00,265.5
2025-08-12 16:00:00,267.7
2025-08-12 17:00:00,267.59999999999997
2025-08-12 18:00:00,267.4
2025-08-12 23:00:00,266.5
2025-08-13 09:15:00,269.75
2025-08-13 10:00:00,269.45
2025-08-13 11:00:00,270.8
2025-08-13 12:00:00,271.7
2025-08-13 13:00:00,273.65
2025-08-13 14:00:00,273.9
2025-08-13 15:00:00,270.3
2025-08-13 16:00:00,272.15
2025-08-13 17:00:00,270.3
2025-08-13 18:00:00,270.55
2025-08-13 23:00:00,270.84999999999997
2025-08-14 09:15:00,271.84999999999997
2025-08-14 10:00:00,273.3
2025-08-14 11:00:00,274.0
2025-08-14 12:00:00,274.3
2025-08-14 13:00:00,270.55
2025-08-14 14:00:00,269.45
2025-08-14 15:00:00,272.15
2025-08-14 16:00:00,274.0
2025-08-14 17:00:00,277.34999999999997
2025-08-14 18:00:00,276.59999999999997
2025-08-14 23:00:00,276.9
2025-08-15 09:15:00,277.3
2025-08-15 10:00:00,277.4
2025-08-15 11:00:00,278.05
2025-08-15 12:00:00,280.09999999999997
2025-08-15 13:00:00,282.45
2025-08-15 14:00:00,281.9
2025-08-15 15:00:00,285.65
2025-08-15 16:00:00,289.25
2025-08-15 17:00:00,294.84999999999997
2025-08-15 18:00:00,294.3
2025-08-15 23:00:00,292.4
2025-08-18 09:15:00,289.84999999999997
2025-08-18 10:00:00,293.84999999999997
2025-08-18 11:00:00,289.2
2025-08-18 12:00:00,289.59999999999997
2025-08-18 13:00:00,286.8
2025-08-18 14:00:00,290.9
2025-08-18 15:00:00,289.5
2025-08-18 16:00:00,293.05
2025-08-18 17:00:00,294.45
2025-08-18 18:00:00,295.65
2025-08-18 23:00:00,294.25
2025-08-19 09:15:00,299.5
2025-08-19 10:00:00,301.45
2025-08-19 11:00:00,297.59999999999997
2025-08-19 12:00:00,298.15
2025-08-19 13:00:00,302.05
2025-08-19 14:00:00,301.34999999999997
2025-08-19 15:00:00,302.9
2025-08-19 16:00:00,305.65
2025-08-19 17:00:00,308.8
2025-08-19 18:00:00,309.95
2025-08-19 23:00:00,307.25
2025-08-20 09:15:00,308.05
2025-08-20 10:00:00,307.55
2025-08-20 11:00:00,305.4
2025-08-20 12:00:00,306.34999999999997
2025-08-20 13:00:00,311.0
2025-08-20 14:00:00,314.59999999999997
2025-08-20 15:00:00,315.4
2025-08-20 16:00:00,311.05
2025-08-20 17:00:00,311.45
2025-08-20 18:00:00,311.59999999999997
2025-08-20 23:00:00,311.65
2025-08-21 09:15:00,311.59999999999997
2025-08-21 10:00:00,313.55
2025-08-21 11:00:00,311.15
2025-08-21 12:00:00,313.55
2025-08-21 13:00:00,318.45
2025-08-21 14:00:00,320.65
2025-08-21 15:00:00,319.4
2025-08-21 16:00:00,322.8
2025-08-21 17:00:00,323.3
2025-08-21 18:00:00,322.2
2025-08-21 23:00:00,323.2
2025-08-22 09:15:00,324.09999999999997
2025-08-22 10:00:00,324.55
2025-08-22 11:00:00,323.75
2025-08-22 12:00:00,323.84999999999997
2025-08-22 13:00:00,325.95
2025-08-22 14:00:00,330.59999999999997
2025-08-22 15:00:00,334.0
2025-08-22 16:00:00,335.7
2025-08-22 17:00:00,336.34999999999997
2025-08-22 18:00:00,336.2
2025-08-22 23:00:00,336.5
2025-08-25 12:30:00,337.25
2025-08-25 13:00:00,340.95
2025-08-25 14:00:00,341.95
2025-08-25 15:00:00,343.55
2025-08-25 16:00:00,338.7
2025-08-25 17:00:00,334.9
2025-08-25 18:00:00,334.3
2025-08-25 23:00:00,335.95
2025-08-26 09:15:00,326.25
2025-08-26 10:00:00,325.2
2025-08-26 11:00:00,323.3
2025-08-26 12:00:00,323.15
2025-08-26 13:00:00,331.65
2025-08-26 14:00:00,332.4
2025-08-26 15:00:00,329.55
2025-08-26 16:00:00,328.65
2025-08-26 17:00:00,328.75
2025-08-26 18:00:00,328.84999999999997
2025-08-26 23:00:00,330.5
2025-08-27 09:15:00,325.8
2025-08-27 10:00:00,324.4
2025-08-27 11:00:00,324.8
2025-08-27 12:00:00,327.2
2025-08-27 13:00:00,332.05
2025-08-27 14:00:00,336.15
2025-08-27 15:00:00,337.09999999999997
2025-08-27 16:00:00,341.25
2025-08-27 17:00:00,343.09999999999997
2025-08-27 18:00:00,342.15
2025-08-27 23:00:00,343.5
2025-08-28 09:15:00,348.34999999999997
2025-08-28 10:00:00,344.84999999999997
2025-08-28 11:00:00,339.25
2025-08-28 12:00:00,340.4
2025-08-28 13:00:00,341.8
2025-08-28 14:00:00,339.25
2025-08-28 15:00:00,336.0
2025-08-28 16:00:00,336.75
2025-08-28 17:00:00,335.25
2025-08-28 18:00:00,333.9
2025-08-28 23:00:00,335.7
2025-08-29 09:15:00,334.3
2025-08-29 10:00:00,333.45
2025-08-29 11:00:00,334.0
2025-08-29 12:00:00,334.75
2025-08-29 13:00:00,337.95
2025-08-29 14:00:00,341.7
2025-08-29 15:00:00,341.95
2025-08-29 16:00:00,343.95
2025-08-29 17:00:00,343.65
2025-08-29 18:00:00,342.2
2025-08-29 23:00:00,344.3
2025-09-02 09:15:00,336.34999999999997
2025-09-02 10:00:00,336.34999999999997
2025-09-02 11:00:00,335.9
2025-09-02 12:00:00,332.9
2025-09-02 13:00:00,328.15
2025-09-02 14:00:00,326.59999999999997
2025-09-02 15:00:00,326.0
2025-09-02 16:00:00,330.45
2025-09-02 17:00:00,332.05
2025-09-02 18:00:00,331.55
2025-09-02 23:00:00,328.55
2025-09-03 09:15:00,331.8
2025-09-03 10:00:00,329.9
2025-09-03 11:00:00,331.2
2025-09-03 12:00:00,330.95
2025-09-03 13:00:00,332.55
2025-09-03 14:00:00,336.7
2025-09-03 15:00:00,333.95
2025-09-03 16:00:00,331.59999999999997
2025-09-03 17:00:00,332.5
2025-09-03 18:00:00,331.15
2025-09-03 23:00:00,331.84999999999997
2025-09-04 09:15:00,329.7
2025-09-04 10:00:00,328.95
2025-09-04 11:00:00,329.34999999999997
2025-09-04 12:00:00,329.34999999999997
2025-09-04 13:00:00,330.7
2025-09-04 14:00:00,332.95
2025-09-04 15:00:00,337.8
2025-09-04 16:00:00,332.95
2025-09-04 17:00:00,333.25
2025-09-04 18:00:00,332.34999999999997
2025-09-04 23:00:00,332.59999999999997
2025-09-05 09:15:00,330.9
2025-09-05 10:00:00,330.95
2025-09-05 11:00:00,332.7
2025-09-05 12:00:00,334.09999999999997
2025-09-05 13:00:00,328.05
2025-09-05 14:00:00,330.59999999999997
2025-09-05 15:00:00,331.9
2025-09-05 16:00:00,332.09999999999997
2025-09-05 17:00:00,331.65
2025-09-05 18:00:00,331.34999999999997
2025-09-05 23:00:00,331.84999999999997
2025-09-08 09:15:00,331.3
2025-09-08 10:00:00,331.2
2025-09-08 11:00:00,332.84999999999997
2025-09-08 12:00:00,335.34999999999997
2025-09-08 13:00:00,332.4
2025-09-08 14:00:00,336.4
2025-09-08 15:00:00,340.45
2025-09-08 16:00:00,341.45
2025-09-08 17:00:00,343.0
2025-09-08 18:00:00,343.55
2025-09-08 23:00:00,343.05
2025-09-09 09:15:00,347.05
2025-09-09 10:00:00,345.45
2025-09-09 11:00:00,347.25
2025-09-09 12:00:00,346.05
2025-09-09 13:00:00,341.65
2025-09-09 14:00:00,342.8
2025-09-09 15:00:00,344.59999999999997
2025-09-09 16:00:00,341.45
2025-09-09 17:00:00,341.0
2025-09-09 18:00:00,339.7
2025-09-09 23:00:00,340.0
2025-09-10 09:15:00,341.55
2025-09-10 10:00:00,343.8
2025-09-10 11:00:00,342.65
2025-09-10 12:00:00,344.8
2025-09-10 13:00:00,341.2
2025-09-10 14:00:00,346.25
2025-09-10 15:00:00,342.0
2025-09-10 16:00:00,342.15
2025-09-10 17:00:00,344.84999999999997
2025-09-10 18:00:00,342.7
2025-09-10 23:00:00,345.09999999999997
2025-09-11 09:15:00,344.84999999999997
2025-09-11 10:00:00,342.34999999999997
2025-09-11 11:00:00,342.75
2025-09-11 12:00:00,343.95
2025-09-11 13:00:00,346.59999999999997
2025-09-11 14:00:00,343.2
2025-09-11 15:00:00,345.75
2025-09-11 16:00:00,344.9
2025-09-11 17:00:00,343.25
2025-09-11 18:00:00,342.7
2025-09-11 23:00:00,344.3
2025-09-12 09:15:00,344.7
2025-09-12 10:00:00,344.45
2025-09-12 11:00:00,345.15
2025-09-12 12:00:00,345.55
2025-09-12 13:00:00,348.55
2025-09-12 14:00:00,353.8
2025-09-12 15:00:00,353.09999999999997
2025-09-12 16:00:00,355.34999999999997
2025-09-12 17:00:00,355.9
2025-09-12 18:00:00,355.45
2025-09-12 23:00:00,355.05
2025-09-15 09:15:00,355.5
2025-09-15 10:00:00,357.59999999999997
2025-09-15 11:00:00,358.59999999999997
2025-09-15 12:00:00,365.9
2025-09-15 13:00:00,373.45
2025-09-15 14:00:00,374.05
2025-09-15 15:00:00,378.09999999999997
2025-09-15 16:00:00,375.55
2025-09-15 17:00:00,374.8
2025-09-15 18:00:00,374.95
2025-09-15 23:00:00,375.84999999999997
2025-09-16 09:15:00,373.45
2025-09-16 10:00:00,377.8
2025-09-16 11:00:00,376.8
2025-09-16 12:00:00,378.45
2025-09-16 13:00:00,374.9
2025-09-16 14:00:00,373.45
2025-09-16 15:00:00,376.15
2025-09-16 16:00:00,375.95
2025-09-16 17:00:00,369.8
2025-09-16 18:00:00,366.9
2025-09-16 23:00:00,367.55
2025-09-17 09:15:00,356.8
2025-09-17 10:00:00,354.84999999999997
2025-09-17 11:00:00,353.45
2025-09-17 12:00:00,349.2
2025-09-17 13:00:00,351.34999999999997
2025-09-17 14:00:00,348.4
2025-09-17 15:00:00,338.25
2025-09-17 16:00:00,337.09999999999997
2025-09-17 17:00:00,335.25
2025-09-17 18:00:00,336.59999999999997
2025-09-17 23:00:00,333.84999999999997
2025-09-18 09:15:00,338.05
2025-09-18 10:00:00,335.65
2025-09-18 11:00:00,337.8
2025-09-18 12:00:00,334.65
2025-09-18 13:00:00,334.3
2025-09-18 14:00:00,335.9
2025-09-18 15:00:00,335.2
2025-09-18 16:00:00,336.2
2025-09-18 17:00:00,338.2
2025-09-18 18:00:00,338.95
2025-09-18 18:00:01,338.95
2025-09-18 23:00:00,339.3
2025-09-19 09:15:00,339.3
2025-09-19 10:00:00,335.8
2025-09-19 11:00:00,334.75
2025-09-19 12:00:00,325.6
2025-09-19 13:00:00,319.55
2025-09-19 14:00:00,325.75
2025-09-19 15:00:00,323.6
2025-09-19 16:00:00,324.75
2025-09-19 17:00:00,324.90000000000003
2025-09-19 18:00:00,323.35
2025-09-19 23:00:00,324.3
2025-09-22 09:15:00,324.6
2025-09-22 10:00:00,324.3
2025-09-22 11:00:00,324.25
2025-09-22 12:00:00,323.40000000000003
2025-09-22 13:00:00,326.85
2025-09-22 14:00:00,322.45
2025-09-22 15:00:00,323.45
2025-09-22 16:00:00,324.25
2025-09-22 17:00:00,326.35
2025-09-22 18:00:00,326.7
2025-09-22 23:00:00,325.95
2025-09-23 09:15:00,320.3
2025-09-23 10:00:00,318.0
2025-09-23 11:00:00,317.15000000000003
2025-09-23 12:00:00,318.95
2025-09-23 13:00:00,322.1
2025-09-23 14:00:00,325.8
2025-09-23 15:00:00,327.8
2025-09-23 16:00:00,315.40000000000003
2025-09-23 17:00:00,313.15000000000003
2025-09-23 18:00:00,315.05
2025-09-23 23:00:00,313.1
2025-09-24 09:15:00,315.55
2025-09-24 10:00:00,315.6
2025-09-24 11:00:00,317.75
2025-09-24 12:00:00,320.0
2025-09-24 13:00:00,321.75
2025-09-24 14:00:00,323.3
2025-09-24 15:00:00,325.8
2025-09-24 16:00:00,324.35
2025-09-24 17:00:00,327.05
2025-09-24 18:00:00,327.1
2025-09-24 23:00:00,326.45
2025-09-25 09:15:00,330.85
2025-09-25 10:00:00,334.5
2025-09-25 11:00:00,329.85
2025-09-25 12:00:00,327.25
2025-09-25 13:00:00,328.5
2025-09-25 14:00:00,323.7
2025-09-25 15:00:00,325.05
2025-09-25 16:00:00,330.75
2025-09-25 17:00:00,328.90000000000003
2025-09-25 18:00:00,330.0
2025-09-25 23:00:00,329.5
2025-09-26 09:15:00,337.6
2025-09-26 10:00:00,335.25
2025-09-26 11:00:00,338.55
2025-09-26 12:00:00,339.25
2025-09-26 13:00:00,332.85
2025-09-26 14:00:00,333.8
2025-09-26 15:00:00,336.6
2025-09-26 16:00:00,336.8
2025-09-26 17:00:00,336.40000000000003
2025-09-26 18:00:00,337.45
2025-09-26 23:00:00,336.95
2025-09-29 09:15:00,345.05
2025-09-29 10:00:00,343.8
2025-09-29 11:00:00,342.45
2025-09-29 12:00:00,340.3
2025-09-29 13:00:00,338.95
2025-09-29 14:00:00,337.55
2025-09-29 15:00:00,333.6
2025-09-29 16:00:00,334.1
2025-09-29 17:00:00,333.55
2025-09-29 18:00:00,333.3
2025-09-29 23:00:00,333.6
2025-09-30 09:15:00,333.6
2025-09-30 10:00:00,332.95
2025-09-30 11:00:00,335.0
2025-09-30 12:00:00,333.40000000000003
2025-09-30 13:00:00,337.85
2025-09-30 14:00:00,334.8
2025-09-30 15:00:00,337.75
2025-09-30 16:00:00,336.75
2025-09-30 17:00:00,336.6
2025-09-30 18:00:00,336.35
2025-09-30 23:00:00,337.0
2025-10-01 09:15:00,335.7
2025-10-01 10:00:00,333.15000000000003
2025-10-01 11:00:00,333.15000000000003
2025-10-01 12:00:00,337.55
2025-10-01 13:00:00,339.8
2025-10-01 14:00:00,344.2
2025-10-01 15:00:00,344.6
2025-10-01 16:00:00,345.90000000000003
2025-10-01 17:00:00,345.85
2025-10-01 18:00:00,346.7
2025-10-01 23:00:00,346.1
2025-10-02 09:15:00,343.75
2025-10-02 10:00:00,341.6
2025-10-02 11:00:00,341.05
2025-10-02 12:00:00,339.45
2025-10-02 13:00:00,345.0
2025-10-02 14:00:00,341.85
2025-10-02 15:00:00,338.85
2025-10-02 16:00:00,339.0
2025-10-02 17:00:00,341.35
2025-10-02 18:00:00,342.05
2025-10-02 23:00:00,340.5
2025-10-03 09:15:00,348.85
2025-10-03 10:00:00,345.6
2025-10-03 11:00:00,345.95
2025-10-03 12:00:00,347.0
2025-10-03 13:00:00,349.25
2025-10-03 14:00:00,345.3
2025-10-03 15:00:00,348.25
2025-10-03 16:00:00,350.25
2025-10-03 17:00:00,351.7
2025-10-03 18:00:00,349.8
2025-10-03 23:00:00,352.2
2025-10-06 09:15:00,345.65000000000003
2025-10-06 10:00:00,347.8
2025-10-06 11:00:00,350.55
2025-10-06 12:00:00,350.05
2025-10-06 13:00:00,347.95
2025-10-06 14:00:00,342.85
2025-10-06 15:00:00,343.45
2025-10-06 16:00:00,346.45
2025-10-06 17:00:00,342.65000000000003
2025-10-06 18:00:00,343.40000000000003
2025-10-06 23:00:00,343.0
2025-10-07 09:15:00,341.75
2025-10-07 10:00:00,339.75
2025-10-07 11:00:00,338.65000000000003
2025-10-07 12:00:00,337.75
2025-10-07 13:00:00,339.1
2025-10-07 14:00:00,335.3
2025-10-07 15:00:00,335.1
2025-10-07 16:00:00,338.15000000000003
2025-10-07 17:00:00,337.35
2025-10-07 18:00:00,336.75
2025-10-07 23:00:00,337.2
2025-10-08 09:15:00,335.8
2025-10-08 10:00:00,338.85
2025-10-08 11:00:00,337.7
2025-10-08 12:00:00,340.5
2025-10-08 13:00:00,343.1
2025-10-08 14:00:00,343.5
2025-10-08 15:00:00,343.0
2025-10-08 16:00:00,344.05
2025-10-08 17:00:00,344.25
2025-10-08 18:00:00,344.75
2025-10-08 23:00:00,346.05
2025-10-09 09:15:00,345.8
2025-10-09 10:00:00,343.15000000000003
2025-10-09 11:00:00,345.1
2025-10-09 12:00:00,345.35
2025-10-09 13:00:00,339.8
2025-10-09 14:00:00,340.0
2025-10-09 15:00:00,340.45
2025-10-09 16:00:00,339.3
2025-10-09 17:00:00,338.8
2025-10-09 18:00:00,338.65000000000003
2025-10-09 23:00:00,338.65000000000003
2025-10-10 09:15:00,338.7
2025-10-10 10:00:00,340.25
2025-10-10 11:00:00,339.65000000000003
2025-10-10 12:00:00,341.35
2025-10-10 13:00:00,339.1
2025-10-10 14:00:00,338.40000000000003
2025-10-10 15:00:00,338.40000000000003
2025-10-10 16:00:00,334.25
2025-10-10 17:00:00,335.5
2025-10-10 18:00:00,335.25
2025-10-10 23:00:00,335.25
2025-10-13 09:15:00,340.1
2025-10-13 10:00:00,338.25
2025-10-13 11:00:00,342.40000000000003
2025-10-13 12:00:00,345.1
2025-10-13 13:00:00,343.2
2025-10-13 14:00:00,342.25
2025-10-13 15:00:00,343.6
2025-10-13 16:00:00,342.7
2025-10-13 17:00:00,343.2
2025-10-13 18:00:00,343.3
2025-10-13 23:00:00,343.3
2025-10-14 09:15:00,343.1
2025-10-14 10:00:00,343.65000000000003
2025-10-14 11:00:00,353.40000000000003
2025-10-14 12:00:00,360.3
2025-10-14 13:00:00,353.45
2025-10-14 14:00:00,355.05
2025-10-14 15:00:00,352.25
2025-10-14 16:00:00,355.15000000000003
2025-10-14 17:00:00,357.3
2025-10-14 18:00:00,355.5
2025-10-14 23:00:00,355.5
2025-10-15 09:15:00,361.65000000000003
2025-10-15 10:00:00,361.3
2025-10-15 11:00:00,365.0
2025-10-15 12:00:00,367.8
2025-10-15 13:00:00,363.35
2025-10-15 14:00:00,360.2
2025-10-15 15:00:00,361.05
2025-10-15 16:00:00,349.95
2025-10-15 17:00:00,349.3
2025-10-15 18:00:00,347.3
2025-10-15 23:00:00,347.3
2025-10-16 09:15:00,349.2
2025-10-16 10:00:00,350.15000000000003
2025-10-16 11:00:00,350.55
2025-10-16 12:00:00,355.40000000000003
2025-10-16 13:00:00,357.25
2025-10-16 14:00:00,352.75
2025-10-16 15:00:00,355.15000000000003
2025-10-16 16:00:00,354.05
2025-10-16 17:00:00,351.25
2025-10-16 18:00:00,349.75
2025-10-16 23:00:00,349.75
2025-10-17 09:15:00,353.3
2025-10-17 10:00:00,351.15000000000003
2025-10-17 11:00:00,348.35
2025-10-17 12:00:00,350.3
2025-10-17 13:00:00,347.85
2025-10-17 14:00:00,348.8
2025-10-17 15:00:00,347.35
2025-10-17 16:00:00,351.90000000000003
2025-10-17 17:00:00,353.75
2025-10-17 18:00:00,352.8
2025-10-17 23:00:00,352.8
2025-10-20 09:15:00,363.3
2025-10-20 10:00:00,363.2
2025-10-20 11:00:00,363.3
2025-10-20 12:00:00,363.3
2025-10-20 13:00:00,362.65000000000003
2025-10-20 14:00:00,360.90000000000003
2025-10-20 15:00:00,358.3
2025-10-20 16:00:00,360.55
2025-10-20 17:00:00,361.15000000000003
2025-10-20 18:00:00,360.85
2025-10-20 23:00:00,361.35
2025-10-21 09:15:00,361.0
2025-10-21 10:00:00,362.55
2025-10-21 11:00:00,362.2
2025-10-21 12:00:00,363.75
2025-10-21 13:00:00,361.95
2025-10-21 14:00:00,363.05
2025-10-21 15:00:00,367.90000000000003
2025-10-21 16:00:00,368.5
2025-10-21 17:00:00,369.75
2025-10-21 18:00:00,370.40000000000003
2025-10-21 23:00:00,369.3
2025-10-22 09:15:00,379.35
2025-10-22 10:00:00,373.5
2025-10-22 11:00:00,374.0
2025-10-22 12:00:00,375.35
2025-10-22 13:00:00,379.05
2025-10-22 14:00:00,375.55
2025-10-22 15:00:00,373.8
2025-10-22 16:00:00,377.40000000000003
2025-10-22 17:00:00,377.75
2025-10-22 18:00:00,378.5
2025-10-22 23:00:00,376.8
2025-10-23 09:15:00,377.1
2025-10-23 10:00:00,378.65000000000003
2025-10-23 11:00:00,378.6
2025-10-23 12:00:00,388.45
2025-10-23 13:00:00,388.0
2025-10-23 14:00:00,387.3
2025-10-23 15:00:00,379.65000000000003
2025-10-23 16:00:00,369.90000000000003
2025-10-23 17:00:00,369.45
2025-10-23 18:00:00,367.15000000000003
2025-10-23 23:00:00,367.8
2025-10-24 09:15:00,370.7
2025-10-24 10:00:00,368.95
2025-10-24 11:00:00,369.95
2025-10-24 12:00:00,368.2
2025-10-24 13:00:00,362.8
2025-10-24 14:00:00,362.05
2025-10-24 15:00:00,361.5
2025-10-24 16:00:00,361.0
2025-10-24 17:00:00,360.40000000000003
2025-10-24 18:00:00,358.0
2025-10-24 23:00:00,361.1
2025-10-27 09:15:00,354.55
2025-10-27 10:00:00,355.2
2025-10-27 11:00:00,351.85
2025-10-27 12:00:00,355.45
2025-10-27 13:00:00,354.15000000000003
2025-10-27 14:00:00,354.40000000000003
2025-10-27 15:00:00,349.35
2025-10-27 16:00:00,348.55
2025-10-27 17:00:00,345.8
2025-10-27 23:00:00,347.0
2025-10-28 09:15:00,345.90000000000003
2025-10-28 10:00:00,340.90000000000003
2025-10-28 11:00:00,340.90000000000003
2025-10-28 12:00:00,340.40000000000003
2025-10-28 13:00:00,340.35
2025-10-28 14:00:00,341.25
2025-10-28 15:00:00,348.90000000000003
2025-10-28 16:00:00,345.65000000000003
2025-10-28 17:00:00,345.95
2025-10-28 23:00:00,344.05
2025-10-29 09:15:00,344.90000000000003
2025-10-29 10:00:00,344.25
2025-10-29 11:00:00,341.35
2025-10-29 12:00:00,343.55
2025-10-29 13:00:00,342.5
2025-10-29 14:00:00,348.7
2025-10-29 15:00:00,345.40000000000003
2025-10-29 16:00:00,347.55
2025-10-29 17:00:00,349.55
2025-10-29 23:00:00,348.85
2025-10-30 09:15:00,348.6
2025-10-30 10:00:00,346.95
2025-10-30 11:00:00,346.3
2025-10-30 12:00:00,343.95
2025-10-30 13:00:00,345.15000000000003
2025-10-30 14:00:00,345.55
2025-10-30 15:00:00,348.25
2025-10-30 16:00:00,350.35
2025-10-30 17:00:00,350.5
2025-10-30 23:00:00,350.3
2025-10-31 09:15:00,352.90000000000003
2025-10-31 10:00:00,352.2
2025-10-31 11:00:00,348.55
2025-10-31 12:00:00,347.7
2025-10-31 13:00:00,349.7
2025-10-31 14:00:00,347.6
2025-10-31 15:00:00,348.15000000000003
2025-10-31 16:00:00,349.55
2025-10-31 17:00:00,350.25
2025-10-31 23:00:00,350.3
2025-11-03 09:15:00,354.05
2025-11-03 10:00:00,355.25
2025-11-03 11:00:00,353.45
2025-11-03 12:00:00,356.6
2025-11-03 13:00:00,359.55
2025-11-03 14:00:00,360.1
2025-11-03 15:00:00,359.35
2025-11-03 16:00:00,363.6
2025-11-03 17:00:00,364.7
2025-11-03 18:00:00,366.0
2025-11-03 23:00:00,364.75
2025-11-04 09:15:00,369.6
2025-11-04 10:00:00,372.75
2025-11-04 11:00:00,370.40000000000003
2025-11-04 12:00:00,367.35
2025-11-04 13:00:00,368.45
2025-11-04 14:00:00,365.7
2025-11-04 15:00:00,371.3
2025-11-04 16:00:00,367.7
2025-11-04 17:00:00,362.7
2025-11-04 18:00:00,363.40000000000003
2025-11-04 23:00:00,363.40000000000003
2025-11-05 09:15:00,364.45
2025-11-05 10:00:00,365.90000000000003
2025-11-05 11:00:00,365.55
2025-11-05 12:00:00,366.6
2025-11-05 13:00:00,366.85
2025-11-05 14:00:00,369.95
2025-11-05 15:00:00,373.55
2025-11-05 16:00:00,375.75
2025-11-05 17:00:00,374.95
2025-11-05 18:00:00,374.25
2025-11-05 23:00:00,372.45
2025-11-06 09:15:00,370.40000000000003
2025-11-06 10:00:00,367.2
2025-11-06 11:00:00,365.8
2025-11-06 12:00:00,365.35
2025-11-06 13:00:00,361.85
2025-11-06 14:00:00,359.85
2025-11-06 15:00:00,361.75
2025-11-06 16:00:00,359.25
2025-11-06 17:00:00,357.85
2025-11-06 18:00:00,357.40000000000003
2025-11-06 23:00:00,357.1
2025-11-07 09:15:00,355.6
2025-11-07 10:00:00,357.85
2025-11-07 11:00:00,357.7
2025-11-07 12:00:00,359.5
2025-11-07 13:00:00,360.55
2025-11-07 14:00:00,362.1
2025-11-07 15:00:00,361.15000000000003
2025-11-07 16:00:00,360.3
2025-11-07 17:00:00,364.5
2025-11-07 18:00:00,366.3
2025-11-07 23:00:00,363.90000000000003
2025-11-10 09:15:00,367.7
2025-11-10 10:00:00,369.15000000000003
2025-11-10 11:00:00,367.65000000000003
2025-11-10 12:00:00,366.90000000000003
2025-11-10 13:00:00,363.90000000000003
2025-11-10 14:00:00,365.35
2025-11-10 15:00:00,366.8
2025-11-10 16:00:00,369.25
2025-11-10 17:00:00,372.7
2025-11-10 18:00:00,372.15000000000003
2025-11-10 23:00:00,371.2
2025-11-11 09:15:00,369.1
2025-11-11 10:00:00,369.15000000000003
2025-11-11 11:00:00,372.0
2025-11-11 12:00:00,369.35
2025-11-11 13:00:00,372.6
2025-11-11 14:00:00,373.40000000000003
2025-11-11 15:00:00,374.95
2025-11-11 16:00:00,374.95
2025-11-11 17:00:00,377.7
2025-11-11 18:00:00,378.55
2025-11-11 23:00:00,377.35
2025-11-12 09:15:00,369.90000000000003
2025-11-12 10:00:00,372.65000000000003
2025-11-12 11:00:00,371.25
2025-11-12 12:00:00,369.5
2025-11-12 13:00:00,359.75
2025-11-12 14:00:00,359.7
2025-11-12 15:00:00,357.75
2025-11-12 16:00:00,358.2
2025-11-12 17:00:00,353.25
2025-11-12 18:00:00,352.75
2025-11-12 23:00:00,354.7
2025-11-13 09:15:00,351.8
2025-11-13 10:00:00,353.45
2025-11-13 11:00:00,351.35
2025-11-13 12:00:00,350.75
2025-11-13 13:00:00,354.0
2025-11-13 14:00:00,354.2
2025-11-13 15:00:00,354.35
2025-11-13 16:00:00,352.6
2025-11-13 17:00:00,350.8
2025-11-13 18:00:00,350.65000000000003
2025-11-13 23:00:00,352.3
2025-11-14 09:15:00,353.05
2025-11-14 10:00:00,342.95
2025-11-14 11:00:00,344.5
2025-11-14 12:00:00,341.95
2025-11-14 13:00:00,342.8
2025-11-14 14:00:00,342.8
2025-11-14 15:00:00,345.05
2025-11-14 16:00:00,348.90000000000003
2025-11-14 17:00:00,352.1
2025-11-14 18:00:00,352.90000000000003
2025-11-14 23:00:00,352.05
2025-11-17 09:15:00,358.15000000000003
2025-11-17 10:00:00,359.0
2025-11-17 11:00:00,359.0
2025-11-17 12:00:00,351.65000000000003
2025-11-17 13:00:00,352.35
2025-11-17 14:00:00,351.65000000000003
2025-11-17 15:00:00,351.90000000000003
2025-11-17 16:00:00,349.1
2025-11-17 17:00:00,355.5
2025-11-17 18:00:00,355.90000000000003
2025-11-17 23:00:00,354.65000000000003
2025-11-18 09:15:00,356.3
2025-11-18 10:00:00,357.25
2025-11-18 11:00:00,358.55
2025-11-18 12:00:00,358.6
2025-11-18 13:00:00,361.55
2025-11-18 14:00:00,361.3
2025-11-18 15:00:00,361.7
2025-11-18 16:00:00,366.5
2025-11-18 17:00:00,361.1
2025-11-18 18:00:00,362.55
2025-11-18 23:00:00,365.75
2025-11-19 09:15:00,362.55
2025-11-19 10:00:00,361.95
2025-11-19 11:00:00,360.65000000000003
2025-11-19 12:00:00,356.75
2025-11-19 13:00:00,355.55
2025-11-19 14:00:00,357.75
2025-11-19 15:00:00,357.75
2025-11-19 16:00:00,355.45
2025-11-19 17:00:00,354.1
2025-11-19 18:00:00,354.90000000000003
2025-11-19 23:00:00,352.90000000000003
2025-11-20 09:15:00,356.40000000000003
2025-11-20 10:00:00,359.05
2025-11-20 11:00:00,358.2
2025-11-20 12:00:00,356.35
2025-11-20 13:00:00,355.65000000000003
2025-11-20 14:00:00,354.5
2025-11-20 15:00:00,356.7
2025-11-20 16:00:00,355.35
2025-11-20 17:00:00,354.40000000000003
2025-11-20 18:00:00,354.25
2025-11-20 23:00:00,354.7
2025-11-21 09:15:00,338.5
2025-11-21 10:00:00,339.75
2025-11-21 11:00:00,338.8
2025-11-21 12:00:00,337.5
2025-11-21 13:00:00,335.1
2025-11-21 14:00:00,336.25
2025-11-21 15:00:00,340.25
2025-11-21 16:00:00,342.7
2025-11-21 17:00:00,348.7
2025-11-21 18:00:00,350.2
2025-11-21 23:00:00,347.5
2025-11-24 09:15:00,347.15000000000003
2025-11-24 10:00:00,346.55
2025-11-24 11:00:00,349.75
2025-11-24 12:00:00,350.55
2025-11-24 13:00:00,348.45
2025-11-24 14:00:00,348.90000000000003
2025-11-24 15:00:00,352.8
2025-11-24 16:00:00,354.40000000000003
2025-11-24 17:00:00,355.05
2025-11-24 18:00:00,355.65000000000003
2025-11-24 23:00:00,354.6
2025-11-25 09:15:00,355.85
2025-11-25 10:00:00,354.95
2025-11-25 11:00:00,352.40000000000003
2025-11-25 12:00:00,352.8
2025-11-25 13:00:00,354.7
2025-11-25 14:00:00,355.6
2025-11-25 15:00:00,355.75
2025-11-25 16:00:00,359.55
2025-11-25 17:00:00,360.5
2025-11-25 18:00:00,359.85
2025-11-25 23:00:00,361.35
2025-11-26 09:15:00,359.7
2025-11-26 10:00:00,358.3
2025-11-26 11:00:00,357.75
2025-11-26 12:00:00,359.45
2025-11-26 13:00:00,358.75
2025-11-26 14:00:00,356.95
2025-11-26 15:00:00,355.15000000000003
2025-11-26 16:00:00,358.0
2025-11-26 17:00:00,358.55
2025-11-26 18:00:00,357.95
2025-11-26 23:00:00,357.75
2025-11-28 09:15:00,361.75
2025-11-28 10:00:00,360.15000000000003
2025-11-28 11:00:00,359.85
2025-11-28 12:00:00,359.90000000000003
2025-11-28 13:00:00,357.90000000000003
2025-11-28 14:00:00,358.45
2025-11-28 15:00:00,358.25
2025-11-28 16:00:00,358.5
2025-11-28 17:00:00,357.75
2025-11-28 18:00:00,357.0
2025-11-28 23:00:00,359.25
2025-12-01 09:15:00,354.8
2025-12-01 10:00:00,353.15000000000003
2025-12-01 11:00:00,353.90000000000003
2025-12-01 12:00:00,355.0
2025-12-01 13:00:00,350.95
2025-12-01 14:00:00,352.2
2025-12-01 15:00:00,354.85
2025-12-01 16:00:00,356.2
2025-12-01 17:00:00,357.75
2025-12-01 18:00:00,359.40000000000003
2025-12-01 23:00:00,357.75
2025-12-02 09:15:00,356.95
2025-12-02 10:00:00,354.35
2025-12-02 11:00:00,354.75
2025-12-02 12:00:00,357.65000000000003
2025-12-02 13:00:00,357.6
2025-12-02 14:00:00,355.25
2025-12-02 15:00:00,354.7
2025-12-02 16:00:00,352.8
2025-12-02 17:00:00,350.75
2025-12-02 18:00:00,350.85
2025-12-02 23:00:00,351.5
2025-12-03 09:15:00,352.0
2025-12-03 10:00:00,352.05
2025-12-03 11:00:00,352.0
2025-12-03 12:00:00,350.75
2025-12-03 13:00:00,352.6
2025-12-03 14:00:00,352.90000000000003
2025-12-03 15:00:00,351.25
2025-12-03 16:00:00,350.55
2025-12-03 17:00:00,350.0
2025-12-03 18:00:00,350.8
2025-12-03 23:00:00,350.5
2025-12-04 09:15:00,351.8
2025-12-04 10:00:00,351.65000000000003
2025-12-04 11:00:00,353.25
2025-12-04 12:00:00,353.75
2025-12-04 13:00:00,355.95
2025-12-04 14:00:00,355.35
2025-12-04 15:00:00,354.55
2025-12-04 16:00:00,357.1
2025-12-04 17:00:00,357.5
2025-12-04 18:00:00,356.85
2025-12-04 23:00:00,358.55
2025-12-05 09:15:00,355.85
2025-12-05 10:00:00,354.85
2025-12-05 11:00:00,353.8
2025-12-05 12:00:00,354.05
2025-12-05 13:00:00,353.0
2025-12-05 14:00:00,352.90000000000003
2025-12-05 15:00:00,353.6
2025-12-05 16:00:00,353.35
2025-12-05 17:00:00,353.55
2025-12-05 18:00:00,352.35
2025-12-05 23:00:00,352.90000000000003
2025-12-08 09:15:00,351.45
2025-12-08 10:00:00,352.3
2025-12-08 11:00:00,353.2
2025-12-08 12:00:00,354.40000000000003
2025-12-08 13:00:00,352.2
2025-12-08 14:00:00,350.0
2025-12-08 15:00:00,343.35
2025-12-08 16:00:00,344.90000000000003
2025-12-08 17:00:00,345.5
2025-12-08 18:00:00,346.0
2025-12-08 23:00:00,344.25
2025-12-09 09:15:00,348.3
2025-12-09 10:00:00,349.90000000000003
2025-12-09 11:00:00,348.95
2025-12-09 12:00:00,349.5
2025-12-09 13:00:00,350.15000000000003
2025-12-09 14:00:00,348.05
2025-12-09 15:00:00,351.05
2025-12-09 16:00:00,348.40000000000003
2025-12-09 17:00:00,346.25
2025-12-09 18:00:00,345.65000000000003
2025-12-09 23:00:00,346.8
2025-12-10 09:15:00,347.25
2025-12-10 10:00:00,345.35
2025-12-10 11:00:00,346.7
2025-12-10 12:00:00,350.3
2025-12-10 13:00:00,352.65000000000003
2025-12-10 14:00:00,350.75
2025-12-10 15:00:00,352.95
2025-12-10 16:00:00,353.7
2025-12-10 17:00:00,350.45
2025-12-10 18:00:00,349.7
2025-12-10 23:00:00,350.35
2025-12-11 09:15:00,350.3
2025-12-11 10:00:00,352.55
2025-12-11 11:00:00,353.25
2025-12-11 12:00:00,355.0
2025-12-11 13:00:00,356.55
2025-12-11 14:00:00,356.8
2025-12-11 15:00:00,354.40000000000003
2025-12-11 16:00:00,353.6
2025-12-11 17:00:00,354.05
2025-12-11 18:00:00,353.8
2025-12-11 23:00:00,354.25
2025-12-12 09:15:00,356.75
2025-12-12 10:00:00,355.5
2025-12-12 11:00:00,354.05
2025-12-12 12:00:00,353.40000000000003
2025-12-12 13:00:00,350.35
2025-12-12 14:00:00,348.95
2025-12-12 15:00:00,347.15000000000003
2025-12-12 16:00:00,347.1
2025-12-12 17:00:00,348.85
2025-12-12 18:00:00,347.6
2025-12-12 23:00:00,347.35
2025-12-15 09:15:00,346.05
2025-12-15 10:00:00,345.90000000000003
2025-12-15 11:00:00,343.55
2025-12-15 12:00:00,342.55
2025-12-15 13:00:00,340.6
2025-12-15 14:00:00,338.35
2025-12-15 15:00:00,337.25
2025-12-15 16:00:00,337.90000000000003
2025-12-15 17:00:00,338.35
2025-12-15 18:00:00,338.95
2025-12-15 23:00:00,338.35
2025-12-16 09:15:00,338.7
2025-12-16 10:00:00,337.8
2025-12-16 11:00:00,334.35
2025-12-16 12:00:00,332.90000000000003
2025-12-16 13:00:00,334.5
2025-12-16 14:00:00,330.7
2025-12-16 15:00:00,333.15000000000003
2025-12-16 16:00:00,331.2
2025-12-16 17:00:00,330.15000000000003
2025-12-16 18:00:00,330.55
2025-12-16 23:00:00,330.15000000000003
2025-12-17 09:15:00,330.25
2025-12-17 10:00:00,332.8
2025-12-17 11:00:00,332.5
2025-12-17 12:00:00,329.45
2025-12-17 13:00:00,329.35
2025-12-17 14:00:00,328.25
2025-12-17 15:00:00,325.95
2025-12-17 16:00:00,326.55
2025-12-17 17:00:00,325.45
2025-12-17 18:00:00,325.25
2025-12-17 23:00:00,325.45
2025-12-18 09:15:00,325.65000000000003
2025-12-18 10:00:00,326.75
2025-12-18 11:00:00,327.55
2025-12-18 12:00:00,325.25
2025-12-18 13:00:00,324.6
2025-12-18 14:00:00,326.15000000000003
2025-12-18 15:00:00,325.8
2025-12-18 16:00:00,324.3
2025-12-18 17:00:00,323.2
2025-12-18 18:00:00,323.05
2025-12-18 18:00:01,323.05
2025-12-18 23:00:00,323.09999999999997
2025-12-19 09:15:00,325.65
2025-12-19 10:00:00,324.55
2025-12-19 11:00:00,323.95
2025-12-19 12:00:00,322.95
2025-12-19 13:00:00,323.65
2025-12-19 14:00:00,320.09999999999997
2025-12-19 15:00:00,320.59999999999997
2025-12-19 16:00:00,320.45
2025-12-19 17:00:00,320.84999999999997
2025-12-19 18:00:00,320.59999999999997
2025-12-19 23:00:00,320.09999999999997
2025-12-22 09:15:00,321.05
2025-12-22 10:00:00,321.05
2025-12-22 11:00:00,320.3
2025-12-22 12:00:00,319.5
2025-12-22 13:00:00,322.75
2025-12-22 14:00:00,322.2
2025-12-22 15:00:00,327.09999999999997
2025-12-22 16:00:00,326.4
2025-12-22 17:00:00,326.7
2025-12-22 18:00:00,327.65
2025-12-22 23:00:00,326.9
2025-12-23 09:15:00,327.75
2025-12-23 10:00:00,329.59999999999997
2025-12-23 11:00:00,330.75
2025-12-23 12:00:00,329.2
2025-12-23 13:00:00,329.84999999999997
2025-12-23 14:00:00,331.34999999999997
2025-12-23 15:00:00,330.65
2025-12-23 16:00:00,325.55
2025-12-23 17:00:00,326.84999999999997
2025-12-23 18:00:00,326.25
2025-12-23 23:00:00,326.8
2025-12-24 09:15:00,324.59999999999997
2025-12-24 10:00:00,327.09999999999997
2025-12-24 11:00:00,325.45
2025-12-24 12:00:00,324.45
2025-12-24 13:00:00,325.0
2025-12-24 14:00:00,327.0
2025-12-24 15:00:00,325.3
2025-12-24 16:00:00,325.09999999999997
2025-12-24 17:00:00,324.7
2025-12-24 18:00:00,324.8
2025-12-24 23:00:00,325.05
2025-12-26 12:00:00,324.75
2025-12-26 13:00:00,328.5
2025-12-26 14:00:00,328.7
2025-12-26 15:00:00,328.09999999999997
2025-12-26 16:00:00,328.7
2025-12-26 17:00:00,328.2
2025-12-26 18:00:00,327.25
2025-12-26 23:00:00,329.05
2025-12-29 09:15:00,328.75
2025-12-29 10:00:00,328.95
2025-12-29 11:00:00,328.65
2025-12-29 12:00:00,329.15
2025-12-29 13:00:00,330.84999999999997
2025-12-29 14:00:00,331.5
2025-12-29 15:00:00,331.0
2025-12-29 16:00:00,330.7
2025-12-29 17:00:00,330.34999999999997
2025-12-29 18:00:00,330.3
2025-12-29 23:00:00,331.09999999999997
2025-12-30 09:15:00,332.15
2025-12-30 10:00:00,334.3
2025-12-30 11:00:00,336.65
2025-12-30 12:00:00,337.0
2025-12-30 13:00:00,333.45
2025-12-30 14:00:00,329.75
2025-12-30 15:00:00,330.95
2025-12-30 16:00:00,329.45
2025-12-30 17:00:00,329.75
2025-12-30 18:00:00,329.75
2025-12-30 23:00:00,329.25
2025-12-31 09:15:00,327.59999999999997
2025-12-31 10:00:00,328.45
2025-12-31 11:00:00,329.3
2025-12-31 12:00:00,330.3
2025-12-31 13:00:00,330.8
2025-12-31 14:00:00,331.4
2025-12-31 15:00:00,330.84999999999997
2025-12-31 16:00:00,330.4
2025-12-31 17:00:00,328.09999999999997
2025-12-31 18:00:00,327.4
2025-12-31 23:00:00,327.55
2026-01-02 09:15:00,324.5
2026-01-02 10:00:00,325.45
2026-01-02 11:00:00,326.7
2026-01-02 12:00:00,326.9
2026-01-02 13:00:00,327.7
2026-01-02 14:00:00,329.15
2026-01-02 15:00:00,332.3
2026-01-02 16:00:00,332.3
2026-01-02 17:00:00,333.8
2026-01-02 18:00:00,333.75
2026-01-02 23:00:00,335.65
2026-01-05 09:15:00,332.3
2026-01-05 10:00:00,332.9
2026-01-05 11:00:00,332.8
2026-01-05 12:00:00,332.2
2026-01-05 13:00:00,329.55
2026-01-05 14:00:00,333.05
2026-01-05 15:00:00,334.5
2026-01-05 16:00:00,335.84999999999997
2026-01-05 17:00:00,336.2
2026-01-05 18:00:00,335.4
2026-01-05 23:00:00,336.0
2026-01-06 09:15:00,334.84999999999997
2026-01-06 10:00:00,339.34999999999997
2026-01-06 11:00:00,339.75
2026-01-06 12:00:00,338.0
2026-01-06 13:00:00,338.9
2026-01-06 14:00:00,341.0
2026-01-06 15:00:00,342.5
2026-01-06 16:00:00,345.4
2026-01-06 17:00:00,345.9
2026-01-06 18:00:00,345.4
2026-01-06 23:00:00,347.25
2026-01-07 09:15:00,348.3
2026-01-07 10:00:00,354.05
2026-01-07 11:00:00,354.25
2026-01-07 12:00:00,350.15
2026-01-07 13:00:00,348.7
2026-01-07 14:00:00,347.95
2026-01-07 15:00:00,350.15
2026-01-07 16:00:00,352.45
2026-01-07 17:00:00,348.59999999999997
2026-01-07 18:00:00,348.25
2026-01-07 23:00:00,349.25
2026-01-08 09:15:00,351.65
2026-01-08 10:00:00,351.9
2026-01-08 11:00:00,351.84999999999997
2026-01-08 12:00:00,352.45
2026-01-08 13:00:00,355.7
2026-01-08 14:00:00,355.59999999999997
2026-01-08 15:00:00,353.25
2026-01-08 16:00:00,350.8
2026-01-08 17:00:00,347.9
2026-01-08 18:00:00,347.34999999999997
2026-01-08 23:00:00,347.05
2026-01-09 09:15:00,344.2
2026-01-09 10:00:00,343.2
2026-01-09 11:00:00,342.2
2026-01-09 12:00:00,342.34999999999997
2026-01-09 13:00:00,343.2
2026-01-09 14:00:00,340.15
2026-01-09 15:00:00,338.2
2026-01-09 16:00:00,335.4
2026-01-09 17:00:00,334.05
2026-01-09 18:00:00,332.45
2026-01-09 23:00:00,334.09999999999997
2026-01-12 09:15:00,334.25
2026-01-12 10:00:00,334.8
2026-01-12 11:00:00,334.3
2026-01-12 12:00:00,333.4
2026-01-12 13:00:00,331.84999999999997
2026-01-12 14:00:00,330.0
2026-01-12 15:00:00,330.9
2026-01-12 16:00:00,332.65
2026-01-12 17:00:00,333.4
2026-01-12 18:00:00,332.55
2026-01-12 23:00:00,332.65
2026-01-13 09:15:00,334.59999999999997
2026-01-13 10:00:00,336.05
2026-01-13 11:00:00,337.75
2026-01-13 12:00:00,337.84999999999997
2026-01-13 13:00:00,336.3
2026-01-13 14:00:00,336.25
2026-01-13 15:00:00,335.9
2026-01-13 16:00:00,333.7
2026-01-13 17:00:00,336.0
2026-01-13 18:00:00,336.2
2026-01-13 23:00:00,335.8
2026-01-14 09:15:00,337.55
2026-01-14 10:00:00,335.7
2026-01-14 11:00:00,337.05
2026-01-14 12:00:00,337.25
2026-01-14 13:00:00,333.65
2026-01-14 14:00:00,333.75
2026-01-14 15:00:00,331.9
2026-01-14 16:00:00,330.84999999999997
2026-01-14 17:00:00,332.15
2026-01-14 18:00:00,332.15
2026-01-14 23:00:00,332.45
2026-01-15 09:15:00,330.3
2026-01-15 10:00:00,328.7
2026-01-15 11:00:00,329.45
2026-01-15 12:00:00,330.34999999999997
2026-01-15 13:00:00,331.0
2026-01-15 14:00:00,332.65
2026-01-15 15:00:00,333.45
2026-01-15 16:00:00,334.65
2026-01-15 17:00:00,335.2
2026-01-15 18:00:00,335.25
2026-01-15 23:00:00,334.59999999999997
2026-01-16 09:15:00,335.34999999999997
2026-01-16 10:00:00,335.7
2026-01-16 11:00:00,335.3
2026-01-16 12:00:00,332.25
2026-01-16 13:00:00,333.55
2026-01-16 14:00:00,333.45
2026-01-16 15:00:00,333.2
2026-01-16 16:00:00,331.5
2026-01-16 17:00:00,331.15
2026-01-16 18:00:00,331.09999999999997
2026-01-16 23:00:00,331.7
2026-01-20 09:15:00,330.65
2026-01-20 10:00:00,328.75
2026-01-20 11:00:00,328.65
2026-01-20 12:00:00,327.59999999999997
2026-01-20 13:00:00,329.05
2026-01-20 14:00:00,327.2
2026-01-20 15:00:00,327.3
2026-01-20 16:00:00,324.3
2026-01-20 17:00:00,323.65
2026-01-20 18:00:00,323.55
2026-01-20 23:00:00,324.09999999999997
2026-01-21 09:15:00,324.09999999999997
2026-01-21 10:00:00,323.84999999999997
2026-01-21 11:00:00,323.3
2026-01-21 12:00:00,320.65
2026-01-21 13:00:00,320.59999999999997
2026-01-21 14:00:00,322.2
2026-01-21 15:00:00,322.84999999999997
2026-01-21 16:00:00,324.84999999999997
2026-01-21 17:00:00,324.95
2026-01-21 18:00:00,324.45
2026-01-21 23:00:00,325.0
2026-01-22 09:15:00,323.0
2026-01-22 10:00:00,323.34999999999997
2026-01-22 11:00:00,325.34999999999997
2026-01-22 12:00:00,323.84999999999997
2026-01-22 13:00:00,323.75
2026-01-22 14:00:00,324.95
2026-01-22 15:00:00,325.15
2026-01-22 16:00:00,325.7
2026-01-22 17:00:00,325.95
2026-01-22 18:00:00,325.4
2026-01-22 23:00:00,325.5
2026-01-23 09:15:00,328.55
2026-01-23 10:00:00,328.75
2026-01-23 11:00:00,329.5
2026-01-23 12:00:00,330.45
2026-01-23 13:00:00,331.09999999999997
2026-01-23 14:00:00,327.84999999999997
2026-01-23 15:00:00,327.95
2026-01-23 16:00:00,328.7
2026-01-23 17:00:00,327.34999999999997
2026-01-23 18:00:00,327.45
2026-01-23 23:00:00,327.65
2026-01-26 09:15:00,331.9
2026-01-26 10:00:00,332.05
2026-01-26 11:00:00,331.45
2026-01-26 12:00:00,331.4
2026-01-26 13:00:00,331.5
2026-01-26 14:00:00,331.84999999999997
2026-01-26 15:00:00,331.95
2026-01-26 16:00:00,332.95
2026-01-26 17:00:00,333.15
2026-01-26 18:00:00,332.7
2026-01-26 23:00:00,332.3
2026-01-27 09:15:00,335.0
2026-01-27 10:00:00,335.65
2026-01-27 11:00:00,336.65
2026-01-27 12:00:00,335.3
2026-01-27 13:00:00,334.84999999999997
2026-01-27 14:00:00,334.55
2026-01-27 15:00:00,339.8
2026-01-27 16:00:00,341.15
2026-01-27 17:00:00,341.9
2026-01-27 18:00:00,343.05
2026-01-27 23:00:00,340.9
2026-01-28 09:15:00,343.95
2026-01-28 10:00:00,342.3
2026-01-28 11:00:00,335.75
2026-01-28 12:00:00,334.55
2026-01-28 13:00:00,332.5
2026-01-28 14:00:00,329.75
2026-01-28 15:00:00,329.8
2026-01-28 16:00:00,329.2
2026-01-28 17:00:00,327.4
2026-01-28 18:00:00,328.45
2026-01-28 23:00:00,328.5
2026-01-29 09:15:00,328.45
2026-01-29 10:00:00,328.55
2026-01-29 11:00:00,326.7
2026-01-29 12:00:00,326.5
2026-01-29 13:00:00,325.4
2026-01-29 14:00:00,325.09999999999997
2026-01-29 15:00:00,323.4
2026-01-29 16:00:00,323.09999999999997
2026-01-29 17:00:00,322.7
2026-01-29 18:00:00,322.4
2026-01-29 23:00:00,323.0
2026-01-30 09:15:00,318.2
2026-01-30 10:00:00,318.2
2026-01-30 11:00:00,320.7
2026-01-30 12:00:00,317.4
2026-01-30 13:00:00,316.8
2026-01-30 14:00:00,315.05
2026-01-30 15:00:00,309.8
2026-01-30 16:00:00,309.84999999999997
2026-01-30 17:00:00,310.59999999999997
2026-01-30 18:00:00,310.15
2026-01-30 23:00:00,309.55
2026-02-02 09:15:00,311.3
2026-02-02 10:00:00,309.7
2026-02-02 11:00:00,311.0
2026-02-02 12:00:00,313.5
2026-02-02 13:00:00,311.95
2026-02-02 14:00:00,309.8
2026-02-02 15:00:00,308.55
2026-02-02 16:00:00,308.15
2026-02-02 17:00:00,309.95
2026-02-02 18:00:00,311.34999999999997
2026-02-02 23:00:00,309.25
2026-02-03 09:15:00,311.09999999999997
2026-02-03 10:00:00,308.09999999999997
2026-02-03 11:00:00,307.8
2026-02-03 12:00:00,303.8
2026-02-03 13:00:00,300.09999999999997
2026-02-03 14:00:00,297.55
2026-02-03 15:00:00,295.34999999999997
2026-02-03 16:00:00,296.75
2026-02-03 17:00:00,294.0
2026-02-03 18:00:00,292.9
2026-02-03 23:00:00,295.09999999999997
2026-02-04 09:15:00,296.45
2026-02-04 10:00:00,297.05
2026-02-04 11:00:00,296.55
2026-02-04 12:00:00,297.59999999999997
2026-02-04 13:00:00,294.34999999999997
2026-02-04 14:00:00,292.2
2026-02-04 15:00:00,294.25
2026-02-04 16:00:00,292.75
2026-02-04 17:00:00,291.2
2026-02-04 18:00:00,290.4
2026-02-04 23:00:00,292.05
2026-02-05 09:15:00,290.8
2026-02-05 10:00:00,292.0
2026-02-05 11:00:00,290.45
2026-02-05 12:00:00,290.05
2026-02-05 13:00:00,290.5
2026-02-05 14:00:00,286.34999999999997
2026-02-05 15:00:00,286.75
2026-02-05 16:00:00,289.0
2026-02-05 17:00:00,290.9
2026-02-05 18:00:00,290.34999999999997
2026-02-05 23:00:00,290.7
2026-02-06 09:15:00,291.45
2026-02-06 10:00:00,292.09999999999997
2026-02-06 11:00:00,291.15
2026-02-06 12:00:00,287.65
2026-02-06 13:00:00,284.09999999999997
2026-02-06 14:00:00,283.7
2026-02-06 15:00:00,284.7
2026-02-06 16:00:00,284.09999999999997
2026-02-06 17:00:00,282.5
2026-02-06 18:00:00,280.9
2026-02-06 23:00:00,283.5
2026-02-09 09:15:00,281.55
2026-02-09 10:00:00,280.05
2026-02-09 11:00:00,282.05
2026-02-09 12:00:00,283.65
2026-02-09 13:00:00,281.84999999999997
2026-02-09 14:00:00,286.55
2026-02-09 15:00:00,288.45
2026-02-09 16:00:00,289.45
2026-02-09 17:00:00,288.5
2026-02-09 18:00:00,287.3
2026-02-09 23:00:00,288.05
2026-02-10 09:15:00,286.65
2026-02-10 10:00:00,290.34999999999997
2026-02-10 11:00:00,291.25
2026-02-10 12:00:00,288.7
2026-02-10 13:00:00,287.9
2026-02-10 14:00:00,288.55
2026-02-10 15:00:00,283.25
2026-02-10 16:00:00,284.59999999999997
2026-02-10 17:00:00,285.34999999999997
2026-02-10 18:00:00,284.65
2026-02-10 23:00:00,284.9
2026-02-11 09:15:00,284.65
2026-02-11 10:00:00,286.34999999999997
2026-02-11 11:00:00,285.2
2026-02-11 12:00:00,284.7
2026-02-11 13:00:00,287.9
2026-02-11 14:00:00,285.9
2026-02-11 15:00:00,285.59999999999997
2026-02-11 16:00:00,286.84999999999997
2026-02-11 17:00:00,287.15
2026-02-11 18:00:00,286.7
2026-02-11 23:00:00,287.05
2026-02-12 09:15:00,290.09999999999997
2026-02-12 10:00:00,291.59999999999997
2026-02-12 11:00:00,291.09999999999997
2026-02-12 12:00:00,291.34999999999997
2026-02-12 13:00:00,290.25
2026-02-12 14:00:00,291.95
2026-02-12 15:00:00,292.0
2026-02-12 16:00:00,289.05
2026-02-12 17:00:00,293.75
2026-02-12 18:00:00,293.25
2026-02-12 23:00:00,291.65
2026-02-13 09:15:00,296.55
2026-02-13 10:00:00,299.34999999999997
2026-02-13 11:00:00,298.84999999999997
2026-02-13 12:00:00,298.34999999999997
2026-02-13 13:00:00,294.9
2026-02-13 14:00:00,295.2
2026-02-13 15:00:00,294.4
2026-02-13 16:00:00,291.59999999999997
2026-02-13 17:00:00,292.25
2026-02-13 18:00:00,290.45
2026-02-13 23:00:00,292.5
2026-02-17 09:15:00,286.9
2026-02-17 10:00:00,282.3
2026-02-17 11:00:00,280.09999999999997
2026-02-17 12:00:00,276.9
2026-02-17 13:00:00,278.4
2026-02-17 14:00:00,275.9
2026-02-17 15:00:00,277.8
2026-02-17 16:00:00,277.2
2026-02-17 17:00:00,277.9
2026-02-17 18:00:00,277.95
2026-02-17 23:00:00,277.3
2026-02-18 09:15:00,277.84999999999997
2026-02-18 10:00:00,278.55
2026-02-18 11:00:00,278.2
2026-02-18 12:00:00,275.84999999999997
2026-02-18 13:00:00,277.55
2026-02-18 14:00:00,277.05
2026-02-18 15:00:00,277.25
2026-02-18 16:00:00,279.3
2026-02-18 17:00:00,279.59999999999997
2026-02-18 18:00:00,279.4
2026-02-18 23:00:00,279.34999999999997
2026-02-19 09:15:00,281.09999999999997
2026-02-19 10:00:00,280.3
2026-02-19 11:00:00,275.59999999999997
2026-02-19 12:00:00,271.95
2026-02-19 13:00:00,270.7
2026-02-19 14:00:00,272.7
2026-02-19 15:00:00,274.9
2026-02-19 16:00:00,276.3
2026-02-19 17:00:00,279.15
2026-02-19 18:00:00,280.05
2026-02-19 23:00:00,279.59999999999997
2026-02-20 09:15:00,284.25
2026-02-20 10:00:00,281.8
2026-02-20 11:00:00,281.7
2026-02-20 12:00:00,279.0
2026-02-20 13:00:00,279.8
2026-02-20 14:00:00,279.65
2026-02-20 15:00:00,281.25
2026-02-20 16:00:00,280.9
2026-02-20 17:00:00,279.65
2026-02-20 18:00:00,279.55
2026-02-20 23:00:00,279.9
2026-02-23 09:15:00,278.59999999999997
2026-02-23 10:00:00,277.2
2026-02-23 11:00:00,276.0
2026-02-23 12:00:00,272.55
2026-02-23 13:00:00,273.0
2026-02-23 14:00:00,273.4
2026-02-23 15:00:00,273.84999999999997
2026-02-23 16:00:00,272.65
2026-02-23 17:00:00,271.9
2026-02-23 18:00:00,272.45
2026-02-23 23:00:00,272.25
2026-02-24 09:15:00,272.84999999999997
2026-02-24 10:00:00,270.25
2026-02-24 11:00:00,272.45
2026-02-24 12:00:00,272.65
2026-02-24 13:00:00,273.0
2026-02-24 14:00:00,275.0
2026-02-24 15:00:00,277.5
2026-02-24 16:00:00,279.09999999999997
2026-02-24 17:00:00,278.45
2026-02-24 18:00:00,278.45
2026-02-24 23:00:00,279.7
2026-02-25 09:15:00,276.2
2026-02-25 10:00:00,276.45
2026-02-25 11:00:00,278.7
2026-02-25 12:00:00,279.59999999999997
2026-02-25 13:00:00,276.55
2026-02-25 14:00:00,277.84999999999997
2026-02-25 15:00:00,277.7
2026-02-25 16:00:00,279.09999999999997
2026-02-25 17:00:00,278.9
2026-02-25 18:00:00,278.59999999999997
2026-02-25 23:00:00,279.05
2026-02-26 09:15:00,278.0
2026-02-26 10:00:00,276.34999999999997
2026-02-26 11:00:00,277.5
2026-02-26 12:00:00,277.55
2026-02-26 13:00:00,276.5
2026-02-26 14:00:00,276.9
2026-02-26 15:00:00,275.7
2026-02-26 16:00:00,276.05
2026-02-26 17:00:00,276.4
2026-02-26 18:00:00,275.65
2026-02-26 23:00:00,276.5
2026-02-27 09:15:00,275.9
2026-02-27 10:00:00,275.75
2026-02-27 11:00:00,272.5
2026-02-27 12:00:00,270.84999999999997
2026-02-27 13:00:00,275.95
2026-02-27 14:00:00,274.34999999999997
2026-02-27 15:00:00,274.05
2026-02-27 16:00:00,274.2
2026-02-27 17:00:00,274.75
2026-02-27 18:00:00,274.25
2026-02-27 23:00:00,274.95
2026-03-02 09:15:00,273.45
2026-03-02 10:00:00,274.25
2026-03-02 11:00:00,273.7
2026-03-02 12:00:00,275.0
2026-03-02 13:00:00,273.34999999999997
2026-03-02 14:00:00,276.59999999999997
2026-03-02 15:00:00,278.2
2026-03-02 16:00:00,277.75
2026-03-02 17:00:00,277.8
2026-03-02 18:00:00,278.2
2026-03-02 23:00:00,278.8
2026-03-03 09:15:00,281.09999999999997
2026-03-03 10:00:00,279.15
2026-03-03 11:00:00,279.45
2026-03-03 12:00:00,283.5
2026-03-03 13:00:00,277.9
2026-03-03 14:00:00,276.0
2026-03-03 15:00:00,275.5
2026-03-03 16:00:00,276.55
2026-03-03 17:00:00,276.75
2026-03-03 18:00:00,276.7
2026-03-03 23:00:00,277.34999999999997
2026-03-04 09:15:00,277.95
2026-03-04 10:00:00,280.0
2026-03-04 11:00:00,281.55
2026-03-04 12:00:00,282.0
2026-03-04 13:00:00,281.95
2026-03-04 14:00:00,280.45
2026-03-04 15:00:00,280.05
2026-03-04 16:00:00,279.9
2026-03-04 17:00:00,280.65
2026-03-04 18:00:00,280.05
2026-03-04 23:00:00,280.45
2026-03-05 09:15:00,280.3
2026-03-05 10:00:00,280.34999999999997
2026-03-05 11:00:00,282.55
2026-03-05 12:00:00,282.65
2026-03-05 13:00:00,281.5
2026-03-05 14:00:00,281.3
2026-03-05 15:00:00,281.45
2026-03-05 16:00:00,283.15
2026-03-05 17:00:00,286.5
2026-03-05 18:00:00,289.59999999999997
2026-03-05 23:00:00,283.0
2026-03-06 09:15:00,291.45
2026-03-06 10:00:00,288.05
2026-03-06 11:00:00,288.55
2026-03-06 12:00:00,287.09999999999997
2026-03-06 13:00:00,284.15
2026-03-06 14:00:00,285.65
2026-03-06 15:00:00,287.8
2026-03-06 16:00:00,287.25
2026-03-06 17:00:00,287.75
2026-03-06 18:00:00,288.34999999999997
2026-03-06 23:00:00,287.5
2026-03-09 09:15:00,292.2
2026-03-09 10:00:00,295.25
2026-03-09 11:00:00,292.8
2026-03-09 12:00:00,291.3
2026-03-09 13:00:00,291.7
2026-03-09 14:00:00,290.55
2026-03-09 15:00:00,290.15
2026-03-09 16:00:00,289.75
2026-03-09 17:00:00,291.3
2026-03-09 23:00:00,291.09999999999997
2026-03-10 09:15:00,287.15
2026-03-10 10:00:00,288.05
2026-03-10 11:00:00,288.5
2026-03-10 12:00:00,287.9
2026-03-10 13:00:00,289.05
2026-03-10 14:00:00,289.55
2026-03-10 15:00:00,290.45
2026-03-10 16:00:00,290.8
2026-03-10 17:00:00,288.9
2026-03-10 23:00:00,290.0
2026-03-11 09:15:00,282.7
2026-03-11 10:00:00,281.59999999999997
2026-03-11 11:00:00,279.4
2026-03-11 12:00:00,282.4
2026-03-11 13:00:00,284.59999999999997
2026-03-11 14:00:00,282.09999999999997
2026-03-11 15:00:00,282.7
2026-03-11 16:00:00,281.09999999999997
2026-03-11 17:00:00,280.59999999999997
2026-03-11 23:00:00,281.59999999999997
2026-03-12 09:15:00,285.2
2026-03-12 10:00:00,285.45
2026-03-12 11:00:00,283.9
2026-03-12 12:00:00,290.2
2026-03-12 13:00:00,288.2
2026-03-12 14:00:00,288.05
2026-03-12 15:00:00,286.0
2026-03-12 16:00:00,285.95
2026-03-12 17:00:00,285.45
2026-03-12 23:00:00,286.09999999999997
2026-03-13 09:15:00,281.15
2026-03-13 10:00:00,282.2
2026-03-13 11:00:00,281.34999999999997
2026-03-13 12:00:00,283.4
2026-03-13 13:00:00,282.34999999999997
2026-03-13 14:00:00,277.75
2026-03-13 15:00:00,278.55
2026-03-13 16:00:00,279.45
2026-03-13 17:00:00,279.34999999999997
2026-03-13 23:00:00,279.34999999999997
2026-03-16 09:15:00,277.34999999999997
2026-03-16 10:00:00,277.9
2026-03-16 11:00:00,278.0
2026-03-16 12:00:00,281.7
2026-03-16 13:00:00,284.9
2026-03-16 14:00:00,286.3
2026-03-16 15:00:00,286.95
2026-03-16 16:00:00,286.9
2026-03-16 17:00:00,287.3
2026-03-16 23:00:00,287.05
2026-03-17 09:15:00,287.15
2026-03-17 10:00:00,287.9
2026-03-17 11:00:00,288.5
2026-03-17 12:00:00,291.9
2026-03-17 13:00:00,293.8
2026-03-17 14:00:00,295.34999999999997
2026-03-17 15:00:00,292.15
2026-03-17 16:00:00,289.25
2026-03-17 17:00:00,289.05
2026-03-17 23:00:00,288.95
2026-03-18 09:15:00,288.09999999999997
2026-03-18 10:00:00,286.05
2026-03-18 11:00:00,284.9
2026-03-18 12:00:00,283.34999999999997
2026-03-18 13:00:00,284.15
2026-03-18 14:00:00,284.7
2026-03-18 15:00:00,285.8
2026-03-18 16:00:00,287.9
2026-03-18 17:00:00,286.75
2026-03-18 17:00:01,286.75
2026-03-18 23:00:00,287.1
2026-03-19 09:15:00,287.85
2026-03-19 10:00:00,289.1
2026-03-19 11:00:00,288.95
2026-03-19 12:00:00,286.3
2026-03-19 13:00:00,288.15
2026-03-19 14:00:00,290.65
2026-03-19 15:00:00,292.35
2026-03-19 16:00:00,293.75
2026-03-19 17:00:00,295.3
2026-03-19 23:00:00,294.2
2026-03-20 09:15:00,295.75
2026-03-20 10:00:00,292.1
2026-03-20 11:00:00,294.45
2026-03-20 12:00:00,295.0
2026-03-20 13:00:00,294.2
2026-03-20 14:00:00,298.75
2026-03-20 15:00:00,303.75
2026-03-20 16:00:00,304.45
2026-03-20 17:00:00,303.65
2026-03-20 23:00:00,302.35
2026-03-23 09:15:00,303.8
2026-03-23 10:00:00,302.3
2026-03-23 11:00:00,294.35
2026-03-23 12:00:00,298.55
2026-03-23 13:00:00,299.4
2026-03-23 14:00:00,298.75
2026-03-23 15:00:00,297.7
2026-03-23 16:00:00,300.05
2026-03-23 17:00:00,300.0
2026-03-23 23:00:00,299.85
2026-03-24 09:15:00,303.15
2026-03-24 10:00:00,304.9
2026-03-24 11:00:00,305.05
2026-03-24 12:00:00,305.45
2026-03-24 13:00:00,308.05
2026-03-24 14:00:00,309.15
2026-03-24 15:00:00,311.05
2026-03-24 16:00:00,310.5
2026-03-24 17:00:00,311.65
2026-03-24 23:00:00,310.35
2026-03-25 09:15:00,305.4
2026-03-25 10:00:00,306.95
2026-03-25 11:00:00,309.0
2026-03-25 12:00:00,308.25
2026-03-25 13:00:00,309.25
2026-03-25 14:00:00,310.8
2026-03-25 15:00:00,312.1
2026-03-25 16:00:00,310.0
2026-03-25 17:00:00,309.5
2026-03-25 23:00:00,309.7
2026-03-26 09:15:00,308.15
2026-03-26 10:00:00,309.1
2026-03-26 11:00:00,308.35
2026-03-26 12:00:00,308.15
2026-03-26 13:00:00,306.15
2026-03-26 14:00:00,303.1
2026-03-26 15:00:00,302.6
2026-03-26 16:00:00,302.5
2026-03-26 17:00:00,301.7
2026-03-26 23:00:00,302.0
2026-03-27 09:15:00,300.95
2026-03-27 10:00:00,301.1
2026-03-27 11:00:00,302.45
2026-03-27 12:00:00,301.45
2026-03-27 13:00:00,299.6
2026-03-27 14:00:00,299.4
2026-03-27 15:00:00,299.55
2026-03-27 16:00:00,298.25
2026-03-27 17:00:00,295.25
2026-03-27 23:00:00,295.9
2026-03-30 09:15:00,290.75
2026-03-30 10:00:00,289.7
2026-03-30 11:00:00,288.75
2026-03-30 12:00:00,288.85
2026-03-30 13:00:00,288.55
2026-03-30 14:00:00,286.4
2026-03-30 15:00:00,286.95
2026-03-30 16:00:00,288.65
2026-03-30 17:00:00,287.4
2026-03-30 18:00:00,288.2
2026-03-30 23:00:00,286.6
2026-03-31 09:15:00,287.2
2026-03-31 10:00:00,288.0
2026-03-31 11:00:00,288.4
2026-03-31 12:00:00,288.75
2026-03-31 13:00:00,289.4
2026-03-31 14:00:00,288.65
2026-03-31 15:00:00,288.05
2026-03-31 16:00:00,289.7
2026-03-31 17:00:00,289.3
2026-03-31 18:00:00,290.3
2026-03-31 23:00:00,290.8
2026-04-01 09:15:00,289.65
2026-04-01 10:00:00,287.65
2026-04-01 11:00:00,287.4
2026-04-01 12:00:00,287.95
2026-04-01 13:00:00,288.95
2026-04-01 14:00:00,286.5
2026-04-01 15:00:00,286.7
2026-04-01 16:00:00,291.25
2026-04-01 17:00:00,293.0
2026-04-01 18:00:00,292.95
2026-04-01 23:00:00,291.25
2026-04-02 09:15:00,290.7
2026-04-02 10:00:00,289.5
2026-04-02 11:00:00,290.1
2026-04-02 12:00:00,287.05
2026-04-02 13:00:00,288.55
2026-04-02 14:00:00,289.85
2026-04-02 15:00:00,292.85
2026-04-02 16:00:00,290.6
2026-04-02 17:00:00,289.65
2026-04-02 18:00:00,289.85
2026-04-02 23:00:00,289.4
2026-04-06 12:30:00,291.2
2026-04-06 13:00:00,292.3
2026-04-06 14:00:00,291.15
2026-04-06 15:00:00,290.8
2026-04-06 16:00:00,292.15
2026-04-06 17:00:00,292.55
2026-04-06 18:00:00,292.3
2026-04-06 23:00:00,292.4
2026-04-07 09:15:00,288.85
2026-04-07 10:00:00,288.05
2026-04-07 11:00:00,286.4
2026-04-07 12:00:00,285.55
2026-04-07 13:00:00,285.35
2026-04-07 14:00:00,283.6
2026-04-07 15:00:00,281.8
2026-04-07 16:00:00,281.55
2026-04-07 17:00:00,281.2
2026-04-07 18:00:00,281.55
