DATETIME,price
2005-12-19 00:00:00,-0.423299999999998
2005-12-20 00:00:00,-0.43329999999999735
2005-12-21 00:00:00,-0.41329999999999734
2005-12-22 00:00:00,-0.403299999999998
2005-12-23 00:00:00,-0.3932999999999982
2005-12-27 00:00:00,-0.423299999999998
2005-12-28 00:00:00,-0.37329999999999774
2005-12-29 00:00:00,-0.31329999999999814
2005-12-30 00:00:00,-0.2532999999999985
2006-01-03 00:00:00,-0.24329999999999785
2006-01-04 00:00:00,-0.20329999999999782
2006-01-05 00:00:00,-0.2132999999999985
2006-01-06 00:00:00,-0.18329999999999824
2006-01-09 00:00:00,-0.22329999999999828
2006-01-10 00:00:00,-0.24329999999999785
2006-01-11 00:00:00,-0.2632999999999983
2006-01-12 00:00:00,-0.2532999999999985
2006-01-13 00:00:00,-0.24329999999999785
2006-01-17 00:00:00,-0.17329999999999846
2006-01-18 00:00:00,-0.2132999999999985
2006-01-19 00:00:00,-0.19329999999999803
2006-01-20 00:00:00,-0.17329999999999846
2006-01-23 00:00:00,-0.18329999999999824
2006-01-24 00:00:00,-0.2132999999999985
2006-01-25 00:00:00,-0.2632999999999983
2006-01-26 00:00:00,-0.24329999999999785
2006-01-27 00:00:00,-0.19329999999999803
2006-01-30 00:00:00,-0.16329999999999778
2006-01-31 00:00:00,-0.18329999999999824
2006-02-01 00:00:00,-0.23329999999999806
2006-02-02 00:00:00,-0.2832999999999979
2006-02-03 00:00:00,-0.2532999999999985
2006-02-06 00:00:00,-0.2832999999999979
2006-02-07 00:00:00,-0.3232999999999979
2006-02-08 00:00:00,-0.3432999999999975
2006-02-09 00:00:00,-0.37329999999999774
2006-02-10 00:00:00,-0.41329999999999734
2006-02-13 00:00:00,-0.41329999999999734
2006-02-14 00:00:00,-0.44329999999999714
2006-02-15 00:00:00,-0.4732999999999974
2006-02-16 00:00:00,-0.43329999999999735
2006-02-17 00:00:00,-0.3932999999999973
2006-02-21 00:00:00,-0.403299999999998
2006-02-22 00:00:00,-0.4532999999999969
2006-02-23 00:00:00,-0.43329999999999735
2006-02-24 00:00:00,-0.3932999999999973
2006-02-27 00:00:00,-0.4632999999999976
2006-02-28 00:00:00,-0.41329999999999734
2006-03-01 00:00:00,-0.3932999999999973
2006-03-02 00:00:00,-0.3332999999999986
2006-03-03 00:00:00,-0.30329999999999835
2006-03-06 00:00:00,-0.3532999999999973
2006-03-07 00:00:00,-0.3432999999999984
2006-03-08 00:00:00,-0.37329999999999774
2006-03-09 00:00:00,-0.37329999999999774
2006-03-10 00:00:00,-0.3932999999999973
2006-03-13 00:00:00,-0.3432999999999984
2006-03-14 00:00:00,-0.2632999999999983
2006-03-15 00:00:00,-0.30329999999999835
2006-03-16 00:00:00,-0.2632999999999983
2006-03-17 00:00:00,-0.2732999999999981
2006-03-20 00:00:00,-0.3332999999999986
2006-03-21 00:00:00,-0.31329999999999814
2006-03-22 00:00:00,-0.3532999999999973
2006-03-23 00:00:00,-0.2832999999999979
2006-03-24 00:00:00,-0.24329999999999785
2006-03-27 00:00:00,-0.23329999999999806
2006-03-28 00:00:00,-0.17329999999999846
2006-03-29 00:00:00,-0.1432999999999982
2006-03-30 00:00:00,-0.13329999999999842
2006-03-31 00:00:00,-0.1432999999999982
2006-04-03 00:00:00,-0.16329999999999778
2006-04-04 00:00:00,-0.153299999999998
2006-04-05 00:00:00,-0.11329999999999707
2006-04-06 00:00:00,-0.08329999999999682
2006-04-07 00:00:00,-0.09329999999999661
2006-04-10 00:00:00,-0.06329999999999636
2006-04-11 00:00:00,-0.023299999999996324
2006-04-12 00:00:00,-0.00329999999999675
2006-04-13 00:00:00,0.016700000000003712
2006-04-17 00:00:00,0.06670000000000353
2006-04-18 00:00:00,0.08670000000000311
2006-04-19 00:00:00,0.09670000000000378
2006-04-20 00:00:00,0.05670000000000375
2006-04-21 00:00:00,0.10670000000000357
2006-04-24 00:00:00,0.05670000000000375
2006-04-25 00:00:00,0.006700000000003925
2006-04-26 00:00:00,0.006700000000003925
2006-04-27 00:00:00,-0.09329999999999661
2006-04-28 00:00:00,-0.043299999999996786
2006-05-01 00:00:00,0.0267000000000035
2006-05-02 00:00:00,0.06670000000000353
2006-05-03 00:00:00,0.016700000000003712
2006-05-04 00:00:00,-0.08329999999999682
2006-05-05 00:00:00,0.006700000000003925
2006-05-08 00:00:00,-0.013299999999996537
2006-05-09 00:00:00,0.06670000000000353
2006-05-10 00:00:00,0.1467000000000036
2006-05-11 00:00:00,0.18670000000000408
2006-05-12 00:00:00,0.12670000000000314
2006-05-15 00:00:00,-0.00329999999999675
2006-05-16 00:00:00,-0.03329999999999611
2006-05-17 00:00:00,-0.09329999999999661
2006-05-18 00:00:00,-0.08329999999999682
2006-05-19 00:00:00,-0.06329999999999636
2006-05-22 00:00:00,-0.07329999999999615
2006-05-23 00:00:00,-0.00329999999999675
2006-05-24 00:00:00,-0.07329999999999615
2006-05-25 00:00:00,-0.023299999999996324
2006-05-26 00:00:00,0.0267000000000035
2006-05-30 00:00:00,0.05670000000000375
2006-05-31 00:00:00,0.016700000000003712
2006-06-01 00:00:00,0.036700000000003286
2006-06-02 00:00:00,0.11670000000000336
2006-06-05 00:00:00,0.09670000000000378
2006-06-06 00:00:00,0.10670000000000357
2006-06-07 00:00:00,0.06670000000000353
2006-06-08 00:00:00,0.07670000000000332
2006-06-09 00:00:00,0.10670000000000357
2006-06-12 00:00:00,0.05670000000000375
2006-06-13 00:00:00,-0.023299999999996324
2006-06-14 00:00:00,-0.03329999999999611
2006-06-15 00:00:00,-0.013299999999996537
2006-06-16 00:00:00,-0.023299999999996324
2006-06-19 00:00:00,-0.07329999999999615
2006-06-20 00:00:00,-0.06329999999999636
2006-06-21 00:00:00,-0.023299999999996324
2006-06-22 00:00:00,0.016700000000003712
2006-06-23 00:00:00,0.016700000000003712
2006-06-26 00:00:00,0.05670000000000375
2006-06-27 00:00:00,0.05670000000000375
2006-06-28 00:00:00,0.04670000000000307
2006-06-29 00:00:00,0.08670000000000311
2006-06-30 00:00:00,0.1367000000000036
2006-07-05 00:00:00,0.1567000000000034
2006-07-06 00:00:00,0.1567000000000034
2006-07-07 00:00:00,0.1467000000000036
2006-07-10 00:00:00,0.06670000000000353
2006-07-11 00:00:00,0.06670000000000353
2006-07-12 00:00:00,0.11670000000000336
2006-07-13 00:00:00,0.1467000000000036
2006-07-14 00:00:00,0.18670000000000408
2006-07-17 00:00:00,0.1467000000000036
2006-07-18 00:00:00,0.10670000000000357
2006-07-19 00:00:00,0.06670000000000353
2006-07-20 00:00:00,0.08670000000000311
2006-07-21 00:00:00,0.1467000000000036
2006-07-24 00:00:00,0.1367000000000027
2006-07-25 00:00:00,0.12670000000000314
2006-07-26 00:00:00,0.1367000000000027
2006-07-27 00:00:00,0.1467000000000036
2006-07-28 00:00:00,0.10670000000000357
2006-07-31 00:00:00,0.1467000000000036
2006-08-01 00:00:00,0.18670000000000408
2006-08-02 00:00:00,0.23670000000000302
2006-08-03 00:00:00,0.19670000000000387
2006-08-04 00:00:00,0.1567000000000034
2006-08-07 00:00:00,0.18670000000000408
2006-08-08 00:00:00,0.1567000000000034
2006-08-09 00:00:00,0.0967000000000029
2006-08-10 00:00:00,0.05670000000000286
2006-08-11 00:00:00,0.0267000000000035
2006-08-14 00:00:00,-0.05329999999999657
2006-08-15 00:00:00,-0.043299999999996786
2006-08-16 00:00:00,-0.09329999999999661
2006-08-17 00:00:00,-0.1432999999999982
2006-08-18 00:00:00,-0.12329999999999774
2006-08-21 00:00:00,-0.11329999999999707
2006-08-22 00:00:00,-0.11329999999999707
2006-08-23 00:00:00,-0.153299999999998
2006-08-24 00:00:00,-0.17329999999999846
2006-08-25 00:00:00,-0.16329999999999867
2006-08-28 00:00:00,-0.2532999999999985
2006-08-29 00:00:00,-0.23329999999999806
2006-08-30 00:00:00,-0.20329999999999782
2006-08-31 00:00:00,-0.20329999999999782
2006-09-01 00:00:00,-0.22329999999999828
2006-09-05 00:00:00,-0.30329999999999835
2006-09-06 00:00:00,-0.31329999999999814
2006-09-07 00:00:00,-0.3232999999999979
2006-09-08 00:00:00,-0.3432999999999984
2006-09-11 00:00:00,-0.37329999999999774
2006-09-12 00:00:00,-0.3932999999999982
2006-09-13 00:00:00,-0.3932999999999982
2006-09-14 00:00:00,-0.403299999999998
2006-09-15 00:00:00,-0.3932999999999982
2006-09-18 00:00:00,-0.38329999999999753
2006-09-19 00:00:00,-0.4632999999999976
2006-09-20 00:00:00,-0.5032999999999976
2006-09-21 00:00:00,-0.4732999999999974
2006-09-22 00:00:00,-0.5032999999999976
2006-09-25 00:00:00,-0.5032999999999976
2006-09-26 00:00:00,-0.49329999999999785
2006-09-27 00:00:00,-0.4532999999999969
2006-09-28 00:00:00,-0.4632999999999976
2006-09-29 00:00:00,-0.43329999999999735
2006-10-02 00:00:00,-0.49329999999999785
2006-10-03 00:00:00,-0.5432999999999975
2006-10-04 00:00:00,-0.5032999999999976
2006-10-05 00:00:00,-0.4832999999999972
2006-10-06 00:00:00,-0.5032999999999976
2006-10-09 00:00:00,-0.5132999999999974
2006-10-10 00:00:00,-0.5432999999999975
2006-10-11 00:00:00,-0.5632999999999975
2006-10-12 00:00:00,-0.5532999999999975
2006-10-13 00:00:00,-0.5332999999999974
2006-10-16 00:00:00,-0.5232999999999972
2006-10-17 00:00:00,-0.5432999999999975
2006-10-18 00:00:00,-0.5632999999999975
2006-10-19 00:00:00,-0.5332999999999974
2006-10-20 00:00:00,-0.5532999999999975
2006-10-23 00:00:00,-0.5632999999999975
2006-10-24 00:00:00,-0.5432999999999975
2006-10-25 00:00:00,-0.49329999999999785
2006-10-26 00:00:00,-0.5232999999999972
2006-10-27 00:00:00,-0.5132999999999974
2006-10-30 00:00:00,-0.6032999999999975
2006-10-31 00:00:00,-0.5832999999999975
2006-11-01 00:00:00,-0.5832999999999975
2006-11-02 00:00:00,-0.5932999999999975
2006-11-03 00:00:00,-0.5532999999999975
2006-11-06 00:00:00,-0.5332999999999974
2006-11-07 00:00:00,-0.5432999999999975
2006-11-08 00:00:00,-0.5132999999999974
2006-11-09 00:00:00,-0.48329999999999806
2006-11-10 00:00:00,-0.5232999999999972
2006-11-13 00:00:00,-0.5432999999999975
2006-11-14 00:00:00,-0.5332999999999974
2006-11-15 00:00:00,-0.5032999999999976
2006-11-16 00:00:00,-0.5632999999999975
2006-11-17 00:00:00,-0.5532999999999975
2006-11-20 00:00:00,-0.5532999999999975
2006-11-21 00:00:00,-0.49329999999999785
2006-11-22 00:00:00,-0.5332999999999974
2006-11-27 00:00:00,-0.5232999999999977
2006-11-28 00:00:00,-0.49329999999999785
2006-11-29 00:00:00,-0.44329999999999714
2006-11-30 00:00:00,-0.43329999999999735
2006-12-01 00:00:00,-0.423299999999998
2006-12-04 00:00:00,-0.4632999999999976
2006-12-05 00:00:00,-0.4732999999999974
2006-12-06 00:00:00,-0.49329999999999785
2006-12-07 00:00:00,-0.49329999999999785
2006-12-08 00:00:00,-0.5032999999999976
2006-12-11 00:00:00,-0.5232999999999977
2006-12-12 00:00:00,-0.5232999999999977
2006-12-13 00:00:00,-0.5032999999999976
2006-12-14 00:00:00,-0.4632999999999976
2006-12-15 00:00:00,-0.44329999999999714
2006-12-18 00:00:00,-0.4732999999999974
2006-12-19 00:00:00,-0.4532999999999978
2006-12-20 00:00:00,-0.4532999999999978
2006-12-21 00:00:00,-0.48329999999999806
2006-12-22 00:00:00,-0.49329999999999785
2006-12-26 00:00:00,-0.5532999999999977
2006-12-27 00:00:00,-0.5532999999999977
2006-12-28 00:00:00,-0.5432999999999977
2006-12-29 00:00:00,-0.5232999999999977
2007-01-03 00:00:00,-0.5932999999999975
2007-01-04 00:00:00,-0.6532999999999975
2007-01-05 00:00:00,-0.6432999999999975
2007-01-08 00:00:00,-0.6632999999999976
2007-01-09 00:00:00,-0.6732999999999976
2007-01-10 00:00:00,-0.7132999999999976
2007-01-11 00:00:00,-0.7532999999999976
2007-01-12 00:00:00,-0.7232999999999976
2007-01-16 00:00:00,-0.7832999999999977
2007-01-17 00:00:00,-0.7632999999999976
2007-01-18 00:00:00,-0.7932999999999977
2007-01-19 00:00:00,-0.7532999999999976
2007-01-22 00:00:00,-0.7732999999999977
2007-01-23 00:00:00,-0.7032999999999978
2007-01-24 00:00:00,-0.6932999999999978
2007-01-25 00:00:00,-0.7232999999999976
2007-01-26 00:00:00,-0.6832999999999978
2007-01-29 00:00:00,-0.7232999999999976
2007-01-30 00:00:00,-0.6532999999999978
2007-01-31 00:00:00,-0.6432999999999978
2007-02-01 00:00:00,-0.6632999999999978
2007-02-02 00:00:00,-0.6232999999999977
2007-02-05 00:00:00,-0.6332999999999978
2007-02-06 00:00:00,-0.6332999999999978
2007-02-07 00:00:00,-0.6632999999999978
2007-02-08 00:00:00,-0.6132999999999977
2007-02-09 00:00:00,-0.6032999999999977
2007-02-12 00:00:00,-0.6532999999999978
2007-02-13 00:00:00,-0.6032999999999977
2007-02-14 00:00:00,-0.6232999999999977
2007-02-15 00:00:00,-0.6332999999999978
2007-02-16 00:00:00,-0.5932999999999977
2007-02-20 00:00:00,-0.6132999999999977
2007-02-21 00:00:00,-0.5632999999999977
2007-02-22 00:00:00,-0.5232999999999977
2007-02-23 00:00:00,-0.5132999999999974
2007-02-26 00:00:00,-0.5032999999999976
2007-02-27 00:00:00,-0.49329999999999785
2007-02-28 00:00:00,-0.4632999999999976
2007-03-01 00:00:00,-0.44329999999999803
2007-03-02 00:00:00,-0.4632999999999976
2007-03-05 00:00:00,-0.5032999999999976
2007-03-06 00:00:00,-0.49329999999999785
2007-03-07 00:00:00,-0.4532999999999978
2007-03-08 00:00:00,-0.44329999999999803
2007-03-09 00:00:00,-0.4632999999999976
2007-03-12 00:00:00,-0.4732999999999974
2007-03-13 00:00:00,-0.4532999999999978
2007-03-14 00:00:00,-0.4632999999999976
2007-03-15 00:00:00,-0.5032999999999976
2007-03-16 00:00:00,-0.48329999999999806
2007-03-19 00:00:00,-0.4632999999999976
2007-03-20 00:00:00,-0.4732999999999974
2007-03-21 00:00:00,-0.4732999999999974
2007-03-22 00:00:00,-0.43329999999999735
2007-03-23 00:00:00,-0.403299999999998
2007-03-26 00:00:00,-0.35329999999999817
2007-03-27 00:00:00,-0.3432999999999984
2007-03-28 00:00:00,-0.35329999999999817
2007-03-29 00:00:00,-0.29329999999999856
2007-03-30 00:00:00,-0.30329999999999835
2007-04-02 00:00:00,-0.31329999999999814
2007-04-03 00:00:00,-0.3332999999999986
2007-04-04 00:00:00,-0.2632999999999983
2007-04-05 00:00:00,-0.24329999999999785
2007-04-09 00:00:00,-0.2832999999999979
2007-04-10 00:00:00,-0.2532999999999985
2007-04-11 00:00:00,-0.23329999999999806
2007-04-12 00:00:00,-0.20329999999999782
2007-04-13 00:00:00,-0.19329999999999803
2007-04-16 00:00:00,-0.2532999999999985
2007-04-17 00:00:00,-0.30329999999999835
2007-04-18 00:00:00,-0.2832999999999988
2007-04-19 00:00:00,-0.29329999999999856
2007-04-20 00:00:00,-0.24329999999999874
2007-04-23 00:00:00,-0.2032999999999987
2007-04-24 00:00:00,-0.2132999999999985
2007-04-25 00:00:00,-0.153299999999998
2007-04-26 00:00:00,-0.16329999999999867
2007-04-27 00:00:00,-0.12329999999999863
2007-04-30 00:00:00,-0.13329999999999842
2007-05-01 00:00:00,-0.13329999999999842
2007-05-02 00:00:00,-0.1432999999999982
2007-05-03 00:00:00,-0.1432999999999982
2007-05-04 00:00:00,-0.16329999999999867
2007-05-07 00:00:00,-0.19329999999999803
2007-05-08 00:00:00,-0.18329999999999824
2007-05-09 00:00:00,-0.16329999999999867
2007-05-10 00:00:00,-0.10329999999999817
2007-05-11 00:00:00,-0.07329999999999792
2007-05-14 00:00:00,-0.0932999999999975
2007-05-15 00:00:00,-0.0932999999999975
2007-05-16 00:00:00,-0.07329999999999792
2007-05-17 00:00:00,-0.013299999999998313
2007-05-18 00:00:00,-0.03329999999999789
2007-05-21 00:00:00,-0.0232999999999981
2007-05-22 00:00:00,-0.09329999999999838
2007-05-23 00:00:00,-0.10329999999999817
2007-05-24 00:00:00,-0.07329999999999792
2007-05-25 00:00:00,-0.03329999999999789
2007-05-29 00:00:00,-0.1432999999999982
2007-05-30 00:00:00,-0.1332999999999993
2007-05-31 00:00:00,-0.12329999999999863
2007-06-01 00:00:00,-0.08329999999999771
2007-06-04 00:00:00,-0.08329999999999771
2007-06-05 00:00:00,-0.12329999999999863
2007-06-06 00:00:00,-0.1332999999999993
2007-06-07 00:00:00,-0.12329999999999863
2007-06-08 00:00:00,-0.18329999999999824
2007-06-11 00:00:00,-0.15329999999999888
2007-06-12 00:00:00,-0.17329999999999846
2007-06-13 00:00:00,-0.1432999999999982
2007-06-14 00:00:00,-0.08329999999999771
2007-06-15 00:00:00,-0.05329999999999835
2007-06-18 00:00:00,-0.04329999999999856
2007-06-19 00:00:00,-0.06329999999999814
2007-06-20 00:00:00,-0.07329999999999792
2007-06-21 00:00:00,-0.06329999999999814
2007-06-22 00:00:00,-0.03329999999999789
2007-06-25 00:00:00,-0.03329999999999789
2007-06-26 00:00:00,-0.0832999999999986
2007-06-27 00:00:00,-0.0832999999999986
2007-06-28 00:00:00,-0.07329999999999792
2007-06-29 00:00:00,-0.04329999999999856
2007-07-02 00:00:00,-0.03329999999999789
2007-07-03 00:00:00,-0.0232999999999981
2007-07-05 00:00:00,-0.0032999999999985263
2007-07-06 00:00:00,0.016700000000001936
2007-07-09 00:00:00,0.046700000000001296
2007-07-10 00:00:00,0.06670000000000176
2007-07-11 00:00:00,0.016700000000001936
2007-07-12 00:00:00,-0.013299999999998313
2007-07-13 00:00:00,-0.04329999999999856
2007-07-16 00:00:00,-0.1332999999999993
2007-07-17 00:00:00,-0.16329999999999867
2007-07-18 00:00:00,-0.09329999999999838
2007-07-19 00:00:00,-0.09329999999999838
2007-07-20 00:00:00,-0.10329999999999906
2007-07-23 00:00:00,-0.1432999999999991
2007-07-24 00:00:00,-0.19329999999999892
2007-07-25 00:00:00,-0.15329999999999888
2007-07-26 00:00:00,-0.17329999999999934
2007-07-27 00:00:00,-0.1432999999999991
2007-07-30 00:00:00,-0.16329999999999867
2007-07-31 00:00:00,-0.12329999999999952
2007-08-01 00:00:00,-0.18329999999999913
2007-08-02 00:00:00,-0.16329999999999867
2007-08-03 00:00:00,-0.17329999999999934
2007-08-06 00:00:00,-0.2632999999999983
2007-08-07 00:00:00,-0.24329999999999874
2007-08-08 00:00:00,-0.24329999999999874
2007-08-09 00:00:00,-0.2532999999999985
2007-08-10 00:00:00,-0.24329999999999874
2007-08-13 00:00:00,-0.2632999999999983
2007-08-14 00:00:00,-0.23329999999999895
2007-08-15 00:00:00,-0.2032999999999987
2007-08-16 00:00:00,-0.24329999999999874
2007-08-17 00:00:00,-0.2032999999999987
2007-08-20 00:00:00,-0.2532999999999985
2007-08-21 00:00:00,-0.30329999999999924
2007-08-22 00:00:00,-0.30329999999999924
2007-08-23 00:00:00,-0.273299999999999
2007-08-24 00:00:00,-0.24329999999999874
2007-08-27 00:00:00,-0.2032999999999987
2007-08-28 00:00:00,-0.23329999999999895
2007-08-29 00:00:00,-0.18329999999999913
2007-08-30 00:00:00,-0.18329999999999913
2007-08-31 00:00:00,-0.17329999999999934
2007-09-04 00:00:00,-0.15329999999999888
2007-09-05 00:00:00,-0.15329999999999888
2007-09-06 00:00:00,-0.17329999999999934
2007-09-07 00:00:00,-0.15329999999999888
2007-09-10 00:00:00,-0.15329999999999888
2007-09-11 00:00:00,-0.15329999999999888
2007-09-12 00:00:00,-0.11329999999999885
2007-09-13 00:00:00,-0.08329999999999949
2007-09-14 00:00:00,-0.10329999999999906
2007-09-17 00:00:00,-0.08329999999999949
2007-09-18 00:00:00,-0.0732999999999997
2007-09-19 00:00:00,-0.05329999999999924
2007-09-20 00:00:00,-0.013299999999999201
2007-09-21 00:00:00,-0.023299999999998988
2007-09-24 00:00:00,-0.04329999999999945
2007-09-25 00:00:00,-0.08329999999999949
2007-09-26 00:00:00,-0.09329999999999927
2007-09-27 00:00:00,-0.03329999999999966
2007-09-28 00:00:00,-0.06329999999999902
2007-10-01 00:00:00,-0.11329999999999973
2007-10-02 00:00:00,-0.11329999999999973
2007-10-03 00:00:00,-0.10329999999999906
2007-10-04 00:00:00,-0.04329999999999945
2007-10-05 00:00:00,-0.05329999999999924
2007-10-08 00:00:00,-0.09329999999999927
2007-10-09 00:00:00,-0.0732999999999997
2007-10-10 00:00:00,-0.06329999999999902
2007-10-11 00:00:00,-0.023299999999998988
2007-10-12 00:00:00,-0.013299999999999201
2007-10-15 00:00:00,0.05670000000000108
2007-10-16 00:00:00,0.06670000000000087
2007-10-17 00:00:00,0.04670000000000041
2007-10-18 00:00:00,0.07670000000000066
2007-10-19 00:00:00,0.06670000000000087
2007-10-22 00:00:00,0.03670000000000062
2007-10-23 00:00:00,0.016700000000001047
2007-10-24 00:00:00,0.05670000000000108
2007-10-25 00:00:00,0.13670000000000004
2007-10-26 00:00:00,0.16670000000000074
2007-10-29 00:00:00,0.2166999999999999
2007-10-30 00:00:00,0.14670000000000094
2007-10-31 00:00:00,0.22670000000000057
2007-11-01 00:00:00,0.22670000000000057
2007-11-02 00:00:00,0.3267000000000011
2007-11-05 00:00:00,0.2667000000000006
2007-11-06 00:00:00,0.3167000000000013
2007-11-07 00:00:00,0.3267000000000011
2007-11-08 00:00:00,0.3067000000000015
2007-11-09 00:00:00,0.3267000000000011
2007-11-12 00:00:00,0.2867000000000002
2007-11-13 00:00:00,0.18670000000000142
2007-11-14 00:00:00,0.24670000000000014
2007-11-15 00:00:00,0.2067000000000001
2007-11-16 00:00:00,0.24670000000000014
2007-11-19 00:00:00,0.2567000000000008
2007-11-20 00:00:00,0.3367000000000018
2007-11-21 00:00:00,0.3167000000000013
2007-11-23 00:00:00,0.34670000000000156
2007-11-26 00:00:00,0.3267000000000011
2007-11-27 00:00:00,0.2567000000000008
2007-11-28 00:00:00,0.15670000000000073
2007-11-29 00:00:00,0.15670000000000073
2007-11-30 00:00:00,0.12670000000000048
2007-12-03 00:00:00,0.14670000000000094
2007-12-04 00:00:00,0.14670000000000094
2007-12-05 00:00:00,0.1067000000000009
2007-12-06 00:00:00,0.18670000000000142
2007-12-07 00:00:00,0.15670000000000073
2007-12-10 00:00:00,0.14670000000000094
2007-12-11 00:00:00,0.18670000000000142
2007-12-12 00:00:00,0.3067000000000015
2007-12-13 00:00:00,0.2667000000000006
2007-12-14 00:00:00,0.23670000000000035
2007-12-17 00:00:00,0.22670000000000057
2007-12-18 00:00:00,0.1967000000000012
2007-12-19 00:00:00,0.22670000000000057
2007-12-20 00:00:00,0.22670000000000057
2007-12-21 00:00:00,0.2667000000000006
2007-12-24 00:00:00,0.2667000000000006
2007-12-26 00:00:00,0.3267000000000011
2007-12-27 00:00:00,0.3767000000000009
2007-12-28 00:00:00,0.3367000000000009
2007-12-31 00:00:00,0.34670000000000156
2008-01-02 00:00:00,0.42670000000000075
2008-01-03 00:00:00,0.40670000000000117
2008-01-04 00:00:00,0.3767000000000009
2008-01-07 00:00:00,0.2867000000000002
2008-01-08 00:00:00,0.3367000000000009
2008-01-09 00:00:00,0.29670000000000174
2008-01-10 00:00:00,0.22670000000000057
2008-01-11 00:00:00,0.18670000000000142
2008-01-14 00:00:00,0.23670000000000035
2008-01-15 00:00:00,0.17670000000000163
2008-01-16 00:00:00,0.14670000000000094
2008-01-17 00:00:00,0.13670000000000093
2008-01-18 00:00:00,0.16670000000000074
2008-01-22 00:00:00,0.13670000000000093
2008-01-23 00:00:00,0.09670000000000112
2008-01-24 00:00:00,0.13670000000000093
2008-01-25 00:00:00,0.17670000000000163
2008-01-28 00:00:00,0.18670000000000142
2008-01-29 00:00:00,0.1967000000000012
2008-01-30 00:00:00,0.2067000000000001
2008-01-31 00:00:00,0.1967000000000012
2008-02-01 00:00:00,0.12670000000000048
2008-02-04 00:00:00,0.15670000000000073
2008-02-05 00:00:00,0.1067000000000009
2008-02-06 00:00:00,0.08670000000000044
2008-02-07 00:00:00,0.11670000000000069
2008-02-08 00:00:00,0.1967000000000012
2008-02-11 00:00:00,0.23670000000000035
2008-02-12 00:00:00,0.2166999999999999
2008-02-13 00:00:00,0.23670000000000035
2008-02-14 00:00:00,0.3067000000000015
2008-02-15 00:00:00,0.3167000000000013
2008-02-19 00:00:00,0.41670000000000096
2008-02-20 00:00:00,0.41670000000000096
2008-02-21 00:00:00,0.36670000000000114
2008-02-22 00:00:00,0.36670000000000114
2008-02-25 00:00:00,0.3767000000000009
2008-02-26 00:00:00,0.40670000000000117
2008-02-27 00:00:00,0.3467000000000007
2008-02-28 00:00:00,0.36670000000000114
2008-02-29 00:00:00,0.36670000000000114
2008-03-03 00:00:00,0.36670000000000114
2008-03-04 00:00:00,0.22669999999999968
2008-03-05 00:00:00,0.3467000000000007
2008-03-06 00:00:00,0.3467000000000007
2008-03-07 00:00:00,0.3867000000000007
2008-03-10 00:00:00,0.40670000000000117
2008-03-11 00:00:00,0.41670000000000096
2008-03-12 00:00:00,0.42669999999999986
2008-03-13 00:00:00,0.3867000000000007
2008-03-14 00:00:00,0.3867000000000007
2008-03-17 00:00:00,0.2067000000000001
2008-03-18 00:00:00,0.35670000000000046
2008-03-19 00:00:00,0.24670000000000014
2008-03-20 00:00:00,0.2766999999999995
2008-03-24 00:00:00,0.29670000000000085
2008-03-25 00:00:00,0.3267000000000011
2008-03-26 00:00:00,0.3967000000000005
2008-03-27 00:00:00,0.3767000000000009
2008-03-28 00:00:00,0.3767000000000009
2008-03-31 00:00:00,0.2867000000000002
2008-04-01 00:00:00,0.29670000000000085
2008-04-02 00:00:00,0.42669999999999986
2008-04-03 00:00:00,0.3767000000000009
2008-04-04 00:00:00,0.41670000000000096
2008-04-07 00:00:00,0.44669999999999943
2008-04-08 00:00:00,0.41670000000000096
2008-04-09 00:00:00,0.43669999999999964
2008-04-10 00:00:00,0.4567000000000001
2008-04-11 00:00:00,0.466699999999999
2008-04-14 00:00:00,0.4766999999999988
2008-04-15 00:00:00,0.5366999999999993
2008-04-16 00:00:00,0.5966999999999989
2008-04-17 00:00:00,0.6066999999999996
2008-04-18 00:00:00,0.6466999999999996
2008-04-21 00:00:00,0.636699999999998
2008-04-22 00:00:00,0.676699999999999
2008-04-23 00:00:00,0.7066999999999992
2008-04-24 00:00:00,0.676699999999999
2008-04-25 00:00:00,0.7066999999999992
2008-04-28 00:00:00,0.6866999999999988
2008-04-29 00:00:00,0.6066999999999996
2008-04-30 00:00:00,0.5766999999999993
2008-05-01 00:00:00,0.5466999999999991
2008-05-02 00:00:00,0.636699999999998
2008-05-05 00:00:00,0.716699999999999
2008-05-06 00:00:00,0.7766999999999995
2008-05-07 00:00:00,0.7866999999999993
2008-05-08 00:00:00,0.8066999999999989
2008-05-09 00:00:00,0.8666999999999994
2008-05-12 00:00:00,0.8366999999999991
2008-05-13 00:00:00,0.8666999999999994
2008-05-14 00:00:00,0.8466999999999989
2008-05-15 00:00:00,0.8366999999999991
2008-05-16 00:00:00,0.8866999999999989
2008-05-19 00:00:00,0.8966999999999987
2008-05-20 00:00:00,0.966699999999999
2008-05-21 00:00:00,1.0666999999999986
2008-05-22 00:00:00,0.9966999999999993
2008-05-23 00:00:00,1.0366999999999993
2008-05-27 00:00:00,0.9866999999999986
2008-05-28 00:00:00,1.0366999999999993
2008-05-29 00:00:00,0.9766999999999988
2008-05-30 00:00:00,0.9966999999999993
2008-06-02 00:00:00,1.0366999999999993
2008-06-03 00:00:00,0.9966999999999993
2008-06-04 00:00:00,0.8466999999999989
2008-06-05 00:00:00,0.9966999999999993
2008-06-06 00:00:00,1.216699999999999
2008-06-09 00:00:00,1.0666999999999986
2008-06-10 00:00:00,0.9966999999999993
2008-06-11 00:00:00,1.136699999999999
2008-06-12 00:00:00,1.1966999999999985
2008-06-13 00:00:00,1.136699999999999
2008-06-16 00:00:00,1.1166999999999994
2008-06-17 00:00:00,1.096699999999999
2008-06-18 00:00:00,1.1566999999999994
2008-06-19 00:00:00,1.0566999999999989
2008-06-20 00:00:00,1.1266999999999991
2008-06-23 00:00:00,1.1566999999999994
2008-06-24 00:00:00,1.1666999999999992
2008-06-25 00:00:00,1.096699999999999
2008-06-26 00:00:00,1.216699999999999
2008-06-27 00:00:00,1.216699999999999
2008-06-30 00:00:00,1.2066999999999992
2008-07-01 00:00:00,1.216699999999999
2008-07-02 00:00:00,1.256699999999999
2008-07-03 00:00:00,1.2866999999999993
2008-07-07 00:00:00,1.1966999999999994
2008-07-08 00:00:00,1.0766999999999993
2008-07-09 00:00:00,1.096699999999999
2008-07-10 00:00:00,1.2266999999999988
2008-07-11 00:00:00,1.2866999999999993
2008-07-14 00:00:00,1.2766999999999995
2008-07-15 00:00:00,1.1066999999999996
2008-07-16 00:00:00,0.9966999999999993
2008-07-17 00:00:00,0.8866999999999989
2008-07-18 00:00:00,0.8766999999999991
2008-07-21 00:00:00,0.926699999999999
2008-07-22 00:00:00,0.8666999999999994
2008-07-23 00:00:00,0.756699999999999
2008-07-24 00:00:00,0.7766999999999995
2008-07-25 00:00:00,0.7366999999999995
2008-07-28 00:00:00,0.7666999999999988
2008-07-29 00:00:00,0.716699999999999
2008-07-30 00:00:00,0.8366999999999991
2008-07-31 00:00:00,0.7666999999999988
2008-08-01 00:00:00,0.7866999999999993
2008-08-04 00:00:00,0.6966999999999994
2008-08-05 00:00:00,0.6566999999999994
2008-08-06 00:00:00,0.6466999999999987
2008-08-07 00:00:00,0.6866999999999988
2008-08-08 00:00:00,0.5866999999999991
2008-08-11 00:00:00,0.5666999999999986
2008-08-12 00:00:00,0.5366999999999993
2008-08-13 00:00:00,0.6266999999999983
2008-08-14 00:00:00,0.6066999999999987
2008-08-15 00:00:00,0.5566999999999989
2008-08-18 00:00:00,0.5166999999999988
2008-08-19 00:00:00,0.5666999999999986
2008-08-20 00:00:00,0.6066999999999987
2008-08-21 00:00:00,0.7466999999999993
2008-08-22 00:00:00,0.5866999999999991
2008-08-25 00:00:00,0.5966999999999989
2008-08-26 00:00:00,0.636699999999998
2008-08-27 00:00:00,0.6666999999999992
2008-08-28 00:00:00,0.6166999999999985
2008-08-29 00:00:00,0.6066999999999987
2008-09-02 00:00:00,0.48669999999999947
2008-09-03 00:00:00,0.48669999999999947
2008-09-04 00:00:00,0.4567000000000001
2008-09-05 00:00:00,0.41670000000000096
2008-09-08 00:00:00,0.4467000000000003
2008-09-09 00:00:00,0.36670000000000114
2008-09-10 00:00:00,0.35670000000000046
2008-09-11 00:00:00,0.3767000000000009
2008-09-12 00:00:00,0.3967000000000005
2008-09-15 00:00:00,0.2067000000000001
2008-09-16 00:00:00,0.06669999999999998
2008-09-17 00:00:00,0.18670000000000053
2008-09-18 00:00:00,0.2166999999999999
2008-09-19 00:00:00,0.3267000000000002
2008-09-22 00:00:00,0.4766999999999988
2008-09-23 00:00:00,0.3967000000000005
2008-09-24 00:00:00,0.3767000000000009
2008-09-25 00:00:00,0.44669999999999943
2008-09-26 00:00:00,0.4067000000000003
2008-09-29 00:00:00,0.16670000000000074
2008-09-30 00:00:00,0.25669999999999993
2008-10-01 00:00:00,0.16670000000000074
2008-10-02 00:00:00,0.056700000000000195
2008-10-03 00:00:00,0.03670000000000062
2008-10-06 00:00:00,-0.12329999999999952
2008-10-07 00:00:00,-0.10329999999999995
2008-10-08 00:00:00,-0.1333000000000002
2008-10-09 00:00:00,-0.14329999999999998
2008-10-10 00:00:00,-0.36329999999999973
2008-10-13 00:00:00,-0.2633000000000001
2008-10-14 00:00:00,-0.3132999999999999
2008-10-15 00:00:00,-0.42329999999999934
2008-10-16 00:00:00,-0.5732999999999993
2008-10-17 00:00:00,-0.523299999999999
2008-10-20 00:00:00,-0.48329999999999895
2008-10-21 00:00:00,-0.5332999999999992
2008-10-22 00:00:00,-0.6432999999999991
2008-10-23 00:00:00,-0.6232999999999991
2008-10-24 00:00:00,-0.7232999999999992
2008-10-27 00:00:00,-0.7532999999999992
2008-10-28 00:00:00,-0.7632999999999992
2008-10-29 00:00:00,-0.6632999999999991
2008-10-30 00:00:00,-0.7232999999999992
2008-10-31 00:00:00,-0.6732999999999991
2008-11-03 00:00:00,-0.8032999999999992
2008-11-04 00:00:00,-0.6332999999999991
2008-11-05 00:00:00,-0.7432999999999992
2008-11-06 00:00:00,-0.833299999999999
2008-11-07 00:00:00,-0.8232999999999993
2008-11-10 00:00:00,-0.7932999999999992
2008-11-11 00:00:00,-0.8632999999999991
2008-11-12 00:00:00,-0.9232999999999991
2008-11-13 00:00:00,-0.8632999999999991
2008-11-14 00:00:00,-0.9332999999999991
2008-11-17 00:00:00,-1.0032999999999992
2008-11-18 00:00:00,-1.0332999999999992
2008-11-19 00:00:00,-1.0632999999999992
2008-11-20 00:00:00,-1.1632999999999991
2008-11-21 00:00:00,-1.1132999999999993
2008-11-24 00:00:00,-1.0332999999999992
2008-11-25 00:00:00,-1.0932999999999993
2008-11-26 00:00:00,-1.0032999999999992
2008-11-28 00:00:00,-1.0032999999999992
2008-12-01 00:00:00,-1.0932999999999993
2008-12-02 00:00:00,-1.153299999999999
2008-12-03 00:00:00,-1.1632999999999991
2008-12-04 00:00:00,-1.2332999999999992
2008-12-05 00:00:00,-1.2932999999999992
2008-12-08 00:00:00,-1.2232999999999992
2008-12-09 00:00:00,-1.2532999999999992
2008-12-10 00:00:00,-1.2232999999999992
2008-12-11 00:00:00,-1.1132999999999993
2008-12-12 00:00:00,-1.123299999999999
2008-12-15 00:00:00,-1.1632999999999991
2008-12-16 00:00:00,-1.1632999999999991
2008-12-17 00:00:00,-1.1932999999999991
2008-12-18 00:00:00,-1.2432999999999992
2008-12-19 00:00:00,-1.2332999999999992
2008-12-22 00:00:00,-1.3132999999999992
2008-12-23 00:00:00,-1.3432999999999993
2008-12-24 00:00:00,-1.4032999999999993
2008-12-26 00:00:00,-1.3632999999999993
2008-12-29 00:00:00,-1.3232999999999993
2008-12-30 00:00:00,-1.3032999999999992
2008-12-31 00:00:00,-1.1732999999999991
2009-01-02 00:00:00,-1.1332999999999993
2009-01-05 00:00:00,-1.0532999999999992
2009-01-06 00:00:00,-1.0532999999999992
2009-01-07 00:00:00,-1.1632999999999991
2009-01-08 00:00:00,-1.1532999999999993
2009-01-09 00:00:00,-1.1232999999999993
2009-01-12 00:00:00,-1.1532999999999993
2009-01-13 00:00:00,-1.0932999999999993
2009-01-14 00:00:00,-1.0832999999999993
2009-01-15 00:00:00,-1.0732999999999993
2009-01-16 00:00:00,-1.0832999999999993
2009-01-20 00:00:00,-1.1132999999999993
2009-01-21 00:00:00,-1.0932999999999993
2009-01-22 00:00:00,-1.1632999999999993
2009-01-23 00:00:00,-1.0932999999999993
2009-01-26 00:00:00,-1.0932999999999993
2009-01-27 00:00:00,-1.1432999999999993
2009-01-28 00:00:00,-1.0932999999999993
2009-01-29 00:00:00,-1.0732999999999993
2009-01-30 00:00:00,-1.0532999999999992
2009-02-02 00:00:00,-1.1632999999999993
2009-02-03 00:00:00,-1.1432999999999993
2009-02-04 00:00:00,-1.1032999999999993
2009-02-05 00:00:00,-1.0432999999999992
2009-02-06 00:00:00,-1.0632999999999992
2009-02-09 00:00:00,-1.0632999999999992
2009-02-10 00:00:00,-1.0732999999999993
2009-02-11 00:00:00,-1.0532999999999992
2009-02-12 00:00:00,-1.0632999999999992
2009-02-13 00:00:00,-1.1032999999999993
2009-02-17 00:00:00,-1.2032999999999994
2009-02-18 00:00:00,-1.2632999999999994
2009-02-19 00:00:00,-1.2032999999999994
2009-02-20 00:00:00,-1.2132999999999994
2009-02-23 00:00:00,-1.2332999999999994
2009-02-24 00:00:00,-1.2032999999999994
2009-02-25 00:00:00,-1.1332999999999993
2009-02-26 00:00:00,-1.0232999999999994
2009-02-27 00:00:00,-1.0432999999999992
2009-03-02 00:00:00,-1.1332999999999993
2009-03-03 00:00:00,-1.0932999999999993
2009-03-04 00:00:00,-1.0332999999999994
2009-03-05 00:00:00,-1.0932999999999993
2009-03-06 00:00:00,-1.0632999999999992
2009-03-09 00:00:00,-1.0632999999999992
2009-03-10 00:00:00,-1.1032999999999993
2009-03-11 00:00:00,-1.1432999999999993
2009-03-12 00:00:00,-1.0532999999999992
2009-03-13 00:00:00,-1.0532999999999992
2009-03-16 00:00:00,-1.0332999999999994
2009-03-17 00:00:00,-0.9732999999999994
2009-03-18 00:00:00,-1.0232999999999994
2009-03-19 00:00:00,-0.9432999999999994
2009-03-20 00:00:00,-0.9332999999999994
2009-03-23 00:00:00,-0.8932999999999993
2009-03-24 00:00:00,-0.8832999999999993
2009-03-25 00:00:00,-0.8932999999999993
2009-03-26 00:00:00,-0.8532999999999993
2009-03-27 00:00:00,-0.9032999999999993
2009-03-30 00:00:00,-1.0032999999999994
2009-03-31 00:00:00,-0.9832999999999994
2009-04-01 00:00:00,-1.0232999999999994
2009-04-02 00:00:00,-0.9232999999999993
2009-04-03 00:00:00,-0.9032999999999993
2009-04-06 00:00:00,-0.9232999999999993
2009-04-07 00:00:00,-0.9332999999999994
2009-04-08 00:00:00,-0.9532999999999994
2009-04-09 00:00:00,-0.9132999999999993
2009-04-13 00:00:00,-0.9332999999999994
2009-04-14 00:00:00,-0.9432999999999994
2009-04-15 00:00:00,-0.9532999999999994
2009-04-16 00:00:00,-0.9232999999999993
2009-04-17 00:00:00,-0.9132999999999993
2009-04-20 00:00:00,-0.9932999999999994
2009-04-21 00:00:00,-0.9932999999999994
2009-04-22 00:00:00,-1.0132999999999994
2009-04-23 00:00:00,-1.0132999999999994
2009-04-24 00:00:00,-0.9632999999999994
2009-04-27 00:00:00,-1.0032999999999994
2009-04-28 00:00:00,-1.0132999999999994
2009-04-29 00:00:00,-0.9732999999999994
2009-04-30 00:00:00,-0.9532999999999994
2009-05-01 00:00:00,-0.9032999999999993
2009-05-04 00:00:00,-0.8332999999999993
2009-05-05 00:00:00,-0.8432999999999993
2009-05-06 00:00:00,-0.7932999999999995
2009-05-07 00:00:00,-0.7632999999999994
2009-05-08 00:00:00,-0.7332999999999994
2009-05-11 00:00:00,-0.7532999999999994
2009-05-12 00:00:00,-0.7632999999999994
2009-05-13 00:00:00,-0.7432999999999994
2009-05-14 00:00:00,-0.7132999999999994
2009-05-15 00:00:00,-0.7632999999999994
2009-05-18 00:00:00,-0.6932999999999994
2009-05-19 00:00:00,-0.6632999999999993
2009-05-20 00:00:00,-0.6632999999999993
2009-05-21 00:00:00,-0.6632999999999993
2009-05-22 00:00:00,-0.6232999999999993
2009-05-26 00:00:00,-0.6132999999999993
2009-05-27 00:00:00,-0.5832999999999993
2009-05-28 00:00:00,-0.5532999999999992
2009-05-29 00:00:00,-0.5332999999999994
2009-06-01 00:00:00,-0.5032999999999994
2009-06-02 00:00:00,-0.5032999999999994
2009-06-03 00:00:00,-0.5232999999999994
2009-06-04 00:00:00,-0.4632999999999994
2009-06-05 00:00:00,-0.47329999999999917
2009-06-08 00:00:00,-0.4932999999999996
2009-06-09 00:00:00,-0.4632999999999994
2009-06-10 00:00:00,-0.4132999999999991
2009-06-11 00:00:00,-0.3732999999999995
2009-06-12 00:00:00,-0.3932999999999991
2009-06-15 00:00:00,-0.3832999999999993
2009-06-16 00:00:00,-0.3732999999999995
2009-06-17 00:00:00,-0.4032999999999993
2009-06-18 00:00:00,-0.4032999999999993
2009-06-19 00:00:00,-0.48329999999999984
2009-06-22 00:00:00,-0.5432999999999992
2009-06-23 00:00:00,-0.5032999999999994
2009-06-24 00:00:00,-0.5432999999999992
2009-06-25 00:00:00,-0.4932999999999996
2009-06-26 00:00:00,-0.523299999999999
2009-06-29 00:00:00,-0.4632999999999994
2009-06-30 00:00:00,-0.4932999999999996
2009-07-01 00:00:00,-0.5332999999999992
2009-07-02 00:00:00,-0.6032999999999993
2009-07-06 00:00:00,-0.6532999999999993
2009-07-07 00:00:00,-0.6632999999999993
2009-07-08 00:00:00,-0.7632999999999994
2009-07-09 00:00:00,-0.7332999999999994
2009-07-10 00:00:00,-0.7532999999999994
2009-07-13 00:00:00,-0.7632999999999994
2009-07-14 00:00:00,-0.7532999999999994
2009-07-15 00:00:00,-0.6932999999999994
2009-07-16 00:00:00,-0.6832999999999994
2009-07-17 00:00:00,-0.6332999999999993
2009-07-20 00:00:00,-0.6132999999999993
2009-07-21 00:00:00,-0.6032999999999993
2009-07-22 00:00:00,-0.5932999999999993
2009-07-23 00:00:00,-0.523299999999999
2009-07-24 00:00:00,-0.5132999999999992
2009-07-27 00:00:00,-0.4932999999999996
2009-07-28 00:00:00,-0.523299999999999
2009-07-29 00:00:00,-0.5832999999999993
2009-07-30 00:00:00,-0.4632999999999994
2009-07-31 00:00:00,-0.4032999999999993
2009-08-03 00:00:00,-0.35329999999999906
2009-08-04 00:00:00,-0.35329999999999906
2009-08-05 00:00:00,-0.35329999999999906
2009-08-06 00:00:00,-0.35329999999999906
2009-08-07 00:00:00,-0.3932999999999991
2009-08-10 00:00:00,-0.3732999999999995
2009-08-11 00:00:00,-0.3832999999999993
2009-08-12 00:00:00,-0.4032999999999993
2009-08-13 00:00:00,-0.4032999999999993
2009-08-14 00:00:00,-0.48329999999999895
2009-08-17 00:00:00,-0.48329999999999895
2009-08-18 00:00:00,-0.43329999999999913
2009-08-19 00:00:00,-0.3932999999999991
2009-08-20 00:00:00,-0.42329999999999934
2009-08-21 00:00:00,-0.4032999999999993
2009-08-24 00:00:00,-0.3732999999999995
2009-08-25 00:00:00,-0.43329999999999913
2009-08-26 00:00:00,-0.4532999999999987
2009-08-27 00:00:00,-0.4132999999999991
2009-08-28 00:00:00,-0.4032999999999993
2009-08-31 00:00:00,-0.4932999999999996
2009-09-01 00:00:00,-0.523299999999999
2009-09-02 00:00:00,-0.5032999999999994
2009-09-03 00:00:00,-0.523299999999999
2009-09-04 00:00:00,-0.5332999999999992
2009-09-08 00:00:00,-0.47329999999999917
2009-09-09 00:00:00,-0.47329999999999917
2009-09-10 00:00:00,-0.48329999999999895
2009-09-11 00:00:00,-0.5332999999999992
2009-09-14 00:00:00,-0.5432999999999992
2009-09-15 00:00:00,-0.5032999999999994
2009-09-16 00:00:00,-0.4432999999999989
2009-09-17 00:00:00,-0.4432999999999989
2009-09-18 00:00:00,-0.4632999999999994
2009-09-21 00:00:00,-0.5332999999999992
2009-09-22 00:00:00,-0.4932999999999996
2009-09-23 00:00:00,-0.5632999999999992
2009-09-24 00:00:00,-0.6332999999999993
2009-09-25 00:00:00,-0.6532999999999993
2009-09-28 00:00:00,-0.6332999999999993
2009-09-29 00:00:00,-0.6432999999999993
2009-09-30 00:00:00,-0.5332999999999992
2009-10-01 00:00:00,-0.5332999999999992
2009-10-02 00:00:00,-0.5532999999999992
2009-10-05 00:00:00,-0.5432999999999992
2009-10-06 00:00:00,-0.523299999999999
2009-10-07 00:00:00,-0.5732999999999993
2009-10-08 00:00:00,-0.5132999999999992
2009-10-09 00:00:00,-0.523299999999999
2009-10-12 00:00:00,-0.48329999999999895
2009-10-13 00:00:00,-0.4532999999999987
2009-10-14 00:00:00,-0.42329999999999934
2009-10-15 00:00:00,-0.3432999999999993
2009-10-16 00:00:00,-0.313299999999999
2009-10-19 00:00:00,-0.30329999999999924
2009-10-20 00:00:00,-0.313299999999999
2009-10-21 00:00:00,-0.24329999999999963
2009-10-22 00:00:00,-0.2532999999999994
2009-10-23 00:00:00,-0.2632999999999992
2009-10-26 00:00:00,-0.28329999999999966
2009-10-27 00:00:00,-0.2532999999999994
2009-10-28 00:00:00,-0.3332999999999995
2009-10-29 00:00:00,-0.29329999999999945
2009-10-30 00:00:00,-0.35329999999999906
2009-11-02 00:00:00,-0.3232999999999997
2009-11-03 00:00:00,-0.313299999999999
2009-11-04 00:00:00,-0.29329999999999945
2009-11-05 00:00:00,-0.3232999999999997
2009-11-06 00:00:00,-0.3732999999999995
2009-11-09 00:00:00,-0.3232999999999997
2009-11-10 00:00:00,-0.3232999999999997
2009-11-11 00:00:00,-0.313299999999999
2009-11-12 00:00:00,-0.36329999999999973
2009-11-13 00:00:00,-0.3832999999999993
2009-11-16 00:00:00,-0.313299999999999
2009-11-17 00:00:00,-0.30329999999999924
2009-11-18 00:00:00,-0.29329999999999945
2009-11-19 00:00:00,-0.3432999999999993
2009-11-20 00:00:00,-0.3432999999999993
2009-11-23 00:00:00,-0.3432999999999993
2009-11-24 00:00:00,-0.3732999999999995
2009-11-25 00:00:00,-0.313299999999999
2009-11-27 00:00:00,-0.3832999999999993
2009-11-30 00:00:00,-0.3232999999999988
2009-12-01 00:00:00,-0.29329999999999945
2009-12-02 00:00:00,-0.3432999999999993
2009-12-03 00:00:00,-0.3432999999999993
2009-12-04 00:00:00,-0.36329999999999885
2009-12-07 00:00:00,-0.3932999999999991
2009-12-08 00:00:00,-0.4132999999999991
2009-12-09 00:00:00,-0.48329999999999895
2009-12-10 00:00:00,-0.5032999999999994
2009-12-11 00:00:00,-0.49329999999999874
2009-12-14 00:00:00,-0.5032999999999994
2009-12-15 00:00:00,-0.49329999999999874
2009-12-16 00:00:00,-0.4632999999999994
2009-12-17 00:00:00,-0.48329999999999895
2009-12-18 00:00:00,-0.4432999999999989
2009-12-21 00:00:00,-0.4632999999999994
2009-12-22 00:00:00,-0.4432999999999989
2009-12-23 00:00:00,-0.3732999999999995
2009-12-24 00:00:00,-0.35329999999999906
2009-12-28 00:00:00,-0.3232999999999988
2009-12-29 00:00:00,-0.3332999999999995
2009-12-30 00:00:00,-0.313299999999999
2009-12-31 00:00:00,-0.313299999999999
2010-01-04 00:00:00,-0.2632999999999992
2010-01-05 00:00:00,-0.24329999999999874
2010-01-06 00:00:00,-0.23329999999999895
2010-01-07 00:00:00,-0.23329999999999895
2010-01-08 00:00:00,-0.21329999999999938
2010-01-11 00:00:00,-0.23329999999999895
2010-01-12 00:00:00,-0.273299999999999
2010-01-13 00:00:00,-0.30329999999999924
2010-01-14 00:00:00,-0.29329999999999945
2010-01-15 00:00:00,-0.313299999999999
2010-01-19 00:00:00,-0.30329999999999924
2010-01-20 00:00:00,-0.3232999999999997
2010-01-21 00:00:00,-0.3832999999999993
2010-01-22 00:00:00,-0.4132999999999991
2010-01-25 00:00:00,-0.3732999999999995
2010-01-26 00:00:00,-0.4032999999999993
2010-01-27 00:00:00,-0.43329999999999913
2010-01-28 00:00:00,-0.4432999999999998
2010-01-29 00:00:00,-0.4532999999999996
2010-02-01 00:00:00,-0.42329999999999934
2010-02-02 00:00:00,-0.3432999999999993
2010-02-03 00:00:00,-0.3332999999999995
2010-02-04 00:00:00,-0.42329999999999934
2010-02-05 00:00:00,-0.48329999999999984
2010-02-08 00:00:00,-0.47329999999999917
2010-02-09 00:00:00,-0.43329999999999913
2010-02-10 00:00:00,-0.42329999999999934
2010-02-11 00:00:00,-0.4032999999999993
2010-02-12 00:00:00,-0.42329999999999934
2010-02-16 00:00:00,-0.36329999999999973
2010-02-17 00:00:00,-0.35329999999999906
2010-02-18 00:00:00,-0.30329999999999924
2010-02-19 00:00:00,-0.28329999999999966
2010-02-22 00:00:00,-0.2632999999999992
2010-02-23 00:00:00,-0.3232999999999997
2010-02-24 00:00:00,-0.28329999999999966
2010-02-25 00:00:00,-0.3432999999999993
2010-02-26 00:00:00,-0.30329999999999924
2010-03-01 00:00:00,-0.3332999999999995
2010-03-02 00:00:00,-0.29329999999999945
2010-03-03 00:00:00,-0.24329999999999963
2010-03-04 00:00:00,-0.2532999999999994
2010-03-05 00:00:00,-0.22329999999999917
2010-03-08 00:00:00,-0.2032999999999996
2010-03-09 00:00:00,-0.23329999999999984
2010-03-10 00:00:00,-0.2032999999999996
2010-03-11 00:00:00,-0.21329999999999938
2010-03-12 00:00:00,-0.23329999999999984
2010-03-15 00:00:00,-0.273299999999999
2010-03-16 00:00:00,-0.22329999999999917
2010-03-17 00:00:00,-0.18329999999999913
2010-03-18 00:00:00,-0.19329999999999892
2010-03-19 00:00:00,-0.24329999999999874
2010-03-22 00:00:00,-0.23329999999999895
2010-03-23 00:00:00,-0.23329999999999895
2010-03-24 00:00:00,-0.2632999999999992
2010-03-25 00:00:00,-0.2632999999999992
2010-03-26 00:00:00,-0.2832999999999988
2010-03-29 00:00:00,-0.22329999999999917
2010-03-30 00:00:00,-0.21329999999999938
2010-03-31 00:00:00,-0.18329999999999913
2010-04-01 00:00:00,-0.16329999999999956
2010-04-05 00:00:00,-0.1332999999999993
2010-04-06 00:00:00,-0.1332999999999993
2010-04-07 00:00:00,-0.16329999999999956
2010-04-08 00:00:00,-0.17329999999999934
2010-04-09 00:00:00,-0.18329999999999913
2010-04-12 00:00:00,-0.17329999999999934
2010-04-13 00:00:00,-0.16329999999999956
2010-04-14 00:00:00,-0.1432999999999991
2010-04-15 00:00:00,-0.1432999999999991
2010-04-16 00:00:00,-0.19329999999999892
2010-04-19 00:00:00,-0.22329999999999917
2010-04-20 00:00:00,-0.2032999999999996
2010-04-21 00:00:00,-0.2032999999999996
2010-04-22 00:00:00,-0.18329999999999913
2010-04-23 00:00:00,-0.1432999999999991
2010-04-26 00:00:00,-0.15329999999999888
2010-04-27 00:00:00,-0.17329999999999934
2010-04-28 00:00:00,-0.16329999999999956
2010-04-29 00:00:00,-0.1432999999999991
2010-04-30 00:00:00,-0.10329999999999906
2010-05-03 00:00:00,-0.06329999999999902
2010-05-04 00:00:00,-0.17329999999999934
2010-05-05 00:00:00,-0.273299999999999
2010-05-06 00:00:00,-0.3332999999999995
2010-05-07 00:00:00,-0.3732999999999995
2010-05-10 00:00:00,-0.3232999999999988
2010-05-11 00:00:00,-0.30329999999999924
2010-05-12 00:00:00,-0.29329999999999945
2010-05-13 00:00:00,-0.30329999999999924
2010-05-14 00:00:00,-0.3732999999999995
2010-05-17 00:00:00,-0.4632999999999994
2010-05-18 00:00:00,-0.47329999999999917
2010-05-19 00:00:00,-0.4932999999999996
2010-05-20 00:00:00,-0.5432999999999992
2010-05-21 00:00:00,-0.5532999999999992
2010-05-24 00:00:00,-0.5532999999999992
2010-05-25 00:00:00,-0.5832999999999993
2010-05-26 00:00:00,-0.5432999999999992
2010-05-27 00:00:00,-0.4632999999999994
2010-05-28 00:00:00,-0.47329999999999917
2010-06-01 00:00:00,-0.5132999999999992
2010-06-02 00:00:00,-0.47329999999999917
2010-06-03 00:00:00,-0.42329999999999934
2010-06-04 00:00:00,-0.5132999999999992
2010-06-07 00:00:00,-0.5132999999999992
2010-06-08 00:00:00,-0.5132999999999992
2010-06-09 00:00:00,-0.4632999999999994
2010-06-10 00:00:00,-0.43329999999999913
2010-06-11 00:00:00,-0.4532999999999996
2010-06-14 00:00:00,-0.43329999999999913
2010-06-15 00:00:00,-0.3932999999999991
2010-06-16 00:00:00,-0.36329999999999885
2010-06-17 00:00:00,-0.3432999999999993
2010-06-18 00:00:00,-0.36329999999999885
2010-06-21 00:00:00,-0.36329999999999885
2010-06-22 00:00:00,-0.37329999999999863
2010-06-23 00:00:00,-0.42329999999999934
2010-06-24 00:00:00,-0.4132999999999991
2010-06-25 00:00:00,-0.3432999999999993
2010-06-28 00:00:00,-0.37329999999999863
2010-06-29 00:00:00,-0.43329999999999913
2010-06-30 00:00:00,-0.4432999999999989
2010-07-01 00:00:00,-0.503299999999999
2010-07-02 00:00:00,-0.523299999999999
2010-07-06 00:00:00,-0.533299999999999
2010-07-07 00:00:00,-0.47329999999999917
2010-07-08 00:00:00,-0.4432999999999989
2010-07-09 00:00:00,-0.43329999999999913
2010-07-12 00:00:00,-0.47329999999999917
2010-07-13 00:00:00,-0.4132999999999991
2010-07-14 00:00:00,-0.43329999999999913
2010-07-15 00:00:00,-0.43329999999999913
2010-07-16 00:00:00,-0.4432999999999989
2010-07-19 00:00:00,-0.43329999999999913
2010-07-20 00:00:00,-0.42329999999999934
2010-07-21 00:00:00,-0.43329999999999913
2010-07-22 00:00:00,-0.3632999999999993
2010-07-23 00:00:00,-0.3732999999999991
2010-07-26 00:00:00,-0.3832999999999993
2010-07-27 00:00:00,-0.42329999999999934
2010-07-28 00:00:00,-0.42329999999999934
2010-07-29 00:00:00,-0.3932999999999991
2010-07-30 00:00:00,-0.3732999999999991
2010-08-02 00:00:00,-0.32329999999999925
2010-08-03 00:00:00,-0.293299999999999
2010-08-04 00:00:00,-0.30329999999999924
2010-08-05 00:00:00,-0.313299999999999
2010-08-06 00:00:00,-0.35329999999999906
2010-08-09 00:00:00,-0.3432999999999993
2010-08-10 00:00:00,-0.3632999999999993
2010-08-11 00:00:00,-0.4432999999999989
2010-08-12 00:00:00,-0.4932999999999992
2010-08-13 00:00:00,-0.5132999999999992
2010-08-16 00:00:00,-0.5132999999999992
2010-08-17 00:00:00,-0.48329999999999895
2010-08-18 00:00:00,-0.48329999999999895
2010-08-19 00:00:00,-0.5132999999999992
2010-08-20 00:00:00,-0.523299999999999
2010-08-23 00:00:00,-0.553299999999999
2010-08-24 00:00:00,-0.583299999999999
2010-08-25 00:00:00,-0.563299999999999
2010-08-26 00:00:00,-0.523299999999999
2010-08-27 00:00:00,-0.47329999999999917
2010-08-30 00:00:00,-0.48329999999999895
2010-08-31 00:00:00,-0.533299999999999
2010-09-01 00:00:00,-0.4932999999999992
2010-09-02 00:00:00,-0.47329999999999917
2010-09-03 00:00:00,-0.47329999999999917
2010-09-07 00:00:00,-0.4632999999999994
2010-09-08 00:00:00,-0.45329999999999915
2010-09-09 00:00:00,-0.4632999999999994
2010-09-10 00:00:00,-0.42329999999999934
2010-09-13 00:00:00,-0.42329999999999934
2010-09-14 00:00:00,-0.42329999999999934
2010-09-15 00:00:00,-0.43329999999999913
2010-09-16 00:00:00,-0.4632999999999994
2010-09-17 00:00:00,-0.4632999999999994
2010-09-20 00:00:00,-0.4432999999999989
2010-09-21 00:00:00,-0.4632999999999994
2010-09-22 00:00:00,-0.48329999999999895
2010-09-23 00:00:00,-0.47329999999999917
2010-09-24 00:00:00,-0.4432999999999989
2010-09-27 00:00:00,-0.45329999999999915
2010-09-28 00:00:00,-0.45329999999999915
2010-09-29 00:00:00,-0.4032999999999993
2010-09-30 00:00:00,-0.35329999999999906
2010-10-01 00:00:00,-0.30329999999999924
2010-10-04 00:00:00,-0.30329999999999924
2010-10-05 00:00:00,-0.273299999999999
2010-10-06 00:00:00,-0.24329999999999918
2010-10-07 00:00:00,-0.2832999999999992
2010-10-08 00:00:00,-0.25329999999999897
2010-10-11 00:00:00,-0.25329999999999897
2010-10-12 00:00:00,-0.2832999999999992
2010-10-13 00:00:00,-0.25329999999999897
2010-10-14 00:00:00,-0.273299999999999
2010-10-15 00:00:00,-0.313299999999999
2010-10-18 00:00:00,-0.26329999999999876
2010-10-19 00:00:00,-0.36329999999999885
2010-10-20 00:00:00,-0.313299999999999
2010-10-21 00:00:00,-0.36329999999999885
2010-10-22 00:00:00,-0.33329999999999904
2010-10-25 00:00:00,-0.3232999999999988
2010-10-26 00:00:00,-0.313299999999999
2010-10-27 00:00:00,-0.313299999999999
2010-10-28 00:00:00,-0.313299999999999
2010-10-29 00:00:00,-0.33329999999999904
2010-11-01 00:00:00,-0.3032999999999988
2010-11-02 00:00:00,-0.2832999999999988
2010-11-03 00:00:00,-0.25329999999999897
2010-11-04 00:00:00,-0.22329999999999872
2010-11-05 00:00:00,-0.21329999999999893
2010-11-08 00:00:00,-0.21329999999999893
2010-11-09 00:00:00,-0.21329999999999893
2010-11-10 00:00:00,-0.1832999999999987
2010-11-11 00:00:00,-0.19329999999999892
2010-11-12 00:00:00,-0.23329999999999895
2010-11-15 00:00:00,-0.24329999999999874
2010-11-16 00:00:00,-0.293299999999999
2010-11-17 00:00:00,-0.313299999999999
2010-11-18 00:00:00,-0.2632999999999992
2010-11-19 00:00:00,-0.293299999999999
2010-11-22 00:00:00,-0.313299999999999
2010-11-23 00:00:00,-0.32329999999999925
2010-11-24 00:00:00,-0.25329999999999897
2010-11-26 00:00:00,-0.25329999999999897
2010-11-29 00:00:00,-0.19329999999999892
2010-11-30 00:00:00,-0.23329999999999895
2010-12-01 00:00:00,-0.1332999999999993
2010-12-02 00:00:00,-0.08329999999999904
2010-12-03 00:00:00,-0.07329999999999925
2010-12-06 00:00:00,-0.08329999999999904
2010-12-07 00:00:00,-0.09329999999999927
2010-12-08 00:00:00,-0.11329999999999929
2010-12-09 00:00:00,-0.09329999999999927
2010-12-10 00:00:00,-0.11329999999999929
2010-12-13 00:00:00,-0.09329999999999927
2010-12-14 00:00:00,-0.11329999999999929
2010-12-15 00:00:00,-0.10329999999999906
2010-12-16 00:00:00,-0.11329999999999929
2010-12-17 00:00:00,-0.10329999999999906
2010-12-20 00:00:00,-0.06329999999999902
2010-12-21 00:00:00,-0.043299999999999006
2010-12-22 00:00:00,-0.023299999999998988
2010-12-23 00:00:00,-0.0032999999999989704
2010-12-27 00:00:00,-0.013299999999998757
2010-12-28 00:00:00,-0.013299999999998757
2010-12-29 00:00:00,-0.023299999999998988
2010-12-30 00:00:00,-0.033299999999998775
2010-12-31 00:00:00,0.0067000000000012605
2011-01-03 00:00:00,0.0067000000000012605
2011-01-04 00:00:00,-0.0032999999999989704
2011-01-05 00:00:00,0.02670000000000128
2011-01-06 00:00:00,0.02670000000000128
2011-01-07 00:00:00,-0.0032999999999989704
2011-01-10 00:00:00,0.036700000000001065
2011-01-11 00:00:00,0.06670000000000131
2011-01-12 00:00:00,0.05670000000000108
2011-01-13 00:00:00,0.036700000000001065
2011-01-14 00:00:00,0.08670000000000089
2011-01-18 00:00:00,0.0767000000000011
2011-01-19 00:00:00,0.0767000000000011
2011-01-20 00:00:00,0.026700000000000834
2011-01-21 00:00:00,0.06670000000000087
2011-01-24 00:00:00,0.026700000000000834
2011-01-25 00:00:00,-0.023299999999998988
2011-01-26 00:00:00,0.05670000000000108
2011-01-27 00:00:00,0.026700000000000834
2011-01-28 00:00:00,0.09670000000000112
2011-01-31 00:00:00,0.11670000000000114
2011-02-01 00:00:00,0.13670000000000093
2011-02-02 00:00:00,0.12670000000000092
2011-02-03 00:00:00,0.12670000000000092
2011-02-04 00:00:00,0.05670000000000108
2011-02-07 00:00:00,0.06670000000000087
2011-02-08 00:00:00,0.09670000000000112
2011-02-09 00:00:00,0.13670000000000093
2011-02-10 00:00:00,0.09670000000000112
2011-02-11 00:00:00,0.09670000000000112
2011-02-14 00:00:00,0.13670000000000093
2011-02-15 00:00:00,0.10670000000000135
2011-02-16 00:00:00,0.16670000000000162
2011-02-17 00:00:00,0.14670000000000183
2011-02-18 00:00:00,0.16670000000000162
2011-02-22 00:00:00,0.22670000000000057
2011-02-23 00:00:00,0.34670000000000156
2011-02-24 00:00:00,0.35670000000000135
2011-02-25 00:00:00,0.3867000000000016
2011-02-28 00:00:00,0.3767000000000018
2011-03-01 00:00:00,0.4666999999999999
2011-03-02 00:00:00,0.5066999999999999
2011-03-03 00:00:00,0.49669999999999925
2011-03-04 00:00:00,0.5166999999999997
2011-03-07 00:00:00,0.4766999999999997
2011-03-08 00:00:00,0.42670000000000075
2011-03-09 00:00:00,0.49669999999999925
2011-03-10 00:00:00,0.48669999999999947
2011-03-11 00:00:00,0.456700000000001
2011-03-14 00:00:00,0.42670000000000075
2011-03-15 00:00:00,0.2767000000000004
2011-03-16 00:00:00,0.3167000000000013
2011-03-17 00:00:00,0.42670000000000075
2011-03-18 00:00:00,0.41670000000000185
2011-03-21 00:00:00,0.4766999999999997
2011-03-22 00:00:00,0.48669999999999947
2011-03-23 00:00:00,0.49670000000000014
2011-03-24 00:00:00,0.5166999999999997
2011-03-25 00:00:00,0.5166999999999997
2011-03-28 00:00:00,0.49670000000000014
2011-03-29 00:00:00,0.5066999999999999
2011-03-30 00:00:00,0.5166999999999997
2011-03-31 00:00:00,0.5666999999999995
2011-04-01 00:00:00,0.6066999999999996
2011-04-04 00:00:00,0.6266999999999991
2011-04-05 00:00:00,0.6567000000000003
2011-04-06 00:00:00,0.6466999999999996
2011-04-07 00:00:00,0.6466999999999996
2011-04-08 00:00:00,0.7266999999999997
2011-04-11 00:00:00,0.6667000000000001
2011-04-12 00:00:00,0.6166999999999994
2011-04-13 00:00:00,0.6967000000000003
2011-04-14 00:00:00,0.6766999999999999
2011-04-15 00:00:00,0.7266999999999997
2011-04-18 00:00:00,0.6966999999999994
2011-04-19 00:00:00,0.6766999999999999
2011-04-20 00:00:00,0.7266999999999997
2011-04-21 00:00:00,0.7467000000000001
2011-04-25 00:00:00,0.7467000000000001
2011-04-26 00:00:00,0.7766999999999995
2011-04-27 00:00:00,0.8166999999999995
2011-04-28 00:00:00,0.8266999999999993
2011-04-29 00:00:00,0.8566999999999996
2011-05-02 00:00:00,0.8166999999999995
2011-05-03 00:00:00,0.7866999999999993
2011-05-04 00:00:00,0.7666999999999997
2011-05-05 00:00:00,0.5266999999999995
2011-05-06 00:00:00,0.5066999999999999
2011-05-09 00:00:00,0.6667000000000001
2011-05-10 00:00:00,0.7566999999999999
2011-05-11 00:00:00,0.5467
2011-05-12 00:00:00,0.49670000000000014
2011-05-13 00:00:00,0.5266999999999995
2011-05-16 00:00:00,0.40670000000000117
2011-05-17 00:00:00,0.3867000000000016
2011-05-18 00:00:00,0.42670000000000075
2011-05-19 00:00:00,0.40670000000000117
2011-05-20 00:00:00,0.42670000000000075
2011-05-23 00:00:00,0.3967000000000014
2011-05-24 00:00:00,0.456700000000001
2011-05-25 00:00:00,0.48669999999999947
2011-05-26 00:00:00,0.5066999999999999
2011-05-27 00:00:00,0.5266999999999995
2011-05-31 00:00:00,0.5467
2011-06-01 00:00:00,0.4766999999999997
2011-06-02 00:00:00,0.4766999999999997
2011-06-03 00:00:00,0.49670000000000014
2011-06-06 00:00:00,0.456700000000001
2011-06-07 00:00:00,0.5066999999999999
2011-06-08 00:00:00,0.49670000000000014
2011-06-09 00:00:00,0.5467
2011-06-10 00:00:00,0.5266999999999995
2011-06-13 00:00:00,0.5066999999999999
2011-06-14 00:00:00,0.5467
2011-06-15 00:00:00,0.40670000000000117
2011-06-16 00:00:00,0.42670000000000075
2011-06-17 00:00:00,0.41670000000000185
2011-06-20 00:00:00,0.3767000000000018
2011-06-21 00:00:00,0.35670000000000135
2011-06-22 00:00:00,0.456700000000001
2011-06-23 00:00:00,0.29670000000000174
2011-06-24 00:00:00,0.24670000000000103
2011-06-27 00:00:00,0.2667000000000006
2011-06-28 00:00:00,0.3367000000000018
2011-06-29 00:00:00,0.4467000000000003
2011-06-30 00:00:00,0.4766999999999997
2011-07-01 00:00:00,0.4766999999999997
2011-07-05 00:00:00,0.48669999999999947
2011-07-06 00:00:00,0.5066999999999999
2011-07-07 00:00:00,0.6266999999999991
2011-07-08 00:00:00,0.5966999999999998
2011-07-11 00:00:00,0.5666999999999995
2011-07-12 00:00:00,0.5966999999999998
2011-07-13 00:00:00,0.6366999999999998
2011-07-14 00:00:00,0.6066999999999996
2011-07-15 00:00:00,0.6266999999999991
2011-07-18 00:00:00,0.5966999999999998
2011-07-19 00:00:00,0.6166999999999985
2011-07-20 00:00:00,0.6466999999999996
2011-07-21 00:00:00,0.6166999999999985
2011-07-22 00:00:00,0.6466999999999996
2011-07-25 00:00:00,0.6366999999999998
2011-07-26 00:00:00,0.6466999999999996
2011-07-27 00:00:00,0.6266999999999983
2011-07-28 00:00:00,0.6166999999999985
2011-07-29 00:00:00,0.6066999999999996
2011-08-01 00:00:00,0.6066999999999996
2011-08-02 00:00:00,0.5866999999999991
2011-08-03 00:00:00,0.49669999999999925
2011-08-04 00:00:00,0.3167000000000013
2011-08-05 00:00:00,0.3767000000000009
2011-08-08 00:00:00,0.23670000000000035
2011-08-09 00:00:00,0.2067000000000001
2011-08-10 00:00:00,0.3167000000000013
2011-08-11 00:00:00,0.34670000000000156
2011-08-12 00:00:00,0.34670000000000156
2011-08-15 00:00:00,0.40670000000000117
2011-08-16 00:00:00,0.3867000000000016
2011-08-17 00:00:00,0.42670000000000075
2011-08-18 00:00:00,0.34670000000000156
2011-08-19 00:00:00,0.3867000000000016
2011-08-22 00:00:00,0.3867000000000016
2011-08-23 00:00:00,0.41670000000000185
2011-08-24 00:00:00,0.42670000000000075
2011-08-25 00:00:00,0.456700000000001
2011-08-26 00:00:00,0.456700000000001
2011-08-29 00:00:00,0.4467000000000003
2011-08-30 00:00:00,0.5166999999999997
2011-08-31 00:00:00,0.5467
2011-09-01 00:00:00,0.5566999999999998
2011-09-02 00:00:00,0.49669999999999925
2011-09-06 00:00:00,0.49669999999999925
2011-09-07 00:00:00,0.5766999999999993
2011-09-08 00:00:00,0.5566999999999998
2011-09-09 00:00:00,0.4467000000000003
2011-09-12 00:00:00,0.42670000000000075
2011-09-13 00:00:00,0.43670000000000053
2011-09-14 00:00:00,0.42670000000000075
2011-09-15 00:00:00,0.4766999999999997
2011-09-16 00:00:00,0.4766999999999997
2011-09-19 00:00:00,0.3967000000000014
2011-09-20 00:00:00,0.40670000000000117
2011-09-21 00:00:00,0.3767000000000009
2011-09-22 00:00:00,0.2666999999999997
2011-09-23 00:00:00,0.23670000000000035
2011-09-26 00:00:00,0.23670000000000035
2011-09-27 00:00:00,0.3367000000000009
2011-09-28 00:00:00,0.2767000000000004
2011-09-29 00:00:00,0.2666999999999997
2011-09-30 00:00:00,0.23670000000000035
2011-10-03 00:00:00,0.1967000000000012
2011-10-04 00:00:00,0.16670000000000074
2011-10-05 00:00:00,0.24670000000000014
2011-10-06 00:00:00,0.3467000000000007
2011-10-07 00:00:00,0.3267000000000011
2011-10-10 00:00:00,0.36670000000000114
2011-10-11 00:00:00,0.41670000000000096
2011-10-12 00:00:00,0.41670000000000096
2011-10-13 00:00:00,0.43670000000000053
2011-10-14 00:00:00,0.506699999999999
2011-10-17 00:00:00,0.4467000000000003
2011-10-18 00:00:00,0.4567000000000001
2011-10-19 00:00:00,0.3867000000000007
2011-10-20 00:00:00,0.40670000000000117
2011-10-21 00:00:00,0.3967000000000014
2011-10-24 00:00:00,0.41670000000000096
2011-10-25 00:00:00,0.41670000000000096
2011-10-26 00:00:00,0.36670000000000114
2011-10-27 00:00:00,0.4467000000000003
2011-10-28 00:00:00,0.3867000000000007
2011-10-31 00:00:00,0.35670000000000135
2011-11-01 00:00:00,0.35670000000000135
2011-11-02 00:00:00,0.36670000000000114
2011-11-03 00:00:00,0.3867000000000007
2011-11-04 00:00:00,0.40670000000000117
2011-11-07 00:00:00,0.466699999999999
2011-11-08 00:00:00,0.4567000000000001
2011-11-09 00:00:00,0.3967000000000014
2011-11-10 00:00:00,0.3967000000000014
2011-11-11 00:00:00,0.36670000000000114
2011-11-14 00:00:00,0.29670000000000085
2011-11-15 00:00:00,0.3467000000000007
2011-11-16 00:00:00,0.3867000000000007
2011-11-17 00:00:00,0.2766999999999995
2011-11-18 00:00:00,0.24670000000000014
2011-11-21 00:00:00,0.25669999999999993
2011-11-22 00:00:00,0.3167000000000004
2011-11-23 00:00:00,0.2766999999999995
2011-11-25 00:00:00,0.22669999999999968
2011-11-28 00:00:00,0.2766999999999995
2011-11-29 00:00:00,0.30670000000000064
2011-11-30 00:00:00,0.3167000000000004
2011-12-01 00:00:00,0.3167000000000004
2011-12-02 00:00:00,0.36670000000000114
2011-12-05 00:00:00,0.36670000000000114
2011-12-06 00:00:00,0.3967000000000005
2011-12-07 00:00:00,0.3467000000000007
2011-12-08 00:00:00,0.3267000000000011
2011-12-09 00:00:00,0.35670000000000046
2011-12-12 00:00:00,0.3267000000000011
2011-12-13 00:00:00,0.3867000000000007
2011-12-14 00:00:00,0.25669999999999993
2011-12-15 00:00:00,0.24670000000000014
2011-12-16 00:00:00,0.23670000000000035
2011-12-19 00:00:00,0.23670000000000035
2011-12-20 00:00:00,0.3167000000000013
2011-12-21 00:00:00,0.35670000000000135
2011-12-22 00:00:00,0.36670000000000114
2011-12-23 00:00:00,0.40670000000000117
2011-12-27 00:00:00,0.41670000000000096
2011-12-28 00:00:00,0.3767000000000009
2011-12-29 00:00:00,0.3967000000000014
2011-12-30 00:00:00,0.3867000000000016
2012-01-03 00:00:00,0.4766999999999997
2012-01-04 00:00:00,0.5166999999999997
2012-01-05 00:00:00,0.4766999999999997
2012-01-06 00:00:00,0.48669999999999947
2012-01-09 00:00:00,0.49669999999999925
2012-01-10 00:00:00,0.506699999999999
2012-01-11 00:00:00,0.49669999999999925
2012-01-12 00:00:00,0.4666999999999999
2012-01-13 00:00:00,0.4666999999999999
2012-01-17 00:00:00,0.5066999999999999
2012-01-18 00:00:00,0.5467
2012-01-19 00:00:00,0.5467
2012-01-20 00:00:00,0.5166999999999997
2012-01-23 00:00:00,0.5166999999999997
2012-01-24 00:00:00,0.5366999999999993
2012-01-25 00:00:00,0.5566999999999998
2012-01-26 00:00:00,0.5766999999999993
2012-01-27 00:00:00,0.6266999999999983
2012-01-30 00:00:00,0.5867
2012-01-31 00:00:00,0.5966999999999998
2012-02-01 00:00:00,0.6066999999999996
2012-02-02 00:00:00,0.5966999999999998
2012-02-03 00:00:00,0.6466999999999996
2012-02-06 00:00:00,0.6666999999999992
2012-02-07 00:00:00,0.6666999999999992
2012-02-08 00:00:00,0.7066999999999992
2012-02-09 00:00:00,0.7466999999999993
2012-02-10 00:00:00,0.7166999999999999
2012-02-13 00:00:00,0.7566999999999999
2012-02-14 00:00:00,0.7366999999999995
2012-02-15 00:00:00,0.7666999999999997
2012-02-16 00:00:00,0.7966999999999991
2012-02-17 00:00:00,0.7866999999999993
2012-02-21 00:00:00,0.8466999999999998
2012-02-22 00:00:00,0.8566999999999996
2012-02-23 00:00:00,0.8866999999999989
2012-02-24 00:00:00,0.926699999999999
2012-02-27 00:00:00,0.8966999999999996
2012-02-28 00:00:00,0.8266999999999993
2012-02-29 00:00:00,0.8566999999999996
2012-03-01 00:00:00,0.9466999999999994
2012-03-02 00:00:00,0.8766999999999991
2012-03-05 00:00:00,0.8666999999999994
2012-03-06 00:00:00,0.8366999999999991
2012-03-07 00:00:00,0.8866999999999989
2012-03-08 00:00:00,0.9166999999999992
2012-03-09 00:00:00,0.9366999999999996
2012-03-12 00:00:00,0.926699999999999
2012-03-13 00:00:00,0.9566999999999992
2012-03-14 00:00:00,0.9466999999999994
2012-03-15 00:00:00,0.8866999999999989
2012-03-16 00:00:00,0.9566999999999992
2012-03-19 00:00:00,0.9666999999999999
2012-03-20 00:00:00,0.9466999999999994
2012-03-21 00:00:00,0.9466999999999994
2012-03-22 00:00:00,0.9166999999999992
2012-03-23 00:00:00,0.9566999999999992
2012-03-26 00:00:00,0.9866999999999995
2012-03-27 00:00:00,0.9766999999999997
2012-03-28 00:00:00,0.9466999999999994
2012-03-29 00:00:00,0.9166999999999992
2012-03-30 00:00:00,0.8866999999999998
2012-04-02 00:00:00,0.9466999999999994
2012-04-03 00:00:00,0.9466999999999994
2012-04-04 00:00:00,0.8966999999999996
2012-04-05 00:00:00,0.9166999999999992
2012-04-09 00:00:00,0.8666999999999994
2012-04-10 00:00:00,0.8166999999999995
2012-04-11 00:00:00,0.8566999999999996
2012-04-12 00:00:00,0.9066999999999994
2012-04-13 00:00:00,0.9066999999999994
2012-04-16 00:00:00,0.8266999999999993
2012-04-17 00:00:00,0.8166999999999995
2012-04-18 00:00:00,0.7967
2012-04-19 00:00:00,0.7766999999999995
2012-04-20 00:00:00,0.7666999999999997
2012-04-23 00:00:00,0.7967
2012-04-24 00:00:00,0.7766999999999995
2012-04-25 00:00:00,0.7766999999999995
2012-04-26 00:00:00,0.7866999999999993
2012-04-27 00:00:00,0.7967
2012-04-30 00:00:00,0.7766999999999995
2012-05-01 00:00:00,0.7566999999999999
2012-05-02 00:00:00,0.7366999999999995
2012-05-03 00:00:00,0.7066999999999992
2012-05-04 00:00:00,0.6266999999999991
2012-05-07 00:00:00,0.6266999999999991
2012-05-08 00:00:00,0.6366999999999998
2012-05-09 00:00:00,0.6566999999999994
2012-05-10 00:00:00,0.6366999999999998
2012-05-11 00:00:00,0.6266999999999991
2012-05-14 00:00:00,0.5966999999999998
2012-05-15 00:00:00,0.5867
2012-05-16 00:00:00,0.5666999999999995
2012-05-17 00:00:00,0.5166999999999997
2012-05-18 00:00:00,0.5166999999999997
2012-05-21 00:00:00,0.5566999999999998
2012-05-22 00:00:00,0.5467
2012-05-23 00:00:00,0.49670000000000014
2012-05-24 00:00:00,0.5166999999999997
2012-05-25 00:00:00,0.5266999999999995
2012-05-29 00:00:00,0.5266999999999995
2012-05-30 00:00:00,0.4666999999999999
2012-05-31 00:00:00,0.41670000000000185
2012-06-01 00:00:00,0.3367000000000018
2012-06-04 00:00:00,0.34670000000000156
2012-06-05 00:00:00,0.35670000000000135
2012-06-06 00:00:00,0.3767000000000018
2012-06-07 00:00:00,0.366700000000002
2012-06-08 00:00:00,0.366700000000002
2012-06-11 00:00:00,0.3367000000000018
2012-06-12 00:00:00,0.326700000000002
2012-06-13 00:00:00,0.326700000000002
2012-06-14 00:00:00,0.34670000000000156
2012-06-15 00:00:00,0.3767000000000018
2012-06-18 00:00:00,0.34670000000000156
2012-06-19 00:00:00,0.3267000000000011
2012-06-20 00:00:00,0.2667000000000006
2012-06-21 00:00:00,0.1967000000000012
2012-06-22 00:00:00,0.21670000000000078
2012-06-25 00:00:00,0.22670000000000057
2012-06-26 00:00:00,0.2667000000000006
2012-06-27 00:00:00,0.24670000000000103
2012-06-28 00:00:00,0.21670000000000078
2012-06-29 00:00:00,0.3767000000000018
2012-07-02 00:00:00,0.35670000000000135
2012-07-03 00:00:00,0.4467000000000003
2012-07-05 00:00:00,0.4766999999999997
2012-07-06 00:00:00,0.41670000000000185
2012-07-09 00:00:00,0.456700000000001
2012-07-10 00:00:00,0.42670000000000075
2012-07-11 00:00:00,0.456700000000001
2012-07-12 00:00:00,0.48669999999999947
2012-07-13 00:00:00,0.5066999999999999
2012-07-16 00:00:00,0.5467
2012-07-17 00:00:00,0.5467
2012-07-18 00:00:00,0.5867
2012-07-19 00:00:00,0.6567000000000003
2012-07-20 00:00:00,0.6466999999999996
2012-07-23 00:00:00,0.5666999999999995
2012-07-24 00:00:00,0.5467
2012-07-25 00:00:00,0.5467
2012-07-26 00:00:00,0.5666999999999995
2012-07-27 00:00:00,0.6066999999999996
2012-07-30 00:00:00,0.6166999999999994
2012-07-31 00:00:00,0.5767000000000002
2012-08-01 00:00:00,0.6266999999999991
2012-08-02 00:00:00,0.6366999999999998
2012-08-03 00:00:00,0.7067000000000001
2012-08-06 00:00:00,0.7166999999999999
2012-08-07 00:00:00,0.7766999999999995
2012-08-08 00:00:00,0.7766999999999995
2012-08-09 00:00:00,0.8066999999999998
2012-08-10 00:00:00,0.8066999999999998
2012-08-13 00:00:00,0.8066999999999998
2012-08-14 00:00:00,0.8166999999999995
2012-08-15 00:00:00,0.8866999999999998
2012-08-16 00:00:00,0.8966999999999996
2012-08-17 00:00:00,0.8667000000000002
2012-08-20 00:00:00,0.8667000000000002
2012-08-21 00:00:00,0.9067000000000003
2012-08-22 00:00:00,0.9266999999999999
2012-08-23 00:00:00,0.9266999999999999
2012-08-24 00:00:00,0.8866999999999998
2012-08-27 00:00:00,0.8966999999999996
2012-08-28 00:00:00,0.8966999999999996
2012-08-29 00:00:00,0.8767
2012-08-30 00:00:00,0.8767
2012-08-31 00:00:00,0.9366999999999996
2012-09-04 00:00:00,0.9167000000000001
2012-09-05 00:00:00,0.9067000000000003
2012-09-06 00:00:00,0.9366999999999996
2012-09-07 00:00:00,0.9567000000000001
2012-09-10 00:00:00,0.9666999999999999
2012-09-11 00:00:00,0.9766999999999997
2012-09-12 00:00:00,0.9666999999999999
2012-09-13 00:00:00,0.9467000000000003
2012-09-14 00:00:00,0.9867000000000004
2012-09-17 00:00:00,0.9167000000000001
2012-09-18 00:00:00,0.8667000000000002
2012-09-19 00:00:00,0.7767000000000004
2012-09-20 00:00:00,0.8167000000000004
2012-09-21 00:00:00,0.8567000000000005
2012-09-24 00:00:00,0.8267000000000002
2012-09-25 00:00:00,0.8466999999999998
2012-09-26 00:00:00,0.8667000000000002
2012-09-27 00:00:00,0.8966999999999996
2012-09-28 00:00:00,0.9067000000000003
2012-10-01 00:00:00,0.9067000000000003
2012-10-02 00:00:00,0.8767
2012-10-03 00:00:00,0.7967
2012-10-04 00:00:00,0.9167000000000001
2012-10-05 00:00:00,0.9167000000000001
2012-10-08 00:00:00,0.8767
2012-10-09 00:00:00,0.9467000000000003
2012-10-10 00:00:00,0.9467000000000003
2012-10-11 00:00:00,0.9766999999999997
2012-10-12 00:00:00,0.9266999999999999
2012-10-15 00:00:00,0.9167000000000001
2012-10-16 00:00:00,0.9167000000000001
2012-10-17 00:00:00,0.8966999999999996
2012-10-18 00:00:00,0.8567000000000005
2012-10-19 00:00:00,0.7967
2012-10-22 00:00:00,0.7666999999999997
2012-10-23 00:00:00,0.7266999999999997
2012-10-24 00:00:00,0.7266999999999997
2012-10-25 00:00:00,0.7566999999999999
2012-10-26 00:00:00,0.7666999999999997
2012-10-29 00:00:00,0.7566999999999999
2012-10-30 00:00:00,0.7367000000000004
2012-10-31 00:00:00,0.7367000000000004
2012-11-01 00:00:00,0.7467000000000001
2012-11-02 00:00:00,0.6967000000000003
2012-11-05 00:00:00,0.7367000000000004
2012-11-06 00:00:00,0.8167000000000004
2012-11-07 00:00:00,0.7166999999999999
2012-11-08 00:00:00,0.7266999999999997
2012-11-09 00:00:00,0.7967
2012-11-12 00:00:00,0.7767000000000004
2012-11-13 00:00:00,0.7666999999999997
2012-11-14 00:00:00,0.7867000000000002
2012-11-15 00:00:00,0.7967
2012-11-16 00:00:00,0.8167000000000004
2012-11-19 00:00:00,0.8667000000000002
2012-11-20 00:00:00,0.8267000000000002
2012-11-21 00:00:00,0.8567000000000005
2012-11-23 00:00:00,0.8567000000000005
2012-11-26 00:00:00,0.8466999999999998
2012-11-27 00:00:00,0.8367
2012-11-28 00:00:00,0.8267000000000002
2012-11-29 00:00:00,0.8667000000000002
2012-11-30 00:00:00,0.8667000000000002
2012-12-03 00:00:00,0.8667000000000002
2012-12-04 00:00:00,0.8267000000000002
2012-12-05 00:00:00,0.7767000000000004
2012-12-06 00:00:00,0.7367000000000004
2012-12-07 00:00:00,0.7367000000000004
2012-12-10 00:00:00,0.7467000000000001
2012-12-11 00:00:00,0.7566999999999999
2012-12-12 00:00:00,0.7867000000000002
2012-12-13 00:00:00,0.7467000000000001
2012-12-14 00:00:00,0.7967
2012-12-17 00:00:00,0.7867000000000002
2012-12-18 00:00:00,0.8166999999999995
2012-12-19 00:00:00,0.8667000000000002
2012-12-20 00:00:00,0.8767
2012-12-21 00:00:00,0.8466999999999998
2012-12-24 00:00:00,0.8566999999999996
2012-12-26 00:00:00,0.9167000000000001
2012-12-27 00:00:00,0.9167000000000001
2012-12-28 00:00:00,0.8866999999999998
2012-12-31 00:00:00,0.8866999999999998
2013-01-02 00:00:00,0.9167000000000001
2013-01-03 00:00:00,0.9167000000000001
2013-01-04 00:00:00,0.8966999999999996
2013-01-07 00:00:00,0.9066999999999994
2013-01-08 00:00:00,0.9266999999999999
2013-01-09 00:00:00,0.9167000000000001
2013-01-10 00:00:00,0.9266999999999999
2013-01-11 00:00:00,0.8767
2013-01-14 00:00:00,0.8966999999999996
2013-01-15 00:00:00,0.8466999999999998
2013-01-16 00:00:00,0.8566999999999996
2013-01-17 00:00:00,0.8966999999999996
2013-01-18 00:00:00,0.9167000000000001
2013-01-22 00:00:00,0.9366999999999996
2013-01-23 00:00:00,0.9566999999999992
2013-01-24 00:00:00,0.9866999999999995
2013-01-25 00:00:00,0.9966999999999993
2013-01-28 00:00:00,1.0366999999999993
2013-01-29 00:00:00,1.0666999999999995
2013-01-30 00:00:00,1.1166999999999994
2013-01-31 00:00:00,1.1267
2013-02-01 00:00:00,1.1566999999999994
2013-02-04 00:00:00,1.1166999999999994
2013-02-05 00:00:00,1.1466999999999996
2013-02-06 00:00:00,1.1667
2013-02-07 00:00:00,1.1466999999999996
2013-02-08 00:00:00,1.2066999999999992
2013-02-11 00:00:00,1.1766999999999999
2013-02-12 00:00:00,1.2066999999999992
2013-02-13 00:00:00,1.2167
2013-02-14 00:00:00,1.2666999999999997
2013-02-15 00:00:00,1.2666999999999997
2013-02-19 00:00:00,1.2666999999999997
2013-02-20 00:00:00,1.2167
2013-02-21 00:00:00,1.1866999999999996
2013-02-22 00:00:00,1.2067
2013-02-25 00:00:00,1.2067
2013-02-26 00:00:00,1.1466999999999996
2013-02-27 00:00:00,1.0666999999999995
2013-02-28 00:00:00,1.0666999999999995
2013-03-01 00:00:00,1.0766999999999993
2013-03-04 00:00:00,1.0566999999999998
2013-03-05 00:00:00,1.1066999999999996
2013-03-06 00:00:00,1.0966999999999998
2013-03-07 00:00:00,1.0966999999999998
2013-03-08 00:00:00,1.1667
2013-03-11 00:00:00,1.1267
2013-03-12 00:00:00,1.1267
2013-03-13 00:00:00,1.1166999999999994
2013-03-14 00:00:00,1.1166999999999994
2013-03-15 00:00:00,1.1366999999999998
2013-03-18 00:00:00,1.1066999999999996
2013-03-19 00:00:00,1.0366999999999993
2013-03-20 00:00:00,1.0867
2013-03-21 00:00:00,1.0467
2013-03-22 00:00:00,1.0366999999999993
2013-03-25 00:00:00,1.0467
2013-03-26 00:00:00,1.0966999999999998
2013-03-27 00:00:00,1.1066999999999996
2013-03-28 00:00:00,1.1066999999999996
2013-04-01 00:00:00,1.1066999999999996
2013-04-02 00:00:00,1.0566999999999998
2013-04-03 00:00:00,0.9366999999999996
2013-04-04 00:00:00,0.9266999999999999
2013-04-05 00:00:00,0.8866999999999998
2013-04-08 00:00:00,0.9266999999999999
2013-04-09 00:00:00,0.9666999999999999
2013-04-10 00:00:00,0.9066999999999994
2013-04-11 00:00:00,0.8666999999999994
2013-04-12 00:00:00,0.8367
2013-04-15 00:00:00,0.7866999999999993
2013-04-16 00:00:00,0.7967
2013-04-17 00:00:00,0.7467000000000001
2013-04-18 00:00:00,0.7766999999999995
2013-04-19 00:00:00,0.7867000000000002
2013-04-22 00:00:00,0.7867000000000002
2013-04-23 00:00:00,0.7467000000000001
2013-04-24 00:00:00,0.7867000000000002
2013-04-25 00:00:00,0.8367
2013-04-26 00:00:00,0.8566999999999996
2013-04-29 00:00:00,0.8466999999999998
2013-04-30 00:00:00,0.8266999999999993
2013-05-01 00:00:00,0.7566999999999999
2013-05-02 00:00:00,0.8166999999999995
2013-05-03 00:00:00,0.8566999999999996
2013-05-06 00:00:00,0.8966999999999996
2013-05-07 00:00:00,0.8666999999999994
2013-05-08 00:00:00,0.8866999999999998
2013-05-09 00:00:00,0.9167000000000001
2013-05-10 00:00:00,0.8966999999999996
2013-05-13 00:00:00,0.8566999999999996
2013-05-14 00:00:00,0.8666999999999994
2013-05-15 00:00:00,0.8966999999999996
2013-05-16 00:00:00,0.9066999999999994
2013-05-17 00:00:00,0.9366999999999996
2013-05-20 00:00:00,0.9466999999999994
2013-05-21 00:00:00,0.8966999999999996
2013-05-22 00:00:00,0.8766999999999991
2013-05-23 00:00:00,0.8766999999999991
2013-05-24 00:00:00,0.8866999999999998
2013-05-28 00:00:00,0.9066999999999994
2013-05-29 00:00:00,0.8566999999999996
2013-05-30 00:00:00,0.8666999999999994
2013-05-31 00:00:00,0.8166999999999995
2013-06-03 00:00:00,0.8466999999999998
2013-06-04 00:00:00,0.8766999999999991
2013-06-05 00:00:00,0.8766999999999991
2013-06-06 00:00:00,0.9066999999999994
2013-06-07 00:00:00,0.9366999999999996
2013-06-10 00:00:00,0.9166999999999992
2013-06-11 00:00:00,0.8866999999999998
2013-06-12 00:00:00,0.8766999999999991
2013-06-13 00:00:00,0.9266999999999999
2013-06-14 00:00:00,0.9566999999999992
2013-06-17 00:00:00,0.9266999999999999
2013-06-18 00:00:00,0.9466999999999994
2013-06-19 00:00:00,0.9566999999999992
2013-06-20 00:00:00,0.8566999999999996
2013-06-21 00:00:00,0.8266999999999993
2013-06-24 00:00:00,0.8066999999999998
2013-06-25 00:00:00,0.8066999999999998
2013-06-26 00:00:00,0.7967
2013-06-27 00:00:00,0.8066999999999998
2013-06-28 00:00:00,0.7967
2013-07-01 00:00:00,0.8166999999999995
2013-07-02 00:00:00,0.8566999999999996
2013-07-03 00:00:00,0.9166999999999992
2013-07-05 00:00:00,0.9666999999999999
2013-07-08 00:00:00,0.9566999999999992
2013-07-09 00:00:00,0.9866999999999995
2013-07-10 00:00:00,1.0666999999999995
2013-07-11 00:00:00,1.0666999999999995
2013-07-12 00:00:00,1.1366999999999998
2013-07-15 00:00:00,1.1266999999999991
2013-07-16 00:00:00,1.1466999999999996
2013-07-17 00:00:00,1.1366999999999998
2013-07-18 00:00:00,1.1466999999999996
2013-07-19 00:00:00,1.1566999999999994
2013-07-22 00:00:00,1.1266999999999991
2013-07-23 00:00:00,1.1466999999999996
2013-07-24 00:00:00,1.1266999999999991
2013-07-25 00:00:00,1.0966999999999998
2013-07-26 00:00:00,1.1166999999999994
2013-07-29 00:00:00,1.0966999999999998
2013-07-30 00:00:00,1.0866999999999991
2013-07-31 00:00:00,1.1166999999999994
2013-08-01 00:00:00,1.1466999999999996
2013-08-02 00:00:00,1.1266999999999991
2013-08-05 00:00:00,1.0866999999999991
2013-08-06 00:00:00,1.0566999999999998
2013-08-07 00:00:00,1.0166999999999997
2013-08-08 00:00:00,1.0067
2013-08-09 00:00:00,1.046699999999999
2013-08-12 00:00:00,1.0566999999999998
2013-08-13 00:00:00,1.0866999999999991
2013-08-14 00:00:00,1.1166999999999994
2013-08-15 00:00:00,1.1166999999999994
2013-08-16 00:00:00,1.1166999999999994
2013-08-19 00:00:00,1.0866999999999991
2013-08-20 00:00:00,1.0866999999999991
2013-08-21 00:00:00,1.0866999999999991
2013-08-22 00:00:00,1.0966999999999998
2013-08-23 00:00:00,1.1266999999999991
2013-08-26 00:00:00,1.0966999999999998
2013-08-27 00:00:00,1.1766999999999999
2013-08-28 00:00:00,1.2266999999999997
2013-08-29 00:00:00,1.1966999999999994
2013-08-30 00:00:00,1.1566999999999994
2013-09-03 00:00:00,1.1466999999999996
2013-09-04 00:00:00,1.1466999999999996
2013-09-05 00:00:00,1.1266999999999991
2013-09-06 00:00:00,1.1466999999999996
2013-09-09 00:00:00,1.1066999999999996
2013-09-10 00:00:00,1.0266999999999995
2013-09-11 00:00:00,1.0067
2013-09-12 00:00:00,1.0566999999999998
2013-09-13 00:00:00,1.0666999999999995
2013-09-16 00:00:00,1.0166999999999997
2013-09-17 00:00:00,0.9566999999999992
2013-09-18 00:00:00,1.0366999999999993
2013-09-19 00:00:00,0.9866999999999995
2013-09-20 00:00:00,0.9766999999999997
2013-09-23 00:00:00,0.9266999999999999
2013-09-24 00:00:00,0.9566999999999992
2013-09-25 00:00:00,0.9666999999999999
2013-09-26 00:00:00,0.9866999999999995
2013-09-27 00:00:00,0.9666999999999999
2013-09-30 00:00:00,0.9366999999999996
2013-10-01 00:00:00,0.9166999999999992
2013-10-02 00:00:00,0.9366999999999996
2013-10-03 00:00:00,0.9466999999999994
2013-10-04 00:00:00,0.9266999999999999
2013-10-07 00:00:00,0.9466999999999994
2013-10-08 00:00:00,0.9466999999999994
2013-10-09 00:00:00,0.9366999999999996
2013-10-10 00:00:00,1.0067
2013-10-11 00:00:00,0.9766999999999997
2013-10-14 00:00:00,0.9766999999999997
2013-10-15 00:00:00,0.9666999999999999
2013-10-16 00:00:00,1.0067
2013-10-17 00:00:00,0.9566999999999992
2013-10-18 00:00:00,0.9866999999999995
2013-10-21 00:00:00,0.9666999999999999
2013-10-22 00:00:00,0.9366999999999996
2013-10-23 00:00:00,0.8766999999999991
2013-10-24 00:00:00,0.8966999999999996
2013-10-25 00:00:00,0.8966999999999996
2013-10-28 00:00:00,0.9366999999999996
2013-10-29 00:00:00,0.9266999999999999
2013-10-30 00:00:00,0.9466999999999994
2013-10-31 00:00:00,0.9166999999999992
2013-11-01 00:00:00,0.8766999999999991
2013-11-04 00:00:00,0.8566999999999996
2013-11-05 00:00:00,0.8366999999999991
2013-11-06 00:00:00,0.8666999999999994
2013-11-07 00:00:00,0.8266999999999993
2013-11-08 00:00:00,0.8766999999999991
2013-11-11 00:00:00,0.9166999999999992
2013-11-12 00:00:00,0.8966999999999996
2013-11-13 00:00:00,0.9366999999999996
2013-11-14 00:00:00,0.9866999999999995
2013-11-15 00:00:00,0.9666999999999999
2013-11-18 00:00:00,0.9666999999999999
2013-11-19 00:00:00,0.9466999999999994
2013-11-20 00:00:00,0.9766999999999997
2013-11-21 00:00:00,1.0467
2013-11-22 00:00:00,1.0366999999999993
2013-11-25 00:00:00,1.0067
2013-11-26 00:00:00,1.0166999999999997
2013-11-27 00:00:00,1.0266999999999995
2013-11-29 00:00:00,0.9966999999999993
2013-12-02 00:00:00,1.0166999999999997
2013-12-03 00:00:00,1.0666999999999995
2013-12-04 00:00:00,1.0566999999999998
2013-12-05 00:00:00,1.0566999999999998
2013-12-06 00:00:00,1.0666999999999995
2013-12-09 00:00:00,1.0166999999999997
2013-12-10 00:00:00,1.0266999999999995
2013-12-11 00:00:00,1.0067
2013-12-12 00:00:00,0.9766999999999997
2013-12-13 00:00:00,0.9666999999999999
2013-12-16 00:00:00,0.9866999999999995
2013-12-17 00:00:00,0.9866999999999995
2013-12-18 00:00:00,1.0367000000000002
2013-12-19 00:00:00,1.0766999999999993
2013-12-20 00:00:00,1.1066999999999996
2013-12-23 00:00:00,1.1066999999999996
2013-12-24 00:00:00,1.1366999999999998
2013-12-26 00:00:00,1.1366999999999998
2013-12-27 00:00:00,1.1366999999999998
2013-12-30 00:00:00,1.1066999999999996
2013-12-31 00:00:00,1.1066999999999996
2014-01-02 00:00:00,1.0266999999999995
2014-01-03 00:00:00,0.9766999999999997
2014-01-06 00:00:00,0.9766999999999997
2014-01-07 00:00:00,1.0067
2014-01-08 00:00:00,0.9866999999999995
2014-01-09 00:00:00,0.9766999999999997
2014-01-10 00:00:00,0.9967000000000001
2014-01-13 00:00:00,0.9666999999999999
2014-01-14 00:00:00,0.9567000000000001
2014-01-15 00:00:00,0.9567000000000001
2014-01-16 00:00:00,0.9266999999999999
2014-01-17 00:00:00,0.9467000000000003
2014-01-21 00:00:00,0.9467000000000003
2014-01-22 00:00:00,1.0067
2014-01-23 00:00:00,0.9867000000000004
2014-01-24 00:00:00,0.9867000000000004
2014-01-27 00:00:00,0.9567000000000001
2014-01-28 00:00:00,0.9567000000000001
2014-01-29 00:00:00,0.9867000000000004
2014-01-30 00:00:00,0.9967000000000001
2014-01-31 00:00:00,0.9467000000000003
2014-02-03 00:00:00,0.9366999999999996
2014-02-04 00:00:00,0.9266999999999999
2014-02-05 00:00:00,0.9666999999999999
2014-02-06 00:00:00,0.9967000000000001
2014-02-07 00:00:00,1.0566999999999998
2014-02-10 00:00:00,1.0367000000000002
2014-02-11 00:00:00,1.0667000000000004
2014-02-12 00:00:00,1.0767000000000002
2014-02-13 00:00:00,1.0867
2014-02-14 00:00:00,1.1067000000000005
2014-02-18 00:00:00,1.1367000000000007
2014-02-19 00:00:00,1.1367000000000007
2014-02-20 00:00:00,1.1567000000000003
2014-02-21 00:00:00,1.1367000000000007
2014-02-24 00:00:00,1.1467000000000005
2014-02-25 00:00:00,1.1067000000000005
2014-02-26 00:00:00,1.1167000000000002
2014-02-27 00:00:00,1.0967000000000007
2014-02-28 00:00:00,1.1167000000000002
2014-03-03 00:00:00,1.1567000000000003
2014-03-04 00:00:00,1.1167000000000002
2014-03-05 00:00:00,1.0767000000000002
2014-03-06 00:00:00,1.0867
2014-03-07 00:00:00,1.1067000000000005
2014-03-10 00:00:00,1.0867
2014-03-11 00:00:00,1.1067000000000005
2014-03-12 00:00:00,1.0867
2014-03-13 00:00:00,1.0667000000000004
2014-03-14 00:00:00,1.0967000000000007
2014-03-17 00:00:00,1.0167000000000006
2014-03-18 00:00:00,1.0367000000000002
2014-03-19 00:00:00,1.0067
2014-03-20 00:00:00,1.0267000000000004
2014-03-21 00:00:00,1.0367000000000002
2014-03-24 00:00:00,1.0267000000000004
2014-03-25 00:00:00,1.0267000000000004
2014-03-26 00:00:00,1.0467
2014-03-27 00:00:00,1.0867
2014-03-28 00:00:00,1.0867
2014-03-31 00:00:00,1.0667000000000004
2014-04-01 00:00:00,1.0167000000000006
2014-04-02 00:00:00,1.0167000000000006
2014-04-03 00:00:00,1.0567000000000006
2014-04-04 00:00:00,1.0767000000000002
2014-04-07 00:00:00,1.0667000000000004
2014-04-08 00:00:00,1.1167000000000002
2014-04-09 00:00:00,1.1467000000000005
2014-04-10 00:00:00,1.1467000000000005
2014-04-11 00:00:00,1.1467000000000005
2014-04-14 00:00:00,1.1667
2014-04-15 00:00:00,1.1766999999999999
2014-04-16 00:00:00,1.1766999999999999
2014-04-17 00:00:00,1.1866999999999996
2014-04-21 00:00:00,1.2067
2014-04-22 00:00:00,1.2067
2014-04-23 00:00:00,1.1967000000000003
2014-04-24 00:00:00,1.2067
2014-04-25 00:00:00,1.1967000000000003
2014-04-28 00:00:00,1.1567000000000003
2014-04-29 00:00:00,1.1766999999999999
2014-04-30 00:00:00,1.1366999999999998
2014-05-01 00:00:00,1.1167000000000002
2014-05-02 00:00:00,1.1267
2014-05-05 00:00:00,1.0966999999999998
2014-05-06 00:00:00,1.0666999999999995
2014-05-07 00:00:00,1.1066999999999996
2014-05-08 00:00:00,1.0966999999999998
2014-05-09 00:00:00,1.0867
2014-05-12 00:00:00,1.1066999999999996
2014-05-13 00:00:00,1.1267
2014-05-14 00:00:00,1.1567000000000003
2014-05-15 00:00:00,1.1567000000000003
2014-05-16 00:00:00,1.1667
2014-05-19 00:00:00,1.1567000000000003
2014-05-20 00:00:00,1.1667
2014-05-21 00:00:00,1.1967000000000003
2014-05-22 00:00:00,1.1967000000000003
2014-05-23 00:00:00,1.2167
2014-05-27 00:00:00,1.1967000000000003
2014-05-28 00:00:00,1.1967000000000003
2014-05-29 00:00:00,1.2067
2014-05-30 00:00:00,1.1866999999999996
2014-06-02 00:00:00,1.1667
2014-06-03 00:00:00,1.1667
2014-06-04 00:00:00,1.1466999999999996
2014-06-05 00:00:00,1.1667
2014-06-06 00:00:00,1.1567000000000003
2014-06-09 00:00:00,1.1967000000000003
2014-06-10 00:00:00,1.1866999999999996
2014-06-11 00:00:00,1.2167
2014-06-12 00:00:00,1.2867000000000002
2014-06-13 00:00:00,1.2666999999999997
2014-06-16 00:00:00,1.2867000000000002
2014-06-17 00:00:00,1.3066999999999998
2014-06-18 00:00:00,1.3066999999999998
2014-06-19 00:00:00,1.3367
2014-06-20 00:00:00,1.3367
2014-06-23 00:00:00,1.3267000000000002
2014-06-24 00:00:00,1.3367
2014-06-25 00:00:00,1.3166999999999995
2014-06-26 00:00:00,1.3066999999999998
2014-06-27 00:00:00,1.3166999999999995
2014-06-30 00:00:00,1.2967
2014-07-01 00:00:00,1.2867000000000002
2014-07-02 00:00:00,1.2767000000000004
2014-07-03 00:00:00,1.2666999999999997
2014-07-07 00:00:00,1.2467000000000001
2014-07-08 00:00:00,1.2266999999999997
2014-07-09 00:00:00,1.1967000000000003
2014-07-10 00:00:00,1.2167
2014-07-11 00:00:00,1.1667
2014-07-14 00:00:00,1.1866999999999996
2014-07-15 00:00:00,1.1567000000000003
2014-07-16 00:00:00,1.1466999999999996
2014-07-17 00:00:00,1.1466999999999996
2014-07-18 00:00:00,1.1267
2014-07-21 00:00:00,1.1566999999999994
2014-07-22 00:00:00,1.1466999999999996
2014-07-23 00:00:00,1.1366999999999998
2014-07-24 00:00:00,1.1166999999999994
2014-07-25 00:00:00,1.1466999999999996
2014-07-28 00:00:00,1.1267
2014-07-29 00:00:00,1.1466999999999996
2014-07-30 00:00:00,1.1166999999999994
2014-07-31 00:00:00,1.1066999999999996
2014-08-01 00:00:00,1.0566999999999998
2014-08-04 00:00:00,1.0467
2014-08-05 00:00:00,1.0366999999999993
2014-08-06 00:00:00,1.0566999999999998
2014-08-07 00:00:00,1.0867
2014-08-08 00:00:00,1.0666999999999995
2014-08-11 00:00:00,1.0766999999999993
2014-08-12 00:00:00,1.0467
2014-08-13 00:00:00,1.0766999999999993
2014-08-14 00:00:00,0.9866999999999995
2014-08-15 00:00:00,1.0266999999999995
2014-08-18 00:00:00,0.9866999999999995
2014-08-19 00:00:00,1.0067
2014-08-20 00:00:00,1.0166999999999997
2014-08-21 00:00:00,1.0367000000000002
2014-08-22 00:00:00,1.0266999999999995
2014-08-25 00:00:00,1.0367000000000002
2014-08-26 00:00:00,1.0367000000000002
2014-08-27 00:00:00,1.0367000000000002
2014-08-28 00:00:00,1.0367000000000002
2014-08-29 00:00:00,1.0666999999999995
2014-09-02 00:00:00,0.9866999999999995
2014-09-03 00:00:00,1.0566999999999998
2014-09-04 00:00:00,1.0367000000000002
2014-09-05 00:00:00,1.0166999999999997
2014-09-08 00:00:00,0.9967000000000001
2014-09-09 00:00:00,0.9866999999999995
2014-09-10 00:00:00,0.9666999999999999
2014-09-11 00:00:00,0.9567000000000001
2014-09-12 00:00:00,0.9467000000000003
2014-09-15 00:00:00,0.9567000000000001
2014-09-16 00:00:00,0.9866999999999995
2014-09-17 00:00:00,0.9966999999999993
2014-09-18 00:00:00,0.9766999999999997
2014-09-19 00:00:00,0.9966999999999993
2014-09-22 00:00:00,0.9666999999999999
2014-09-23 00:00:00,0.9666999999999999
2014-09-24 00:00:00,0.9666999999999999
2014-09-25 00:00:00,0.9866999999999995
2014-09-26 00:00:00,0.9466999999999994
2014-09-29 00:00:00,0.9766999999999997
2014-09-30 00:00:00,0.9066999999999994
2014-10-01 00:00:00,0.9066999999999994
2014-10-02 00:00:00,0.8766999999999991
2014-10-03 00:00:00,0.8466999999999998
2014-10-06 00:00:00,0.8666999999999994
2014-10-07 00:00:00,0.8366999999999991
2014-10-08 00:00:00,0.7966999999999991
2014-10-09 00:00:00,0.7566999999999999
2014-10-10 00:00:00,0.7466999999999993
2014-10-13 00:00:00,0.7366999999999995
2014-10-14 00:00:00,0.6566999999999994
2014-10-15 00:00:00,0.6166999999999985
2014-10-16 00:00:00,0.6666999999999992
2014-10-17 00:00:00,0.6766999999999999
2014-10-20 00:00:00,0.6466999999999996
2014-10-21 00:00:00,0.6666999999999992
2014-10-22 00:00:00,0.6266999999999983
2014-10-23 00:00:00,0.6766999999999999
2014-10-24 00:00:00,0.6566999999999994
2014-10-27 00:00:00,0.6566999999999994
2014-10-28 00:00:00,0.6666999999999992
2014-10-29 00:00:00,0.6966999999999994
2014-10-30 00:00:00,0.6766999999999999
2014-10-31 00:00:00,0.6666999999999992
2014-11-03 00:00:00,0.6366999999999998
2014-11-04 00:00:00,0.5966999999999998
2014-11-05 00:00:00,0.5966999999999998
2014-11-06 00:00:00,0.6366999999999998
2014-11-07 00:00:00,0.6366999999999998
2014-11-10 00:00:00,0.6066999999999996
2014-11-11 00:00:00,0.6066999999999996
2014-11-12 00:00:00,0.5966999999999998
2014-11-13 00:00:00,0.49669999999999925
2014-11-14 00:00:00,0.5366999999999993
2014-11-17 00:00:00,0.5266999999999995
2014-11-18 00:00:00,0.5366999999999993
2014-11-19 00:00:00,0.5366999999999993
2014-11-20 00:00:00,0.5266999999999995
2014-11-21 00:00:00,0.5566999999999989
2014-11-24 00:00:00,0.5366999999999993
2014-11-25 00:00:00,0.5266999999999995
2014-11-26 00:00:00,0.5266999999999995
2014-11-28 00:00:00,0.3367000000000009
2014-12-01 00:00:00,0.3867000000000007
2014-12-02 00:00:00,0.3267000000000011
2014-12-03 00:00:00,0.3267000000000011
2014-12-04 00:00:00,0.30670000000000064
2014-12-05 00:00:00,0.2867000000000002
2014-12-08 00:00:00,0.22669999999999968
2014-12-09 00:00:00,0.24670000000000014
2014-12-10 00:00:00,0.16670000000000074
2014-12-11 00:00:00,0.14670000000000094
2014-12-12 00:00:00,0.11670000000000091
2014-12-15 00:00:00,0.0967000000000009
2014-12-16 00:00:00,0.05670000000000086
2014-12-17 00:00:00,0.08670000000000089
2014-12-18 00:00:00,0.04670000000000085
2014-12-19 00:00:00,0.08670000000000089
2014-12-22 00:00:00,0.05670000000000086
2014-12-23 00:00:00,0.0967000000000009
2014-12-24 00:00:00,0.04670000000000085
2014-12-26 00:00:00,0.03670000000000084
2014-12-29 00:00:00,-0.013299999999999201
2014-12-30 00:00:00,-0.013299999999999201
2014-12-31 00:00:00,-0.013299999999999201
2015-01-02 00:00:00,-0.04329999999999923
2015-01-05 00:00:00,-0.09329999999999927
2015-01-06 00:00:00,-0.1232999999999993
2015-01-07 00:00:00,-0.1332999999999993
2015-01-08 00:00:00,-0.1332999999999993
2015-01-09 00:00:00,-0.1532999999999991
2015-01-12 00:00:00,-0.20329999999999915
2015-01-13 00:00:00,-0.21329999999999916
2015-01-14 00:00:00,-0.1332999999999993
2015-01-15 00:00:00,-0.17329999999999934
2015-01-16 00:00:00,-0.1232999999999993
2015-01-20 00:00:00,-0.18329999999999935
2015-01-21 00:00:00,-0.16329999999999933
2015-01-22 00:00:00,-0.16329999999999933
2015-01-23 00:00:00,-0.15329999999999933
2015-01-26 00:00:00,-0.17329999999999934
2015-01-27 00:00:00,-0.1332999999999993
2015-01-28 00:00:00,-0.14329999999999932
2015-01-29 00:00:00,-0.1232999999999993
2015-01-30 00:00:00,-0.03329999999999944
2015-02-02 00:00:00,0.026700000000000612
2015-02-03 00:00:00,0.08670000000000067
2015-02-04 00:00:00,-0.013299999999999423
2015-02-05 00:00:00,0.026700000000000612
2015-02-06 00:00:00,0.06670000000000065
2015-02-09 00:00:00,0.09670000000000067
2015-02-10 00:00:00,0.06670000000000065
2015-02-11 00:00:00,0.03670000000000062
2015-02-12 00:00:00,0.09670000000000067
2015-02-13 00:00:00,0.1267000000000007
2015-02-17 00:00:00,0.11670000000000069
2015-02-18 00:00:00,0.08670000000000067
2015-02-19 00:00:00,0.10670000000000068
2015-02-20 00:00:00,0.10670000000000068
2015-02-23 00:00:00,0.09670000000000067
2015-02-24 00:00:00,0.08670000000000067
2015-02-25 00:00:00,0.17670000000000075
2015-02-26 00:00:00,0.15670000000000073
2015-02-27 00:00:00,0.22669999999999968
2015-03-02 00:00:00,0.14670000000000094
2015-03-03 00:00:00,0.19670000000000032
2015-03-04 00:00:00,0.17670000000000075
2015-03-05 00:00:00,0.14670000000000094
2015-03-06 00:00:00,0.1367000000000005
2015-03-09 00:00:00,0.1267000000000007
2015-03-10 00:00:00,0.06670000000000065
2015-03-11 00:00:00,0.07670000000000066
2015-03-12 00:00:00,0.06670000000000065
2015-03-13 00:00:00,0.016700000000000603
2015-03-16 00:00:00,-0.013299999999999423
2015-03-17 00:00:00,-0.013299999999999423
2015-03-18 00:00:00,0.05670000000000064
2015-03-19 00:00:00,0.026700000000000612
2015-03-20 00:00:00,0.05670000000000064
2015-03-23 00:00:00,0.06670000000000065
2015-03-24 00:00:00,0.05670000000000064
2015-03-25 00:00:00,0.09670000000000067
2015-03-26 00:00:00,0.14670000000000094
2015-03-27 00:00:00,0.06670000000000065
2015-03-30 00:00:00,0.05670000000000064
2015-03-31 00:00:00,0.03670000000000062
2015-04-01 00:00:00,0.09670000000000067
2015-04-02 00:00:00,0.026700000000000612
2015-04-06 00:00:00,0.10670000000000068
2015-04-07 00:00:00,0.1267000000000007
2015-04-08 00:00:00,0.016700000000000603
2015-04-09 00:00:00,0.03670000000000062
2015-04-10 00:00:00,0.08670000000000067
2015-04-13 00:00:00,0.08670000000000067
2015-04-14 00:00:00,0.11670000000000069
2015-04-15 00:00:00,0.2166999999999999
2015-04-16 00:00:00,0.2166999999999999
2015-04-17 00:00:00,0.2067000000000001
2015-04-20 00:00:00,0.2067000000000001
2015-04-21 00:00:00,0.16670000000000074
2015-04-22 00:00:00,0.19670000000000032
2015-04-23 00:00:00,0.25669999999999993
2015-04-24 00:00:00,0.2666999999999997
2015-04-27 00:00:00,0.2666999999999997
2015-04-28 00:00:00,0.25669999999999993
2015-04-29 00:00:00,0.2766999999999995
2015-04-30 00:00:00,0.30670000000000064
2015-05-01 00:00:00,0.30670000000000064
2015-05-04 00:00:00,0.29670000000000085
2015-05-05 00:00:00,0.3267000000000002
2015-05-06 00:00:00,0.30670000000000064
2015-05-07 00:00:00,0.25669999999999993
2015-05-08 00:00:00,0.2666999999999997
2015-05-11 00:00:00,0.25669999999999993
2015-05-12 00:00:00,0.30670000000000064
2015-05-13 00:00:00,0.30670000000000064
2015-05-14 00:00:00,0.3267000000000002
2015-05-15 00:00:00,0.3267000000000002
2015-05-18 00:00:00,0.3167000000000004
2015-05-19 00:00:00,0.2666999999999997
2015-05-20 00:00:00,0.30670000000000064
2015-05-21 00:00:00,0.3467000000000007
2015-05-22 00:00:00,0.3167000000000004
2015-05-26 00:00:00,0.2666999999999997
2015-05-27 00:00:00,0.2166999999999999
2015-05-28 00:00:00,0.24669999999999925
2015-05-29 00:00:00,0.3367
2015-06-01 00:00:00,0.3167000000000004
2015-06-02 00:00:00,0.3367
2015-06-03 00:00:00,0.3167000000000004
2015-06-04 00:00:00,0.25669999999999993
2015-06-05 00:00:00,0.30670000000000064
2015-06-08 00:00:00,0.2766999999999995
2015-06-09 00:00:00,0.3467000000000007
2015-06-10 00:00:00,0.4067000000000003
2015-06-11 00:00:00,0.3967000000000005
2015-06-12 00:00:00,0.3867000000000007
2015-06-15 00:00:00,0.36670000000000025
2015-06-16 00:00:00,0.3867000000000007
2015-06-17 00:00:00,0.36670000000000025
2015-06-18 00:00:00,0.3767000000000009
2015-06-19 00:00:00,0.3367000000000009
2015-06-22 00:00:00,0.3167000000000004
2015-06-23 00:00:00,0.35670000000000046
2015-06-24 00:00:00,0.3367000000000009
2015-06-25 00:00:00,0.3267000000000011
2015-06-26 00:00:00,0.3367000000000009
2015-06-29 00:00:00,0.3167000000000004
2015-06-30 00:00:00,0.35670000000000046
2015-07-01 00:00:00,0.3167000000000004
2015-07-02 00:00:00,0.3367000000000009
2015-07-06 00:00:00,0.22669999999999968
2015-07-07 00:00:00,0.23669999999999947
2015-07-08 00:00:00,0.2666999999999997
2015-07-09 00:00:00,0.30670000000000064
2015-07-10 00:00:00,0.2867000000000002
2015-07-13 00:00:00,0.22669999999999968
2015-07-14 00:00:00,0.22669999999999968
2015-07-15 00:00:00,0.16670000000000074
2015-07-16 00:00:00,0.1967000000000012
2015-07-17 00:00:00,0.23669999999999947
2015-07-20 00:00:00,0.23669999999999947
2015-07-21 00:00:00,0.23669999999999947
2015-07-22 00:00:00,0.19670000000000032
2015-07-23 00:00:00,0.17670000000000075
2015-07-24 00:00:00,0.15670000000000073
2015-07-27 00:00:00,0.13670000000000093
2015-07-28 00:00:00,0.1267000000000007
2015-07-29 00:00:00,0.13670000000000093
2015-07-30 00:00:00,0.14670000000000094
2015-07-31 00:00:00,0.13670000000000093
2015-08-03 00:00:00,0.05670000000000064
2015-08-04 00:00:00,0.06670000000000065
2015-08-05 00:00:00,0.05670000000000064
2015-08-06 00:00:00,0.04670000000000063
2015-08-07 00:00:00,0.026700000000000612
2015-08-10 00:00:00,0.07670000000000066
2015-08-11 00:00:00,0.06670000000000065
2015-08-12 00:00:00,0.1267000000000007
2015-08-13 00:00:00,0.08670000000000067
2015-08-14 00:00:00,0.07670000000000066
2015-08-17 00:00:00,0.05670000000000064
2015-08-18 00:00:00,0.05670000000000064
2015-08-19 00:00:00,-0.0032999999999991925
2015-08-20 00:00:00,-0.02329999999999921
2015-08-21 00:00:00,-0.04329999999999923
2015-08-24 00:00:00,-0.11329999999999929
2015-08-25 00:00:00,-0.1232999999999993
2015-08-26 00:00:00,-0.17329999999999934
2015-08-27 00:00:00,-0.07329999999999925
2015-08-28 00:00:00,-0.0032999999999991925
2015-08-31 00:00:00,0.09670000000000067
2015-09-01 00:00:00,-0.0032999999999991925
2015-09-02 00:00:00,0.026700000000000612
2015-09-03 00:00:00,0.03670000000000062
2015-09-04 00:00:00,0.016700000000000603
2015-09-08 00:00:00,0.006700000000000594
2015-09-09 00:00:00,-0.03329999999999922
2015-09-10 00:00:00,0.006700000000000594
2015-09-11 00:00:00,-0.013299999999999201
2015-09-14 00:00:00,-0.07329999999999925
2015-09-15 00:00:00,-0.05329999999999924
2015-09-16 00:00:00,-0.0032999999999991925
2015-09-17 00:00:00,-0.013299999999999201
2015-09-18 00:00:00,-0.04329999999999923
2015-09-21 00:00:00,0.006700000000000816
2015-09-22 00:00:00,0.016700000000000825
2015-09-23 00:00:00,-0.013299999999999201
2015-09-24 00:00:00,-0.02329999999999921
2015-09-25 00:00:00,-0.0032999999999991925
2015-09-28 00:00:00,-0.04329999999999923
2015-09-29 00:00:00,-0.02329999999999921
2015-09-30 00:00:00,-0.013299999999999201
2015-10-01 00:00:00,-0.013299999999999201
2015-10-02 00:00:00,-0.03329999999999922
2015-10-05 00:00:00,0.006700000000000816
2015-10-06 00:00:00,0.06670000000000065
2015-10-07 00:00:00,0.026700000000000612
2015-10-08 00:00:00,0.04670000000000063
2015-10-09 00:00:00,0.05670000000000064
2015-10-12 00:00:00,-0.013299999999999201
2015-10-13 00:00:00,-0.03329999999999922
2015-10-14 00:00:00,-0.03329999999999922
2015-10-15 00:00:00,-0.04329999999999923
2015-10-16 00:00:00,-0.013299999999999201
2015-10-19 00:00:00,-0.07329999999999925
2015-10-20 00:00:00,-0.05329999999999924
2015-10-21 00:00:00,-0.06329999999999925
2015-10-22 00:00:00,-0.05329999999999924
2015-10-23 00:00:00,-0.06329999999999925
2015-10-26 00:00:00,-0.07329999999999925
2015-10-27 00:00:00,-0.07329999999999925
2015-10-28 00:00:00,-0.02329999999999921
2015-10-29 00:00:00,-0.02329999999999921
2015-10-30 00:00:00,0.006700000000000816
2015-11-02 00:00:00,0.006700000000000816
2015-11-03 00:00:00,0.06670000000000065
2015-11-04 00:00:00,0.016700000000000603
2015-11-05 00:00:00,-0.013299999999999201
2015-11-06 00:00:00,-0.013299999999999201
2015-11-09 00:00:00,-0.013299999999999201
2015-11-10 00:00:00,-0.013299999999999201
2015-11-11 00:00:00,-0.05329999999999924
2015-11-12 00:00:00,-0.10329999999999928
2015-11-13 00:00:00,-0.1332999999999993
2015-11-16 00:00:00,-0.1332999999999993
2015-11-17 00:00:00,-0.14329999999999932
2015-11-18 00:00:00,-0.1232999999999993
2015-11-19 00:00:00,-0.11329999999999929
2015-11-20 00:00:00,-0.10329999999999928
2015-11-23 00:00:00,-0.08329999999999926
2015-11-24 00:00:00,-0.02329999999999921
2015-11-25 00:00:00,-0.02329999999999921
2015-11-27 00:00:00,-0.04329999999999923
2015-11-30 00:00:00,-0.07329999999999925
2015-12-01 00:00:00,-0.02329999999999921
2015-12-02 00:00:00,-0.08329999999999926
2015-12-03 00:00:00,-0.07329999999999925
2015-12-04 00:00:00,-0.10329999999999928
2015-12-07 00:00:00,-0.15329999999999933
2015-12-08 00:00:00,-0.16329999999999933
2015-12-09 00:00:00,-0.1332999999999993
2015-12-10 00:00:00,-0.09329999999999927
2015-12-11 00:00:00,-0.09329999999999927
2015-12-14 00:00:00,-0.11329999999999929
2015-12-15 00:00:00,-0.1232999999999993
2015-12-16 00:00:00,-0.14329999999999932
2015-12-17 00:00:00,-0.1232999999999993
2015-12-18 00:00:00,-0.11329999999999929
2015-12-21 00:00:00,-0.16329999999999933
2015-12-22 00:00:00,-0.19329999999999936
2015-12-23 00:00:00,-0.1232999999999993
2015-12-24 00:00:00,-0.10329999999999928
2015-12-28 00:00:00,-0.1332999999999993
2015-12-29 00:00:00,-0.09329999999999927
2015-12-30 00:00:00,-0.1332999999999993
2015-12-31 00:00:00,-0.10329999999999928
2016-01-04 00:00:00,-0.08329999999999926
2016-01-05 00:00:00,-0.11329999999999929
2016-01-06 00:00:00,-0.21329999999999938
2016-01-07 00:00:00,-0.2232999999999994
2016-01-08 00:00:00,-0.2432999999999994
2016-01-11 00:00:00,-0.2632999999999994
2016-01-12 00:00:00,-0.29329999999999923
2016-01-13 00:00:00,-0.32329999999999925
2016-01-14 00:00:00,-0.30329999999999924
2016-01-15 00:00:00,-0.3532999999999993
2016-01-19 00:00:00,-0.3432999999999993
2016-01-20 00:00:00,-0.3632999999999993
2016-01-21 00:00:00,-0.3532999999999993
2016-01-22 00:00:00,-0.30329999999999924
2016-01-25 00:00:00,-0.3532999999999993
2016-01-26 00:00:00,-0.33329999999999926
2016-01-27 00:00:00,-0.33329999999999926
2016-01-28 00:00:00,-0.29329999999999923
2016-01-29 00:00:00,-0.2632999999999992
2016-02-01 00:00:00,-0.31329999999999925
2016-02-02 00:00:00,-0.3832999999999993
2016-02-03 00:00:00,-0.3732999999999993
2016-02-04 00:00:00,-0.3632999999999993
2016-02-05 00:00:00,-0.3932999999999993
2016-02-08 00:00:00,-0.43329999999999935
2016-02-09 00:00:00,-0.4832999999999994
2016-02-10 00:00:00,-0.44329999999999936
2016-02-11 00:00:00,-0.44329999999999936
2016-02-12 00:00:00,-0.3432999999999993
2016-02-16 00:00:00,-0.41329999999999933
2016-02-17 00:00:00,-0.3732999999999993
2016-02-18 00:00:00,-0.3932999999999993
2016-02-19 00:00:00,-0.4032999999999993
2016-02-22 00:00:00,-0.3632999999999993
2016-02-23 00:00:00,-0.3932999999999993
2016-02-24 00:00:00,-0.3432999999999993
2016-02-25 00:00:00,-0.30329999999999924
2016-02-26 00:00:00,-0.32329999999999925
2016-02-29 00:00:00,-0.29329999999999923
2016-03-01 00:00:00,-0.31329999999999925
2016-03-02 00:00:00,-0.30329999999999924
2016-03-03 00:00:00,-0.30329999999999924
2016-03-04 00:00:00,-0.2732999999999992
2016-03-07 00:00:00,-0.21329999999999938
2016-03-08 00:00:00,-0.2232999999999994
2016-03-09 00:00:00,-0.14329999999999932
2016-03-10 00:00:00,-0.17329999999999934
2016-03-11 00:00:00,-0.16329999999999933
2016-03-14 00:00:00,-0.18329999999999935
2016-03-15 00:00:00,-0.20329999999999937
2016-03-16 00:00:00,-0.19329999999999936
2016-03-17 00:00:00,-0.16329999999999933
2016-03-18 00:00:00,-0.18329999999999935
2016-03-21 00:00:00,-0.15329999999999933
2016-03-22 00:00:00,-0.1232999999999993
2016-03-23 00:00:00,-0.16329999999999933
2016-03-24 00:00:00,-0.15329999999999933
2016-03-28 00:00:00,-0.14329999999999932
2016-03-29 00:00:00,-0.16329999999999933
2016-03-30 00:00:00,-0.17329999999999934
2016-03-31 00:00:00,-0.19329999999999936
2016-04-01 00:00:00,-0.2432999999999994
2016-04-04 00:00:00,-0.2632999999999994
2016-04-05 00:00:00,-0.2632999999999994
2016-04-06 00:00:00,-0.2432999999999994
2016-04-07 00:00:00,-0.2532999999999994
2016-04-08 00:00:00,-0.18329999999999935
2016-04-11 00:00:00,-0.1332999999999993
2016-04-12 00:00:00,-0.10329999999999928
2016-04-13 00:00:00,-0.11329999999999929
2016-04-14 00:00:00,-0.1332999999999993
2016-04-15 00:00:00,-0.17329999999999934
2016-04-18 00:00:00,-0.19329999999999936
2016-04-19 00:00:00,-0.15329999999999933
2016-04-20 00:00:00,-0.1232999999999993
2016-04-21 00:00:00,-0.1232999999999993
2016-04-22 00:00:00,-0.10329999999999928
2016-04-25 00:00:00,-0.11329999999999929
2016-04-26 00:00:00,-0.07329999999999925
2016-04-27 00:00:00,-0.05329999999999924
2016-04-28 00:00:00,-0.04329999999999923
2016-04-29 00:00:00,-0.04329999999999923
2016-05-02 00:00:00,-0.08329999999999926
2016-05-03 00:00:00,-0.1332999999999993
2016-05-04 00:00:00,-0.15329999999999933
2016-05-05 00:00:00,-0.15329999999999933
2016-05-06 00:00:00,-0.14329999999999932
2016-05-09 00:00:00,-0.20329999999999937
2016-05-10 00:00:00,-0.15329999999999933
2016-05-11 00:00:00,-0.06329999999999925
2016-05-12 00:00:00,-0.06329999999999925
2016-05-13 00:00:00,-0.05329999999999924
2016-05-16 00:00:00,-0.04329999999999923
2016-05-17 00:00:00,-0.023299999999999432
2016-05-18 00:00:00,-0.013299999999999423
2016-05-19 00:00:00,-0.023299999999999432
2016-05-20 00:00:00,-0.023299999999999432
2016-05-23 00:00:00,-0.013299999999999423
2016-05-24 00:00:00,-0.0032999999999994145
2016-05-25 00:00:00,-0.013299999999999423
2016-05-26 00:00:00,-0.03329999999999922
2016-05-27 00:00:00,-0.023299999999999432
2016-05-31 00:00:00,-0.04329999999999923
2016-06-01 00:00:00,-0.04329999999999923
2016-06-02 00:00:00,-0.023299999999999432
2016-06-03 00:00:00,-0.04329999999999923
2016-06-06 00:00:00,-0.05329999999999924
2016-06-07 00:00:00,-0.05329999999999924
2016-06-08 00:00:00,-0.023299999999999432
2016-06-09 00:00:00,-0.023299999999999432
2016-06-10 00:00:00,-0.08329999999999926
2016-06-13 00:00:00,-0.10329999999999928
2016-06-14 00:00:00,-0.1232999999999993
2016-06-15 00:00:00,-0.1332999999999993
2016-06-16 00:00:00,-0.17329999999999934
2016-06-17 00:00:00,-0.1332999999999993
2016-06-20 00:00:00,-0.06329999999999925
2016-06-21 00:00:00,-0.05329999999999924
2016-06-22 00:00:00,-0.06329999999999925
2016-06-23 00:00:00,-0.04329999999999923
2016-06-24 00:00:00,-0.1232999999999993
2016-06-27 00:00:00,-0.16329999999999933
2016-06-28 00:00:00,-0.1332999999999993
2016-06-29 00:00:00,-0.11329999999999929
2016-06-30 00:00:00,-0.14329999999999932
2016-07-01 00:00:00,-0.1332999999999993
2016-07-05 00:00:00,-0.21329999999999938
2016-07-06 00:00:00,-0.20329999999999937
2016-07-07 00:00:00,-0.27329999999999943
2016-07-08 00:00:00,-0.27329999999999943
2016-07-11 00:00:00,-0.2632999999999994
2016-07-12 00:00:00,-0.21329999999999938
2016-07-13 00:00:00,-0.2632999999999994
2016-07-14 00:00:00,-0.2332999999999994
2016-07-15 00:00:00,-0.2232999999999994
2016-07-18 00:00:00,-0.2532999999999994
2016-07-19 00:00:00,-0.2632999999999994
2016-07-20 00:00:00,-0.2632999999999994
2016-07-21 00:00:00,-0.28329999999999944
2016-07-22 00:00:00,-0.29329999999999945
2016-07-25 00:00:00,-0.31329999999999947
2016-07-26 00:00:00,-0.31329999999999947
2016-07-27 00:00:00,-0.3432999999999995
2016-07-28 00:00:00,-0.3532999999999995
2016-07-29 00:00:00,-0.3432999999999995
2016-08-01 00:00:00,-0.3632999999999995
2016-08-02 00:00:00,-0.3632999999999995
2016-08-03 00:00:00,-0.3232999999999995
2016-08-04 00:00:00,-0.29329999999999945
2016-08-05 00:00:00,-0.29329999999999945
2016-08-08 00:00:00,-0.29329999999999945
2016-08-09 00:00:00,-0.30329999999999946
2016-08-10 00:00:00,-0.3432999999999995
2016-08-11 00:00:00,-0.28329999999999944
2016-08-12 00:00:00,-0.27329999999999943
2016-08-15 00:00:00,-0.2332999999999994
2016-08-16 00:00:00,-0.21329999999999938
2016-08-17 00:00:00,-0.19329999999999958
2016-08-18 00:00:00,-0.16329999999999956
2016-08-19 00:00:00,-0.14329999999999954
2016-08-22 00:00:00,-0.18329999999999957
2016-08-23 00:00:00,-0.16329999999999956
2016-08-24 00:00:00,-0.18329999999999957
2016-08-25 00:00:00,-0.17329999999999957
2016-08-26 00:00:00,-0.16329999999999956
2016-08-29 00:00:00,-0.19329999999999958
2016-08-30 00:00:00,-0.21329999999999938
2016-08-31 00:00:00,-0.2532999999999994
2016-09-01 00:00:00,-0.30329999999999946
2016-09-02 00:00:00,-0.27329999999999943
2016-09-06 00:00:00,-0.2632999999999994
2016-09-07 00:00:00,-0.2332999999999994
2016-09-08 00:00:00,-0.17329999999999957
2016-09-09 00:00:00,-0.2232999999999994
2016-09-12 00:00:00,-0.20329999999999937
2016-09-13 00:00:00,-0.2232999999999994
2016-09-14 00:00:00,-0.2432999999999994
2016-09-15 00:00:00,-0.19329999999999958
2016-09-16 00:00:00,-0.19329999999999958
2016-09-19 00:00:00,-0.2132999999999996
2016-09-20 00:00:00,-0.23329999999999962
2016-09-21 00:00:00,-0.19329999999999958
2016-09-22 00:00:00,-0.17329999999999957
2016-09-23 00:00:00,-0.2032999999999996
2016-09-26 00:00:00,-0.17329999999999957
2016-09-27 00:00:00,-0.2032999999999996
2016-09-28 00:00:00,-0.13329999999999975
2016-09-29 00:00:00,-0.12329999999999974
2016-09-30 00:00:00,-0.10329999999999973
2016-10-03 00:00:00,-0.08329999999999971
2016-10-04 00:00:00,-0.06329999999999969
2016-10-05 00:00:00,-0.06329999999999969
2016-10-06 00:00:00,-0.05329999999999968
2016-10-07 00:00:00,-0.06329999999999969
2016-10-10 00:00:00,-0.04329999999999967
2016-10-11 00:00:00,-0.05329999999999968
2016-10-12 00:00:00,-0.0732999999999997
2016-10-13 00:00:00,-0.05329999999999968
2016-10-14 00:00:00,-0.04329999999999967
2016-10-17 00:00:00,-0.05329999999999968
2016-10-18 00:00:00,-0.05329999999999968
2016-10-19 00:00:00,-0.03329999999999966
2016-10-20 00:00:00,-0.06329999999999969
2016-10-21 00:00:00,-0.03329999999999966
2016-10-24 00:00:00,-0.05329999999999968
2016-10-25 00:00:00,-0.05329999999999968
2016-10-26 00:00:00,-0.0732999999999997
2016-10-27 00:00:00,-0.06329999999999969
2016-10-28 00:00:00,-0.08329999999999971
2016-10-31 00:00:00,-0.12329999999999974
2016-11-01 00:00:00,-0.09329999999999972
2016-11-02 00:00:00,-0.13329999999999975
2016-11-03 00:00:00,-0.14329999999999976
2016-11-04 00:00:00,-0.18329999999999957
2016-11-07 00:00:00,-0.18329999999999957
2016-11-08 00:00:00,-0.18329999999999957
2016-11-09 00:00:00,-0.19329999999999958
2016-11-10 00:00:00,-0.2032999999999996
2016-11-11 00:00:00,-0.23329999999999962
2016-11-14 00:00:00,-0.26329999999999965
2016-11-15 00:00:00,-0.2032999999999996
2016-11-16 00:00:00,-0.2232999999999996
2016-11-17 00:00:00,-0.2132999999999996
2016-11-18 00:00:00,-0.2132999999999996
2016-11-21 00:00:00,-0.15329999999999977
2016-11-22 00:00:00,-0.14329999999999976
2016-11-23 00:00:00,-0.13329999999999975
2016-11-25 00:00:00,-0.1732999999999998
2016-11-28 00:00:00,-0.14329999999999976
2016-11-29 00:00:00,-0.1732999999999998
2016-11-30 00:00:00,-0.0732999999999997
2016-12-01 00:00:00,-0.0032999999999996366
2016-12-02 00:00:00,0.006700000000000372
2016-12-05 00:00:00,0.006700000000000372
2016-12-06 00:00:00,-0.013299999999999645
2016-12-07 00:00:00,-0.04329999999999967
2016-12-08 00:00:00,-0.04329999999999967
2016-12-09 00:00:00,-0.04329999999999967
2016-12-12 00:00:00,-0.0032999999999996366
2016-12-13 00:00:00,0.006700000000000372
2016-12-14 00:00:00,-0.013299999999999645
2016-12-15 00:00:00,-0.0032999999999996366
2016-12-16 00:00:00,0.01670000000000038
2016-12-19 00:00:00,0.02670000000000039
2016-12-20 00:00:00,0.046700000000000186
2016-12-21 00:00:00,0.056700000000000195
2016-12-22 00:00:00,0.056700000000000195
2016-12-23 00:00:00,0.07670000000000021
2016-12-27 00:00:00,0.09670000000000023
2016-12-28 00:00:00,0.10670000000000024
2016-12-29 00:00:00,0.10670000000000024
2016-12-30 00:00:00,0.10670000000000024
2017-01-03 00:00:00,0.056700000000000195
2017-01-04 00:00:00,0.07670000000000021
2017-01-05 00:00:00,0.07670000000000021
2017-01-06 00:00:00,0.07670000000000021
2017-01-09 00:00:00,0.01670000000000038
2017-01-10 00:00:00,-0.013299999999999645
2017-01-11 00:00:00,0.0367000000000004
2017-01-12 00:00:00,0.056700000000000195
2017-01-13 00:00:00,0.056700000000000195
2017-01-17 00:00:00,0.046700000000000186
2017-01-18 00:00:00,0.00670000000000015
2017-01-19 00:00:00,0.00670000000000015
2017-01-20 00:00:00,0.03670000000000018
2017-01-23 00:00:00,0.03670000000000018
2017-01-24 00:00:00,0.046700000000000186
2017-01-25 00:00:00,0.00670000000000015
2017-01-26 00:00:00,0.026700000000000168
2017-01-27 00:00:00,0.00670000000000015
2017-01-30 00:00:00,-0.0032999999999998586
2017-01-31 00:00:00,0.00670000000000015
2017-02-01 00:00:00,0.03670000000000018
2017-02-02 00:00:00,-0.0032999999999998586
2017-02-03 00:00:00,0.01670000000000016
2017-02-06 00:00:00,-0.013299999999999867
2017-02-07 00:00:00,-0.043299999999999894
2017-02-08 00:00:00,-0.0032999999999998586
2017-02-09 00:00:00,0.00670000000000015
2017-02-10 00:00:00,0.026700000000000168
2017-02-13 00:00:00,-0.0032999999999998586
2017-02-14 00:00:00,-0.0032999999999998586
2017-02-15 00:00:00,-0.0032999999999998586
2017-02-16 00:00:00,-0.023299999999999876
2017-02-17 00:00:00,-0.033299999999999885
2017-02-21 00:00:00,-0.043299999999999894
2017-02-22 00:00:00,-0.033299999999999885
2017-02-23 00:00:00,-0.023299999999999876
2017-02-24 00:00:00,-0.033299999999999885
2017-02-27 00:00:00,-0.023299999999999876
2017-02-28 00:00:00,-0.033299999999999885
2017-03-01 00:00:00,-0.08329999999999993
2017-03-02 00:00:00,-0.12329999999999997
2017-03-03 00:00:00,-0.11329999999999996
2017-03-06 00:00:00,-0.09329999999999994
2017-03-07 00:00:00,-0.08329999999999993
2017-03-08 00:00:00,-0.12329999999999997
2017-03-09 00:00:00,-0.1533
2017-03-10 00:00:00,-0.1732999999999998
2017-03-13 00:00:00,-0.1932999999999998
2017-03-14 00:00:00,-0.1932999999999998
2017-03-15 00:00:00,-0.1932999999999998
2017-03-16 00:00:00,-0.1832999999999998
2017-03-17 00:00:00,-0.1832999999999998
2017-03-20 00:00:00,-0.1733
2017-03-21 00:00:00,-0.1832999999999998
2017-03-22 00:00:00,-0.1832999999999998
2017-03-23 00:00:00,-0.1932999999999998
2017-03-24 00:00:00,-0.1832999999999998
2017-03-27 00:00:00,-0.1733
2017-03-28 00:00:00,-0.1633
2017-03-29 00:00:00,-0.13329999999999997
2017-03-30 00:00:00,-0.12329999999999997
2017-03-31 00:00:00,-0.10329999999999995
2017-04-03 00:00:00,-0.11329999999999996
2017-04-04 00:00:00,-0.08329999999999993
2017-04-05 00:00:00,-0.09329999999999994
2017-04-06 00:00:00,-0.07329999999999992
2017-04-07 00:00:00,-0.06329999999999991
2017-04-10 00:00:00,-0.043299999999999894
2017-04-11 00:00:00,-0.043299999999999894
2017-04-12 00:00:00,-0.06329999999999991
2017-04-13 00:00:00,-0.06329999999999991
2017-04-17 00:00:00,-0.07329999999999992
2017-04-18 00:00:00,-0.08329999999999993
2017-04-19 00:00:00,-0.14329999999999998
2017-04-20 00:00:00,-0.13329999999999997
2017-04-21 00:00:00,-0.1633
2017-04-24 00:00:00,-0.1832999999999998
2017-04-25 00:00:00,-0.1733
2017-04-26 00:00:00,-0.20329999999999981
2017-04-27 00:00:00,-0.24329999999999985
2017-04-28 00:00:00,-0.25329999999999986
2017-05-01 00:00:00,-0.2732999999999999
2017-05-02 00:00:00,-0.2832999999999999
2017-05-03 00:00:00,-0.26329999999999987
2017-05-04 00:00:00,-0.3232999999999999
2017-05-05 00:00:00,-0.2932999999999999
2017-05-08 00:00:00,-0.2832999999999999
2017-05-09 00:00:00,-0.3132999999999999
2017-05-10 00:00:00,-0.26329999999999987
2017-05-11 00:00:00,-0.24329999999999985
2017-05-12 00:00:00,-0.23329999999999984
2017-05-15 00:00:00,-0.21329999999999982
2017-05-16 00:00:00,-0.20329999999999981
2017-05-17 00:00:00,-0.1932999999999998
2017-05-18 00:00:00,-0.1932999999999998
2017-05-19 00:00:00,-0.1533
2017-05-22 00:00:00,-0.14329999999999998
2017-05-23 00:00:00,-0.14329999999999998
2017-05-24 00:00:00,-0.1533
2017-05-25 00:00:00,-0.20329999999999981
2017-05-26 00:00:00,-0.1732999999999998
2017-05-30 00:00:00,-0.1832999999999998
2017-05-31 00:00:00,-0.21329999999999982
2017-06-01 00:00:00,-0.20329999999999981
2017-06-02 00:00:00,-0.23329999999999984
2017-06-05 00:00:00,-0.26329999999999987
2017-06-06 00:00:00,-0.25329999999999986
2017-06-07 00:00:00,-0.3132999999999999
2017-06-08 00:00:00,-0.3132999999999999
2017-06-09 00:00:00,-0.3032999999999999
2017-06-12 00:00:00,-0.3132999999999999
2017-06-13 00:00:00,-0.3032999999999999
2017-06-14 00:00:00,-0.36329999999999996
2017-06-15 00:00:00,-0.36329999999999996
2017-06-16 00:00:00,-0.34329999999999994
2017-06-19 00:00:00,-0.34329999999999994
2017-06-20 00:00:00,-0.37329999999999997
2017-06-21 00:00:00,-0.3933
2017-06-22 00:00:00,-0.37329999999999997
2017-06-23 00:00:00,-0.37329999999999997
2017-06-26 00:00:00,-0.36329999999999996
2017-06-27 00:00:00,-0.34329999999999994
2017-06-28 00:00:00,-0.3232999999999999
2017-06-29 00:00:00,-0.3132999999999999
2017-06-30 00:00:00,-0.2832999999999999
2017-07-03 00:00:00,-0.25329999999999986
2017-07-05 00:00:00,-0.2932999999999999
2017-07-06 00:00:00,-0.2732999999999999
2017-07-07 00:00:00,-0.3032999999999999
2017-07-10 00:00:00,-0.3032999999999999
2017-07-11 00:00:00,-0.2832999999999999
2017-07-12 00:00:00,-0.2832999999999999
2017-07-13 00:00:00,-0.2732999999999999
2017-07-14 00:00:00,-0.25329999999999986
2017-07-17 00:00:00,-0.25329999999999986
2017-07-18 00:00:00,-0.24329999999999985
2017-07-19 00:00:00,-0.21329999999999982
2017-07-20 00:00:00,-0.21329999999999982
2017-07-21 00:00:00,-0.24329999999999985
2017-07-24 00:00:00,-0.24329999999999985
2017-07-25 00:00:00,-0.20329999999999981
2017-07-26 00:00:00,-0.1832999999999998
2017-07-27 00:00:00,-0.16329999999999978
2017-07-28 00:00:00,-0.14329999999999976
2017-07-31 00:00:00,-0.11329999999999973
2017-08-01 00:00:00,-0.12329999999999974
2017-08-02 00:00:00,-0.13329999999999975
2017-08-03 00:00:00,-0.13329999999999975
2017-08-04 00:00:00,-0.12329999999999974
2017-08-07 00:00:00,-0.13329999999999975
2017-08-08 00:00:00,-0.14329999999999976
2017-08-09 00:00:00,-0.14329999999999976
2017-08-10 00:00:00,-0.16329999999999978
2017-08-11 00:00:00,-0.15329999999999977
2017-08-14 00:00:00,-0.1832999999999998
2017-08-15 00:00:00,-0.1832999999999998
2017-08-16 00:00:00,-0.20329999999999981
2017-08-17 00:00:00,-0.1832999999999998
2017-08-18 00:00:00,-0.14329999999999976
2017-08-21 00:00:00,-0.1732999999999998
2017-08-22 00:00:00,-0.1732999999999998
2017-08-23 00:00:00,-0.14329999999999976
2017-08-24 00:00:00,-0.14329999999999976
2017-08-25 00:00:00,-0.14329999999999976
2017-08-28 00:00:00,-0.14329999999999976
2017-08-29 00:00:00,-0.12329999999999974
2017-08-30 00:00:00,-0.13329999999999975
2017-08-31 00:00:00,-0.03329999999999966
2017-09-01 00:00:00,-0.04329999999999967
2017-09-05 00:00:00,-0.05329999999999968
2017-09-06 00:00:00,-0.05329999999999968
2017-09-07 00:00:00,-0.05329999999999968
2017-09-08 00:00:00,-0.06329999999999969
2017-09-11 00:00:00,-0.06329999999999969
2017-09-12 00:00:00,-0.04329999999999967
2017-09-13 00:00:00,-0.04329999999999967
2017-09-14 00:00:00,-0.04329999999999967
2017-09-15 00:00:00,-0.023299999999999654
2017-09-18 00:00:00,-0.03329999999999966
2017-09-19 00:00:00,-0.04329999999999967
2017-09-20 00:00:00,-0.023299999999999654
2017-09-21 00:00:00,-0.03329999999999966
2017-09-22 00:00:00,-0.013299999999999645
2017-09-25 00:00:00,0.026700000000000168
2017-09-26 00:00:00,0.006700000000000372
2017-09-27 00:00:00,-0.013299999999999645
2017-09-28 00:00:00,-0.013299999999999645
2017-09-29 00:00:00,-0.03329999999999966
2017-10-02 00:00:00,-0.06329999999999969
2017-10-03 00:00:00,-0.05329999999999968
2017-10-04 00:00:00,-0.04329999999999967
2017-10-05 00:00:00,-0.013299999999999645
2017-10-06 00:00:00,-0.06329999999999969
2017-10-09 00:00:00,-0.06329999999999969
2017-10-10 00:00:00,-0.03329999999999966
2017-10-11 00:00:00,-0.023299999999999654
2017-10-12 00:00:00,-0.05329999999999968
2017-10-13 00:00:00,-0.013299999999999645
2017-10-16 00:00:00,-0.013299999999999645
2017-10-17 00:00:00,-0.0032999999999996366
2017-10-18 00:00:00,0.006700000000000372
2017-10-19 00:00:00,-0.0032999999999996366
2017-10-20 00:00:00,0.026700000000000168
2017-10-23 00:00:00,0.01670000000000038
2017-10-24 00:00:00,0.046700000000000186
2017-10-25 00:00:00,0.056700000000000195
2017-10-26 00:00:00,0.0667000000000002
2017-10-27 00:00:00,0.08670000000000022
2017-10-30 00:00:00,0.08670000000000022
2017-10-31 00:00:00,0.10670000000000024
2017-11-01 00:00:00,0.10670000000000024
2017-11-02 00:00:00,0.12670000000000026
2017-11-03 00:00:00,0.15669999999999984
2017-11-06 00:00:00,0.19670000000000032
2017-11-07 00:00:00,0.18670000000000053
2017-11-08 00:00:00,0.19670000000000032
2017-11-09 00:00:00,0.19670000000000032
2017-11-10 00:00:00,0.19670000000000032
2017-11-13 00:00:00,0.17670000000000075
2017-11-14 00:00:00,0.14670000000000005
2017-11-15 00:00:00,0.12670000000000026
2017-11-16 00:00:00,0.10670000000000024
2017-11-17 00:00:00,0.13670000000000004
2017-11-20 00:00:00,0.12670000000000026
2017-11-21 00:00:00,0.15669999999999984
2017-11-22 00:00:00,0.15669999999999984
2017-11-24 00:00:00,0.17670000000000075
2017-11-27 00:00:00,0.17670000000000075
2017-11-28 00:00:00,0.16670000000000074
2017-11-29 00:00:00,0.13670000000000004
2017-11-30 00:00:00,0.12670000000000026
2017-12-01 00:00:00,0.14670000000000005
2017-12-04 00:00:00,0.09670000000000023
2017-12-05 00:00:00,0.11670000000000025
2017-12-06 00:00:00,0.0667000000000002
2017-12-07 00:00:00,0.09670000000000023
2017-12-08 00:00:00,0.11670000000000025
2017-12-11 00:00:00,0.12670000000000026
2017-12-12 00:00:00,0.09670000000000023
2017-12-13 00:00:00,0.046700000000000186
2017-12-14 00:00:00,0.07670000000000021
2017-12-15 00:00:00,0.056700000000000195
2017-12-18 00:00:00,0.07670000000000021
2017-12-19 00:00:00,0.09670000000000023
2017-12-20 00:00:00,0.12670000000000026
2017-12-21 00:00:00,0.13670000000000004
2017-12-22 00:00:00,0.14670000000000005
2017-12-26 00:00:00,0.17670000000000075
2017-12-27 00:00:00,0.17670000000000075
2017-12-28 00:00:00,0.17670000000000075
2017-12-29 00:00:00,0.17670000000000075
2018-01-02 00:00:00,0.14670000000000005
2018-01-03 00:00:00,0.18670000000000053
2018-01-04 00:00:00,0.19670000000000032
2018-01-05 00:00:00,0.17670000000000075
2018-01-08 00:00:00,0.17670000000000075
2018-01-09 00:00:00,0.2166999999999999
2018-01-10 00:00:00,0.2166999999999999
2018-01-11 00:00:00,0.2166999999999999
2018-01-12 00:00:00,0.23669999999999947
2018-01-16 00:00:00,0.2166999999999999
2018-01-17 00:00:00,0.23669999999999947
2018-01-18 00:00:00,0.23669999999999947
2018-01-19 00:00:00,0.2166999999999999
2018-01-22 00:00:00,0.22669999999999968
2018-01-23 00:00:00,0.25669999999999993
2018-01-24 00:00:00,0.2666999999999997
2018-01-25 00:00:00,0.2666999999999997
2018-01-26 00:00:00,0.2766999999999995
2018-01-29 00:00:00,0.25669999999999993
2018-01-30 00:00:00,0.22669999999999968
2018-01-31 00:00:00,0.24670000000000014
2018-02-01 00:00:00,0.25669999999999993
2018-02-02 00:00:00,0.23669999999999947
2018-02-05 00:00:00,0.2067000000000001
2018-02-06 00:00:00,0.17670000000000075
2018-02-07 00:00:00,0.1367000000000005
2018-02-08 00:00:00,0.12670000000000048
2018-02-09 00:00:00,0.06670000000000043
2018-02-12 00:00:00,0.04670000000000063
2018-02-13 00:00:00,0.05670000000000064
2018-02-14 00:00:00,0.08670000000000044
2018-02-15 00:00:00,0.09670000000000045
2018-02-16 00:00:00,0.11670000000000047
2018-02-20 00:00:00,0.12670000000000048
2018-02-21 00:00:00,0.1367000000000005
2018-02-22 00:00:00,0.14670000000000094
2018-02-23 00:00:00,0.17670000000000075
2018-02-26 00:00:00,0.18670000000000053
2018-02-27 00:00:00,0.17670000000000075
2018-02-28 00:00:00,0.11670000000000047
2018-03-01 00:00:00,0.08670000000000044
2018-03-02 00:00:00,0.08670000000000044
2018-03-05 00:00:00,0.12670000000000048
2018-03-06 00:00:00,0.12670000000000048
2018-03-07 00:00:00,0.09670000000000045
2018-03-08 00:00:00,0.05670000000000042
2018-03-09 00:00:00,0.09670000000000045
2018-03-12 00:00:00,0.08670000000000044
2018-03-13 00:00:00,0.07670000000000043
2018-03-14 00:00:00,0.10670000000000046
2018-03-15 00:00:00,0.10670000000000046
2018-03-16 00:00:00,0.1367000000000005
2018-03-19 00:00:00,0.11670000000000047
2018-03-20 00:00:00,0.15670000000000073
2018-03-21 00:00:00,0.1967000000000012
2018-03-22 00:00:00,0.1967000000000012
2018-03-23 00:00:00,0.2166999999999999
2018-03-26 00:00:00,0.2067000000000001
2018-03-27 00:00:00,0.2067000000000001
2018-03-28 00:00:00,0.1967000000000012
2018-03-29 00:00:00,0.1967000000000012
2018-04-02 00:00:00,0.14670000000000094
2018-04-03 00:00:00,0.15670000000000073
2018-04-04 00:00:00,0.15670000000000073
2018-04-05 00:00:00,0.16670000000000074
2018-04-06 00:00:00,0.1367000000000005
2018-04-09 00:00:00,0.16670000000000074
2018-04-10 00:00:00,0.2166999999999999
2018-04-11 00:00:00,0.24670000000000014
2018-04-12 00:00:00,0.23670000000000035
2018-04-13 00:00:00,0.24670000000000014
2018-04-16 00:00:00,0.2166999999999999
2018-04-17 00:00:00,0.2166999999999999
2018-04-18 00:00:00,0.24670000000000014
2018-04-19 00:00:00,0.25669999999999993
2018-04-20 00:00:00,0.2767000000000004
2018-04-23 00:00:00,0.29670000000000085
2018-04-24 00:00:00,0.2666999999999997
2018-04-25 00:00:00,0.2666999999999997
2018-04-26 00:00:00,0.2867000000000002
2018-04-27 00:00:00,0.29670000000000085
2018-04-30 00:00:00,0.30670000000000064
2018-05-01 00:00:00,0.2666999999999997
2018-05-02 00:00:00,0.25669999999999993
2018-05-03 00:00:00,0.2666999999999997
2018-05-04 00:00:00,0.29670000000000085
2018-05-07 00:00:00,0.3167000000000013
2018-05-08 00:00:00,0.2867000000000002
2018-05-09 00:00:00,0.3467000000000007
2018-05-10 00:00:00,0.36670000000000114
2018-05-11 00:00:00,0.36670000000000114
2018-05-14 00:00:00,0.3767000000000009
2018-05-15 00:00:00,0.3767000000000009
2018-05-16 00:00:00,0.42669999999999986
2018-05-17 00:00:00,0.42669999999999986
2018-05-18 00:00:00,0.41670000000000096
2018-05-21 00:00:00,0.43670000000000053
2018-05-22 00:00:00,0.4467000000000003
2018-05-23 00:00:00,0.43670000000000053
2018-05-24 00:00:00,0.41670000000000096
2018-05-25 00:00:00,0.35670000000000135
2018-05-29 00:00:00,0.3267000000000011
2018-05-30 00:00:00,0.35670000000000135
2018-05-31 00:00:00,0.3467000000000007
2018-06-01 00:00:00,0.3367000000000009
2018-06-04 00:00:00,0.30670000000000064
2018-06-05 00:00:00,0.29670000000000085
2018-06-06 00:00:00,0.25669999999999993
2018-06-07 00:00:00,0.29670000000000085
2018-06-08 00:00:00,0.29670000000000085
2018-06-11 00:00:00,0.2867000000000002
2018-06-12 00:00:00,0.2767000000000004
2018-06-13 00:00:00,0.30670000000000064
2018-06-14 00:00:00,0.2767000000000004
2018-06-15 00:00:00,0.2067000000000001
2018-06-18 00:00:00,0.24669999999999925
2018-06-19 00:00:00,0.22669999999999968
2018-06-20 00:00:00,0.2067000000000001
2018-06-21 00:00:00,0.19670000000000032
2018-06-22 00:00:00,0.24669999999999925
2018-06-25 00:00:00,0.23669999999999947
2018-06-26 00:00:00,0.25669999999999993
2018-06-27 00:00:00,0.30670000000000064
2018-06-28 00:00:00,0.30670000000000064
2018-06-29 00:00:00,0.3467000000000007
2018-07-02 00:00:00,0.30670000000000064
2018-07-03 00:00:00,0.3167000000000004
2018-07-05 00:00:00,0.3267000000000002
2018-07-06 00:00:00,0.30670000000000064
2018-07-09 00:00:00,0.3467000000000007
2018-07-10 00:00:00,0.35670000000000046
2018-07-11 00:00:00,0.25669999999999993
2018-07-12 00:00:00,0.2666999999999997
2018-07-13 00:00:00,0.29670000000000085
2018-07-16 00:00:00,0.19670000000000032
2018-07-17 00:00:00,0.2166999999999999
2018-07-18 00:00:00,0.23669999999999947
2018-07-19 00:00:00,0.23669999999999947
2018-07-20 00:00:00,0.25669999999999993
2018-07-23 00:00:00,0.2666999999999997
2018-07-24 00:00:00,0.2766999999999995
2018-07-25 00:00:00,0.30670000000000064
2018-07-26 00:00:00,0.3367000000000009
2018-07-27 00:00:00,0.3267000000000011
2018-07-30 00:00:00,0.3367000000000009
2018-07-31 00:00:00,0.30670000000000064
2018-08-01 00:00:00,0.2666999999999997
2018-08-02 00:00:00,0.2867000000000002
2018-08-03 00:00:00,0.2867000000000002
2018-08-06 00:00:00,0.2867000000000002
2018-08-07 00:00:00,0.3167000000000004
2018-08-08 00:00:00,0.24670000000000014
2018-08-09 00:00:00,0.22669999999999968
2018-08-10 00:00:00,0.2666999999999997
2018-08-13 00:00:00,0.24670000000000014
2018-08-14 00:00:00,0.25669999999999993
2018-08-15 00:00:00,0.22669999999999968
2018-08-16 00:00:00,0.22669999999999968
2018-08-17 00:00:00,0.22669999999999968
2018-08-20 00:00:00,0.24669999999999925
2018-08-21 00:00:00,0.24669999999999925
2018-08-22 00:00:00,0.29670000000000085
2018-08-23 00:00:00,0.29670000000000085
2018-08-24 00:00:00,0.3167000000000004
2018-08-27 00:00:00,0.3367000000000009
2018-08-28 00:00:00,0.3267000000000002
2018-08-29 00:00:00,0.3467000000000007
2018-08-30 00:00:00,0.35670000000000046
2018-08-31 00:00:00,0.3467000000000007
2018-09-04 00:00:00,0.3467000000000007
2018-09-05 00:00:00,0.3167000000000004
2018-09-06 00:00:00,0.30670000000000064
2018-09-07 00:00:00,0.3167000000000004
2018-09-10 00:00:00,0.30670000000000064
2018-09-11 00:00:00,0.35670000000000046
2018-09-12 00:00:00,0.3867000000000007
2018-09-13 00:00:00,0.3467000000000007
2018-09-14 00:00:00,0.3267000000000002
2018-09-17 00:00:00,0.3267000000000002
2018-09-18 00:00:00,0.35670000000000046
2018-09-19 00:00:00,0.36670000000000025
2018-09-20 00:00:00,0.36670000000000025
2018-09-21 00:00:00,0.36670000000000025
2018-09-24 00:00:00,0.4067000000000003
2018-09-25 00:00:00,0.41670000000000096
2018-09-26 00:00:00,0.4067000000000003
2018-09-27 00:00:00,0.43669999999999964
2018-09-28 00:00:00,0.4567000000000001
2018-10-01 00:00:00,0.49670000000000014
2018-10-02 00:00:00,0.49670000000000014
2018-10-03 00:00:00,0.5166999999999997
2018-10-04 00:00:00,0.4766999999999997
2018-10-05 00:00:00,0.4567000000000001
2018-10-08 00:00:00,0.4666999999999999
2018-10-09 00:00:00,0.4567000000000001
2018-10-10 00:00:00,0.3967000000000005
2018-10-11 00:00:00,0.30670000000000064
2018-10-12 00:00:00,0.3167000000000004
2018-10-15 00:00:00,0.3167000000000004
2018-10-16 00:00:00,0.3467000000000007
2018-10-17 00:00:00,0.29670000000000085
2018-10-18 00:00:00,0.2666999999999997
2018-10-19 00:00:00,0.2866999999999993
2018-10-22 00:00:00,0.2866999999999993
2018-10-23 00:00:00,0.2166999999999999
2018-10-24 00:00:00,0.19670000000000032
2018-10-25 00:00:00,0.18670000000000053
2018-10-26 00:00:00,0.18670000000000053
2018-10-29 00:00:00,0.19670000000000032
2018-10-30 00:00:00,0.17670000000000075
2018-10-31 00:00:00,0.12670000000000026
2018-11-01 00:00:00,0.08670000000000022
2018-11-02 00:00:00,0.08670000000000022
2018-11-05 00:00:00,0.0667000000000002
2018-11-06 00:00:00,0.0667000000000002
2018-11-07 00:00:00,0.01670000000000016
2018-11-08 00:00:00,0.01670000000000016
2018-11-09 00:00:00,-0.013299999999999645
2018-11-12 00:00:00,0.00670000000000015
2018-11-13 00:00:00,-0.09329999999999972
2018-11-14 00:00:00,-0.0732999999999997
2018-11-15 00:00:00,-0.0732999999999997
2018-11-16 00:00:00,-0.05329999999999968
2018-11-19 00:00:00,-0.04329999999999967
2018-11-20 00:00:00,-0.14329999999999976
2018-11-21 00:00:00,-0.12329999999999974
2018-11-23 00:00:00,-0.24329999999999985
2018-11-26 00:00:00,-0.1932999999999998
2018-11-27 00:00:00,-0.21329999999999982
2018-11-28 00:00:00,-0.24329999999999985
2018-11-29 00:00:00,-0.1932999999999998
2018-11-30 00:00:00,-0.21329999999999982
2018-12-03 00:00:00,-0.1832999999999998
2018-12-04 00:00:00,-0.1732999999999998
2018-12-05 00:00:00,-0.1732999999999998
2018-12-06 00:00:00,-0.1932999999999998
2018-12-07 00:00:00,-0.14329999999999976
2018-12-10 00:00:00,-0.20329999999999981
2018-12-11 00:00:00,-0.1832999999999998
2018-12-12 00:00:00,-0.20329999999999981
2018-12-13 00:00:00,-0.14329999999999976
2018-12-14 00:00:00,-0.1832999999999998
2018-12-17 00:00:00,-0.21329999999999982
2018-12-18 00:00:00,-0.28329999999999966
2018-12-19 00:00:00,-0.25329999999999986
2018-12-20 00:00:00,-0.3232999999999997
2018-12-21 00:00:00,-0.3232999999999997
2018-12-24 00:00:00,-0.39329999999999976
2018-12-26 00:00:00,-0.3132999999999997
2018-12-27 00:00:00,-0.3532999999999997
2018-12-28 00:00:00,-0.3332999999999997
2018-12-31 00:00:00,-0.3332999999999997
2019-01-02 00:00:00,-0.3132999999999997
2019-01-03 00:00:00,-0.28329999999999966
2019-01-04 00:00:00,-0.28329999999999966
2019-01-07 00:00:00,-0.29329999999999967
2019-01-08 00:00:00,-0.26329999999999987
2019-01-09 00:00:00,-0.20329999999999981
2019-01-10 00:00:00,-0.1932999999999998
2019-01-11 00:00:00,-0.22329999999999983
2019-01-14 00:00:00,-0.26329999999999987
2019-01-15 00:00:00,-0.22329999999999983
2019-01-16 00:00:00,-0.21330000000000005
2019-01-17 00:00:00,-0.21330000000000005
2019-01-18 00:00:00,-0.18330000000000002
2019-01-22 00:00:00,-0.23329999999999984
2019-01-23 00:00:00,-0.24329999999999985
2019-01-24 00:00:00,-0.23329999999999984
2019-01-25 00:00:00,-0.23329999999999984
2019-01-28 00:00:00,-0.2832999999999999
2019-01-29 00:00:00,-0.25329999999999986
2019-01-30 00:00:00,-0.23329999999999984
2019-01-31 00:00:00,-0.26329999999999987
2019-02-01 00:00:00,-0.21330000000000005
2019-02-04 00:00:00,-0.22329999999999983
2019-02-05 00:00:00,-0.23329999999999984
2019-02-06 00:00:00,-0.20330000000000004
2019-02-07 00:00:00,-0.23329999999999984
2019-02-08 00:00:00,-0.22329999999999983
2019-02-11 00:00:00,-0.24329999999999985
2019-02-12 00:00:00,-0.22329999999999983
2019-02-13 00:00:00,-0.19330000000000003
2019-02-14 00:00:00,-0.1633
2019-02-15 00:00:00,-0.11329999999999996
2019-02-19 00:00:00,-0.11329999999999996
2019-02-20 00:00:00,-0.08329999999999993
2019-02-21 00:00:00,-0.08329999999999993
2019-02-22 00:00:00,-0.08329999999999993
2019-02-25 00:00:00,-0.14329999999999998
2019-02-26 00:00:00,-0.12329999999999997
2019-02-27 00:00:00,-0.09329999999999994
2019-02-28 00:00:00,-0.09329999999999994
2019-03-01 00:00:00,-0.12329999999999997
2019-03-04 00:00:00,-0.10329999999999995
2019-03-05 00:00:00,-0.08329999999999993
2019-03-06 00:00:00,-0.06329999999999991
2019-03-07 00:00:00,-0.0532999999999999
2019-03-08 00:00:00,-0.06329999999999991
2019-03-11 00:00:00,-0.043299999999999894
2019-03-12 00:00:00,-0.0532999999999999
2019-03-13 00:00:00,-0.013299999999999867
2019-03-14 00:00:00,-0.023299999999999876
2019-03-15 00:00:00,-0.013299999999999867
2019-03-18 00:00:00,-0.0032999999999998586
2019-03-19 00:00:00,0.00670000000000015
2019-03-20 00:00:00,0.026699999999999946
2019-03-21 00:00:00,0.026699999999999946
2019-03-22 00:00:00,0.01670000000000016
2019-03-25 00:00:00,0.01670000000000016
2019-03-26 00:00:00,0.026699999999999946
2019-03-27 00:00:00,0.00670000000000015
2019-03-28 00:00:00,-0.0032999999999998586
2019-03-29 00:00:00,0.01670000000000016
2019-04-01 00:00:00,0.036699999999999955
2019-04-02 00:00:00,0.05669999999999997
2019-04-03 00:00:00,0.07669999999999999
2019-04-04 00:00:00,0.06669999999999998
2019-04-05 00:00:00,0.09670000000000001
2019-04-08 00:00:00,0.10670000000000002
2019-04-09 00:00:00,0.11670000000000003
2019-04-10 00:00:00,0.17669999999999964
2019-04-11 00:00:00,0.14670000000000005
2019-04-12 00:00:00,0.15669999999999984
2019-04-15 00:00:00,0.13670000000000004
2019-04-16 00:00:00,0.15669999999999984
2019-04-17 00:00:00,0.15669999999999984
2019-04-18 00:00:00,0.16669999999999985
2019-04-22 00:00:00,0.20669999999999922
2019-04-23 00:00:00,0.216699999999999
2019-04-24 00:00:00,0.20669999999999922
2019-04-25 00:00:00,0.216699999999999
2019-04-26 00:00:00,0.17669999999999964
2019-04-29 00:00:00,0.16669999999999985
2019-04-30 00:00:00,0.19669999999999943
2019-05-01 00:00:00,0.19669999999999943
2019-05-02 00:00:00,0.14669999999999983
2019-05-03 00:00:00,0.15669999999999984
2019-05-06 00:00:00,0.13669999999999982
2019-05-07 00:00:00,0.08669999999999978
2019-05-08 00:00:00,0.1066999999999998
2019-05-09 00:00:00,0.1066999999999998
2019-05-10 00:00:00,0.1166999999999998
2019-05-13 00:00:00,0.09669999999999979
2019-05-14 00:00:00,0.1166999999999998
2019-05-15 00:00:00,0.14669999999999983
2019-05-16 00:00:00,0.19669999999999943
2019-05-17 00:00:00,0.18669999999999964
2019-05-20 00:00:00,0.15669999999999962
2019-05-21 00:00:00,0.17669999999999964
2019-05-22 00:00:00,0.1466999999999996
2019-05-23 00:00:00,0.06669999999999976
2019-05-24 00:00:00,0.08669999999999956
2019-05-28 00:00:00,0.10669999999999957
2019-05-29 00:00:00,0.09669999999999956
2019-05-30 00:00:00,0.026699999999999724
2019-05-31 00:00:00,-0.05330000000000035
2019-06-03 00:00:00,-0.08330000000000037
2019-06-04 00:00:00,-0.09330000000000038
2019-06-05 00:00:00,-0.13330000000000042
2019-06-06 00:00:00,-0.1133000000000004
2019-06-07 00:00:00,-0.08330000000000037
2019-06-10 00:00:00,-0.09330000000000038
2019-06-11 00:00:00,-0.07330000000000036
2019-06-12 00:00:00,-0.13330000000000042
2019-06-13 00:00:00,-0.10330000000000039
2019-06-14 00:00:00,-0.08330000000000037
2019-06-17 00:00:00,-0.12330000000000041
2019-06-18 00:00:00,-0.09330000000000038
2019-06-19 00:00:00,-0.08330000000000037
2019-06-20 00:00:00,-0.03330000000000033
2019-06-21 00:00:00,0.016699999999999715
2019-06-24 00:00:00,0.016699999999999715
2019-06-25 00:00:00,0.04669999999999974
2019-06-26 00:00:00,0.11669999999999958
2019-06-27 00:00:00,0.1066999999999998
2019-06-28 00:00:00,0.08669999999999978
2019-07-01 00:00:00,0.11669999999999958
2019-07-02 00:00:00,0.05669999999999975
2019-07-03 00:00:00,0.09669999999999979
2019-07-05 00:00:00,0.11669999999999958
2019-07-08 00:00:00,0.08669999999999978
2019-07-09 00:00:00,0.1066999999999998
2019-07-10 00:00:00,0.18669999999999964
2019-07-11 00:00:00,0.16669999999999963
2019-07-12 00:00:00,0.16669999999999963
2019-07-15 00:00:00,0.1266999999999996
2019-07-16 00:00:00,0.07669999999999977
2019-07-17 00:00:00,0.06669999999999976
2019-07-18 00:00:00,0.026699999999999724
2019-07-19 00:00:00,0.03669999999999973
2019-07-22 00:00:00,0.03669999999999973
2019-07-23 00:00:00,0.05669999999999975
2019-07-24 00:00:00,0.03669999999999973
2019-07-25 00:00:00,0.05669999999999975
2019-07-26 00:00:00,0.05669999999999975
2019-07-29 00:00:00,0.05669999999999975
2019-07-30 00:00:00,0.08669999999999978
2019-07-31 00:00:00,0.1066999999999998
2019-08-01 00:00:00,-0.0033000000000000806
2019-08-02 00:00:00,0.016699999999999937
2019-08-05 00:00:00,-0.043300000000000116
2019-08-06 00:00:00,-0.06330000000000013
2019-08-07 00:00:00,-0.1333000000000002
2019-08-08 00:00:00,-0.11330000000000018
2019-08-09 00:00:00,-0.08330000000000015
2019-08-12 00:00:00,-0.08330000000000015
2019-08-13 00:00:00,-0.01330000000000009
2019-08-14 00:00:00,-0.06330000000000013
2019-08-15 00:00:00,-0.09330000000000016
2019-08-16 00:00:00,-0.08330000000000015
2019-08-19 00:00:00,-0.07330000000000014
2019-08-20 00:00:00,-0.053300000000000125
2019-08-21 00:00:00,-0.043300000000000116
2019-08-22 00:00:00,-0.06330000000000013
2019-08-23 00:00:00,-0.07330000000000014
2019-08-26 00:00:00,-0.09330000000000016
2019-08-27 00:00:00,-0.06330000000000013
2019-08-28 00:00:00,-0.043300000000000116
2019-08-29 00:00:00,-0.03330000000000011
2019-08-30 00:00:00,-0.07330000000000014
2019-09-03 00:00:00,-0.12330000000000019
2019-09-04 00:00:00,-0.053300000000000125
2019-09-05 00:00:00,-0.043300000000000116
2019-09-06 00:00:00,-0.0233000000000001
2019-09-09 00:00:00,-0.0033000000000000806
2019-09-10 00:00:00,-0.0033000000000000806
2019-09-11 00:00:00,-0.0233000000000001
2019-09-12 00:00:00,-0.03330000000000011
2019-09-13 00:00:00,-0.03330000000000011
2019-09-16 00:00:00,0.15669999999999984
2019-09-17 00:00:00,0.07669999999999999
2019-09-18 00:00:00,0.05669999999999997
2019-09-19 00:00:00,0.07669999999999999
2019-09-20 00:00:00,0.06669999999999998
2019-09-23 00:00:00,0.08669999999999978
2019-09-24 00:00:00,0.046699999999999964
2019-09-25 00:00:00,0.026699999999999946
2019-09-26 00:00:00,0.036699999999999955
2019-09-27 00:00:00,0.026699999999999946
2019-09-30 00:00:00,-0.01330000000000009
2019-10-01 00:00:00,-0.01330000000000009
2019-10-02 00:00:00,-0.043300000000000116
2019-10-03 00:00:00,-0.03330000000000011
2019-10-04 00:00:00,-0.0233000000000001
2019-10-07 00:00:00,-0.0233000000000001
2019-10-08 00:00:00,-0.01330000000000009
2019-10-09 00:00:00,-0.0033000000000000806
2019-10-10 00:00:00,0.026699999999999946
2019-10-11 00:00:00,0.046699999999999964
2019-10-14 00:00:00,0.026699999999999946
2019-10-15 00:00:00,0.026699999999999946
2019-10-16 00:00:00,0.036699999999999955
2019-10-17 00:00:00,0.036699999999999955
2019-10-18 00:00:00,0.026699999999999946
2019-10-21 00:00:00,0.016699999999999937
2019-10-22 00:00:00,0.026699999999999946
2019-10-23 00:00:00,0.06669999999999998
2019-10-24 00:00:00,0.0867
2019-10-25 00:00:00,0.09670000000000001
2019-10-28 00:00:00,0.0867
2019-10-29 00:00:00,0.09670000000000001
2019-10-30 00:00:00,0.06669999999999998
2019-10-31 00:00:00,0.046699999999999964
2019-11-01 00:00:00,0.1066999999999998
2019-11-04 00:00:00,0.1166999999999998
2019-11-05 00:00:00,0.13669999999999982
2019-11-06 00:00:00,0.0867
2019-11-07 00:00:00,0.09670000000000001
2019-11-08 00:00:00,0.09670000000000001
2019-11-11 00:00:00,0.07669999999999999
2019-11-12 00:00:00,0.0867
2019-11-13 00:00:00,0.1066999999999998
2019-11-14 00:00:00,0.0867
2019-11-15 00:00:00,0.1066999999999998
2019-11-18 00:00:00,0.09670000000000001
2019-11-19 00:00:00,0.07669999999999999
2019-11-20 00:00:00,0.1266999999999998
2019-11-21 00:00:00,0.16669999999999985
2019-11-22 00:00:00,0.14669999999999983
2019-11-25 00:00:00,0.14669999999999983
2019-11-26 00:00:00,0.17669999999999986
2019-11-27 00:00:00,0.15669999999999984
2019-11-29 00:00:00,0.06669999999999998
2019-12-02 00:00:00,0.05669999999999997
2019-12-03 00:00:00,0.046699999999999964
2019-12-04 00:00:00,0.0867
2019-12-05 00:00:00,0.1066999999999998
2019-12-06 00:00:00,0.1266999999999998
2019-12-09 00:00:00,0.13669999999999982
2019-12-10 00:00:00,0.13669999999999982
2019-12-11 00:00:00,0.1066999999999998
2019-12-12 00:00:00,0.1166999999999998
2019-12-13 00:00:00,0.14669999999999983
2019-12-16 00:00:00,0.14669999999999983
2019-12-17 00:00:00,0.16669999999999985
2019-12-18 00:00:00,0.16669999999999985
2019-12-19 00:00:00,0.18669999999999964
2019-12-20 00:00:00,0.18669999999999964
2019-12-23 00:00:00,0.18669999999999964
2019-12-24 00:00:00,0.20669999999999922
2019-12-26 00:00:00,0.22669999999999968
2019-12-27 00:00:00,0.216699999999999
2019-12-30 00:00:00,0.20669999999999922
2019-12-31 00:00:00,0.16669999999999985
2020-01-02 00:00:00,0.18669999999999964
2020-01-03 00:00:00,0.22669999999999968
2020-01-06 00:00:00,0.23669999999999947
2020-01-07 00:00:00,0.19669999999999943
2020-01-08 00:00:00,0.1266999999999998
2020-01-09 00:00:00,0.1266999999999998
2020-01-10 00:00:00,0.13669999999999982
2020-01-13 00:00:00,0.1266999999999998
2020-01-14 00:00:00,0.1266999999999998
2020-01-15 00:00:00,0.1166999999999998
2020-01-16 00:00:00,0.13669999999999982
2020-01-17 00:00:00,0.1266999999999998
2020-01-21 00:00:00,0.1266999999999998
2020-01-22 00:00:00,0.06669999999999976
2020-01-23 00:00:00,0.04669999999999974
2020-01-24 00:00:00,-0.0033000000000003027
2020-01-27 00:00:00,-0.04330000000000034
2020-01-28 00:00:00,-0.02330000000000032
2020-01-29 00:00:00,-0.0033000000000003027
2020-01-30 00:00:00,-0.03330000000000033
2020-01-31 00:00:00,-0.04330000000000034
2020-02-03 00:00:00,-0.08330000000000037
2020-02-04 00:00:00,-0.10330000000000017
2020-02-05 00:00:00,-0.06330000000000036
2020-02-06 00:00:00,-0.04330000000000034
2020-02-07 00:00:00,-0.03330000000000033
2020-02-10 00:00:00,-0.05330000000000035
2020-02-11 00:00:00,-0.05330000000000035
2020-02-12 00:00:00,0.006699999999999706
2020-02-13 00:00:00,0.006699999999999706
2020-02-14 00:00:00,0.016699999999999715
2020-02-18 00:00:00,0.026699999999999724
2020-02-19 00:00:00,0.05669999999999975
2020-02-20 00:00:00,0.06669999999999976
2020-02-21 00:00:00,0.03669999999999973
2020-02-24 00:00:00,-0.013300000000000312
2020-02-25 00:00:00,-0.08330000000000037
2020-02-26 00:00:00,-0.1533000000000002
2020-02-27 00:00:00,-0.19330000000000025
2020-02-28 00:00:00,-0.23330000000000028
2020-03-02 00:00:00,-0.18330000000000024
2020-03-03 00:00:00,-0.19330000000000025
2020-03-04 00:00:00,-0.17330000000000023
2020-03-05 00:00:00,-0.20330000000000026
2020-03-06 00:00:00,-0.3333000000000004
2020-03-09 00:00:00,-0.5733000000000004
2020-03-10 00:00:00,-0.5533000000000003
2020-03-11 00:00:00,-0.5933000000000002
2020-03-12 00:00:00,-0.7933000000000003
2020-03-13 00:00:00,-0.8033000000000003
2020-03-16 00:00:00,-1.0133000000000003
2020-03-17 00:00:00,-1.0033000000000003
2020-03-18 00:00:00,-1.0733000000000001
2020-03-19 00:00:00,-1.0233000000000003
2020-03-20 00:00:00,-1.0833000000000004
2020-03-23 00:00:00,-1.1933000000000002
2020-03-24 00:00:00,-1.1833000000000002
2020-03-25 00:00:00,-1.0933000000000002
2020-03-26 00:00:00,-1.1033000000000004
2020-03-27 00:00:00,-1.0833000000000004
2020-03-30 00:00:00,-1.0733000000000001
2020-03-31 00:00:00,-1.0833000000000004
2020-04-01 00:00:00,-1.1333000000000002
2020-04-02 00:00:00,-1.0233000000000003
2020-04-03 00:00:00,-0.9933000000000003
2020-04-06 00:00:00,-0.9833000000000003
2020-04-07 00:00:00,-1.0333000000000003
2020-04-08 00:00:00,-0.9933000000000003
2020-04-09 00:00:00,-1.0033000000000003
2020-04-13 00:00:00,-0.9833000000000003
2020-04-14 00:00:00,-0.9633000000000003
2020-04-15 00:00:00,-0.9733000000000003
2020-04-16 00:00:00,-0.9833000000000003
2020-04-17 00:00:00,-0.9733000000000003
2020-04-20 00:00:00,-1.0033000000000003
2020-04-21 00:00:00,-1.1633000000000004
2020-04-22 00:00:00,-1.0533000000000003
2020-04-23 00:00:00,-1.0633000000000004
2020-04-24 00:00:00,-1.0533000000000003
2020-04-27 00:00:00,-1.0733000000000004
2020-04-28 00:00:00,-1.0533000000000003
2020-04-29 00:00:00,-1.0033000000000003
2020-04-30 00:00:00,-0.9733000000000003
2020-05-01 00:00:00,-0.9933000000000003
2020-05-04 00:00:00,-0.9433000000000002
2020-05-05 00:00:00,-0.8733000000000004
2020-05-06 00:00:00,-0.8933000000000004
2020-05-07 00:00:00,-0.8533000000000004
2020-05-08 00:00:00,-0.8233000000000004
2020-05-11 00:00:00,-0.8433000000000004
2020-05-12 00:00:00,-0.8433000000000004
2020-05-13 00:00:00,-0.9033000000000002
2020-05-14 00:00:00,-0.8433000000000004
2020-05-15 00:00:00,-0.8033000000000003
2020-05-18 00:00:00,-0.7433000000000003
2020-05-19 00:00:00,-0.7333000000000003
2020-05-20 00:00:00,-0.7333000000000003
2020-05-21 00:00:00,-0.7233000000000003
2020-05-22 00:00:00,-0.7333000000000003
2020-05-26 00:00:00,-0.7133000000000003
2020-05-27 00:00:00,-0.7633000000000003
2020-05-28 00:00:00,-0.7533000000000003
2020-05-29 00:00:00,-0.7033000000000003
2020-06-01 00:00:00,-0.7133000000000003
2020-06-02 00:00:00,-0.6633000000000004
2020-06-03 00:00:00,-0.6633000000000004
2020-06-04 00:00:00,-0.6333000000000004
2020-06-05 00:00:00,-0.5633000000000004
2020-06-08 00:00:00,-0.5833000000000004
2020-06-09 00:00:00,-0.5733000000000004
2020-06-10 00:00:00,-0.5733000000000004
2020-06-11 00:00:00,-0.6533000000000004
2020-06-12 00:00:00,-0.6533000000000004
2020-06-15 00:00:00,-0.6233000000000004
2020-06-16 00:00:00,-0.5833000000000004
2020-06-17 00:00:00,-0.5833000000000004
2020-06-18 00:00:00,-0.5433000000000003
2020-06-19 00:00:00,-0.5333000000000003
2020-06-22 00:00:00,-0.5133000000000003
2020-06-23 00:00:00,-0.5133000000000003
2020-06-24 00:00:00,-0.6033000000000004
2020-06-25 00:00:00,-0.6033000000000004
2020-06-26 00:00:00,-0.6433000000000004
2020-06-29 00:00:00,-0.6133000000000004
2020-06-30 00:00:00,-0.6033000000000004
2020-07-01 00:00:00,-0.5933000000000004
2020-07-02 00:00:00,-0.5533000000000003
2020-07-06 00:00:00,-0.5633000000000004
2020-07-07 00:00:00,-0.5433000000000003
2020-07-08 00:00:00,-0.5233000000000003
2020-07-09 00:00:00,-0.5633000000000004
2020-07-10 00:00:00,-0.5333000000000003
2020-07-13 00:00:00,-0.5433000000000003
2020-07-14 00:00:00,-0.5633000000000004
2020-07-15 00:00:00,-0.5533000000000003
2020-07-16 00:00:00,-0.5733000000000004
2020-07-17 00:00:00,-0.5833000000000004
2020-07-20 00:00:00,-0.5733000000000004
2020-07-21 00:00:00,-0.5333000000000003
2020-07-22 00:00:00,-0.5333000000000003
2020-07-23 00:00:00,-0.5633000000000004
2020-07-24 00:00:00,-0.5433000000000003
2020-07-27 00:00:00,-0.5533000000000003
2020-07-28 00:00:00,-0.5633000000000004
2020-07-29 00:00:00,-0.5733000000000004
2020-07-30 00:00:00,-0.6033000000000002
2020-07-31 00:00:00,-0.6133000000000002
2020-08-03 00:00:00,-0.5733000000000004
2020-08-04 00:00:00,-0.5733000000000004
2020-08-05 00:00:00,-0.5633000000000004
2020-08-06 00:00:00,-0.5533000000000003
2020-08-07 00:00:00,-0.5633000000000004
2020-08-10 00:00:00,-0.5433000000000003
2020-08-11 00:00:00,-0.5633000000000004
2020-08-12 00:00:00,-0.5233000000000003
2020-08-13 00:00:00,-0.5333000000000003
2020-08-14 00:00:00,-0.5233000000000003
2020-08-17 00:00:00,-0.5033000000000003
2020-08-18 00:00:00,-0.4933000000000003
2020-08-19 00:00:00,-0.4933000000000003
2020-08-20 00:00:00,-0.5033000000000003
2020-08-21 00:00:00,-0.5133000000000003
2020-08-24 00:00:00,-0.4833000000000003
2020-08-25 00:00:00,-0.4733000000000003
2020-08-26 00:00:00,-0.4733000000000003
2020-08-27 00:00:00,-0.5133000000000003
2020-08-28 00:00:00,-0.4833000000000003
2020-08-31 00:00:00,-0.5133000000000003
2020-09-01 00:00:00,-0.5033000000000003
2020-09-02 00:00:00,-0.5233000000000003
2020-09-03 00:00:00,-0.5233000000000003
2020-09-04 00:00:00,-0.5533000000000003
2020-09-08 00:00:00,-0.6233000000000002
2020-09-09 00:00:00,-0.5933000000000002
2020-09-10 00:00:00,-0.6133000000000002
2020-09-11 00:00:00,-0.6233000000000002
2020-09-14 00:00:00,-0.6133000000000002
2020-09-15 00:00:00,-0.5833000000000002
2020-09-16 00:00:00,-0.5333000000000003
2020-09-17 00:00:00,-0.4933000000000003
2020-09-18 00:00:00,-0.4933000000000003
2020-09-21 00:00:00,-0.5433000000000003
2020-09-22 00:00:00,-0.5533000000000003
2020-09-23 00:00:00,-0.5433000000000003
2020-09-24 00:00:00,-0.5233000000000003
2020-09-25 00:00:00,-0.5133000000000003
2020-09-28 00:00:00,-0.4933000000000003
2020-09-29 00:00:00,-0.5333000000000003
2020-09-30 00:00:00,-0.5133000000000003
2020-10-01 00:00:00,-0.5433000000000003
2020-10-02 00:00:00,-0.5833000000000002
2020-10-05 00:00:00,-0.5233000000000003
2020-10-06 00:00:00,-0.4833000000000003
2020-10-07 00:00:00,-0.5133000000000003
2020-10-08 00:00:00,-0.4833000000000003
2020-10-09 00:00:00,-0.5033000000000003
2020-10-12 00:00:00,-0.5333000000000003
2020-10-13 00:00:00,-0.5233000000000003
2020-10-14 00:00:00,-0.5033000000000003
2020-10-15 00:00:00,-0.5233000000000003
2020-10-16 00:00:00,-0.5333000000000003
2020-10-19 00:00:00,-0.5433000000000003
2020-10-20 00:00:00,-0.5133000000000003
2020-10-21 00:00:00,-0.5533000000000003
2020-10-22 00:00:00,-0.5433000000000003
2020-10-23 00:00:00,-0.5533000000000003
2020-10-26 00:00:00,-0.5833000000000002
2020-10-27 00:00:00,-0.5533000000000003
2020-10-28 00:00:00,-0.6233000000000002
2020-10-29 00:00:00,-0.6533000000000002
2020-10-30 00:00:00,-0.6533000000000002
2020-11-02 00:00:00,-0.6333000000000002
2020-11-03 00:00:00,-0.6133000000000002
2020-11-04 00:00:00,-0.5833000000000002
2020-11-05 00:00:00,-0.5733000000000001
2020-11-06 00:00:00,-0.6033000000000002
2020-11-09 00:00:00,-0.5233000000000003
2020-11-10 00:00:00,-0.4933000000000003
2020-11-11 00:00:00,-0.5133000000000003
2020-11-12 00:00:00,-0.5233000000000003
2020-11-13 00:00:00,-0.5633000000000001
2020-11-16 00:00:00,-0.5333000000000003
2020-11-17 00:00:00,-0.5333000000000003
2020-11-18 00:00:00,-0.5233000000000003
2020-11-19 00:00:00,-0.5233000000000003
2020-11-20 00:00:00,-0.5133000000000003
2020-11-23 00:00:00,-0.4933000000000003
2020-11-24 00:00:00,-0.43330000000000024
2020-11-25 00:00:00,-0.4133000000000002
2020-11-27 00:00:00,-0.42330000000000023
2020-11-30 00:00:00,-0.44330000000000025
2020-12-01 00:00:00,-0.46330000000000027
2020-12-02 00:00:00,-0.44330000000000025
2020-12-03 00:00:00,-0.42330000000000023
2020-12-04 00:00:00,-0.4133000000000002
2020-12-07 00:00:00,-0.42330000000000023
2020-12-08 00:00:00,-0.42330000000000023
2020-12-09 00:00:00,-0.4133000000000002
2020-12-10 00:00:00,-0.3733000000000002
2020-12-11 00:00:00,-0.3833000000000002
2020-12-14 00:00:00,-0.3733000000000002
2020-12-15 00:00:00,-0.3633000000000002
2020-12-16 00:00:00,-0.34330000000000016
2020-12-17 00:00:00,-0.31330000000000036
2020-12-18 00:00:00,-0.30330000000000035
2020-12-21 00:00:00,-0.33330000000000015
2020-12-22 00:00:00,-0.35330000000000017
2020-12-23 00:00:00,-0.32330000000000036
2020-12-24 00:00:00,-0.32330000000000036
2020-12-28 00:00:00,-0.33330000000000015
2020-12-29 00:00:00,-0.31330000000000036
2020-12-30 00:00:00,-0.29330000000000034
2020-12-31 00:00:00,-0.28330000000000033
2021-01-04 00:00:00,-0.32330000000000036
2021-01-05 00:00:00,-0.2533000000000003
2021-01-06 00:00:00,-0.22330000000000028
2021-01-07 00:00:00,-0.21330000000000027
2021-01-08 00:00:00,-0.16330000000000022
2021-01-11 00:00:00,-0.18330000000000024
2021-01-12 00:00:00,-0.1533000000000002
2021-01-13 00:00:00,-0.1533000000000002
2021-01-14 00:00:00,-0.1533000000000002
2021-01-15 00:00:00,-0.18330000000000024
2021-01-19 00:00:00,-0.17330000000000023
2021-01-20 00:00:00,-0.16330000000000022
2021-01-21 00:00:00,-0.16330000000000022
2021-01-22 00:00:00,-0.16330000000000022
2021-01-25 00:00:00,-0.1533000000000002
2021-01-26 00:00:00,-0.1433000000000002
2021-01-27 00:00:00,-0.1433000000000002
2021-01-28 00:00:00,-0.1433000000000002
2021-01-29 00:00:00,-0.16330000000000022
2021-02-01 00:00:00,-0.12330000000000019
2021-02-02 00:00:00,-0.10330000000000017
2021-02-03 00:00:00,-0.07330000000000014
2021-02-04 00:00:00,-0.07330000000000014
2021-02-05 00:00:00,-0.06330000000000013
2021-02-08 00:00:00,-0.03330000000000011
2021-02-09 00:00:00,-0.0233000000000001
2021-02-10 00:00:00,-0.03330000000000011
2021-02-11 00:00:00,-0.03330000000000011
2021-02-12 00:00:00,-0.0033000000000000806
2021-02-16 00:00:00,0.036699999999999955
2021-02-17 00:00:00,0.06669999999999976
2021-02-18 00:00:00,0.05669999999999975
2021-02-19 00:00:00,0.05669999999999975
2021-02-22 00:00:00,0.09669999999999979
2021-02-23 00:00:00,0.1066999999999998
2021-02-24 00:00:00,0.14669999999999983
2021-02-25 00:00:00,0.14669999999999983
2021-02-26 00:00:00,0.1166999999999998
2021-03-01 00:00:00,0.1066999999999998
2021-03-02 00:00:00,0.1066999999999998
2021-03-03 00:00:00,0.1166999999999998
2021-03-04 00:00:00,0.16669999999999985
2021-03-05 00:00:00,0.2366999999999999
2021-03-08 00:00:00,0.22669999999999968
2021-03-09 00:00:00,0.22669999999999968
2021-03-10 00:00:00,0.2466999999999997
2021-03-11 00:00:00,0.30669999999999975
2021-03-12 00:00:00,0.30669999999999975
2021-03-15 00:00:00,0.27669999999999995
2021-03-16 00:00:00,0.27669999999999995
2021-03-17 00:00:00,0.2366999999999999
2021-03-18 00:00:00,0.1266999999999998
2021-03-19 00:00:00,0.13669999999999982
2021-03-22 00:00:00,0.14669999999999983
2021-03-23 00:00:00,0.08669999999999978
2021-03-24 00:00:00,0.17669999999999986
2021-03-25 00:00:00,0.1066999999999998
2021-03-26 00:00:00,0.15669999999999984
2021-03-29 00:00:00,0.18669999999999987
2021-03-30 00:00:00,0.18669999999999987
2021-03-31 00:00:00,0.14669999999999983
2021-04-01 00:00:00,0.2166999999999999
2021-04-05 00:00:00,0.15669999999999984
2021-04-06 00:00:00,0.15669999999999984
2021-04-07 00:00:00,0.14669999999999983
2021-04-08 00:00:00,0.15669999999999984
2021-04-09 00:00:00,0.15669999999999984
2021-04-12 00:00:00,0.16669999999999985
2021-04-13 00:00:00,0.17669999999999986
2021-04-14 00:00:00,0.2366999999999999
2021-04-15 00:00:00,0.2466999999999997
2021-04-16 00:00:00,0.2366999999999999
2021-04-19 00:00:00,0.24670000000000014
2021-04-20 00:00:00,0.2166999999999999
2021-04-21 00:00:00,0.1867000000000001
2021-04-22 00:00:00,0.1867000000000001
2021-04-23 00:00:00,0.2067000000000001
2021-04-26 00:00:00,0.1967000000000001
2021-04-27 00:00:00,0.22670000000000012
2021-04-28 00:00:00,0.27669999999999995
2021-04-29 00:00:00,0.3067000000000002
2021-04-30 00:00:00,0.27669999999999995
2021-05-03 00:00:00,0.29669999999999996
2021-05-04 00:00:00,0.34670000000000023
2021-05-05 00:00:00,0.34670000000000023
2021-05-06 00:00:00,0.3167
2021-05-07 00:00:00,0.3267000000000002
2021-05-10 00:00:00,0.3367
2021-05-11 00:00:00,0.3367
2021-05-12 00:00:00,0.36670000000000025
2021-05-13 00:00:00,0.29669999999999996
2021-05-14 00:00:00,0.3267000000000002
2021-05-17 00:00:00,0.3567
2021-05-18 00:00:00,0.3567
2021-05-19 00:00:00,0.29669999999999996
2021-05-20 00:00:00,0.2466999999999997
2021-05-21 00:00:00,0.27669999999999995
2021-05-24 00:00:00,0.32669999999999977
2021-05-25 00:00:00,0.3367
2021-05-26 00:00:00,0.3567
2021-05-27 00:00:00,0.3666999999999998
2021-05-28 00:00:00,0.3466999999999998
2021-06-01 00:00:00,0.37670000000000003
2021-06-02 00:00:00,0.40669999999999984
2021-06-03 00:00:00,0.41670000000000007
2021-06-04 00:00:00,0.42669999999999986
2021-06-07 00:00:00,0.40669999999999984
2021-06-08 00:00:00,0.4367000000000001
2021-06-09 00:00:00,0.41670000000000007
2021-06-10 00:00:00,0.42669999999999986
2021-06-11 00:00:00,0.40669999999999984
2021-06-14 00:00:00,0.3866999999999998
2021-06-15 00:00:00,0.3866999999999998
2021-06-16 00:00:00,0.37670000000000003
2021-06-17 00:00:00,0.3567
2021-06-18 00:00:00,0.38670000000000027
2021-06-21 00:00:00,0.41670000000000007
2021-06-22 00:00:00,0.4367000000000001
2021-06-23 00:00:00,0.4767000000000001
2021-06-24 00:00:00,0.4866999999999999
2021-06-25 00:00:00,0.46670000000000034
2021-06-28 00:00:00,0.4267000000000003
2021-06-29 00:00:00,0.4467000000000003
2021-06-30 00:00:00,0.4467000000000003
2021-07-01 00:00:00,0.4767000000000001
2021-07-02 00:00:00,0.5066999999999999
2021-07-06 00:00:00,0.4367000000000001
2021-07-07 00:00:00,0.41670000000000007
2021-07-08 00:00:00,0.46670000000000034
2021-07-09 00:00:00,0.49670000000000014
2021-07-12 00:00:00,0.4866999999999999
2021-07-13 00:00:00,0.5267
2021-07-14 00:00:00,0.49670000000000014
2021-07-15 00:00:00,0.4567000000000001
2021-07-16 00:00:00,0.4567000000000001
2021-07-19 00:00:00,0.3067000000000002
2021-07-20 00:00:00,0.3267000000000002
2021-07-21 00:00:00,0.4067000000000003
2021-07-22 00:00:00,0.4567000000000001
2021-07-23 00:00:00,0.46670000000000034
2021-07-26 00:00:00,0.48670000000000035
2021-07-27 00:00:00,0.48670000000000035
2021-07-28 00:00:00,0.49670000000000014
2021-07-29 00:00:00,0.5367000000000002
2021-07-30 00:00:00,0.5467000000000004
2021-08-02 00:00:00,0.48670000000000035
2021-08-03 00:00:00,0.4767000000000001
2021-08-04 00:00:00,0.4467000000000003
2021-08-05 00:00:00,0.48670000000000035
2021-08-06 00:00:00,0.4567000000000001
2021-08-09 00:00:00,0.4267000000000003
2021-08-10 00:00:00,0.46670000000000034
2021-08-11 00:00:00,0.49670000000000014
2021-08-12 00:00:00,0.4767000000000001
2021-08-13 00:00:00,0.4567000000000001
2021-08-16 00:00:00,0.41670000000000007
2021-08-17 00:00:00,0.3967000000000003
2021-08-18 00:00:00,0.37670000000000026
2021-08-19 00:00:00,0.3167000000000002
2021-08-20 00:00:00,0.24670000000000036
2021-08-23 00:00:00,0.34670000000000023
2021-08-24 00:00:00,0.41670000000000007
2021-08-25 00:00:00,0.4767000000000001
2021-08-26 00:00:00,0.4267000000000003
2021-08-27 00:00:00,0.4567000000000001
2021-08-30 00:00:00,0.4767000000000001
2021-08-31 00:00:00,0.4767000000000001
2021-09-01 00:00:00,0.4567000000000001
2021-09-02 00:00:00,0.49670000000000014
2021-09-03 00:00:00,0.49670000000000014
2021-09-07 00:00:00,0.46670000000000034
2021-09-08 00:00:00,0.4767000000000001
2021-09-09 00:00:00,0.4467000000000003
2021-09-10 00:00:00,0.49670000000000014
2021-09-13 00:00:00,0.5067000000000004
2021-09-14 00:00:00,0.5167000000000002
2021-09-15 00:00:00,0.5467000000000004
2021-09-16 00:00:00,0.5367000000000002
2021-09-17 00:00:00,0.5167000000000002
2021-09-20 00:00:00,0.46670000000000034
2021-09-21 00:00:00,0.46670000000000034
2021-09-22 00:00:00,0.49670000000000014
2021-09-23 00:00:00,0.5367000000000002
2021-09-24 00:00:00,0.5467000000000004
2021-09-27 00:00:00,0.5767000000000002
2021-09-28 00:00:00,0.5567000000000002
2021-09-29 00:00:00,0.5867000000000004
2021-09-30 00:00:00,0.6067000000000005
2021-10-01 00:00:00,0.6567000000000003
2021-10-04 00:00:00,0.7067000000000001
2021-10-05 00:00:00,0.7567000000000004
2021-10-06 00:00:00,0.7067000000000001
2021-10-07 00:00:00,0.7367000000000004
2021-10-08 00:00:00,0.7567000000000004
2021-10-11 00:00:00,0.7767000000000004
2021-10-12 00:00:00,0.7767000000000004
2021-10-13 00:00:00,0.7967000000000004
2021-10-14 00:00:00,0.8267000000000002
2021-10-15 00:00:00,0.8767000000000005
2021-10-18 00:00:00,0.8667000000000002
2021-10-19 00:00:00,0.8767000000000005
2021-10-20 00:00:00,0.8967000000000005
2021-10-21 00:00:00,0.8667000000000002
2021-10-22 00:00:00,0.8667000000000002
2021-10-25 00:00:00,0.8867000000000003
2021-10-26 00:00:00,0.8867000000000003
2021-10-27 00:00:00,0.8267000000000002
2021-10-28 00:00:00,0.8067000000000002
2021-10-29 00:00:00,0.8067000000000002
2021-11-01 00:00:00,0.8367000000000004
2021-11-02 00:00:00,0.8667000000000002
2021-11-03 00:00:00,0.7667000000000002
2021-11-04 00:00:00,0.7267000000000006
2021-11-05 00:00:00,0.7667000000000002
2021-11-08 00:00:00,0.7667000000000002
2021-11-09 00:00:00,0.8167000000000004
2021-11-10 00:00:00,0.7467000000000001
2021-11-11 00:00:00,0.7667000000000002
2021-11-12 00:00:00,0.7567000000000004
2021-11-15 00:00:00,0.7667000000000002
2021-11-16 00:00:00,0.7767000000000004
2021-11-17 00:00:00,0.7167000000000003
2021-11-18 00:00:00,0.7267000000000006
2021-11-19 00:00:00,0.6467000000000005
2021-11-22 00:00:00,0.6967000000000003
2021-11-23 00:00:00,0.7667000000000002
2021-11-24 00:00:00,0.7567000000000004
2021-11-26 00:00:00,0.47670000000000057
2021-11-29 00:00:00,0.5267000000000004
2021-11-30 00:00:00,0.43670000000000053
2021-12-01 00:00:00,0.4467000000000003
2021-12-02 00:00:00,0.4567000000000001
2021-12-03 00:00:00,0.4467000000000003
2021-12-06 00:00:00,0.5367000000000002
2021-12-07 00:00:00,0.5967000000000002
2021-12-08 00:00:00,0.6367000000000003
2021-12-09 00:00:00,0.6267000000000005
2021-12-10 00:00:00,0.6367000000000003
2021-12-13 00:00:00,0.6167000000000002
2021-12-14 00:00:00,0.6067000000000005
2021-12-15 00:00:00,0.6167000000000002
2021-12-16 00:00:00,0.6667000000000005
2021-12-17 00:00:00,0.6167000000000002
2021-12-20 00:00:00,0.5867000000000004
2021-12-21 00:00:00,0.6567000000000003
2021-12-22 00:00:00,0.6767000000000003
2021-12-23 00:00:00,0.7067000000000005
2021-12-27 00:00:00,0.7367000000000004
2021-12-28 00:00:00,0.7567000000000004
2021-12-29 00:00:00,0.7767000000000004
2021-12-30 00:00:00,0.7967000000000004
2021-12-31 00:00:00,0.7367000000000004
2022-01-03 00:00:00,0.7667000000000002
2022-01-04 00:00:00,0.7867000000000002
2022-01-05 00:00:00,0.8067000000000002
2022-01-06 00:00:00,0.8167000000000004
2022-01-07 00:00:00,0.8167000000000004
2022-01-10 00:00:00,0.7867000000000002
2022-01-11 00:00:00,0.8667000000000002
2022-01-12 00:00:00,0.8967000000000005
2022-01-13 00:00:00,0.8967000000000005
2022-01-14 00:00:00,0.9267000000000003
2022-01-18 00:00:00,0.9467000000000003
2022-01-19 00:00:00,0.9667000000000003
2022-01-20 00:00:00,0.9767000000000006
2022-01-21 00:00:00,0.9567000000000005
2022-01-24 00:00:00,0.9167000000000005
2022-01-25 00:00:00,0.9667000000000003
2022-01-26 00:00:00,1.0267000000000004
2022-01-27 00:00:00,1.0267000000000004
2022-01-28 00:00:00,1.0367000000000006
2022-01-31 00:00:00,1.0567000000000006
2022-02-01 00:00:00,1.0767000000000007
2022-02-02 00:00:00,1.0967000000000007
2022-02-03 00:00:00,1.1367000000000007
2022-02-04 00:00:00,1.1767000000000003
2022-02-07 00:00:00,1.1867000000000005
2022-02-08 00:00:00,1.1367000000000007
2022-02-09 00:00:00,1.1767000000000003
2022-02-10 00:00:00,1.1867000000000005
2022-02-11 00:00:00,1.2667000000000006
2022-02-14 00:00:00,1.3067000000000006
2022-02-15 00:00:00,1.2167000000000003
2022-02-16 00:00:00,1.2367000000000004
2022-02-17 00:00:00,1.2067000000000005
2022-02-18 00:00:00,1.2267000000000006
2022-02-22 00:00:00,1.2667000000000006
2022-02-23 00:00:00,1.2867000000000006
2022-02-24 00:00:00,1.3267000000000007
2022-02-25 00:00:00,1.2867000000000006
2022-02-28 00:00:00,1.3467000000000007
2022-03-01 00:00:00,1.4967000000000006
2022-03-02 00:00:00,1.7067000000000005
2022-03-03 00:00:00,1.6867000000000005
2022-03-04 00:00:00,1.9167000000000005
2022-03-07 00:00:00,1.9667000000000003
2022-03-08 00:00:00,2.0767000000000007
2022-03-09 00:00:00,1.6867000000000005
2022-03-10 00:00:00,1.5667000000000004
2022-03-11 00:00:00,1.7167000000000003
2022-03-14 00:00:00,1.5667000000000004
2022-03-15 00:00:00,1.4067000000000007
2022-03-16 00:00:00,1.3867000000000007
2022-03-17 00:00:00,1.5967000000000007
2022-03-18 00:00:00,1.626700000000001
2022-03-21 00:00:00,1.7567000000000008
2022-03-22 00:00:00,1.7367000000000008
2022-03-23 00:00:00,1.856700000000001
2022-03-24 00:00:00,1.8067000000000006
2022-03-25 00:00:00,1.876700000000001
2022-03-28 00:00:00,1.646700000000001
2022-03-29 00:00:00,1.626700000000001
2022-03-30 00:00:00,1.7367000000000008
2022-03-31 00:00:00,1.606700000000001
2022-04-01 00:00:00,1.6167000000000007
2022-04-04 00:00:00,1.666700000000001
2022-04-05 00:00:00,1.6367000000000007
2022-04-06 00:00:00,1.5267000000000008
2022-04-07 00:00:00,1.5267000000000008
2022-04-08 00:00:00,1.6167000000000007
2022-04-11 00:00:00,1.496700000000001
2022-04-12 00:00:00,1.646700000000001
2022-04-13 00:00:00,1.7767000000000008
2022-04-14 00:00:00,1.8667000000000007
2022-04-18 00:00:00,1.8667000000000007
2022-04-19 00:00:00,1.7467000000000006
2022-04-20 00:00:00,1.7667000000000006
2022-04-21 00:00:00,1.8167000000000004
2022-04-22 00:00:00,1.7867000000000006
2022-04-25 00:00:00,1.7267000000000006
2022-04-26 00:00:00,1.8067000000000006
2022-04-27 00:00:00,1.8867000000000007
2022-04-28 00:00:00,1.9567000000000005
2022-04-29 00:00:00,1.9267000000000007
2022-05-02 00:00:00,1.9867000000000008
2022-05-03 00:00:00,1.9767000000000006
2022-05-04 00:00:00,2.1267000000000005
2022-05-05 00:00:00,2.1367000000000007
2022-05-06 00:00:00,2.2167000000000012
2022-05-09 00:00:00,2.0867000000000004
2022-05-10 00:00:00,1.9867000000000008
2022-05-11 00:00:00,2.1267000000000005
2022-05-12 00:00:00,2.1967000000000008
2022-05-13 00:00:00,2.3367000000000004
2022-05-16 00:00:00,2.396700000000001
2022-05-17 00:00:00,2.346700000000001
2022-05-18 00:00:00,2.186700000000001
2022-05-19 00:00:00,2.2567000000000004
2022-05-19 14:30:00,2.1171000000000006
2022-05-19 15:00:00,2.156200000000001
2022-05-19 16:00:00,2.197700000000001
2022-05-19 17:00:00,2.1869000000000005
2022-05-19 18:00:00,2.2452000000000005
2022-05-19 19:00:00,2.261300000000001
2022-05-19 20:00:00,2.2406000000000006
2022-05-19 21:00:00,2.2452000000000005
2022-05-20 14:30:00,2.279600000000001
2022-05-20 15:00:00,2.2662000000000004
2022-05-20 16:00:00,2.276700000000001
2022-05-20 17:00:00,2.2543000000000006
2022-05-20 18:00:00,2.279300000000001
2022-05-20 19:00:00,2.279300000000001
2022-05-20 20:00:00,2.285300000000001
2022-05-20 21:00:00,2.2856000000000005
2022-05-23 14:30:00,2.272400000000001
2022-05-23 15:00:00,2.2563000000000004
2022-05-23 16:00:00,2.272400000000001
2022-05-23 17:00:00,2.262900000000001
2022-05-23 18:00:00,2.269400000000001
2022-05-23 19:00:00,2.2722000000000007
2022-05-23 20:00:00,2.274000000000001
2022-05-23 21:00:00,2.222200000000001
2022-05-24 14:30:00,2.2249000000000008
2022-05-24 15:00:00,2.252600000000001
2022-05-24 16:00:00,2.2352000000000007
2022-05-24 17:00:00,2.2520000000000007
2022-05-24 18:00:00,2.266000000000001
2022-05-24 19:00:00,2.2792000000000012
2022-05-24 20:00:00,2.2738000000000005
2022-05-24 21:00:00,2.279000000000001
2022-05-25 14:30:00,2.331600000000001
2022-05-25 15:00:00,2.325700000000001
2022-05-25 16:00:00,2.2905000000000006
2022-05-25 17:00:00,2.300300000000001
2022-05-25 18:00:00,2.3046000000000006
2022-05-25 19:00:00,2.326500000000001
2022-05-25 20:00:00,2.330800000000001
2022-05-25 21:00:00,2.3302000000000005
2022-05-26 14:30:00,2.339500000000001
2022-05-26 15:00:00,2.388200000000001
2022-05-26 16:00:00,2.391700000000001
2022-05-26 17:00:00,2.3915000000000006
2022-05-26 18:00:00,2.419500000000001
2022-05-26 19:00:00,2.4033000000000007
2022-05-26 20:00:00,2.398900000000001
2022-05-26 21:00:00,2.403600000000001
2022-05-27 14:30:00,2.413100000000001
2022-05-27 15:00:00,2.415700000000001
2022-05-27 16:00:00,2.4368000000000007
2022-05-27 17:00:00,2.451600000000001
2022-05-27 18:00:00,2.490800000000001
2022-05-27 19:00:00,2.496500000000001
2022-05-27 20:00:00,2.500300000000001
2022-05-27 21:00:00,2.4940000000000007
2022-05-27 23:00:00,2.5025000000000004
2022-05-31 14:30:00,2.596000000000001
2022-05-31 15:00:00,2.5824000000000007
2022-05-31 16:00:00,2.5802000000000005
2022-05-31 17:00:00,2.605100000000001
2022-05-31 18:00:00,2.509500000000001
2022-05-31 19:00:00,2.516300000000001
2022-05-31 20:00:00,2.516300000000001
2022-05-31 21:00:00,2.520100000000001
2022-06-01 14:30:00,2.6182000000000007
2022-06-01 15:00:00,2.6080000000000005
2022-06-01 16:00:00,2.6190000000000007
2022-06-01 17:00:00,2.6327000000000007
2022-06-01 18:00:00,2.624600000000001
2022-06-01 19:00:00,2.617700000000001
2022-06-01 20:00:00,2.6140000000000008
2022-06-01 21:00:00,2.6004000000000005
2022-06-02 14:30:00,2.6624000000000008
2022-06-02 15:00:00,2.592100000000001
2022-06-02 16:00:00,2.6717000000000004
2022-06-02 17:00:00,2.7167000000000012
2022-06-02 18:00:00,2.724800000000001
2022-06-02 19:00:00,2.7208000000000006
2022-06-02 20:00:00,2.7460000000000004
2022-06-02 21:00:00,2.762600000000001
2022-06-03 14:30:00,2.736300000000001
2022-06-03 15:00:00,2.743500000000001
2022-06-03 16:00:00,2.7529000000000003
2022-06-03 17:00:00,2.7455000000000007
2022-06-03 18:00:00,2.7697000000000003
2022-06-03 19:00:00,2.8036000000000003
2022-06-03 20:00:00,2.8185000000000002
2022-06-03 21:00:00,2.8267000000000007
2022-06-06 14:30:00,2.747700000000001
2022-06-06 15:00:00,2.7758000000000003
2022-06-06 16:00:00,2.7708000000000004
2022-06-06 17:00:00,2.7678000000000003
2022-06-06 18:00:00,2.7966000000000006
2022-06-06 19:00:00,2.7613000000000003
2022-06-06 20:00:00,2.738100000000001
2022-06-06 21:00:00,2.7762000000000002
2022-06-07 14:30:00,2.6808000000000005
2022-06-07 15:00:00,2.652400000000001
2022-06-07 16:00:00,2.6846000000000005
2022-06-07 17:00:00,2.697000000000001
2022-06-07 18:00:00,2.6683000000000012
2022-06-07 19:00:00,2.727500000000001
2022-06-07 20:00:00,2.7314000000000007
2022-06-07 21:00:00,2.7250000000000005
2022-06-08 14:30:00,2.7055000000000007
2022-06-08 15:00:00,2.7608000000000006
2022-06-08 16:00:00,2.7834000000000003
2022-06-08 17:00:00,2.7704000000000004
2022-06-08 18:00:00,2.7806000000000006
2022-06-08 19:00:00,2.7902000000000005
2022-06-08 20:00:00,2.7882000000000007
2022-06-08 21:00:00,2.7874000000000008
2022-06-08 23:00:00,2.789200000000001
2022-06-08 23:00:01,2.789200000000001
2022-06-09 14:30:00,2.834500000000001
2022-06-09 15:00:00,2.8317000000000014
2022-06-09 16:00:00,2.8165000000000013
2022-06-09 17:00:00,2.8253000000000013
2022-06-09 18:00:00,2.8283000000000014
2022-06-09 19:00:00,2.820500000000001
2022-06-09 20:00:00,2.809000000000001
2022-06-09 21:00:00,2.8027000000000015
2022-06-10 14:30:00,2.7913000000000014
2022-06-10 15:00:00,2.7399000000000013
2022-06-10 16:00:00,2.7277000000000013
2022-06-10 17:00:00,2.749900000000001
2022-06-10 18:00:00,2.757200000000001
2022-06-10 19:00:00,2.7417000000000016
2022-06-10 20:00:00,2.736900000000001
2022-06-10 21:00:00,2.736900000000001
2022-06-10 23:00:00,2.745300000000001
2022-06-13 14:30:00,2.7167000000000012
2022-06-13 15:00:00,2.6278000000000015
2022-06-13 16:00:00,2.7082000000000015
2022-06-13 17:00:00,2.7150000000000016
2022-06-13 18:00:00,2.6850000000000014
2022-06-13 19:00:00,2.6500000000000012
2022-06-13 20:00:00,2.6488000000000014
2022-06-13 21:00:00,2.6365000000000016
2022-06-13 23:00:00,2.6660000000000013
2022-06-14 14:30:00,2.7257000000000016
2022-06-14 15:00:00,2.7257000000000016
2022-06-14 16:00:00,2.6746000000000016
2022-06-14 17:00:00,2.6575000000000015
2022-06-14 18:00:00,2.5915000000000017
2022-06-14 19:00:00,2.593700000000001
2022-06-14 20:00:00,2.5897000000000014
2022-06-14 21:00:00,2.6114000000000015
2022-06-15 14:30:00,2.5802000000000014
2022-06-15 15:00:00,2.587600000000001
2022-06-15 16:00:00,2.6058000000000012
2022-06-15 17:00:00,2.5927000000000016
2022-06-15 18:00:00,2.559800000000001
2022-06-15 19:00:00,2.5302000000000016
2022-06-15 20:00:00,2.5462000000000016
2022-06-15 21:00:00,2.547200000000001
2022-06-16 14:30:00,2.508700000000001
2022-06-16 15:00:00,2.477400000000001
2022-06-16 16:00:00,2.543400000000001
2022-06-16 17:00:00,2.5637000000000016
2022-06-16 18:00:00,2.581500000000001
2022-06-16 19:00:00,2.6090000000000018
2022-06-16 20:00:00,2.607400000000001
2022-06-16 21:00:00,2.5534000000000017
2022-06-17 14:30:00,2.4602000000000013
2022-06-17 15:00:00,2.3675000000000015
2022-06-17 16:00:00,2.410800000000001
2022-06-17 17:00:00,2.365000000000001
2022-06-17 18:00:00,2.3931000000000013
2022-06-17 19:00:00,2.4422000000000015
2022-06-17 20:00:00,2.458700000000001
2022-06-17 21:00:00,2.4875000000000016
2022-06-17 23:00:00,2.451200000000001
2022-06-21 14:30:00,2.555900000000001
2022-06-21 15:00:00,2.560200000000001
2022-06-21 16:00:00,2.538400000000001
2022-06-21 17:00:00,2.548000000000001
2022-06-21 18:00:00,2.5050000000000017
2022-06-21 19:00:00,2.475100000000001
2022-06-21 20:00:00,2.4791000000000016
2022-06-21 21:00:00,2.489600000000001
2022-06-22 14:30:00,2.370800000000001
2022-06-22 15:00:00,2.4117000000000015
2022-06-22 16:00:00,2.445100000000001
2022-06-22 17:00:00,2.4632000000000014
2022-06-22 18:00:00,2.4848000000000017
2022-06-22 19:00:00,2.4945000000000013
2022-06-22 20:00:00,2.480100000000001
2022-06-22 21:00:00,2.4196000000000017
2022-06-23 14:30:00,2.4808000000000012
2022-06-23 15:00:00,2.4632000000000014
2022-06-23 16:00:00,2.464800000000001
2022-06-23 17:00:00,2.404700000000001
2022-06-23 18:00:00,2.432100000000001
2022-06-23 19:00:00,2.4304000000000014
2022-06-23 20:00:00,2.4238000000000017
2022-06-23 21:00:00,2.4147000000000016
2022-06-24 14:30:00,2.4411000000000014
2022-06-24 15:00:00,2.495700000000001
2022-06-24 16:00:00,2.4806000000000017
2022-06-24 17:00:00,2.4781000000000013
2022-06-24 18:00:00,2.5123000000000015
2022-06-24 19:00:00,2.526200000000001
2022-06-24 20:00:00,2.5260000000000016
2022-06-24 21:00:00,2.5295000000000014
2022-06-27 14:30:00,2.5006000000000013
2022-06-27 15:00:00,2.5530000000000017
2022-06-27 16:00:00,2.533900000000001
2022-06-27 17:00:00,2.582600000000001
2022-06-27 18:00:00,2.574200000000001
2022-06-27 19:00:00,2.5036000000000014
2022-06-27 20:00:00,2.5199000000000016
2022-06-27 21:00:00,2.5363000000000016
2022-06-28 14:30:00,2.527300000000001
2022-06-28 15:00:00,2.553700000000001
2022-06-28 16:00:00,2.570500000000001
2022-06-28 17:00:00,2.604300000000001
2022-06-28 18:00:00,2.6225000000000014
2022-06-28 19:00:00,2.614700000000001
2022-06-28 20:00:00,2.6049000000000015
2022-06-28 21:00:00,2.567000000000001
2022-06-29 14:30:00,2.6372000000000018
2022-06-29 15:00:00,2.5824000000000016
2022-06-29 16:00:00,2.528100000000001
2022-06-29 17:00:00,2.5009000000000015
2022-06-29 18:00:00,2.514800000000001
2022-06-29 19:00:00,2.5097000000000014
2022-06-29 20:00:00,2.5062000000000015
2022-06-29 21:00:00,2.4624000000000015
2022-06-30 14:30:00,2.346400000000001
2022-06-30 15:00:00,2.3241000000000014
2022-06-30 16:00:00,2.364700000000001
2022-06-30 17:00:00,2.358500000000001
2022-06-30 18:00:00,2.3297000000000017
2022-06-30 19:00:00,2.3294000000000015
2022-06-30 20:00:00,2.325700000000001
2022-06-30 20:00:01,2.325700000000001
2022-06-30 21:00:00,2.3451000000000013
2022-07-01 14:30:00,2.413000000000001
2022-07-01 15:00:00,2.372600000000001
2022-07-01 16:00:00,2.4030000000000014
2022-07-01 17:00:00,2.4227000000000016
2022-07-01 18:00:00,2.4582000000000015
2022-07-01 19:00:00,2.4139000000000017
2022-07-01 20:00:00,2.4147000000000016
2022-07-01 21:00:00,2.408400000000001
2022-07-01 23:00:00,2.4303000000000017
2022-07-05 14:30:00,2.257900000000001
2022-07-05 15:00:00,2.2197000000000013
2022-07-05 16:00:00,2.1723000000000017
2022-07-05 17:00:00,2.120300000000001
2022-07-05 18:00:00,2.073100000000001
2022-07-05 19:00:00,2.121900000000001
2022-07-05 20:00:00,2.129000000000001
2022-07-05 21:00:00,2.123000000000001
2022-07-06 14:30:00,2.092400000000001
2022-07-06 15:00:00,2.0370000000000013
2022-07-06 16:00:00,2.012900000000001
2022-07-06 17:00:00,1.9915000000000012
2022-07-06 18:00:00,2.013400000000001
2022-07-06 19:00:00,2.021900000000001
2022-07-06 20:00:00,2.005900000000001
2022-07-06 21:00:00,2.017600000000001
2022-07-07 14:30:00,2.160400000000001
2022-07-07 15:00:00,2.1515000000000013
2022-07-07 16:00:00,2.2167000000000012
2022-07-07 17:00:00,2.208400000000001
2022-07-07 18:00:00,2.1834000000000016
2022-07-07 19:00:00,2.172200000000001
2022-07-07 20:00:00,2.1681000000000017
2022-07-07 21:00:00,2.1545000000000014
2022-07-08 14:30:00,2.132900000000001
2022-07-08 15:00:00,2.184800000000001
2022-07-08 16:00:00,2.2177000000000016
2022-07-08 17:00:00,2.2117000000000013
2022-07-08 18:00:00,2.215200000000001
2022-07-08 19:00:00,2.2079000000000013
2022-07-08 20:00:00,2.212200000000001
2022-07-08 21:00:00,2.2043000000000017
2022-07-11 14:30:00,2.170600000000001
2022-07-11 15:00:00,2.1713000000000013
2022-07-11 16:00:00,2.208400000000001
2022-07-11 17:00:00,2.2246000000000015
2022-07-11 18:00:00,2.226300000000001
2022-07-11 19:00:00,2.2345000000000015
2022-07-11 20:00:00,2.2376000000000014
2022-07-11 21:00:00,2.221000000000001
2022-07-12 14:30:00,2.066400000000001
2022-07-12 15:00:00,2.0486000000000013
2022-07-12 16:00:00,2.056700000000001
2022-07-12 17:00:00,2.051700000000001
2022-07-12 18:00:00,2.0614000000000012
2022-07-12 19:00:00,2.0448000000000013
2022-07-12 20:00:00,2.041400000000001
2022-07-12 21:00:00,2.029300000000001
2022-07-13 14:30:00,2.015500000000001
2022-07-13 15:00:00,2.0288000000000013
2022-07-13 16:00:00,1.982200000000001
2022-07-13 17:00:00,2.0008000000000012
2022-07-13 18:00:00,2.024200000000001
2022-07-13 19:00:00,2.0229000000000013
2022-07-13 20:00:00,2.003500000000001
2022-07-13 21:00:00,2.0286000000000013
2022-07-14 14:30:00,1.910800000000001
2022-07-14 15:00:00,1.9335000000000009
2022-07-14 16:00:00,1.9429000000000012
2022-07-14 17:00:00,1.9370000000000012
2022-07-14 18:00:00,1.949300000000001
2022-07-14 19:00:00,1.9631000000000012
2022-07-14 20:00:00,1.967200000000001
2022-07-14 21:00:00,1.9648000000000012
2022-07-15 14:30:00,1.976700000000001
2022-07-15 15:00:00,2.0149000000000012
2022-07-15 16:00:00,2.0225000000000013
2022-07-15 17:00:00,2.021900000000001
2022-07-15 18:00:00,2.0130000000000012
2022-07-15 19:00:00,2.004900000000001
2022-07-15 20:00:00,2.003500000000001
2022-07-15 21:00:00,2.003800000000001
2022-07-18 14:30:00,2.1258000000000012
2022-07-18 15:00:00,2.098000000000001
2022-07-18 16:00:00,2.1014000000000013
2022-07-18 17:00:00,2.091000000000001
2022-07-18 18:00:00,2.077700000000001
2022-07-18 19:00:00,2.075800000000001
2022-07-18 20:00:00,2.060400000000001
2022-07-18 21:00:00,2.061800000000001
2022-07-19 14:30:00,2.071000000000001
2022-07-19 15:00:00,2.082700000000001
2022-07-19 16:00:00,2.085700000000001
2022-07-19 17:00:00,2.107600000000001
2022-07-19 18:00:00,2.119600000000001
2022-07-19 19:00:00,2.115600000000001
2022-07-19 20:00:00,2.1153000000000013
2022-07-19 21:00:00,2.1096000000000013
2022-07-20 14:30:00,2.1096000000000013
2022-07-20 15:00:00,2.115400000000001
2022-07-20 16:00:00,2.099400000000001
2022-07-20 17:00:00,2.108300000000001
2022-07-20 18:00:00,2.074000000000001
2022-07-20 19:00:00,2.083700000000001
2022-07-20 20:00:00,2.080900000000001
2022-07-20 21:00:00,2.0755000000000012
2022-07-21 14:30:00,1.980500000000001
2022-07-21 15:00:00,1.972700000000001
2022-07-21 16:00:00,1.9787000000000012
2022-07-21 17:00:00,1.976100000000001
2022-07-21 18:00:00,1.987800000000001
2022-07-21 19:00:00,1.977700000000001
2022-07-21 20:00:00,1.973500000000001
2022-07-21 21:00:00,1.9728000000000012
2022-07-22 14:30:00,2.003100000000001
2022-07-22 15:00:00,2.010600000000001
2022-07-22 16:00:00,2.007300000000001
2022-07-22 17:00:00,1.9938000000000011
2022-07-22 18:00:00,1.9951000000000012
2022-07-22 19:00:00,1.9827000000000012
2022-07-22 20:00:00,1.9762000000000013
2022-07-22 21:00:00,1.9880000000000009
2022-07-25 14:30:00,2.001300000000001
2022-07-25 15:00:00,2.035200000000001
2022-07-25 16:00:00,2.051500000000001
2022-07-25 17:00:00,2.048200000000001
2022-07-25 18:00:00,2.041900000000001
2022-07-25 19:00:00,2.044900000000001
2022-07-25 20:00:00,2.047900000000001
2022-07-25 21:00:00,2.048200000000001
2022-07-26 14:30:00,2.097700000000001
2022-07-26 15:00:00,2.067400000000001
2022-07-26 16:00:00,2.005500000000001
2022-07-26 17:00:00,2.019300000000001
2022-07-26 18:00:00,2.019500000000001
2022-07-26 19:00:00,2.0208000000000013
2022-07-26 20:00:00,2.020300000000001
2022-07-26 21:00:00,2.047700000000001
2022-07-27 14:30:00,2.078100000000001
2022-07-27 15:00:00,2.104000000000001
2022-07-27 16:00:00,2.0812000000000013
2022-07-27 17:00:00,2.056300000000001
2022-07-27 18:00:00,2.090200000000001
2022-07-27 19:00:00,2.105100000000001
2022-07-27 20:00:00,2.112300000000001
2022-07-27 21:00:00,2.1212000000000013
2022-07-28 14:30:00,2.067600000000001
2022-07-28 15:00:00,2.0654000000000012
2022-07-28 16:00:00,2.0913000000000013
2022-07-28 17:00:00,2.0673000000000012
2022-07-28 18:00:00,2.053500000000001
2022-07-28 19:00:00,2.070500000000001
2022-07-28 20:00:00,2.069100000000001
2022-07-28 21:00:00,2.076000000000001
2022-07-29 14:30:00,2.123100000000001
2022-07-29 15:00:00,2.1689000000000016
2022-07-29 16:00:00,2.1445000000000016
2022-07-29 17:00:00,2.110400000000001
2022-07-29 18:00:00,2.107400000000001
2022-07-29 19:00:00,2.081100000000001
2022-07-29 20:00:00,2.077900000000001
2022-07-29 20:00:01,2.077900000000001
2022-07-29 21:00:00,2.059900000000001
2022-08-01 14:30:00,1.966800000000001
2022-08-01 15:00:00,1.9604000000000013
2022-08-01 16:00:00,1.954600000000001
2022-08-01 17:00:00,1.9696000000000011
2022-08-01 18:00:00,1.9579000000000013
2022-08-01 19:00:00,1.957500000000001
2022-08-01 20:00:00,1.9610000000000012
2022-08-01 21:00:00,1.958800000000001
2022-08-01 23:00:00,1.958800000000001
2022-08-02 14:30:00,1.993300000000001
2022-08-02 15:00:00,1.981300000000001
2022-08-02 16:00:00,2.009600000000001
2022-08-02 17:00:00,2.033400000000001
2022-08-02 18:00:00,2.0292000000000012
2022-08-02 19:00:00,1.988300000000001
2022-08-02 20:00:00,1.983800000000001
2022-08-02 21:00:00,1.967400000000001
2022-08-02 23:00:00,1.967400000000001
2022-08-03 14:30:00,2.0105000000000013
2022-08-03 15:00:00,1.941100000000001
2022-08-03 16:00:00,1.920300000000001
2022-08-03 17:00:00,1.9013000000000013
2022-08-03 18:00:00,1.905400000000001
2022-08-03 19:00:00,1.8857000000000013
2022-08-03 20:00:00,1.8865000000000012
2022-08-03 21:00:00,1.8968000000000012
2022-08-03 23:00:00,1.8968000000000012
2022-08-04 14:30:00,1.849800000000001
2022-08-04 15:00:00,1.8141000000000012
2022-08-04 16:00:00,1.778700000000001
2022-08-04 17:00:00,1.7861000000000011
2022-08-04 18:00:00,1.7944000000000013
2022-08-04 19:00:00,1.790700000000001
2022-08-04 20:00:00,1.792600000000001
2022-08-04 21:00:00,1.7752000000000012
2022-08-05 14:30:00,1.7998000000000012
2022-08-05 15:00:00,1.853200000000001
2022-08-05 16:00:00,1.832800000000001
2022-08-05 17:00:00,1.839700000000001
2022-08-05 18:00:00,1.8272000000000013
2022-08-05 19:00:00,1.810000000000001
2022-08-05 20:00:00,1.8063000000000011
2022-08-05 21:00:00,1.821200000000001
2022-08-08 14:30:00,1.8508000000000009
2022-08-08 15:00:00,1.8404000000000011
2022-08-08 16:00:00,1.8581000000000012
2022-08-08 17:00:00,1.850400000000001
2022-08-08 18:00:00,1.8642000000000012
2022-08-08 19:00:00,1.863100000000001
2022-08-08 20:00:00,1.8707000000000011
2022-08-08 21:00:00,1.878200000000001
2022-08-09 14:30:00,1.927900000000001
2022-08-09 15:00:00,1.9307000000000012
2022-08-09 16:00:00,1.9053000000000013
2022-08-09 17:00:00,1.898600000000001
2022-08-09 18:00:00,1.9198000000000013
2022-08-09 19:00:00,1.918000000000001
2022-08-09 20:00:00,1.919000000000001
2022-08-09 21:00:00,1.921400000000001
2022-08-10 14:30:00,1.8863000000000012
2022-08-10 15:00:00,1.9233000000000011
2022-08-10 16:00:00,1.952500000000001
2022-08-10 17:00:00,1.9760000000000013
2022-08-10 18:00:00,2.000000000000001
2022-08-10 19:00:00,1.9896000000000011
2022-08-10 20:00:00,1.987000000000001
2022-08-10 21:00:00,1.983900000000001
2022-08-11 14:30:00,2.003000000000001
2022-08-11 15:00:00,2.007100000000001
2022-08-11 16:00:00,2.016300000000001
2022-08-11 17:00:00,2.0229000000000013
2022-08-11 18:00:00,2.038000000000001
2022-08-11 19:00:00,2.0185000000000013
2022-08-11 20:00:00,2.009100000000001
2022-08-11 21:00:00,2.0162000000000013
2022-08-12 14:30:00,1.993900000000001
2022-08-12 15:00:00,1.982600000000001
2022-08-12 16:00:00,1.9972000000000012
2022-08-12 17:00:00,2.0063000000000013
2022-08-12 18:00:00,2.0090000000000012
2022-08-12 19:00:00,2.0002000000000013
2022-08-12 20:00:00,1.998200000000001
2022-08-12 21:00:00,1.996500000000001
2022-08-15 14:30:00,1.899300000000001
2022-08-15 15:00:00,1.914800000000001
2022-08-15 16:00:00,1.9280000000000013
2022-08-15 17:00:00,1.9330000000000012
2022-08-15 18:00:00,1.931400000000001
2022-08-15 19:00:00,1.9372000000000011
2022-08-15 20:00:00,1.931700000000001
2022-08-15 21:00:00,1.9139000000000013
2022-08-16 14:30:00,1.937100000000001
2022-08-16 15:00:00,1.9002000000000012
2022-08-16 16:00:00,1.8899000000000012
2022-08-16 17:00:00,1.8901000000000012
2022-08-16 18:00:00,1.879900000000001
2022-08-16 19:00:00,1.873800000000001
2022-08-16 20:00:00,1.8735000000000013
2022-08-16 21:00:00,1.897800000000001
2022-08-17 14:30:00,1.8886000000000012
2022-08-17 15:00:00,1.923500000000001
2022-08-17 16:00:00,1.887100000000001
2022-08-17 17:00:00,1.911900000000001
2022-08-17 18:00:00,1.9212000000000011
2022-08-17 19:00:00,1.922400000000001
2022-08-17 20:00:00,1.9212000000000011
2022-08-17 21:00:00,1.9246000000000012
2022-08-18 14:30:00,1.976700000000001
2022-08-18 15:00:00,1.9907000000000012
2022-08-18 16:00:00,1.9850000000000012
2022-08-18 17:00:00,1.980700000000001
2022-08-18 18:00:00,2.014600000000001
2022-08-18 19:00:00,2.001600000000001
2022-08-18 20:00:00,2.0046000000000013
2022-08-18 21:00:00,2.008300000000001
2022-08-19 14:30:00,1.9751000000000012
2022-08-19 15:00:00,1.9960000000000013
2022-08-19 16:00:00,2.030100000000001
2022-08-19 17:00:00,2.021700000000001
2022-08-19 18:00:00,1.9934000000000012
2022-08-19 19:00:00,2.005100000000001
2022-08-19 20:00:00,2.0061000000000013
2022-08-19 21:00:00,1.988100000000001
2022-08-22 14:30:00,1.872700000000001
2022-08-22 15:00:00,1.8842000000000012
2022-08-22 16:00:00,1.923200000000001
2022-08-22 17:00:00,1.920500000000001
2022-08-22 18:00:00,1.9000000000000012
2022-08-22 19:00:00,1.9227000000000012
2022-08-22 20:00:00,1.9257000000000013
2022-08-22 21:00:00,1.925400000000001
2022-08-23 14:30:00,1.980100000000001
2022-08-23 15:00:00,1.983000000000001
2022-08-23 16:00:00,1.965700000000001
2022-08-23 17:00:00,1.9896000000000011
2022-08-23 18:00:00,2.0061000000000013
2022-08-23 19:00:00,1.985300000000001
2022-08-23 20:00:00,1.985300000000001
2022-08-23 21:00:00,1.987600000000001
2022-08-24 14:30:00,1.974000000000001
2022-08-24 15:00:00,1.951200000000001
2022-08-24 16:00:00,1.893800000000001
2022-08-24 17:00:00,1.8886000000000012
2022-08-24 18:00:00,1.911200000000001
2022-08-24 19:00:00,1.922000000000001
2022-08-24 20:00:00,1.925300000000001
2022-08-24 21:00:00,1.937300000000001
2022-08-25 14:30:00,1.9410000000000012
2022-08-25 15:00:00,1.9471000000000012
2022-08-25 16:00:00,1.9452000000000012
2022-08-25 17:00:00,1.941800000000001
2022-08-25 18:00:00,1.9223000000000012
2022-08-25 19:00:00,1.917300000000001
2022-08-25 20:00:00,1.913100000000001
2022-08-25 21:00:00,1.909400000000001
2022-08-26 14:30:00,1.8762000000000012
2022-08-26 15:00:00,1.8512000000000013
2022-08-26 16:00:00,1.846600000000001
2022-08-26 17:00:00,1.860500000000001
2022-08-26 18:00:00,1.8920000000000012
2022-08-26 19:00:00,1.920500000000001
2022-08-26 20:00:00,1.921400000000001
2022-08-26 21:00:00,1.922600000000001
2022-08-29 14:30:00,1.9269000000000012
2022-08-29 15:00:00,1.953100000000001
2022-08-29 16:00:00,1.9574000000000011
2022-08-29 17:00:00,1.9621000000000013
2022-08-29 18:00:00,1.9736000000000011
2022-08-29 19:00:00,1.9833000000000012
2022-08-29 20:00:00,1.9833000000000012
2022-08-29 21:00:00,1.9846000000000013
2022-08-30 14:30:00,1.839900000000001
2022-08-30 15:00:00,1.851100000000001
2022-08-30 16:00:00,1.823100000000001
2022-08-30 17:00:00,1.8143000000000011
2022-08-30 18:00:00,1.826700000000001
2022-08-30 19:00:00,1.811500000000001
2022-08-30 20:00:00,1.815700000000001
2022-08-30 20:00:01,1.815700000000001
2022-08-30 21:00:00,1.831700000000001
2022-08-31 14:00:00,1.7638000000000007
2022-08-31 14:30:00,1.7638000000000007
2022-08-31 15:00:00,1.759100000000001
2022-08-31 16:00:00,1.7655000000000007
2022-08-31 17:00:00,1.7613000000000008
2022-08-31 18:00:00,1.738300000000001
2022-08-31 19:00:00,1.7043000000000008
2022-08-31 20:00:00,1.708400000000001
2022-08-31 21:00:00,1.6938000000000009
2022-09-01 14:00:00,1.671300000000001
2022-09-01 14:30:00,1.671300000000001
2022-09-01 15:00:00,1.670500000000001
2022-09-01 16:00:00,1.6666000000000007
2022-09-01 17:00:00,1.664000000000001
2022-09-01 18:00:00,1.6388000000000007
2022-09-01 19:00:00,1.6475000000000009
2022-09-01 20:00:00,1.6492000000000009
2022-09-01 21:00:00,1.6534000000000009
2022-09-02 14:00:00,1.726700000000001
2022-09-02 14:30:00,1.726700000000001
2022-09-02 15:00:00,1.740600000000001
2022-09-02 16:00:00,1.7295000000000007
2022-09-02 17:00:00,1.712400000000001
2022-09-02 18:00:00,1.7173000000000007
2022-09-02 19:00:00,1.7123000000000008
2022-09-02 20:00:00,1.712400000000001
2022-09-02 21:00:00,1.7112000000000007
2022-09-02 23:00:00,1.7112000000000007
2022-09-06 14:00:00,1.729800000000001
2022-09-06 14:30:00,1.729800000000001
2022-09-06 15:00:00,1.723800000000001
2022-09-06 16:00:00,1.7520000000000011
2022-09-06 17:00:00,1.7144000000000008
2022-09-06 18:00:00,1.689200000000001
2022-09-06 19:00:00,1.692800000000001
2022-09-06 20:00:00,1.6870000000000007
2022-09-06 21:00:00,1.699800000000001
2022-09-07 14:00:00,1.630500000000001
2022-09-07 14:30:00,1.630500000000001
2022-09-07 15:00:00,1.6372000000000009
2022-09-07 16:00:00,1.6138000000000008
2022-09-07 17:00:00,1.5932000000000008
2022-09-07 18:00:00,1.593300000000001
2022-09-07 19:00:00,1.584000000000001
2022-09-07 20:00:00,1.588600000000001
2022-09-07 21:00:00,1.5867000000000009
2022-09-08 14:00:00,1.6210000000000009
2022-09-08 14:30:00,1.6210000000000009
2022-09-08 15:00:00,1.595400000000001
2022-09-08 16:00:00,1.618700000000001
2022-09-08 17:00:00,1.6178000000000008
2022-09-08 18:00:00,1.6176000000000008
2022-09-08 19:00:00,1.6197000000000008
2022-09-08 20:00:00,1.613500000000001
2022-09-08 21:00:00,1.605300000000001
2022-09-09 14:00:00,1.6744000000000008
2022-09-09 14:30:00,1.6744000000000008
2022-09-09 15:00:00,1.6773000000000011
2022-09-09 16:00:00,1.682900000000001
2022-09-09 17:00:00,1.710300000000001
2022-09-09 18:00:00,1.710300000000001
2022-09-09 19:00:00,1.710500000000001
2022-09-09 20:00:00,1.708400000000001
2022-09-09 21:00:00,1.7049000000000007
2022-09-12 14:00:00,1.761600000000001
2022-09-12 14:30:00,1.761600000000001
2022-09-12 15:00:00,1.757200000000001
2022-09-12 16:00:00,1.7590000000000008
2022-09-12 17:00:00,1.7337000000000007
2022-09-12 18:00:00,1.7300000000000009
2022-09-12 19:00:00,1.734500000000001
2022-09-12 20:00:00,1.743700000000001
2022-09-12 21:00:00,1.7523000000000009
2022-09-13 14:00:00,1.755900000000001
2022-09-13 14:30:00,1.755900000000001
2022-09-13 15:00:00,1.7190000000000007
2022-09-13 16:00:00,1.7226000000000008
2022-09-13 17:00:00,1.7102000000000008
2022-09-13 18:00:00,1.739500000000001
2022-09-13 19:00:00,1.754300000000001
2022-09-13 20:00:00,1.7554000000000007
2022-09-13 21:00:00,1.7607000000000008
2022-09-14 14:00:00,1.7988000000000008
2022-09-14 14:30:00,1.7988000000000008
2022-09-14 15:00:00,1.801800000000001
2022-09-14 16:00:00,1.8063000000000011
2022-09-14 17:00:00,1.8146000000000009
2022-09-14 18:00:00,1.8040000000000007
2022-09-14 19:00:00,1.7920000000000007
2022-09-14 20:00:00,1.7817000000000007
2022-09-14 21:00:00,1.798200000000001
2022-09-15 14:00:00,1.697900000000001
2022-09-15 14:30:00,1.697900000000001
2022-09-15 15:00:00,1.6685000000000008
2022-09-15 16:00:00,1.6881000000000008
2022-09-15 17:00:00,1.7062000000000008
2022-09-15 18:00:00,1.6997000000000009
2022-09-15 19:00:00,1.6875000000000009
2022-09-15 20:00:00,1.6889000000000007
2022-09-15 21:00:00,1.699100000000001
2022-09-16 14:00:00,1.6874000000000011
2022-09-16 14:30:00,1.6874000000000011
2022-09-16 15:00:00,1.7133000000000007
2022-09-16 16:00:00,1.703800000000001
2022-09-16 17:00:00,1.6895000000000011
2022-09-16 18:00:00,1.699500000000001
2022-09-16 19:00:00,1.6931000000000007
2022-09-16 20:00:00,1.695800000000001
2022-09-16 21:00:00,1.6931000000000007
2022-09-19 14:00:00,1.6803000000000008
2022-09-19 14:30:00,1.6803000000000008
2022-09-19 15:00:00,1.693200000000001
2022-09-19 16:00:00,1.7030000000000007
2022-09-19 17:00:00,1.715100000000001
2022-09-19 18:00:00,1.726500000000001
2022-09-19 19:00:00,1.7293000000000007
2022-09-19 20:00:00,1.7224000000000008
2022-09-19 21:00:00,1.7196000000000007
2022-09-20 14:00:00,1.696800000000001
2022-09-20 14:30:00,1.696800000000001
2022-09-20 15:00:00,1.693700000000001
2022-09-20 16:00:00,1.6830000000000007
2022-09-20 17:00:00,1.705700000000001
2022-09-20 18:00:00,1.7034000000000007
2022-09-20 19:00:00,1.6923000000000008
2022-09-20 20:00:00,1.6925000000000008
2022-09-20 21:00:00,1.6902000000000008
2022-09-21 14:00:00,1.7186000000000008
2022-09-21 14:30:00,1.7186000000000008
2022-09-21 15:00:00,1.699500000000001
2022-09-21 16:00:00,1.7062000000000008
2022-09-21 17:00:00,1.719700000000001
2022-09-21 18:00:00,1.711800000000001
2022-09-21 19:00:00,1.729800000000001
2022-09-21 20:00:00,1.725400000000001
2022-09-21 21:00:00,1.6898000000000009
2022-09-22 14:00:00,1.7556000000000007
2022-09-22 14:30:00,1.7556000000000007
2022-09-22 15:00:00,1.7226000000000008
2022-09-22 16:00:00,1.704800000000001
2022-09-22 17:00:00,1.7167000000000008
2022-09-22 18:00:00,1.725000000000001
2022-09-22 19:00:00,1.720000000000001
2022-09-22 20:00:00,1.718700000000001
2022-09-22 21:00:00,1.7213000000000007
2022-09-22 23:00:00,1.7213000000000007
2022-09-23 14:30:00,1.588400000000001
2022-09-23 15:00:00,1.581500000000001
2022-09-23 16:00:00,1.5864000000000007
2022-09-23 17:00:00,1.6111000000000009
2022-09-23 18:00:00,1.599600000000001
2022-09-23 19:00:00,1.600600000000001
2022-09-23 20:00:00,1.6064000000000007
2022-09-23 21:00:00,1.616400000000001
2022-09-23 23:00:00,1.616400000000001
2022-09-26 14:30:00,1.6325000000000007
2022-09-26 15:00:00,1.635600000000001
2022-09-26 16:00:00,1.5824000000000007
2022-09-26 17:00:00,1.571600000000001
2022-09-26 18:00:00,1.568700000000001
2022-09-26 19:00:00,1.573300000000001
2022-09-26 20:00:00,1.573300000000001
2022-09-26 21:00:00,1.564900000000001
2022-09-26 23:00:00,1.564900000000001
2022-09-27 14:30:00,1.6466000000000007
2022-09-27 15:00:00,1.637000000000001
2022-09-27 16:00:00,1.609900000000001
2022-09-27 17:00:00,1.6170000000000009
2022-09-27 18:00:00,1.637100000000001
2022-09-27 19:00:00,1.6395000000000008
2022-09-27 20:00:00,1.6336000000000008
2022-09-27 21:00:00,1.623400000000001
2022-09-27 23:00:00,1.623400000000001
2022-09-28 14:30:00,1.638900000000001
2022-09-28 15:00:00,1.6853000000000007
2022-09-28 16:00:00,1.692200000000001
2022-09-28 17:00:00,1.689700000000001
2022-09-28 18:00:00,1.7037000000000009
2022-09-28 19:00:00,1.7117000000000009
2022-09-28 20:00:00,1.7150000000000007
2022-09-28 21:00:00,1.7114000000000007
2022-09-28 23:00:00,1.7114000000000007
2022-09-29 14:30:00,1.6946000000000008
2022-09-29 15:00:00,1.6990000000000007
2022-09-29 16:00:00,1.700200000000001
2022-09-29 17:00:00,1.7095000000000007
2022-09-29 18:00:00,1.6896000000000009
2022-09-29 19:00:00,1.677900000000001
2022-09-29 20:00:00,1.6841000000000008
2022-09-29 20:00:01,1.6841000000000008
2022-09-29 21:00:00,1.6803000000000008
2022-09-29 23:00:00,1.6803000000000008
2022-09-30 14:30:00,1.645000000000001
2022-09-30 15:00:00,1.642700000000001
2022-09-30 16:00:00,1.6498000000000008
2022-09-30 17:00:00,1.6388000000000007
2022-09-30 18:00:00,1.6390000000000007
2022-09-30 19:00:00,1.6310000000000007
2022-09-30 20:00:00,1.6327000000000007
2022-09-30 21:00:00,1.6356000000000006
2022-09-30 23:00:00,1.6356000000000006
2022-10-03 14:30:00,1.737600000000001
2022-10-03 15:00:00,1.714900000000001
2022-10-03 16:00:00,1.7201000000000009
2022-10-03 17:00:00,1.7165000000000008
2022-10-03 18:00:00,1.719300000000001
2022-10-03 19:00:00,1.7198000000000007
2022-10-03 20:00:00,1.7206000000000006
2022-10-03 21:00:00,1.7171000000000007
2022-10-03 23:00:00,1.7171000000000007
2022-10-04 14:30:00,1.7800000000000007
2022-10-04 15:00:00,1.8111000000000006
2022-10-04 16:00:00,1.8256000000000006
2022-10-04 17:00:00,1.8124000000000007
2022-10-04 18:00:00,1.8147000000000006
2022-10-04 19:00:00,1.8236000000000008
2022-10-04 20:00:00,1.8174000000000006
2022-10-04 21:00:00,1.8288000000000006
2022-10-04 23:00:00,1.8288000000000006
2022-10-05 14:30:00,1.802000000000001
2022-10-05 15:00:00,1.8611000000000009
2022-10-05 16:00:00,1.8526000000000007
2022-10-05 17:00:00,1.8633000000000006
2022-10-05 18:00:00,1.8602000000000007
2022-10-05 19:00:00,1.864100000000001
2022-10-05 20:00:00,1.8636000000000008
2022-10-05 21:00:00,1.8642000000000007
2022-10-05 23:00:00,1.8642000000000007
2022-10-06 14:30:00,1.870400000000001
2022-10-06 15:00:00,1.8816000000000006
2022-10-06 16:00:00,1.8587000000000007
2022-10-06 17:00:00,1.8528000000000007
2022-10-06 18:00:00,1.8761000000000005
2022-10-06 19:00:00,1.8781000000000008
2022-10-06 20:00:00,1.8817000000000008
2022-10-06 21:00:00,1.8912000000000009
2022-10-06 23:00:00,1.8912000000000009
2022-10-07 14:30:00,1.8912000000000009
2022-10-07 15:00:00,1.9197000000000006
2022-10-07 16:00:00,1.947400000000001
2022-10-07 17:00:00,1.9473000000000007
2022-10-07 18:00:00,1.9431000000000007
2022-10-07 19:00:00,1.9452000000000007
2022-10-07 20:00:00,1.9396000000000009
2022-10-07 21:00:00,1.9546000000000006
2022-10-07 23:00:00,1.9546000000000006
2022-10-10 14:30:00,1.9235000000000007
2022-10-10 15:00:00,1.9105000000000008
2022-10-10 16:00:00,1.8968000000000007
2022-10-10 17:00:00,1.8942000000000005
2022-10-10 18:00:00,1.8745000000000007
2022-10-10 19:00:00,1.8455000000000008
2022-10-10 20:00:00,1.846400000000001
2022-10-10 21:00:00,1.8318000000000008
2022-10-10 23:00:00,1.8318000000000008
2022-10-11 14:30:00,1.8200000000000007
2022-10-11 15:00:00,1.8141000000000007
2022-10-11 16:00:00,1.8375000000000008
2022-10-11 17:00:00,1.8314000000000008
2022-10-11 18:00:00,1.834400000000001
2022-10-11 19:00:00,1.8050000000000006
2022-10-11 20:00:00,1.8028000000000008
2022-10-11 21:00:00,1.800100000000001
2022-10-11 23:00:00,1.800100000000001
2022-10-12 14:30:00,1.7857000000000007
2022-10-12 15:00:00,1.7895000000000008
2022-10-12 16:00:00,1.7745000000000006
2022-10-12 17:00:00,1.788100000000001
2022-10-12 18:00:00,1.8033000000000006
2022-10-12 19:00:00,1.8113000000000006
2022-10-12 20:00:00,1.8125000000000009
2022-10-12 21:00:00,1.799900000000001
2022-10-12 23:00:00,1.799900000000001
2022-10-13 14:30:00,1.806000000000001
2022-10-13 15:00:00,1.8250000000000006
2022-10-13 16:00:00,1.8646000000000007
2022-10-13 17:00:00,1.8589000000000007
2022-10-13 18:00:00,1.8690000000000007
2022-10-13 19:00:00,1.8629000000000007
2022-10-13 20:00:00,1.8646000000000007
2022-10-13 21:00:00,1.8617000000000008
2022-10-13 23:00:00,1.8617000000000008
2022-10-14 14:30:00,1.8030000000000008
2022-10-14 15:00:00,1.777800000000001
2022-10-14 16:00:00,1.791900000000001
2022-10-14 17:00:00,1.7925000000000009
2022-10-14 18:00:00,1.7869000000000006
2022-10-14 19:00:00,1.7952000000000008
2022-10-14 20:00:00,1.7950000000000008
2022-10-14 21:00:00,1.7909000000000006
2022-10-14 23:00:00,1.7909000000000006
2022-10-17 14:30:00,1.8135000000000008
2022-10-17 15:00:00,1.8152000000000008
2022-10-17 16:00:00,1.810200000000001
2022-10-17 17:00:00,1.8111000000000006
2022-10-17 18:00:00,1.7912000000000008
2022-10-17 19:00:00,1.7766000000000006
2022-10-17 20:00:00,1.7752000000000008
2022-10-17 21:00:00,1.7821000000000007
2022-10-17 23:00:00,1.7821000000000007
2022-10-18 14:30:00,1.731500000000001
2022-10-18 15:00:00,1.7201000000000009
2022-10-18 16:00:00,1.719100000000001
2022-10-18 17:00:00,1.747900000000001
2022-10-18 18:00:00,1.7493000000000007
2022-10-18 19:00:00,1.7499000000000007
2022-10-18 20:00:00,1.753800000000001
2022-10-18 21:00:00,1.7728000000000006
2022-10-18 23:00:00,1.7728000000000006
2022-10-19 14:30:00,1.7703000000000007
2022-10-19 15:00:00,1.757600000000001
2022-10-19 16:00:00,1.7766000000000006
2022-10-19 17:00:00,1.787900000000001
2022-10-19 18:00:00,1.8135000000000008
2022-10-19 19:00:00,1.7958000000000007
2022-10-19 20:00:00,1.796300000000001
2022-10-19 21:00:00,1.8026000000000009
2022-10-19 23:00:00,1.8026000000000009
2022-10-20 14:30:00,1.8492000000000006
2022-10-20 15:00:00,1.8388000000000009
2022-10-20 16:00:00,1.816300000000001
2022-10-20 17:00:00,1.808300000000001
2022-10-20 18:00:00,1.8106000000000009
2022-10-20 19:00:00,1.7953000000000006
2022-10-20 20:00:00,1.797600000000001
2022-10-20 21:00:00,1.7970000000000006
2022-10-20 23:00:00,1.7970000000000006
2022-10-21 14:30:00,1.8134000000000006
2022-10-21 15:00:00,1.7992000000000008
2022-10-21 16:00:00,1.8059000000000007
2022-10-21 17:00:00,1.8082000000000007
2022-10-21 18:00:00,1.8110000000000008
2022-10-21 19:00:00,1.7935000000000008
2022-10-21 20:00:00,1.7954000000000008
2022-10-21 21:00:00,1.7913000000000006
2022-10-21 23:00:00,1.7913000000000006
2022-10-24 14:30:00,1.8193000000000006
2022-10-24 15:00:00,1.828500000000001
2022-10-24 16:00:00,1.8287000000000009
2022-10-24 17:00:00,1.8278000000000008
2022-10-24 18:00:00,1.8315000000000006
2022-10-24 19:00:00,1.8277000000000005
2022-10-24 20:00:00,1.8301000000000007
2022-10-24 21:00:00,1.830200000000001
2022-10-24 23:00:00,1.830200000000001
2022-10-25 14:30:00,1.8541000000000007
2022-10-25 15:00:00,1.8566000000000007
2022-10-25 16:00:00,1.8478000000000008
2022-10-25 17:00:00,1.8529000000000009
2022-10-25 18:00:00,1.854400000000001
2022-10-25 19:00:00,1.856300000000001
2022-10-25 20:00:00,1.856500000000001
2022-10-25 21:00:00,1.8541000000000007
2022-10-25 23:00:00,1.8541000000000007
2022-10-26 14:30:00,1.8902000000000005
2022-10-26 15:00:00,1.9080000000000008
2022-10-26 16:00:00,1.9081000000000006
2022-10-26 17:00:00,1.9109000000000007
2022-10-26 18:00:00,1.9036000000000008
2022-10-26 19:00:00,1.9014000000000006
2022-10-26 20:00:00,1.9147000000000007
2022-10-26 21:00:00,1.924900000000001
2022-10-26 23:00:00,1.924900000000001
2022-10-27 14:30:00,1.9259000000000008
2022-10-27 15:00:00,1.951000000000001
2022-10-27 16:00:00,1.950800000000001
2022-10-27 17:00:00,1.954800000000001
2022-10-27 18:00:00,1.957100000000001
2022-10-27 19:00:00,1.946800000000001
2022-10-27 20:00:00,1.9405000000000006
2022-10-27 21:00:00,1.9344000000000006
2022-10-27 23:00:00,1.9344000000000006
2022-10-28 14:30:00,1.897100000000001
2022-10-28 15:00:00,1.882400000000001
2022-10-28 16:00:00,1.8836000000000008
2022-10-28 17:00:00,1.8644000000000007
2022-10-28 18:00:00,1.8774000000000006
2022-10-28 19:00:00,1.895000000000001
2022-10-28 20:00:00,1.8970000000000007
2022-10-28 20:00:01,1.8970000000000007
2022-10-28 21:00:00,1.8811000000000009
2022-10-28 23:00:00,1.8811000000000009
2022-10-31 13:30:00,1.8711000000000007
2022-10-31 14:00:00,1.8831000000000007
2022-10-31 15:00:00,1.8558000000000008
2022-10-31 16:00:00,1.8454000000000006
2022-10-31 17:00:00,1.8309000000000006
2022-10-31 18:00:00,1.864100000000001
2022-10-31 19:00:00,1.8537000000000008
2022-10-31 20:00:00,1.854600000000001
2022-10-31 23:00:00,1.8492000000000006
2022-11-01 13:30:00,1.9113000000000007
2022-11-01 14:00:00,1.922400000000001
2022-11-01 15:00:00,1.9175000000000009
2022-11-01 16:00:00,1.9330000000000007
2022-11-01 17:00:00,1.9227000000000007
2022-11-01 18:00:00,1.9254000000000007
2022-11-01 19:00:00,1.920500000000001
2022-11-01 20:00:00,1.9254000000000007
2022-11-01 23:00:00,1.923000000000001
2022-11-02 13:30:00,1.929100000000001
2022-11-02 14:00:00,1.9631000000000007
2022-11-02 15:00:00,1.9880000000000009
2022-11-02 16:00:00,1.9981000000000009
2022-11-02 17:00:00,1.9907000000000008
2022-11-02 18:00:00,1.9898000000000007
2022-11-02 19:00:00,1.9871000000000008
2022-11-02 20:00:00,1.9825000000000008
2022-11-02 23:00:00,1.989700000000001
2022-11-03 13:30:00,1.9501000000000008
2022-11-03 14:00:00,1.9667000000000008
2022-11-03 15:00:00,1.9738000000000007
2022-11-03 16:00:00,1.975200000000001
2022-11-03 17:00:00,1.9780000000000006
2022-11-03 18:00:00,1.9766000000000008
2022-11-03 19:00:00,1.9760000000000009
2022-11-03 20:00:00,1.9768000000000008
2022-11-03 23:00:00,1.9764000000000008
2022-11-04 13:30:00,2.057400000000001
2022-11-04 14:00:00,2.053700000000001
2022-11-04 15:00:00,2.0291000000000006
2022-11-04 16:00:00,2.042100000000001
2022-11-04 17:00:00,2.040600000000001
2022-11-04 18:00:00,2.0550000000000006
2022-11-04 19:00:00,2.0504000000000007
2022-11-04 20:00:00,2.052400000000001
2022-11-04 23:00:00,2.059600000000001
2022-11-07 14:30:00,2.0235000000000007
2022-11-07 15:00:00,2.0428000000000006
2022-11-07 16:00:00,2.040200000000001
2022-11-07 17:00:00,2.0218000000000007
2022-11-07 18:00:00,2.004400000000001
2022-11-07 19:00:00,2.006100000000001
2022-11-07 20:00:00,2.007600000000001
2022-11-07 21:00:00,2.013900000000001
2022-11-07 23:00:00,2.013900000000001
2022-11-08 14:30:00,2.013000000000001
2022-11-08 15:00:00,2.0245000000000006
2022-11-08 16:00:00,2.0003000000000006
2022-11-08 17:00:00,1.9924000000000008
2022-11-08 18:00:00,1.9681000000000006
2022-11-08 19:00:00,1.965100000000001
2022-11-08 20:00:00,1.965700000000001
2022-11-08 21:00:00,1.951200000000001
2022-11-08 23:00:00,1.951200000000001
2022-11-09 14:30:00,1.8943000000000008
2022-11-09 15:00:00,1.9040000000000008
2022-11-09 16:00:00,1.9109000000000007
2022-11-09 17:00:00,1.8975000000000009
2022-11-09 18:00:00,1.8876000000000008
2022-11-09 19:00:00,1.880300000000001
2022-11-09 20:00:00,1.8821000000000008
2022-11-09 21:00:00,1.8875000000000006
2022-11-09 23:00:00,1.8875000000000006
2022-11-10 14:30:00,1.8893000000000009
2022-11-10 15:00:00,1.9092000000000007
2022-11-10 16:00:00,1.9181000000000008
2022-11-10 17:00:00,1.9115000000000006
2022-11-10 18:00:00,1.9246000000000008
2022-11-10 19:00:00,1.9069000000000007
2022-11-10 20:00:00,1.9071000000000007
2022-11-10 21:00:00,1.908300000000001
2022-11-10 23:00:00,1.908300000000001
2022-11-11 14:30:00,1.9618000000000007
2022-11-11 15:00:00,1.9502000000000006
2022-11-11 16:00:00,1.9349000000000007
2022-11-11 17:00:00,1.9379000000000008
2022-11-11 18:00:00,1.9462000000000006
2022-11-11 19:00:00,1.9685000000000006
2022-11-11 20:00:00,1.9677000000000007
2022-11-11 21:00:00,1.9706000000000006
2022-11-11 23:00:00,1.9706000000000006
2022-11-14 14:30:00,1.9353000000000007
2022-11-14 15:00:00,1.9439000000000006
2022-11-14 16:00:00,1.9100000000000006
2022-11-14 17:00:00,1.8869000000000007
2022-11-14 18:00:00,1.896100000000001
2022-11-14 19:00:00,1.8738000000000006
2022-11-14 20:00:00,1.8755000000000006
2022-11-14 21:00:00,1.8768000000000007
2022-11-14 23:00:00,1.8768000000000007
2022-11-15 14:30:00,1.866200000000001
2022-11-15 15:00:00,1.8583000000000007
2022-11-15 16:00:00,1.8873000000000006
2022-11-15 17:00:00,1.908300000000001
2022-11-15 18:00:00,1.906200000000001
2022-11-15 19:00:00,1.8926000000000007
2022-11-15 20:00:00,1.8880000000000008
2022-11-15 21:00:00,1.8896000000000006
2022-11-15 23:00:00,1.8896000000000006
2022-11-16 14:30:00,1.8556000000000008
2022-11-16 15:00:00,1.850000000000001
2022-11-16 16:00:00,1.8348000000000009
2022-11-16 17:00:00,1.8520000000000008
2022-11-16 18:00:00,1.8528000000000007
2022-11-16 19:00:00,1.874400000000001
2022-11-16 20:00:00,1.8718000000000008
2022-11-16 21:00:00,1.866200000000001
2022-11-16 23:00:00,1.866200000000001
2022-11-17 14:30:00,1.8413000000000008
2022-11-17 15:00:00,1.8251000000000008
2022-11-17 16:00:00,1.803900000000001
2022-11-17 17:00:00,1.8272000000000008
2022-11-17 18:00:00,1.8246000000000007
2022-11-17 19:00:00,1.8087000000000009
2022-11-17 20:00:00,1.8070000000000008
2022-11-17 21:00:00,1.809800000000001
2022-11-17 23:00:00,1.809800000000001
2022-11-18 14:30:00,1.725000000000001
2022-11-18 15:00:00,1.7405000000000008
2022-11-18 16:00:00,1.741600000000001
2022-11-18 17:00:00,1.757000000000001
2022-11-18 18:00:00,1.749400000000001
2022-11-18 19:00:00,1.7563000000000009
2022-11-18 20:00:00,1.7579000000000007
2022-11-18 21:00:00,1.761200000000001
2022-11-18 23:00:00,1.761200000000001
2022-11-21 14:30:00,1.684800000000001
2022-11-21 15:00:00,1.6760000000000006
2022-11-21 16:00:00,1.7018000000000009
2022-11-21 17:00:00,1.7865000000000006
2022-11-21 18:00:00,1.7763000000000009
2022-11-21 19:00:00,1.778200000000001
2022-11-21 20:00:00,1.7739000000000007
2022-11-21 21:00:00,1.781400000000001
2022-11-21 23:00:00,1.781400000000001
2022-11-22 14:30:00,1.8289000000000009
2022-11-22 15:00:00,1.8394000000000008
2022-11-22 16:00:00,1.8486000000000007
2022-11-22 17:00:00,1.852300000000001
2022-11-22 18:00:00,1.852700000000001
2022-11-22 19:00:00,1.8398000000000008
2022-11-22 20:00:00,1.839900000000001
2022-11-22 21:00:00,1.836100000000001
2022-11-22 23:00:00,1.836100000000001
2022-11-23 14:30:00,1.751100000000001
2022-11-23 15:00:00,1.7413000000000007
2022-11-23 16:00:00,1.751500000000001
2022-11-23 17:00:00,1.7543000000000006
2022-11-23 18:00:00,1.763900000000001
2022-11-23 19:00:00,1.7991000000000006
2022-11-23 20:00:00,1.7829000000000006
2022-11-23 21:00:00,1.7857000000000007
2022-11-23 23:00:00,1.7857000000000007
2022-11-25 14:30:00,1.7909000000000006
2022-11-25 15:00:00,1.763100000000001
2022-11-25 16:00:00,1.7424000000000008
2022-11-25 17:00:00,1.718900000000001
2022-11-25 18:00:00,1.7175000000000007
2022-11-25 23:00:00,1.7175000000000007
2022-11-28 14:30:00,1.680400000000001
2022-11-28 15:00:00,1.6920000000000006
2022-11-28 16:00:00,1.719700000000001
2022-11-28 17:00:00,1.7061000000000006
2022-11-28 18:00:00,1.691300000000001
2022-11-28 19:00:00,1.6902000000000008
2022-11-28 20:00:00,1.6851000000000007
2022-11-28 21:00:00,1.6573000000000007
2022-11-28 23:00:00,1.6573000000000007
2022-11-29 14:30:00,1.7352000000000007
2022-11-29 15:00:00,1.721000000000001
2022-11-29 16:00:00,1.7030000000000007
2022-11-29 17:00:00,1.696600000000001
2022-11-29 18:00:00,1.714700000000001
2022-11-29 19:00:00,1.709600000000001
2022-11-29 20:00:00,1.7078000000000007
2022-11-29 21:00:00,1.7206000000000006
2022-11-29 23:00:00,1.7206000000000006
2022-11-30 14:30:00,1.769600000000001
2022-11-30 15:00:00,1.7802000000000007
2022-11-30 16:00:00,1.7880000000000007
2022-11-30 17:00:00,1.786200000000001
2022-11-30 18:00:00,1.791900000000001
2022-11-30 19:00:00,1.806200000000001
2022-11-30 20:00:00,1.8036000000000008
2022-11-30 20:00:01,1.8036000000000008
2022-11-30 21:00:00,1.7998000000000007
2022-11-30 23:00:00,1.7998000000000007
2022-12-01 14:30:00,1.826000000000001
2022-12-01 15:00:00,1.8146000000000009
2022-12-01 16:00:00,1.785400000000001
2022-12-01 17:00:00,1.7905000000000006
2022-12-01 18:00:00,1.7735000000000007
2022-12-01 19:00:00,1.7687000000000008
2022-12-01 20:00:00,1.7664000000000009
2022-12-01 21:00:00,1.769600000000001
2022-12-01 23:00:00,1.769600000000001
2022-12-02 14:30:00,1.761600000000001
2022-12-02 15:00:00,1.7352000000000007
2022-12-02 16:00:00,1.7392000000000007
2022-12-02 17:00:00,1.715500000000001
2022-12-02 18:00:00,1.7047000000000008
2022-12-02 19:00:00,1.7211000000000007
2022-12-02 20:00:00,1.725600000000001
2022-12-02 21:00:00,1.7260000000000009
2022-12-02 23:00:00,1.7260000000000009
2022-12-05 14:30:00,1.749000000000001
2022-12-05 15:00:00,1.713200000000001
2022-12-05 16:00:00,1.681400000000001
2022-12-05 17:00:00,1.6602000000000006
2022-12-05 18:00:00,1.644600000000001
2022-12-05 19:00:00,1.6504000000000008
2022-12-05 20:00:00,1.650700000000001
2022-12-05 21:00:00,1.6538000000000008
2022-12-05 23:00:00,1.6538000000000008
2022-12-06 14:30:00,1.634100000000001
2022-12-06 15:00:00,1.610500000000001
2022-12-06 16:00:00,1.5875000000000008
2022-12-06 17:00:00,1.5887000000000007
2022-12-06 18:00:00,1.5797000000000008
2022-12-06 19:00:00,1.5839000000000008
2022-12-06 20:00:00,1.5910000000000006
2022-12-06 21:00:00,1.5944000000000007
2022-12-06 23:00:00,1.5944000000000007
2022-12-07 14:30:00,1.5862000000000007
2022-12-07 15:00:00,1.5646000000000009
2022-12-07 16:00:00,1.5382000000000007
2022-12-07 17:00:00,1.5247000000000006
2022-12-07 18:00:00,1.5187000000000008
2022-12-07 19:00:00,1.527400000000001
2022-12-07 20:00:00,1.5283000000000007
2022-12-07 21:00:00,1.5266000000000006
2022-12-07 23:00:00,1.5266000000000006
2022-12-08 14:30:00,1.5397000000000007
2022-12-08 15:00:00,1.503400000000001
2022-12-08 16:00:00,1.5226000000000006
2022-12-08 17:00:00,1.5009000000000006
2022-12-08 18:00:00,1.4982000000000006
2022-12-08 19:00:00,1.489100000000001
2022-12-08 20:00:00,1.489500000000001
2022-12-08 21:00:00,1.4902000000000006
2022-12-08 23:00:00,1.4902000000000006
2022-12-09 14:30:00,1.488900000000001
2022-12-09 15:00:00,1.501900000000001
2022-12-09 16:00:00,1.4982000000000006
2022-12-09 17:00:00,1.4821000000000009
2022-12-09 18:00:00,1.4784000000000006
2022-12-09 19:00:00,1.503800000000001
2022-12-09 20:00:00,1.497900000000001
2022-12-09 21:00:00,1.493300000000001
2022-12-09 23:00:00,1.493300000000001
2022-12-12 14:30:00,1.5002000000000009
2022-12-12 15:00:00,1.525700000000001
2022-12-12 16:00:00,1.5185000000000008
2022-12-12 17:00:00,1.529700000000001
2022-12-12 18:00:00,1.5183000000000009
2022-12-12 19:00:00,1.5136000000000007
2022-12-12 20:00:00,1.5142000000000007
2022-12-12 21:00:00,1.5244000000000009
2022-12-12 23:00:00,1.5244000000000009
2022-12-13 14:30:00,1.5754000000000006
2022-12-13 15:00:00,1.574300000000001
2022-12-13 16:00:00,1.604400000000001
2022-12-13 17:00:00,1.594100000000001
2022-12-13 18:00:00,1.6045000000000007
2022-12-13 19:00:00,1.602300000000001
2022-12-13 20:00:00,1.6009000000000007
2022-12-13 21:00:00,1.5914000000000006
2022-12-13 23:00:00,1.5914000000000006
2022-12-14 14:30:00,1.628400000000001
2022-12-14 15:00:00,1.632400000000001
2022-12-14 16:00:00,1.6565000000000007
2022-12-14 17:00:00,1.664400000000001
2022-12-14 18:00:00,1.6696000000000009
2022-12-14 19:00:00,1.6706000000000008
2022-12-14 20:00:00,1.6721000000000008
2022-12-14 21:00:00,1.671100000000001
2022-12-14 23:00:00,1.668600000000001
2022-12-15 14:30:00,1.626500000000001
2022-12-15 15:00:00,1.6318000000000006
2022-12-15 16:00:00,1.6215000000000006
2022-12-15 17:00:00,1.6419000000000006
2022-12-15 18:00:00,1.6291000000000007
2022-12-15 19:00:00,1.6060000000000008
2022-12-15 20:00:00,1.6074000000000006
2022-12-15 21:00:00,1.616400000000001
2022-12-15 23:00:00,1.616400000000001
2022-12-16 14:30:00,1.570100000000001
2022-12-16 15:00:00,1.565700000000001
2022-12-16 16:00:00,1.5486000000000009
2022-12-16 17:00:00,1.552400000000001
2022-12-16 18:00:00,1.5566000000000009
2022-12-16 19:00:00,1.565900000000001
2022-12-16 20:00:00,1.5627000000000009
2022-12-16 21:00:00,1.5698000000000008
2022-12-16 23:00:00,1.5698000000000008
2022-12-19 14:30:00,1.6070000000000007
2022-12-19 15:00:00,1.590500000000001
2022-12-19 16:00:00,1.6176000000000008
2022-12-19 17:00:00,1.6093000000000006
2022-12-19 18:00:00,1.606700000000001
2022-12-19 19:00:00,1.6043000000000007
2022-12-19 20:00:00,1.6085000000000007
2022-12-19 21:00:00,1.6150000000000007
2022-12-19 23:00:00,1.6150000000000007
2022-12-20 14:30:00,1.6332000000000009
2022-12-20 15:00:00,1.628600000000001
2022-12-20 16:00:00,1.6075000000000008
2022-12-20 17:00:00,1.636200000000001
2022-12-20 18:00:00,1.6586000000000007
2022-12-20 19:00:00,1.6464000000000008
2022-12-20 20:00:00,1.6460000000000008
2022-12-20 21:00:00,1.6433000000000009
2022-12-20 23:00:00,1.6433000000000009
2022-12-21 14:30:00,1.6725000000000008
2022-12-21 15:00:00,1.6843000000000008
2022-12-21 16:00:00,1.678900000000001
2022-12-21 17:00:00,1.6744000000000008
2022-12-21 18:00:00,1.6744000000000008
2022-12-21 19:00:00,1.6855000000000007
2022-12-21 20:00:00,1.6870000000000007
2022-12-21 21:00:00,1.6901000000000006
2022-12-21 23:00:00,1.6901000000000006
2022-12-22 14:30:00,1.700800000000001
2022-12-22 15:00:00,1.6642000000000006
2022-12-22 16:00:00,1.692800000000001
2022-12-22 17:00:00,1.6598000000000006
2022-12-22 18:00:00,1.652600000000001
2022-12-22 19:00:00,1.6906000000000008
2022-12-22 20:00:00,1.6910000000000007
2022-12-22 21:00:00,1.6954000000000007
2022-12-22 23:00:00,1.6954000000000007
2022-12-23 14:30:00,1.7504000000000008
2022-12-23 15:00:00,1.7668000000000008
2022-12-23 16:00:00,1.7663000000000006
2022-12-23 17:00:00,1.791900000000001
2022-12-23 18:00:00,1.7876000000000007
2022-12-23 19:00:00,1.800300000000001
2022-12-23 20:00:00,1.7984000000000009
2022-12-23 21:00:00,1.7958000000000007
2022-12-23 23:00:00,1.7958000000000007
2022-12-23 23:00:01,1.7958000000000007
2022-12-27 14:30:00,1.7911000000000006
2022-12-27 15:00:00,1.8112000000000008
2022-12-27 16:00:00,1.8205000000000005
2022-12-27 17:00:00,1.8111000000000006
2022-12-27 18:00:00,1.7940000000000005
2022-12-27 19:00:00,1.7800000000000007
2022-12-27 20:00:00,1.7811000000000008
2022-12-27 21:00:00,1.7855000000000008
2022-12-27 23:00:00,1.7855000000000008
2022-12-28 14:30:00,1.7389000000000006
2022-12-28 15:00:00,1.7253000000000007
2022-12-28 16:00:00,1.7292000000000005
2022-12-28 17:00:00,1.7442000000000006
2022-12-28 18:00:00,1.7451000000000008
2022-12-28 19:00:00,1.7660000000000005
2022-12-28 20:00:00,1.7622000000000004
2022-12-28 21:00:00,1.7650000000000006
2022-12-28 23:00:00,1.7650000000000006
2022-12-29 14:30:00,1.7440000000000007
2022-12-29 15:00:00,1.7405000000000004
2022-12-29 16:00:00,1.7719000000000005
2022-12-29 17:00:00,1.7552000000000008
2022-12-29 18:00:00,1.7638000000000007
2022-12-29 19:00:00,1.7759000000000005
2022-12-29 20:00:00,1.7773000000000008
2022-12-29 21:00:00,1.7781000000000007
2022-12-29 23:00:00,1.7781000000000007
2022-12-30 14:30:00,1.8209000000000004
2022-12-30 15:00:00,1.8130000000000006
2022-12-30 16:00:00,1.8176000000000005
2022-12-30 17:00:00,1.8311000000000006
2022-12-30 18:00:00,1.8405000000000005
2022-12-30 19:00:00,1.8705000000000007
2022-12-30 20:00:00,1.8684000000000007
2022-12-30 21:00:00,1.9069000000000007
2022-12-30 23:00:00,1.9069000000000007
2023-01-03 14:30:00,1.8305000000000007
2023-01-03 15:00:00,1.8254000000000006
2023-01-03 16:00:00,1.7841000000000005
2023-01-03 17:00:00,1.7969000000000004
2023-01-03 18:00:00,1.8016000000000005
2023-01-03 19:00:00,1.7729000000000008
2023-01-03 20:00:00,1.7757000000000005
2023-01-03 21:00:00,1.7754000000000008
2023-01-03 23:00:00,1.7754000000000008
2023-01-04 14:30:00,1.6914000000000007
2023-01-04 15:00:00,1.6722000000000006
2023-01-04 16:00:00,1.6787000000000005
2023-01-04 17:00:00,1.6871000000000005
2023-01-04 18:00:00,1.6912000000000007
2023-01-04 19:00:00,1.6759000000000004
2023-01-04 20:00:00,1.6768000000000005
2023-01-04 21:00:00,1.6831000000000005
2023-01-04 23:00:00,1.6831000000000005
2023-01-05 14:30:00,1.6844000000000006
2023-01-05 15:00:00,1.6754000000000007
2023-01-05 16:00:00,1.7061000000000006
2023-01-05 17:00:00,1.6898000000000004
2023-01-05 18:00:00,1.7012000000000005
2023-01-05 19:00:00,1.6828000000000007
2023-01-05 20:00:00,1.6822000000000008
2023-01-05 21:00:00,1.6844000000000006
2023-01-05 23:00:00,1.6844000000000006
2023-01-06 14:30:00,1.6882000000000006
2023-01-06 15:00:00,1.7126000000000006
2023-01-06 16:00:00,1.7098000000000004
2023-01-06 17:00:00,1.7056000000000004
2023-01-06 18:00:00,1.6614000000000004
2023-01-06 19:00:00,1.6776000000000004
2023-01-06 20:00:00,1.6774000000000004
2023-01-06 21:00:00,1.6722000000000006
2023-01-06 23:00:00,1.6722000000000006
2023-01-09 14:30:00,1.7416000000000005
2023-01-09 15:00:00,1.7365000000000004
2023-01-09 16:00:00,1.7299000000000007
2023-01-09 17:00:00,1.7189000000000005
2023-01-09 18:00:00,1.7086000000000006
2023-01-09 19:00:00,1.7140000000000004
2023-01-09 20:00:00,1.7121000000000004
2023-01-09 21:00:00,1.7145000000000006
2023-01-09 23:00:00,1.7145000000000006
2023-01-10 14:30:00,1.7385000000000006
2023-01-10 15:00:00,1.7310000000000008
2023-01-10 16:00:00,1.7457000000000007
2023-01-10 17:00:00,1.7420000000000004
2023-01-10 18:00:00,1.7548000000000008
2023-01-10 19:00:00,1.7456000000000005
2023-01-10 20:00:00,1.7463000000000006
2023-01-10 21:00:00,1.7309000000000005
2023-01-10 23:00:00,1.7309000000000005
2023-01-11 14:30:00,1.7944000000000004
2023-01-11 15:00:00,1.8131000000000004
2023-01-11 16:00:00,1.8288000000000006
2023-01-11 17:00:00,1.8347000000000007
2023-01-11 18:00:00,1.8406000000000007
2023-01-11 19:00:00,1.8420000000000005
2023-01-11 20:00:00,1.8426000000000005
2023-01-11 21:00:00,1.8461000000000007
2023-01-11 23:00:00,1.8461000000000007
2023-01-12 14:30:00,1.8738000000000006
2023-01-12 15:00:00,1.8879000000000006
2023-01-12 16:00:00,1.8877000000000006
2023-01-12 17:00:00,1.8869000000000007
2023-01-12 18:00:00,1.8957000000000006
2023-01-12 19:00:00,1.8804000000000007
2023-01-12 20:00:00,1.8728000000000007
2023-01-12 21:00:00,1.8665000000000007
2023-01-12 23:00:00,1.8665000000000007
2023-01-13 14:30:00,1.8867000000000007
2023-01-13 15:00:00,1.9097000000000004
2023-01-13 16:00:00,1.9121000000000006
2023-01-13 17:00:00,1.9121000000000006
2023-01-13 18:00:00,1.9272000000000005
2023-01-13 19:00:00,1.9345000000000008
2023-01-13 20:00:00,1.9346000000000005
2023-01-13 21:00:00,1.9366000000000008
2023-01-13 23:00:00,1.9366000000000008
2023-01-17 14:30:00,1.9668000000000005
2023-01-17 15:00:00,1.9573000000000005
2023-01-17 16:00:00,1.9457000000000004
2023-01-17 17:00:00,1.9313000000000007
2023-01-17 18:00:00,1.9299000000000004
2023-01-17 19:00:00,1.9603000000000006
2023-01-17 20:00:00,1.9639000000000006
2023-01-17 21:00:00,1.9655000000000005
2023-01-17 23:00:00,1.9655000000000005
2023-01-18 14:30:00,1.9968000000000008
2023-01-18 15:00:00,1.9879000000000007
2023-01-18 16:00:00,1.9723000000000006
2023-01-18 17:00:00,1.9500000000000006
2023-01-18 18:00:00,1.9507000000000008
2023-01-18 19:00:00,1.9318000000000004
2023-01-18 20:00:00,1.9313000000000007
2023-01-18 21:00:00,1.9261000000000008
2023-01-18 23:00:00,1.9261000000000008
2023-01-19 14:30:00,1.9739000000000004
2023-01-19 15:00:00,1.9796000000000005
2023-01-19 16:00:00,1.9882000000000004
2023-01-19 17:00:00,1.9975000000000005
2023-01-19 18:00:00,1.9980000000000007
2023-01-19 19:00:00,2.0009000000000006
2023-01-19 20:00:00,2.0004000000000004
2023-01-19 21:00:00,2.0108000000000006
2023-01-19 23:00:00,2.0108000000000006
2023-01-20 14:30:00,2.023100000000001
2023-01-20 15:00:00,2.0322000000000005
2023-01-20 16:00:00,2.0440000000000005
2023-01-20 17:00:00,2.0584000000000007
2023-01-20 18:00:00,2.0577000000000005
2023-01-20 19:00:00,2.0367000000000006
2023-01-20 20:00:00,2.0361000000000007
2023-01-20 21:00:00,2.0322000000000005
2023-01-20 23:00:00,2.0322000000000005
2023-01-23 14:30:00,2.0810000000000004
2023-01-23 15:00:00,2.0932000000000004
2023-01-23 16:00:00,2.0824000000000007
2023-01-23 17:00:00,2.0829000000000004
2023-01-23 18:00:00,2.0921000000000007
2023-01-23 19:00:00,2.0701000000000005
2023-01-23 20:00:00,2.0708000000000006
2023-01-23 20:00:01,2.0708000000000006
2023-01-23 21:00:00,2.0747000000000004
2023-01-23 23:00:00,2.0747000000000004
2023-01-24 14:30:00,2.0572000000000004
2023-01-24 15:00:00,2.0481000000000007
2023-01-24 16:00:00,2.039300000000001
2023-01-24 17:00:00,2.0391000000000004
2023-01-24 18:00:00,2.0333000000000006
2023-01-24 19:00:00,2.0348000000000006
2023-01-24 20:00:00,2.0363000000000007
2023-01-24 21:00:00,2.0509000000000004
2023-01-24 23:00:00,2.0509000000000004
2023-01-25 14:30:00,2.013000000000001
2023-01-25 15:00:00,2.0166000000000004
2023-01-25 16:00:00,2.0173000000000005
2023-01-25 17:00:00,1.9834000000000005
2023-01-25 18:00:00,1.9983000000000004
2023-01-25 19:00:00,1.9945000000000004
2023-01-25 20:00:00,1.9981000000000004
2023-01-25 21:00:00,1.9905000000000004
2023-01-25 23:00:00,1.9905000000000004
2023-01-26 14:30:00,2.0361000000000007
2023-01-26 15:00:00,2.0329000000000006
2023-01-26 16:00:00,2.0325000000000006
2023-01-26 17:00:00,2.0322000000000005
2023-01-26 18:00:00,2.0146000000000006
2023-01-26 19:00:00,2.0225000000000004
2023-01-26 20:00:00,2.0217000000000005
2023-01-26 21:00:00,2.0215000000000005
2023-01-26 23:00:00,2.0215000000000005
2023-01-27 14:30:00,2.0296000000000007
2023-01-27 15:00:00,2.0096000000000007
2023-01-27 16:00:00,2.0037000000000007
2023-01-27 17:00:00,1.9941000000000004
2023-01-27 18:00:00,1.9981000000000004
2023-01-27 19:00:00,1.9955000000000007
2023-01-27 20:00:00,1.9951000000000008
2023-01-27 21:00:00,1.9952000000000005
2023-01-27 23:00:00,1.9952000000000005
2023-01-30 14:30:00,1.9724000000000004
2023-01-30 15:00:00,1.9907000000000004
2023-01-30 16:00:00,1.9623000000000004
2023-01-30 17:00:00,1.9607000000000006
2023-01-30 18:00:00,1.9475000000000007
2023-01-30 19:00:00,1.9290000000000007
2023-01-30 20:00:00,1.9268000000000005
2023-01-30 21:00:00,1.9311000000000007
2023-01-30 23:00:00,1.9311000000000007
2023-01-31 14:30:00,1.9397000000000006
2023-01-31 15:00:00,1.9654000000000007
2023-01-31 16:00:00,1.9522000000000004
2023-01-31 17:00:00,1.9764000000000004
2023-01-31 18:00:00,1.9660000000000006
2023-01-31 19:00:00,1.9802000000000004
2023-01-31 20:00:00,1.9837000000000007
2023-01-31 21:00:00,1.9795000000000007
2023-01-31 23:00:00,1.9795000000000007
2023-02-01 14:30:00,1.9413000000000005
2023-02-01 15:00:00,1.9312000000000005
2023-02-01 16:00:00,1.8971000000000005
2023-02-01 17:00:00,1.8674000000000004
2023-02-01 18:00:00,1.8762000000000008
2023-02-01 19:00:00,1.8863000000000008
2023-02-01 20:00:00,1.8897000000000004
2023-02-01 21:00:00,1.8828000000000005
2023-02-01 23:00:00,1.8828000000000005
2023-02-02 14:30:00,1.8702000000000005
2023-02-02 15:00:00,1.8935000000000004
2023-02-02 16:00:00,1.9000000000000008
2023-02-02 17:00:00,1.8986000000000005
2023-02-02 18:00:00,1.8878000000000004
2023-02-02 19:00:00,1.8671000000000006
2023-02-02 20:00:00,1.8681000000000005
2023-02-02 21:00:00,1.8732000000000006
2023-02-02 23:00:00,1.8732000000000006
2023-02-03 14:30:00,1.8707000000000007
2023-02-03 15:00:00,1.8672000000000004
2023-02-03 16:00:00,1.7995000000000005
2023-02-03 17:00:00,1.7908000000000004
2023-02-03 18:00:00,1.7811000000000008
2023-02-03 19:00:00,1.7613000000000008
2023-02-03 20:00:00,1.7646000000000006
2023-02-03 21:00:00,1.7637000000000005
2023-02-03 23:00:00,1.7637000000000005
2023-02-06 14:30:00,1.7690000000000006
2023-02-06 15:00:00,1.7271000000000005
2023-02-06 16:00:00,1.7369000000000008
2023-02-06 17:00:00,1.7856000000000005
2023-02-06 18:00:00,1.8011000000000004
2023-02-06 19:00:00,1.8064000000000004
2023-02-06 20:00:00,1.8039000000000005
2023-02-06 21:00:00,1.8085000000000004
2023-02-06 23:00:00,1.8085000000000004
2023-02-07 14:30:00,1.8346000000000005
2023-02-07 15:00:00,1.8529000000000004
2023-02-07 16:00:00,1.8754000000000004
2023-02-07 17:00:00,1.8784000000000005
2023-02-07 18:00:00,1.8734000000000006
2023-02-07 19:00:00,1.8834000000000004
2023-02-07 20:00:00,1.8828000000000005
2023-02-07 21:00:00,1.8813000000000004
2023-02-07 23:00:00,1.8813000000000004
2023-02-08 14:30:00,1.8885000000000005
2023-02-08 15:00:00,1.8797000000000006
2023-02-08 16:00:00,1.8667000000000007
2023-02-08 17:00:00,1.8800000000000008
2023-02-08 18:00:00,1.8876000000000004
2023-02-08 19:00:00,1.9051000000000005
2023-02-08 20:00:00,1.9041000000000006
2023-02-08 21:00:00,1.9054000000000006
2023-02-08 23:00:00,1.9054000000000006
2023-02-09 14:30:00,1.8729000000000005
2023-02-09 15:00:00,1.8586000000000005
2023-02-09 16:00:00,1.8752000000000004
2023-02-09 17:00:00,1.8790000000000004
2023-02-09 18:00:00,1.8931000000000004
2023-02-09 19:00:00,1.8840000000000008
2023-02-09 20:00:00,1.8830000000000005
2023-02-09 21:00:00,1.8878000000000004
2023-02-09 23:00:00,1.8878000000000004
2023-02-10 14:30:00,1.9353000000000007
2023-02-10 15:00:00,1.9273000000000007
2023-02-10 16:00:00,1.9407000000000005
2023-02-10 17:00:00,1.9397000000000006
2023-02-10 18:00:00,1.9501000000000004
2023-02-10 19:00:00,1.9487000000000005
2023-02-10 20:00:00,1.9498000000000006
2023-02-10 21:00:00,1.9466000000000006
2023-02-10 23:00:00,1.9466000000000006
2023-02-13 14:30:00,1.9554000000000005
2023-02-13 15:00:00,1.9614000000000007
2023-02-13 16:00:00,1.9693000000000005
2023-02-13 17:00:00,1.9751000000000007
2023-02-13 18:00:00,1.9721000000000006
2023-02-13 19:00:00,1.9739000000000004
2023-02-13 20:00:00,1.9653000000000005
2023-02-13 21:00:00,1.9603000000000006
2023-02-13 23:00:00,1.9603000000000006
2023-02-14 14:30:00,1.9366000000000008
2023-02-14 15:00:00,1.9328000000000007
2023-02-14 16:00:00,1.9264000000000006
2023-02-14 17:00:00,1.9392000000000005
2023-02-14 18:00:00,1.9430000000000005
2023-02-14 19:00:00,1.9454000000000007
2023-02-14 20:00:00,1.9459000000000004
2023-02-14 21:00:00,1.9427000000000008
2023-02-14 23:00:00,1.9427000000000008
2023-02-15 14:30:00,1.9265000000000008
2023-02-15 15:00:00,1.8999000000000006
2023-02-15 16:00:00,1.9083000000000006
2023-02-15 17:00:00,1.9239000000000006
2023-02-15 18:00:00,1.9502000000000006
2023-02-15 19:00:00,1.9440000000000004
2023-02-15 20:00:00,1.9414000000000007
2023-02-15 21:00:00,1.9382000000000006
2023-02-15 23:00:00,1.9382000000000006
2023-02-16 14:30:00,1.9315000000000007
2023-02-16 15:00:00,1.9131000000000005
2023-02-16 16:00:00,1.9206000000000008
2023-02-16 17:00:00,1.9063000000000008
2023-02-16 18:00:00,1.9013000000000004
2023-02-16 19:00:00,1.9004000000000008
2023-02-16 20:00:00,1.8988000000000005
2023-02-16 21:00:00,1.8866000000000005
2023-02-16 23:00:00,1.8866000000000005
2023-02-17 14:30:00,1.8271000000000006
2023-02-17 15:00:00,1.8567000000000005
2023-02-17 16:00:00,1.8511000000000006
2023-02-17 17:00:00,1.8553000000000006
2023-02-17 18:00:00,1.8665000000000007
2023-02-17 19:00:00,1.8770000000000007
2023-02-17 20:00:00,1.8775000000000004
2023-02-17 21:00:00,1.8732000000000006
2023-02-17 23:00:00,1.8732000000000006
2023-02-17 23:00:01,1.8732000000000006
2023-02-21 14:30:00,1.8959000000000006
2023-02-21 15:00:00,1.8798000000000008
2023-02-21 16:00:00,1.8771000000000009
2023-02-21 17:00:00,1.8842000000000008
2023-02-21 18:00:00,1.8851000000000009
2023-02-21 19:00:00,1.884700000000001
2023-02-21 20:00:00,1.886600000000001
2023-02-21 21:00:00,1.8796000000000008
2023-02-21 23:00:00,1.8796000000000008
2023-02-22 14:30:00,1.854600000000001
2023-02-22 15:00:00,1.830400000000001
2023-02-22 16:00:00,1.8066000000000009
2023-02-22 17:00:00,1.8096000000000005
2023-02-22 18:00:00,1.8095000000000008
2023-02-22 19:00:00,1.7956000000000008
2023-02-22 20:00:00,1.795900000000001
2023-02-22 21:00:00,1.7953000000000006
2023-02-22 23:00:00,1.7953000000000006
2023-02-23 14:30:00,1.844300000000001
2023-02-23 15:00:00,1.8459000000000008
2023-02-23 16:00:00,1.8316000000000008
2023-02-23 17:00:00,1.8475000000000006
2023-02-23 18:00:00,1.8378000000000005
2023-02-23 19:00:00,1.8404000000000007
2023-02-23 20:00:00,1.8442000000000007
2023-02-23 21:00:00,1.8490000000000006
2023-02-23 23:00:00,1.8490000000000006
2023-02-24 14:30:00,1.793600000000001
2023-02-24 15:00:00,1.8151000000000006
2023-02-24 16:00:00,1.842000000000001
2023-02-24 17:00:00,1.8278000000000008
2023-02-24 18:00:00,1.836100000000001
2023-02-24 19:00:00,1.8419000000000008
2023-02-24 20:00:00,1.8440000000000007
2023-02-24 21:00:00,1.8431000000000006
2023-02-24 23:00:00,1.8431000000000006
2023-02-27 14:30:00,1.8270000000000008
2023-02-27 15:00:00,1.8431000000000006
2023-02-27 16:00:00,1.8370000000000006
2023-02-27 17:00:00,1.8385000000000007
2023-02-27 18:00:00,1.8278000000000008
2023-02-27 19:00:00,1.8402000000000007
2023-02-27 20:00:00,1.8410000000000006
2023-02-27 21:00:00,1.8378000000000005
2023-02-27 23:00:00,1.8378000000000005
2023-02-28 14:30:00,1.874800000000001
2023-02-28 15:00:00,1.8795000000000006
2023-02-28 16:00:00,1.8881000000000006
2023-02-28 17:00:00,1.896700000000001
2023-02-28 18:00:00,1.8912000000000009
2023-02-28 19:00:00,1.889100000000001
2023-02-28 20:00:00,1.888900000000001
2023-02-28 21:00:00,1.8907000000000007
2023-02-28 23:00:00,1.8907000000000007
2023-03-01 14:30:00,1.8920000000000008
2023-03-01 15:00:00,1.9116000000000009
2023-03-01 16:00:00,1.8976000000000006
2023-03-01 17:00:00,1.8901000000000008
2023-03-01 18:00:00,1.9165000000000005
2023-03-01 19:00:00,1.9234000000000009
2023-03-01 20:00:00,1.923200000000001
2023-03-01 21:00:00,1.9260000000000006
2023-03-01 23:00:00,1.9260000000000006
2023-03-02 14:30:00,1.9360000000000008
2023-03-02 15:00:00,1.9476000000000009
2023-03-02 16:00:00,1.934800000000001
2023-03-02 17:00:00,1.9296000000000006
2023-03-02 18:00:00,1.9412000000000007
2023-03-02 19:00:00,1.9424000000000006
2023-03-02 20:00:00,1.9431000000000007
2023-03-02 21:00:00,1.9387000000000008
2023-03-02 23:00:00,1.9387000000000008
2023-03-03 14:30:00,1.9306000000000005
2023-03-03 15:00:00,1.9608000000000008
2023-03-03 16:00:00,1.9736000000000007
2023-03-03 17:00:00,1.993500000000001
2023-03-03 18:00:00,1.9910000000000005
2023-03-03 19:00:00,2.0037000000000007
2023-03-03 20:00:00,2.004000000000001
2023-03-03 21:00:00,2.008600000000001
2023-03-03 23:00:00,2.008600000000001
2023-03-06 14:30:00,1.9837000000000007
2023-03-06 15:00:00,1.9901000000000009
2023-03-06 16:00:00,2.0100000000000007
2023-03-06 17:00:00,2.0199000000000007
2023-03-06 18:00:00,2.0213000000000005
2023-03-06 19:00:00,2.035600000000001
2023-03-06 20:00:00,2.0365000000000006
2023-03-06 21:00:00,2.0380000000000007
2023-03-06 23:00:00,2.0380000000000007
2023-03-07 14:30:00,2.0153000000000008
2023-03-07 15:00:00,1.9835000000000007
2023-03-07 16:00:00,1.9584000000000006
2023-03-07 17:00:00,1.9738000000000007
2023-03-07 18:00:00,1.9641000000000006
2023-03-07 19:00:00,1.9356000000000009
2023-03-07 20:00:00,1.941500000000001
2023-03-07 21:00:00,1.9302000000000006
2023-03-07 23:00:00,1.9302000000000006
2023-03-08 14:30:00,1.927200000000001
2023-03-08 15:00:00,1.9174000000000007
2023-03-08 16:00:00,1.9216000000000006
2023-03-08 17:00:00,1.9342000000000006
2023-03-08 18:00:00,1.9397000000000006
2023-03-08 19:00:00,1.928900000000001
2023-03-08 20:00:00,1.929100000000001
2023-03-08 21:00:00,1.9351000000000007
2023-03-08 23:00:00,1.9351000000000007
2023-03-09 14:30:00,1.9497000000000009
2023-03-09 15:00:00,1.9223000000000008
2023-03-09 16:00:00,1.9141000000000008
2023-03-09 17:00:00,1.8994000000000009
2023-03-09 18:00:00,1.876500000000001
2023-03-09 19:00:00,1.8625000000000007
2023-03-09 20:00:00,1.862200000000001
2023-03-09 21:00:00,1.8598000000000008
2023-03-09 23:00:00,1.8598000000000008
2023-03-10 14:30:00,1.8678000000000008
2023-03-10 15:00:00,1.8856000000000006
2023-03-10 16:00:00,1.8861000000000008
2023-03-10 17:00:00,1.9044000000000008
2023-03-10 18:00:00,1.8959000000000006
2023-03-10 19:00:00,1.8957000000000006
2023-03-10 20:00:00,1.8939000000000008
2023-03-10 21:00:00,1.896700000000001
2023-03-10 23:00:00,1.896700000000001
2023-03-13 13:30:00,1.8494000000000006
2023-03-13 14:00:00,1.858200000000001
2023-03-13 15:00:00,1.8648000000000007
2023-03-13 16:00:00,1.8331000000000008
2023-03-13 17:00:00,1.8364000000000007
2023-03-13 18:00:00,1.842200000000001
2023-03-13 19:00:00,1.8367000000000009
2023-03-13 20:00:00,1.8581000000000008
2023-03-13 23:00:00,1.8581000000000008
2023-03-14 13:30:00,1.8469000000000007
2023-03-14 14:00:00,1.8370000000000006
2023-03-14 15:00:00,1.8375000000000008
2023-03-14 16:00:00,1.8233000000000006
2023-03-14 17:00:00,1.8042000000000007
2023-03-14 18:00:00,1.782200000000001
2023-03-14 19:00:00,1.7956000000000008
2023-03-14 20:00:00,1.796100000000001
2023-03-14 23:00:00,1.7991000000000006
2023-03-15 13:30:00,1.7082000000000006
2023-03-15 14:00:00,1.6853000000000007
2023-03-15 15:00:00,1.6661000000000006
2023-03-15 16:00:00,1.6356000000000006
2023-03-15 17:00:00,1.670900000000001
2023-03-15 18:00:00,1.701600000000001
2023-03-15 19:00:00,1.699300000000001
2023-03-15 20:00:00,1.705600000000001
2023-03-15 23:00:00,1.7024000000000008
2023-03-16 13:30:00,1.656600000000001
2023-03-16 14:00:00,1.6847000000000008
2023-03-16 15:00:00,1.6677000000000008
2023-03-16 16:00:00,1.7062000000000008
2023-03-16 17:00:00,1.7308000000000008
2023-03-16 18:00:00,1.7219000000000007
2023-03-16 19:00:00,1.7182000000000008
2023-03-16 20:00:00,1.7226000000000008
2023-03-16 23:00:00,1.7207000000000008
2023-03-17 13:30:00,1.6980000000000008
2023-03-17 14:00:00,1.6900000000000008
2023-03-17 15:00:00,1.6980000000000008
2023-03-17 16:00:00,1.7117000000000009
2023-03-17 17:00:00,1.719500000000001
2023-03-17 18:00:00,1.7053000000000007
2023-03-17 19:00:00,1.6958000000000006
2023-03-17 20:00:00,1.6987000000000005
2023-03-17 23:00:00,1.6958000000000006
2023-03-20 13:30:00,1.6982000000000008
2023-03-20 14:00:00,1.7040000000000006
2023-03-20 15:00:00,1.7027000000000005
2023-03-20 16:00:00,1.6897000000000006
2023-03-20 17:00:00,1.7024000000000008
2023-03-20 18:00:00,1.7316000000000007
2023-03-20 19:00:00,1.7331000000000008
2023-03-20 20:00:00,1.7329000000000008
2023-03-20 23:00:00,1.735500000000001
2023-03-21 13:30:00,1.7598000000000007
2023-03-21 14:00:00,1.7427000000000006
2023-03-21 15:00:00,1.7325000000000008
2023-03-21 16:00:00,1.727500000000001
2023-03-21 17:00:00,1.7377000000000007
2023-03-21 18:00:00,1.7448000000000006
2023-03-21 19:00:00,1.7476000000000007
2023-03-21 20:00:00,1.7478000000000007
2023-03-21 23:00:00,1.7434000000000007
2023-03-22 13:30:00,1.7591000000000006
2023-03-22 14:00:00,1.7948000000000008
2023-03-22 15:00:00,1.790000000000001
2023-03-22 16:00:00,1.798000000000001
2023-03-22 17:00:00,1.7912000000000008
2023-03-22 18:00:00,1.7973000000000008
2023-03-22 19:00:00,1.7809000000000008
2023-03-22 20:00:00,1.778000000000001
2023-03-22 23:00:00,1.7792000000000008
2023-03-23 13:30:00,1.8294000000000006
2023-03-23 14:00:00,1.8436000000000008
2023-03-23 15:00:00,1.828300000000001
2023-03-23 16:00:00,1.8249000000000009
2023-03-23 17:00:00,1.8133000000000008
2023-03-23 18:00:00,1.7918000000000007
2023-03-23 19:00:00,1.7886000000000006
2023-03-23 20:00:00,1.7873000000000006
2023-03-23 23:00:00,1.794200000000001
2023-03-24 13:30:00,1.7747000000000006
2023-03-24 14:00:00,1.7606000000000006
2023-03-24 15:00:00,1.7969000000000008
2023-03-24 16:00:00,1.8035000000000005
2023-03-24 17:00:00,1.7969000000000008
2023-03-24 18:00:00,1.7878000000000007
2023-03-24 19:00:00,1.7867000000000006
2023-03-24 20:00:00,1.789800000000001
2023-03-24 23:00:00,1.783900000000001
2023-03-27 14:30:00,1.8191000000000006
2023-03-27 15:00:00,1.8316000000000008
2023-03-27 16:00:00,1.8505000000000007
2023-03-27 17:00:00,1.8616000000000006
2023-03-27 18:00:00,1.8855000000000008
2023-03-27 19:00:00,1.8883000000000005
2023-03-27 20:00:00,1.889100000000001
2023-03-27 21:00:00,1.8877000000000006
2023-03-27 23:00:00,1.8877000000000006
2023-03-28 14:30:00,1.8899000000000008
2023-03-28 15:00:00,1.8968000000000007
2023-03-28 16:00:00,1.9191000000000007
2023-03-28 17:00:00,1.920700000000001
2023-03-28 18:00:00,1.9158000000000008
2023-03-28 19:00:00,1.9144000000000005
2023-03-28 20:00:00,1.9126000000000007
2023-03-28 21:00:00,1.9121000000000006
2023-03-28 23:00:00,1.9121000000000006
2023-03-29 14:30:00,1.9189000000000007
2023-03-29 15:00:00,1.905100000000001
2023-03-29 16:00:00,1.8691000000000009
2023-03-29 17:00:00,1.8740000000000006
2023-03-29 18:00:00,1.8691000000000009
2023-03-29 19:00:00,1.8724000000000007
2023-03-29 20:00:00,1.8732000000000006
2023-03-29 21:00:00,1.8665000000000007
2023-03-29 23:00:00,1.8665000000000007
2023-03-30 14:30:00,1.8587000000000007
2023-03-30 15:00:00,1.8596000000000008
2023-03-30 16:00:00,1.8823000000000008
2023-03-30 17:00:00,1.889100000000001
2023-03-30 18:00:00,1.896500000000001
2023-03-30 19:00:00,1.8720000000000008
2023-03-30 20:00:00,1.8696000000000006
2023-03-30 21:00:00,1.8690000000000007
2023-03-30 23:00:00,1.8690000000000007
2023-03-31 14:30:00,1.8989000000000007
2023-03-31 15:00:00,1.8898000000000006
2023-03-31 16:00:00,1.9147000000000007
2023-03-31 17:00:00,1.9259000000000008
2023-03-31 18:00:00,1.9138000000000006
2023-03-31 19:00:00,1.917100000000001
2023-03-31 20:00:00,1.9182000000000006
2023-03-31 21:00:00,1.9240000000000008
2023-03-31 23:00:00,1.9240000000000008
2023-04-03 14:30:00,2.0209000000000006
2023-04-03 15:00:00,2.005300000000001
2023-04-03 16:00:00,2.0022000000000006
2023-04-03 17:00:00,2.0108000000000006
2023-04-03 18:00:00,2.002700000000001
2023-04-03 19:00:00,2.001500000000001
2023-04-03 20:00:00,2.006300000000001
2023-04-03 20:00:01,2.006300000000001
2023-04-03 21:00:00,2.005600000000001
2023-04-03 23:00:00,2.005600000000001
2023-04-04 14:30:00,2.003300000000001
2023-04-04 15:00:00,1.979600000000001
2023-04-04 16:00:00,1.975000000000001
2023-04-04 17:00:00,1.966800000000001
2023-04-04 18:00:00,1.9896000000000011
2023-04-04 19:00:00,1.986400000000001
2023-04-04 20:00:00,1.9865000000000008
2023-04-04 21:00:00,2.0090000000000012
2023-04-04 23:00:00,2.0090000000000012
2023-04-05 14:30:00,2.011700000000001
2023-04-05 15:00:00,2.009500000000001
2023-04-05 16:00:00,2.023500000000001
2023-04-05 17:00:00,2.027800000000001
2023-04-05 18:00:00,2.034500000000001
2023-04-05 19:00:00,2.032800000000001
2023-04-05 20:00:00,2.031400000000001
2023-04-05 21:00:00,2.036400000000001
2023-04-05 23:00:00,2.036400000000001
2023-04-06 14:30:00,2.033100000000001
2023-04-06 15:00:00,2.038200000000001
2023-04-06 16:00:00,2.038600000000001
2023-04-06 17:00:00,2.029400000000001
2023-04-06 18:00:00,2.034900000000001
2023-04-06 19:00:00,2.036500000000001
2023-04-06 20:00:00,2.036400000000001
2023-04-06 21:00:00,2.031800000000001
2023-04-06 23:00:00,2.031800000000001
2023-04-10 14:30:00,2.036900000000001
2023-04-10 15:00:00,2.039400000000001
2023-04-10 16:00:00,2.032400000000001
2023-04-10 17:00:00,2.035200000000001
2023-04-10 18:00:00,2.034200000000001
2023-04-10 19:00:00,2.039200000000001
2023-04-10 20:00:00,2.042200000000001
2023-04-10 21:00:00,2.038800000000001
2023-04-10 23:00:00,2.038800000000001
2023-04-11 14:30:00,2.048900000000001
2023-04-11 15:00:00,2.068100000000001
2023-04-11 16:00:00,2.079600000000001
2023-04-11 17:00:00,2.083200000000001
2023-04-11 18:00:00,2.085200000000001
2023-04-11 19:00:00,2.078900000000001
2023-04-11 20:00:00,2.076200000000001
2023-04-11 21:00:00,2.078200000000001
2023-04-11 23:00:00,2.078200000000001
2023-04-12 14:30:00,2.078900000000001
2023-04-12 15:00:00,2.094900000000001
2023-04-12 16:00:00,2.106200000000001
2023-04-12 17:00:00,2.112900000000001
2023-04-12 18:00:00,2.100700000000001
2023-04-12 19:00:00,2.102300000000001
2023-04-12 20:00:00,2.101700000000001
2023-04-12 21:00:00,2.100300000000001
2023-04-12 23:00:00,2.100300000000001
2023-04-13 14:30:00,2.076300000000001
2023-04-13 15:00:00,2.090900000000001
2023-04-13 16:00:00,2.077000000000001
2023-04-13 17:00:00,2.077700000000001
2023-04-13 18:00:00,2.078500000000001
2023-04-13 19:00:00,2.076200000000001
2023-04-13 20:00:00,2.083900000000001
2023-04-13 21:00:00,2.083500000000001
2023-04-13 23:00:00,2.083500000000001
2023-04-14 14:30:00,2.085900000000001
2023-04-14 15:00:00,2.064300000000001
2023-04-14 16:00:00,2.071900000000001
2023-04-14 17:00:00,2.073400000000001
2023-04-14 18:00:00,2.080900000000001
2023-04-14 19:00:00,2.081400000000001
2023-04-14 20:00:00,2.078500000000001
2023-04-14 21:00:00,2.083900000000001
2023-04-14 23:00:00,2.083900000000001
2023-04-17 14:30:00,2.052300000000001
2023-04-17 15:00:00,2.047500000000001
2023-04-17 16:00:00,2.027600000000001
2023-04-17 17:00:00,2.021400000000001
2023-04-17 18:00:00,2.025000000000001
2023-04-17 19:00:00,2.032100000000001
2023-04-17 20:00:00,2.034000000000001
2023-04-17 21:00:00,2.031600000000001
2023-04-17 23:00:00,2.031600000000001
2023-04-18 14:30:00,1.9930000000000012
2023-04-18 15:00:00,2.009100000000001
2023-04-18 16:00:00,2.026000000000001
2023-04-18 17:00:00,2.025500000000001
2023-04-18 18:00:00,2.027200000000001
2023-04-18 19:00:00,2.004300000000001
2023-04-18 20:00:00,2.004300000000001
2023-04-18 21:00:00,2.003900000000001
2023-04-18 23:00:00,2.003900000000001
2023-04-19 14:30:00,1.9452000000000012
2023-04-19 15:00:00,1.954000000000001
2023-04-19 16:00:00,1.935200000000001
2023-04-19 17:00:00,1.9353000000000011
2023-04-19 18:00:00,1.9374000000000011
2023-04-19 19:00:00,1.923000000000001
2023-04-19 20:00:00,1.921300000000001
2023-04-19 21:00:00,1.9135000000000009
2023-04-19 23:00:00,1.9135000000000009
2023-04-20 14:30:00,1.856300000000001
2023-04-20 15:00:00,1.8541000000000012
2023-04-20 16:00:00,1.856500000000001
2023-04-20 17:00:00,1.8651000000000009
2023-04-20 18:00:00,1.861000000000001
2023-04-20 19:00:00,1.8663000000000012
2023-04-20 20:00:00,1.8657000000000008
2023-04-20 21:00:00,1.8655000000000008
2023-04-20 23:00:00,1.8655000000000008
2023-04-21 14:30:00,1.9023000000000012
2023-04-21 15:00:00,1.879100000000001
2023-04-21 16:00:00,1.891300000000001
2023-04-21 17:00:00,1.879700000000001
2023-04-21 18:00:00,1.885800000000001
2023-04-21 19:00:00,1.879000000000001
2023-04-21 20:00:00,1.8792000000000009
2023-04-21 21:00:00,1.8821000000000012
2023-04-21 23:00:00,1.8821000000000012
2023-04-24 14:30:00,1.8884000000000012
2023-04-24 15:00:00,1.895700000000001
2023-04-24 16:00:00,1.9139000000000008
2023-04-24 17:00:00,1.9233000000000011
2023-04-24 18:00:00,1.920500000000001
2023-04-24 19:00:00,1.922200000000001
2023-04-24 20:00:00,1.921300000000001
2023-04-24 21:00:00,1.920100000000001
2023-04-24 23:00:00,1.920100000000001
2023-04-25 14:30:00,1.8756000000000008
2023-04-25 15:00:00,1.8600000000000012
2023-04-25 16:00:00,1.872100000000001
2023-04-25 17:00:00,1.8714000000000008
2023-04-25 18:00:00,1.8680000000000012
2023-04-25 19:00:00,1.872500000000001
2023-04-25 20:00:00,1.873800000000001
2023-04-25 21:00:00,1.872100000000001
2023-04-25 23:00:00,1.872100000000001
2023-04-26 14:30:00,1.8371000000000008
2023-04-26 15:00:00,1.864900000000001
2023-04-26 16:00:00,1.8682000000000012
2023-04-26 17:00:00,1.849000000000001
2023-04-26 18:00:00,1.845200000000001
2023-04-26 19:00:00,1.8137000000000012
2023-04-26 20:00:00,1.817000000000001
2023-04-26 20:00:01,1.817000000000001
2023-04-26 21:00:00,1.819900000000001
2023-04-26 23:00:00,1.819900000000001
2023-04-27 14:30:00,1.8213000000000008
2023-04-27 15:00:00,1.800800000000001
2023-04-27 16:00:00,1.8084000000000007
2023-04-27 17:00:00,1.8208000000000006
2023-04-27 18:00:00,1.8131000000000008
2023-04-27 19:00:00,1.806400000000001
2023-04-27 20:00:00,1.8095000000000008
2023-04-27 21:00:00,1.8110000000000008
2023-04-27 23:00:00,1.8110000000000008
2023-04-28 14:30:00,1.815900000000001
2023-04-28 15:00:00,1.8362000000000007
2023-04-28 16:00:00,1.850000000000001
2023-04-28 17:00:00,1.8360000000000007
2023-04-28 18:00:00,1.8369000000000009
2023-04-28 19:00:00,1.8368000000000007
2023-04-28 20:00:00,1.8377000000000008
2023-04-28 21:00:00,1.8368000000000007
2023-04-28 23:00:00,1.8368000000000007
2023-05-01 14:30:00,1.8371000000000008
2023-05-01 15:00:00,1.8328000000000007
2023-05-01 16:00:00,1.834600000000001
2023-05-01 17:00:00,1.8324000000000007
2023-05-01 18:00:00,1.8328000000000007
2023-05-01 19:00:00,1.8510000000000009
2023-05-01 20:00:00,1.849600000000001
2023-05-01 21:00:00,1.8512000000000008
2023-05-01 23:00:00,1.8512000000000008
2023-05-02 14:30:00,1.783100000000001
2023-05-02 15:00:00,1.7546000000000008
2023-05-02 16:00:00,1.7562000000000006
2023-05-02 17:00:00,1.737800000000001
2023-05-02 18:00:00,1.7400000000000007
2023-05-02 19:00:00,1.743300000000001
2023-05-02 20:00:00,1.7422000000000009
2023-05-02 21:00:00,1.735300000000001
2023-05-02 23:00:00,1.735300000000001
2023-05-03 14:30:00,1.6729000000000007
2023-05-03 15:00:00,1.653200000000001
2023-05-03 16:00:00,1.6405000000000007
2023-05-03 17:00:00,1.649000000000001
2023-05-03 18:00:00,1.6479000000000008
2023-05-03 19:00:00,1.643100000000001
2023-05-03 20:00:00,1.6414000000000009
2023-05-03 21:00:00,1.631400000000001
2023-05-03 23:00:00,1.631400000000001
2023-05-04 14:30:00,1.6298000000000008
2023-05-04 15:00:00,1.6405000000000007
2023-05-04 16:00:00,1.6430000000000007
2023-05-04 17:00:00,1.6513000000000009
2023-05-04 18:00:00,1.6565000000000007
2023-05-04 19:00:00,1.642700000000001
2023-05-04 20:00:00,1.6418000000000008
2023-05-04 21:00:00,1.644000000000001
2023-05-04 23:00:00,1.644000000000001
2023-05-05 14:30:00,1.709400000000001
2023-05-05 15:00:00,1.7131000000000007
2023-05-05 16:00:00,1.697400000000001
2023-05-05 17:00:00,1.7055000000000007
2023-05-05 18:00:00,1.7036000000000007
2023-05-05 19:00:00,1.705200000000001
2023-05-05 20:00:00,1.706500000000001
2023-05-05 21:00:00,1.708000000000001
2023-05-05 23:00:00,1.708000000000001
2023-05-08 14:30:00,1.7422000000000009
2023-05-08 15:00:00,1.756800000000001
2023-05-08 16:00:00,1.7661000000000007
2023-05-08 17:00:00,1.769200000000001
2023-05-08 18:00:00,1.777200000000001
2023-05-08 19:00:00,1.7708000000000008
2023-05-08 20:00:00,1.7702000000000009
2023-05-08 21:00:00,1.759300000000001
2023-05-08 23:00:00,1.759300000000001
2023-05-09 14:30:00,1.7666000000000008
2023-05-09 15:00:00,1.7581000000000007
2023-05-09 16:00:00,1.744200000000001
2023-05-09 17:00:00,1.7663000000000006
2023-05-09 18:00:00,1.7908000000000008
2023-05-09 19:00:00,1.7904000000000009
2023-05-09 20:00:00,1.789400000000001
2023-05-09 21:00:00,1.7944000000000009
2023-05-09 23:00:00,1.7944000000000009
2023-05-10 14:30:00,1.770700000000001
2023-05-10 15:00:00,1.7874000000000008
2023-05-10 16:00:00,1.8006000000000006
2023-05-10 17:00:00,1.8042000000000007
2023-05-10 18:00:00,1.7889000000000008
2023-05-10 19:00:00,1.792600000000001
2023-05-10 20:00:00,1.7927000000000008
2023-05-10 21:00:00,1.7964000000000007
2023-05-10 23:00:00,1.7964000000000007
2023-05-11 14:30:00,1.7649000000000008
2023-05-11 15:00:00,1.761400000000001
2023-05-11 16:00:00,1.7592000000000008
2023-05-11 17:00:00,1.7617000000000007
2023-05-11 18:00:00,1.761200000000001
2023-05-11 19:00:00,1.757000000000001
2023-05-11 20:00:00,1.7533000000000007
2023-05-11 21:00:00,1.763900000000001
2023-05-11 23:00:00,1.763900000000001
2023-05-12 14:30:00,1.7689000000000008
2023-05-12 15:00:00,1.7531000000000008
2023-05-12 16:00:00,1.7377000000000007
2023-05-12 17:00:00,1.734300000000001
2023-05-12 18:00:00,1.719100000000001
2023-05-12 19:00:00,1.724200000000001
2023-05-12 20:00:00,1.7251000000000007
2023-05-12 21:00:00,1.7268000000000008
2023-05-12 23:00:00,1.7268000000000008
2023-05-15 14:30:00,1.7327000000000008
2023-05-15 15:00:00,1.7516000000000007
2023-05-15 16:00:00,1.7602000000000007
2023-05-15 17:00:00,1.775900000000001
2023-05-15 18:00:00,1.767900000000001
2023-05-15 19:00:00,1.7664000000000009
2023-05-15 20:00:00,1.764600000000001
2023-05-15 21:00:00,1.7752000000000008
2023-05-15 23:00:00,1.7752000000000008
2023-05-16 14:30:00,1.7762000000000007
2023-05-16 15:00:00,1.7621000000000007
2023-05-16 16:00:00,1.7623000000000006
2023-05-16 17:00:00,1.764600000000001
2023-05-16 18:00:00,1.7672000000000008
2023-05-16 19:00:00,1.768800000000001
2023-05-16 20:00:00,1.769400000000001
2023-05-16 21:00:00,1.7743000000000007
2023-05-16 23:00:00,1.7743000000000007
2023-05-17 14:30:00,1.8032000000000008
2023-05-17 15:00:00,1.8004000000000007
2023-05-17 16:00:00,1.831700000000001
2023-05-17 17:00:00,1.8522000000000007
2023-05-17 18:00:00,1.860100000000001
2023-05-17 19:00:00,1.8541000000000007
2023-05-17 20:00:00,1.8541000000000007
2023-05-17 21:00:00,1.8545000000000007
2023-05-17 23:00:00,1.8545000000000007
2023-05-18 14:30:00,1.8356000000000008
2023-05-18 15:00:00,1.849200000000001
2023-05-18 16:00:00,1.841200000000001
2023-05-18 17:00:00,1.8389000000000006
2023-05-18 18:00:00,1.830600000000001
2023-05-18 19:00:00,1.8432000000000008
2023-05-18 20:00:00,1.8455000000000008
2023-05-18 21:00:00,1.8497000000000008
2023-05-18 23:00:00,1.8497000000000008
2023-05-19 14:30:00,1.8493000000000008
2023-05-19 15:00:00,1.8442000000000007
2023-05-19 16:00:00,1.839500000000001
2023-05-19 17:00:00,1.8400000000000007
2023-05-19 18:00:00,1.827500000000001
2023-05-19 19:00:00,1.8345000000000007
2023-05-19 20:00:00,1.8335000000000008
2023-05-19 21:00:00,1.8360000000000007
2023-05-19 23:00:00,1.8360000000000007
2023-05-22 14:30:00,1.8411000000000008
2023-05-22 15:00:00,1.839500000000001
2023-05-22 16:00:00,1.8476000000000008
2023-05-22 17:00:00,1.8589000000000007
2023-05-22 18:00:00,1.861400000000001
2023-05-22 19:00:00,1.862000000000001
2023-05-22 20:00:00,1.861600000000001
2023-05-22 21:00:00,1.878600000000001
2023-05-22 23:00:00,1.878600000000001
2023-05-23 14:30:00,1.9031000000000007
2023-05-23 15:00:00,1.9002000000000008
2023-05-23 16:00:00,1.8952000000000009
2023-05-23 17:00:00,1.8933000000000009
2023-05-23 18:00:00,1.8878000000000008
2023-05-23 19:00:00,1.8873000000000006
2023-05-23 20:00:00,1.8874000000000009
2023-05-23 21:00:00,1.919700000000001
2023-05-23 23:00:00,1.919700000000001
2023-05-24 14:30:00,1.927200000000001
2023-05-24 15:00:00,1.931900000000001
2023-05-24 16:00:00,1.931400000000001
2023-05-24 17:00:00,1.9055000000000009
2023-05-24 18:00:00,1.9225000000000008
2023-05-24 19:00:00,1.925300000000001
2023-05-24 20:00:00,1.924100000000001
2023-05-24 21:00:00,1.9316000000000009
2023-05-24 23:00:00,1.9316000000000009
2023-05-25 14:30:00,1.8787000000000007
2023-05-25 15:00:00,1.8851000000000009
2023-05-25 16:00:00,1.8476000000000008
2023-05-25 17:00:00,1.859500000000001
2023-05-25 18:00:00,1.867500000000001
2023-05-25 19:00:00,1.8733000000000009
2023-05-25 20:00:00,1.8754000000000008
2023-05-25 21:00:00,1.8714000000000008
2023-05-25 23:00:00,1.8714000000000008
2023-05-26 14:30:00,1.916900000000001
2023-05-26 15:00:00,1.8918000000000008
2023-05-26 16:00:00,1.902800000000001
2023-05-26 17:00:00,1.8975000000000009
2023-05-26 18:00:00,1.912300000000001
2023-05-26 19:00:00,1.9113000000000007
2023-05-26 20:00:00,1.910400000000001
2023-05-26 21:00:00,1.9179000000000008
2023-05-26 23:00:00,1.9179000000000008
2023-05-30 14:30:00,1.8368000000000007
2023-05-30 15:00:00,1.817400000000001
2023-05-30 16:00:00,1.8135000000000008
2023-05-30 17:00:00,1.8087000000000009
2023-05-30 18:00:00,1.8004000000000007
2023-05-30 19:00:00,1.8147000000000006
2023-05-30 20:00:00,1.8179000000000007
2023-05-30 20:00:01,1.8179000000000007
2023-05-30 21:00:00,1.811300000000001
2023-05-30 23:00:00,1.811300000000001
2023-05-31 14:30:00,1.7838000000000007
2023-05-31 15:00:00,1.7935000000000008
2023-05-31 16:00:00,1.7965000000000009
2023-05-31 17:00:00,1.7843000000000009
2023-05-31 18:00:00,1.780800000000001
2023-05-31 19:00:00,1.7735000000000007
2023-05-31 20:00:00,1.7746000000000008
2023-05-31 21:00:00,1.7596000000000007
2023-05-31 23:00:00,1.7596000000000007
2023-06-01 14:30:00,1.7481000000000009
2023-06-01 15:00:00,1.7646000000000006
2023-06-01 16:00:00,1.8105000000000007
2023-06-01 17:00:00,1.8149000000000006
2023-06-01 18:00:00,1.7975000000000008
2023-06-01 19:00:00,1.787300000000001
2023-06-01 20:00:00,1.7803000000000009
2023-06-01 21:00:00,1.7893000000000008
2023-06-01 23:00:00,1.7893000000000008
2023-06-02 14:30:00,1.8434000000000008
2023-06-02 15:00:00,1.8246000000000007
2023-06-02 16:00:00,1.8282000000000007
2023-06-02 17:00:00,1.834000000000001
2023-06-02 18:00:00,1.839700000000001
2023-06-02 19:00:00,1.8391000000000006
2023-06-02 20:00:00,1.8457000000000008
2023-06-02 21:00:00,1.843700000000001
2023-06-02 23:00:00,1.843700000000001
2023-06-05 14:30:00,1.872300000000001
2023-06-05 15:00:00,1.8667000000000007
2023-06-05 16:00:00,1.8661000000000008
2023-06-05 17:00:00,1.8750000000000009
2023-06-05 18:00:00,1.865800000000001
2023-06-05 19:00:00,1.855900000000001
2023-06-05 20:00:00,1.8581000000000008
2023-06-05 21:00:00,1.8581000000000008
2023-06-05 23:00:00,1.8581000000000008
2023-06-06 14:30:00,1.8493000000000008
2023-06-06 15:00:00,1.878400000000001
2023-06-06 16:00:00,1.8671000000000006
2023-06-06 17:00:00,1.8712000000000009
2023-06-06 18:00:00,1.878800000000001
2023-06-06 19:00:00,1.8716000000000008
2023-06-06 20:00:00,1.8703000000000007
2023-06-06 21:00:00,1.8634000000000008
2023-06-06 23:00:00,1.8634000000000008
2023-06-07 14:30:00,1.896500000000001
2023-06-07 15:00:00,1.9033000000000007
2023-06-07 16:00:00,1.934600000000001
2023-06-07 17:00:00,1.9299000000000008
2023-06-07 18:00:00,1.930200000000001
2023-06-07 19:00:00,1.9147000000000007
2023-06-07 20:00:00,1.918800000000001
2023-06-07 21:00:00,1.9160000000000008
2023-06-07 23:00:00,1.9160000000000008
2023-06-08 14:30:00,1.912500000000001
2023-06-08 15:00:00,1.898800000000001
2023-06-08 16:00:00,1.8429000000000006
2023-06-08 17:00:00,1.8840000000000008
2023-06-08 18:00:00,1.9077000000000006
2023-06-08 19:00:00,1.8947000000000007
2023-06-08 20:00:00,1.8937000000000008
2023-06-08 21:00:00,1.887700000000001
2023-06-08 23:00:00,1.887700000000001
2023-06-09 14:30:00,1.8875000000000006
2023-06-09 15:00:00,1.9034000000000009
2023-06-09 16:00:00,1.901800000000001
2023-06-09 17:00:00,1.903200000000001
2023-06-09 18:00:00,1.8838000000000008
2023-06-09 19:00:00,1.8735000000000008
2023-06-09 20:00:00,1.8701000000000008
2023-06-09 21:00:00,1.877800000000001
2023-06-09 23:00:00,1.877800000000001
2023-06-12 14:30:00,1.806000000000001
2023-06-12 15:00:00,1.8006000000000006
2023-06-12 16:00:00,1.8069000000000006
2023-06-12 17:00:00,1.7943000000000007
2023-06-12 18:00:00,1.7971000000000008
2023-06-12 19:00:00,1.7884000000000007
2023-06-12 20:00:00,1.7884000000000007
2023-06-12 21:00:00,1.7983000000000007
2023-06-12 23:00:00,1.7983000000000007
2023-06-13 14:30:00,1.8629000000000007
2023-06-13 15:00:00,1.860300000000001
2023-06-13 16:00:00,1.8431000000000006
2023-06-13 17:00:00,1.851500000000001
2023-06-13 18:00:00,1.855700000000001
2023-06-13 19:00:00,1.8383000000000007
2023-06-13 20:00:00,1.8389000000000006
2023-06-13 21:00:00,1.835500000000001
2023-06-13 23:00:00,1.835500000000001
2023-06-14 14:30:00,1.8606000000000007
2023-06-14 15:00:00,1.846400000000001
2023-06-14 16:00:00,1.8370000000000006
2023-06-14 17:00:00,1.853800000000001
2023-06-14 18:00:00,1.8476000000000008
2023-06-14 19:00:00,1.835900000000001
2023-06-14 20:00:00,1.836500000000001
2023-06-14 21:00:00,1.845800000000001
2023-06-14 23:00:00,1.845800000000001
2023-06-15 14:30:00,1.8617000000000008
2023-06-15 15:00:00,1.884500000000001
2023-06-15 16:00:00,1.904500000000001
2023-06-15 17:00:00,1.908700000000001
2023-06-15 18:00:00,1.915200000000001
2023-06-15 19:00:00,1.9168000000000007
2023-06-15 20:00:00,1.9157000000000006
2023-06-15 21:00:00,1.926400000000001
2023-06-15 23:00:00,1.926400000000001
2023-06-16 14:30:00,1.922400000000001
2023-06-16 15:00:00,1.945100000000001
2023-06-16 16:00:00,1.941500000000001
2023-06-16 17:00:00,1.9450000000000007
2023-06-16 18:00:00,1.9551000000000007
2023-06-16 19:00:00,1.9698000000000007
2023-06-16 20:00:00,1.9665000000000008
2023-06-16 21:00:00,1.9665000000000008
2023-06-16 23:00:00,1.9665000000000008
2023-06-20 14:30:00,1.894800000000001
2023-06-20 15:00:00,1.8964000000000008
2023-06-20 16:00:00,1.8939000000000008
2023-06-20 17:00:00,1.8922000000000008
2023-06-20 18:00:00,1.8962000000000008
2023-06-20 19:00:00,1.9092000000000007
2023-06-20 20:00:00,1.9107000000000007
2023-06-20 21:00:00,1.895900000000001
2023-06-20 23:00:00,1.895900000000001
2023-06-21 14:30:00,1.9033000000000007
2023-06-21 15:00:00,1.910600000000001
2023-06-21 16:00:00,1.928100000000001
2023-06-21 17:00:00,1.9359000000000006
2023-06-21 18:00:00,1.9215000000000009
2023-06-21 19:00:00,1.9215000000000009
2023-06-21 20:00:00,1.921300000000001
2023-06-21 21:00:00,1.9212000000000007
2023-06-21 23:00:00,1.9212000000000007
2023-06-22 14:30:00,1.8592000000000009
2023-06-22 15:00:00,1.8695000000000008
2023-06-22 16:00:00,1.8615000000000008
2023-06-22 17:00:00,1.8497000000000008
2023-06-22 18:00:00,1.8482000000000007
2023-06-22 19:00:00,1.8608000000000007
2023-06-22 20:00:00,1.864100000000001
2023-06-22 21:00:00,1.8651000000000009
2023-06-22 23:00:00,1.8651000000000009
2023-06-23 14:30:00,1.814200000000001
2023-06-23 15:00:00,1.8162000000000007
2023-06-23 16:00:00,1.8328000000000007
2023-06-23 17:00:00,1.8333000000000008
2023-06-23 18:00:00,1.8348000000000009
2023-06-23 19:00:00,1.835700000000001
2023-06-23 20:00:00,1.836100000000001
2023-06-23 21:00:00,1.8467000000000007
2023-06-23 23:00:00,1.8467000000000007
2023-06-26 14:30:00,1.8528000000000007
2023-06-26 15:00:00,1.8301000000000007
2023-06-26 16:00:00,1.838600000000001
2023-06-26 17:00:00,1.8490000000000006
2023-06-26 18:00:00,1.8442000000000007
2023-06-26 19:00:00,1.8488000000000007
2023-06-26 20:00:00,1.8495000000000008
2023-06-26 21:00:00,1.8551000000000006
2023-06-26 23:00:00,1.8551000000000006
2023-06-27 14:30:00,1.8451000000000009
2023-06-27 15:00:00,1.856300000000001
2023-06-27 16:00:00,1.8255000000000008
2023-06-27 17:00:00,1.817800000000001
2023-06-27 18:00:00,1.8225000000000007
2023-06-27 19:00:00,1.8093000000000008
2023-06-27 20:00:00,1.8034000000000008
2023-06-27 21:00:00,1.8299000000000007
2023-06-27 23:00:00,1.8299000000000007
2023-06-28 14:30:00,1.8118000000000007
2023-06-28 15:00:00,1.837400000000001
2023-06-28 16:00:00,1.861800000000001
2023-06-28 17:00:00,1.870400000000001
2023-06-28 18:00:00,1.8754000000000008
2023-06-28 19:00:00,1.858400000000001
2023-06-28 20:00:00,1.8569000000000009
2023-06-28 21:00:00,1.854800000000001
2023-06-28 23:00:00,1.854800000000001
2023-06-29 14:30:00,1.8684000000000007
2023-06-29 15:00:00,1.871500000000001
2023-06-29 16:00:00,1.871900000000001
2023-06-29 17:00:00,1.8886000000000007
2023-06-29 18:00:00,1.8802000000000008
2023-06-29 19:00:00,1.8739000000000008
2023-06-29 20:00:00,1.874200000000001
2023-06-29 21:00:00,1.874200000000001
2023-06-29 23:00:00,1.874200000000001
2023-06-30 14:30:00,1.8892000000000007
2023-06-30 15:00:00,1.900500000000001
2023-06-30 16:00:00,1.9195000000000007
2023-06-30 17:00:00,1.904700000000001
2023-06-30 18:00:00,1.9215000000000009
2023-06-30 19:00:00,1.9236000000000009
2023-06-30 20:00:00,1.9271000000000007
2023-06-30 21:00:00,1.918800000000001
2023-06-30 23:00:00,1.918800000000001
2023-07-03 14:30:00,1.906200000000001
2023-07-03 15:00:00,1.912900000000001
2023-07-03 16:00:00,1.9139000000000008
2023-07-03 17:00:00,1.8829000000000007
2023-07-03 18:00:00,1.8646000000000007
2023-07-03 19:00:00,1.8669000000000007
2023-07-03 20:00:00,1.866800000000001
2023-07-03 21:00:00,1.8692000000000006
2023-07-03 23:00:00,1.8692000000000006
2023-07-04 14:30:00,1.887700000000001
2023-07-04 15:00:00,1.9069000000000007
2023-07-04 16:00:00,1.905100000000001
2023-07-04 17:00:00,1.905100000000001
2023-07-04 18:00:00,1.9054000000000006
2023-07-04 19:00:00,1.9036000000000008
2023-07-04 23:00:00,1.9036000000000008
2023-07-05 14:30:00,1.9219000000000008
2023-07-05 15:00:00,1.9052000000000007
2023-07-05 16:00:00,1.920100000000001
2023-07-05 17:00:00,1.9036000000000008
2023-07-05 18:00:00,1.9229000000000007
2023-07-05 19:00:00,1.9111000000000007
2023-07-05 20:00:00,1.911900000000001
2023-07-05 20:00:01,1.911900000000001
2023-07-05 21:00:00,1.9097000000000013
2023-07-05 23:00:00,1.9097000000000013
2023-07-06 14:30:00,1.8714000000000013
2023-07-06 15:00:00,1.8785000000000012
2023-07-06 16:00:00,1.8941000000000012
2023-07-06 17:00:00,1.9084000000000012
2023-07-06 18:00:00,1.9153000000000011
2023-07-06 19:00:00,1.9263000000000012
2023-07-06 20:00:00,1.9252000000000011
2023-07-06 21:00:00,1.9244000000000012
2023-07-06 23:00:00,1.9244000000000012
2023-07-07 14:30:00,1.9501000000000013
2023-07-07 15:00:00,1.9591000000000012
2023-07-07 16:00:00,1.9586000000000015
2023-07-07 17:00:00,1.958200000000001
2023-07-07 18:00:00,1.9555000000000011
2023-07-07 19:00:00,1.968100000000001
2023-07-07 20:00:00,1.9666000000000015
2023-07-07 21:00:00,1.966000000000001
2023-07-07 23:00:00,1.966000000000001
2023-07-10 14:30:00,1.9741000000000013
2023-07-10 15:00:00,1.9796000000000014
2023-07-10 16:00:00,1.9776000000000011
2023-07-10 17:00:00,1.9572000000000012
2023-07-10 18:00:00,1.9595000000000011
2023-07-10 19:00:00,1.966400000000001
2023-07-10 20:00:00,1.9673000000000012
2023-07-10 21:00:00,1.9663000000000013
2023-07-10 23:00:00,1.9663000000000013
2023-07-11 14:30:00,1.9829000000000012
2023-07-11 15:00:00,2.005400000000001
2023-07-11 16:00:00,2.0063000000000013
2023-07-11 17:00:00,2.006200000000001
2023-07-11 18:00:00,2.005200000000001
2023-07-11 19:00:00,2.0135000000000014
2023-07-11 20:00:00,2.014200000000001
2023-07-11 21:00:00,2.0103000000000013
2023-07-11 23:00:00,2.0103000000000013
2023-07-12 14:30:00,2.033800000000001
2023-07-12 15:00:00,2.0425000000000013
2023-07-12 16:00:00,2.044500000000001
2023-07-12 17:00:00,2.0406000000000013
2023-07-12 18:00:00,2.049800000000001
2023-07-12 19:00:00,2.0577000000000014
2023-07-12 20:00:00,2.0579000000000014
2023-07-12 21:00:00,2.0554000000000014
2023-07-12 23:00:00,2.0554000000000014
2023-07-13 14:30:00,2.0646000000000013
2023-07-13 15:00:00,2.0703000000000014
2023-07-13 16:00:00,2.0566000000000013
2023-07-13 17:00:00,2.052500000000001
2023-07-13 18:00:00,2.0591000000000013
2023-07-13 19:00:00,2.0789000000000013
2023-07-13 20:00:00,2.0793000000000013
2023-07-13 21:00:00,2.075200000000001
2023-07-13 23:00:00,2.075200000000001
2023-07-14 14:30:00,2.067000000000001
2023-07-14 15:00:00,2.0411000000000015
2023-07-14 16:00:00,2.056500000000001
2023-07-14 17:00:00,2.0440000000000014
2023-07-14 18:00:00,2.0512000000000015
2023-07-14 19:00:00,2.0432000000000015
2023-07-14 20:00:00,2.0412000000000012
2023-07-14 21:00:00,2.0393000000000012
2023-07-14 23:00:00,2.0393000000000012
2023-07-17 14:30:00,2.0261000000000013
2023-07-17 15:00:00,2.038800000000001
2023-07-17 16:00:00,2.021600000000001
2023-07-17 17:00:00,2.021600000000001
2023-07-17 18:00:00,2.0190000000000015
2023-07-17 19:00:00,2.0320000000000014
2023-07-17 20:00:00,2.0322000000000013
2023-07-17 21:00:00,2.034200000000001
2023-07-17 23:00:00,2.034200000000001
2023-07-18 14:30:00,2.068500000000001
2023-07-18 15:00:00,2.0646000000000013
2023-07-18 16:00:00,2.0629000000000013
2023-07-18 17:00:00,2.072100000000001
2023-07-18 18:00:00,2.0783000000000014
2023-07-18 19:00:00,2.0814000000000012
2023-07-18 20:00:00,2.079000000000001
2023-07-18 21:00:00,2.087900000000001
2023-07-18 23:00:00,2.087900000000001
2023-07-19 14:30:00,2.1015000000000015
2023-07-19 15:00:00,2.100700000000001
2023-07-19 16:00:00,2.1080000000000014
2023-07-19 17:00:00,2.1134000000000013
2023-07-19 18:00:00,2.103900000000001
2023-07-19 19:00:00,2.1078000000000015
2023-07-19 20:00:00,2.106600000000001
2023-07-19 21:00:00,2.1105000000000014
2023-07-19 23:00:00,2.1105000000000014
2023-07-20 14:30:00,2.1204000000000014
2023-07-20 15:00:00,2.1160000000000014
2023-07-20 16:00:00,2.107900000000001
2023-07-20 17:00:00,2.120500000000001
2023-07-20 18:00:00,2.1330000000000013
2023-07-20 19:00:00,2.1359000000000012
2023-07-20 20:00:00,2.1380000000000017
2023-07-20 21:00:00,2.136300000000001
2023-07-20 23:00:00,2.136300000000001
2023-07-21 14:30:00,2.1576000000000013
2023-07-21 15:00:00,2.162300000000002
2023-07-21 16:00:00,2.1761000000000017
2023-07-21 17:00:00,2.1797000000000013
2023-07-21 18:00:00,2.1739000000000015
2023-07-21 19:00:00,2.184400000000002
2023-07-21 20:00:00,2.184000000000001
2023-07-21 21:00:00,2.177100000000001
2023-07-21 23:00:00,2.177100000000001
2023-07-24 14:30:00,2.2424000000000017
2023-07-24 15:00:00,2.2497000000000016
2023-07-24 16:00:00,2.264000000000001
2023-07-24 17:00:00,2.279700000000002
2023-07-24 18:00:00,2.262500000000001
2023-07-24 19:00:00,2.2608000000000015
2023-07-24 20:00:00,2.261000000000002
2023-07-24 21:00:00,2.262100000000001
2023-07-24 23:00:00,2.262100000000001
2023-07-25 14:30:00,2.2161000000000017
2023-07-25 15:00:00,2.2203000000000017
2023-07-25 16:00:00,2.229700000000001
2023-07-25 17:00:00,2.2241000000000017
2023-07-25 18:00:00,2.235500000000002
2023-07-25 19:00:00,2.2269000000000014
2023-07-25 20:00:00,2.2296000000000014
2023-07-25 21:00:00,2.2268000000000017
2023-07-25 23:00:00,2.2268000000000017
2023-07-26 14:30:00,2.2456000000000014
2023-07-26 15:00:00,2.255300000000002
2023-07-26 16:00:00,2.2502000000000013
2023-07-26 17:00:00,2.249500000000001
2023-07-26 18:00:00,2.246500000000001
2023-07-26 19:00:00,2.2550000000000017
2023-07-26 20:00:00,2.2561000000000018
2023-07-26 21:00:00,2.2589000000000015
2023-07-26 23:00:00,2.2589000000000015
2023-07-27 14:30:00,2.251800000000001
2023-07-27 15:00:00,2.2680000000000016
2023-07-27 16:00:00,2.2760000000000016
2023-07-27 17:00:00,2.293700000000001
2023-07-27 18:00:00,2.2851000000000017
2023-07-27 19:00:00,2.283800000000001
2023-07-27 20:00:00,2.2841000000000014
2023-07-27 20:00:01,2.2841000000000014
2023-07-27 21:00:00,2.2813000000000017
2023-07-27 23:00:00,2.2813000000000017
2023-07-28 14:30:00,2.2906000000000013
2023-07-28 15:00:00,2.301800000000001
2023-07-28 16:00:00,2.2935000000000016
2023-07-28 17:00:00,2.2802000000000016
2023-07-28 18:00:00,2.3015000000000017
2023-07-28 19:00:00,2.2966000000000015
2023-07-28 20:00:00,2.297200000000001
2023-07-28 21:00:00,2.294100000000001
2023-07-28 23:00:00,2.294100000000001
2023-07-31 14:30:00,2.293700000000001
2023-07-31 15:00:00,2.2978000000000014
2023-07-31 16:00:00,2.3023000000000016
2023-07-31 17:00:00,2.286100000000001
2023-07-31 18:00:00,2.3008000000000015
2023-07-31 19:00:00,2.3207000000000013
2023-07-31 20:00:00,2.3207000000000013
2023-07-31 21:00:00,2.3198000000000016
2023-07-31 23:00:00,2.3198000000000016
2023-08-01 14:30:00,2.305200000000001
2023-08-01 15:00:00,2.3150000000000013
2023-08-01 16:00:00,2.3093000000000012
2023-08-01 17:00:00,2.321200000000001
2023-08-01 18:00:00,2.3134000000000015
2023-08-01 19:00:00,2.3008000000000015
2023-08-01 20:00:00,2.3019000000000016
2023-08-01 21:00:00,2.3351000000000015
2023-08-01 23:00:00,2.3351000000000015
2023-08-02 14:30:00,2.2908000000000017
2023-08-02 15:00:00,2.2449000000000012
2023-08-02 16:00:00,2.2348000000000017
2023-08-02 17:00:00,2.239600000000001
2023-08-02 18:00:00,2.231600000000001
2023-08-02 19:00:00,2.2504000000000017
2023-08-02 20:00:00,2.2467000000000015
2023-08-02 21:00:00,2.2449000000000012
2023-08-02 23:00:00,2.2449000000000012
2023-08-03 14:30:00,2.237300000000001
2023-08-03 15:00:00,2.2338000000000013
2023-08-03 16:00:00,2.2437000000000014
2023-08-03 17:00:00,2.2626000000000017
2023-08-03 18:00:00,2.249100000000001
2023-08-03 19:00:00,2.253800000000002
2023-08-03 20:00:00,2.252600000000001
2023-08-03 21:00:00,2.2596000000000016
2023-08-03 23:00:00,2.2596000000000016
2023-08-04 14:30:00,2.2589000000000015
2023-08-04 15:00:00,2.2532000000000014
2023-08-04 16:00:00,2.2627000000000015
2023-08-04 17:00:00,2.274000000000002
2023-08-04 18:00:00,2.2790000000000017
2023-08-04 19:00:00,2.2627000000000015
2023-08-04 20:00:00,2.2626000000000017
2023-08-04 21:00:00,2.265900000000001
2023-08-04 23:00:00,2.265900000000001
2023-08-07 14:30:00,2.2737000000000016
2023-08-07 15:00:00,2.2615000000000016
2023-08-07 16:00:00,2.272100000000002
2023-08-07 17:00:00,2.2851000000000017
2023-08-07 18:00:00,2.2813000000000017
2023-08-07 19:00:00,2.2826000000000013
2023-08-07 20:00:00,2.282000000000002
2023-08-07 21:00:00,2.2935000000000016
2023-08-07 23:00:00,2.2935000000000016
2023-08-08 14:30:00,2.2388000000000012
2023-08-08 15:00:00,2.261700000000001
2023-08-08 16:00:00,2.2729000000000017
2023-08-08 17:00:00,2.288800000000001
2023-08-08 18:00:00,2.309000000000001
2023-08-08 19:00:00,2.315900000000001
2023-08-08 20:00:00,2.314000000000002
2023-08-08 21:00:00,2.311300000000001
2023-08-08 23:00:00,2.311300000000001
2023-08-09 14:30:00,2.3347000000000016
2023-08-09 15:00:00,2.3516000000000012
2023-08-09 16:00:00,2.3472000000000017
2023-08-09 17:00:00,2.3535000000000013
2023-08-09 18:00:00,2.359700000000001
2023-08-09 19:00:00,2.372600000000001
2023-08-09 20:00:00,2.374200000000001
2023-08-09 21:00:00,2.378400000000001
2023-08-09 23:00:00,2.378400000000001
2023-08-10 14:30:00,2.3626000000000014
2023-08-10 15:00:00,2.342900000000001
2023-08-10 16:00:00,2.340300000000002
2023-08-10 17:00:00,2.329900000000001
2023-08-10 18:00:00,2.337900000000001
2023-08-10 19:00:00,2.3504000000000014
2023-08-10 20:00:00,2.350500000000001
2023-08-10 21:00:00,2.3455000000000013
2023-08-10 23:00:00,2.3455000000000013
2023-08-11 14:30:00,2.3512000000000013
2023-08-11 15:00:00,2.3659000000000017
2023-08-11 16:00:00,2.377200000000001
2023-08-11 17:00:00,2.3813000000000013
2023-08-11 18:00:00,2.388600000000001
2023-08-11 19:00:00,2.364700000000002
2023-08-11 20:00:00,2.3637000000000015
2023-08-11 21:00:00,2.3607000000000014
2023-08-11 23:00:00,2.3607000000000014
2023-08-14 14:30:00,2.333800000000001
2023-08-14 15:00:00,2.339900000000001
2023-08-14 16:00:00,2.3352000000000013
2023-08-14 17:00:00,2.3362000000000016
2023-08-14 18:00:00,2.3420000000000014
2023-08-14 19:00:00,2.334100000000001
2023-08-14 20:00:00,2.338300000000001
2023-08-14 21:00:00,2.334200000000002
2023-08-14 23:00:00,2.334200000000002
2023-08-15 14:30:00,2.3253000000000013
2023-08-15 15:00:00,2.3214000000000015
2023-08-15 16:00:00,2.304000000000001
2023-08-15 17:00:00,2.3034000000000017
2023-08-15 18:00:00,2.2951000000000015
2023-08-15 19:00:00,2.300600000000001
2023-08-15 20:00:00,2.2997000000000014
2023-08-15 21:00:00,2.304000000000001
2023-08-15 23:00:00,2.304000000000001
2023-08-16 14:30:00,2.3111000000000015
2023-08-16 15:00:00,2.3118000000000016
2023-08-16 16:00:00,2.3229000000000015
2023-08-16 17:00:00,2.2931000000000017
2023-08-16 18:00:00,2.310100000000001
2023-08-16 19:00:00,2.2948000000000013
2023-08-16 20:00:00,2.2866000000000017
2023-08-16 21:00:00,2.2906000000000013
2023-08-16 23:00:00,2.2906000000000013
2023-08-17 14:30:00,2.320500000000002
2023-08-17 15:00:00,2.318200000000002
2023-08-17 16:00:00,2.3122000000000016
2023-08-17 17:00:00,2.3141000000000016
2023-08-17 18:00:00,2.294900000000001
2023-08-17 19:00:00,2.2863000000000016
2023-08-17 20:00:00,2.285700000000001
2023-08-17 21:00:00,2.280800000000001
2023-08-17 23:00:00,2.280800000000001
2023-08-18 14:30:00,2.281900000000001
2023-08-18 15:00:00,2.2803000000000013
2023-08-18 16:00:00,2.302500000000001
2023-08-18 17:00:00,2.3020000000000014
2023-08-18 18:00:00,2.3095000000000017
2023-08-18 19:00:00,2.2898000000000014
2023-08-18 20:00:00,2.2894000000000014
2023-08-18 21:00:00,2.287600000000001
2023-08-18 23:00:00,2.287600000000001
2023-08-21 14:30:00,2.2829000000000015
2023-08-21 15:00:00,2.2714000000000016
2023-08-21 16:00:00,2.271600000000001
2023-08-21 17:00:00,2.2607000000000017
2023-08-21 18:00:00,2.2609000000000012
2023-08-21 19:00:00,2.264800000000001
2023-08-21 20:00:00,2.2643000000000013
2023-08-21 21:00:00,2.2651000000000012
2023-08-21 23:00:00,2.2651000000000012
2023-08-22 14:30:00,2.2710000000000017
2023-08-22 15:00:00,2.263600000000001
2023-08-22 16:00:00,2.2699000000000016
2023-08-22 17:00:00,2.2631000000000014
2023-08-22 18:00:00,2.2741000000000016
2023-08-22 19:00:00,2.277700000000001
2023-08-22 20:00:00,2.2769000000000013
2023-08-22 21:00:00,2.2626000000000017
2023-08-22 23:00:00,2.2626000000000017
2023-08-23 14:30:00,2.2262000000000013
2023-08-23 15:00:00,2.2525000000000013
2023-08-23 16:00:00,2.2516000000000016
2023-08-23 17:00:00,2.246500000000001
2023-08-23 18:00:00,2.258300000000001
2023-08-23 19:00:00,2.2547000000000015
2023-08-23 20:00:00,2.2605000000000013
2023-08-23 21:00:00,2.260600000000001
2023-08-23 23:00:00,2.260600000000001
2023-08-24 14:30:00,2.257600000000002
2023-08-24 15:00:00,2.2654000000000014
2023-08-24 16:00:00,2.255300000000001
2023-08-24 17:00:00,2.265200000000001
2023-08-24 18:00:00,2.2653000000000016
2023-08-24 19:00:00,2.2760000000000016
2023-08-24 20:00:00,2.2767000000000017
2023-08-24 21:00:00,2.264800000000001
2023-08-24 23:00:00,2.264800000000001
2023-08-25 14:30:00,2.286200000000002
2023-08-25 15:00:00,2.2936000000000014
2023-08-25 16:00:00,2.2867000000000015
2023-08-25 17:00:00,2.2921000000000014
2023-08-25 18:00:00,2.3038000000000016
2023-08-25 19:00:00,2.3329000000000013
2023-08-25 20:00:00,2.3335000000000017
2023-08-25 21:00:00,2.3169000000000013
2023-08-25 23:00:00,2.3169000000000013
2023-08-28 14:30:00,2.3093000000000012
2023-08-28 15:00:00,2.2947000000000015
2023-08-28 16:00:00,2.268600000000001
2023-08-28 17:00:00,2.267800000000001
2023-08-28 18:00:00,2.2722000000000016
2023-08-28 19:00:00,2.273500000000001
2023-08-28 20:00:00,2.272800000000001
2023-08-28 21:00:00,2.269700000000001
2023-08-28 23:00:00,2.269700000000001
2023-08-29 14:30:00,2.2414000000000014
2023-08-29 15:00:00,2.2657000000000016
2023-08-29 16:00:00,2.2657000000000016
2023-08-29 17:00:00,2.2684000000000015
2023-08-29 18:00:00,2.279600000000001
2023-08-29 19:00:00,2.2730000000000015
2023-08-29 20:00:00,2.275900000000002
2023-08-29 21:00:00,2.2643000000000013
2023-08-29 23:00:00,2.2643000000000013
2023-08-30 14:30:00,2.2818000000000014
2023-08-30 15:00:00,2.2769000000000013
2023-08-30 16:00:00,2.2829000000000015
2023-08-30 17:00:00,2.2864000000000013
2023-08-30 18:00:00,2.2727000000000013
2023-08-30 19:00:00,2.275900000000002
2023-08-30 20:00:00,2.2761000000000013
2023-08-30 21:00:00,2.282700000000001
2023-08-30 23:00:00,2.282700000000001
2023-08-31 14:30:00,2.286100000000001
2023-08-31 15:00:00,2.3004000000000016
2023-08-31 16:00:00,2.2673000000000014
2023-08-31 17:00:00,2.2664000000000017
2023-08-31 18:00:00,2.2845000000000013
2023-08-31 19:00:00,2.2856000000000014
2023-08-31 20:00:00,2.2859000000000016
2023-08-31 20:00:01,2.2859000000000016
2023-08-31 21:00:00,2.283900000000001
2023-08-31 23:00:00,2.283900000000001
2023-09-01 14:30:00,2.3210000000000015
2023-09-01 15:00:00,2.321900000000001
2023-09-01 16:00:00,2.3230000000000013
2023-09-01 17:00:00,2.322700000000001
2023-09-01 18:00:00,2.317000000000001
2023-09-01 19:00:00,2.319600000000001
2023-09-01 20:00:00,2.3240000000000016
2023-09-01 21:00:00,2.334500000000001
2023-09-01 23:00:00,2.334500000000001
2023-09-05 14:30:00,2.3777000000000017
2023-09-05 15:00:00,2.3561000000000014
2023-09-05 16:00:00,2.378000000000001
2023-09-05 17:00:00,2.3564000000000016
2023-09-05 18:00:00,2.344400000000001
2023-09-05 19:00:00,2.332200000000001
2023-09-05 20:00:00,2.3297000000000017
2023-09-05 21:00:00,2.338000000000001
2023-09-05 23:00:00,2.338000000000001
2023-09-06 14:30:00,2.3451000000000013
2023-09-06 15:00:00,2.317800000000001
2023-09-06 16:00:00,2.3359000000000014
2023-09-06 17:00:00,2.3527000000000013
2023-09-06 18:00:00,2.362000000000001
2023-09-06 19:00:00,2.3549000000000015
2023-09-06 20:00:00,2.354700000000001
2023-09-06 21:00:00,2.3678000000000017
2023-09-06 23:00:00,2.3678000000000017
2023-09-07 14:30:00,2.3514000000000017
2023-09-07 15:00:00,2.3659000000000017
2023-09-07 16:00:00,2.3636000000000017
2023-09-07 17:00:00,2.340600000000001
2023-09-07 18:00:00,2.356300000000001
2023-09-07 19:00:00,2.3656000000000015
2023-09-07 20:00:00,2.3670000000000018
2023-09-07 21:00:00,2.364200000000001
2023-09-07 23:00:00,2.364200000000001
2023-09-08 14:30:00,2.3762000000000016
2023-09-08 15:00:00,2.389800000000001
2023-09-08 16:00:00,2.395900000000001
2023-09-08 17:00:00,2.3901000000000012
2023-09-08 18:00:00,2.3964000000000016
2023-09-08 19:00:00,2.388200000000001
2023-09-08 20:00:00,2.3892000000000015
2023-09-08 21:00:00,2.386400000000001
2023-09-08 23:00:00,2.386400000000001
2023-09-11 14:30:00,2.4076000000000013
2023-09-11 15:00:00,2.404600000000001
2023-09-11 16:00:00,2.4101000000000017
2023-09-11 17:00:00,2.417600000000001
2023-09-11 18:00:00,2.417600000000001
2023-09-11 19:00:00,2.4259000000000013
2023-09-11 20:00:00,2.4243000000000015
2023-09-11 21:00:00,2.422600000000001
2023-09-11 23:00:00,2.422600000000001
2023-09-12 14:30:00,2.436700000000001
2023-09-12 15:00:00,2.442400000000001
2023-09-12 16:00:00,2.444300000000001
2023-09-12 17:00:00,2.4510000000000014
2023-09-12 18:00:00,2.445800000000001
2023-09-12 19:00:00,2.444600000000001
2023-09-12 20:00:00,2.4438000000000013
2023-09-12 21:00:00,2.4369000000000014
2023-09-12 23:00:00,2.4369000000000014
2023-09-13 14:30:00,2.442000000000001
2023-09-13 15:00:00,2.450400000000001
2023-09-13 16:00:00,2.4498000000000015
2023-09-13 17:00:00,2.4448000000000016
2023-09-13 18:00:00,2.4391000000000016
2023-09-13 19:00:00,2.4498000000000015
2023-09-13 20:00:00,2.4520000000000017
2023-09-13 21:00:00,2.4518000000000013
2023-09-13 23:00:00,2.4518000000000013
2023-09-14 14:30:00,2.4792000000000014
2023-09-14 15:00:00,2.478600000000001
2023-09-14 16:00:00,2.471400000000001
2023-09-14 17:00:00,2.4769000000000014
2023-09-14 18:00:00,2.472800000000001
2023-09-14 19:00:00,2.468700000000001
2023-09-14 20:00:00,2.4697000000000013
2023-09-14 21:00:00,2.4780000000000015
2023-09-14 23:00:00,2.4780000000000015
2023-09-15 14:30:00,2.441300000000002
2023-09-15 15:00:00,2.4419000000000013
2023-09-15 16:00:00,2.4578000000000015
2023-09-15 17:00:00,2.445500000000002
2023-09-15 18:00:00,2.4433000000000016
2023-09-15 19:00:00,2.4499000000000013
2023-09-15 20:00:00,2.4499000000000013
2023-09-15 21:00:00,2.450700000000001
2023-09-15 23:00:00,2.450700000000001
2023-09-18 14:30:00,2.453500000000002
2023-09-18 15:00:00,2.4545000000000012
2023-09-18 16:00:00,2.453400000000001
2023-09-18 17:00:00,2.441300000000002
2023-09-18 18:00:00,2.4361000000000015
2023-09-18 19:00:00,2.4461000000000013
2023-09-18 20:00:00,2.446200000000001
2023-09-18 21:00:00,2.448800000000001
2023-09-18 23:00:00,2.448800000000001
2023-09-19 14:30:00,2.4498000000000015
2023-09-19 15:00:00,2.4381000000000013
2023-09-19 16:00:00,2.429800000000001
2023-09-19 17:00:00,2.4293000000000013
2023-09-19 18:00:00,2.4196000000000017
2023-09-19 19:00:00,2.4277000000000015
2023-09-19 20:00:00,2.4274000000000013
2023-09-19 21:00:00,2.4257000000000017
2023-09-19 23:00:00,2.4257000000000017
2023-09-20 14:30:00,2.4128000000000016
2023-09-20 15:00:00,2.4246000000000016
2023-09-20 16:00:00,2.4029000000000016
2023-09-20 17:00:00,2.409200000000001
2023-09-20 18:00:00,2.4003000000000014
2023-09-20 19:00:00,2.3922000000000017
2023-09-20 20:00:00,2.3908000000000014
2023-09-20 21:00:00,2.3796000000000017
2023-09-20 23:00:00,2.3796000000000017
2023-09-21 14:30:00,2.407300000000001
2023-09-21 15:00:00,2.3889000000000014
2023-09-21 16:00:00,2.3831000000000016
2023-09-21 17:00:00,2.3820000000000014
2023-09-21 18:00:00,2.3843000000000014
2023-09-21 19:00:00,2.3794000000000013
2023-09-21 20:00:00,2.380300000000001
2023-09-21 21:00:00,2.376800000000001
2023-09-21 23:00:00,2.376800000000001
2023-09-22 14:30:00,2.3942000000000014
2023-09-22 15:00:00,2.3699000000000012
2023-09-22 16:00:00,2.3550000000000013
2023-09-22 17:00:00,2.3446000000000016
2023-09-22 18:00:00,2.334500000000001
2023-09-22 19:00:00,2.3400000000000016
2023-09-22 20:00:00,2.3423000000000016
2023-09-22 21:00:00,2.3411000000000017
2023-09-22 23:00:00,2.3411000000000017
2023-09-25 14:30:00,2.3343000000000016
2023-09-25 15:00:00,2.308600000000001
2023-09-25 16:00:00,2.307800000000001
2023-09-25 17:00:00,2.315500000000001
2023-09-25 18:00:00,2.3191000000000015
2023-09-25 19:00:00,2.3215000000000012
2023-09-25 20:00:00,2.3184000000000013
2023-09-25 21:00:00,2.315500000000001
2023-09-25 23:00:00,2.315500000000001
2023-09-26 14:30:00,2.3065000000000015
2023-09-26 15:00:00,2.3115000000000014
2023-09-26 16:00:00,2.3192000000000013
2023-09-26 17:00:00,2.3375000000000012
2023-09-26 18:00:00,2.3348000000000013
2023-09-26 19:00:00,2.3396000000000017
2023-09-26 20:00:00,2.339100000000001
2023-09-26 20:00:01,2.339100000000001
2023-09-26 21:00:00,2.341400000000001
2023-09-26 23:00:00,2.341400000000001
2023-09-27 14:30:00,2.3809000000000013
2023-09-27 15:00:00,2.3695000000000013
2023-09-27 16:00:00,2.378700000000001
2023-09-27 17:00:00,2.380600000000001
2023-09-27 18:00:00,2.373800000000001
2023-09-27 19:00:00,2.3637000000000015
2023-09-27 20:00:00,2.3633000000000015
2023-09-27 21:00:00,2.360900000000001
2023-09-27 23:00:00,2.360900000000001
2023-09-28 14:30:00,2.344800000000001
2023-09-28 15:00:00,2.335300000000001
2023-09-28 16:00:00,2.324700000000001
2023-09-28 17:00:00,2.3165000000000013
2023-09-28 18:00:00,2.303400000000001
2023-09-28 19:00:00,2.306700000000001
2023-09-28 20:00:00,2.3088000000000015
2023-09-28 21:00:00,2.3057000000000007
2023-09-28 23:00:00,2.3057000000000007
2023-09-29 14:30:00,2.2651000000000012
2023-09-29 15:00:00,2.247700000000001
2023-09-29 16:00:00,2.250000000000001
2023-09-29 17:00:00,2.259400000000001
2023-09-29 18:00:00,2.241600000000001
2023-09-29 19:00:00,2.2388000000000012
2023-09-29 20:00:00,2.2376000000000014
2023-09-29 21:00:00,2.2368000000000015
2023-09-29 23:00:00,2.2368000000000015
2023-10-02 14:30:00,2.2478000000000016
2023-10-02 15:00:00,2.237400000000001
2023-10-02 16:00:00,2.2372000000000014
2023-10-02 17:00:00,2.246200000000001
2023-10-02 18:00:00,2.234700000000001
2023-10-02 19:00:00,2.2345000000000015
2023-10-02 20:00:00,2.233200000000001
2023-10-02 21:00:00,2.235900000000001
2023-10-02 23:00:00,2.235900000000001
2023-10-03 14:30:00,2.2254000000000014
2023-10-03 15:00:00,2.208400000000001
2023-10-03 16:00:00,2.2083000000000013
2023-10-03 17:00:00,2.2097000000000016
2023-10-03 18:00:00,2.209500000000001
2023-10-03 19:00:00,2.2055000000000016
2023-10-03 20:00:00,2.203500000000001
2023-10-03 21:00:00,2.1934000000000013
2023-10-03 23:00:00,2.1934000000000013
2023-10-04 14:30:00,2.152700000000001
2023-10-04 15:00:00,2.107500000000001
2023-10-04 16:00:00,2.099400000000001
2023-10-04 17:00:00,2.087400000000001
2023-10-04 18:00:00,2.062900000000001
2023-10-04 19:00:00,2.070700000000001
2023-10-04 20:00:00,2.071300000000001
2023-10-04 21:00:00,2.0698000000000008
2023-10-04 23:00:00,2.0698000000000008
2023-10-05 14:30:00,2.065300000000001
2023-10-05 15:00:00,2.070900000000001
2023-10-05 16:00:00,2.044700000000001
2023-10-05 17:00:00,2.055800000000001
2023-10-05 18:00:00,2.064500000000001
2023-10-05 19:00:00,2.050100000000001
2023-10-05 20:00:00,2.0519000000000007
2023-10-05 21:00:00,2.059600000000001
2023-10-05 23:00:00,2.059600000000001
2023-10-06 14:30:00,2.063200000000001
2023-10-06 15:00:00,2.060400000000001
2023-10-06 16:00:00,2.071300000000001
2023-10-06 17:00:00,2.062400000000001
2023-10-06 18:00:00,2.0616000000000008
2023-10-06 19:00:00,2.064900000000001
2023-10-06 20:00:00,2.065000000000001
2023-10-06 21:00:00,2.061700000000001
2023-10-06 23:00:00,2.061700000000001
2023-10-09 14:30:00,2.108700000000001
2023-10-09 15:00:00,2.117800000000001
2023-10-09 16:00:00,2.120900000000001
2023-10-09 17:00:00,2.111200000000001
2023-10-09 18:00:00,2.102300000000001
2023-10-09 19:00:00,2.118700000000001
2023-10-09 20:00:00,2.120900000000001
2023-10-09 21:00:00,2.121700000000001
2023-10-09 23:00:00,2.121700000000001
2023-10-10 14:30:00,2.109000000000001
2023-10-10 15:00:00,2.115300000000001
2023-10-10 16:00:00,2.121800000000001
2023-10-10 17:00:00,2.129200000000001
2023-10-10 18:00:00,2.1285000000000007
2023-10-10 19:00:00,2.131900000000001
2023-10-10 20:00:00,2.131400000000001
2023-10-10 21:00:00,2.136800000000001
2023-10-10 23:00:00,2.136800000000001
2023-10-11 14:30:00,2.118900000000001
2023-10-11 15:00:00,2.097600000000001
2023-10-11 16:00:00,2.093100000000001
2023-10-11 17:00:00,2.105400000000001
2023-10-11 18:00:00,2.101300000000001
2023-10-11 19:00:00,2.108900000000001
2023-10-11 20:00:00,2.111100000000001
2023-10-11 21:00:00,2.092600000000001
2023-10-11 23:00:00,2.092600000000001
2023-10-12 14:30:00,2.0965000000000007
2023-10-12 15:00:00,2.101000000000001
2023-10-12 16:00:00,2.067800000000001
2023-10-12 17:00:00,2.060400000000001
2023-10-12 18:00:00,2.058700000000001
2023-10-12 19:00:00,2.071100000000001
2023-10-12 20:00:00,2.0717000000000008
2023-10-12 21:00:00,2.076900000000001
2023-10-12 23:00:00,2.076900000000001
2023-10-13 14:30:00,2.130000000000001
2023-10-13 15:00:00,2.137900000000001
2023-10-13 16:00:00,2.1435000000000013
2023-10-13 17:00:00,2.152800000000001
2023-10-13 18:00:00,2.157800000000001
2023-10-13 19:00:00,2.159200000000001
2023-10-13 20:00:00,2.1552000000000016
2023-10-13 21:00:00,2.1618000000000013
2023-10-13 23:00:00,2.1618000000000013
2023-10-16 14:30:00,2.1622000000000012
2023-10-16 15:00:00,2.165300000000001
2023-10-16 16:00:00,2.160100000000001
2023-10-16 17:00:00,2.172600000000001
2023-10-16 18:00:00,2.1675000000000013
2023-10-16 19:00:00,2.1686000000000014
2023-10-16 20:00:00,2.1689000000000007
2023-10-16 21:00:00,2.177500000000001
2023-10-16 23:00:00,2.177500000000001
2023-10-17 14:30:00,2.173400000000001
2023-10-17 15:00:00,2.177500000000001
2023-10-17 16:00:00,2.1674000000000015
2023-10-17 17:00:00,2.163500000000001
2023-10-17 18:00:00,2.1713000000000013
2023-10-17 19:00:00,2.1824000000000012
2023-10-17 20:00:00,2.186700000000001
2023-10-17 21:00:00,2.197300000000001
2023-10-17 23:00:00,2.197300000000001
2023-10-18 14:30:00,2.210000000000001
2023-10-18 15:00:00,2.223700000000001
2023-10-18 16:00:00,2.225600000000001
2023-10-18 17:00:00,2.2337000000000016
2023-10-18 18:00:00,2.2342000000000013
2023-10-18 19:00:00,2.239600000000001
2023-10-18 20:00:00,2.238200000000001
2023-10-18 21:00:00,2.2383000000000015
2023-10-18 23:00:00,2.2383000000000015
2023-10-19 14:30:00,2.2284000000000015
2023-10-19 15:00:00,2.239300000000001
2023-10-19 16:00:00,2.2403000000000013
2023-10-19 17:00:00,2.2478000000000016
2023-10-19 18:00:00,2.248900000000001
2023-10-19 19:00:00,2.250700000000001
2023-10-19 20:00:00,2.261000000000001
2023-10-19 21:00:00,2.255700000000001
2023-10-19 23:00:00,2.255700000000001
2023-10-19 23:00:01,2.255700000000001
2023-10-20 14:30:00,2.2665000000000006
2023-10-20 15:00:00,2.266800000000001
2023-10-20 16:00:00,2.264500000000001
2023-10-20 17:00:00,2.2582000000000013
2023-10-20 18:00:00,2.256000000000001
2023-10-20 19:00:00,2.2521000000000013
2023-10-20 20:00:00,2.252700000000001
2023-10-20 21:00:00,2.2517000000000014
2023-10-20 23:00:00,2.2517000000000014
2023-10-23 14:30:00,2.239200000000001
2023-10-23 15:00:00,2.246100000000001
2023-10-23 16:00:00,2.2280000000000006
2023-10-23 17:00:00,2.2131000000000007
2023-10-23 18:00:00,2.212200000000001
2023-10-23 19:00:00,2.2140000000000013
2023-10-23 20:00:00,2.2140000000000013
2023-10-23 21:00:00,2.215300000000001
2023-10-23 23:00:00,2.215300000000001
2023-10-24 14:30:00,2.187400000000001
2023-10-24 15:00:00,2.1644000000000005
2023-10-24 16:00:00,2.1506000000000007
2023-10-24 17:00:00,2.1598000000000006
2023-10-24 18:00:00,2.165000000000001
2023-10-24 19:00:00,2.1614000000000013
2023-10-24 20:00:00,2.161600000000001
2023-10-24 21:00:00,2.170600000000001
2023-10-24 23:00:00,2.170600000000001
2023-10-25 14:30:00,2.1838000000000006
2023-10-25 15:00:00,2.1534000000000013
2023-10-25 16:00:00,2.1716000000000006
2023-10-25 17:00:00,2.1624000000000008
2023-10-25 18:00:00,2.1736000000000013
2023-10-25 19:00:00,2.187900000000001
2023-10-25 20:00:00,2.1881000000000013
2023-10-25 21:00:00,2.1793000000000013
2023-10-25 23:00:00,2.1793000000000013
2023-10-26 14:30:00,2.1641000000000012
2023-10-26 15:00:00,2.175300000000001
2023-10-26 16:00:00,2.1686000000000014
2023-10-26 17:00:00,2.158100000000001
2023-10-26 18:00:00,2.1534000000000013
2023-10-26 19:00:00,2.156200000000001
2023-10-26 20:00:00,2.1563000000000008
2023-10-26 21:00:00,2.1583000000000006
2023-10-26 23:00:00,2.1583000000000006
2023-10-27 14:30:00,2.1602000000000006
2023-10-27 15:00:00,2.1698000000000013
2023-10-27 16:00:00,2.181300000000001
2023-10-27 17:00:00,2.1907000000000005
2023-10-27 18:00:00,2.204900000000001
2023-10-27 19:00:00,2.1967000000000008
2023-10-27 20:00:00,2.1987000000000005
2023-10-27 21:00:00,2.2056000000000013
2023-10-27 23:00:00,2.2056000000000013
2023-10-30 13:30:00,2.1965000000000012
2023-10-30 14:00:00,2.1544000000000008
2023-10-30 15:00:00,2.143700000000001
2023-10-30 16:00:00,2.1492000000000013
2023-10-30 17:00:00,2.155400000000001
2023-10-30 18:00:00,2.1430000000000007
2023-10-30 19:00:00,2.144400000000001
2023-10-30 20:00:00,2.1438000000000006
2023-10-30 23:00:00,2.142500000000001
2023-10-31 13:30:00,2.1427000000000014
2023-10-31 14:00:00,2.1605000000000008
2023-10-31 15:00:00,2.1591000000000014
2023-10-31 16:00:00,2.1426000000000007
2023-10-31 17:00:00,2.128600000000001
2023-10-31 18:00:00,2.1302000000000008
2023-10-31 19:00:00,2.133600000000001
2023-10-31 20:00:00,2.1362000000000005
2023-10-31 23:00:00,2.138700000000001
2023-11-01 13:30:00,2.183600000000001
2023-11-01 14:00:00,2.173400000000001
2023-11-01 15:00:00,2.155400000000001
2023-11-01 16:00:00,2.1426000000000007
2023-11-01 17:00:00,2.125200000000001
2023-11-01 18:00:00,2.108200000000001
2023-11-01 19:00:00,2.1140000000000008
2023-11-01 20:00:00,2.1123000000000007
2023-11-01 23:00:00,2.109600000000001
2023-11-02 13:30:00,2.134300000000001
2023-11-02 14:00:00,2.140900000000001
2023-11-02 15:00:00,2.154300000000001
2023-11-02 16:00:00,2.1525000000000007
2023-11-02 17:00:00,2.162300000000001
2023-11-02 18:00:00,2.162000000000001
2023-11-02 19:00:00,2.159600000000001
2023-11-02 20:00:00,2.1624000000000008
2023-11-02 23:00:00,2.1591000000000014
2023-11-03 13:30:00,2.143200000000001
2023-11-03 14:00:00,2.1119000000000008
2023-11-03 15:00:00,2.133000000000001
2023-11-03 16:00:00,2.1196000000000006
2023-11-03 17:00:00,2.115700000000001
2023-11-03 18:00:00,2.1190000000000007
2023-11-03 19:00:00,2.1175000000000006
2023-11-03 20:00:00,2.1150000000000007
2023-11-03 23:00:00,2.1150000000000007
2023-11-06 14:30:00,2.157400000000001
2023-11-06 15:00:00,2.1502000000000008
2023-11-06 16:00:00,2.1579000000000006
2023-11-06 17:00:00,2.165700000000001
2023-11-06 18:00:00,2.156900000000001
2023-11-06 19:00:00,2.1542000000000012
2023-11-06 20:00:00,2.1534000000000013
2023-11-06 21:00:00,2.147400000000001
2023-11-06 23:00:00,2.147400000000001
2023-11-07 14:30:00,2.0818000000000008
2023-11-07 15:00:00,2.0839000000000008
2023-11-07 16:00:00,2.0809000000000006
2023-11-07 17:00:00,2.074500000000001
2023-11-07 18:00:00,2.0757000000000008
2023-11-07 19:00:00,2.0717000000000008
2023-11-07 20:00:00,2.071500000000001
2023-11-07 21:00:00,2.0698000000000008
2023-11-07 23:00:00,2.0698000000000008
2023-11-08 14:30:00,2.0695000000000006
2023-11-08 15:00:00,2.0390000000000006
2023-11-08 16:00:00,2.0378000000000007
2023-11-08 17:00:00,2.0287000000000006
2023-11-08 18:00:00,2.036000000000001
2023-11-08 19:00:00,2.034300000000001
2023-11-08 20:00:00,2.035600000000001
2023-11-08 21:00:00,2.0401000000000007
2023-11-08 23:00:00,2.0401000000000007
2023-11-09 14:30:00,2.058300000000001
2023-11-09 15:00:00,2.080000000000001
2023-11-09 16:00:00,2.0594000000000006
2023-11-09 17:00:00,2.0578000000000007
2023-11-09 18:00:00,2.0613000000000006
2023-11-09 19:00:00,2.0468000000000006
2023-11-09 20:00:00,2.048400000000001
2023-11-09 21:00:00,2.0538000000000007
2023-11-09 23:00:00,2.0538000000000007
2023-11-10 14:30:00,2.0879000000000008
2023-11-10 15:00:00,2.086500000000001
2023-11-10 16:00:00,2.0862000000000007
2023-11-10 17:00:00,2.095300000000001
2023-11-10 18:00:00,2.0919000000000008
2023-11-10 19:00:00,2.0826000000000007
2023-11-10 20:00:00,2.0824000000000007
2023-11-10 21:00:00,2.0820000000000007
2023-11-10 23:00:00,2.0820000000000007
2023-11-13 14:30:00,2.0982000000000007
2023-11-13 15:00:00,2.1024000000000007
2023-11-13 16:00:00,2.1220000000000008
2023-11-13 17:00:00,2.1253000000000006
2023-11-13 18:00:00,2.124800000000001
2023-11-13 19:00:00,2.129200000000001
2023-11-13 20:00:00,2.129800000000001
2023-11-13 21:00:00,2.1278000000000006
2023-11-13 23:00:00,2.1278000000000006
2023-11-14 14:30:00,2.1560000000000006
2023-11-14 15:00:00,2.152700000000001
2023-11-14 16:00:00,2.1457000000000006
2023-11-14 17:00:00,2.1259000000000006
2023-11-14 18:00:00,2.1217000000000006
2023-11-14 19:00:00,2.114700000000001
2023-11-14 20:00:00,2.1152000000000006
2023-11-14 21:00:00,2.116200000000001
2023-11-14 23:00:00,2.116200000000001
2023-11-15 14:30:00,2.0843000000000007
2023-11-15 15:00:00,2.0992000000000006
2023-11-15 16:00:00,2.0982000000000007
2023-11-15 17:00:00,2.1036000000000006
2023-11-15 18:00:00,2.0940000000000007
2023-11-15 19:00:00,2.0950000000000006
2023-11-15 20:00:00,2.0921000000000007
2023-11-15 21:00:00,2.0958000000000006
2023-11-15 23:00:00,2.0958000000000006
2023-11-16 14:30:00,2.0281000000000007
2023-11-16 15:00:00,2.0220000000000007
2023-11-16 16:00:00,2.008400000000001
2023-11-16 17:00:00,1.9901000000000009
2023-11-16 18:00:00,1.9960000000000009
2023-11-16 19:00:00,1.993300000000001
2023-11-16 20:00:00,1.993700000000001
2023-11-16 21:00:00,1.9960000000000009
2023-11-16 23:00:00,1.9960000000000009
2023-11-17 14:30:00,2.025000000000001
2023-11-17 15:00:00,2.049900000000001
2023-11-17 16:00:00,2.054900000000001
2023-11-17 17:00:00,2.068000000000001
2023-11-17 18:00:00,2.0731000000000006
2023-11-17 19:00:00,2.0712000000000006
2023-11-17 20:00:00,2.0698000000000008
2023-11-17 21:00:00,2.068200000000001
2023-11-17 23:00:00,2.068200000000001
2023-11-20 14:30:00,2.126700000000001
2023-11-20 15:00:00,2.1348000000000007
2023-11-20 16:00:00,2.1393000000000013
2023-11-20 17:00:00,2.1274000000000006
2023-11-20 18:00:00,2.1228000000000007
2023-11-20 19:00:00,2.115700000000001
2023-11-20 20:00:00,2.1142000000000007
2023-11-20 20:00:01,2.1142000000000007
2023-11-20 21:00:00,2.1125000000000007
2023-11-20 23:00:00,2.1125000000000007
2023-11-21 14:30:00,2.097600000000001
2023-11-21 15:00:00,2.1039000000000008
2023-11-21 16:00:00,2.113800000000001
2023-11-21 17:00:00,2.113200000000001
2023-11-21 18:00:00,2.122500000000001
2023-11-21 19:00:00,2.1262000000000008
2023-11-21 20:00:00,2.126900000000001
2023-11-21 21:00:00,2.1262000000000008
2023-11-21 23:00:00,2.1262000000000008
2023-11-22 14:30:00,2.039100000000001
2023-11-22 15:00:00,2.0365000000000006
2023-11-22 16:00:00,2.046100000000001
2023-11-22 17:00:00,2.077900000000001
2023-11-22 18:00:00,2.1003000000000007
2023-11-22 19:00:00,2.105700000000001
2023-11-22 20:00:00,2.1062000000000007
2023-11-22 21:00:00,2.1060000000000008
2023-11-22 23:00:00,2.1060000000000008
2023-11-24 14:30:00,2.111500000000001
2023-11-24 15:00:00,2.120400000000001
2023-11-24 16:00:00,2.0929000000000006
2023-11-24 17:00:00,2.075600000000001
2023-11-24 18:00:00,2.0546000000000006
2023-11-24 23:00:00,2.0546000000000006
2023-11-27 14:30:00,2.0738000000000008
2023-11-27 15:00:00,2.069400000000001
2023-11-27 16:00:00,2.073200000000001
2023-11-27 17:00:00,2.058100000000001
2023-11-27 18:00:00,2.0700000000000007
2023-11-27 19:00:00,2.067400000000001
2023-11-27 20:00:00,2.0677000000000008
2023-11-27 21:00:00,2.0736000000000008
2023-11-27 23:00:00,2.0736000000000008
2023-11-28 14:30:00,2.0748000000000006
2023-11-28 15:00:00,2.1144000000000007
2023-11-28 16:00:00,2.1148000000000007
2023-11-28 17:00:00,2.1165000000000007
2023-11-28 18:00:00,2.106700000000001
2023-11-28 19:00:00,2.110300000000001
2023-11-28 20:00:00,2.108800000000001
2023-11-28 21:00:00,2.113000000000001
2023-11-28 23:00:00,2.113000000000001
2023-11-29 14:30:00,2.102300000000001
2023-11-29 15:00:00,2.097900000000001
2023-11-29 16:00:00,2.120800000000001
2023-11-29 17:00:00,2.134100000000001
2023-11-29 18:00:00,2.1401000000000012
2023-11-29 19:00:00,2.154700000000001
2023-11-29 20:00:00,2.155400000000001
2023-11-29 21:00:00,2.149400000000001
2023-11-29 23:00:00,2.149400000000001
2023-11-30 14:30:00,2.161200000000001
2023-11-30 15:00:00,2.112000000000001
2023-11-30 16:00:00,2.079600000000001
2023-11-30 17:00:00,2.102900000000001
2023-11-30 18:00:00,2.0925000000000007
2023-11-30 19:00:00,2.0853000000000006
2023-11-30 20:00:00,2.069000000000001
2023-11-30 21:00:00,2.0773000000000006
2023-11-30 23:00:00,2.0773000000000006
2023-12-01 14:30:00,2.101000000000001
2023-12-01 15:00:00,2.098500000000001
2023-12-01 16:00:00,2.100000000000001
2023-12-01 17:00:00,2.105400000000001
2023-12-01 18:00:00,2.051100000000001
2023-12-01 19:00:00,2.0481000000000007
2023-12-01 20:00:00,2.047300000000001
2023-12-01 21:00:00,2.0460000000000007
2023-12-01 23:00:00,2.0460000000000007
2023-12-04 14:30:00,2.0281000000000007
2023-12-04 15:00:00,2.0494000000000008
2023-12-04 16:00:00,2.0506000000000006
2023-12-04 17:00:00,2.057400000000001
2023-12-04 18:00:00,2.0380000000000007
2023-12-04 19:00:00,2.0565000000000007
2023-12-04 20:00:00,2.0559000000000007
2023-12-04 21:00:00,2.0563000000000007
2023-12-04 23:00:00,2.0563000000000007
2023-12-05 14:30:00,2.0677000000000008
2023-12-05 15:00:00,2.052800000000001
2023-12-05 16:00:00,2.0523000000000007
2023-12-05 17:00:00,2.0346000000000006
2023-12-05 18:00:00,2.0285000000000006
2023-12-05 19:00:00,2.029500000000001
2023-12-05 20:00:00,2.029700000000001
2023-12-05 21:00:00,2.0226000000000006
2023-12-05 23:00:00,2.0226000000000006
2023-12-06 14:30:00,1.9738000000000007
2023-12-06 15:00:00,1.964500000000001
2023-12-06 16:00:00,1.945300000000001
2023-12-06 17:00:00,1.951600000000001
2023-12-06 18:00:00,1.9523000000000006
2023-12-06 19:00:00,1.9496000000000007
2023-12-06 20:00:00,1.9511000000000007
2023-12-06 21:00:00,1.949500000000001
2023-12-06 23:00:00,1.949500000000001
2023-12-07 14:30:00,1.953100000000001
2023-12-07 15:00:00,1.9446000000000008
2023-12-07 16:00:00,1.9336000000000007
2023-12-07 17:00:00,1.9321000000000006
2023-12-07 18:00:00,1.935200000000001
2023-12-07 19:00:00,1.9320000000000008
2023-12-07 20:00:00,1.930400000000001
2023-12-07 21:00:00,1.9301000000000008
2023-12-07 23:00:00,1.9301000000000008
2023-12-08 14:30:00,1.9650000000000007
2023-12-08 15:00:00,1.972700000000001
2023-12-08 16:00:00,1.973300000000001
2023-12-08 17:00:00,1.9671000000000007
2023-12-08 18:00:00,1.971200000000001
2023-12-08 19:00:00,1.976900000000001
2023-12-08 20:00:00,1.979400000000001
2023-12-08 21:00:00,1.981100000000001
2023-12-08 23:00:00,1.981100000000001
2023-12-11 14:30:00,1.977500000000001
2023-12-11 15:00:00,1.9722000000000008
2023-12-11 16:00:00,1.973300000000001
2023-12-11 17:00:00,1.9711000000000007
2023-12-11 18:00:00,1.978600000000001
2023-12-11 19:00:00,1.973700000000001
2023-12-11 20:00:00,1.973500000000001
2023-12-11 21:00:00,1.975400000000001
2023-12-11 23:00:00,1.975400000000001
2023-12-12 14:30:00,1.924300000000001
2023-12-12 15:00:00,1.9155000000000006
2023-12-12 16:00:00,1.908700000000001
2023-12-12 17:00:00,1.907200000000001
2023-12-12 18:00:00,1.905100000000001
2023-12-12 19:00:00,1.9145000000000008
2023-12-12 20:00:00,1.915000000000001
2023-12-12 21:00:00,1.9199000000000006
2023-12-12 23:00:00,1.9199000000000006
2023-12-13 14:30:00,1.9242000000000008
2023-12-13 15:00:00,1.9456000000000007
2023-12-13 16:00:00,1.9542000000000006
2023-12-13 17:00:00,1.945100000000001
2023-12-13 18:00:00,1.947000000000001
2023-12-13 19:00:00,1.9540000000000006
2023-12-13 20:00:00,1.9558000000000009
2023-12-13 21:00:00,1.970800000000001
2023-12-13 23:00:00,1.970800000000001
2023-12-14 14:30:00,2.029000000000001
2023-12-14 15:00:00,2.027800000000001
2023-12-14 16:00:00,2.028000000000001
2023-12-14 17:00:00,2.042700000000001
2023-12-14 18:00:00,2.049200000000001
2023-12-14 19:00:00,2.040800000000001
2023-12-14 20:00:00,2.0405000000000006
2023-12-14 21:00:00,2.0428000000000006
2023-12-14 23:00:00,2.0428000000000006
2023-12-15 14:30:00,2.037100000000001
2023-12-15 15:00:00,2.040000000000001
2023-12-15 16:00:00,2.053500000000001
2023-12-15 17:00:00,2.074900000000001
2023-12-15 18:00:00,2.0658000000000007
2023-12-15 19:00:00,2.0555000000000008
2023-12-15 20:00:00,2.0519000000000007
2023-12-15 21:00:00,2.0578000000000007
2023-12-15 23:00:00,2.0578000000000007
2023-12-18 14:30:00,2.1325000000000007
2023-12-18 15:00:00,2.110500000000001
2023-12-18 16:00:00,2.103800000000001
2023-12-18 17:00:00,2.105400000000001
2023-12-18 18:00:00,2.085000000000001
2023-12-18 19:00:00,2.089200000000001
2023-12-18 20:00:00,2.0891000000000006
2023-12-18 21:00:00,2.0904000000000007
2023-12-18 23:00:00,2.0904000000000007
2023-12-19 14:30:00,2.098100000000001
2023-12-19 15:00:00,2.1108000000000007
2023-12-19 16:00:00,2.1144000000000007
2023-12-19 17:00:00,2.1228000000000007
2023-12-19 18:00:00,2.118300000000001
2023-12-19 19:00:00,2.121700000000001
2023-12-19 20:00:00,2.1207000000000007
2023-12-19 21:00:00,2.1171000000000006
2023-12-19 23:00:00,2.1171000000000006
2023-12-20 14:30:00,2.1308000000000007
2023-12-20 15:00:00,2.1142000000000007
2023-12-20 16:00:00,2.115500000000001
2023-12-20 17:00:00,2.100800000000001
2023-12-20 18:00:00,2.106500000000001
2023-12-20 19:00:00,2.106500000000001
2023-12-20 20:00:00,2.105400000000001
2023-12-20 20:00:01,2.105400000000001
2023-12-20 20:00:02,2.105400000000001
2023-12-20 21:00:00,2.1020000000000008
2023-12-20 23:00:00,2.1020000000000008
2023-12-21 14:30:00,2.0824000000000007
2023-12-21 15:00:00,2.083500000000001
2023-12-21 16:00:00,2.080800000000001
2023-12-21 17:00:00,2.073100000000001
2023-12-21 18:00:00,2.073900000000001
2023-12-21 19:00:00,2.0847000000000007
2023-12-21 20:00:00,2.085200000000001
2023-12-21 21:00:00,2.093200000000001
2023-12-21 23:00:00,2.093200000000001
2023-12-22 14:30:00,2.111700000000001
2023-12-22 15:00:00,2.0782000000000007
2023-12-22 16:00:00,2.0765000000000007
2023-12-22 17:00:00,2.079800000000001
2023-12-22 18:00:00,2.0761000000000007
2023-12-22 19:00:00,2.067100000000001
2023-12-22 20:00:00,2.0637000000000008
2023-12-22 21:00:00,2.040800000000001
2023-12-22 23:00:00,2.040800000000001
2023-12-26 14:30:00,2.102100000000001
2023-12-26 15:00:00,2.103300000000001
2023-12-26 16:00:00,2.109900000000001
2023-12-26 17:00:00,2.106900000000001
2023-12-26 18:00:00,2.110500000000001
2023-12-26 19:00:00,2.0982000000000007
2023-12-26 20:00:00,2.0929000000000006
2023-12-26 21:00:00,2.093600000000001
2023-12-26 23:00:00,2.093600000000001
2023-12-27 14:30:00,2.103500000000001
2023-12-27 15:00:00,2.1119000000000008
2023-12-27 16:00:00,2.099500000000001
2023-12-27 17:00:00,2.0919000000000008
2023-12-27 18:00:00,2.085300000000001
2023-12-27 19:00:00,2.0803000000000007
2023-12-27 20:00:00,2.080900000000001
2023-12-27 21:00:00,2.070700000000001
2023-12-27 23:00:00,2.070700000000001
2023-12-28 14:30:00,2.0616000000000008
2023-12-28 15:00:00,2.051300000000001
2023-12-28 16:00:00,2.056700000000001
2023-12-28 17:00:00,2.0542000000000007
2023-12-28 18:00:00,2.038900000000001
2023-12-28 19:00:00,2.0273000000000008
2023-12-28 20:00:00,2.027100000000001
2023-12-28 21:00:00,2.0275000000000007
2023-12-28 23:00:00,2.0275000000000007
2023-12-29 14:30:00,2.047300000000001
2023-12-29 15:00:00,2.033000000000001
2023-12-29 16:00:00,2.040600000000001
2023-12-29 17:00:00,2.047200000000001
2023-12-29 18:00:00,2.045200000000001
2023-12-29 19:00:00,2.0214000000000008
2023-12-29 20:00:00,2.024400000000001
2023-12-29 21:00:00,2.030600000000001
2023-12-29 23:00:00,2.030600000000001
2024-01-02 14:30:00,2.027200000000001
2024-01-02 15:00:00,2.032900000000001
2024-01-02 16:00:00,2.020900000000001
2024-01-02 17:00:00,2.037200000000001
2024-01-02 18:00:00,2.006800000000001
2024-01-02 19:00:00,2.019200000000001
2024-01-02 20:00:00,2.021900000000001
2024-01-02 21:00:00,2.015100000000001
2024-01-02 23:00:00,2.015100000000001
2024-01-03 14:30:00,2.058900000000001
2024-01-03 15:00:00,2.082100000000001
2024-01-03 16:00:00,2.069700000000001
2024-01-03 17:00:00,2.073900000000001
2024-01-03 18:00:00,2.076800000000001
2024-01-03 19:00:00,2.075600000000001
2024-01-03 20:00:00,2.080900000000001
2024-01-03 21:00:00,2.0723000000000007
2024-01-03 23:00:00,2.0723000000000007
2024-01-04 14:30:00,2.064000000000001
2024-01-04 15:00:00,2.0462000000000007
2024-01-04 16:00:00,2.019000000000001
2024-01-04 17:00:00,2.0357000000000007
2024-01-04 18:00:00,2.042600000000001
2024-01-04 19:00:00,2.0361000000000007
2024-01-04 20:00:00,2.037000000000001
2024-01-04 21:00:00,2.038800000000001
2024-01-04 23:00:00,2.038800000000001
2024-01-05 14:30:00,2.059300000000001
2024-01-05 15:00:00,2.049900000000001
2024-01-05 16:00:00,2.054800000000001
2024-01-05 17:00:00,2.0454000000000008
2024-01-05 18:00:00,2.050100000000001
2024-01-05 19:00:00,2.0376000000000007
2024-01-05 20:00:00,2.039400000000001
2024-01-05 21:00:00,2.040600000000001
2024-01-05 23:00:00,2.040600000000001
2024-01-08 14:30:00,1.959400000000001
2024-01-08 15:00:00,1.980500000000001
2024-01-08 16:00:00,1.9678000000000009
2024-01-08 17:00:00,1.971400000000001
2024-01-08 18:00:00,1.968500000000001
2024-01-08 19:00:00,1.981100000000001
2024-01-08 20:00:00,1.9818000000000007
2024-01-08 21:00:00,1.983200000000001
2024-01-08 23:00:00,1.983200000000001
2024-01-09 14:30:00,2.004300000000001
2024-01-09 15:00:00,2.006300000000001
2024-01-09 16:00:00,2.0237000000000007
2024-01-09 17:00:00,2.022500000000001
2024-01-09 18:00:00,2.0237000000000007
2024-01-09 19:00:00,2.013300000000001
2024-01-09 20:00:00,2.0121000000000007
2024-01-09 21:00:00,2.014800000000001
2024-01-09 23:00:00,2.014800000000001
2024-01-10 14:30:00,2.049300000000001
2024-01-10 15:00:00,2.018700000000001
2024-01-10 16:00:00,2.016600000000001
2024-01-10 17:00:00,1.994400000000001
2024-01-10 18:00:00,2.0039000000000007
2024-01-10 19:00:00,2.0033000000000007
2024-01-10 20:00:00,2.002600000000001
2024-01-10 21:00:00,2.007200000000001
2024-01-10 23:00:00,2.007200000000001
2024-01-11 14:30:00,2.0580000000000007
2024-01-11 15:00:00,2.065000000000001
2024-01-11 16:00:00,2.057200000000001
2024-01-11 17:00:00,2.041300000000001
2024-01-11 18:00:00,2.037000000000001
2024-01-11 19:00:00,2.0460000000000007
2024-01-11 20:00:00,2.0460000000000007
2024-01-11 21:00:00,2.065100000000001
2024-01-11 23:00:00,2.065100000000001
2024-01-12 14:30:00,2.0967000000000007
2024-01-12 15:00:00,2.0736000000000008
2024-01-12 16:00:00,2.0618000000000007
2024-01-12 17:00:00,2.056700000000001
2024-01-12 18:00:00,2.066800000000001
2024-01-12 19:00:00,2.0546000000000006
2024-01-12 20:00:00,2.058100000000001
2024-01-12 21:00:00,2.056900000000001
2024-01-12 23:00:00,2.056900000000001
2024-01-16 14:30:00,2.071400000000001
2024-01-16 15:00:00,2.068200000000001
2024-01-16 16:00:00,2.0717000000000008
2024-01-16 17:00:00,2.059300000000001
2024-01-16 18:00:00,2.047400000000001
2024-01-16 19:00:00,2.0620000000000007
2024-01-16 20:00:00,2.060800000000001
2024-01-16 20:00:01,2.060800000000001
2024-01-16 21:00:00,2.055300000000001
2024-01-16 23:00:00,2.055300000000001
2024-01-17 14:30:00,2.0350000000000006
2024-01-17 15:00:00,2.0459000000000005
2024-01-17 16:00:00,2.0424000000000007
2024-01-17 17:00:00,2.042900000000001
2024-01-17 18:00:00,2.063100000000001
2024-01-17 19:00:00,2.0737000000000005
2024-01-17 20:00:00,2.0742000000000007
2024-01-17 21:00:00,2.0726000000000004
2024-01-17 23:00:00,2.0726000000000004
2024-01-18 14:30:00,2.070900000000001
2024-01-18 15:00:00,2.0806000000000004
2024-01-18 16:00:00,2.0977000000000006
2024-01-18 17:00:00,2.1041000000000007
2024-01-18 18:00:00,2.1082000000000005
2024-01-18 19:00:00,2.1088000000000005
2024-01-18 20:00:00,2.107500000000001
2024-01-18 21:00:00,2.1087000000000007
2024-01-18 23:00:00,2.1087000000000007
2024-01-19 14:30:00,2.1257000000000006
2024-01-19 15:00:00,2.1083000000000007
2024-01-19 16:00:00,2.0983000000000005
2024-01-19 17:00:00,2.0933000000000006
2024-01-19 18:00:00,2.0943000000000005
2024-01-19 19:00:00,2.1022000000000007
2024-01-19 20:00:00,2.1044000000000005
2024-01-19 21:00:00,2.1025000000000005
2024-01-19 23:00:00,2.1025000000000005
2024-01-22 14:30:00,2.1328000000000005
2024-01-22 15:00:00,2.1419000000000006
2024-01-22 16:00:00,2.1453000000000007
2024-01-22 17:00:00,2.1595000000000013
2024-01-22 18:00:00,2.1605000000000008
2024-01-22 19:00:00,2.1636000000000006
2024-01-22 20:00:00,2.1637000000000013
2024-01-22 21:00:00,2.160300000000001
2024-01-22 23:00:00,2.160300000000001
2024-01-23 14:30:00,2.147100000000001
2024-01-23 15:00:00,2.142400000000001
2024-01-23 16:00:00,2.142900000000001
2024-01-23 17:00:00,2.1365000000000007
2024-01-23 18:00:00,2.1362000000000005
2024-01-23 19:00:00,2.1400000000000006
2024-01-23 20:00:00,2.139400000000001
2024-01-23 21:00:00,2.1344000000000007
2024-01-23 23:00:00,2.1344000000000007
2024-01-24 14:30:00,2.1420000000000012
2024-01-24 15:00:00,2.1500000000000012
2024-01-24 16:00:00,2.1754000000000007
2024-01-24 17:00:00,2.1640000000000006
2024-01-24 18:00:00,2.1506000000000007
2024-01-24 19:00:00,2.152000000000001
2024-01-24 20:00:00,2.159200000000001
2024-01-24 21:00:00,2.1587000000000005
2024-01-24 23:00:00,2.1587000000000005
2024-01-25 14:30:00,2.1843000000000012
2024-01-25 15:00:00,2.1739000000000006
2024-01-25 16:00:00,2.179100000000001
2024-01-25 17:00:00,2.1873000000000005
2024-01-25 18:00:00,2.195500000000001
2024-01-25 19:00:00,2.2082000000000006
2024-01-25 20:00:00,2.2101000000000006
2024-01-25 21:00:00,2.204300000000001
2024-01-25 23:00:00,2.204300000000001
2024-01-26 14:30:00,2.204300000000001
2024-01-26 15:00:00,2.206100000000001
2024-01-26 16:00:00,2.1853000000000007
2024-01-26 17:00:00,2.1967000000000008
2024-01-26 18:00:00,2.239700000000001
2024-01-26 19:00:00,2.2440000000000007
2024-01-26 20:00:00,2.239600000000001
2024-01-26 21:00:00,2.2494000000000005
2024-01-26 23:00:00,2.2494000000000005
2024-01-29 14:30:00,2.211900000000001
2024-01-29 15:00:00,2.211800000000001
2024-01-29 16:00:00,2.2078000000000007
2024-01-29 17:00:00,2.2064000000000012
2024-01-29 18:00:00,2.2040000000000006
2024-01-29 19:00:00,2.2026000000000012
2024-01-29 20:00:00,2.2037000000000004
2024-01-29 21:00:00,2.2060000000000013
2024-01-29 23:00:00,2.2060000000000013
2024-01-30 14:30:00,2.190200000000001
2024-01-30 15:00:00,2.2086000000000006
2024-01-30 16:00:00,2.2159000000000013
2024-01-30 17:00:00,2.217200000000001
2024-01-30 18:00:00,2.211900000000001
2024-01-30 19:00:00,2.216800000000001
2024-01-30 20:00:00,2.2169000000000008
2024-01-30 21:00:00,2.216000000000001
2024-01-30 23:00:00,2.216000000000001
2024-01-31 14:30:00,2.192100000000001
2024-01-31 15:00:00,2.1957000000000004
2024-01-31 16:00:00,2.172200000000001
2024-01-31 17:00:00,2.176000000000001
2024-01-31 18:00:00,2.1704000000000008
2024-01-31 19:00:00,2.171500000000001
2024-01-31 20:00:00,2.159300000000001
2024-01-31 21:00:00,2.1655000000000006
2024-01-31 23:00:00,2.1655000000000006
2024-02-01 14:30:00,2.166900000000001
2024-02-01 15:00:00,2.158800000000001
2024-02-01 16:00:00,2.173000000000001
2024-02-01 17:00:00,2.105800000000001
2024-02-01 18:00:00,2.1362000000000005
2024-02-01 19:00:00,2.1299000000000006
2024-02-01 20:00:00,2.1290000000000004
2024-02-01 21:00:00,2.1245000000000007
2024-02-01 23:00:00,2.1245000000000007
2024-02-02 14:30:00,2.0741000000000005
2024-02-02 15:00:00,2.0821000000000005
2024-02-02 16:00:00,2.0780000000000007
2024-02-02 17:00:00,2.097200000000001
2024-02-02 18:00:00,2.093400000000001
2024-02-02 19:00:00,2.0779000000000005
2024-02-02 20:00:00,2.0765000000000007
2024-02-02 21:00:00,2.079300000000001
2024-02-02 23:00:00,2.079300000000001
2024-02-05 14:30:00,2.085200000000001
2024-02-05 15:00:00,2.089000000000001
2024-02-05 16:00:00,2.0978000000000008
2024-02-05 17:00:00,2.1225000000000005
2024-02-05 18:00:00,2.1257000000000006
2024-02-05 19:00:00,2.1292000000000004
2024-02-05 20:00:00,2.1303000000000005
2024-02-05 21:00:00,2.131300000000001
2024-02-05 23:00:00,2.131300000000001
2024-02-06 14:30:00,2.1477000000000013
2024-02-06 15:00:00,2.1377000000000006
2024-02-06 16:00:00,2.1468000000000007
2024-02-06 17:00:00,2.144800000000001
2024-02-06 18:00:00,2.1404000000000005
2024-02-06 19:00:00,2.151200000000001
2024-02-06 20:00:00,2.153100000000001
2024-02-06 21:00:00,2.1476000000000006
2024-02-06 23:00:00,2.1476000000000006
2024-02-07 14:30:00,2.155800000000001
2024-02-07 15:00:00,2.1778000000000013
2024-02-07 16:00:00,2.1751000000000005
2024-02-07 17:00:00,2.1777000000000006
2024-02-07 18:00:00,2.180500000000001
2024-02-07 19:00:00,2.1830000000000007
2024-02-07 20:00:00,2.1849000000000007
2024-02-07 21:00:00,2.1872000000000007
2024-02-07 23:00:00,2.1872000000000007
2024-02-08 14:30:00,2.238100000000001
2024-02-08 15:00:00,2.2281000000000013
2024-02-08 16:00:00,2.2352000000000007
2024-02-08 17:00:00,2.238600000000001
2024-02-08 18:00:00,2.238500000000001
2024-02-08 19:00:00,2.2516000000000007
2024-02-08 20:00:00,2.251900000000001
2024-02-08 21:00:00,2.249600000000001
2024-02-08 23:00:00,2.249600000000001
2024-02-09 14:30:00,2.2707000000000006
2024-02-09 15:00:00,2.2531000000000008
2024-02-09 16:00:00,2.2666000000000013
2024-02-09 17:00:00,2.264000000000001
2024-02-09 18:00:00,2.2623000000000006
2024-02-09 19:00:00,2.2615000000000007
2024-02-09 20:00:00,2.261700000000001
2024-02-09 21:00:00,2.262900000000001
2024-02-09 23:00:00,2.262900000000001
2024-02-12 14:30:00,2.283800000000001
2024-02-12 15:00:00,2.271700000000001
2024-02-12 16:00:00,2.269100000000001
2024-02-12 17:00:00,2.2661000000000007
2024-02-12 18:00:00,2.2723000000000004
2024-02-12 19:00:00,2.2872000000000012
2024-02-12 20:00:00,2.286100000000001
2024-02-12 21:00:00,2.2836000000000007
2024-02-12 23:00:00,2.2836000000000007
2024-02-13 14:30:00,2.2967000000000013
2024-02-13 15:00:00,2.3027000000000006
2024-02-13 16:00:00,2.314800000000001
2024-02-13 17:00:00,2.3184000000000005
2024-02-13 18:00:00,2.3179000000000007
2024-02-13 19:00:00,2.307500000000001
2024-02-13 20:00:00,2.306800000000001
2024-02-13 21:00:00,2.318200000000001
2024-02-13 23:00:00,2.318200000000001
2024-02-14 14:30:00,2.3146000000000004
2024-02-14 15:00:00,2.3005000000000004
2024-02-14 16:00:00,2.2742000000000004
2024-02-14 17:00:00,2.2547000000000006
2024-02-14 18:00:00,2.2650000000000006
2024-02-14 19:00:00,2.2441000000000004
2024-02-14 20:00:00,2.2445000000000013
2024-02-14 21:00:00,2.2425000000000006
2024-02-14 23:00:00,2.2425000000000006
2024-02-15 14:30:00,2.2531000000000008
2024-02-15 15:00:00,2.2711000000000006
2024-02-15 16:00:00,2.2795000000000005
2024-02-15 17:00:00,2.2616000000000005
2024-02-15 18:00:00,2.261400000000001
2024-02-15 19:00:00,2.2615000000000007
2024-02-15 20:00:00,2.260300000000001
2024-02-15 21:00:00,2.2558000000000007
2024-02-15 23:00:00,2.2558000000000007
2024-02-16 14:30:00,2.233500000000001
2024-02-16 15:00:00,2.2528000000000006
2024-02-16 16:00:00,2.255600000000001
2024-02-16 17:00:00,2.254900000000001
2024-02-16 18:00:00,2.2600000000000007
2024-02-16 19:00:00,2.2688000000000006
2024-02-16 20:00:00,2.269700000000001
2024-02-16 21:00:00,2.263300000000001
2024-02-16 23:00:00,2.263300000000001
2024-02-20 14:30:00,2.228600000000001
2024-02-20 15:00:00,2.213800000000001
2024-02-20 16:00:00,2.2246000000000006
2024-02-20 17:00:00,2.228200000000001
2024-02-20 18:00:00,2.2173000000000007
2024-02-20 19:00:00,2.2185000000000006
2024-02-20 20:00:00,2.220300000000001
2024-02-20 21:00:00,2.2192000000000007
2024-02-20 23:00:00,2.2192000000000007
2024-02-21 14:30:00,2.2253000000000007
2024-02-21 15:00:00,2.227000000000001
2024-02-21 16:00:00,2.226800000000001
2024-02-21 17:00:00,2.2262000000000013
2024-02-21 18:00:00,2.227000000000001
2024-02-21 19:00:00,2.225100000000001
2024-02-21 20:00:00,2.220600000000001
2024-02-21 20:00:01,2.220600000000001
2024-02-21 21:00:00,2.2273000000000014
2024-02-21 23:00:00,2.2273000000000014
2024-02-22 14:30:00,2.2186000000000012
2024-02-22 15:00:00,2.2239000000000013
2024-02-22 16:00:00,2.2384000000000013
2024-02-22 17:00:00,2.2421000000000006
2024-02-22 18:00:00,2.248500000000001
2024-02-22 19:00:00,2.256400000000001
2024-02-22 20:00:00,2.256100000000001
2024-02-22 21:00:00,2.252300000000001
2024-02-22 23:00:00,2.252300000000001
2024-02-23 14:30:00,2.2193000000000014
2024-02-23 15:00:00,2.2243000000000013
2024-02-23 16:00:00,2.216400000000001
2024-02-23 17:00:00,2.202400000000001
2024-02-23 18:00:00,2.210700000000001
2024-02-23 19:00:00,2.207200000000001
2024-02-23 20:00:00,2.2067000000000005
2024-02-23 21:00:00,2.2041000000000013
2024-02-23 23:00:00,2.2041000000000013
2024-02-26 14:30:00,2.237400000000001
2024-02-26 15:00:00,2.241500000000001
2024-02-26 16:00:00,2.2410000000000005
2024-02-26 17:00:00,2.2639000000000014
2024-02-26 18:00:00,2.2627000000000006
2024-02-26 19:00:00,2.2554000000000007
2024-02-26 20:00:00,2.2497000000000007
2024-02-26 21:00:00,2.257200000000001
2024-02-26 23:00:00,2.257200000000001
2024-02-27 14:30:00,2.285100000000001
2024-02-27 15:00:00,2.274300000000001
2024-02-27 16:00:00,2.2742000000000013
2024-02-27 17:00:00,2.266800000000001
2024-02-27 18:00:00,2.2730000000000006
2024-02-27 19:00:00,2.282800000000001
2024-02-27 20:00:00,2.281500000000001
2024-02-27 21:00:00,2.2803000000000013
2024-02-27 23:00:00,2.2803000000000013
2024-02-28 14:30:00,2.2844000000000007
2024-02-28 15:00:00,2.2700000000000014
2024-02-28 16:00:00,2.246900000000001
2024-02-28 17:00:00,2.250400000000001
2024-02-28 18:00:00,2.235500000000001
2024-02-28 19:00:00,2.242400000000001
2024-02-28 20:00:00,2.243000000000001
2024-02-28 21:00:00,2.2357000000000014
2024-02-28 23:00:00,2.2357000000000014
2024-02-29 14:30:00,2.2520000000000007
2024-02-29 15:00:00,2.260300000000001
2024-02-29 16:00:00,2.283900000000001
2024-02-29 17:00:00,2.2703000000000007
2024-02-29 18:00:00,2.2752000000000008
2024-02-29 19:00:00,2.265500000000001
2024-02-29 20:00:00,2.265500000000001
2024-02-29 21:00:00,2.270500000000001
2024-02-29 23:00:00,2.270500000000001
2024-03-01 14:30:00,2.307100000000001
2024-03-01 15:00:00,2.3188000000000013
2024-03-01 16:00:00,2.3253000000000013
2024-03-01 17:00:00,2.312400000000001
2024-03-01 18:00:00,2.3096000000000014
2024-03-01 19:00:00,2.3088000000000006
2024-03-01 20:00:00,2.307900000000001
2024-03-01 21:00:00,2.303400000000001
2024-03-01 23:00:00,2.303400000000001
2024-03-04 14:30:00,2.2997000000000014
2024-03-04 15:00:00,2.2883000000000013
2024-03-04 16:00:00,2.2868000000000013
2024-03-04 17:00:00,2.277000000000001
2024-03-04 18:00:00,2.275400000000001
2024-03-04 19:00:00,2.281200000000001
2024-03-04 20:00:00,2.2807000000000013
2024-03-04 21:00:00,2.2798000000000007
2024-03-04 23:00:00,2.2798000000000007
2024-03-05 14:30:00,2.2536000000000014
2024-03-05 15:00:00,2.258800000000001
2024-03-05 16:00:00,2.235100000000001
2024-03-05 17:00:00,2.231200000000001
2024-03-05 18:00:00,2.2208000000000006
2024-03-05 19:00:00,2.2266000000000012
2024-03-05 20:00:00,2.227500000000001
2024-03-05 21:00:00,2.2295000000000007
2024-03-05 23:00:00,2.2295000000000007
2024-03-06 14:30:00,2.248900000000001
2024-03-06 15:00:00,2.274700000000001
2024-03-06 16:00:00,2.264900000000001
2024-03-06 17:00:00,2.271700000000001
2024-03-06 18:00:00,2.260200000000001
2024-03-06 19:00:00,2.244200000000001
2024-03-06 20:00:00,2.2437000000000014
2024-03-06 21:00:00,2.2459000000000007
2024-03-06 23:00:00,2.2459000000000007
2024-03-07 14:30:00,2.2341000000000006
2024-03-07 15:00:00,2.2459000000000007
2024-03-07 16:00:00,2.259100000000001
2024-03-07 17:00:00,2.277100000000001
2024-03-07 18:00:00,2.267900000000001
2024-03-07 19:00:00,2.2520000000000007
2024-03-07 20:00:00,2.2517000000000014
2024-03-07 21:00:00,2.259400000000001
2024-03-07 23:00:00,2.259400000000001
2024-03-08 14:30:00,2.239700000000001
2024-03-08 15:00:00,2.242700000000001
2024-03-08 16:00:00,2.2327000000000012
2024-03-08 17:00:00,2.240000000000001
2024-03-08 18:00:00,2.2288000000000006
2024-03-08 19:00:00,2.2334000000000014
2024-03-08 20:00:00,2.2322000000000006
2024-03-08 21:00:00,2.2262000000000013
2024-03-08 23:00:00,2.2262000000000013
2024-03-11 13:30:00,2.234000000000001
2024-03-11 14:00:00,2.2368000000000006
2024-03-11 15:00:00,2.2666000000000013
2024-03-11 16:00:00,2.269300000000001
2024-03-11 17:00:00,2.2704000000000013
2024-03-11 18:00:00,2.283900000000001
2024-03-11 19:00:00,2.275500000000001
2024-03-11 20:00:00,2.2764000000000006
2024-03-11 23:00:00,2.2761000000000013
2024-03-12 13:30:00,2.280100000000001
2024-03-12 14:00:00,2.292300000000001
2024-03-12 15:00:00,2.2878000000000007
2024-03-12 16:00:00,2.287600000000001
2024-03-12 17:00:00,2.2821000000000007
2024-03-12 18:00:00,2.280000000000001
2024-03-12 19:00:00,2.284600000000001
2024-03-12 20:00:00,2.2928000000000006
2024-03-12 23:00:00,2.2928000000000006
2024-03-13 13:30:00,2.336900000000001
2024-03-13 14:00:00,2.341000000000001
2024-03-13 15:00:00,2.341500000000001
2024-03-13 16:00:00,2.348700000000001
2024-03-13 17:00:00,2.3538000000000006
2024-03-13 18:00:00,2.3535000000000013
2024-03-13 19:00:00,2.352500000000001
2024-03-13 20:00:00,2.3522000000000007
2024-03-13 23:00:00,2.345600000000001
2024-03-14 13:30:00,2.3717000000000006
2024-03-14 14:00:00,2.3762000000000008
2024-03-14 15:00:00,2.3709000000000007
2024-03-14 16:00:00,2.377600000000001
2024-03-14 17:00:00,2.3771000000000013
2024-03-14 18:00:00,2.385200000000001
2024-03-14 19:00:00,2.383300000000001
2024-03-14 20:00:00,2.3835000000000006
2024-03-14 23:00:00,2.381500000000001
2024-03-15 13:30:00,2.371600000000001
2024-03-15 14:00:00,2.389100000000001
2024-03-15 15:00:00,2.3935000000000013
2024-03-15 16:00:00,2.3977000000000013
2024-03-15 17:00:00,2.399700000000001
2024-03-15 18:00:00,2.396200000000001
2024-03-15 19:00:00,2.395200000000001
2024-03-15 20:00:00,2.395900000000001
2024-03-15 23:00:00,2.3908000000000014
2024-03-18 13:30:00,2.431000000000001
2024-03-18 14:00:00,2.4319000000000006
2024-03-18 15:00:00,2.4392000000000014
2024-03-18 16:00:00,2.439300000000001
2024-03-18 17:00:00,2.4429000000000007
2024-03-18 18:00:00,2.438200000000001
2024-03-18 19:00:00,2.434100000000001
2024-03-18 20:00:00,2.4343000000000012
2024-03-18 23:00:00,2.429000000000001
2024-03-19 13:30:00,2.444600000000001
2024-03-19 14:00:00,2.4414000000000007
2024-03-19 15:00:00,2.439700000000001
2024-03-19 16:00:00,2.445000000000001
2024-03-19 17:00:00,2.449700000000001
2024-03-19 18:00:00,2.4465000000000012
2024-03-19 19:00:00,2.4480000000000013
2024-03-19 20:00:00,2.447700000000001
2024-03-19 23:00:00,2.4342000000000006
2024-03-20 13:30:00,2.4091000000000014
2024-03-20 14:00:00,2.4114000000000013
2024-03-20 15:00:00,2.413500000000001
2024-03-20 16:00:00,2.408200000000001
2024-03-20 17:00:00,2.4133000000000013
2024-03-20 18:00:00,2.416800000000001
2024-03-20 19:00:00,2.419200000000001
2024-03-20 20:00:00,2.419200000000001
2024-03-20 23:00:00,2.4182000000000006
2024-03-21 13:30:00,2.4068000000000014
2024-03-21 14:00:00,2.388000000000001
2024-03-21 15:00:00,2.398200000000001
2024-03-21 16:00:00,2.398500000000001
2024-03-21 17:00:00,2.4083000000000006
2024-03-21 18:00:00,2.405900000000001
2024-03-21 19:00:00,2.4080000000000013
2024-03-21 20:00:00,2.4080000000000013
2024-03-21 23:00:00,2.4025000000000007
2024-03-22 13:30:00,2.4152000000000013
2024-03-22 14:00:00,2.412300000000001
2024-03-22 15:00:00,2.4129000000000014
2024-03-22 16:00:00,2.405000000000001
2024-03-22 17:00:00,2.411100000000001
2024-03-22 18:00:00,2.4113000000000007
2024-03-22 19:00:00,2.4105000000000008
2024-03-22 20:00:00,2.4091000000000014
2024-03-22 23:00:00,2.410100000000001
2024-03-25 13:30:00,2.4292000000000007
2024-03-25 14:00:00,2.435600000000001
2024-03-25 15:00:00,2.429900000000001
2024-03-25 16:00:00,2.424900000000001
2024-03-25 17:00:00,2.4185000000000008
2024-03-25 18:00:00,2.4324000000000012
2024-03-25 19:00:00,2.428700000000001
2024-03-25 20:00:00,2.427100000000001
2024-03-25 20:00:01,2.427100000000001
2024-03-25 23:00:00,2.425700000000001
2024-03-26 13:30:00,2.4152000000000005
2024-03-26 14:00:00,2.4003000000000005
2024-03-26 15:00:00,2.405100000000001
2024-03-26 16:00:00,2.4079000000000006
2024-03-26 17:00:00,2.401700000000001
2024-03-26 18:00:00,2.390500000000001
2024-03-26 19:00:00,2.3888000000000007
2024-03-26 20:00:00,2.387500000000001
2024-03-26 23:00:00,2.387200000000001
2024-03-27 13:30:00,2.382600000000001
2024-03-27 14:00:00,2.3743000000000007
2024-03-27 15:00:00,2.3823000000000008
2024-03-27 16:00:00,2.3789000000000007
2024-03-27 17:00:00,2.389100000000001
2024-03-27 18:00:00,2.3870000000000005
2024-03-27 19:00:00,2.390500000000001
2024-03-27 20:00:00,2.3904000000000005
2024-03-27 23:00:00,2.391400000000001
2024-03-28 13:30:00,2.3983000000000008
2024-03-28 14:00:00,2.4227000000000007
2024-03-28 15:00:00,2.4124000000000008
2024-03-28 16:00:00,2.4201000000000006
2024-03-28 17:00:00,2.4263000000000012
2024-03-28 18:00:00,2.425600000000001
2024-03-28 19:00:00,2.4239000000000006
2024-03-28 20:00:00,2.423700000000001
2024-03-28 23:00:00,2.425300000000001
2024-04-01 14:30:00,2.4063000000000008
2024-04-01 15:00:00,2.422900000000001
2024-04-01 16:00:00,2.4258000000000006
2024-04-01 17:00:00,2.4288000000000007
2024-04-01 18:00:00,2.4213000000000005
2024-04-01 19:00:00,2.423700000000001
2024-04-01 20:00:00,2.423300000000001
2024-04-01 21:00:00,2.429800000000001
2024-04-01 23:00:00,2.429800000000001
2024-04-02 14:30:00,2.433200000000001
2024-04-02 15:00:00,2.444700000000001
2024-04-02 16:00:00,2.442500000000001
2024-04-02 17:00:00,2.4410000000000007
2024-04-02 18:00:00,2.453500000000001
2024-04-02 19:00:00,2.469800000000001
2024-04-02 20:00:00,2.472500000000001
2024-04-02 21:00:00,2.4776000000000007
2024-04-02 23:00:00,2.4776000000000007
2024-04-03 14:30:00,2.4807000000000006
2024-04-03 15:00:00,2.489200000000001
2024-04-03 16:00:00,2.4865000000000004
2024-04-03 17:00:00,2.485900000000001
2024-04-03 18:00:00,2.487400000000001
2024-04-03 19:00:00,2.4795000000000007
2024-04-03 20:00:00,2.4799000000000007
2024-04-03 21:00:00,2.4811000000000005
2024-04-03 23:00:00,2.4811000000000005
2024-04-04 14:30:00,2.4708000000000006
2024-04-04 15:00:00,2.4667000000000012
2024-04-04 16:00:00,2.4658000000000007
2024-04-04 17:00:00,2.470700000000001
2024-04-04 18:00:00,2.496200000000001
2024-04-04 19:00:00,2.512600000000001
2024-04-04 20:00:00,2.508800000000001
2024-04-04 21:00:00,2.515600000000001
2024-04-04 23:00:00,2.515600000000001
2024-04-05 14:30:00,2.5036000000000005
2024-04-05 15:00:00,2.5180000000000007
2024-04-05 16:00:00,2.526300000000001
2024-04-05 17:00:00,2.526600000000001
2024-04-05 18:00:00,2.530000000000001
2024-04-05 19:00:00,2.500800000000001
2024-04-05 20:00:00,2.502600000000001
2024-04-05 21:00:00,2.4937000000000005
2024-04-05 23:00:00,2.4937000000000005
2024-04-08 14:30:00,2.4899000000000004
2024-04-08 15:00:00,2.478900000000001
2024-04-08 16:00:00,2.4593000000000007
2024-04-08 17:00:00,2.469500000000001
2024-04-08 18:00:00,2.4712000000000005
2024-04-08 19:00:00,2.482800000000001
2024-04-08 20:00:00,2.4822000000000006
2024-04-08 21:00:00,2.478300000000001
2024-04-08 23:00:00,2.478300000000001
2024-04-09 14:30:00,2.486300000000001
2024-04-09 15:00:00,2.474100000000001
2024-04-09 16:00:00,2.474800000000001
2024-04-09 17:00:00,2.4647000000000006
2024-04-09 18:00:00,2.467100000000001
2024-04-09 19:00:00,2.4742000000000006
2024-04-09 20:00:00,2.4762000000000004
2024-04-09 21:00:00,2.471800000000001
2024-04-09 23:00:00,2.471800000000001
2024-04-10 14:30:00,2.4701000000000004
2024-04-10 15:00:00,2.466100000000001
2024-04-10 16:00:00,2.483100000000001
2024-04-10 17:00:00,2.482000000000001
2024-04-10 18:00:00,2.503300000000001
2024-04-10 19:00:00,2.4986000000000006
2024-04-10 20:00:00,2.501900000000001
2024-04-10 21:00:00,2.5012000000000008
2024-04-10 23:00:00,2.5012000000000008
2024-04-11 14:30:00,2.4884000000000004
2024-04-11 15:00:00,2.4814000000000007
2024-04-11 16:00:00,2.4887000000000006
2024-04-11 17:00:00,2.483600000000001
2024-04-11 18:00:00,2.486700000000001
2024-04-11 19:00:00,2.495300000000001
2024-04-11 20:00:00,2.4960000000000004
2024-04-11 21:00:00,2.5013000000000005
2024-04-11 23:00:00,2.5013000000000005
2024-04-12 14:30:00,2.546500000000001
2024-04-12 15:00:00,2.548300000000001
2024-04-12 16:00:00,2.538000000000001
2024-04-12 17:00:00,2.5275000000000007
2024-04-12 18:00:00,2.527100000000001
2024-04-12 19:00:00,2.5097000000000005
2024-04-12 20:00:00,2.507500000000001
2024-04-12 21:00:00,2.508800000000001
2024-04-12 23:00:00,2.508800000000001
2024-04-15 14:30:00,2.4849000000000006
2024-04-15 15:00:00,2.4846000000000004
2024-04-15 16:00:00,2.480600000000001
2024-04-15 17:00:00,2.479800000000001
2024-04-15 18:00:00,2.4940000000000007
2024-04-15 19:00:00,2.5062000000000006
2024-04-15 20:00:00,2.5085000000000006
2024-04-15 21:00:00,2.506500000000001
2024-04-15 23:00:00,2.506500000000001
2024-04-16 14:30:00,2.504200000000001
2024-04-16 15:00:00,2.513700000000001
2024-04-16 16:00:00,2.5115000000000007
2024-04-16 17:00:00,2.5170000000000012
2024-04-16 18:00:00,2.516700000000001
2024-04-16 19:00:00,2.5214000000000008
2024-04-16 20:00:00,2.520500000000001
2024-04-16 21:00:00,2.520600000000001
2024-04-16 23:00:00,2.520600000000001
2024-04-17 14:30:00,2.495300000000001
2024-04-17 15:00:00,2.487300000000001
2024-04-17 16:00:00,2.451900000000001
2024-04-17 17:00:00,2.4441000000000006
2024-04-17 18:00:00,2.4369000000000005
2024-04-17 19:00:00,2.4385000000000012
2024-04-17 20:00:00,2.4381000000000004
2024-04-17 21:00:00,2.4396000000000004
2024-04-17 23:00:00,2.4396000000000004
2024-04-18 14:30:00,2.427200000000001
2024-04-18 15:00:00,2.414900000000001
2024-04-18 16:00:00,2.425600000000001
2024-04-18 17:00:00,2.4406000000000008
2024-04-18 18:00:00,2.4258000000000006
2024-04-18 19:00:00,2.4228000000000005
2024-04-18 20:00:00,2.4217000000000004
2024-04-18 21:00:00,2.4110000000000005
2024-04-18 23:00:00,2.4110000000000005
2024-04-19 14:30:00,2.4155000000000006
2024-04-19 15:00:00,2.435900000000001
2024-04-19 16:00:00,2.422600000000001
2024-04-19 17:00:00,2.4323000000000006
2024-04-19 18:00:00,2.426800000000001
2024-04-19 19:00:00,2.425700000000001
2024-04-19 20:00:00,2.425200000000001
2024-04-19 21:00:00,2.421100000000001
2024-04-19 23:00:00,2.421100000000001
2024-04-22 14:30:00,2.3958000000000004
2024-04-22 15:00:00,2.4019000000000004
2024-04-22 16:00:00,2.407400000000001
2024-04-22 17:00:00,2.407700000000001
2024-04-22 18:00:00,2.405800000000001
2024-04-22 19:00:00,2.409300000000001
2024-04-22 20:00:00,2.4095000000000004
2024-04-22 21:00:00,2.4113000000000007
2024-04-22 23:00:00,2.4113000000000007
2024-04-23 14:30:00,2.397900000000001
2024-04-23 15:00:00,2.414900000000001
2024-04-23 16:00:00,2.431000000000001
2024-04-23 17:00:00,2.4361000000000006
2024-04-23 18:00:00,2.444000000000001
2024-04-23 19:00:00,2.441200000000001
2024-04-23 20:00:00,2.4422000000000006
2024-04-23 20:00:01,2.4422000000000006
2024-04-23 21:00:00,2.4450000000000003
2024-04-23 23:00:00,2.4450000000000003
2024-04-24 14:30:00,2.4369000000000005
2024-04-24 15:00:00,2.4323000000000006
2024-04-24 16:00:00,2.4410000000000007
2024-04-24 17:00:00,2.439400000000001
2024-04-24 18:00:00,2.4384000000000006
2024-04-24 19:00:00,2.4477
2024-04-24 20:00:00,2.4477
2024-04-24 21:00:00,2.4480000000000004
2024-04-24 23:00:00,2.4480000000000004
2024-04-25 14:30:00,2.4400000000000004
2024-04-25 15:00:00,2.430200000000001
2024-04-25 16:00:00,2.4377000000000004
2024-04-25 17:00:00,2.4372000000000007
2024-04-25 18:00:00,2.4509000000000007
2024-04-25 19:00:00,2.4735000000000005
2024-04-25 20:00:00,2.4730000000000008
2024-04-25 21:00:00,2.4774000000000003
2024-04-25 23:00:00,2.4774000000000003
2024-04-26 14:30:00,2.4800000000000004
2024-04-26 15:00:00,2.4678000000000004
2024-04-26 16:00:00,2.4831000000000003
2024-04-26 17:00:00,2.4850000000000003
2024-04-26 18:00:00,2.4827000000000004
2024-04-26 19:00:00,2.478700000000001
2024-04-26 20:00:00,2.4800000000000004
2024-04-26 21:00:00,2.481700000000001
2024-04-26 23:00:00,2.481700000000001
2024-04-29 14:30:00,2.4899000000000004
2024-04-29 15:00:00,2.472900000000001
2024-04-29 16:00:00,2.4869000000000003
2024-04-29 17:00:00,2.4826000000000006
2024-04-29 18:00:00,2.466100000000001
2024-04-29 19:00:00,2.4704000000000006
2024-04-29 20:00:00,2.470700000000001
2024-04-29 21:00:00,2.474800000000001
2024-04-29 23:00:00,2.474800000000001
2024-04-30 14:30:00,2.4182000000000006
2024-04-30 15:00:00,2.4214
2024-04-30 16:00:00,2.4220000000000006
2024-04-30 17:00:00,2.4214
2024-04-30 18:00:00,2.4336
2024-04-30 19:00:00,2.428700000000001
2024-04-30 20:00:00,2.428300000000001
2024-04-30 21:00:00,2.4243000000000006
2024-04-30 23:00:00,2.4243000000000006
2024-05-01 14:30:00,2.4171000000000005
2024-05-01 15:00:00,2.3791
2024-05-01 16:00:00,2.346800000000001
2024-05-01 17:00:00,2.343700000000001
2024-05-01 18:00:00,2.3387000000000002
2024-05-01 19:00:00,2.340300000000001
2024-05-01 20:00:00,2.341
2024-05-01 21:00:00,2.330400000000001
2024-05-01 23:00:00,2.330400000000001
2024-05-02 14:30:00,2.3343000000000007
2024-05-02 15:00:00,2.3301000000000007
2024-05-02 16:00:00,2.3313000000000006
2024-05-02 17:00:00,2.343700000000001
2024-05-02 18:00:00,2.3413000000000004
2024-05-02 19:00:00,2.3539000000000003
2024-05-02 20:00:00,2.354800000000001
2024-05-02 21:00:00,2.3477000000000006
2024-05-02 23:00:00,2.3477000000000006
2024-05-03 14:30:00,2.343400000000001
2024-05-03 15:00:00,2.325
2024-05-03 16:00:00,2.3208
2024-05-03 17:00:00,2.3245000000000005
2024-05-03 18:00:00,2.3234000000000004
2024-05-03 19:00:00,2.314000000000001
2024-05-03 20:00:00,2.3137000000000008
2024-05-03 21:00:00,2.3147
2024-05-03 23:00:00,2.3147
2024-05-06 14:30:00,2.3390000000000004
2024-05-06 15:00:00,2.336500000000001
2024-05-06 16:00:00,2.3439000000000005
2024-05-06 17:00:00,2.3387000000000002
2024-05-06 18:00:00,2.341
2024-05-06 19:00:00,2.3488000000000007
2024-05-06 20:00:00,2.349100000000001
2024-05-06 21:00:00,2.3481000000000005
2024-05-06 23:00:00,2.3481000000000005
2024-05-07 14:30:00,2.317100000000001
2024-05-07 15:00:00,2.309800000000001
2024-05-07 16:00:00,2.3204000000000002
2024-05-07 17:00:00,2.3261000000000003
2024-05-07 18:00:00,2.3240000000000007
2024-05-07 19:00:00,2.3183000000000007
2024-05-07 20:00:00,2.3195000000000006
2024-05-07 21:00:00,2.3123000000000005
2024-05-07 23:00:00,2.3123000000000005
2024-05-08 14:30:00,2.2882000000000007
2024-05-08 15:00:00,2.2949
2024-05-08 16:00:00,2.305300000000001
2024-05-08 17:00:00,2.3024000000000004
2024-05-08 18:00:00,2.3035000000000005
2024-05-08 19:00:00,2.3100000000000005
2024-05-08 20:00:00,2.3111000000000006
2024-05-08 21:00:00,2.3156000000000008
2024-05-08 23:00:00,2.3156000000000008
2024-05-09 14:30:00,2.329600000000001
2024-05-09 15:00:00,2.3236000000000008
2024-05-09 16:00:00,2.3141000000000007
2024-05-09 17:00:00,2.318200000000001
2024-05-09 18:00:00,2.3130000000000006
2024-05-09 19:00:00,2.3253000000000004
2024-05-09 20:00:00,2.3252000000000006
2024-05-09 21:00:00,2.3295000000000003
2024-05-09 23:00:00,2.3295000000000003
2024-05-10 14:30:00,2.329600000000001
2024-05-10 15:00:00,2.3176000000000005
2024-05-10 16:00:00,2.3081000000000005
2024-05-10 17:00:00,2.2958000000000007
2024-05-10 18:00:00,2.2928000000000006
2024-05-10 19:00:00,2.290400000000001
2024-05-10 20:00:00,2.2941000000000003
2024-05-10 21:00:00,2.2895000000000003
2024-05-10 23:00:00,2.2895000000000003
2024-05-13 14:30:00,2.3165000000000004
2024-05-13 15:00:00,2.3122000000000007
2024-05-13 16:00:00,2.3046000000000006
2024-05-13 17:00:00,2.2944000000000004
2024-05-13 18:00:00,2.302600000000001
2024-05-13 19:00:00,2.3074000000000003
2024-05-13 20:00:00,2.3069000000000006
2024-05-13 21:00:00,2.3065000000000007
2024-05-13 23:00:00,2.3065000000000007
2024-05-14 14:30:00,2.282400000000001
2024-05-14 15:00:00,2.2663
2024-05-14 16:00:00,2.2581000000000007
2024-05-14 17:00:00,2.2636000000000003
2024-05-14 18:00:00,2.2602
2024-05-14 19:00:00,2.2655000000000003
2024-05-14 20:00:00,2.2666000000000004
2024-05-14 21:00:00,2.273200000000001
2024-05-14 23:00:00,2.273200000000001
2024-05-15 14:30:00,2.2478000000000007
2024-05-15 15:00:00,2.2662000000000004
2024-05-15 16:00:00,2.282400000000001
2024-05-15 17:00:00,2.2861000000000002
2024-05-15 18:00:00,2.2921000000000005
2024-05-15 19:00:00,2.2936000000000005
2024-05-15 20:00:00,2.293400000000001
2024-05-15 21:00:00,2.296100000000001
2024-05-15 23:00:00,2.296100000000001
2024-05-16 14:30:00,2.318200000000001
2024-05-16 15:00:00,2.318200000000001
2024-05-16 16:00:00,2.328900000000001
2024-05-16 17:00:00,2.317
2024-05-16 18:00:00,2.322400000000001
2024-05-16 19:00:00,2.329300000000001
2024-05-16 20:00:00,2.3295000000000003
2024-05-16 21:00:00,2.3303000000000003
2024-05-16 23:00:00,2.3303000000000003
2024-05-17 14:30:00,2.3454000000000006
2024-05-17 15:00:00,2.3371000000000004
2024-05-17 16:00:00,2.347900000000001
2024-05-17 17:00:00,2.3547000000000002
2024-05-17 18:00:00,2.354800000000001
2024-05-17 19:00:00,2.3602000000000007
2024-05-17 20:00:00,2.359000000000001
2024-05-17 21:00:00,2.3619000000000003
2024-05-17 23:00:00,2.3619000000000003
2024-05-20 14:30:00,2.3477000000000006
2024-05-20 15:00:00,2.348300000000001
2024-05-20 16:00:00,2.3389000000000006
2024-05-20 17:00:00,2.331200000000001
2024-05-20 18:00:00,2.3267000000000007
2024-05-20 19:00:00,2.3362000000000007
2024-05-20 20:00:00,2.336100000000001
2024-05-20 21:00:00,2.3366000000000007
2024-05-20 23:00:00,2.3366000000000007
2024-05-21 14:30:00,2.3069000000000006
2024-05-21 15:00:00,2.3185000000000002
2024-05-21 16:00:00,2.2993000000000006
2024-05-21 17:00:00,2.304500000000001
2024-05-21 18:00:00,2.304900000000001
2024-05-21 19:00:00,2.3085000000000004
2024-05-21 20:00:00,2.3086
2024-05-21 21:00:00,2.301
2024-05-21 23:00:00,2.301
2024-05-22 14:30:00,2.2716000000000003
2024-05-22 15:00:00,2.283900000000001
2024-05-22 16:00:00,2.2833000000000006
2024-05-22 17:00:00,2.2958000000000007
2024-05-22 18:00:00,2.2746000000000004
2024-05-22 19:00:00,2.2636000000000003
2024-05-22 20:00:00,2.2635000000000005
2024-05-22 21:00:00,2.2688000000000006
2024-05-22 23:00:00,2.2688000000000006
2024-05-23 14:30:00,2.2944000000000004
2024-05-23 15:00:00,2.2781000000000002
2024-05-23 16:00:00,2.264100000000001
2024-05-23 17:00:00,2.264900000000001
2024-05-23 18:00:00,2.2577000000000007
2024-05-23 19:00:00,2.265600000000001
2024-05-23 20:00:00,2.2650000000000006
2024-05-23 21:00:00,2.2689000000000004
2024-05-23 23:00:00,2.2689000000000004
2024-05-24 14:30:00,2.2730000000000006
2024-05-24 15:00:00,2.2766
2024-05-24 16:00:00,2.2855000000000008
2024-05-24 17:00:00,2.2864000000000004
2024-05-24 18:00:00,2.285000000000001
2024-05-24 19:00:00,2.2827
2024-05-24 20:00:00,2.2821000000000007
2024-05-24 21:00:00,2.2849000000000004
2024-05-24 23:00:00,2.2849000000000004
2024-05-28 14:30:00,2.3096000000000005
2024-05-28 15:00:00,2.3107000000000006
2024-05-28 16:00:00,2.3196000000000003
2024-05-28 17:00:00,2.318600000000001
2024-05-28 18:00:00,2.3103000000000007
2024-05-28 19:00:00,2.3210000000000006
2024-05-28 20:00:00,2.3210000000000006
2024-05-28 20:00:01,2.3210000000000006
2024-05-28 21:00:00,2.325
2024-05-28 23:00:00,2.325
2024-05-29 14:30:00,2.3046000000000006
2024-05-29 15:00:00,2.2899000000000003
2024-05-29 16:00:00,2.2861000000000002
2024-05-29 17:00:00,2.2859
2024-05-29 18:00:00,2.2859
2024-05-29 19:00:00,2.2784000000000004
2024-05-29 20:00:00,2.277
2024-05-29 21:00:00,2.2819000000000003
2024-05-29 23:00:00,2.2819000000000003
2024-05-30 14:30:00,2.2801
2024-05-30 15:00:00,2.2750000000000004
2024-05-30 16:00:00,2.2541
2024-05-30 17:00:00,2.2362
2024-05-30 18:00:00,2.2329
2024-05-30 19:00:00,2.234
2024-05-30 20:00:00,2.2358000000000002
2024-05-30 21:00:00,2.2289000000000003
2024-05-30 23:00:00,2.2289000000000003
2024-05-31 14:30:00,2.2472000000000003
2024-05-31 15:00:00,2.2351
2024-05-31 16:00:00,2.2306
2024-05-31 17:00:00,2.2431
2024-05-31 18:00:00,2.2379
2024-05-31 19:00:00,2.2405
2024-05-31 20:00:00,2.2379
2024-05-31 21:00:00,2.2439999999999998
2024-05-31 23:00:00,2.2439999999999998
2024-06-03 14:30:00,2.1899000000000006
2024-06-03 15:00:00,2.181
2024-06-03 16:00:00,2.1719
2024-06-03 17:00:00,2.1690000000000005
2024-06-03 18:00:00,2.1641000000000004
2024-06-03 19:00:00,2.1664000000000003
2024-06-03 20:00:00,2.1643
2024-06-03 21:00:00,2.1604
2024-06-03 23:00:00,2.1604
2024-06-04 14:30:00,2.1400000000000006
2024-06-04 15:00:00,2.1479
2024-06-04 16:00:00,2.1543
2024-06-04 17:00:00,2.1529
2024-06-04 18:00:00,2.1669
2024-06-04 19:00:00,2.1639
2024-06-04 20:00:00,2.1607000000000003
2024-06-04 21:00:00,2.1497
2024-06-04 23:00:00,2.1497
2024-06-05 14:30:00,2.1644000000000005
2024-06-05 15:00:00,2.1648000000000005
2024-06-05 16:00:00,2.1692
2024-06-05 17:00:00,2.1711
2024-06-05 18:00:00,2.1812000000000005
2024-06-05 19:00:00,2.1794000000000002
2024-06-05 20:00:00,2.1805000000000003
2024-06-05 21:00:00,2.1851000000000003
2024-06-05 23:00:00,2.1851000000000003
2024-06-06 14:30:00,2.1850000000000005
2024-06-06 15:00:00,2.1884000000000006
2024-06-06 16:00:00,2.2173
2024-06-06 17:00:00,2.2122
2024-06-06 18:00:00,2.2186000000000003
2024-06-06 19:00:00,2.2166000000000006
2024-06-06 20:00:00,2.2166000000000006
2024-06-06 21:00:00,2.2197000000000005
2024-06-06 23:00:00,2.2197000000000005
2024-06-07 14:30:00,2.2167000000000003
2024-06-07 15:00:00,2.2134
2024-06-07 16:00:00,2.2016
2024-06-07 17:00:00,2.2077
2024-06-07 18:00:00,2.2083000000000004
2024-06-07 19:00:00,2.2046
2024-06-07 20:00:00,2.2030000000000003
2024-06-07 21:00:00,2.2063000000000006
2024-06-07 23:00:00,2.2063000000000006
2024-06-10 14:30:00,2.2199
2024-06-10 15:00:00,2.2193000000000005
2024-06-10 16:00:00,2.2412
2024-06-10 17:00:00,2.2418000000000005
2024-06-10 18:00:00,2.2393
2024-06-10 19:00:00,2.2433000000000005
2024-06-10 20:00:00,2.2421000000000006
2024-06-10 21:00:00,2.2554
2024-06-10 23:00:00,2.2554
2024-06-11 14:30:00,2.2319000000000004
2024-06-11 15:00:00,2.231
2024-06-11 16:00:00,2.2484
2024-06-11 17:00:00,2.2498000000000005
2024-06-11 18:00:00,2.2434000000000003
2024-06-11 19:00:00,2.245
2024-06-11 20:00:00,2.2429000000000006
2024-06-11 21:00:00,2.2565
2024-06-11 23:00:00,2.2565
2024-06-12 14:30:00,2.2795000000000005
2024-06-12 15:00:00,2.2361000000000004
2024-06-12 16:00:00,2.2351
2024-06-12 17:00:00,2.2404
2024-06-12 18:00:00,2.2425000000000006
2024-06-12 19:00:00,2.2279
2024-06-12 20:00:00,2.2283
2024-06-12 21:00:00,2.2294
2024-06-12 23:00:00,2.2294
2024-06-13 14:30:00,2.2447
2024-06-13 15:00:00,2.2479000000000005
2024-06-13 16:00:00,2.2312000000000003
2024-06-13 17:00:00,2.2460000000000004
2024-06-13 18:00:00,2.2453000000000003
2024-06-13 19:00:00,2.2461
2024-06-13 20:00:00,2.2447
2024-06-13 21:00:00,2.2401
2024-06-13 23:00:00,2.2401
2024-06-14 14:30:00,2.266
2024-06-14 15:00:00,2.2505000000000006
2024-06-14 16:00:00,2.2488
2024-06-14 17:00:00,2.2491000000000003
2024-06-14 18:00:00,2.2411000000000003
2024-06-14 19:00:00,2.2381
2024-06-14 20:00:00,2.2363
2024-06-14 21:00:00,2.2379
2024-06-14 23:00:00,2.2379
2024-06-17 14:30:00,2.2541
2024-06-17 15:00:00,2.2536000000000005
2024-06-17 16:00:00,2.2547000000000006
2024-06-17 17:00:00,2.2636000000000003
2024-06-17 18:00:00,2.2655000000000003
2024-06-17 19:00:00,2.2750000000000004
2024-06-17 20:00:00,2.2746000000000004
2024-06-17 21:00:00,2.2762000000000002
2024-06-17 23:00:00,2.2762000000000002
2024-06-18 14:30:00,2.2931
2024-06-18 15:00:00,2.2995
2024-06-18 16:00:00,2.2943
2024-06-18 17:00:00,2.2928000000000006
2024-06-18 18:00:00,2.2935
2024-06-18 19:00:00,2.3067
2024-06-18 20:00:00,2.3057
2024-06-18 21:00:00,2.3144
2024-06-18 23:00:00,2.3144
2024-06-20 14:30:00,2.3287000000000004
2024-06-20 15:00:00,2.3225
2024-06-20 16:00:00,2.3212
2024-06-20 17:00:00,2.3218000000000005
2024-06-20 18:00:00,2.3166
2024-06-20 19:00:00,2.3279000000000005
2024-06-20 20:00:00,2.325
2024-06-20 21:00:00,2.3241000000000005
2024-06-20 23:00:00,2.3241000000000005
2024-06-21 14:30:00,2.3421000000000003
2024-06-21 15:00:00,2.3551
2024-06-21 16:00:00,2.3385
2024-06-21 17:00:00,2.3260000000000005
2024-06-21 18:00:00,2.3288
2024-06-21 19:00:00,2.3281
2024-06-21 20:00:00,2.3319
2024-06-21 21:00:00,2.3315
2024-06-21 23:00:00,2.3315
2024-06-24 14:30:00,2.332
2024-06-24 15:00:00,2.3288
2024-06-24 16:00:00,2.3413000000000004
2024-06-24 17:00:00,2.3390000000000004
2024-06-24 18:00:00,2.3411
2024-06-24 19:00:00,2.3379000000000003
2024-06-24 19:00:01,2.3379000000000003
2024-06-24 20:00:00,2.3399
2024-06-24 21:00:00,2.3402000000000003
2024-06-24 23:00:00,2.3402000000000003
2024-06-25 14:30:00,2.3409000000000004
2024-06-25 15:00:00,2.3493000000000004
2024-06-25 16:00:00,2.34
2024-06-25 17:00:00,2.3359000000000005
2024-06-25 18:00:00,2.3404
2024-06-25 19:00:00,2.3327
2024-06-25 20:00:00,2.3336000000000006
2024-06-25 21:00:00,2.3245000000000005
2024-06-25 23:00:00,2.3245000000000005
2024-06-26 14:30:00,2.3511000000000006
2024-06-26 15:00:00,2.3387000000000002
2024-06-26 16:00:00,2.3450000000000006
2024-06-26 17:00:00,2.3525
2024-06-26 18:00:00,2.3627000000000002
2024-06-26 19:00:00,2.3492000000000006
2024-06-26 20:00:00,2.3452
2024-06-26 21:00:00,2.3489000000000004
2024-06-26 23:00:00,2.3489000000000004
2024-06-27 14:30:00,2.3727
2024-06-27 15:00:00,2.3694000000000006
2024-06-27 16:00:00,2.356
2024-06-27 17:00:00,2.3534000000000006
2024-06-27 18:00:00,2.3576000000000006
2024-06-27 19:00:00,2.3585000000000003
2024-06-27 20:00:00,2.3599000000000006
2024-06-27 21:00:00,2.359
2024-06-27 23:00:00,2.359
2024-06-28 14:30:00,2.3530000000000006
2024-06-28 15:00:00,2.3477000000000006
2024-06-28 16:00:00,2.3502
2024-06-28 17:00:00,2.3436000000000003
2024-06-28 18:00:00,2.3426
2024-06-28 19:00:00,2.3385
2024-06-28 20:00:00,2.3427000000000007
2024-06-28 21:00:00,2.3438
2024-06-28 23:00:00,2.3438
2024-07-01 14:30:00,2.3719
2024-07-01 15:00:00,2.3784
2024-07-01 16:00:00,2.3903
2024-07-01 17:00:00,2.3936
2024-07-01 18:00:00,2.393
2024-07-01 19:00:00,2.3984000000000005
2024-07-01 20:00:00,2.3981000000000003
2024-07-01 21:00:00,2.3942000000000005
2024-07-01 23:00:00,2.3942000000000005
2024-07-02 14:30:00,2.4113000000000007
2024-07-02 15:00:00,2.4014000000000006
2024-07-02 16:00:00,2.3935000000000004
2024-07-02 17:00:00,2.4033000000000007
2024-07-02 18:00:00,2.4056000000000006
2024-07-02 19:00:00,2.3953000000000007
2024-07-02 20:00:00,2.3954000000000004
2024-07-02 21:00:00,2.3969000000000005
2024-07-02 23:00:00,2.3969000000000005
2024-07-03 14:30:00,2.391
2024-07-03 15:00:00,2.3797000000000006
2024-07-03 16:00:00,2.3873000000000006
2024-07-03 17:00:00,2.3963
2024-07-03 23:00:00,2.3963
2024-07-05 14:30:00,2.4259000000000004
2024-07-05 15:00:00,2.4320000000000004
2024-07-05 16:00:00,2.4329
2024-07-05 17:00:00,2.4179000000000004
2024-07-05 18:00:00,2.3959
2024-07-05 19:00:00,2.3955
2024-07-05 20:00:00,2.3959
2024-07-05 21:00:00,2.3984000000000005
2024-07-05 23:00:00,2.3984000000000005
2024-07-08 14:30:00,2.3861
2024-07-08 15:00:00,2.3886000000000003
2024-07-08 16:00:00,2.3745000000000003
2024-07-08 17:00:00,2.3762
2024-07-08 18:00:00,2.3765
2024-07-08 19:00:00,2.3692
2024-07-08 20:00:00,2.3695000000000004
2024-07-08 21:00:00,2.3693
2024-07-08 23:00:00,2.3693
2024-07-09 14:30:00,2.3630000000000004
2024-07-09 15:00:00,2.3776
2024-07-09 16:00:00,2.359
2024-07-09 17:00:00,2.3597
2024-07-09 18:00:00,2.3616
2024-07-09 19:00:00,2.3571
2024-07-09 20:00:00,2.3525
2024-07-09 21:00:00,2.3617
2024-07-09 23:00:00,2.3617
2024-07-10 14:30:00,2.3363000000000005
2024-07-10 15:00:00,2.3431000000000006
2024-07-10 16:00:00,2.3606
2024-07-10 17:00:00,2.3511000000000006
2024-07-10 18:00:00,2.3494
2024-07-10 19:00:00,2.3461
2024-07-10 20:00:00,2.3488000000000007
2024-07-10 21:00:00,2.3492000000000006
2024-07-10 23:00:00,2.3492000000000006
2024-07-11 14:30:00,2.3452
2024-07-11 15:00:00,2.3567
2024-07-11 16:00:00,2.3545
2024-07-11 17:00:00,2.3402000000000003
2024-07-11 18:00:00,2.3553000000000006
2024-07-11 19:00:00,2.3594
2024-07-11 20:00:00,2.3617
2024-07-11 21:00:00,2.3571
2024-07-11 23:00:00,2.3571
2024-07-12 14:30:00,2.3531000000000004
2024-07-12 15:00:00,2.3546000000000005
2024-07-12 16:00:00,2.3556
2024-07-12 17:00:00,2.3601
2024-07-12 18:00:00,2.3628
2024-07-12 19:00:00,2.3506
2024-07-12 20:00:00,2.3488000000000007
2024-07-12 21:00:00,2.3454000000000006
2024-07-12 23:00:00,2.3454000000000006
2024-07-15 14:30:00,2.3333000000000004
2024-07-15 15:00:00,2.3354
2024-07-15 16:00:00,2.3396
2024-07-15 17:00:00,2.3391
2024-07-15 18:00:00,2.3331
2024-07-15 19:00:00,2.3354
2024-07-15 20:00:00,2.3360000000000003
2024-07-15 21:00:00,2.3357
2024-07-15 23:00:00,2.3357
2024-07-16 14:30:00,2.3018
2024-07-16 15:00:00,2.3156
2024-07-16 16:00:00,2.3106
2024-07-16 17:00:00,2.311
2024-07-16 18:00:00,2.3212
2024-07-16 19:00:00,2.3107000000000006
2024-07-16 20:00:00,2.3103
2024-07-16 21:00:00,2.3051000000000004
2024-07-16 23:00:00,2.3051000000000004
2024-07-17 14:30:00,2.3293
2024-07-17 15:00:00,2.3296
2024-07-17 16:00:00,2.333
2024-07-17 17:00:00,2.3344000000000005
2024-07-17 18:00:00,2.3304
2024-07-17 19:00:00,2.3312
2024-07-17 20:00:00,2.3321000000000005
2024-07-17 21:00:00,2.3383000000000003
2024-07-17 23:00:00,2.3383000000000003
2024-07-18 14:30:00,2.3221
2024-07-18 15:00:00,2.3247
2024-07-18 16:00:00,2.3386000000000005
2024-07-18 17:00:00,2.3420000000000005
2024-07-18 18:00:00,2.3441
2024-07-18 19:00:00,2.3368
2024-07-18 20:00:00,2.3315
2024-07-18 21:00:00,2.3362
2024-07-18 23:00:00,2.3362
2024-07-19 14:30:00,2.3378000000000005
2024-07-19 15:00:00,2.3293
2024-07-19 16:00:00,2.3171
2024-07-19 17:00:00,2.2978000000000005
2024-07-19 18:00:00,2.2915
2024-07-19 19:00:00,2.2834000000000003
2024-07-19 20:00:00,2.2841000000000005
2024-07-19 21:00:00,2.2806000000000006
2024-07-19 23:00:00,2.2806000000000006
2024-07-22 14:30:00,2.2542
2024-07-22 15:00:00,2.2715000000000005
2024-07-22 16:00:00,2.2754000000000003
2024-07-22 17:00:00,2.2818000000000005
2024-07-22 18:00:00,2.2830000000000004
2024-07-22 19:00:00,2.2908
2024-07-22 20:00:00,2.2879000000000005
2024-07-22 21:00:00,2.2851
2024-07-22 23:00:00,2.2851
2024-07-23 14:30:00,2.2722000000000007
2024-07-23 15:00:00,2.2583
2024-07-23 16:00:00,2.2466
2024-07-23 17:00:00,2.2537000000000003
2024-07-23 18:00:00,2.248
2024-07-23 19:00:00,2.2535
2024-07-23 20:00:00,2.2534
2024-07-23 21:00:00,2.2650000000000006
2024-07-23 23:00:00,2.2650000000000006
2024-07-24 14:30:00,2.2622
2024-07-24 15:00:00,2.2640000000000002
2024-07-24 16:00:00,2.2816
2024-07-24 17:00:00,2.2805
2024-07-24 18:00:00,2.2763
2024-07-24 19:00:00,2.2782
2024-07-24 20:00:00,
2024-07-24 20:00:01,2.2767
2024-07-24 20:00:02,2.2767
2024-07-24 21:00:00,2.2713
2024-07-24 23:00:00,2.2713
2024-07-25 14:30:00,2.247
2024-07-25 15:00:00,2.2666000000000004
2024-07-25 16:00:00,2.2828
2024-07-25 17:00:00,2.29
2024-07-25 18:00:00,2.2948000000000004
2024-07-25 19:00:00,2.2926
2024-07-25 20:00:00,2.2927
2024-07-25 21:00:00,2.2993000000000006
2024-07-25 23:00:00,2.2993000000000006
2024-07-26 14:30:00,2.2819000000000003
2024-07-26 15:00:00,2.2557
2024-07-26 16:00:00,2.2709
2024-07-26 17:00:00,2.2858
2024-07-26 18:00:00,2.2813
2024-07-26 19:00:00,2.2701000000000002
2024-07-26 20:00:00,2.2719000000000005
2024-07-26 21:00:00,2.2674000000000003
2024-07-26 23:00:00,2.2674000000000003
2024-07-29 14:30:00,2.2809
2024-07-29 15:00:00,2.2467000000000006
2024-07-29 16:00:00,2.2439
2024-07-29 17:00:00,2.2399000000000004
2024-07-29 18:00:00,2.2447
2024-07-29 19:00:00,2.2456000000000005
2024-07-29 20:00:00,2.2449000000000003
2024-07-29 21:00:00,2.2452000000000005
2024-07-29 23:00:00,2.2452000000000005
2024-07-30 14:30:00,2.2243000000000004
2024-07-30 15:00:00,2.2277000000000005
2024-07-30 16:00:00,2.2178000000000004
2024-07-30 17:00:00,2.2276
2024-07-30 18:00:00,2.2249
2024-07-30 19:00:00,2.2272
2024-07-30 20:00:00,2.2301
2024-07-30 21:00:00,2.2344
2024-07-30 23:00:00,2.2344
2024-07-31 14:30:00,2.2804
2024-07-31 15:00:00,2.2788000000000004
2024-07-31 16:00:00,2.2921000000000005
2024-07-31 17:00:00,2.3005000000000004
2024-07-31 18:00:00,2.3056
2024-07-31 19:00:00,2.3076
2024-07-31 20:00:00,2.3138000000000005
2024-07-31 21:00:00,2.3182
2024-07-31 23:00:00,2.3182
2024-08-01 14:30:00,2.3152
2024-08-01 15:00:00,2.285
2024-08-01 16:00:00,2.2797
2024-08-01 17:00:00,2.2814000000000005
2024-08-01 18:00:00,2.2721
2024-08-01 19:00:00,2.2732
2024-08-01 20:00:00,2.279
2024-08-01 21:00:00,2.2826000000000004
2024-08-01 23:00:00,2.2826000000000004
2024-08-02 14:30:00,2.2071000000000005
2024-08-02 15:00:00,2.2013
2024-08-02 16:00:00,2.1955
2024-08-02 17:00:00,2.1848
2024-08-02 18:00:00,2.184
2024-08-02 19:00:00,2.1922000000000006
2024-08-02 20:00:00,2.1989
2024-08-02 21:00:00,2.2042
2024-08-02 23:00:00,2.2042
2024-08-05 14:30:00,2.1669
2024-08-05 15:00:00,2.1711
2024-08-05 16:00:00,2.1891
2024-08-05 17:00:00,2.1843000000000004
2024-08-05 18:00:00,2.1847000000000003
2024-08-05 19:00:00,2.1973000000000003
2024-08-05 20:00:00,2.2102000000000004
2024-08-05 21:00:00,2.2124000000000006
2024-08-05 23:00:00,2.2124000000000006
2024-08-06 14:30:00,2.1936999999999998
2024-08-06 15:00:00,2.2065
2024-08-06 16:00:00,2.1985
2024-08-06 17:00:00,2.1894
2024-08-06 18:00:00,2.1955999999999998
2024-08-06 19:00:00,2.1912000000000003
2024-08-06 20:00:00,2.184
2024-08-06 21:00:00,2.1794000000000002
2024-08-06 23:00:00,2.1794000000000002
2024-08-07 14:30:00,2.2119
2024-08-07 15:00:00,2.2217000000000002
2024-08-07 16:00:00,2.2393
2024-08-07 17:00:00,2.2254000000000005
2024-08-07 18:00:00,2.2228000000000003
2024-08-07 19:00:00,2.2229
2024-08-07 20:00:00,2.2275
2024-08-07 21:00:00,2.2279
2024-08-07 23:00:00,2.2279
2024-08-08 14:30:00,2.2307000000000006
2024-08-08 15:00:00,2.2401999999999997
2024-08-08 16:00:00,2.2378
2024-08-08 17:00:00,2.2476000000000003
2024-08-08 18:00:00,2.2571000000000003
2024-08-08 19:00:00,2.2490000000000006
2024-08-08 20:00:00,2.2475000000000005
2024-08-08 21:00:00,2.2474
2024-08-08 23:00:00,2.2474
2024-08-09 14:30:00,2.2389
2024-08-09 15:00:00,2.2592
2024-08-09 16:00:00,2.2549
2024-08-09 17:00:00,2.2605000000000004
2024-08-09 18:00:00,2.2557
2024-08-09 19:00:00,2.2516
2024-08-09 20:00:00,2.258
2024-08-09 21:00:00,2.2607
2024-08-09 23:00:00,2.2607
2024-08-12 14:30:00,2.2837000000000005
2024-08-12 15:00:00,2.2873
2024-08-12 16:00:00,2.2897
2024-08-12 17:00:00,2.2959000000000005
2024-08-12 18:00:00,2.3023
2024-08-12 19:00:00,2.3092000000000006
2024-08-12 20:00:00,2.3064
2024-08-12 21:00:00,2.3074000000000003
2024-08-12 23:00:00,2.3074000000000003
2024-08-13 14:30:00,2.2911
2024-08-13 15:00:00,2.2802
2024-08-13 16:00:00,2.2699
2024-08-13 17:00:00,2.2738000000000005
2024-08-13 18:00:00,2.2682
2024-08-13 19:00:00,2.2641999999999998
2024-08-13 20:00:00,2.268
2024-08-13 21:00:00,2.2742000000000004
2024-08-13 23:00:00,2.2742000000000004
2024-08-14 14:30:00,2.2601000000000004
2024-08-14 15:00:00,2.2475000000000005
2024-08-14 16:00:00,2.2469
2024-08-14 17:00:00,2.2406000000000006
2024-08-14 18:00:00,2.2321
2024-08-14 19:00:00,2.2318
2024-08-14 20:00:00,2.2300000000000004
2024-08-14 21:00:00,2.2302999999999997
2024-08-14 23:00:00,2.2302999999999997
2024-08-15 14:30:00,2.2538
2024-08-15 15:00:00,2.2622999999999998
2024-08-15 16:00:00,2.2651000000000003
2024-08-15 17:00:00,2.2615
2024-08-15 18:00:00,2.2504
2024-08-15 19:00:00,2.2541
2024-08-15 20:00:00,2.2546
2024-08-15 21:00:00,2.2557
2024-08-15 23:00:00,2.2557
2024-08-16 14:30:00,2.2293000000000003
2024-08-16 15:00:00,2.2225
2024-08-16 16:00:00,2.2203
2024-08-16 17:00:00,2.218
2024-08-16 18:00:00,2.2216000000000005
2024-08-16 19:00:00,2.2134
2024-08-16 20:00:00,2.2186000000000003
2024-08-16 21:00:00,2.2168
2024-08-16 23:00:00,2.2168
2024-08-19 14:30:00,2.2106000000000003
2024-08-19 15:00:00,2.2077999999999998
2024-08-19 16:00:00,2.1931000000000003
2024-08-19 17:00:00,2.1764
2024-08-19 18:00:00,2.1704
2024-08-19 19:00:00,2.1757
2024-08-19 20:00:00,2.1747000000000005
2024-08-19 21:00:00,2.1755000000000004
2024-08-19 23:00:00,2.1755000000000004
2024-08-20 14:30:00,2.1849
2024-08-20 15:00:00,2.1632
2024-08-20 16:00:00,2.1587000000000005
2024-08-20 17:00:00,2.1593
2024-08-20 18:00:00,2.1589
2024-08-20 19:00:00,2.1639
2024-08-20 19:00:01,2.1639
2024-08-20 20:00:00,2.1599000000000004
2024-08-20 21:00:00,2.1558
2024-08-20 23:00:00,2.1558
2024-08-21 14:30:00,2.1636000000000006
2024-08-21 15:00:00,2.1537000000000006
2024-08-21 16:00:00,2.1261
2024-08-21 17:00:00,2.1207000000000003
2024-08-21 18:00:00,2.1151
2024-08-21 19:00:00,2.1296
2024-08-21 20:00:00,2.1301
2024-08-21 21:00:00,2.13
2024-08-21 23:00:00,2.13
2024-08-22 14:30:00,2.1427000000000005
2024-08-22 15:00:00,2.1529000000000007
2024-08-22 16:00:00,2.1555
2024-08-22 17:00:00,2.1629000000000005
2024-08-22 18:00:00,2.1566
2024-08-22 19:00:00,2.1511000000000005
2024-08-22 20:00:00,2.152
2024-08-22 21:00:00,2.1546000000000003
2024-08-22 23:00:00,2.1546000000000003
2024-08-23 14:30:00,2.1792000000000007
2024-08-23 15:00:00,2.1813000000000002
2024-08-23 16:00:00,2.1893000000000002
2024-08-23 17:00:00,2.1934000000000005
2024-08-23 18:00:00,2.1971000000000007
2024-08-23 19:00:00,2.1944
2024-08-23 20:00:00,2.1956000000000007
2024-08-23 21:00:00,2.1977
2024-08-23 23:00:00,2.1977
2024-08-26 14:30:00,2.2424
2024-08-26 15:00:00,2.2321
2024-08-26 16:00:00,2.2223000000000006
2024-08-26 17:00:00,2.2231000000000005
2024-08-26 18:00:00,2.2212000000000005
2024-08-26 19:00:00,2.2227000000000006
2024-08-26 20:00:00,2.2185000000000006
2024-08-26 21:00:00,2.2209000000000003
2024-08-26 23:00:00,2.2209000000000003
2024-08-27 14:30:00,2.2073
2024-08-27 15:00:00,2.1927000000000003
2024-08-27 16:00:00,2.1919000000000004
2024-08-27 17:00:00,2.1831000000000005
2024-08-27 18:00:00,2.1874000000000002
2024-08-27 19:00:00,2.1876000000000007
2024-08-27 20:00:00,2.1883
2024-08-27 21:00:00,2.1881000000000004
2024-08-27 23:00:00,2.1881000000000004
2024-08-28 14:30:00,2.1654
2024-08-28 15:00:00,2.1795
2024-08-28 16:00:00,2.1662
2024-08-28 17:00:00,2.1668000000000003
2024-08-28 18:00:00,2.1622000000000003
2024-08-28 19:00:00,2.1580000000000004
2024-08-28 20:00:00,2.1591000000000005
2024-08-28 21:00:00,2.1534000000000004
2024-08-28 23:00:00,2.1534000000000004
2024-08-29 14:30:00,2.1996
2024-08-29 15:00:00,2.194
2024-08-29 16:00:00,2.1824000000000003
2024-08-29 17:00:00,2.1858000000000004
2024-08-29 18:00:00,2.1911000000000005
2024-08-29 19:00:00,2.1961000000000004
2024-08-29 20:00:00,2.1988000000000003
2024-08-29 21:00:00,2.1978
2024-08-29 23:00:00,2.1978
2024-08-30 14:30:00,2.1654
2024-08-30 15:00:00,2.1691000000000003
2024-08-30 16:00:00,2.1761
2024-08-30 17:00:00,2.1697000000000006
2024-08-30 18:00:00,2.1712000000000007
2024-08-30 19:00:00,2.1673
2024-08-30 20:00:00,2.1697000000000006
2024-08-30 21:00:00,2.1728000000000005
2024-08-30 23:00:00,2.1728000000000005
2024-09-03 14:30:00,2.0934
2024-09-03 15:00:00,2.0881
2024-09-03 16:00:00,2.0862
2024-09-03 17:00:00,2.0735
2024-09-03 18:00:00,2.0707000000000004
2024-09-03 19:00:00,2.0787000000000004
2024-09-03 20:00:00,2.0817
2024-09-03 21:00:00,2.0797
2024-09-03 23:00:00,2.0797
2024-09-04 14:30:00,2.0629
2024-09-04 15:00:00,2.0618
2024-09-04 16:00:00,2.0683
2024-09-04 17:00:00,2.0603
2024-09-04 18:00:00,2.0547000000000004
2024-09-04 19:00:00,2.0542
2024-09-04 20:00:00,2.0497
2024-09-04 21:00:00,2.0525
2024-09-04 23:00:00,2.0525
2024-09-05 14:30:00,2.0537
2024-09-05 15:00:00,2.0692000000000004
2024-09-05 16:00:00,2.0362
2024-09-05 17:00:00,2.0401
2024-09-05 18:00:00,2.031
2024-09-05 19:00:00,2.044
2024-09-05 20:00:00,2.0413
2024-09-05 21:00:00,2.0476
2024-09-05 23:00:00,2.0476
2024-09-06 14:30:00,2.0618
2024-09-06 15:00:00,2.0117000000000003
2024-09-06 16:00:00,2.0
2024-09-06 17:00:00,2.0071000000000003
2024-09-06 18:00:00,2.0084
2024-09-06 19:00:00,2.0140000000000002
2024-09-06 20:00:00,2.0146
2024-09-06 21:00:00,2.0124000000000004
2024-09-06 23:00:00,2.0124000000000004
2024-09-09 14:30:00,2.0096
2024-09-09 15:00:00,2.0266
2024-09-09 16:00:00,2.0218
2024-09-09 17:00:00,2.0295
2024-09-09 18:00:00,2.0216000000000003
2024-09-09 19:00:00,2.0267
2024-09-09 20:00:00,2.0242
2024-09-09 21:00:00,2.035
2024-09-09 23:00:00,2.035
2024-09-10 14:30:00,2.0032
2024-09-10 15:00:00,1.9719000000000002
2024-09-10 16:00:00,1.9634
2024-09-10 17:00:00,1.9652000000000003
2024-09-10 18:00:00,1.9624000000000001
2024-09-10 19:00:00,1.9756
2024-09-10 20:00:00,1.9794
2024-09-10 21:00:00,1.9809999999999999
2024-09-10 23:00:00,1.9809999999999999
2024-09-11 14:30:00,1.9905
2024-09-11 15:00:00,1.9739000000000004
2024-09-11 16:00:00,1.992
2024-09-11 17:00:00,2.0024
2024-09-11 18:00:00,2.0035
2024-09-11 19:00:00,2.0010000000000003
2024-09-11 20:00:00,1.9999000000000002
2024-09-11 21:00:00,2.0036
2024-09-11 23:00:00,2.0036
2024-09-12 14:30:00,2.0057
2024-09-12 15:00:00,2.0321
2024-09-12 16:00:00,2.0384
2024-09-12 17:00:00,2.0410000000000004
2024-09-12 18:00:00,2.0337
2024-09-12 19:00:00,2.0394
2024-09-12 20:00:00,2.0432
2024-09-12 21:00:00,2.0412
2024-09-12 23:00:00,2.0412
2024-09-13 14:30:00,2.0579
2024-09-13 15:00:00,2.0592
2024-09-13 16:00:00,2.0463
2024-09-13 17:00:00,2.0387000000000004
2024-09-13 18:00:00,2.0376000000000003
2024-09-13 19:00:00,2.0356
2024-09-13 20:00:00,2.0411
2024-09-13 21:00:00,2.0402
2024-09-13 23:00:00,2.0402
2024-09-16 14:30:00,2.0723000000000003
2024-09-16 15:00:00,2.0685000000000002
2024-09-16 16:00:00,2.0669000000000004
2024-09-16 17:00:00,2.0637
2024-09-16 18:00:00,2.0718
2024-09-16 19:00:00,2.0676
2024-09-16 20:00:00,2.0730000000000004
2024-09-16 21:00:00,2.071
2024-09-16 23:00:00,2.071
2024-09-17 14:30:00,2.0804
2024-09-17 15:00:00,2.0854
2024-09-17 16:00:00,2.0934
2024-09-17 17:00:00,2.0994
2024-09-17 18:00:00,2.0961
2024-09-17 19:00:00,2.0985
2024-09-17 20:00:00,2.0978000000000003
2024-09-17 21:00:00,2.0904
2024-09-17 23:00:00,2.0904
2024-09-18 14:30:00,2.0908
2024-09-18 15:00:00,2.0909000000000004
2024-09-18 16:00:00,2.0866
2024-09-18 17:00:00,2.0951000000000004
2024-09-18 18:00:00,2.0954
2024-09-18 19:00:00,2.0946
2024-09-18 19:00:01,2.0946
2024-09-18 20:00:00,2.0824
2024-09-18 21:00:00,2.0835999999999997
2024-09-18 23:00:00,2.0835999999999997
2024-09-19 14:30:00,2.123
2024-09-19 15:00:00,2.1277
2024-09-19 16:00:00,2.1416000000000004
2024-09-19 17:00:00,2.1393000000000004
2024-09-19 18:00:00,2.1379
2024-09-19 19:00:00,2.1329000000000002
2024-09-19 20:00:00,2.135
2024-09-19 21:00:00,2.1361
2024-09-19 23:00:00,2.1361
2024-09-20 14:30:00,2.121
2024-09-20 15:00:00,2.1283000000000003
2024-09-20 16:00:00,2.1241
2024-09-20 17:00:00,2.1321
2024-09-20 18:00:00,2.1325000000000003
2024-09-20 19:00:00,2.1319
2024-09-20 20:00:00,2.1334999999999997
2024-09-20 21:00:00,2.1344000000000003
2024-09-20 23:00:00,2.1344000000000003
2024-09-23 14:30:00,2.134
2024-09-23 15:00:00,2.1205
2024-09-23 16:00:00,2.0856
2024-09-23 17:00:00,2.0888
2024-09-23 18:00:00,2.0968
2024-09-23 19:00:00,2.098
2024-09-23 20:00:00,2.1037999999999997
2024-09-23 21:00:00,2.1074
2024-09-23 23:00:00,2.1074
2024-09-24 14:30:00,2.1374
2024-09-24 15:00:00,2.1361
2024-09-24 16:00:00,2.133
2024-09-24 17:00:00,2.1289
2024-09-24 18:00:00,2.1307
2024-09-24 19:00:00,2.1296999999999997
2024-09-24 20:00:00,2.1276
2024-09-24 21:00:00,2.1326
2024-09-24 23:00:00,2.1326
2024-09-25 14:30:00,2.1212999999999997
2024-09-25 15:00:00,2.1148
2024-09-25 16:00:00,2.1026
2024-09-25 17:00:00,2.0967000000000002
2024-09-25 18:00:00,2.0947
2024-09-25 19:00:00,2.1005000000000003
2024-09-25 20:00:00,2.1016
2024-09-25 21:00:00,2.104
2024-09-25 23:00:00,2.104
2024-09-26 14:30:00,2.058
2024-09-26 15:00:00,2.074
2024-09-26 16:00:00,2.0788
2024-09-26 17:00:00,2.0662000000000003
2024-09-26 18:00:00,2.0553
2024-09-26 19:00:00,2.0555
2024-09-26 20:00:00,2.0504
2024-09-26 21:00:00,2.0523
2024-09-26 23:00:00,2.0523
2024-09-27 14:30:00,2.0437000000000003
2024-09-27 15:00:00,2.0609
2024-09-27 16:00:00,2.0637
2024-09-27 17:00:00,2.0631
2024-09-27 18:00:00,2.0429
2024-09-27 19:00:00,2.0556
2024-09-27 20:00:00,2.0595
2024-09-27 21:00:00,2.061
2024-09-27 23:00:00,2.061
2024-09-30 14:30:00,2.0553
2024-09-30 15:00:00,2.0747999999999998
2024-09-30 16:00:00,2.0762
2024-09-30 17:00:00,2.0616
2024-09-30 18:00:00,2.0601000000000003
2024-09-30 19:00:00,2.0625999999999998
2024-09-30 20:00:00,2.0581
2024-09-30 21:00:00,2.0623
2024-09-30 23:00:00,2.0623
2024-10-01 14:30:00,2.0932
2024-10-01 15:00:00,2.1012
2024-10-01 16:00:00,2.1113999999999997
2024-10-01 17:00:00,2.1204
2024-10-01 18:00:00,2.097
2024-10-01 19:00:00,2.101
2024-10-01 20:00:00,2.1071999999999997
2024-10-01 21:00:00,2.1166
2024-10-01 23:00:00,2.1166
2024-10-02 14:30:00,2.1493
2024-10-02 15:00:00,2.1173
2024-10-02 16:00:00,2.0949999999999998
2024-10-02 17:00:00,2.1035
2024-10-02 18:00:00,2.1128
2024-10-02 19:00:00,2.1181
2024-10-02 20:00:00,2.1295
2024-10-02 21:00:00,2.1364
2024-10-02 23:00:00,2.1364
2024-10-03 14:30:00,2.1485000000000003
2024-10-03 15:00:00,2.1807
2024-10-03 16:00:00,2.1893000000000002
2024-10-03 17:00:00,2.2055
2024-10-03 18:00:00,2.2011000000000003
2024-10-03 19:00:00,2.2141
2024-10-03 20:00:00,2.2165
2024-10-03 21:00:00,2.2116999999999996
2024-10-03 23:00:00,2.2116999999999996
2024-10-04 14:30:00,2.2188999999999997
2024-10-04 15:00:00,2.2171000000000003
2024-10-04 16:00:00,2.2226
2024-10-04 17:00:00,2.2304000000000004
2024-10-04 18:00:00,2.2379999999999995
2024-10-04 19:00:00,2.2131
2024-10-04 20:00:00,2.2150999999999996
2024-10-04 21:00:00,2.2157
2024-10-04 23:00:00,2.2157
2024-10-07 14:30:00,2.2428
2024-10-07 15:00:00,2.2592
2024-10-07 16:00:00,2.2851999999999997
2024-10-07 17:00:00,2.2813
2024-10-07 18:00:00,2.2775
2024-10-07 19:00:00,2.2849000000000004
2024-10-07 20:00:00,2.2831
2024-10-07 21:00:00,2.2815000000000003
2024-10-07 23:00:00,2.2815000000000003
2024-10-08 14:30:00,2.2089999999999996
2024-10-08 15:00:00,2.1891999999999996
2024-10-08 16:00:00,2.1904000000000003
2024-10-08 17:00:00,2.1792
2024-10-08 18:00:00,2.2028
2024-10-08 19:00:00,2.2026000000000003
2024-10-08 20:00:00,2.2062
2024-10-08 21:00:00,2.2020999999999997
2024-10-08 23:00:00,2.2020999999999997
2024-10-09 14:30:00,2.1593999999999998
2024-10-09 15:00:00,2.1715
2024-10-09 16:00:00,2.1900000000000004
2024-10-09 17:00:00,2.1837999999999997
2024-10-09 18:00:00,2.1879
2024-10-09 19:00:00,2.1901
2024-10-09 20:00:00,2.1955999999999998
2024-10-09 21:00:00,2.1887
2024-10-09 23:00:00,2.1887
2024-10-10 14:30:00,2.2226
2024-10-10 15:00:00,2.2397
2024-10-10 16:00:00,2.2504
2024-10-10 17:00:00,2.2592
2024-10-10 18:00:00,2.2668999999999997
2024-10-10 19:00:00,2.2672
2024-10-10 20:00:00,2.2676999999999996
2024-10-10 21:00:00,2.2621
2024-10-10 23:00:00,2.2621
2024-10-11 14:30:00,2.2499000000000002
2024-10-11 15:00:00,2.2729
2024-10-11 16:00:00,2.2664
2024-10-11 17:00:00,2.2642999999999995
2024-10-11 18:00:00,2.2710999999999997
2024-10-11 19:00:00,2.2628000000000004
2024-10-11 20:00:00,2.2628000000000004
2024-10-11 21:00:00,2.2621
2024-10-11 23:00:00,2.2621
2024-10-14 14:30:00,2.2306
2024-10-14 15:00:00,2.2283999999999997
2024-10-14 16:00:00,2.2196999999999996
2024-10-14 17:00:00,2.2263
2024-10-14 18:00:00,2.2287
2024-10-14 19:00:00,2.2264
2024-10-14 20:00:00,2.2272
2024-10-14 21:00:00,2.1792
2024-10-14 23:00:00,2.1792
2024-10-15 14:30:00,2.1361999999999997
2024-10-15 15:00:00,2.13
2024-10-15 16:00:00,2.1265
2024-10-15 17:00:00,2.1473000000000004
2024-10-15 18:00:00,2.143
2024-10-15 19:00:00,2.1581
2024-10-15 20:00:00,2.1559
2024-10-15 21:00:00,2.1577
2024-10-15 23:00:00,2.1577
2024-10-16 14:30:00,2.1421
2024-10-16 15:00:00,2.1479999999999997
2024-10-16 16:00:00,2.1498999999999997
2024-10-16 17:00:00,2.1479
2024-10-16 18:00:00,2.1484000000000005
2024-10-16 19:00:00,2.1481000000000003
2024-10-16 20:00:00,2.1515000000000004
2024-10-16 21:00:00,2.1559
2024-10-16 23:00:00,2.1559
2024-10-17 14:30:00,2.1501
2024-10-17 15:00:00,2.1441
2024-10-17 16:00:00,2.1450000000000005
2024-10-17 17:00:00,2.1383
2024-10-17 18:00:00,2.1429
2024-10-17 19:00:00,2.1516
2024-10-17 20:00:00,2.1524
2024-10-17 21:00:00,2.1512000000000002
2024-10-17 23:00:00,2.1512000000000002
2024-10-18 14:30:00,2.1235999999999997
2024-10-18 15:00:00,2.1103
2024-10-18 16:00:00,2.1089
2024-10-18 17:00:00,2.1234
2024-10-18 18:00:00,2.1247
2024-10-18 19:00:00,2.1113
2024-10-18 19:00:01,2.1113
2024-10-18 20:00:00,2.1145
2024-10-18 21:00:00,2.1122
2024-10-18 23:00:00,2.1122
2024-10-21 14:30:00,2.1303
2024-10-21 15:00:00,2.1180000000000003
2024-10-21 16:00:00,2.1260000000000003
2024-10-21 17:00:00,2.1283000000000003
2024-10-21 18:00:00,2.1330999999999998
2024-10-21 19:00:00,2.1326
2024-10-21 20:00:00,2.1246
2024-10-21 21:00:00,2.1245000000000003
2024-10-21 23:00:00,2.1245000000000003
2024-10-22 14:30:00,2.1607000000000003
2024-10-22 15:00:00,2.1647999999999996
2024-10-22 16:00:00,2.175
2024-10-22 17:00:00,2.1761
2024-10-22 18:00:00,2.1727
2024-10-22 19:00:00,2.1793000000000005
2024-10-22 20:00:00,2.1738999999999997
2024-10-22 21:00:00,2.1687000000000003
2024-10-22 23:00:00,2.1687000000000003
2024-10-23 14:30:00,2.1627
2024-10-23 15:00:00,2.1492000000000004
2024-10-23 16:00:00,2.1450000000000005
2024-10-23 17:00:00,2.143
2024-10-23 18:00:00,2.1475999999999997
2024-10-23 19:00:00,2.1468
2024-10-23 20:00:00,2.1519000000000004
2024-10-23 21:00:00,2.1529
2024-10-23 23:00:00,2.1529
2024-10-24 14:30:00,2.1595000000000004
2024-10-24 15:00:00,2.1334
2024-10-24 16:00:00,2.1281
2024-10-24 17:00:00,2.1294
2024-10-24 18:00:00,2.1324
2024-10-24 19:00:00,2.1379
2024-10-24 20:00:00,2.1436
2024-10-24 21:00:00,2.1405000000000003
2024-10-24 23:00:00,2.1405000000000003
2024-10-25 14:30:00,2.1642
2024-10-25 15:00:00,2.1586999999999996
2024-10-25 16:00:00,2.1754
2024-10-25 17:00:00,2.1802
2024-10-25 18:00:00,2.1745
2024-10-25 19:00:00,2.1771000000000003
2024-10-25 20:00:00,2.1764
2024-10-25 21:00:00,2.1779
2024-10-25 23:00:00,2.1779
2024-10-28 13:30:00,2.0869
2024-10-28 14:00:00,2.0861
2024-10-28 15:00:00,2.0784000000000002
2024-10-28 16:00:00,2.0754
2024-10-28 17:00:00,2.0742000000000003
2024-10-28 18:00:00,2.0705999999999998
2024-10-28 19:00:00,2.0751
2024-10-28 20:00:00,2.0787
2024-10-28 23:00:00,2.0787
2024-10-29 13:30:00,2.065
2024-10-29 14:00:00,2.0652
2024-10-29 15:00:00,2.056
2024-10-29 16:00:00,2.0591
2024-10-29 17:00:00,2.0598
2024-10-29 18:00:00,2.0603
2024-10-29 19:00:00,2.0629
2024-10-29 20:00:00,2.0709999999999997
2024-10-29 23:00:00,2.0709999999999997
2024-10-30 13:30:00,2.0787
2024-10-30 14:00:00,2.0923
2024-10-30 15:00:00,2.1029
2024-10-30 16:00:00,2.0932
2024-10-30 17:00:00,2.0933
2024-10-30 18:00:00,2.1008
2024-10-30 19:00:00,2.1066000000000003
2024-10-30 20:00:00,2.1113999999999997
2024-10-30 23:00:00,2.1113999999999997
2024-10-31 13:30:00,2.1149
2024-10-31 14:00:00,2.1193
2024-10-31 15:00:00,2.1201
2024-10-31 16:00:00,2.1089
2024-10-31 17:00:00,2.1094999999999997
2024-10-31 18:00:00,2.1411
2024-10-31 19:00:00,2.1433
2024-10-31 20:00:00,2.1400000000000006
2024-10-31 23:00:00,2.1400000000000006
2024-11-01 13:30:00,2.1536
2024-11-01 14:00:00,2.1353
2024-11-01 15:00:00,2.1362
2024-11-01 16:00:00,2.1303
2024-11-01 17:00:00,2.1182
2024-11-01 18:00:00,2.1125
2024-11-01 19:00:00,2.1117
2024-11-01 20:00:00,2.1097
2024-11-01 23:00:00,2.1097
2024-11-04 14:30:00,2.1653000000000002
2024-11-04 15:00:00,2.1528
2024-11-04 16:00:00,2.1593
2024-11-04 17:00:00,2.1651
2024-11-04 18:00:00,2.1637000000000004
2024-11-04 19:00:00,2.1616
2024-11-04 20:00:00,2.1635
2024-11-04 21:00:00,2.1654
2024-11-04 23:00:00,2.1654
2024-11-05 14:30:00,2.1845999999999997
2024-11-05 15:00:00,2.1902999999999997
2024-11-05 16:00:00,2.1925
2024-11-05 17:00:00,2.1798
2024-11-05 18:00:00,2.1733000000000002
2024-11-05 19:00:00,2.1837999999999997
2024-11-05 20:00:00,2.1820000000000004
2024-11-05 21:00:00,2.1799999999999997
2024-11-05 23:00:00,2.1799999999999997
2024-11-06 14:30:00,2.1582
2024-11-06 15:00:00,2.1875
2024-11-06 16:00:00,2.1748000000000003
2024-11-06 17:00:00,2.1764
2024-11-06 18:00:00,2.1687000000000003
2024-11-06 19:00:00,2.1723999999999997
2024-11-06 20:00:00,2.1749
2024-11-06 21:00:00,2.1745
2024-11-06 23:00:00,2.1745
2024-11-07 14:30:00,2.1622000000000003
2024-11-07 15:00:00,2.1681
2024-11-07 16:00:00,2.1756
2024-11-07 17:00:00,2.1952
2024-11-07 18:00:00,2.1963999999999997
2024-11-07 19:00:00,2.1924
2024-11-07 20:00:00,2.186
2024-11-07 21:00:00,2.1895
2024-11-07 23:00:00,2.1895
2024-11-08 14:30:00,2.1557000000000004
2024-11-08 15:00:00,2.1482
2024-11-08 16:00:00,2.1452
2024-11-08 17:00:00,2.16
2024-11-08 18:00:00,2.1519000000000004
2024-11-08 19:00:00,2.1567
2024-11-08 20:00:00,2.1548
2024-11-08 21:00:00,2.1528
2024-11-08 23:00:00,2.1528
2024-11-11 14:30:00,2.1127000000000002
2024-11-11 15:00:00,2.1057
2024-11-11 16:00:00,2.1015
2024-11-11 17:00:00,2.1029999999999998
2024-11-11 18:00:00,2.1019
2024-11-11 19:00:00,2.099
2024-11-11 20:00:00,2.0987999999999998
2024-11-11 21:00:00,2.0958
2024-11-11 23:00:00,2.0958
2024-11-12 14:30:00,2.1161000000000003
2024-11-12 15:00:00,2.0968999999999998
2024-11-12 16:00:00,2.105
2024-11-12 17:00:00,2.1046
2024-11-12 18:00:00,2.0991999999999997
2024-11-12 19:00:00,2.0986000000000002
2024-11-12 20:00:00,2.0911
2024-11-12 21:00:00,2.0902000000000003
2024-11-12 23:00:00,2.0902000000000003
2024-11-13 14:30:00,2.0655
2024-11-13 15:00:00,2.0848
2024-11-13 16:00:00,2.0902000000000003
2024-11-13 17:00:00,2.1009
2024-11-13 18:00:00,2.1045
2024-11-13 19:00:00,2.0929
2024-11-13 20:00:00,2.0894000000000004
2024-11-13 21:00:00,2.0883000000000003
2024-11-13 23:00:00,2.0883000000000003
2024-11-14 14:30:00,2.1154
2024-11-14 15:00:00,2.1047000000000002
2024-11-14 16:00:00,2.1129
2024-11-14 17:00:00,2.1007
2024-11-14 18:00:00,2.1071
2024-11-14 19:00:00,2.1111
2024-11-14 20:00:00,2.1065
2024-11-14 21:00:00,2.1083
2024-11-14 23:00:00,2.1083
2024-11-15 14:30:00,2.112
2024-11-15 15:00:00,2.1188000000000002
2024-11-15 16:00:00,2.0964
2024-11-15 17:00:00,2.0855
2024-11-15 18:00:00,2.0824
2024-11-15 19:00:00,2.0839
2024-11-15 20:00:00,2.082
2024-11-15 21:00:00,2.0804
2024-11-15 23:00:00,2.0804
2024-11-18 14:30:00,2.1177
2024-11-18 15:00:00,2.1372
2024-11-18 16:00:00,2.1358
2024-11-18 17:00:00,2.1361
2024-11-18 18:00:00,2.1433999999999997
2024-11-18 19:00:00,2.1411
2024-11-18 20:00:00,2.1409000000000002
2024-11-18 21:00:00,2.1423000000000005
2024-11-18 23:00:00,2.1423000000000005
2024-11-19 14:30:00,2.1597
2024-11-19 15:00:00,2.1550000000000002
2024-11-19 16:00:00,2.151
2024-11-19 17:00:00,2.1528
2024-11-19 18:00:00,2.1482
2024-11-19 19:00:00,2.1531000000000002
2024-11-19 20:00:00,2.1525
2024-11-19 21:00:00,2.1502
2024-11-19 23:00:00,2.1502
2024-11-20 14:30:00,2.1654999999999998
2024-11-20 15:00:00,2.1608
2024-11-20 16:00:00,2.1557000000000004
2024-11-20 17:00:00,2.1486
2024-11-20 18:00:00,2.1501
2024-11-20 19:00:00,2.1494999999999997
2024-11-20 20:00:00,2.152
2024-11-20 21:00:00,2.1506
2024-11-20 23:00:00,2.1506
2024-11-21 14:30:00,2.1577
2024-11-21 15:00:00,2.1572000000000005
2024-11-21 16:00:00,2.1452999999999998
2024-11-21 17:00:00,2.1437
2024-11-21 18:00:00,2.1521
2024-11-21 19:00:00,2.1601999999999997
2024-11-21 19:00:01,2.1601999999999997
2024-11-21 20:00:00,2.1590999999999996
2024-11-21 21:00:00,2.1563
2024-11-21 23:00:00,2.1563
2024-11-22 14:30:00,2.1573
2024-11-22 15:00:00,2.1676
2024-11-22 16:00:00,2.1685
2024-11-22 17:00:00,2.1791
2024-11-22 18:00:00,2.1777999999999995
2024-11-22 19:00:00,2.1734
2024-11-22 20:00:00,2.1668000000000003
2024-11-22 21:00:00,2.1687000000000003
2024-11-22 23:00:00,2.1687000000000003
2024-11-25 14:30:00,2.1304999999999996
2024-11-25 15:00:00,2.1090999999999998
2024-11-25 16:00:00,2.1102
2024-11-25 17:00:00,2.1115
2024-11-25 18:00:00,2.1087
2024-11-25 19:00:00,2.1098999999999997
2024-11-25 20:00:00,2.1142
2024-11-25 21:00:00,2.1131
2024-11-25 23:00:00,2.1131
2024-11-26 14:30:00,2.1284
2024-11-26 15:00:00,2.1327
2024-11-26 16:00:00,2.1211
2024-11-26 17:00:00,2.0968
2024-11-26 18:00:00,2.1007
2024-11-26 19:00:00,2.1068
2024-11-26 20:00:00,2.1037999999999997
2024-11-26 21:00:00,2.1105
2024-11-26 23:00:00,2.1105
2024-11-27 14:30:00,2.1138
2024-11-27 15:00:00,2.0971
2024-11-27 16:00:00,2.0854
2024-11-27 17:00:00,2.0788
2024-11-27 18:00:00,2.0866
2024-11-27 19:00:00,2.0957
2024-11-27 20:00:00,2.0949999999999998
2024-11-27 21:00:00,2.096
2024-11-27 23:00:00,2.096
2024-11-29 14:30:00,2.1087
2024-11-29 15:00:00,2.1089
2024-11-29 16:00:00,2.0892999999999997
2024-11-29 17:00:00,2.0858
2024-11-29 23:00:00,2.0858
2024-12-02 14:30:00,2.0774999999999997
2024-12-02 15:00:00,2.0875
2024-12-02 16:00:00,2.0694999999999997
2024-12-02 17:00:00,2.0763
2024-12-02 18:00:00,2.0751999999999997
2024-12-02 19:00:00,2.0789
2024-12-02 20:00:00,2.0781
2024-12-02 21:00:00,2.0804
2024-12-02 23:00:00,2.0804
2024-12-03 14:30:00,2.1048999999999998
2024-12-03 15:00:00,2.1216999999999997
2024-12-03 16:00:00,2.1284
2024-12-03 17:00:00,2.1248
2024-12-03 18:00:00,2.1326
2024-12-03 19:00:00,2.1300999999999997
2024-12-03 20:00:00,2.1289
2024-12-03 21:00:00,2.1246
2024-12-03 23:00:00,2.1246
2024-12-04 14:30:00,2.1334
2024-12-04 15:00:00,2.1322
2024-12-04 16:00:00,2.1272
2024-12-04 17:00:00,2.1098
2024-12-04 18:00:00,2.1039
2024-12-04 19:00:00,2.1074
2024-12-04 20:00:00,2.106
2024-12-04 21:00:00,2.1044
2024-12-04 23:00:00,2.1044
2024-12-05 14:30:00,2.1135
2024-12-05 15:00:00,2.1096
2024-12-05 16:00:00,2.1003
2024-12-05 17:00:00,2.0919
2024-12-05 18:00:00,2.1012
2024-12-05 19:00:00,2.1003
2024-12-05 20:00:00,2.0995
2024-12-05 21:00:00,2.0991999999999997
2024-12-05 23:00:00,2.0991999999999997
2024-12-06 14:30:00,2.0734
2024-12-06 15:00:00,2.0690999999999997
2024-12-06 16:00:00,2.0759999999999996
2024-12-06 17:00:00,2.0791
2024-12-06 18:00:00,2.0826000000000002
2024-12-06 19:00:00,2.0707
2024-12-06 20:00:00,2.0689
2024-12-06 21:00:00,2.0697
2024-12-06 23:00:00,2.0697
2024-12-09 14:30:00,2.1117999999999997
2024-12-09 15:00:00,2.1154
2024-12-09 16:00:00,2.1158
2024-12-09 17:00:00,2.1177
2024-12-09 18:00:00,2.1151999999999997
2024-12-09 19:00:00,2.1107
2024-12-09 20:00:00,2.1069
2024-12-09 21:00:00,2.106
2024-12-09 23:00:00,2.106
2024-12-10 14:30:00,2.1182
2024-12-10 15:00:00,2.1283
2024-12-10 16:00:00,2.1311999999999998
2024-12-10 17:00:00,2.1283
2024-12-10 18:00:00,2.1235999999999997
2024-12-10 19:00:00,2.1113
2024-12-10 20:00:00,2.1109999999999998
2024-12-10 21:00:00,2.1134
2024-12-10 23:00:00,2.1134
2024-12-11 14:30:00,2.1365999999999996
2024-12-11 15:00:00,2.1342
2024-12-11 16:00:00,2.1426999999999996
2024-12-11 17:00:00,2.1441999999999997
2024-12-11 18:00:00,2.1463
2024-12-11 19:00:00,2.1551
2024-12-11 20:00:00,2.1525
2024-12-11 21:00:00,2.1554
2024-12-11 23:00:00,2.1554
2024-12-12 14:30:00,2.1369
2024-12-12 15:00:00,2.1264
2024-12-12 16:00:00,2.1319
2024-12-12 17:00:00,2.1495999999999995
2024-12-12 18:00:00,2.1483999999999996
2024-12-12 19:00:00,2.1582999999999997
2024-12-12 20:00:00,2.1567
2024-12-12 21:00:00,2.1529
2024-12-12 23:00:00,2.1529
2024-12-13 14:30:00,2.1619
2024-12-13 15:00:00,2.1631
2024-12-13 16:00:00,2.1672000000000002
2024-12-13 17:00:00,2.1666999999999996
2024-12-13 18:00:00,2.1646
2024-12-13 19:00:00,2.1617999999999995
2024-12-13 20:00:00,2.1605
2024-12-13 21:00:00,2.1581
2024-12-13 23:00:00,2.1581
2024-12-16 14:30:00,2.1482
2024-12-16 15:00:00,2.1498999999999997
2024-12-16 16:00:00,2.1395
2024-12-16 17:00:00,2.1487
2024-12-16 18:00:00,2.1387
2024-12-16 19:00:00,2.1374
2024-12-16 20:00:00,2.1372999999999998
2024-12-16 21:00:00,2.1391999999999998
2024-12-16 23:00:00,2.1391999999999998
2024-12-17 14:30:00,2.1074
2024-12-17 15:00:00,2.0991999999999997
2024-12-17 16:00:00,2.1079999999999997
2024-12-17 17:00:00,2.1132
2024-12-17 18:00:00,2.1148
2024-12-17 19:00:00,2.114
2024-12-17 20:00:00,2.1142
2024-12-17 21:00:00,2.1176
2024-12-17 23:00:00,2.1176
2024-12-18 14:30:00,2.1285999999999996
2024-12-18 15:00:00,2.1391999999999998
2024-12-18 16:00:00,2.1361
2024-12-18 17:00:00,2.1219
2024-12-18 18:00:00,2.1192
2024-12-18 19:00:00,2.1069
2024-12-18 19:00:01,2.1069
2024-12-18 20:00:00,2.1012
2024-12-18 21:00:00,2.1018000000000003
2024-12-18 23:00:00,2.1018000000000003
2024-12-19 14:30:00,2.1137
2024-12-19 15:00:00,2.0937
2024-12-19 16:00:00,2.0907
2024-12-19 17:00:00,2.0916
2024-12-19 18:00:00,2.0921000000000003
2024-12-19 19:00:00,2.0882
2024-12-19 20:00:00,2.0846
2024-12-19 21:00:00,2.0872
2024-12-19 23:00:00,2.0872
2024-12-20 14:30:00,2.081
2024-12-20 15:00:00,2.0976000000000004
2024-12-20 16:00:00,2.1016000000000004
2024-12-20 17:00:00,2.108
2024-12-20 18:00:00,2.1094
2024-12-20 19:00:00,2.1024000000000003
2024-12-20 20:00:00,2.1036
2024-12-20 21:00:00,2.1044
2024-12-20 23:00:00,2.1044
2024-12-23 14:30:00,2.0928
2024-12-23 15:00:00,2.0857
2024-12-23 16:00:00,2.0861
2024-12-23 17:00:00,2.0966
2024-12-23 18:00:00,2.1031
2024-12-23 19:00:00,2.1076
2024-12-23 20:00:00,2.1108000000000002
2024-12-23 21:00:00,2.1100000000000003
2024-12-23 23:00:00,2.1100000000000003
2024-12-24 14:30:00,2.1242
2024-12-24 15:00:00,2.1318
2024-12-24 16:00:00,2.1328
2024-12-24 17:00:00,2.1252
2024-12-24 18:00:00,2.1238
2024-12-24 23:00:00,2.1238
2024-12-26 14:30:00,2.1257
2024-12-26 15:00:00,2.1152
2024-12-26 16:00:00,2.1157000000000004
2024-12-26 17:00:00,2.1126
2024-12-26 18:00:00,2.1162
2024-12-26 19:00:00,2.1124
2024-12-26 20:00:00,2.1100000000000003
2024-12-26 21:00:00,2.1137
2024-12-26 23:00:00,2.1137
2024-12-27 14:30:00,2.1273
2024-12-27 15:00:00,2.1221
2024-12-27 16:00:00,2.1242
2024-12-27 17:00:00,2.1216
2024-12-27 18:00:00,2.1319000000000004
2024-12-27 19:00:00,2.1261
2024-12-27 20:00:00,2.1193
2024-12-27 21:00:00,2.1204
2024-12-27 23:00:00,2.1204
2024-12-30 14:30:00,2.1504000000000003
2024-12-30 15:00:00,2.1521000000000003
2024-12-30 16:00:00,2.1512000000000002
2024-12-30 17:00:00,2.1524
2024-12-30 18:00:00,2.1469
2024-12-30 19:00:00,2.1448
2024-12-30 20:00:00,2.1463
2024-12-30 21:00:00,2.1473
2024-12-30 23:00:00,2.1473
2024-12-31 14:30:00,2.1513
2024-12-31 15:00:00,2.1563000000000003
2024-12-31 16:00:00,2.1586000000000003
2024-12-31 17:00:00,2.1609000000000003
2024-12-31 18:00:00,2.1633
2024-12-31 19:00:00,2.1682
2024-12-31 20:00:00,2.1679
2024-12-31 21:00:00,2.1684
2024-12-31 23:00:00,2.1684
2025-01-02 14:30:00,2.2163
2025-01-02 15:00:00,2.2183
2025-01-02 16:00:00,2.2234000000000003
2025-01-02 17:00:00,2.2164
2025-01-02 18:00:00,2.2105
2025-01-02 19:00:00,2.2076000000000002
2025-01-02 20:00:00,2.2047000000000003
2025-01-02 21:00:00,2.206
2025-01-02 23:00:00,2.206
2025-01-03 14:30:00,2.2133000000000003
2025-01-03 15:00:00,2.2174
2025-01-03 16:00:00,2.2156000000000002
2025-01-03 17:00:00,2.2194000000000003
2025-01-03 18:00:00,2.2137000000000002
2025-01-03 19:00:00,2.2154000000000003
2025-01-03 20:00:00,2.2144
2025-01-03 21:00:00,2.2152000000000003
2025-01-03 23:00:00,2.2152000000000003
2025-01-06 14:30:00,2.2361
2025-01-06 15:00:00,2.218
2025-01-06 16:00:00,2.2178
2025-01-06 17:00:00,2.2
2025-01-06 18:00:00,2.1948000000000003
2025-01-06 19:00:00,2.2017
2025-01-06 20:00:00,2.1983
2025-01-06 21:00:00,2.1984000000000004
2025-01-06 23:00:00,2.1984000000000004
2025-01-07 14:30:00,2.214
2025-01-07 15:00:00,2.2137000000000002
2025-01-07 16:00:00,2.2117
2025-01-07 17:00:00,2.2095000000000002
2025-01-07 18:00:00,2.2082
2025-01-07 19:00:00,2.2135000000000002
2025-01-07 20:00:00,2.2101
2025-01-07 21:00:00,2.2111
2025-01-07 23:00:00,2.2111
2025-01-08 14:30:00,2.2175000000000002
2025-01-08 15:00:00,2.2102
2025-01-08 16:00:00,2.1965000000000003
2025-01-08 17:00:00,2.1977
2025-01-08 18:00:00,2.1950000000000003
2025-01-08 19:00:00,2.1990000000000003
2025-01-08 20:00:00,2.1969000000000003
2025-01-08 21:00:00,2.1991
2025-01-08 23:00:00,2.1991
2025-01-09 14:30:00,2.1991
2025-01-09 15:00:00,2.2127000000000003
2025-01-09 16:00:00,2.2137000000000002
2025-01-09 17:00:00,2.2153
2025-01-09 18:00:00,2.2113
2025-01-09 19:00:00,2.2187
2025-01-09 20:00:00,2.2168
2025-01-09 21:00:00,2.2186000000000003
2025-01-09 23:00:00,2.2186000000000003
2025-01-10 14:30:00,2.2727
2025-01-10 15:00:00,2.2465
2025-01-10 16:00:00,2.2524
2025-01-10 17:00:00,2.2586
2025-01-10 18:00:00,2.2596000000000003
2025-01-10 19:00:00,2.2596000000000003
2025-01-10 20:00:00,2.2616
2025-01-10 21:00:00,2.2608
2025-01-10 23:00:00,2.2608
2025-01-13 14:30:00,2.2840000000000003
2025-01-13 15:00:00,2.2922000000000002
2025-01-13 16:00:00,2.2969
2025-01-13 17:00:00,2.2880000000000003
2025-01-13 18:00:00,2.2848
2025-01-13 19:00:00,2.29
2025-01-13 20:00:00,2.2852
2025-01-13 21:00:00,2.2877
2025-01-13 23:00:00,2.2877
2025-01-14 14:30:00,2.2789
2025-01-14 15:00:00,2.2891000000000004
2025-01-14 16:00:00,2.2937000000000003
2025-01-14 17:00:00,2.293
2025-01-14 18:00:00,2.2887
2025-01-14 19:00:00,2.2881
2025-01-14 20:00:00,2.294
2025-01-14 21:00:00,2.2993
2025-01-14 23:00:00,2.2993
2025-01-15 14:30:00,2.3158000000000003
2025-01-15 15:00:00,2.3129
2025-01-15 16:00:00,2.3264
2025-01-15 17:00:00,2.3287
2025-01-15 18:00:00,2.3299000000000003
2025-01-15 19:00:00,2.338
2025-01-15 20:00:00,2.3422
2025-01-15 21:00:00,2.3432
2025-01-15 23:00:00,2.3432
2025-01-16 14:30:00,2.311
2025-01-16 15:00:00,2.2978
2025-01-16 16:00:00,2.2995
2025-01-16 17:00:00,2.3082000000000003
2025-01-16 18:00:00,2.3001
2025-01-16 19:00:00,2.3055000000000003
2025-01-16 20:00:00,2.3024
2025-01-16 21:00:00,2.3004000000000002
2025-01-16 23:00:00,2.3004000000000002
2025-01-17 14:30:00,2.303
2025-01-17 15:00:00,2.2978
2025-01-17 16:00:00,2.3122000000000003
2025-01-17 17:00:00,2.3065
2025-01-17 18:00:00,2.3001
2025-01-17 19:00:00,2.2978
2025-01-17 19:00:01,2.2978
2025-01-17 20:00:00,2.2982
2025-01-17 21:00:00,2.2975
2025-01-17 23:00:00,2.2975
2025-01-21 14:30:00,2.2792
2025-01-21 15:00:00,2.2887999999999997
2025-01-21 16:00:00,2.2891
2025-01-21 17:00:00,2.2763999999999998
2025-01-21 18:00:00,2.2755
2025-01-21 19:00:00,2.2811999999999997
2025-01-21 20:00:00,2.2826
2025-01-21 21:00:00,2.2799
2025-01-21 23:00:00,2.2799
2025-01-22 14:30:00,2.2643
2025-01-22 15:00:00,2.2658
2025-01-22 16:00:00,2.2693
2025-01-22 17:00:00,2.2701
2025-01-22 18:00:00,2.2668999999999997
2025-01-22 19:00:00,2.2616
2025-01-22 20:00:00,2.2599
2025-01-22 21:00:00,2.2620999999999998
2025-01-22 23:00:00,2.2620999999999998
2025-01-23 14:30:00,2.2837
2025-01-23 15:00:00,2.279
2025-01-23 16:00:00,2.2622
2025-01-23 17:00:00,2.2721
2025-01-23 18:00:00,2.2638
2025-01-23 19:00:00,2.2605
2025-01-23 20:00:00,2.2557
2025-01-23 21:00:00,2.2567999999999997
2025-01-23 23:00:00,2.2567999999999997
2025-01-24 14:30:00,2.2489999999999997
2025-01-24 15:00:00,2.2431
2025-01-24 16:00:00,2.2392
2025-01-24 17:00:00,2.2449
2025-01-24 18:00:00,2.2565
2025-01-24 19:00:00,2.2515
2025-01-24 20:00:00,2.2525
2025-01-24 21:00:00,2.2525999999999997
2025-01-24 23:00:00,2.2525999999999997
2025-01-27 14:30:00,2.2515
2025-01-27 15:00:00,2.2333
2025-01-27 16:00:00,2.2152
2025-01-27 17:00:00,2.2142
2025-01-27 18:00:00,2.223
2025-01-27 19:00:00,2.225
2025-01-27 20:00:00,2.2243
2025-01-27 21:00:00,2.2245
2025-01-27 23:00:00,2.2245
2025-01-28 14:30:00,2.2332
2025-01-28 15:00:00,2.2293
2025-01-28 16:00:00,2.2245999999999997
2025-01-28 17:00:00,2.2233
2025-01-28 18:00:00,2.2359
2025-01-28 19:00:00,2.2365999999999997
2025-01-28 20:00:00,2.2388999999999997
2025-01-28 21:00:00,2.2407999999999997
2025-01-28 23:00:00,2.2407999999999997
2025-01-29 14:30:00,2.2335
2025-01-29 15:00:00,2.2386999999999997
2025-01-29 16:00:00,2.2391
2025-01-29 17:00:00,2.2186
2025-01-29 18:00:00,2.2245999999999997
2025-01-29 19:00:00,2.2228
2025-01-29 20:00:00,2.2234
2025-01-29 21:00:00,2.2243999999999997
2025-01-29 23:00:00,2.2243999999999997
2025-01-30 14:30:00,2.2294
2025-01-30 15:00:00,2.2432
2025-01-30 16:00:00,2.2308999999999997
2025-01-30 17:00:00,2.2285999999999997
2025-01-30 18:00:00,2.2319999999999998
2025-01-30 19:00:00,2.2319999999999998
2025-01-30 20:00:00,2.2338999999999998
2025-01-30 21:00:00,2.2399999999999998
2025-01-30 23:00:00,2.2399999999999998
2025-01-31 14:30:00,2.2121999999999997
2025-01-31 15:00:00,2.2260999999999997
2025-01-31 16:00:00,2.2317
2025-01-31 17:00:00,2.2253
2025-01-31 18:00:00,2.2464
2025-01-31 19:00:00,2.2229
2025-01-31 20:00:00,2.2391
2025-01-31 21:00:00,2.2548
2025-01-31 23:00:00,2.2548
2025-02-03 14:30:00,2.2676
2025-02-03 15:00:00,2.2403999999999997
2025-02-03 16:00:00,2.251
2025-02-03 17:00:00,2.2521999999999998
2025-02-03 18:00:00,2.2578
2025-02-03 19:00:00,2.2634
2025-02-03 20:00:00,2.2595
2025-02-03 21:00:00,2.2342
2025-02-03 23:00:00,2.2342
2025-02-04 14:30:00,2.2534
2025-02-04 15:00:00,2.2569
2025-02-04 16:00:00,2.2657
2025-02-04 17:00:00,2.2633
2025-02-04 18:00:00,2.2679
2025-02-04 19:00:00,2.2626999999999997
2025-02-04 20:00:00,2.2637
2025-02-04 21:00:00,2.2694
2025-02-04 23:00:00,2.2694
2025-02-05 14:30:00,2.2481999999999998
2025-02-05 15:00:00,2.2365999999999997
2025-02-05 16:00:00,2.2257
2025-02-05 17:00:00,2.2239
2025-02-05 18:00:00,2.2257
2025-02-05 19:00:00,2.2275
2025-02-05 20:00:00,2.2281999999999997
2025-02-05 21:00:00,2.2264999999999997
2025-02-05 23:00:00,2.2264999999999997
2025-02-06 14:30:00,2.2189
2025-02-06 15:00:00,2.2399
2025-02-06 16:00:00,2.2407999999999997
2025-02-06 17:00:00,2.2334
2025-02-06 18:00:00,2.2302
2025-02-06 19:00:00,2.235
2025-02-06 20:00:00,2.2363999999999997
2025-02-06 21:00:00,2.2340999999999998
2025-02-06 23:00:00,2.2340999999999998
2025-02-07 14:30:00,2.2468999999999997
2025-02-07 15:00:00,2.2512
2025-02-07 16:00:00,2.2493
2025-02-07 17:00:00,2.2563
2025-02-07 18:00:00,2.2532
2025-02-07 19:00:00,2.2584
2025-02-07 20:00:00,2.2569999999999997
2025-02-07 21:00:00,2.2596
2025-02-07 23:00:00,2.2596
2025-02-10 14:30:00,2.2687999999999997
2025-02-10 15:00:00,2.2727
2025-02-10 16:00:00,2.2746999999999997
2025-02-10 17:00:00,2.2742999999999998
2025-02-10 18:00:00,2.2704
2025-02-10 19:00:00,2.2765999999999997
2025-02-10 20:00:00,2.2759
2025-02-10 21:00:00,2.2765999999999997
2025-02-10 23:00:00,2.2765999999999997
2025-02-11 14:30:00,2.307
2025-02-11 15:00:00,2.3026
2025-02-11 16:00:00,2.3072999999999997
2025-02-11 17:00:00,2.3104
2025-02-11 18:00:00,2.3127999999999997
2025-02-11 19:00:00,2.3127999999999997
2025-02-11 20:00:00,2.3093999999999997
2025-02-11 21:00:00,2.3129
2025-02-11 23:00:00,2.3129
2025-02-12 14:30:00,2.2851999999999997
2025-02-12 15:00:00,2.2786999999999997
2025-02-12 16:00:00,2.2729
2025-02-12 17:00:00,2.262
2025-02-12 18:00:00,2.2582
2025-02-12 19:00:00,2.2525
2025-02-12 20:00:00,2.2479
2025-02-12 21:00:00,2.2452
2025-02-12 23:00:00,2.2452
2025-02-13 14:30:00,2.2519
2025-02-13 15:00:00,2.2506
2025-02-13 16:00:00,2.2584999999999997
2025-02-13 17:00:00,2.2563999999999997
2025-02-13 18:00:00,2.263
2025-02-13 19:00:00,2.2675
2025-02-13 20:00:00,2.2666
2025-02-13 21:00:00,2.2693
2025-02-13 23:00:00,2.2693
2025-02-14 14:30:00,2.2750999999999997
2025-02-14 15:00:00,2.2597
2025-02-14 16:00:00,2.2567
2025-02-14 17:00:00,2.2584999999999997
2025-02-14 18:00:00,2.2552
2025-02-14 19:00:00,2.2535
2025-02-14 20:00:00,2.2535
2025-02-14 21:00:00,2.2492
2025-02-14 23:00:00,2.2492
2025-02-14 23:00:01,2.2492
2025-02-18 14:30:00,2.2645
2025-02-18 15:00:00,2.2637
2025-02-18 16:00:00,2.2655
2025-02-18 17:00:00,2.2600000000000002
2025-02-18 18:00:00,2.2653
2025-02-18 19:00:00,2.2652
2025-02-18 20:00:00,2.2652
2025-02-18 21:00:00,2.2666
2025-02-18 23:00:00,2.2666
2025-02-19 14:30:00,2.2854
2025-02-19 15:00:00,2.2671
2025-02-19 16:00:00,2.2667
2025-02-19 17:00:00,2.2632
2025-02-19 18:00:00,2.2578
2025-02-19 19:00:00,2.2646
2025-02-19 20:00:00,2.2672
2025-02-19 21:00:00,2.2657000000000003
2025-02-19 23:00:00,2.2657000000000003
2025-02-20 14:30:00,2.2713
2025-02-20 15:00:00,2.269
2025-02-20 16:00:00,2.2726
2025-02-20 17:00:00,2.2785
2025-02-20 18:00:00,2.2806
2025-02-20 19:00:00,2.2688
2025-02-20 20:00:00,2.2689
2025-02-20 21:00:00,2.2716
2025-02-20 23:00:00,2.2716
2025-02-21 14:30:00,2.2445
2025-02-21 15:00:00,2.2335000000000003
2025-02-21 16:00:00,2.2363
2025-02-21 17:00:00,2.2362
2025-02-21 18:00:00,2.2228
2025-02-21 19:00:00,2.2165
2025-02-21 20:00:00,2.2138
2025-02-21 21:00:00,2.2166
2025-02-21 23:00:00,2.2166
2025-02-24 14:30:00,2.2111
2025-02-24 15:00:00,2.2106
2025-02-24 16:00:00,2.2148
2025-02-24 17:00:00,2.2122
2025-02-24 18:00:00,2.2095000000000002
2025-02-24 19:00:00,2.2088
2025-02-24 20:00:00,2.2158
2025-02-24 21:00:00,2.2218
2025-02-24 23:00:00,2.2218
2025-02-25 14:30:00,2.1987
2025-02-25 15:00:00,2.1631
2025-02-25 16:00:00,2.1670000000000003
2025-02-25 17:00:00,2.1627
2025-02-25 18:00:00,2.1651000000000002
2025-02-25 19:00:00,2.1663
2025-02-25 20:00:00,2.1668
2025-02-25 21:00:00,2.1693000000000002
2025-02-25 23:00:00,2.1693000000000002
2025-02-26 14:30:00,2.1506
2025-02-26 15:00:00,2.14
2025-02-26 16:00:00,2.1416
2025-02-26 17:00:00,2.1482
2025-02-26 18:00:00,2.1395
2025-02-26 19:00:00,2.1463
2025-02-26 20:00:00,2.1462
2025-02-26 21:00:00,2.1475
2025-02-26 23:00:00,2.1475
2025-02-27 14:30:00,2.1629
2025-02-27 15:00:00,2.1787
2025-02-27 16:00:00,2.1779
2025-02-27 17:00:00,2.1812
2025-02-27 18:00:00,2.1891000000000003
2025-02-27 19:00:00,2.1921
2025-02-27 20:00:00,2.1861
2025-02-27 21:00:00,2.1897
2025-02-27 23:00:00,2.1897
2025-02-28 14:30:00,2.1576
2025-02-28 15:00:00,2.1768
2025-02-28 16:00:00,2.1703
2025-02-28 17:00:00,2.1751
2025-02-28 18:00:00,2.1802
2025-02-28 19:00:00,2.1732
2025-02-28 20:00:00,2.1819
2025-02-28 21:00:00,2.1801
2025-02-28 23:00:00,2.1801
2025-03-03 14:30:00,2.1749
2025-03-03 15:00:00,2.1704
2025-03-03 16:00:00,2.1661
2025-03-03 17:00:00,2.1667
2025-03-03 18:00:00,2.1375
2025-03-03 19:00:00,2.1350000000000002
2025-03-03 20:00:00,2.1411000000000002
2025-03-03 21:00:00,2.1452
2025-03-03 23:00:00,2.1452
2025-03-04 14:30:00,2.1029
2025-03-04 15:00:00,2.115
2025-03-04 16:00:00,2.1272
2025-03-04 17:00:00,2.1296
2025-03-04 18:00:00,2.1409000000000002
2025-03-04 19:00:00,2.141
2025-03-04 20:00:00,2.1366
2025-03-04 21:00:00,2.1262
2025-03-04 23:00:00,2.1262
2025-03-05 14:30:00,2.0718
2025-03-05 15:00:00,2.0604
2025-03-05 16:00:00,2.0575
2025-03-05 17:00:00,2.074
2025-03-05 18:00:00,2.0873
2025-03-05 19:00:00,2.0844
2025-03-05 20:00:00,2.0868
2025-03-05 21:00:00,2.0834
2025-03-05 23:00:00,2.0834
2025-03-06 14:30:00,2.0812
2025-03-06 15:00:00,2.0553
2025-03-06 16:00:00,2.0478
2025-03-06 17:00:00,2.0652
2025-03-06 18:00:00,2.0636
2025-03-06 19:00:00,2.0637
2025-03-06 20:00:00,2.0543
2025-03-06 21:00:00,2.0543
2025-03-06 23:00:00,2.0543
2025-03-07 14:30:00,2.0992
2025-03-07 15:00:00,2.0828
2025-03-07 16:00:00,2.0652
2025-03-07 17:00:00,2.0647
2025-03-07 18:00:00,2.0677
2025-03-07 19:00:00,2.0673
2025-03-07 20:00:00,2.0663
2025-03-07 21:00:00,2.068
2025-03-07 23:00:00,2.068
2025-03-10 13:30:00,2.065
2025-03-10 14:00:00,2.0577
2025-03-10 15:00:00,2.0626
2025-03-10 16:00:00,2.0591
2025-03-10 17:00:00,2.047
2025-03-10 18:00:00,2.0424
2025-03-10 19:00:00,2.0454
2025-03-10 20:00:00,2.0418
2025-03-10 23:00:00,2.0418
2025-03-11 13:30:00,2.0748
2025-03-11 14:00:00,2.068
2025-03-11 15:00:00,2.0739
2025-03-11 16:00:00,2.0613
2025-03-11 17:00:00,2.0599
2025-03-11 18:00:00,2.0649
2025-03-11 19:00:00,2.0661
2025-03-11 20:00:00,2.0711
2025-03-11 23:00:00,2.0711
2025-03-12 13:30:00,2.0865
2025-03-12 14:00:00,2.1009
2025-03-12 15:00:00,2.0995
2025-03-12 16:00:00,2.1024000000000003
2025-03-12 17:00:00,2.1027
2025-03-12 18:00:00,2.1031
2025-03-12 19:00:00,2.1034
2025-03-12 20:00:00,2.1031
2025-03-12 23:00:00,2.1031
2025-03-13 13:30:00,2.0961
2025-03-13 14:00:00,2.1009
2025-03-13 15:00:00,2.0905
2025-03-13 16:00:00,2.0834
2025-03-13 17:00:00,2.0776
2025-03-13 18:00:00,2.0815
2025-03-13 19:00:00,2.0786000000000002
2025-03-13 20:00:00,2.0848
2025-03-13 23:00:00,2.0848
2025-03-14 13:30:00,2.0908
2025-03-14 14:00:00,2.0877
2025-03-14 15:00:00,2.0873
2025-03-14 16:00:00,2.0883000000000003
2025-03-14 17:00:00,2.0919
2025-03-14 18:00:00,2.0959
2025-03-14 19:00:00,2.0965000000000003
2025-03-14 20:00:00,2.0988
2025-03-14 23:00:00,2.0988
2025-03-17 13:30:00,2.1264
2025-03-17 14:00:00,2.1162
2025-03-17 15:00:00,2.1225
2025-03-17 16:00:00,2.1214
2025-03-17 17:00:00,2.1287000000000003
2025-03-17 18:00:00,2.125
2025-03-17 19:00:00,2.1256
2025-03-17 20:00:00,2.1245
2025-03-17 23:00:00,2.1245
2025-03-18 13:30:00,2.1403
2025-03-18 14:00:00,2.1309
2025-03-18 15:00:00,2.1186000000000003
2025-03-18 16:00:00,2.1079
2025-03-18 17:00:00,2.1171
2025-03-18 18:00:00,2.1151
2025-03-18 19:00:00,2.1172
2025-03-18 20:00:00,2.111
2025-03-18 23:00:00,2.111
2025-03-19 13:30:00,2.1214
2025-03-19 14:00:00,2.1222
2025-03-19 15:00:00,2.1262
2025-03-19 16:00:00,2.1327000000000003
2025-03-19 17:00:00,2.1242
2025-03-19 18:00:00,2.1203
2025-03-19 19:00:00,2.1188000000000002
2025-03-19 20:00:00,2.1221
2025-03-19 23:00:00,2.1221
2025-03-20 13:30:00,2.1083
2025-03-20 14:00:00,2.1329000000000002
2025-03-20 15:00:00,2.1346
2025-03-20 16:00:00,2.1358
2025-03-20 17:00:00,2.1399
2025-03-20 18:00:00,2.1430000000000002
2025-03-20 19:00:00,2.1441
2025-03-20 20:00:00,2.1483
2025-03-20 23:00:00,2.1483
2025-03-21 13:30:00,2.1334
2025-03-21 14:00:00,2.1425
2025-03-21 15:00:00,2.1319
2025-03-21 16:00:00,2.1432
2025-03-21 17:00:00,2.1422
2025-03-21 18:00:00,2.1458
2025-03-21 19:00:00,2.1401
2025-03-21 20:00:00,2.1419
2025-03-21 23:00:00,2.1419
2025-03-24 13:30:00,2.1464
2025-03-24 14:00:00,2.152
2025-03-24 15:00:00,2.158
2025-03-24 16:00:00,2.1524
2025-03-24 17:00:00,2.1502
2025-03-24 18:00:00,2.1579
2025-03-24 19:00:00,2.1578
2025-03-24 19:00:01,2.1578
2025-03-24 20:00:00,2.1564
2025-03-24 23:00:00,2.1564
2025-03-25 13:30:00,2.1710000000000003
2025-03-25 14:00:00,2.1597
2025-03-25 15:00:00,2.1581
2025-03-25 16:00:00,2.1542
2025-03-25 17:00:00,2.1545
2025-03-25 18:00:00,2.1602
2025-03-25 19:00:00,2.1636
2025-03-25 20:00:00,2.1664
2025-03-25 23:00:00,2.1664
2025-03-26 13:30:00,2.1849000000000003
2025-03-26 14:00:00,2.1884
2025-03-26 15:00:00,2.1912000000000003
2025-03-26 16:00:00,2.1876
2025-03-26 17:00:00,2.181
2025-03-26 18:00:00,2.1833
2025-03-26 19:00:00,2.1862
2025-03-26 20:00:00,2.1909
2025-03-26 23:00:00,2.1909
2025-03-27 13:30:00,2.1858
2025-03-27 14:00:00,2.1918
2025-03-27 15:00:00,2.1856
2025-03-27 16:00:00,2.188
2025-03-27 17:00:00,2.1917
2025-03-27 18:00:00,2.1987
2025-03-27 19:00:00,2.1956
2025-03-27 20:00:00,2.1994000000000002
2025-03-27 23:00:00,2.1994000000000002
2025-03-28 13:30:00,2.1965
2025-03-28 14:00:00,2.1912000000000003
2025-03-28 15:00:00,2.1835
2025-03-28 16:00:00,2.1856
2025-03-28 17:00:00,2.1857
2025-03-28 18:00:00,2.1868
2025-03-28 19:00:00,2.1823
2025-03-28 20:00:00,2.1781
2025-03-28 23:00:00,2.1781
2025-03-31 14:30:00,2.2051000000000003
2025-03-31 15:00:00,2.2209
2025-03-31 16:00:00,2.2321
2025-03-31 17:00:00,2.2351
2025-03-31 18:00:00,2.2304
2025-03-31 19:00:00,2.2322
2025-03-31 20:00:00,2.2315
2025-03-31 21:00:00,2.2303
2025-03-31 23:00:00,2.2303
2025-04-01 14:30:00,2.2417000000000002
2025-04-01 15:00:00,2.2426
2025-04-01 16:00:00,2.2398000000000002
2025-04-01 17:00:00,2.2371
2025-04-01 18:00:00,2.2367
2025-04-01 19:00:00,2.2373000000000003
2025-04-01 20:00:00,2.2397
2025-04-01 21:00:00,2.2393
2025-04-01 23:00:00,2.2393
2025-04-02 14:30:00,2.2446
2025-04-02 15:00:00,2.2469
2025-04-02 16:00:00,2.2541
2025-04-02 17:00:00,2.2593
2025-04-02 18:00:00,2.2671
2025-04-02 19:00:00,2.2631
2025-04-02 20:00:00,2.267
2025-04-02 21:00:00,2.2491
2025-04-02 23:00:00,2.2491
2025-04-03 14:30:00,2.106
2025-04-03 15:00:00,2.0924
2025-04-03 16:00:00,2.1073
2025-04-03 17:00:00,2.1113
2025-04-03 18:00:00,2.1152
2025-04-03 19:00:00,2.1081
2025-04-03 20:00:00,2.1061
2025-04-03 21:00:00,2.1027
2025-04-03 23:00:00,2.1027
2025-04-04 14:30:00,1.9868999999999999
2025-04-04 15:00:00,1.9766
2025-04-04 16:00:00,1.9931
2025-04-04 17:00:00,1.9988000000000001
2025-04-04 18:00:00,2.0061
2025-04-04 19:00:00,2.0105
2025-04-04 20:00:00,2.0191
2025-04-04 21:00:00,2.013
2025-04-04 23:00:00,2.013
2025-04-07 14:30:00,1.9927000000000001
2025-04-07 15:00:00,1.9847000000000001
2025-04-07 16:00:00,1.975
2025-04-07 17:00:00,1.9714
2025-04-07 18:00:00,1.9825
2025-04-07 19:00:00,1.9649
2025-04-07 20:00:00,1.9687000000000001
2025-04-07 21:00:00,1.9714
2025-04-07 23:00:00,1.9714
2025-04-08 14:30:00,1.9772000000000003
2025-04-08 15:00:00,1.9673
2025-04-08 16:00:00,1.9752
2025-04-08 17:00:00,1.9413
2025-04-08 18:00:00,1.945
2025-04-08 19:00:00,1.9242000000000001
2025-04-08 20:00:00,1.9126
2025-04-08 21:00:00,1.9046
2025-04-08 23:00:00,1.9046
2025-04-09 14:30:00,1.8691
2025-04-09 15:00:00,1.8345
2025-04-09 16:00:00,1.8496000000000001
2025-04-09 17:00:00,1.8513000000000002
2025-04-09 18:00:00,1.9651
2025-04-09 19:00:00,1.9622000000000002
2025-04-09 20:00:00,1.9843000000000002
2025-04-09 21:00:00,1.9897
2025-04-09 23:00:00,1.9897
2025-04-10 14:30:00,1.8995
2025-04-10 15:00:00,1.8989
2025-04-10 16:00:00,1.9055
2025-04-10 17:00:00,1.9012
2025-04-10 18:00:00,1.9128
2025-04-10 19:00:00,1.9215
2025-04-10 20:00:00,1.9224
2025-04-10 21:00:00,1.9181000000000001
2025-04-10 23:00:00,1.9181000000000001
2025-04-11 14:30:00,1.9186
2025-04-11 15:00:00,1.9073
2025-04-11 16:00:00,1.9257
2025-04-11 17:00:00,1.9364000000000001
2025-04-11 18:00:00,1.9518
2025-04-11 19:00:00,1.9520000000000002
2025-04-11 20:00:00,1.9548
2025-04-11 21:00:00,1.9566000000000001
2025-04-11 23:00:00,1.9566000000000001
2025-04-14 14:30:00,1.9705000000000001
2025-04-14 15:00:00,1.9711
2025-04-14 16:00:00,1.9598
2025-04-14 17:00:00,1.9563000000000001
2025-04-14 18:00:00,1.9629
2025-04-14 19:00:00,1.9722000000000002
2025-04-14 20:00:00,1.9734000000000003
2025-04-14 21:00:00,1.9729
2025-04-14 23:00:00,1.9729
2025-04-15 14:30:00,1.9818000000000002
2025-04-15 15:00:00,1.9754
2025-04-15 16:00:00,1.9672
2025-04-15 17:00:00,1.9727000000000001
2025-04-15 18:00:00,1.9735
2025-04-15 19:00:00,1.9762
2025-04-15 20:00:00,1.9772000000000003
2025-04-15 21:00:00,1.9809
2025-04-15 23:00:00,1.9809
2025-04-16 14:30:00,1.9922
2025-04-16 15:00:00,1.9866000000000001
2025-04-16 16:00:00,1.9884
2025-04-16 17:00:00,1.9931999999999999
2025-04-16 18:00:00,1.9853
2025-04-16 19:00:00,1.9962
2025-04-16 20:00:00,1.9971999999999999
2025-04-16 21:00:00,1.9957000000000003
2025-04-16 23:00:00,1.9957000000000003
2025-04-17 14:30:00,2.0143
2025-04-17 15:00:00,2.0237000000000003
2025-04-17 16:00:00,2.0392
2025-04-17 17:00:00,2.0483000000000002
2025-04-17 18:00:00,2.0441000000000003
2025-04-17 19:00:00,2.0402
2025-04-17 20:00:00,2.0376
2025-04-17 21:00:00,2.039
2025-04-17 23:00:00,2.039
2025-04-21 14:30:00,1.9939
2025-04-21 15:00:00,2.0055
2025-04-21 16:00:00,1.9988000000000001
2025-04-21 17:00:00,2.0031
2025-04-21 18:00:00,2.005
2025-04-21 19:00:00,2.015
2025-04-21 20:00:00,2.0211
2025-04-21 21:00:00,2.0181
2025-04-21 23:00:00,2.0181
2025-04-22 14:30:00,2.0343
2025-04-22 15:00:00,2.0369
2025-04-22 16:00:00,2.0573
2025-04-22 17:00:00,2.0579
2025-04-22 18:00:00,2.0451
2025-04-22 19:00:00,2.0405
2025-04-22 20:00:00,2.0401000000000002
2025-04-22 21:00:00,2.0418000000000003
2025-04-22 23:00:00,2.0418000000000003
2025-04-23 14:30:00,2.0441000000000003
2025-04-23 15:00:00,2.0300000000000002
2025-04-23 16:00:00,2.0169
2025-04-23 17:00:00,2.0196
2025-04-23 18:00:00,2.0227
2025-04-23 19:00:00,2.0245
2025-04-23 19:00:01,2.0245
2025-04-23 20:00:00,2.0243
2025-04-23 21:00:00,2.0254
2025-04-23 23:00:00,2.0254
2025-04-24 14:30:00,2.0394
2025-04-24 15:00:00,2.0395
2025-04-24 16:00:00,2.0323
2025-04-24 17:00:00,2.046
2025-04-24 18:00:00,2.0485
2025-04-24 19:00:00,2.0454
