DATETIME,price
1980-01-02 00:00:00,1494.5000000000002
1980-01-03 00:00:00,1534.5000000000002
1980-01-04 00:00:00,1540.2
1980-01-07 00:00:00,1536.9000000000003
1980-01-08 00:00:00,1516.9000000000003
1980-01-09 00:00:00,1489.9000000000003
1980-01-10 00:00:00,1496.3
1980-01-11 00:00:00,1516.3
1980-01-14 00:00:00,1546.3
1980-01-15 00:00:00,1586.3
1980-01-16 00:00:00,1626.3
1980-01-17 00:00:00,1666.3
1980-01-18 00:00:00,1706.3
1980-01-21 00:00:00,1705.8999999999999
1980-01-22 00:00:00,1675.8999999999999
1980-01-23 00:00:00,1635.8999999999999
1980-01-24 00:00:00,1603.1000000000001
1980-01-25 00:00:00,1573.1000000000001
1980-01-28 00:00:00,1549.9000000000003
1980-01-29 00:00:00,1579.9000000000003
1980-01-30 00:00:00,1599.9000000000003
1980-01-31 00:00:00,1603.9000000000003
1980-02-01 00:00:00,1623.9000000000003
1980-02-04 00:00:00,1648.6000000000001
1980-02-05 00:00:00,1661.0000000000002
1980-02-06 00:00:00,1700.0000000000002
1980-02-07 00:00:00,1671.7
1980-02-08 00:00:00,1691.3
1980-02-11 00:00:00,1718.5000000000002
1980-02-12 00:00:00,1717.7
1980-02-13 00:00:00,1697.7
1980-02-14 00:00:00,1694.0000000000002
1980-02-15 00:00:00,1681.6000000000001
1980-02-19 00:00:00,1661.6000000000001
1980-02-20 00:00:00,1651.1000000000001
1980-02-21 00:00:00,1671.1000000000001
1980-02-22 00:00:00,1641.1000000000001
1980-02-25 00:00:00,1657.1000000000001
1980-02-26 00:00:00,1651.1000000000001
1980-02-27 00:00:00,1643.3999999999999
1980-02-28 00:00:00,1662.0000000000002
1980-02-29 00:00:00,1692.0000000000002
1980-03-03 00:00:00,1732.0000000000002
1980-03-04 00:00:00,1772.0000000000002
1980-03-05 00:00:00,1811.9999999999998
1980-03-06 00:00:00,1772.0000000000002
1980-03-07 00:00:00,1732.0000000000002
1980-03-10 00:00:00,1692.0000000000002
1980-03-11 00:00:00,1652.0000000000002
1980-03-12 00:00:00,1612.0000000000002
1980-03-13 00:00:00,1572.0000000000002
1980-03-14 00:00:00,1532.0000000000002
1980-03-17 00:00:00,1492.0000000000002
1980-03-18 00:00:00,1452.0000000000002
1980-03-19 00:00:00,1465.4000000000003
1980-03-20 00:00:00,1435.4000000000003
1980-03-21 00:00:00,1452.9000000000003
1980-03-24 00:00:00,1422.9000000000003
1980-03-25 00:00:00,1382.9000000000003
1980-03-26 00:00:00,1342.9000000000003
1980-03-27 00:00:00,1254.5000000000007
1980-03-28 00:00:00,1283.9000000000008
1980-03-31 00:00:00,1323.9000000000003
1980-04-01 00:00:00,1294.7000000000005
1980-04-02 00:00:00,1312.2000000000005
1980-04-03 00:00:00,1307.9000000000003
1980-04-07 00:00:00,1327.9000000000003
1980-04-08 00:00:00,1357.9000000000003
1980-04-09 00:00:00,1364.7000000000005
1980-04-10 00:00:00,1382.2000000000005
1980-04-11 00:00:00,1380.2000000000005
1980-04-14 00:00:00,1360.2000000000005
1980-04-15 00:00:00,1371.1000000000001
1980-04-16 00:00:00,1351.1000000000001
1980-04-17 00:00:00,1333.7000000000005
1980-04-18 00:00:00,1335.3000000000004
1980-04-21 00:00:00,1315.3000000000004
1980-04-22 00:00:00,1302.7000000000005
1980-04-23 00:00:00,1311.7000000000005
1980-04-24 00:00:00,1331.7000000000005
1980-04-25 00:00:00,1361.7000000000005
1980-04-28 00:00:00,1321.7000000000005
1980-04-29 00:00:00,1336.7000000000005
1980-04-30 00:00:00,1306.7000000000005
1980-05-01 00:00:00,1285.9000000000003
1980-05-02 00:00:00,1287.4000000000003
1980-05-05 00:00:00,1298.8000000000004
1980-05-06 00:00:00,1290.0000000000002
1980-05-07 00:00:00,1302.2000000000005
1980-05-08 00:00:00,1308.2000000000005
1980-05-09 00:00:00,1302.9000000000003
1980-05-12 00:00:00,1297.8000000000004
1980-05-13 00:00:00,1313.9000000000003
1980-05-14 00:00:00,1324.7000000000005
1980-05-15 00:00:00,1304.7000000000005
1980-05-16 00:00:00,1306.1000000000001
1980-05-19 00:00:00,1294.6000000000001
1980-05-20 00:00:00,1289.9000000000003
1980-05-21 00:00:00,1290.7000000000005
1980-05-22 00:00:00,1292.0000000000002
1980-05-23 00:00:00,1290.5000000000002
1980-05-27 00:00:00,1310.5000000000002
1980-05-28 00:00:00,1315.6000000000001
1980-05-29 00:00:00,1315.0000000000002
1980-05-30 00:00:00,1335.0000000000002
1980-06-02 00:00:00,1362.3000000000004
1980-06-03 00:00:00,1348.9000000000003
1980-06-04 00:00:00,1378.9000000000003
1980-06-05 00:00:00,1394.6000000000001
1980-06-06 00:00:00,1408.7
1980-06-09 00:00:00,1428.7
1980-06-10 00:00:00,1398.7000000000005
1980-06-11 00:00:00,1366.0000000000002
1980-06-12 00:00:00,1383.7000000000005
1980-06-13 00:00:00,1387.0000000000002
1980-06-16 00:00:00,1367.0000000000002
1980-06-17 00:00:00,1381.6000000000001
1980-06-18 00:00:00,1364.0000000000002
1980-06-19 00:00:00,1381.3000000000004
1980-06-20 00:00:00,1379.3000000000004
1980-06-23 00:00:00,1372.1000000000001
1980-06-24 00:00:00,1390.8000000000004
1980-06-25 00:00:00,1387.6000000000001
1980-06-26 00:00:00,1392.2000000000005
1980-06-27 00:00:00,1409.7
1980-06-30 00:00:00,1418.4000000000003
1980-07-01 00:00:00,1438.4000000000003
1980-07-02 00:00:00,1430.4000000000003
1980-07-03 00:00:00,1441.8
1980-07-07 00:00:00,1453.6000000000001
1980-07-08 00:00:00,1448.1000000000001
1980-07-09 00:00:00,1432.1000000000001
1980-07-10 00:00:00,1432.9000000000003
1980-07-11 00:00:00,1426.7
1980-07-14 00:00:00,1406.7
1980-07-15 00:00:00,1376.7000000000005
1980-07-16 00:00:00,1378.2000000000005
1980-07-17 00:00:00,1372.1000000000001
1980-07-18 00:00:00,1352.2000000000005
1980-07-21 00:00:00,1360.5000000000002
1980-07-22 00:00:00,1380.5000000000002
1980-07-23 00:00:00,1384.4000000000003
1980-07-24 00:00:00,1390.5000000000002
1980-07-25 00:00:00,1403.6000000000001
1980-07-28 00:00:00,1398.7000000000005
1980-07-29 00:00:00,1388.9000000000003
1980-07-30 00:00:00,1368.9000000000003
1980-07-31 00:00:00,1361.2000000000005
1980-08-01 00:00:00,1363.4000000000003
1980-08-04 00:00:00,1371.8000000000004
1980-08-05 00:00:00,1371.9000000000003
1980-08-06 00:00:00,1374.7000000000005
1980-08-07 00:00:00,1383.0000000000002
1980-08-08 00:00:00,1369.1000000000001
1980-08-11 00:00:00,1349.1000000000001
1980-08-12 00:00:00,1355.6000000000001
1980-08-13 00:00:00,1357.8000000000004
1980-08-14 00:00:00,1366.9000000000003
1980-08-15 00:00:00,1354.2000000000005
1980-08-18 00:00:00,1362.2000000000005
1980-08-19 00:00:00,1373.3000000000004
1980-08-20 00:00:00,1393.3000000000004
1980-08-21 00:00:00,1388.7000000000005
1980-08-22 00:00:00,1388.2000000000005
1980-08-25 00:00:00,1375.7000000000005
1980-08-26 00:00:00,1382.3000000000004
1980-08-27 00:00:00,1379.5000000000002
1980-08-28 00:00:00,1381.8000000000004
1980-08-29 00:00:00,1383.4000000000003
1980-09-02 00:00:00,1388.4000000000003
1980-09-03 00:00:00,1387.5000000000002
1980-09-04 00:00:00,1407.5000000000002
1980-09-05 00:00:00,1416.6000000000001
1980-09-08 00:00:00,1436.6000000000001
1980-09-09 00:00:00,1429.7
1980-09-10 00:00:00,1437.7
1980-09-11 00:00:00,1449.3
1980-09-12 00:00:00,1433.4000000000003
1980-09-15 00:00:00,1413.4000000000003
1980-09-16 00:00:00,1434.0000000000002
1980-09-17 00:00:00,1416.8
1980-09-18 00:00:00,1414.4000000000003
1980-09-19 00:00:00,1434.4000000000003
1980-09-22 00:00:00,1463.2
1980-09-23 00:00:00,1463.3
1980-09-24 00:00:00,1451.0000000000002
1980-09-25 00:00:00,1450.2
1980-09-26 00:00:00,1416.2
1980-09-29 00:00:00,1386.2000000000005
1980-09-30 00:00:00,1389.0000000000002
1980-10-01 00:00:00,1395.1000000000001
1980-10-02 00:00:00,1383.7000000000005
1980-10-03 00:00:00,1377.9000000000003
1980-10-06 00:00:00,1394.8000000000004
1980-10-07 00:00:00,1384.6000000000001
1980-10-08 00:00:00,1389.4000000000003
1980-10-09 00:00:00,1390.5000000000002
1980-10-10 00:00:00,1396.6000000000001
1980-10-13 00:00:00,1390.2000000000005
1980-10-14 00:00:00,1392.7000000000005
1980-10-15 00:00:00,1391.9000000000003
1980-10-16 00:00:00,1378.6000000000001
1980-10-17 00:00:00,1364.0000000000002
1980-10-20 00:00:00,1357.9000000000003
1980-10-21 00:00:00,1362.9000000000003
1980-10-22 00:00:00,1354.6000000000001
1980-10-23 00:00:00,1334.6000000000001
1980-10-24 00:00:00,1333.6000000000001
1980-10-27 00:00:00,1333.8000000000004
1980-10-28 00:00:00,1339.2000000000005
1980-10-29 00:00:00,1343.9000000000003
1980-10-30 00:00:00,1341.9000000000003
1980-10-31 00:00:00,1332.5000000000002
1980-11-03 00:00:00,1352.5000000000002
1980-11-05 00:00:00,1338.5000000000002
1980-11-06 00:00:00,1318.5000000000002
1980-11-07 00:00:00,1293.8000000000004
1980-11-10 00:00:00,1289.6000000000001
1980-11-11 00:00:00,1304.6000000000001
1980-11-12 00:00:00,1305.4000000000003
1980-11-13 00:00:00,1295.2000000000005
1980-11-14 00:00:00,1308.1000000000001
1980-11-17 00:00:00,1311.6000000000001
1980-11-18 00:00:00,1310.2000000000005
1980-11-19 00:00:00,1326.4000000000003
1980-11-20 00:00:00,1338.4000000000003
1980-11-21 00:00:00,1335.5000000000002
1980-11-24 00:00:00,1315.5000000000002
1980-11-25 00:00:00,1316.3000000000004
1980-11-26 00:00:00,1304.7000000000005
1980-11-28 00:00:00,1319.1000000000001
1980-12-01 00:00:00,1316.9000000000003
1980-12-02 00:00:00,1310.0000000000002
1980-12-03 00:00:00,1316.7000000000005
1980-12-04 00:00:00,1308.1000000000001
1980-12-05 00:00:00,1306.0000000000002
1980-12-08 00:00:00,1297.4000000000003
1980-12-09 00:00:00,1279.8000000000004
1980-12-10 00:00:00,1249.8000000000004
1980-12-11 00:00:00,1209.8000000000009
1980-12-12 00:00:00,1235.4000000000008
1980-12-15 00:00:00,1242.7000000000005
1980-12-16 00:00:00,1230.2000000000005
1980-12-17 00:00:00,1243.7000000000005
1980-12-18 00:00:00,1241.5000000000007
1980-12-19 00:00:00,1261.5000000000002
1980-12-22 00:00:00,1255.9000000000008
1980-12-23 00:00:00,1266.7000000000005
1980-12-24 00:00:00,1260.2000000000005
1980-12-29 00:00:00,1247.7000000000005
1980-12-30 00:00:00,1243.7000000000005
1980-12-31 00:00:00,1254.7000000000005
1981-01-05 00:00:00,1260.8000000000004
1981-01-06 00:00:00,1265.0000000000002
1981-01-07 00:00:00,1245.0000000000007
1981-01-08 00:00:00,1225.2000000000005
1981-01-09 00:00:00,1225.8000000000004
1981-01-12 00:00:00,1213.1000000000006
1981-01-13 00:00:00,1213.8000000000009
1981-01-14 00:00:00,1225.4000000000008
1981-01-15 00:00:00,1205.4000000000008
1981-01-16 00:00:00,1208.200000000001
1981-01-19 00:00:00,1200.2000000000005
1981-01-20 00:00:00,1206.1000000000006
1981-01-21 00:00:00,1198.2000000000005
1981-01-22 00:00:00,1180.0000000000002
1981-01-23 00:00:00,1164.6000000000001
1981-01-26 00:00:00,1144.6000000000001
1981-01-27 00:00:00,1131.1000000000004
1981-01-28 00:00:00,1121.2000000000003
1981-01-29 00:00:00,1121.9
1981-01-30 00:00:00,1112.1000000000004
1981-02-02 00:00:00,1105.4000000000005
1981-02-03 00:00:00,1125.4
1981-02-04 00:00:00,1120.1000000000004
1981-02-05 00:00:00,1134.1000000000004
1981-02-06 00:00:00,1146.7000000000005
1981-02-09 00:00:00,1166.7000000000005
1981-02-10 00:00:00,1145.7000000000005
1981-02-11 00:00:00,1139.8000000000002
1981-02-12 00:00:00,1127.7000000000003
1981-02-13 00:00:00,1122.7000000000003
1981-02-17 00:00:00,1130.9
1981-02-18 00:00:00,1126.0000000000005
1981-02-19 00:00:00,1146.0000000000002
1981-02-20 00:00:00,1142.7000000000003
1981-02-23 00:00:00,1129.4
1981-02-24 00:00:00,1140.3000000000002
1981-02-25 00:00:00,1132.6000000000004
1981-02-26 00:00:00,1116.1000000000004
1981-02-27 00:00:00,1110.4000000000005
1981-03-02 00:00:00,1090.4
1981-03-03 00:00:00,1098.2000000000003
1981-03-04 00:00:00,1087.9
1981-03-05 00:00:00,1090.6000000000004
1981-03-06 00:00:00,1089.8000000000002
1981-03-09 00:00:00,1098.4000000000005
1981-03-10 00:00:00,1110.8000000000002
1981-03-11 00:00:00,1112.6000000000004
1981-03-12 00:00:00,1117.3000000000002
1981-03-13 00:00:00,1125.7000000000003
1981-03-16 00:00:00,1140.6000000000004
1981-03-17 00:00:00,1160.6000000000001
1981-03-18 00:00:00,1172.0000000000002
1981-03-19 00:00:00,1165.5000000000002
1981-03-20 00:00:00,1185.5000000000002
1981-03-23 00:00:00,1169.7000000000005
1981-03-24 00:00:00,1174.6000000000001
1981-03-25 00:00:00,1174.9000000000003
1981-03-26 00:00:00,1186.0000000000002
1981-03-27 00:00:00,1161.6000000000001
1981-03-30 00:00:00,1141.5000000000005
1981-03-31 00:00:00,1144.9000000000003
1981-04-01 00:00:00,1145.3000000000004
1981-04-02 00:00:00,1143.6000000000001
1981-04-03 00:00:00,1150.0000000000002
1981-04-06 00:00:00,1152.3000000000004
1981-04-07 00:00:00,1134.1000000000004
1981-04-08 00:00:00,1135.6000000000004
1981-04-09 00:00:00,1115.6000000000004
1981-04-10 00:00:00,1091.9000000000005
1981-04-13 00:00:00,1089.8000000000002
1981-04-14 00:00:00,1097.2000000000003
1981-04-15 00:00:00,1088.1000000000004
1981-04-16 00:00:00,1108.1000000000004
1981-04-20 00:00:00,1116.1000000000004
1981-04-21 00:00:00,1116.3000000000002
1981-04-22 00:00:00,1110.6000000000004
1981-04-23 00:00:00,1113.6000000000004
1981-04-24 00:00:00,1101.8000000000002
1981-04-27 00:00:00,1099.0000000000005
1981-04-28 00:00:00,1100.0000000000005
1981-04-29 00:00:00,1090.1000000000004
1981-04-30 00:00:00,1102.2000000000003
1981-05-01 00:00:00,1104.7000000000003
1981-05-04 00:00:00,1092.2000000000003
1981-05-05 00:00:00,1096.3000000000002
1981-05-06 00:00:00,1090.9000000000005
1981-05-07 00:00:00,1097.9000000000005
1981-05-08 00:00:00,1111.7000000000003
1981-05-11 00:00:00,1098.9000000000005
1981-05-12 00:00:00,1104.0000000000005
1981-05-13 00:00:00,1095.5000000000005
1981-05-14 00:00:00,1096.3000000000002
1981-05-15 00:00:00,1091.3000000000002
1981-05-18 00:00:00,1100.3000000000002
1981-05-19 00:00:00,1089.6000000000004
1981-05-20 00:00:00,1094.3000000000002
1981-05-21 00:00:00,1077.5000000000005
1981-05-22 00:00:00,1072.5000000000005
1981-05-26 00:00:00,1069.7000000000003
1981-05-27 00:00:00,1078.5000000000005
1981-05-28 00:00:00,1097.8000000000002
1981-05-29 00:00:00,1096.4000000000005
1981-06-01 00:00:00,1085.5000000000005
1981-06-02 00:00:00,1088.4000000000005
1981-06-03 00:00:00,1076.4000000000005
1981-06-04 00:00:00,1070.1000000000004
1981-06-05 00:00:00,1056.2000000000005
1981-06-08 00:00:00,1066.6000000000004
1981-06-09 00:00:00,1059.1000000000001
1981-06-10 00:00:00,1069.6000000000004
1981-06-11 00:00:00,1072.7000000000003
1981-06-12 00:00:00,1077.1000000000004
1981-06-15 00:00:00,1071.1000000000004
1981-06-16 00:00:00,1070.8000000000002
1981-06-17 00:00:00,1069.6000000000004
1981-06-18 00:00:00,1067.9000000000005
1981-06-19 00:00:00,1070.3000000000002
1981-06-22 00:00:00,1082.8000000000002
1981-06-23 00:00:00,1081.6000000000004
1981-06-24 00:00:00,1067.9000000000005
1981-06-25 00:00:00,1053.8000000000004
1981-06-26 00:00:00,1045.3000000000004
1981-06-29 00:00:00,1028.0000000000005
1981-06-30 00:00:00,1029.9000000000005
1981-07-01 00:00:00,1024.4000000000005
1981-07-02 00:00:00,1021.8000000000003
1981-07-06 00:00:00,1009.2000000000002
1981-07-07 00:00:00,1014.1000000000003
1981-07-08 00:00:00,1015.1000000000003
1981-07-09 00:00:00,1026.9000000000005
1981-07-10 00:00:00,1032.3000000000002
1981-07-13 00:00:00,1018.0000000000003
1981-07-14 00:00:00,1022.7000000000004
1981-07-15 00:00:00,1022.3000000000003
1981-07-16 00:00:00,1025.4000000000005
1981-07-17 00:00:00,1032.2000000000003
1981-07-20 00:00:00,1018.4000000000004
1981-07-21 00:00:00,1021.8000000000003
1981-07-22 00:00:00,1017.3000000000003
1981-07-23 00:00:00,1018.0000000000003
1981-07-24 00:00:00,1018.0000000000003
1981-07-27 00:00:00,1008.9000000000002
1981-07-28 00:00:00,1016.4000000000004
1981-07-29 00:00:00,1013.0000000000003
1981-07-30 00:00:00,1014.4000000000002
1981-07-31 00:00:00,1015.2000000000002
1981-08-03 00:00:00,996.0000000000003
1981-08-04 00:00:00,999.5000000000003
1981-08-05 00:00:00,999.1000000000003
1981-08-06 00:00:00,1006.9000000000002
1981-08-07 00:00:00,1004.8000000000003
1981-08-10 00:00:00,1006.9000000000002
1981-08-11 00:00:00,1026.9000000000005
1981-08-12 00:00:00,1028.1000000000004
1981-08-13 00:00:00,1048.1000000000001
1981-08-14 00:00:00,1044.2000000000005
1981-08-17 00:00:00,1052.0000000000002
1981-08-18 00:00:00,1064.6000000000001
1981-08-19 00:00:00,1063.8000000000004
1981-08-20 00:00:00,1051.3000000000004
1981-08-21 00:00:00,1052.8000000000004
1981-08-24 00:00:00,1032.8000000000002
1981-08-25 00:00:00,1022.3000000000003
1981-08-26 00:00:00,1026.9000000000005
1981-08-27 00:00:00,1038.1000000000004
1981-08-28 00:00:00,1041.3000000000002
1981-08-31 00:00:00,1034.7000000000003
1981-09-01 00:00:00,1042.6000000000001
1981-09-02 00:00:00,1052.0000000000002
1981-09-03 00:00:00,1056.5000000000002
1981-09-04 00:00:00,1046.7000000000005
1981-09-08 00:00:00,1041.5000000000005
1981-09-09 00:00:00,1057.5000000000002
1981-09-10 00:00:00,1062.2000000000005
1981-09-11 00:00:00,1065.7000000000005
1981-09-14 00:00:00,1068.6000000000004
1981-09-15 00:00:00,1059.1000000000001
1981-09-16 00:00:00,1057.9000000000003
1981-09-17 00:00:00,1041.2000000000003
1981-09-18 00:00:00,1046.7000000000005
1981-09-21 00:00:00,1057.6000000000001
1981-09-22 00:00:00,1055.4000000000003
1981-09-23 00:00:00,1049.1000000000001
1981-09-24 00:00:00,1030.3000000000002
1981-09-25 00:00:00,1000.3000000000003
1981-09-28 00:00:00,1007.3000000000003
1981-09-29 00:00:00,1005.2000000000002
1981-09-30 00:00:00,1008.8000000000003
1981-10-01 00:00:00,1012.4000000000002
1981-10-02 00:00:00,1020.2000000000004
1981-10-05 00:00:00,1016.1000000000003
1981-10-06 00:00:00,1030.3000000000002
1981-10-07 00:00:00,1025.0000000000005
1981-10-08 00:00:00,1027.3000000000002
1981-10-09 00:00:00,1028.2000000000003
1981-10-12 00:00:00,1021.3000000000003
1981-10-13 00:00:00,1030.6000000000004
1981-10-14 00:00:00,1019.1000000000003
1981-10-15 00:00:00,1017.9000000000002
1981-10-16 00:00:00,1018.0000000000003
1981-10-19 00:00:00,1014.7000000000002
1981-10-20 00:00:00,1010.0000000000003
1981-10-21 00:00:00,1009.4000000000002
1981-10-22 00:00:00,1011.6000000000003
1981-10-23 00:00:00,1008.9000000000002
1981-10-26 00:00:00,1005.0000000000003
1981-10-27 00:00:00,1008.5000000000003
1981-10-28 00:00:00,1002.1000000000003
1981-10-29 00:00:00,1011.5000000000003
1981-10-30 00:00:00,1006.5000000000003
1981-11-02 00:00:00,1006.9000000000002
1981-11-03 00:00:00,1009.5000000000003
1981-11-04 00:00:00,1008.5000000000003
1981-11-05 00:00:00,1008.0000000000003
1981-11-06 00:00:00,1008.7000000000002
1981-11-09 00:00:00,996.8000000000003
1981-11-10 00:00:00,985.8000000000003
1981-11-11 00:00:00,982.9000000000002
1981-11-12 00:00:00,986.5000000000003
1981-11-13 00:00:00,983.4000000000002
1981-11-16 00:00:00,966.8000000000003
1981-11-17 00:00:00,973.4000000000002
1981-11-18 00:00:00,968.8000000000003
1981-11-19 00:00:00,971.6000000000003
1981-11-20 00:00:00,969.2000000000002
1981-11-23 00:00:00,964.9000000000002
1981-11-24 00:00:00,971.0000000000003
1981-11-25 00:00:00,982.2000000000004
1981-11-27 00:00:00,992.6000000000003
1981-11-30 00:00:00,987.4000000000002
1981-12-01 00:00:00,984.8000000000003
1981-12-02 00:00:00,1001.8000000000003
1981-12-03 00:00:00,1001.2000000000002
1981-12-04 00:00:00,1009.4000000000002
1981-12-07 00:00:00,1009.1000000000003
1981-12-08 00:00:00,991.5000000000003
1981-12-09 00:00:00,995.2000000000002
1981-12-10 00:00:00,988.8000000000003
1981-12-11 00:00:00,983.8000000000003
1981-12-14 00:00:00,994.6000000000003
1981-12-15 00:00:00,996.7000000000002
1981-12-16 00:00:00,1004.0000000000003
1981-12-17 00:00:00,992.9000000000002
1981-12-18 00:00:00,991.7000000000004
1981-12-21 00:00:00,972.6000000000003
1981-12-22 00:00:00,978.4000000000002
1981-12-23 00:00:00,975.2000000000004
1981-12-28 00:00:00,960.8000000000003
1981-12-29 00:00:00,961.2000000000002
1981-12-30 00:00:00,966.0000000000003
1981-12-31 00:00:00,965.3000000000003
1982-01-04 00:00:00,968.7000000000002
1982-01-05 00:00:00,966.4000000000002
1982-01-06 00:00:00,962.2000000000002
1982-01-07 00:00:00,964.4000000000002
1982-01-08 00:00:00,954.2000000000002
1982-01-11 00:00:00,948.3000000000003
1982-01-12 00:00:00,953.2000000000002
1982-01-13 00:00:00,940.7000000000002
1982-01-14 00:00:00,944.4000000000002
1982-01-15 00:00:00,937.5000000000003
1982-01-18 00:00:00,943.5000000000003
1982-01-19 00:00:00,937.0000000000003
1982-01-20 00:00:00,941.0000000000003
1982-01-21 00:00:00,942.6000000000003
1982-01-22 00:00:00,943.9000000000002
1982-01-25 00:00:00,941.7000000000002
1982-01-26 00:00:00,943.6000000000003
1982-01-27 00:00:00,951.0000000000003
1982-01-28 00:00:00,949.5000000000003
1982-01-29 00:00:00,949.4000000000002
1982-02-01 00:00:00,945.5000000000003
1982-02-02 00:00:00,941.1000000000003
1982-02-03 00:00:00,944.7000000000002
1982-02-04 00:00:00,959.7000000000002
1982-02-05 00:00:00,955.7000000000002
1982-02-08 00:00:00,950.9000000000002
1982-02-09 00:00:00,952.0000000000003
1982-02-10 00:00:00,960.3000000000003
1982-02-11 00:00:00,952.5000000000003
1982-02-12 00:00:00,951.8000000000003
1982-02-16 00:00:00,949.9000000000002
1982-02-17 00:00:00,945.5000000000003
1982-02-18 00:00:00,937.2000000000002
1982-02-19 00:00:00,926.9000000000002
1982-02-22 00:00:00,928.4000000000002
1982-02-23 00:00:00,927.2000000000002
1982-02-24 00:00:00,932.6000000000003
1982-02-25 00:00:00,930.2000000000002
1982-02-26 00:00:00,925.5000000000003
1982-03-01 00:00:00,926.7000000000002
1982-03-02 00:00:00,923.0000000000003
1982-03-03 00:00:00,915.9000000000002
1982-03-04 00:00:00,909.2000000000002
1982-03-05 00:00:00,902.2000000000002
1982-03-08 00:00:00,898.4000000000002
1982-03-09 00:00:00,903.7000000000002
1982-03-10 00:00:00,907.8000000000003
1982-03-11 00:00:00,896.7000000000002
1982-03-12 00:00:00,887.7000000000002
1982-03-15 00:00:00,894.8000000000001
1982-03-16 00:00:00,883.8000000000001
1982-03-17 00:00:00,889.2000000000002
1982-03-18 00:00:00,897.3000000000001
1982-03-19 00:00:00,888.8000000000001
1982-03-22 00:00:00,895.5000000000001
1982-03-23 00:00:00,893.9000000000002
1982-03-24 00:00:00,902.0000000000001
1982-03-25 00:00:00,893.7000000000002
1982-03-26 00:00:00,888.4000000000002
1982-03-29 00:00:00,889.2000000000002
1982-03-30 00:00:00,884.3000000000001
1982-03-31 00:00:00,895.7000000000002
1982-04-01 00:00:00,892.2000000000002
1982-04-02 00:00:00,899.0000000000001
1982-04-05 00:00:00,919.0000000000001
1982-04-06 00:00:00,928.6000000000003
1982-04-07 00:00:00,921.0000000000001
1982-04-08 00:00:00,931.3000000000003
1982-04-12 00:00:00,920.2000000000002
1982-04-13 00:00:00,927.3000000000003
1982-04-14 00:00:00,941.4000000000002
1982-04-15 00:00:00,933.9000000000002
1982-04-16 00:00:00,926.4000000000002
1982-04-19 00:00:00,906.8000000000003
1982-04-20 00:00:00,911.9000000000002
1982-04-21 00:00:00,909.1000000000003
1982-04-22 00:00:00,909.5000000000001
1982-04-23 00:00:00,916.3000000000003
1982-04-26 00:00:00,914.2000000000002
1982-04-27 00:00:00,917.8000000000003
1982-04-28 00:00:00,915.5000000000001
1982-04-29 00:00:00,913.2000000000002
1982-04-30 00:00:00,893.6000000000003
1982-05-03 00:00:00,896.8000000000001
1982-05-04 00:00:00,892.4000000000002
1982-05-05 00:00:00,883.8000000000001
1982-05-06 00:00:00,885.1
1982-05-07 00:00:00,887.8000000000001
1982-05-10 00:00:00,881.5000000000001
1982-05-11 00:00:00,884.1
1982-05-12 00:00:00,883.1
1982-05-13 00:00:00,880.7000000000002
1982-05-14 00:00:00,894.6000000000003
1982-05-17 00:00:00,884.3000000000001
1982-05-18 00:00:00,889.0000000000001
1982-05-19 00:00:00,890.7000000000002
1982-05-20 00:00:00,892.4000000000002
1982-05-21 00:00:00,883.8000000000001
1982-05-24 00:00:00,871.6
1982-05-25 00:00:00,871.2000000000002
1982-05-26 00:00:00,862.8000000000001
1982-05-27 00:00:00,865.4000000000002
1982-05-28 00:00:00,860.3000000000001
1982-06-01 00:00:00,856.1000000000003
1982-06-02 00:00:00,861.7000000000002
1982-06-03 00:00:00,860.0000000000001
1982-06-04 00:00:00,864.1000000000003
1982-06-07 00:00:00,881.4
1982-06-08 00:00:00,870.8000000000001
1982-06-09 00:00:00,869.6000000000003
1982-06-10 00:00:00,865.6000000000003
1982-06-11 00:00:00,860.9000000000002
1982-06-14 00:00:00,843.6999999999999
1982-06-15 00:00:00,841.6999999999999
1982-06-16 00:00:00,838.8000000000001
1982-06-17 00:00:00,822.7999999999998
1982-06-18 00:00:00,821.4
1982-06-21 00:00:00,815.6999999999999
1982-06-22 00:00:00,815.6
1982-06-23 00:00:00,834.9999999999999
1982-06-24 00:00:00,832.3000000000001
1982-06-25 00:00:00,835.4
1982-06-28 00:00:00,849.1
1982-06-29 00:00:00,860.4000000000002
1982-06-30 00:00:00,849.9
1982-07-01 00:00:00,839.4999999999999
1982-07-02 00:00:00,835.4999999999999
1982-07-06 00:00:00,829.9
1982-07-07 00:00:00,833.6
1982-07-08 00:00:00,844.6999999999999
1982-07-09 00:00:00,864.3000000000001
1982-07-12 00:00:00,860.7000000000002
1982-07-13 00:00:00,878.7000000000002
1982-07-14 00:00:00,862.6000000000003
1982-07-15 00:00:00,858.7000000000002
1982-07-16 00:00:00,866.7000000000002
1982-07-19 00:00:00,859.3000000000001
1982-07-20 00:00:00,869.0000000000001
1982-07-21 00:00:00,867.8000000000001
1982-07-22 00:00:00,875.6
1982-07-23 00:00:00,879.8000000000001
1982-07-26 00:00:00,871.2000000000002
1982-07-27 00:00:00,864.3000000000001
1982-07-28 00:00:00,844.3000000000001
1982-07-29 00:00:00,840.4
1982-07-30 00:00:00,849.8000000000001
1982-08-02 00:00:00,860.6000000000003
1982-08-03 00:00:00,854.1000000000003
1982-08-04 00:00:00,860.4000000000002
1982-08-05 00:00:00,848.7000000000002
1982-08-06 00:00:00,839.1
1982-08-09 00:00:00,828.9
1982-08-10 00:00:00,824.8999999999997
1982-08-11 00:00:00,828.6999999999999
1982-08-12 00:00:00,837.1999999999999
1982-08-13 00:00:00,830.1
1982-08-16 00:00:00,837.9999999999999
1982-08-17 00:00:00,841.1
1982-08-18 00:00:00,860.6000000000003
1982-08-19 00:00:00,889.1000000000003
1982-08-20 00:00:00,882.5000000000001
1982-08-23 00:00:00,897.5000000000001
1982-08-24 00:00:00,890.4000000000002
1982-08-25 00:00:00,891.1000000000003
1982-08-26 00:00:00,905.9000000000002
1982-08-27 00:00:00,881.9
1982-08-30 00:00:00,878.5000000000001
1982-08-31 00:00:00,881.1
1982-09-01 00:00:00,884.0000000000001
1982-09-02 00:00:00,904.0000000000001
1982-09-03 00:00:00,934.0000000000003
1982-09-07 00:00:00,929.8000000000003
1982-09-08 00:00:00,952.4000000000002
1982-09-09 00:00:00,932.4000000000002
1982-09-10 00:00:00,909.2000000000002
1982-09-13 00:00:00,913.1000000000003
1982-09-14 00:00:00,894.3000000000001
1982-09-15 00:00:00,898.2000000000002
1982-09-16 00:00:00,890.7000000000002
1982-09-17 00:00:00,875.4
1982-09-20 00:00:00,861.4000000000002
1982-09-21 00:00:00,880.9
1982-09-22 00:00:00,871.7000000000002
1982-09-23 00:00:00,878.6
1982-09-24 00:00:00,861.2000000000002
1982-09-27 00:00:00,861.0000000000001
1982-09-28 00:00:00,874.0000000000001
1982-09-29 00:00:00,854.0000000000001
1982-09-30 00:00:00,843.4999999999999
1982-10-01 00:00:00,853.8000000000001
1982-10-04 00:00:00,833.8000000000001
1982-10-05 00:00:00,847.8000000000001
1982-10-06 00:00:00,857.1000000000003
1982-10-07 00:00:00,877.1
1982-10-08 00:00:00,887.4000000000002
1982-10-11 00:00:00,907.4000000000002
1982-10-12 00:00:00,907.8000000000003
1982-10-13 00:00:00,927.8000000000003
1982-10-14 00:00:00,922.9000000000002
1982-10-15 00:00:00,908.7000000000002
1982-10-18 00:00:00,921.3000000000003
1982-10-19 00:00:00,901.3000000000001
1982-10-20 00:00:00,921.4000000000002
1982-10-21 00:00:00,911.7000000000002
1982-10-22 00:00:00,924.8000000000003
1982-10-25 00:00:00,904.8000000000003
1982-10-26 00:00:00,908.7000000000002
1982-10-27 00:00:00,904.6000000000003
1982-10-28 00:00:00,902.7000000000002
1982-10-29 00:00:00,905.2000000000002
1982-11-01 00:00:00,917.0000000000001
1982-11-03 00:00:00,908.8000000000003
1982-11-04 00:00:00,917.2000000000002
1982-11-05 00:00:00,899.7000000000002
1982-11-08 00:00:00,886.0000000000001
1982-11-09 00:00:00,895.7000000000002
1982-11-10 00:00:00,884.9000000000002
1982-11-11 00:00:00,886.3000000000001
1982-11-12 00:00:00,893.3000000000001
1982-11-15 00:00:00,891.2000000000002
1982-11-16 00:00:00,898.4000000000002
1982-11-17 00:00:00,889.6000000000003
1982-11-18 00:00:00,909.6000000000003
1982-11-19 00:00:00,917.8000000000003
1982-11-22 00:00:00,902.2000000000002
1982-11-23 00:00:00,893.4000000000002
1982-11-24 00:00:00,899.6000000000003
1982-11-26 00:00:00,919.6000000000003
1982-11-29 00:00:00,927.2000000000004
1982-11-30 00:00:00,935.9000000000002
1982-12-01 00:00:00,927.9000000000002
1982-12-02 00:00:00,925.7000000000004
1982-12-03 00:00:00,923.7000000000004
1982-12-06 00:00:00,932.0000000000003
1982-12-07 00:00:00,936.9000000000002
1982-12-08 00:00:00,920.5000000000001
1982-12-09 00:00:00,924.6000000000003
1982-12-10 00:00:00,920.5000000000001
1982-12-13 00:00:00,923.9000000000002
1982-12-14 00:00:00,906.3000000000003
1982-12-15 00:00:00,912.4000000000002
1982-12-16 00:00:00,916.9000000000002
1982-12-17 00:00:00,916.3000000000003
1982-12-20 00:00:00,923.9000000000002
1982-12-21 00:00:00,930.3000000000003
1982-12-22 00:00:00,923.1000000000003
1982-12-23 00:00:00,932.1000000000003
1982-12-27 00:00:00,941.8000000000003
1982-12-28 00:00:00,939.9000000000002
1982-12-29 00:00:00,946.4000000000002
1982-12-30 00:00:00,939.8000000000003
1983-01-03 00:00:00,950.5000000000003
1983-01-04 00:00:00,963.7000000000004
1983-01-05 00:00:00,979.4000000000004
1983-01-06 00:00:00,979.4000000000004
1983-01-07 00:00:00,994.9000000000002
1983-01-10 00:00:00,1014.9000000000002
1983-01-11 00:00:00,1016.5000000000003
1983-01-12 00:00:00,1031.1000000000004
1983-01-13 00:00:00,1032.5000000000005
1983-01-14 00:00:00,1026.2000000000003
1983-01-17 00:00:00,1025.8000000000002
1983-01-18 00:00:00,1027.6000000000004
1983-01-19 00:00:00,1009.9000000000002
1983-01-20 00:00:00,1016.0000000000003
1983-01-21 00:00:00,1008.9000000000002
1983-01-24 00:00:00,1001.0000000000003
1983-01-25 00:00:00,1019.9000000000004
1983-01-26 00:00:00,1026.8000000000002
1983-01-27 00:00:00,1031.8000000000002
1983-01-28 00:00:00,1026.5000000000005
1983-01-31 00:00:00,1045.9000000000003
1983-02-01 00:00:00,1036.3000000000002
1983-02-02 00:00:00,1039.1000000000004
1983-02-03 00:00:00,1019.1000000000003
1983-02-04 00:00:00,1013.4000000000002
1983-02-07 00:00:00,1018.6000000000003
1983-02-08 00:00:00,1015.7000000000004
1983-02-09 00:00:00,1008.7000000000004
1983-02-10 00:00:00,1018.0000000000003
1983-02-11 00:00:00,1031.5000000000005
1983-02-14 00:00:00,1037.6000000000004
1983-02-15 00:00:00,1031.4000000000005
1983-02-16 00:00:00,1029.1000000000004
1983-02-17 00:00:00,1022.7000000000004
1983-02-18 00:00:00,1029.6000000000004
1983-02-22 00:00:00,1009.6000000000003
1983-02-23 00:00:00,986.3000000000003
1983-02-24 00:00:00,993.5000000000003
1983-02-25 00:00:00,973.5000000000003
1983-02-28 00:00:00,943.5000000000003
1983-03-01 00:00:00,935.8000000000003
1983-03-02 00:00:00,955.4000000000002
1983-03-03 00:00:00,955.6000000000003
1983-03-04 00:00:00,944.1000000000003
1983-03-07 00:00:00,962.5000000000003
1983-03-08 00:00:00,952.7000000000004
1983-03-09 00:00:00,956.5000000000003
1983-03-10 00:00:00,971.2000000000004
1983-03-11 00:00:00,959.5000000000003
1983-03-14 00:00:00,972.5000000000003
1983-03-15 00:00:00,962.8000000000003
1983-03-16 00:00:00,953.3000000000003
1983-03-17 00:00:00,950.9000000000002
1983-03-18 00:00:00,942.8000000000003
1983-03-21 00:00:00,948.7000000000004
1983-03-22 00:00:00,943.6000000000003
1983-03-23 00:00:00,945.8000000000003
1983-03-24 00:00:00,929.0000000000003
1983-03-25 00:00:00,941.5000000000003
1983-03-28 00:00:00,937.4000000000002
1983-03-29 00:00:00,945.7000000000004
1983-03-30 00:00:00,940.5000000000003
1983-03-31 00:00:00,942.8000000000003
1983-04-04 00:00:00,954.4000000000002
1983-04-05 00:00:00,952.3000000000003
1983-04-06 00:00:00,953.9000000000002
1983-04-07 00:00:00,952.3000000000003
1983-04-08 00:00:00,945.2000000000004
1983-04-11 00:00:00,965.2000000000004
1983-04-12 00:00:00,965.9000000000002
1983-04-13 00:00:00,967.6000000000003
1983-04-14 00:00:00,974.0000000000003
1983-04-15 00:00:00,970.1000000000003
1983-04-18 00:00:00,982.1000000000003
1983-04-19 00:00:00,963.6000000000003
1983-04-20 00:00:00,971.3000000000003
1983-04-21 00:00:00,965.7000000000004
1983-04-22 00:00:00,971.1000000000003
1983-04-25 00:00:00,969.5000000000003
1983-04-26 00:00:00,972.3000000000003
1983-04-27 00:00:00,966.7000000000004
1983-04-28 00:00:00,964.5000000000003
1983-04-29 00:00:00,970.1000000000003
1983-05-02 00:00:00,980.4000000000004
1983-05-03 00:00:00,985.7000000000004
1983-05-04 00:00:00,991.8000000000003
1983-05-05 00:00:00,988.0000000000003
1983-05-06 00:00:00,989.9000000000004
1983-05-09 00:00:00,1001.7000000000004
1983-05-10 00:00:00,1002.3000000000003
1983-05-11 00:00:00,999.5000000000003
1983-05-12 00:00:00,991.2000000000004
1983-05-13 00:00:00,995.0000000000003
1983-05-16 00:00:00,992.0000000000003
1983-05-17 00:00:00,996.4000000000002
1983-05-18 00:00:00,991.7000000000004
1983-05-19 00:00:00,991.0000000000003
1983-05-20 00:00:00,989.0000000000003
1983-05-23 00:00:00,996.8000000000003
1983-05-24 00:00:00,997.1000000000003
1983-05-25 00:00:00,1006.3000000000003
1983-05-26 00:00:00,1006.5000000000003
1983-05-27 00:00:00,1013.4000000000002
1983-05-31 00:00:00,993.4000000000004
1983-06-01 00:00:00,963.4000000000002
1983-06-02 00:00:00,954.2000000000004
1983-06-03 00:00:00,962.0000000000003
1983-06-06 00:00:00,945.3000000000003
1983-06-07 00:00:00,950.4000000000002
1983-06-08 00:00:00,946.7000000000004
1983-06-09 00:00:00,966.7000000000004
1983-06-10 00:00:00,962.7000000000004
1983-06-13 00:00:00,971.1000000000003
1983-06-14 00:00:00,965.4000000000002
1983-06-15 00:00:00,963.2000000000004
1983-06-16 00:00:00,969.1000000000003
1983-06-17 00:00:00,963.0000000000003
1983-06-20 00:00:00,966.3000000000003
1983-06-21 00:00:00,972.4000000000004
1983-06-22 00:00:00,980.9000000000004
1983-06-23 00:00:00,982.5000000000003
1983-06-24 00:00:00,981.9000000000004
1983-06-27 00:00:00,961.9000000000002
1983-06-28 00:00:00,955.8000000000003
1983-06-29 00:00:00,962.8000000000003
1983-06-30 00:00:00,959.7000000000004
1983-07-01 00:00:00,969.9000000000002
1983-07-05 00:00:00,958.7000000000004
1983-07-06 00:00:00,966.0000000000003
1983-07-07 00:00:00,978.4000000000004
1983-07-08 00:00:00,973.3000000000003
1983-07-11 00:00:00,978.9000000000004
1983-07-12 00:00:00,977.0000000000003
1983-07-13 00:00:00,971.3000000000003
1983-07-14 00:00:00,964.8000000000003
1983-07-15 00:00:00,966.8000000000003
1983-07-18 00:00:00,972.8000000000003
1983-07-19 00:00:00,969.2000000000004
1983-07-20 00:00:00,977.0000000000003
1983-07-21 00:00:00,971.4000000000004
1983-07-22 00:00:00,974.4000000000004
1983-07-25 00:00:00,983.1000000000003
1983-07-26 00:00:00,990.7000000000004
1983-07-27 00:00:00,984.2000000000004
1983-07-28 00:00:00,982.1000000000003
1983-07-29 00:00:00,974.9000000000004
1983-08-01 00:00:00,979.8000000000003
1983-08-02 00:00:00,983.6000000000003
1983-08-03 00:00:00,980.4000000000004
1983-08-04 00:00:00,972.7000000000004
1983-08-05 00:00:00,976.6000000000003
1983-08-08 00:00:00,962.2000000000004
1983-08-09 00:00:00,961.0000000000003
1983-08-10 00:00:00,961.2000000000004
1983-08-11 00:00:00,963.9000000000002
1983-08-12 00:00:00,967.3000000000003
1983-08-15 00:00:00,980.7000000000004
1983-08-16 00:00:00,978.2000000000004
1983-08-17 00:00:00,979.5000000000003
1983-08-18 00:00:00,974.6000000000003
1983-08-19 00:00:00,971.2000000000004
1983-08-22 00:00:00,984.0000000000003
1983-08-23 00:00:00,980.5000000000003
1983-08-24 00:00:00,976.4000000000004
1983-08-25 00:00:00,969.7000000000004
1983-08-26 00:00:00,974.5000000000003
1983-08-29 00:00:00,972.4000000000004
1983-08-30 00:00:00,971.4000000000004
1983-08-31 00:00:00,970.8000000000003
1983-09-01 00:00:00,972.3000000000003
1983-09-02 00:00:00,978.4000000000004
1983-09-06 00:00:00,975.7000000000004
1983-09-07 00:00:00,974.4000000000004
1983-09-08 00:00:00,972.4000000000004
1983-09-09 00:00:00,974.5000000000003
1983-09-12 00:00:00,960.5000000000003
1983-09-13 00:00:00,964.8000000000003
1983-09-14 00:00:00,964.3000000000003
1983-09-15 00:00:00,959.5000000000003
1983-09-16 00:00:00,963.0000000000003
1983-09-19 00:00:00,966.8000000000003
1983-09-20 00:00:00,963.3000000000003
1983-09-21 00:00:00,962.4000000000002
1983-09-22 00:00:00,963.4000000000002
1983-09-23 00:00:00,966.9000000000002
1983-09-26 00:00:00,962.5000000000003
1983-09-27 00:00:00,959.6000000000003
1983-09-28 00:00:00,955.0000000000003
1983-09-29 00:00:00,936.3000000000003
1983-09-30 00:00:00,931.4000000000002
1983-10-03 00:00:00,915.5000000000001
1983-10-04 00:00:00,922.2000000000004
1983-10-05 00:00:00,931.2000000000004
1983-10-06 00:00:00,928.6000000000003
1983-10-07 00:00:00,934.6000000000003
1983-10-10 00:00:00,936.2000000000004
1983-10-11 00:00:00,930.3000000000003
1983-10-12 00:00:00,925.7000000000004
1983-10-13 00:00:00,929.9000000000002
1983-10-14 00:00:00,932.5000000000003
1983-10-17 00:00:00,929.9000000000002
1983-10-18 00:00:00,926.2000000000004
1983-10-19 00:00:00,915.9000000000002
1983-10-20 00:00:00,920.9000000000002
1983-10-21 00:00:00,920.8000000000003
1983-10-24 00:00:00,924.2000000000004
1983-10-25 00:00:00,920.0000000000001
1983-10-26 00:00:00,907.4000000000002
1983-10-27 00:00:00,911.8000000000003
1983-10-28 00:00:00,914.2000000000002
1983-10-31 00:00:00,899.2000000000002
1983-11-01 00:00:00,903.9000000000002
1983-11-02 00:00:00,907.7000000000002
1983-11-03 00:00:00,911.5000000000001
1983-11-04 00:00:00,905.5000000000001
1983-11-07 00:00:00,908.9000000000002
1983-11-08 00:00:00,910.1000000000003
1983-11-09 00:00:00,911.5000000000001
1983-11-10 00:00:00,912.5000000000001
1983-11-11 00:00:00,911.1000000000003
1983-11-14 00:00:00,911.5000000000001
1983-11-15 00:00:00,915.8000000000003
1983-11-16 00:00:00,906.0000000000001
1983-11-17 00:00:00,911.4000000000002
1983-11-18 00:00:00,907.7000000000002
1983-11-21 00:00:00,912.4000000000002
1983-11-22 00:00:00,913.7000000000002
1983-11-23 00:00:00,914.6000000000003
1983-11-28 00:00:00,929.9000000000002
1983-11-29 00:00:00,934.1000000000003
1983-11-30 00:00:00,933.3000000000003
1983-12-01 00:00:00,931.3000000000003
1983-12-02 00:00:00,930.5000000000003
1983-12-05 00:00:00,929.8000000000003
1983-12-06 00:00:00,931.4000000000002
1983-12-07 00:00:00,935.5000000000003
1983-12-08 00:00:00,919.1000000000003
1983-12-09 00:00:00,921.5000000000003
1983-12-12 00:00:00,917.8000000000003
1983-12-13 00:00:00,919.3000000000003
1983-12-14 00:00:00,918.4000000000002
1983-12-15 00:00:00,907.0000000000001
1983-12-16 00:00:00,906.7000000000002
1983-12-19 00:00:00,909.4000000000002
1983-12-20 00:00:00,911.7000000000002
1983-12-21 00:00:00,910.3000000000003
1983-12-22 00:00:00,912.0000000000001
1983-12-23 00:00:00,909.1000000000003
1983-12-27 00:00:00,910.8000000000003
1983-12-28 00:00:00,908.2000000000002
1983-12-29 00:00:00,913.6000000000003
1983-12-30 00:00:00,912.7000000000002
1984-01-03 00:00:00,901.0000000000001
1984-01-04 00:00:00,898.4000000000002
1984-01-05 00:00:00,900.5000000000001
1984-01-06 00:00:00,889.4000000000002
1984-01-09 00:00:00,888.6000000000003
1984-01-10 00:00:00,890.3000000000003
1984-01-11 00:00:00,891.9000000000002
1984-01-12 00:00:00,895.9000000000002
1984-01-13 00:00:00,897.7000000000002
1984-01-16 00:00:00,890.5000000000001
1984-01-17 00:00:00,890.6000000000003
1984-01-18 00:00:00,890.1000000000003
1984-01-19 00:00:00,897.0000000000001
1984-01-20 00:00:00,893.2000000000002
1984-01-23 00:00:00,887.6000000000003
1984-01-24 00:00:00,889.5000000000001
1984-01-25 00:00:00,893.5000000000001
1984-01-26 00:00:00,892.5000000000001
1984-01-27 00:00:00,903.5000000000001
1984-01-30 00:00:00,901.7000000000002
1984-01-31 00:00:00,904.5000000000003
1984-02-01 00:00:00,907.6000000000003
1984-02-02 00:00:00,912.4000000000002
1984-02-03 00:00:00,911.0000000000003
1984-02-06 00:00:00,903.7000000000002
1984-02-07 00:00:00,902.9000000000002
1984-02-08 00:00:00,908.2000000000002
1984-02-09 00:00:00,901.8000000000003
1984-02-10 00:00:00,902.7000000000002
1984-02-13 00:00:00,897.2000000000002
1984-02-14 00:00:00,905.0000000000003
1984-02-15 00:00:00,906.6000000000003
1984-02-16 00:00:00,909.7000000000002
1984-02-17 00:00:00,908.5000000000003
1984-02-21 00:00:00,908.1000000000003
1984-02-22 00:00:00,920.1000000000003
1984-02-23 00:00:00,917.5000000000003
1984-02-24 00:00:00,917.2000000000002
1984-02-27 00:00:00,922.4000000000002
1984-02-28 00:00:00,916.1000000000003
1984-02-29 00:00:00,917.0000000000003
1984-03-01 00:00:00,917.8000000000003
1984-03-02 00:00:00,924.7000000000004
1984-03-05 00:00:00,927.2000000000004
1984-03-06 00:00:00,926.5000000000003
1984-03-07 00:00:00,919.0000000000003
1984-03-08 00:00:00,923.1000000000003
1984-03-09 00:00:00,917.9000000000002
1984-03-12 00:00:00,915.2000000000002
1984-03-13 00:00:00,918.1000000000003
1984-03-14 00:00:00,914.2000000000002
1984-03-15 00:00:00,913.5000000000003
1984-03-16 00:00:00,912.6000000000003
1984-03-19 00:00:00,913.7000000000002
1984-03-20 00:00:00,912.9000000000002
1984-03-21 00:00:00,915.9000000000002
1984-03-22 00:00:00,904.5000000000003
1984-03-23 00:00:00,904.0000000000003
1984-03-26 00:00:00,908.0000000000003
1984-03-27 00:00:00,907.0000000000003
1984-03-28 00:00:00,909.7000000000002
1984-03-29 00:00:00,909.3000000000003
1984-03-30 00:00:00,905.4000000000002
1984-04-02 00:00:00,897.9000000000002
1984-04-03 00:00:00,902.0000000000001
1984-04-04 00:00:00,902.7000000000002
1984-04-05 00:00:00,899.2000000000002
1984-04-06 00:00:00,903.3000000000003
1984-04-09 00:00:00,903.6000000000003
1984-04-10 00:00:00,904.7000000000002
1984-04-11 00:00:00,905.7000000000002
1984-04-12 00:00:00,903.9000000000002
1984-04-13 00:00:00,904.4000000000002
1984-04-16 00:00:00,901.6000000000003
1984-04-17 00:00:00,906.0000000000003
1984-04-18 00:00:00,913.8000000000003
1984-04-19 00:00:00,913.1000000000003
1984-04-23 00:00:00,920.0000000000003
1984-04-24 00:00:00,914.0000000000003
1984-04-25 00:00:00,907.0000000000003
1984-04-26 00:00:00,896.2000000000002
1984-04-27 00:00:00,896.3000000000003
1984-04-30 00:00:00,897.8000000000003
1984-05-01 00:00:00,899.0000000000001
1984-05-02 00:00:00,897.2000000000002
1984-05-03 00:00:00,898.5000000000001
1984-05-04 00:00:00,895.2000000000002
1984-05-07 00:00:00,891.3000000000003
1984-05-08 00:00:00,892.5000000000001
1984-05-09 00:00:00,890.2000000000002
1984-05-10 00:00:00,893.5000000000001
1984-05-11 00:00:00,894.1000000000003
1984-05-14 00:00:00,895.7000000000002
1984-05-15 00:00:00,896.0000000000001
1984-05-16 00:00:00,900.0000000000001
1984-05-17 00:00:00,894.8000000000003
1984-05-18 00:00:00,898.6000000000003
1984-05-21 00:00:00,902.1000000000003
1984-05-22 00:00:00,900.7000000000002
1984-05-23 00:00:00,894.3000000000003
1984-05-24 00:00:00,896.6000000000003
1984-05-25 00:00:00,903.1000000000003
1984-05-29 00:00:00,900.3000000000003
1984-05-30 00:00:00,900.0000000000001
1984-05-31 00:00:00,900.8000000000003
1984-06-01 00:00:00,900.2000000000002
1984-06-04 00:00:00,904.9000000000002
1984-06-05 00:00:00,904.2000000000002
1984-06-06 00:00:00,901.3000000000003
1984-06-07 00:00:00,896.8000000000003
1984-06-08 00:00:00,892.9000000000002
1984-06-11 00:00:00,885.8000000000001
1984-06-12 00:00:00,888.3000000000003
1984-06-13 00:00:00,887.5000000000001
1984-06-14 00:00:00,887.2000000000002
1984-06-15 00:00:00,882.3000000000001
1984-06-18 00:00:00,882.8000000000001
1984-06-19 00:00:00,881.8000000000001
1984-06-20 00:00:00,879.0000000000001
1984-06-21 00:00:00,880.6
1984-06-22 00:00:00,882.7000000000002
1984-06-25 00:00:00,874.2000000000002
1984-06-26 00:00:00,876.0000000000001
1984-06-27 00:00:00,873.4000000000002
1984-06-28 00:00:00,877.2000000000002
1984-06-29 00:00:00,876.5000000000001
1984-07-02 00:00:00,871.5000000000001
1984-07-03 00:00:00,865.3000000000003
1984-07-05 00:00:00,856.8000000000003
1984-07-06 00:00:00,849.1000000000003
1984-07-09 00:00:00,853.7000000000002
1984-07-10 00:00:00,852.5000000000001
1984-07-11 00:00:00,845.4999999999999
1984-07-12 00:00:00,840.0000000000001
1984-07-13 00:00:00,844.9999999999999
1984-07-16 00:00:00,848.4000000000002
1984-07-17 00:00:00,843.1
1984-07-18 00:00:00,845.4999999999999
1984-07-19 00:00:00,841.6999999999999
1984-07-20 00:00:00,834.6999999999999
1984-07-23 00:00:00,830.1999999999999
1984-07-24 00:00:00,828.8000000000001
1984-07-25 00:00:00,831.9
1984-07-26 00:00:00,817.6
1984-07-27 00:00:00,826.9999999999999
1984-07-30 00:00:00,827.6999999999999
1984-07-31 00:00:00,823.8000000000001
1984-08-01 00:00:00,837.6999999999999
1984-08-02 00:00:00,830.6999999999999
1984-08-03 00:00:00,837.1999999999999
1984-08-06 00:00:00,833.0000000000001
1984-08-07 00:00:00,830.3000000000001
1984-08-08 00:00:00,829.8000000000001
1984-08-09 00:00:00,836.4
1984-08-10 00:00:00,828.9
1984-08-13 00:00:00,833.0000000000001
1984-08-14 00:00:00,842.5000000000001
1984-08-15 00:00:00,842.1999999999999
1984-08-16 00:00:00,838.3000000000001
1984-08-17 00:00:00,842.6999999999999
1984-08-20 00:00:00,832.9
1984-08-21 00:00:00,835.1999999999999
1984-08-22 00:00:00,841.6
1984-08-23 00:00:00,837.3000000000001
1984-08-24 00:00:00,840.9
1984-08-27 00:00:00,836.3000000000001
1984-08-28 00:00:00,836.9
1984-08-29 00:00:00,836.1999999999999
1984-08-30 00:00:00,834.6
1984-08-31 00:00:00,834.3000000000001
1984-09-04 00:00:00,817.9
1984-09-05 00:00:00,821.8000000000001
1984-09-06 00:00:00,824.1999999999999
1984-09-07 00:00:00,815.6
1984-09-10 00:00:00,820.1
1984-09-11 00:00:00,820.1
1984-09-12 00:00:00,820.1
1984-09-13 00:00:00,817.9999999999999
1984-09-14 00:00:00,820.9
1984-09-17 00:00:00,810.9
1984-09-18 00:00:00,813.9999999999999
1984-09-19 00:00:00,814.1
1984-09-20 00:00:00,814.9
1984-09-21 00:00:00,821.4
1984-09-24 00:00:00,815.1
1984-09-25 00:00:00,817.6999999999999
1984-09-26 00:00:00,812.9
1984-09-27 00:00:00,812.3000000000001
1984-09-28 00:00:00,810.5
1984-10-01 00:00:00,812.0
1984-10-02 00:00:00,814.4
1984-10-03 00:00:00,814.4999999999999
1984-10-04 00:00:00,813.9999999999999
1984-10-05 00:00:00,810.6
1984-10-08 00:00:00,809.8000000000001
1984-10-09 00:00:00,805.6999999999999
1984-10-10 00:00:00,807.1999999999999
1984-10-11 00:00:00,807.0
1984-10-12 00:00:00,818.3000000000001
1984-10-15 00:00:00,816.1
1984-10-16 00:00:00,814.6999999999999
1984-10-17 00:00:00,812.4999999999999
1984-10-18 00:00:00,815.9999999999999
1984-10-19 00:00:00,814.1
1984-10-22 00:00:00,811.5
1984-10-23 00:00:00,813.4
1984-10-24 00:00:00,815.8000000000001
1984-10-25 00:00:00,804.0
1984-10-26 00:00:00,806.6999999999999
1984-10-29 00:00:00,804.0
1984-10-30 00:00:00,807.0
1984-10-31 00:00:00,807.6999999999999
1984-11-01 00:00:00,810.6999999999999
1984-11-02 00:00:00,822.4
1984-11-05 00:00:00,822.6999999999999
1984-11-06 00:00:00,819.4
1984-11-07 00:00:00,825.1999999999999
1984-11-08 00:00:00,823.6
1984-11-09 00:00:00,819.6999999999999
1984-11-12 00:00:00,820.4
1984-11-13 00:00:00,819.8000000000001
1984-11-14 00:00:00,819.4
1984-11-15 00:00:00,815.1
1984-11-16 00:00:00,815.1999999999999
1984-11-19 00:00:00,809.1999999999999
1984-11-20 00:00:00,809.3000000000001
1984-11-21 00:00:00,810.6999999999999
1984-11-26 00:00:00,802.3000000000001
1984-11-27 00:00:00,801.6
1984-11-28 00:00:00,800.4
1984-11-29 00:00:00,803.1
1984-11-30 00:00:00,798.6999999999999
1984-12-03 00:00:00,800.3000000000001
1984-12-04 00:00:00,801.1999999999999
1984-12-05 00:00:00,802.0
1984-12-06 00:00:00,801.6
1984-12-07 00:00:00,795.4
1984-12-10 00:00:00,792.3000000000001
1984-12-11 00:00:00,792.1
1984-12-12 00:00:00,794.1999999999999
1984-12-13 00:00:00,790.3000000000001
1984-12-14 00:00:00,782.4000000000001
1984-12-17 00:00:00,777.6
1984-12-18 00:00:00,774.7
1984-12-19 00:00:00,773.9000000000001
1984-12-20 00:00:00,768.9
1984-12-21 00:00:00,774.1
1984-12-26 00:00:00,775.8000000000001
1984-12-27 00:00:00,772.0
1984-12-28 00:00:00,770.5
1985-01-02 00:00:00,756.7
1985-01-03 00:00:00,755.8
1985-01-04 00:00:00,750.6
1985-01-07 00:00:00,756.9
1985-01-08 00:00:00,749.2
1985-01-09 00:00:00,760.3
1985-01-10 00:00:00,755.3
1985-01-11 00:00:00,745.0
1985-01-14 00:00:00,749.9
1985-01-15 00:00:00,751.2
1985-01-16 00:00:00,752.2
1985-01-17 00:00:00,756.7
1985-01-18 00:00:00,754.1
1985-01-21 00:00:00,758.1
1985-01-22 00:00:00,748.5
1985-01-23 00:00:00,751.8
1985-01-24 00:00:00,747.8
1985-01-25 00:00:00,749.8
1985-01-28 00:00:00,753.5
1985-01-29 00:00:00,751.8
1985-01-30 00:00:00,759.8
1985-01-31 00:00:00,758.0
1985-02-01 00:00:00,754.9
1985-02-04 00:00:00,755.5
1985-02-05 00:00:00,756.3
1985-02-06 00:00:00,755.8
1985-02-07 00:00:00,753.1
1985-02-08 00:00:00,752.3
1985-02-11 00:00:00,755.7
1985-02-12 00:00:00,751.3
1985-02-13 00:00:00,753.1
1985-02-14 00:00:00,753.8
1985-02-15 00:00:00,756.7
1985-02-19 00:00:00,754.5
1985-02-20 00:00:00,754.4
1985-02-21 00:00:00,745.5
1985-02-22 00:00:00,741.1
1985-02-25 00:00:00,723.9000000000001
1985-02-26 00:00:00,730.0
1985-02-27 00:00:00,728.2
1985-02-28 00:00:00,726.8
1985-03-01 00:00:00,727.5999999999999
1985-03-04 00:00:00,732.6999999999999
1985-03-05 00:00:00,727.5
1985-03-06 00:00:00,729.4
1985-03-07 00:00:00,727.9000000000001
1985-03-08 00:00:00,714.9
1985-03-11 00:00:00,720.4000000000001
1985-03-12 00:00:00,723.8
1985-03-13 00:00:00,722.8
1985-03-14 00:00:00,720.8
1985-03-15 00:00:00,726.0
1985-03-18 00:00:00,737.7
1985-03-19 00:00:00,762.7
1985-03-20 00:00:00,749.2
1985-03-21 00:00:00,747.1
1985-03-22 00:00:00,743.4
1985-03-25 00:00:00,743.9
1985-03-26 00:00:00,749.9
1985-03-27 00:00:00,753.3
1985-03-28 00:00:00,754.5
1985-03-29 00:00:00,759.7
1985-04-01 00:00:00,743.6
1985-04-02 00:00:00,752.7
1985-04-03 00:00:00,748.7
1985-04-04 00:00:00,754.3
1985-04-08 00:00:00,760.3
1985-04-09 00:00:00,763.1
1985-04-10 00:00:00,769.1
1985-04-11 00:00:00,782.4
1985-04-12 00:00:00,777.6
1985-04-15 00:00:00,772.8
1985-04-16 00:00:00,765.7
1985-04-17 00:00:00,754.8
1985-04-18 00:00:00,759.7
1985-04-19 00:00:00,765.4
1985-04-22 00:00:00,760.2
1985-04-23 00:00:00,755.8
1985-04-24 00:00:00,755.3
1985-04-25 00:00:00,756.8
1985-04-26 00:00:00,755.2
1985-04-29 00:00:00,761.1
1985-04-30 00:00:00,745.7
1985-05-01 00:00:00,744.7
1985-05-02 00:00:00,746.5
1985-05-03 00:00:00,742.0
1985-05-06 00:00:00,733.6999999999999
1985-05-07 00:00:00,743.6
1985-05-08 00:00:00,742.9
1985-05-09 00:00:00,745.0
1985-05-10 00:00:00,748.4
1985-05-13 00:00:00,759.2
1985-05-14 00:00:00,754.9
1985-05-15 00:00:00,754.6
1985-05-16 00:00:00,752.3
1985-05-17 00:00:00,754.4
1985-05-20 00:00:00,743.7
1985-05-21 00:00:00,749.3
1985-05-22 00:00:00,746.5
1985-05-23 00:00:00,741.5
1985-05-24 00:00:00,738.6
1985-05-28 00:00:00,732.6
1985-05-29 00:00:00,738.0
1985-05-30 00:00:00,734.7
1985-05-31 00:00:00,739.5
1985-06-03 00:00:00,744.1
1985-06-04 00:00:00,740.1
1985-06-05 00:00:00,735.0
1985-06-06 00:00:00,738.7
1985-06-07 00:00:00,737.7
1985-06-10 00:00:00,736.2
1985-06-11 00:00:00,737.0
1985-06-12 00:00:00,735.6
1985-06-13 00:00:00,736.0
1985-06-14 00:00:00,743.1
1985-06-17 00:00:00,741.3
1985-06-18 00:00:00,751.5
1985-06-19 00:00:00,746.6
1985-06-20 00:00:00,736.4
1985-06-21 00:00:00,740.2
1985-06-24 00:00:00,740.5
1985-06-25 00:00:00,739.3
1985-06-26 00:00:00,738.0
1985-06-27 00:00:00,736.9
1985-06-28 00:00:00,737.3
1985-07-01 00:00:00,719.9
1985-07-02 00:00:00,727.5999999999999
1985-07-03 00:00:00,725.8
1985-07-08 00:00:00,735.4
1985-07-09 00:00:00,734.0
1985-07-10 00:00:00,735.8
1985-07-11 00:00:00,732.9
1985-07-12 00:00:00,737.4
1985-07-15 00:00:00,738.8
1985-07-16 00:00:00,742.0999999999999
1985-07-17 00:00:00,746.4
1985-07-18 00:00:00,740.2
1985-07-19 00:00:00,740.8
1985-07-22 00:00:00,742.0
1985-07-23 00:00:00,741.0999999999999
1985-07-24 00:00:00,742.0999999999999
1985-07-25 00:00:00,742.7
1985-07-26 00:00:00,745.5999999999999
1985-07-29 00:00:00,750.3
1985-07-30 00:00:00,750.7
1985-07-31 00:00:00,756.5
1985-08-01 00:00:00,748.4
1985-08-02 00:00:00,753.2
1985-08-05 00:00:00,752.7
1985-08-06 00:00:00,747.5
1985-08-07 00:00:00,750.2
1985-08-08 00:00:00,749.3
1985-08-09 00:00:00,763.5999999999999
1985-08-12 00:00:00,763.3
1985-08-13 00:00:00,766.1
1985-08-14 00:00:00,766.8000000000001
1985-08-15 00:00:00,773.7
1985-08-16 00:00:00,798.1
1985-08-19 00:00:00,807.0
1985-08-20 00:00:00,801.4
1985-08-21 00:00:00,803.4
1985-08-22 00:00:00,791.3000000000001
1985-08-23 00:00:00,799.6
1985-08-26 00:00:00,801.6
1985-08-27 00:00:00,806.8000000000001
1985-08-28 00:00:00,814.8000000000001
1985-08-29 00:00:00,803.1999999999999
1985-08-30 00:00:00,805.6
1985-09-03 00:00:00,783.0999999999999
1985-09-04 00:00:00,783.5999999999999
1985-09-05 00:00:00,780.0999999999999
1985-09-06 00:00:00,779.5999999999999
1985-09-09 00:00:00,784.3000000000001
1985-09-10 00:00:00,788.9
1985-09-11 00:00:00,784.4
1985-09-12 00:00:00,781.5
1985-09-13 00:00:00,783.0
1985-09-16 00:00:00,777.8000000000001
1985-09-17 00:00:00,767.6999999999999
1985-09-18 00:00:00,763.8
1985-09-19 00:00:00,770.1999999999999
1985-09-20 00:00:00,771.9
1985-09-23 00:00:00,784.4
1985-09-24 00:00:00,781.0999999999999
1985-09-25 00:00:00,786.4
1985-09-26 00:00:00,780.0
1985-09-27 00:00:00,777.6
1985-09-30 00:00:00,770.1999999999999
1985-10-01 00:00:00,777.1
1985-10-02 00:00:00,776.8000000000001
1985-10-03 00:00:00,788.9
1985-10-04 00:00:00,788.0
1985-10-07 00:00:00,786.5
1985-10-08 00:00:00,789.0
1985-10-09 00:00:00,790.8000000000001
1985-10-10 00:00:00,787.8000000000001
1985-10-11 00:00:00,791.0
1985-10-14 00:00:00,790.3000000000001
1985-10-15 00:00:00,790.1999999999999
1985-10-16 00:00:00,783.5999999999999
1985-10-17 00:00:00,788.1
1985-10-18 00:00:00,790.5
1985-10-21 00:00:00,793.6999999999999
1985-10-22 00:00:00,801.5
1985-10-23 00:00:00,804.3000000000001
1985-10-24 00:00:00,801.4
1985-10-25 00:00:00,803.9
1985-10-28 00:00:00,802.5
1985-10-29 00:00:00,802.6999999999999
1985-10-30 00:00:00,796.6999999999999
1985-10-31 00:00:00,789.6
1985-11-01 00:00:00,791.9
1985-11-04 00:00:00,792.4
1985-11-05 00:00:00,792.3000000000001
1985-11-06 00:00:00,793.0
1985-11-07 00:00:00,791.4
1985-11-08 00:00:00,793.5
1985-11-11 00:00:00,793.5
1985-11-12 00:00:00,801.0
1985-11-13 00:00:00,800.1
1985-11-14 00:00:00,801.3000000000001
1985-11-15 00:00:00,798.1
1985-11-18 00:00:00,798.9
1985-11-19 00:00:00,799.6
1985-11-20 00:00:00,800.6
1985-11-21 00:00:00,803.0
1985-11-22 00:00:00,815.4
1985-11-25 00:00:00,820.8000000000001
1985-11-26 00:00:00,816.3000000000001
1985-11-27 00:00:00,810.6
1985-12-02 00:00:00,815.4
1985-12-03 00:00:00,813.1999999999999
1985-12-04 00:00:00,813.6999999999999
1985-12-05 00:00:00,809.1999999999999
1985-12-06 00:00:00,809.4
1985-12-09 00:00:00,788.1
1985-12-10 00:00:00,790.9
1985-12-11 00:00:00,787.6
1985-12-12 00:00:00,793.1
1985-12-13 00:00:00,796.9
1985-12-16 00:00:00,799.1
1985-12-17 00:00:00,796.4
1985-12-18 00:00:00,797.1999999999999
1985-12-19 00:00:00,798.8000000000001
1985-12-20 00:00:00,799.6999999999999
1985-12-23 00:00:00,797.9
1985-12-26 00:00:00,800.1
1985-12-27 00:00:00,804.1
1985-12-30 00:00:00,805.8
1985-12-31 00:00:00,805.1999999999999
1986-01-02 00:00:00,805.9999999999999
1986-01-03 00:00:00,808.6
1986-01-06 00:00:00,822.1999999999999
1986-01-07 00:00:00,819.9
1986-01-08 00:00:00,821.9
1986-01-09 00:00:00,828.3999999999997
1986-01-10 00:00:00,826.9999999999999
1986-01-13 00:00:00,824.6999999999999
1986-01-14 00:00:00,823.4999999999999
1986-01-15 00:00:00,829.6999999999999
1986-01-16 00:00:00,829.4
1986-01-17 00:00:00,834.8000000000001
1986-01-20 00:00:00,835.4999999999999
1986-01-21 00:00:00,832.4999999999999
1986-01-22 00:00:00,835.3000000000001
1986-01-23 00:00:00,834.6999999999999
1986-01-24 00:00:00,842.6
1986-01-27 00:00:00,838.1999999999999
1986-01-28 00:00:00,835.4
1986-01-29 00:00:00,838.4999999999999
1986-01-30 00:00:00,835.9999999999999
1986-01-31 00:00:00,831.6999999999999
1986-02-03 00:00:00,814.9999999999999
1986-02-04 00:00:00,810.6999999999999
1986-02-05 00:00:00,814.4
1986-02-06 00:00:00,813.6999999999999
1986-02-07 00:00:00,821.9999999999999
1986-02-10 00:00:00,820.6999999999999
1986-02-11 00:00:00,820.9999999999999
1986-02-12 00:00:00,819.9999999999999
1986-02-13 00:00:00,817.1
1986-02-14 00:00:00,828.6999999999999
1986-02-18 00:00:00,840.9
1986-02-19 00:00:00,851.9
1986-02-20 00:00:00,849.6
1986-02-21 00:00:00,858.4000000000002
1986-02-24 00:00:00,877.3000000000001
1986-02-25 00:00:00,869.4000000000002
1986-02-26 00:00:00,849.3000000000001
1986-02-27 00:00:00,849.2000000000002
1986-02-28 00:00:00,861.3000000000001
1986-03-03 00:00:00,860.0000000000001
1986-03-04 00:00:00,867.0000000000001
1986-03-05 00:00:00,868.0000000000001
1986-03-06 00:00:00,864.4000000000002
1986-03-07 00:00:00,866.5000000000001
1986-03-10 00:00:00,859.0000000000001
1986-03-11 00:00:00,867.0000000000001
1986-03-12 00:00:00,874.0000000000001
1986-03-13 00:00:00,869.2000000000002
1986-03-14 00:00:00,870.8000000000001
1986-03-17 00:00:00,879.1
1986-03-18 00:00:00,882.3000000000001
1986-03-19 00:00:00,879.5000000000001
1986-03-20 00:00:00,890.8000000000001
1986-03-21 00:00:00,898.8000000000001
1986-03-24 00:00:00,885.0000000000001
1986-03-25 00:00:00,876.8000000000001
1986-03-26 00:00:00,876.1
1986-03-27 00:00:00,881.0000000000001
1986-03-31 00:00:00,859.4000000000002
1986-04-01 00:00:00,855.1000000000003
1986-04-02 00:00:00,862.1000000000003
1986-04-03 00:00:00,863.0000000000001
1986-04-04 00:00:00,863.3000000000001
1986-04-07 00:00:00,878.3000000000001
1986-04-08 00:00:00,882.2000000000002
1986-04-09 00:00:00,884.3000000000001
1986-04-10 00:00:00,884.4000000000002
1986-04-11 00:00:00,891.1000000000003
1986-04-14 00:00:00,879.4000000000002
1986-04-15 00:00:00,879.7000000000002
1986-04-16 00:00:00,873.8000000000001
1986-04-17 00:00:00,870.1
1986-04-18 00:00:00,868.8000000000001
1986-04-21 00:00:00,869.7000000000002
1986-04-22 00:00:00,879.7000000000002
1986-04-23 00:00:00,881.2000000000002
1986-04-24 00:00:00,881.5000000000001
1986-04-25 00:00:00,879.7000000000002
1986-04-28 00:00:00,879.0000000000001
1986-04-29 00:00:00,869.1000000000003
1986-04-30 00:00:00,874.1
1986-05-01 00:00:00,859.6000000000003
1986-05-02 00:00:00,867.0000000000001
1986-05-05 00:00:00,865.1000000000003
1986-05-06 00:00:00,870.9000000000002
1986-05-07 00:00:00,870.8000000000001
1986-05-08 00:00:00,870.9000000000002
1986-05-09 00:00:00,875.9000000000002
1986-05-12 00:00:00,876.6
1986-05-13 00:00:00,873.0000000000001
1986-05-14 00:00:00,869.0000000000001
1986-05-15 00:00:00,868.4000000000002
1986-05-16 00:00:00,864.6000000000003
1986-05-19 00:00:00,859.3000000000001
1986-05-20 00:00:00,857.4000000000002
1986-05-21 00:00:00,858.1000000000003
1986-05-22 00:00:00,863.2000000000002
1986-05-23 00:00:00,863.8000000000001
1986-05-27 00:00:00,866.4000000000002
1986-05-28 00:00:00,866.8000000000001
1986-05-29 00:00:00,868.4000000000002
1986-05-30 00:00:00,877.4000000000002
1986-06-02 00:00:00,875.9000000000002
1986-06-03 00:00:00,874.5000000000001
1986-06-04 00:00:00,870.6
1986-06-05 00:00:00,876.2000000000002
1986-06-06 00:00:00,875.1
1986-06-09 00:00:00,900.1000000000003
1986-06-10 00:00:00,889.7000000000002
1986-06-11 00:00:00,897.3000000000001
1986-06-12 00:00:00,907.5000000000001
1986-06-13 00:00:00,899.9000000000002
1986-06-16 00:00:00,882.0000000000001
1986-06-17 00:00:00,887.7000000000002
1986-06-18 00:00:00,887.4000000000002
1986-06-19 00:00:00,884.2000000000002
1986-06-20 00:00:00,884.5000000000001
1986-06-23 00:00:00,888.4000000000002
1986-06-24 00:00:00,888.7000000000002
1986-06-25 00:00:00,893.5000000000001
1986-06-26 00:00:00,892.3000000000001
1986-06-27 00:00:00,881.2000000000002
1986-06-30 00:00:00,884.2000000000002
1986-07-01 00:00:00,873.1
1986-07-02 00:00:00,878.0000000000001
1986-07-07 00:00:00,886.0000000000001
1986-07-08 00:00:00,891.1000000000003
1986-07-09 00:00:00,889.6000000000003
1986-07-10 00:00:00,888.3000000000001
1986-07-11 00:00:00,887.1000000000003
1986-07-14 00:00:00,884.8000000000001
1986-07-15 00:00:00,891.5000000000001
1986-07-16 00:00:00,892.4000000000002
1986-07-17 00:00:00,891.2000000000002
1986-07-18 00:00:00,898.6000000000003
1986-07-21 00:00:00,900.8000000000001
1986-07-22 00:00:00,899.0000000000001
1986-07-23 00:00:00,891.0000000000001
1986-07-24 00:00:00,896.4000000000002
1986-07-25 00:00:00,895.6000000000003
1986-07-28 00:00:00,899.5000000000001
1986-07-29 00:00:00,899.4000000000002
1986-07-30 00:00:00,899.7000000000002
1986-07-31 00:00:00,915.6000000000003
1986-08-01 00:00:00,920.2000000000002
1986-08-04 00:00:00,922.9000000000002
1986-08-05 00:00:00,922.3000000000003
1986-08-06 00:00:00,930.5000000000003
1986-08-07 00:00:00,946.4000000000002
1986-08-08 00:00:00,971.4000000000002
1986-08-11 00:00:00,996.4000000000002
1986-08-12 00:00:00,992.2000000000002
1986-08-13 00:00:00,983.6000000000003
1986-08-14 00:00:00,994.4000000000002
1986-08-15 00:00:00,993.8000000000003
1986-08-18 00:00:00,987.3000000000003
1986-08-19 00:00:00,984.0000000000003
1986-08-20 00:00:00,1006.3000000000003
1986-08-21 00:00:00,1031.2000000000003
1986-08-22 00:00:00,1020.0000000000003
1986-08-25 00:00:00,1036.5000000000005
1986-08-26 00:00:00,1037.0000000000005
1986-08-27 00:00:00,1041.0000000000005
1986-08-28 00:00:00,1062.9000000000003
1986-08-29 00:00:00,1074.6000000000004
1986-09-02 00:00:00,1099.6000000000004
1986-09-03 00:00:00,1101.7000000000003
1986-09-04 00:00:00,1113.6000000000004
1986-09-05 00:00:00,1126.0000000000005
1986-09-08 00:00:00,1101.0000000000005
1986-09-09 00:00:00,1076.0000000000005
1986-09-10 00:00:00,1038.5000000000005
1986-09-11 00:00:00,1020.5000000000003
1986-09-12 00:00:00,1022.6000000000003
1986-09-15 00:00:00,1031.1000000000004
1986-09-16 00:00:00,1022.0000000000003
1986-09-17 00:00:00,1009.7000000000002
1986-09-18 00:00:00,1010.0000000000003
1986-09-19 00:00:00,1035.0000000000005
1986-09-22 00:00:00,1060.0000000000002
1986-09-23 00:00:00,1053.0000000000002
1986-09-24 00:00:00,1050.1000000000001
1986-09-25 00:00:00,1031.1000000000004
1986-09-26 00:00:00,1025.6000000000004
1986-09-29 00:00:00,1000.6000000000003
1986-09-30 00:00:00,997.2000000000002
1986-10-01 00:00:00,1004.4000000000002
1986-10-02 00:00:00,1029.4
1986-10-03 00:00:00,1038.5
1986-10-06 00:00:00,1058.4000000000003
1986-10-07 00:00:00,1051.8000000000004
1986-10-08 00:00:00,1043.4000000000003
1986-10-09 00:00:00,1018.4000000000002
1986-10-10 00:00:00,1026.1000000000004
1986-10-13 00:00:00,1038.1000000000004
1986-10-14 00:00:00,1023.8000000000003
1986-10-15 00:00:00,1014.3000000000003
1986-10-16 00:00:00,1015.5000000000001
1986-10-17 00:00:00,1017.4000000000002
1986-10-20 00:00:00,1042.4000000000003
1986-10-21 00:00:00,1040.2000000000003
1986-10-22 00:00:00,1035.1000000000004
1986-10-23 00:00:00,1011.0000000000001
1986-10-24 00:00:00,1011.3000000000003
1986-10-27 00:00:00,1024.7000000000003
1986-10-28 00:00:00,1025.9
1986-10-29 00:00:00,1015.1000000000003
1986-10-30 00:00:00,1031.4
1986-10-31 00:00:00,1015.5000000000001
1986-11-03 00:00:00,1018.8000000000003
1986-11-04 00:00:00,1020.8000000000003
1986-11-05 00:00:00,1000.8000000000003
1986-11-06 00:00:00,1009.9000000000002
1986-11-07 00:00:00,1005.1000000000003
1986-11-10 00:00:00,994.5000000000001
1986-11-11 00:00:00,984.3000000000003
1986-11-12 00:00:00,971.3000000000003
1986-11-13 00:00:00,978.0000000000001
1986-11-14 00:00:00,953.0000000000001
1986-11-17 00:00:00,928.0000000000001
1986-11-18 00:00:00,940.3000000000003
1986-11-19 00:00:00,915.0000000000001
1986-11-20 00:00:00,924.6000000000003
1986-11-21 00:00:00,907.2000000000002
1986-11-24 00:00:00,917.3000000000001
1986-11-25 00:00:00,918.9000000000002
1986-11-26 00:00:00,921.0000000000001
1986-12-01 00:00:00,934.9000000000002
1986-12-02 00:00:00,919.0000000000001
1986-12-03 00:00:00,922.2000000000002
1986-12-04 00:00:00,921.3000000000001
1986-12-05 00:00:00,924.3000000000003
1986-12-08 00:00:00,923.0000000000001
1986-12-09 00:00:00,919.2000000000002
1986-12-10 00:00:00,925.4000000000002
1986-12-11 00:00:00,926.5000000000001
1986-12-12 00:00:00,927.8000000000003
1986-12-15 00:00:00,936.8000000000003
1986-12-16 00:00:00,930.8000000000003
1986-12-17 00:00:00,921.2000000000002
1986-12-18 00:00:00,925.9000000000002
1986-12-19 00:00:00,917.8000000000001
1986-12-22 00:00:00,920.1000000000003
1986-12-23 00:00:00,910.4000000000002
1986-12-24 00:00:00,914.9000000000002
1986-12-29 00:00:00,914.4000000000002
1986-12-30 00:00:00,902.6
1986-12-31 00:00:00,915.3000000000001
1987-01-02 00:00:00,916.5000000000001
1987-01-05 00:00:00,923.2000000000002
1987-01-06 00:00:00,921.2000000000002
1987-01-07 00:00:00,925.8000000000003
1987-01-08 00:00:00,937.9000000000002
1987-01-09 00:00:00,962.9000000000002
1987-01-12 00:00:00,973.1000000000003
1987-01-13 00:00:00,973.8000000000003
1987-01-14 00:00:00,980.0000000000001
1987-01-15 00:00:00,973.3000000000003
1987-01-16 00:00:00,977.3000000000003
1987-01-19 00:00:00,987.1000000000003
1987-01-20 00:00:00,962.1000000000003
1987-01-21 00:00:00,957.3000000000003
1987-01-22 00:00:00,966.4000000000002
1987-01-23 00:00:00,958.9000000000002
1987-01-26 00:00:00,974.0000000000001
1987-01-27 00:00:00,982.6000000000003
1987-01-28 00:00:00,973.1000000000003
1987-01-29 00:00:00,973.4000000000002
1987-01-30 00:00:00,966.8000000000003
1987-02-02 00:00:00,961.1000000000003
1987-02-03 00:00:00,964.8000000000003
1987-02-04 00:00:00,961.1000000000003
1987-02-05 00:00:00,963.7000000000002
1987-02-06 00:00:00,964.7000000000002
1987-02-09 00:00:00,969.4000000000002
1987-02-10 00:00:00,965.3000000000003
1987-02-11 00:00:00,960.8000000000003
1987-02-12 00:00:00,945.8000000000003
1987-02-13 00:00:00,949.2000000000002
1987-02-17 00:00:00,946.6000000000003
1987-02-18 00:00:00,941.9000000000002
1987-02-19 00:00:00,953.6000000000003
1987-02-20 00:00:00,962.9000000000002
1987-02-23 00:00:00,953.8000000000003
1987-02-24 00:00:00,962.3000000000003
1987-02-25 00:00:00,959.9000000000002
1987-02-26 00:00:00,968.6000000000003
1987-02-27 00:00:00,964.7000000000002
1987-03-02 00:00:00,961.7000000000002
1987-03-03 00:00:00,968.4000000000002
1987-03-04 00:00:00,972.1000000000003
1987-03-05 00:00:00,975.5000000000001
1987-03-06 00:00:00,972.2000000000002
1987-03-09 00:00:00,969.3000000000003
1987-03-10 00:00:00,971.4000000000002
1987-03-11 00:00:00,969.6000000000003
1987-03-12 00:00:00,973.7000000000002
1987-03-13 00:00:00,954.5000000000001
1987-03-16 00:00:00,959.0000000000001
1987-03-17 00:00:00,963.5000000000001
1987-03-18 00:00:00,963.1000000000003
1987-03-19 00:00:00,961.1000000000003
1987-03-20 00:00:00,960.9000000000002
1987-03-23 00:00:00,969.5000000000001
1987-03-24 00:00:00,984.3000000000003
1987-03-25 00:00:00,980.3000000000003
1987-03-26 00:00:00,978.2000000000002
1987-03-27 00:00:00,1003.2000000000002
1987-03-30 00:00:00,1002.6000000000003
1987-03-31 00:00:00,995.3000000000003
1987-04-01 00:00:00,998.9000000000002
1987-04-02 00:00:00,996.2000000000002
1987-04-03 00:00:00,998.2000000000002
1987-04-06 00:00:00,1001.9000000000002
1987-04-07 00:00:00,1005.5000000000003
1987-04-08 00:00:00,997.8000000000003
1987-04-09 00:00:00,1018.1000000000003
1987-04-10 00:00:00,1013.7000000000002
1987-04-13 00:00:00,1021.6000000000003
1987-04-14 00:00:00,1041.0000000000005
1987-04-15 00:00:00,1029.2000000000003
1987-04-16 00:00:00,1027.1000000000004
1987-04-20 00:00:00,1049.0000000000002
1987-04-21 00:00:00,1030.9
1987-04-22 00:00:00,1039.6000000000004
1987-04-23 00:00:00,1059.6000000000001
1987-04-24 00:00:00,1061.1000000000001
1987-04-27 00:00:00,1036.1000000000004
1987-04-28 00:00:00,1027.5000000000005
1987-04-29 00:00:00,1027.5000000000005
1987-04-30 00:00:00,1042.8000000000004
1987-05-01 00:00:00,1044.8000000000004
1987-05-04 00:00:00,1069.8000000000002
1987-05-05 00:00:00,1056.5000000000002
1987-05-06 00:00:00,1057.0000000000002
1987-05-07 00:00:00,1053.4000000000003
1987-05-08 00:00:00,1047.4000000000003
1987-05-11 00:00:00,1051.0000000000002
1987-05-12 00:00:00,1053.2
1987-05-13 00:00:00,1038.7000000000003
1987-05-14 00:00:00,1050.4000000000003
1987-05-15 00:00:00,1063.4000000000003
1987-05-18 00:00:00,1055.7
1987-05-19 00:00:00,1061.3000000000004
1987-05-20 00:00:00,1057.9000000000003
1987-05-21 00:00:00,1051.0000000000002
1987-05-22 00:00:00,1031.0000000000005
1987-05-26 00:00:00,1006.0000000000003
1987-05-27 00:00:00,1008.8000000000003
1987-05-28 00:00:00,1016.0000000000003
1987-05-29 00:00:00,1012.2000000000002
1987-06-01 00:00:00,1003.8000000000003
1987-06-02 00:00:00,1019.6000000000003
1987-06-03 00:00:00,1005.9000000000002
1987-06-04 00:00:00,1005.8000000000003
1987-06-05 00:00:00,1012.6000000000003
1987-06-08 00:00:00,1007.0000000000003
1987-06-09 00:00:00,1015.7000000000002
1987-06-10 00:00:00,1017.0000000000003
1987-06-11 00:00:00,1033.1000000000004
1987-06-12 00:00:00,1020.8000000000003
1987-06-15 00:00:00,1019.7000000000002
1987-06-16 00:00:00,1010.0000000000003
1987-06-17 00:00:00,1003.9000000000002
1987-06-18 00:00:00,1006.7000000000002
1987-06-19 00:00:00,1000.4000000000002
1987-06-22 00:00:00,985.3000000000003
1987-06-23 00:00:00,980.8000000000003
1987-06-24 00:00:00,987.7000000000002
1987-06-25 00:00:00,981.5000000000003
1987-06-26 00:00:00,985.3000000000003
1987-06-29 00:00:00,985.7000000000002
1987-06-30 00:00:00,986.4000000000002
1987-07-01 00:00:00,991.7000000000002
1987-07-02 00:00:00,991.9000000000002
1987-07-06 00:00:00,993.8000000000003
1987-07-07 00:00:00,990.1000000000003
1987-07-08 00:00:00,998.5000000000001
1987-07-09 00:00:00,995.6000000000003
1987-07-10 00:00:00,991.7000000000002
1987-07-13 00:00:00,996.4000000000002
1987-07-14 00:00:00,993.7000000000002
1987-07-15 00:00:00,1006.9000000000002
1987-07-16 00:00:00,1006.9000000000002
1987-07-17 00:00:00,1000.6000000000003
1987-07-20 00:00:00,1000.0000000000001
1987-07-21 00:00:00,1006.0000000000001
1987-07-22 00:00:00,1013.5000000000001
1987-07-23 00:00:00,1006.8000000000003
1987-07-24 00:00:00,1020.3000000000003
1987-07-27 00:00:00,1021.5000000000001
1987-07-28 00:00:00,1036.4
1987-07-29 00:00:00,1032.0
1987-07-30 00:00:00,1050.9000000000003
1987-07-31 00:00:00,1048.3000000000004
1987-08-03 00:00:00,1060.7
1987-08-04 00:00:00,1074.8000000000002
1987-08-05 00:00:00,1053.9000000000003
1987-08-06 00:00:00,1048.4000000000003
1987-08-07 00:00:00,1041.1000000000004
1987-08-10 00:00:00,1055.3000000000004
1987-08-11 00:00:00,1063.5000000000002
1987-08-12 00:00:00,1063.5000000000002
1987-08-13 00:00:00,1046.9000000000003
1987-08-14 00:00:00,1021.9000000000002
1987-08-17 00:00:00,1018.4000000000002
1987-08-18 00:00:00,1029.5
1987-08-19 00:00:00,1032.0
1987-08-20 00:00:00,1017.2000000000002
1987-08-21 00:00:00,1026.0
1987-08-24 00:00:00,1038.6000000000004
1987-08-25 00:00:00,1030.5
1987-08-26 00:00:00,1034.5
1987-08-27 00:00:00,1035.1000000000004
1987-08-28 00:00:00,1028.3000000000002
1987-08-31 00:00:00,1023.3000000000003
1987-09-01 00:00:00,1026.0
1987-09-02 00:00:00,1044.4000000000003
1987-09-03 00:00:00,1039.8000000000002
1987-09-04 00:00:00,1033.7000000000003
1987-09-08 00:00:00,1022.7000000000002
1987-09-09 00:00:00,1019.1000000000003
1987-09-10 00:00:00,1027.7000000000003
1987-09-11 00:00:00,1013.1000000000003
1987-09-14 00:00:00,1010.1000000000003
1987-09-15 00:00:00,1012.5000000000001
1987-09-16 00:00:00,1010.5000000000001
1987-09-17 00:00:00,1016.7000000000002
1987-09-18 00:00:00,1008.8000000000003
1987-09-21 00:00:00,1022.6000000000003
1987-09-22 00:00:00,1021.7000000000002
1987-09-23 00:00:00,1020.8000000000003
1987-09-24 00:00:00,1019.6000000000003
1987-09-25 00:00:00,1016.0000000000001
1987-09-28 00:00:00,1015.2000000000002
1987-09-29 00:00:00,1010.7000000000002
1987-09-30 00:00:00,990.7000000000002
1987-10-01 00:00:00,992.2000000000002
1987-10-02 00:00:00,999.1000000000003
1987-10-05 00:00:00,1002.1000000000003
1987-10-06 00:00:00,999.8000000000003
1987-10-07 00:00:00,995.8000000000003
1987-10-08 00:00:00,1011.5000000000001
1987-10-09 00:00:00,1009.3000000000003
1987-10-12 00:00:00,1007.8000000000003
1987-10-13 00:00:00,1001.3000000000003
1987-10-14 00:00:00,1006.3000000000003
1987-10-15 00:00:00,1013.6000000000003
1987-10-16 00:00:00,1021.9000000000002
1987-10-19 00:00:00,1023.5000000000001
1987-10-20 00:00:00,998.5000000000001
1987-10-21 00:00:00,997.6000000000003
1987-10-22 00:00:00,994.7000000000002
1987-10-23 00:00:00,1001.5000000000001
1987-10-26 00:00:00,989.4000000000002
1987-10-27 00:00:00,974.9000000000002
1987-10-28 00:00:00,969.0000000000001
1987-10-29 00:00:00,944.0000000000001
1987-10-30 00:00:00,949.9000000000002
1987-11-02 00:00:00,947.5000000000001
1987-11-03 00:00:00,942.4000000000002
1987-11-04 00:00:00,917.4000000000002
1987-11-05 00:00:00,892.4000000000002
1987-11-06 00:00:00,910.0000000000001
1987-11-09 00:00:00,919.7000000000002
1987-11-10 00:00:00,906.7000000000002
1987-11-11 00:00:00,906.5000000000001
1987-11-12 00:00:00,920.4000000000002
1987-11-13 00:00:00,914.9000000000002
1987-11-16 00:00:00,926.4000000000002
1987-11-17 00:00:00,924.2000000000002
1987-11-18 00:00:00,923.1000000000003
1987-11-19 00:00:00,924.3000000000003
1987-11-20 00:00:00,921.9000000000002
1987-11-23 00:00:00,928.8000000000003
1987-11-24 00:00:00,926.1000000000003
1987-11-25 00:00:00,927.7000000000002
1987-11-30 00:00:00,936.3000000000003
1987-12-01 00:00:00,934.5000000000001
1987-12-02 00:00:00,936.0000000000001
1987-12-03 00:00:00,923.8000000000003
1987-12-04 00:00:00,906.2000000000002
1987-12-07 00:00:00,908.1000000000003
1987-12-08 00:00:00,911.5000000000001
1987-12-09 00:00:00,912.7000000000002
1987-12-10 00:00:00,921.8000000000003
1987-12-11 00:00:00,927.7000000000002
1987-12-14 00:00:00,924.1000000000003
1987-12-15 00:00:00,910.0000000000001
1987-12-16 00:00:00,908.2000000000002
1987-12-17 00:00:00,914.9000000000002
1987-12-18 00:00:00,918.4000000000002
1987-12-21 00:00:00,913.3000000000001
1987-12-22 00:00:00,918.9000000000002
1987-12-23 00:00:00,916.0000000000001
1987-12-24 00:00:00,925.8000000000003
1987-12-28 00:00:00,931.9000000000002
1987-12-29 00:00:00,927.3000000000001
1987-12-30 00:00:00,909.8000000000001
1987-12-31 00:00:00,917.0000000000001
1988-01-04 00:00:00,911.9000000000002
1988-01-05 00:00:00,919.9000000000002
1988-01-06 00:00:00,925.3000000000001
1988-01-07 00:00:00,922.3000000000001
1988-01-08 00:00:00,923.1000000000003
1988-01-11 00:00:00,917.0000000000001
1988-01-12 00:00:00,917.3000000000001
1988-01-13 00:00:00,916.9000000000002
1988-01-14 00:00:00,922.6000000000003
1988-01-15 00:00:00,899.4
1988-01-18 00:00:00,905.4000000000002
1988-01-19 00:00:00,906.9000000000002
1988-01-20 00:00:00,909.4000000000002
1988-01-21 00:00:00,907.9000000000002
1988-01-22 00:00:00,906.8000000000001
1988-01-25 00:00:00,890.8000000000001
1988-01-26 00:00:00,895.6
1988-01-27 00:00:00,894.6
1988-01-28 00:00:00,885.6
1988-01-29 00:00:00,867.3000000000001
1988-02-01 00:00:00,870.3000000000001
1988-02-02 00:00:00,870.9
1988-02-03 00:00:00,856.2000000000002
1988-02-04 00:00:00,861.8000000000001
1988-02-05 00:00:00,858.6
1988-02-08 00:00:00,863.3000000000001
1988-02-09 00:00:00,864.0000000000001
1988-02-10 00:00:00,865.5000000000001
1988-02-11 00:00:00,870.1
1988-02-12 00:00:00,877.9
1988-02-16 00:00:00,877.0000000000001
1988-02-17 00:00:00,876.6
1988-02-18 00:00:00,871.3000000000001
1988-02-19 00:00:00,873.6999999999999
1988-02-22 00:00:00,873.1999999999999
1988-02-23 00:00:00,858.2000000000002
1988-02-24 00:00:00,854.9
1988-02-25 00:00:00,861.9
1988-02-26 00:00:00,859.4
1988-02-29 00:00:00,884.4
1988-03-01 00:00:00,884.1
1988-03-02 00:00:00,882.4
1988-03-03 00:00:00,876.5000000000001
1988-03-04 00:00:00,887.5000000000001
1988-03-07 00:00:00,888.9
1988-03-08 00:00:00,891.2000000000002
1988-03-09 00:00:00,889.7000000000002
1988-03-10 00:00:00,907.5000000000001
1988-03-11 00:00:00,902.8000000000001
1988-03-14 00:00:00,901.5000000000001
1988-03-15 00:00:00,910.3000000000001
1988-03-16 00:00:00,908.2000000000002
1988-03-17 00:00:00,908.0000000000001
1988-03-18 00:00:00,906.7000000000002
1988-03-21 00:00:00,913.6
1988-03-22 00:00:00,920.8000000000001
1988-03-23 00:00:00,923.9000000000002
1988-03-24 00:00:00,922.6000000000003
1988-03-25 00:00:00,912.5000000000001
1988-03-28 00:00:00,921.1
1988-03-29 00:00:00,928.5000000000001
1988-03-30 00:00:00,941.8000000000001
1988-03-31 00:00:00,939.7000000000002
1988-04-04 00:00:00,952.0000000000001
1988-04-05 00:00:00,943.9
1988-04-06 00:00:00,933.2000000000002
1988-04-07 00:00:00,935.6
1988-04-08 00:00:00,941.1
1988-04-11 00:00:00,942.9
1988-04-12 00:00:00,943.6
1988-04-13 00:00:00,927.3000000000001
1988-04-14 00:00:00,944.9
1988-04-15 00:00:00,947.9
1988-04-18 00:00:00,946.3000000000001
1988-04-19 00:00:00,940.2000000000002
1988-04-20 00:00:00,937.1
1988-04-21 00:00:00,931.2000000000002
1988-04-22 00:00:00,926.3000000000001
1988-04-25 00:00:00,922.9
1988-04-26 00:00:00,924.2000000000002
1988-04-27 00:00:00,930.7000000000002
1988-04-28 00:00:00,928.5000000000001
1988-04-29 00:00:00,929.6
1988-05-02 00:00:00,923.0000000000001
1988-05-03 00:00:00,923.1
1988-05-04 00:00:00,925.3000000000001
1988-05-05 00:00:00,925.7000000000002
1988-05-06 00:00:00,931.1
1988-05-09 00:00:00,944.0000000000001
1988-05-10 00:00:00,949.7000000000002
1988-05-11 00:00:00,945.1
1988-05-12 00:00:00,947.6
1988-05-13 00:00:00,954.8000000000001
1988-05-16 00:00:00,960.3000000000001
1988-05-17 00:00:00,957.9
1988-05-18 00:00:00,967.8000000000001
1988-05-19 00:00:00,962.0000000000001
1988-05-20 00:00:00,973.1
1988-05-23 00:00:00,990.4
1988-05-24 00:00:00,995.1
1988-05-25 00:00:00,983.9
1988-05-26 00:00:00,988.5000000000001
1988-05-27 00:00:00,990.4
1988-05-31 00:00:00,1015.4
1988-06-01 00:00:00,1027.4
1988-06-02 00:00:00,1032.5
1988-06-03 00:00:00,1015.1
1988-06-06 00:00:00,1019.0000000000001
1988-06-07 00:00:00,1003.5000000000001
1988-06-08 00:00:00,980.0000000000001
1988-06-09 00:00:00,986.0000000000001
1988-06-10 00:00:00,977.4
1988-06-13 00:00:00,981.2000000000002
1988-06-14 00:00:00,971.2000000000002
1988-06-15 00:00:00,981.5000000000001
1988-06-16 00:00:00,984.3000000000001
1988-06-17 00:00:00,993.7000000000002
1988-06-20 00:00:00,990.1
1988-06-21 00:00:00,987.2000000000002
1988-06-22 00:00:00,972.1
1988-06-23 00:00:00,969.3000000000001
1988-06-24 00:00:00,960.3000000000001
1988-06-27 00:00:00,959.6
1988-06-28 00:00:00,966.6
1988-06-29 00:00:00,955.4000000000002
1988-06-30 00:00:00,962.5000000000001
1988-07-01 00:00:00,966.9000000000002
1988-07-05 00:00:00,962.3000000000001
1988-07-06 00:00:00,974.6
1988-07-07 00:00:00,981.8000000000001
1988-07-08 00:00:00,976.0000000000001
1988-07-11 00:00:00,951.0000000000001
1988-07-12 00:00:00,950.7000000000002
1988-07-13 00:00:00,957.1
1988-07-14 00:00:00,956.2000000000002
1988-07-15 00:00:00,953.0000000000001
1988-07-18 00:00:00,950.0000000000001
1988-07-19 00:00:00,968.2000000000002
1988-07-20 00:00:00,958.1
1988-07-21 00:00:00,954.8000000000001
1988-07-22 00:00:00,961.4000000000002
1988-07-25 00:00:00,941.1
1988-07-26 00:00:00,931.3000000000001
1988-07-27 00:00:00,932.5000000000001
1988-07-28 00:00:00,916.8000000000001
1988-07-29 00:00:00,927.5000000000001
1988-08-01 00:00:00,931.8000000000001
1988-08-02 00:00:00,923.5000000000001
1988-08-03 00:00:00,929.0000000000001
1988-08-04 00:00:00,933.7000000000002
1988-08-05 00:00:00,937.7000000000002
1988-08-08 00:00:00,918.6
1988-08-09 00:00:00,921.0000000000001
1988-08-10 00:00:00,934.5000000000001
1988-08-11 00:00:00,925.8000000000001
1988-08-12 00:00:00,929.7000000000002
1988-08-15 00:00:00,935.0000000000001
1988-08-16 00:00:00,929.8000000000001
1988-08-17 00:00:00,928.2000000000002
1988-08-18 00:00:00,932.6
1988-08-19 00:00:00,933.4000000000002
1988-08-22 00:00:00,944.9000000000002
1988-08-23 00:00:00,938.4000000000002
1988-08-24 00:00:00,949.9000000000002
1988-08-25 00:00:00,946.4000000000002
1988-08-26 00:00:00,940.9000000000002
1988-08-29 00:00:00,931.3000000000001
1988-08-30 00:00:00,924.5000000000001
1988-08-31 00:00:00,932.6
1988-09-01 00:00:00,930.1
1988-09-02 00:00:00,922.2000000000002
1988-09-06 00:00:00,922.8000000000001
1988-09-07 00:00:00,926.6
1988-09-08 00:00:00,936.2000000000002
1988-09-09 00:00:00,924.5000000000001
1988-09-12 00:00:00,918.8000000000001
1988-09-13 00:00:00,917.4000000000002
1988-09-14 00:00:00,920.7000000000002
1988-09-15 00:00:00,918.8000000000001
1988-09-16 00:00:00,914.1
1988-09-19 00:00:00,901.7000000000002
1988-09-20 00:00:00,893.6
1988-09-21 00:00:00,883.8000000000001
1988-09-22 00:00:00,889.3000000000001
1988-09-23 00:00:00,879.6
1988-09-26 00:00:00,883.8000000000001
1988-09-27 00:00:00,884.3000000000001
1988-09-28 00:00:00,892.9
1988-09-29 00:00:00,899.0000000000001
1988-09-30 00:00:00,897.7000000000002
1988-10-03 00:00:00,900.6
1988-10-04 00:00:00,905.0000000000001
1988-10-05 00:00:00,905.8000000000001
1988-10-06 00:00:00,904.1
1988-10-07 00:00:00,903.3000000000001
1988-10-10 00:00:00,912.6
1988-10-11 00:00:00,905.3000000000001
1988-10-12 00:00:00,914.6
1988-10-13 00:00:00,913.6
1988-10-14 00:00:00,924.4000000000002
1988-10-17 00:00:00,934.1
1988-10-18 00:00:00,935.4000000000002
1988-10-19 00:00:00,932.9000000000002
1988-10-20 00:00:00,934.0000000000001
1988-10-21 00:00:00,923.1
1988-10-24 00:00:00,922.4000000000002
1988-10-25 00:00:00,930.5000000000001
1988-10-26 00:00:00,930.6
1988-10-27 00:00:00,927.3000000000001
1988-10-28 00:00:00,939.0000000000001
1988-10-31 00:00:00,945.8000000000001
1988-11-01 00:00:00,958.4000000000002
1988-11-02 00:00:00,973.8000000000001
1988-11-03 00:00:00,972.9000000000002
1988-11-04 00:00:00,975.8000000000001
1988-11-07 00:00:00,983.0000000000001
1988-11-08 00:00:00,968.2000000000002
1988-11-09 00:00:00,985.8000000000001
1988-11-10 00:00:00,974.9000000000002
1988-11-11 00:00:00,976.8000000000001
1988-11-14 00:00:00,971.7000000000002
1988-11-15 00:00:00,973.4000000000002
1988-11-16 00:00:00,975.6
1988-11-17 00:00:00,963.4000000000002
1988-11-18 00:00:00,953.6
1988-11-21 00:00:00,950.5000000000001
1988-11-22 00:00:00,960.0000000000001
1988-11-23 00:00:00,966.2000000000002
1988-11-28 00:00:00,981.9000000000002
1988-11-29 00:00:00,979.6
1988-11-30 00:00:00,1003.9000000000002
1988-12-01 00:00:00,996.1
1988-12-02 00:00:00,1011.1
1988-12-05 00:00:00,1007.3000000000001
1988-12-06 00:00:00,1007.0000000000001
1988-12-07 00:00:00,998.6
1988-12-08 00:00:00,993.0000000000001
1988-12-09 00:00:00,995.4000000000002
1988-12-12 00:00:00,984.3000000000001
1988-12-13 00:00:00,985.2000000000002
1988-12-14 00:00:00,999.7000000000002
1988-12-15 00:00:00,974.7000000000002
1988-12-16 00:00:00,949.7000000000002
1988-12-19 00:00:00,920.5000000000001
1988-12-20 00:00:00,926.0000000000001
1988-12-21 00:00:00,933.6
1988-12-22 00:00:00,935.9000000000002
1988-12-23 00:00:00,935.3000000000001
1988-12-27 00:00:00,927.6
1988-12-28 00:00:00,905.2000000000002
1988-12-29 00:00:00,908.0000000000001
1988-12-30 00:00:00,910.3000000000001
1989-01-03 00:00:00,921.9000000000002
1989-01-04 00:00:00,917.1
1989-01-05 00:00:00,917.5000000000001
1989-01-06 00:00:00,916.6
1989-01-09 00:00:00,927.0000000000001
1989-01-10 00:00:00,914.8000000000001
1989-01-11 00:00:00,918.1
1989-01-12 00:00:00,921.3000000000001
1989-01-13 00:00:00,915.7000000000002
1989-01-16 00:00:00,911.7000000000002
1989-01-17 00:00:00,918.0000000000001
1989-01-18 00:00:00,921.3000000000001
1989-01-19 00:00:00,930.4000000000002
1989-01-20 00:00:00,940.8000000000001
1989-01-23 00:00:00,941.2000000000002
1989-01-24 00:00:00,928.9000000000002
1989-01-25 00:00:00,931.9000000000002
1989-01-26 00:00:00,931.6
1989-01-27 00:00:00,912.1
1989-01-30 00:00:00,915.0000000000001
1989-01-31 00:00:00,912.2000000000002
1989-02-01 00:00:00,920.8000000000001
1989-02-02 00:00:00,917.7000000000002
1989-02-03 00:00:00,917.9000000000002
1989-02-06 00:00:00,922.5000000000001
1989-02-07 00:00:00,926.6
1989-02-08 00:00:00,934.8000000000001
1989-02-09 00:00:00,927.4000000000002
1989-02-10 00:00:00,919.7000000000002
1989-02-13 00:00:00,920.5000000000001
1989-02-14 00:00:00,925.0000000000001
1989-02-15 00:00:00,930.9000000000002
1989-02-16 00:00:00,929.7000000000002
1989-02-17 00:00:00,943.5000000000001
1989-02-21 00:00:00,934.9000000000002
1989-02-22 00:00:00,933.8000000000001
1989-02-23 00:00:00,934.4000000000002
1989-02-24 00:00:00,934.5000000000001
1989-02-27 00:00:00,933.0000000000001
1989-02-28 00:00:00,935.6
1989-03-01 00:00:00,925.8000000000001
1989-03-02 00:00:00,928.4000000000002
1989-03-03 00:00:00,934.0000000000001
1989-03-06 00:00:00,941.4000000000002
1989-03-07 00:00:00,946.2000000000002
1989-03-08 00:00:00,943.6
1989-03-09 00:00:00,944.8000000000001
1989-03-10 00:00:00,943.7000000000002
1989-03-13 00:00:00,937.1
1989-03-14 00:00:00,944.0000000000001
1989-03-15 00:00:00,933.0000000000001
1989-03-16 00:00:00,940.2000000000002
1989-03-17 00:00:00,944.8000000000001
1989-03-20 00:00:00,942.4000000000002
1989-03-21 00:00:00,942.9000000000002
1989-03-22 00:00:00,941.6
1989-03-23 00:00:00,932.1
1989-03-27 00:00:00,932.6
1989-03-28 00:00:00,917.5000000000001
1989-03-29 00:00:00,916.9000000000002
1989-03-30 00:00:00,916.5000000000001
1989-03-31 00:00:00,924.8000000000001
1989-04-03 00:00:00,925.4000000000002
1989-04-04 00:00:00,920.2000000000002
1989-04-05 00:00:00,920.1
1989-04-06 00:00:00,918.9000000000002
1989-04-07 00:00:00,919.9000000000002
1989-04-10 00:00:00,919.8000000000001
1989-04-11 00:00:00,924.7000000000002
1989-04-12 00:00:00,928.0000000000001
1989-04-13 00:00:00,953.0000000000001
1989-04-14 00:00:00,963.9000000000002
1989-04-17 00:00:00,945.4000000000002
1989-04-18 00:00:00,943.2000000000002
1989-04-19 00:00:00,942.7000000000002
1989-04-20 00:00:00,950.9000000000002
1989-04-21 00:00:00,946.2000000000002
1989-04-24 00:00:00,948.8000000000001
1989-04-25 00:00:00,943.0000000000001
1989-04-26 00:00:00,952.0000000000001
1989-04-27 00:00:00,946.9000000000002
1989-04-28 00:00:00,929.2000000000002
1989-05-01 00:00:00,932.0000000000001
1989-05-02 00:00:00,935.0000000000001
1989-05-03 00:00:00,934.4000000000002
1989-05-04 00:00:00,935.0000000000001
1989-05-05 00:00:00,930.6
1989-05-08 00:00:00,933.7000000000002
1989-05-09 00:00:00,932.7000000000002
1989-05-10 00:00:00,933.7000000000002
1989-05-11 00:00:00,937.7000000000002
1989-05-12 00:00:00,933.0000000000001
1989-05-15 00:00:00,921.0000000000001
1989-05-16 00:00:00,918.0000000000001
1989-05-17 00:00:00,904.6
1989-05-18 00:00:00,897.4
1989-05-19 00:00:00,894.9
1989-05-22 00:00:00,893.0000000000001
1989-05-23 00:00:00,883.9
1989-05-24 00:00:00,883.6
1989-05-25 00:00:00,896.9
1989-05-26 00:00:00,896.4
1989-05-30 00:00:00,898.3000000000001
1989-05-31 00:00:00,895.5000000000001
1989-06-01 00:00:00,894.5000000000001
1989-06-02 00:00:00,904.2000000000002
1989-06-05 00:00:00,898.3000000000001
1989-06-06 00:00:00,905.9000000000002
1989-06-07 00:00:00,903.2000000000002
1989-06-08 00:00:00,897.8000000000001
1989-06-09 00:00:00,880.4
1989-06-12 00:00:00,883.1
1989-06-13 00:00:00,877.8000000000001
1989-06-14 00:00:00,880.6999999999999
1989-06-15 00:00:00,880.6
1989-06-16 00:00:00,885.6
1989-06-19 00:00:00,891.9
1989-06-20 00:00:00,888.8000000000001
1989-06-21 00:00:00,896.5000000000001
1989-06-22 00:00:00,898.4
1989-06-23 00:00:00,911.3000000000001
1989-06-26 00:00:00,906.8000000000001
1989-06-27 00:00:00,909.1
1989-06-28 00:00:00,898.3000000000001
1989-06-29 00:00:00,893.1999999999999
1989-06-30 00:00:00,893.1999999999999
1989-07-05 00:00:00,909.0000000000001
1989-07-06 00:00:00,912.5000000000001
1989-07-07 00:00:00,914.1
1989-07-10 00:00:00,909.0000000000001
1989-07-11 00:00:00,906.2000000000002
1989-07-12 00:00:00,903.6
1989-07-13 00:00:00,905.5000000000001
1989-07-14 00:00:00,903.6999999999999
1989-07-17 00:00:00,904.5000000000001
1989-07-18 00:00:00,900.1999999999999
1989-07-19 00:00:00,881.8000000000001
1989-07-20 00:00:00,887.1
1989-07-21 00:00:00,889.9
1989-07-24 00:00:00,889.6
1989-07-25 00:00:00,888.6
1989-07-26 00:00:00,893.1999999999999
1989-07-27 00:00:00,892.1
1989-07-28 00:00:00,886.8000000000001
1989-07-31 00:00:00,894.6999999999999
1989-08-01 00:00:00,896.6999999999999
1989-08-02 00:00:00,895.1
1989-08-03 00:00:00,898.5000000000001
1989-08-04 00:00:00,881.1999999999999
1989-08-07 00:00:00,876.6
1989-08-08 00:00:00,880.6999999999999
1989-08-09 00:00:00,879.6999999999999
1989-08-10 00:00:00,880.8000000000001
1989-08-11 00:00:00,877.6999999999999
1989-08-14 00:00:00,879.1999999999999
1989-08-15 00:00:00,889.6999999999999
1989-08-16 00:00:00,880.1
1989-08-17 00:00:00,878.4
1989-08-18 00:00:00,877.8000000000001
1989-08-21 00:00:00,879.6999999999999
1989-08-22 00:00:00,881.8000000000001
1989-08-23 00:00:00,879.6999999999999
1989-08-24 00:00:00,876.6999999999999
1989-08-25 00:00:00,870.6999999999999
1989-08-28 00:00:00,869.0000000000001
1989-08-29 00:00:00,871.6
1989-08-30 00:00:00,871.1999999999999
1989-08-31 00:00:00,865.5000000000001
1989-09-01 00:00:00,867.4
1989-09-05 00:00:00,869.3000000000001
1989-09-06 00:00:00,872.8000000000001
1989-09-07 00:00:00,868.5000000000001
1989-09-08 00:00:00,867.3000000000001
1989-09-11 00:00:00,866.5000000000001
1989-09-12 00:00:00,867.1999999999999
1989-09-13 00:00:00,866.9
1989-09-14 00:00:00,864.0000000000001
1989-09-15 00:00:00,868.8000000000001
1989-09-18 00:00:00,866.6999999999999
1989-09-19 00:00:00,866.3000000000001
1989-09-20 00:00:00,870.1999999999999
1989-09-21 00:00:00,870.1
1989-09-22 00:00:00,871.9999999999999
1989-09-25 00:00:00,880.1
1989-09-26 00:00:00,882.9
1989-09-27 00:00:00,887.6999999999999
1989-09-28 00:00:00,886.8000000000001
1989-09-29 00:00:00,888.4
1989-10-02 00:00:00,889.4
1989-10-03 00:00:00,887.5000000000001
1989-10-04 00:00:00,887.8000000000001
1989-10-05 00:00:00,883.1
1989-10-06 00:00:00,881.9999999999999
1989-10-09 00:00:00,880.1999999999999
1989-10-10 00:00:00,875.7999999999998
1989-10-11 00:00:00,875.1999999999999
1989-10-12 00:00:00,880.4
1989-10-13 00:00:00,880.4999999999999
1989-10-16 00:00:00,881.1
1989-10-17 00:00:00,880.1
1989-10-18 00:00:00,883.6
1989-10-19 00:00:00,879.9999999999999
1989-10-20 00:00:00,877.9999999999999
1989-10-23 00:00:00,875.1999999999999
1989-10-24 00:00:00,877.4999999999999
1989-10-25 00:00:00,875.2999999999998
1989-10-26 00:00:00,878.9
1989-10-27 00:00:00,887.9
1989-10-30 00:00:00,889.1
1989-10-31 00:00:00,883.4
1989-11-01 00:00:00,881.4999999999999
1989-11-02 00:00:00,887.6
1989-11-03 00:00:00,884.2999999999998
1989-11-06 00:00:00,885.4999999999999
1989-11-07 00:00:00,889.5000000000001
1989-11-08 00:00:00,891.6999999999999
1989-11-09 00:00:00,895.4
1989-11-10 00:00:00,898.5000000000001
1989-11-13 00:00:00,903.3000000000001
1989-11-14 00:00:00,914.6
1989-11-15 00:00:00,909.3000000000001
1989-11-16 00:00:00,910.3000000000001
1989-11-17 00:00:00,915.5000000000001
1989-11-20 00:00:00,919.5000000000001
1989-11-21 00:00:00,924.1999999999999
1989-11-22 00:00:00,925.9
1989-11-24 00:00:00,933.6
1989-11-27 00:00:00,924.5000000000001
1989-11-28 00:00:00,917.9
1989-11-29 00:00:00,902.1
1989-11-30 00:00:00,903.6999999999999
1989-12-01 00:00:00,909.6
1989-12-04 00:00:00,892.6
1989-12-05 00:00:00,893.1999999999999
1989-12-06 00:00:00,895.3000000000001
1989-12-07 00:00:00,899.5000000000001
1989-12-08 00:00:00,898.6
1989-12-11 00:00:00,904.1
1989-12-12 00:00:00,907.4
1989-12-13 00:00:00,893.6
1989-12-14 00:00:00,900.1999999999999
1989-12-15 00:00:00,905.0000000000001
1989-12-18 00:00:00,899.5000000000001
1989-12-19 00:00:00,900.8000000000001
1989-12-20 00:00:00,904.4
1989-12-21 00:00:00,897.6
1989-12-22 00:00:00,904.0000000000001
1989-12-26 00:00:00,898.8000000000001
1989-12-27 00:00:00,892.0000000000001
1989-12-28 00:00:00,882.4
1989-12-29 00:00:00,876.1999999999999
1990-01-02 00:00:00,862.1
1990-01-03 00:00:00,858.0000000000001
1990-01-04 00:00:00,874.2999999999998
1990-01-05 00:00:00,879.6999999999999
1990-01-08 00:00:00,872.1
1990-01-09 00:00:00,877.2999999999998
1990-01-10 00:00:00,885.2999999999998
1990-01-11 00:00:00,883.4999999999999
1990-01-12 00:00:00,887.4
1990-01-15 00:00:00,885.9999999999999
1990-01-16 00:00:00,881.9
1990-01-17 00:00:00,883.9999999999999
1990-01-18 00:00:00,879.9999999999999
1990-01-19 00:00:00,883.9
1990-01-22 00:00:00,881.9
1990-01-23 00:00:00,884.4999999999999
1990-01-24 00:00:00,889.6999999999999
1990-01-25 00:00:00,893.1999999999999
1990-01-26 00:00:00,903.5000000000001
1990-01-29 00:00:00,903.8000000000001
1990-01-30 00:00:00,899.5000000000001
1990-01-31 00:00:00,892.1
1990-02-01 00:00:00,897.3000000000001
1990-02-02 00:00:00,895.6999999999999
1990-02-05 00:00:00,898.9
1990-02-06 00:00:00,898.1999999999999
1990-02-07 00:00:00,891.9
1990-02-08 00:00:00,893.5000000000001
1990-02-09 00:00:00,894.0000000000001
1990-02-12 00:00:00,903.8000000000001
1990-02-13 00:00:00,902.4
1990-02-14 00:00:00,906.8000000000001
1990-02-15 00:00:00,902.8000000000001
1990-02-16 00:00:00,905.3000000000001
1990-02-20 00:00:00,914.3000000000001
1990-02-21 00:00:00,910.6999999999999
1990-02-22 00:00:00,906.0000000000001
1990-02-23 00:00:00,906.4
1990-02-26 00:00:00,891.0000000000001
1990-02-27 00:00:00,889.6999999999999
1990-02-28 00:00:00,887.9
1990-03-01 00:00:00,887.9
1990-03-02 00:00:00,887.8000000000001
1990-03-05 00:00:00,889.0000000000001
1990-03-06 00:00:00,891.9
1990-03-07 00:00:00,886.6
1990-03-08 00:00:00,885.4999999999999
1990-03-09 00:00:00,882.9
1990-03-12 00:00:00,882.6999999999999
1990-03-13 00:00:00,882.1
1990-03-14 00:00:00,882.2999999999998
1990-03-15 00:00:00,883.6
1990-03-16 00:00:00,881.9999999999999
1990-03-19 00:00:00,881.9999999999999
1990-03-20 00:00:00,873.4999999999999
1990-03-21 00:00:00,874.6999999999999
1990-03-22 00:00:00,874.6
1990-03-23 00:00:00,873.6999999999999
1990-03-26 00:00:00,863.5000000000001
1990-03-27 00:00:00,857.6999999999999
1990-03-28 00:00:00,854.6999999999999
1990-03-29 00:00:00,854.0000000000001
1990-03-30 00:00:00,855.4
1990-04-02 00:00:00,852.4
1990-04-03 00:00:00,857.3000000000001
1990-04-04 00:00:00,862.5000000000001
1990-04-05 00:00:00,858.5000000000001
1990-04-06 00:00:00,856.9
1990-04-09 00:00:00,856.0000000000001
1990-04-10 00:00:00,856.3000000000001
1990-04-11 00:00:00,859.1
1990-04-12 00:00:00,860.8000000000001
1990-04-16 00:00:00,859.1
1990-04-17 00:00:00,857.4
1990-04-18 00:00:00,856.4
1990-04-19 00:00:00,861.0000000000001
1990-04-20 00:00:00,860.9
1990-04-23 00:00:00,868.6
1990-04-24 00:00:00,862.1
1990-04-25 00:00:00,846.4999999999999
1990-04-26 00:00:00,848.1999999999999
1990-04-27 00:00:00,849.9
1990-04-30 00:00:00,848.4
1990-05-01 00:00:00,854.0000000000001
1990-05-02 00:00:00,854.8000000000001
1990-05-03 00:00:00,857.5000000000001
1990-05-04 00:00:00,857.6999999999999
1990-05-07 00:00:00,858.9
1990-05-08 00:00:00,853.5000000000001
1990-05-09 00:00:00,860.8000000000001
1990-05-10 00:00:00,858.9
1990-05-11 00:00:00,858.1999999999999
1990-05-14 00:00:00,861.5000000000001
1990-05-15 00:00:00,862.1999999999999
1990-05-16 00:00:00,861.9
1990-05-17 00:00:00,867.1999999999999
1990-05-18 00:00:00,881.3000000000001
1990-05-21 00:00:00,875.4
1990-05-22 00:00:00,879.1999999999999
1990-05-23 00:00:00,872.4999999999999
1990-05-24 00:00:00,874.9999999999999
1990-05-25 00:00:00,879.1
1990-05-29 00:00:00,874.3000000000001
1990-05-30 00:00:00,869.1
1990-05-31 00:00:00,868.0000000000001
1990-06-01 00:00:00,862.3000000000001
1990-06-04 00:00:00,861.1
1990-06-05 00:00:00,866.6
1990-06-06 00:00:00,863.6999999999999
1990-06-07 00:00:00,861.8000000000001
1990-06-08 00:00:00,863.1
1990-06-11 00:00:00,860.5000000000001
1990-06-12 00:00:00,863.6999999999999
1990-06-13 00:00:00,855.5000000000001
1990-06-14 00:00:00,850.8000000000001
1990-06-15 00:00:00,850.3000000000001
1990-06-18 00:00:00,853.4
1990-06-19 00:00:00,850.4999999999999
1990-06-20 00:00:00,856.4
1990-06-21 00:00:00,854.3000000000001
1990-06-22 00:00:00,853.3000000000001
1990-06-25 00:00:00,856.1999999999999
1990-06-26 00:00:00,854.3000000000001
1990-06-27 00:00:00,856.1
1990-06-28 00:00:00,858.5000000000001
1990-06-29 00:00:00,862.5000000000001
1990-07-02 00:00:00,863.1
1990-07-03 00:00:00,863.0000000000001
1990-07-05 00:00:00,861.1
1990-07-06 00:00:00,859.7000000000002
1990-07-09 00:00:00,859.6
1990-07-10 00:00:00,857.5000000000001
1990-07-11 00:00:00,849.9
1990-07-12 00:00:00,847.4999999999999
1990-07-13 00:00:00,855.4
1990-07-16 00:00:00,850.4
1990-07-17 00:00:00,847.9
1990-07-18 00:00:00,848.1999999999999
1990-07-19 00:00:00,850.9
1990-07-20 00:00:00,849.9
1990-07-23 00:00:00,856.2000000000002
1990-07-24 00:00:00,851.4999999999999
1990-07-25 00:00:00,854.4
1990-07-26 00:00:00,849.9999999999999
1990-07-27 00:00:00,848.4999999999999
1990-07-30 00:00:00,848.6999999999999
1990-07-31 00:00:00,859.5000000000001
1990-08-01 00:00:00,860.8000000000001
1990-08-02 00:00:00,859.1
1990-08-03 00:00:00,856.7000000000002
1990-08-06 00:00:00,859.0000000000001
1990-08-07 00:00:00,850.6999999999999
1990-08-08 00:00:00,850.6999999999999
1990-08-09 00:00:00,855.5000000000001
1990-08-10 00:00:00,864.9
1990-08-14 00:00:00,871.1
1990-08-15 00:00:00,869.3000000000001
1990-08-16 00:00:00,873.1999999999999
1990-08-17 00:00:00,875.9999999999999
1990-08-20 00:00:00,872.6999999999999
1990-08-21 00:00:00,868.9
1990-08-22 00:00:00,871.4
1990-08-23 00:00:00,874.4999999999999
1990-08-24 00:00:00,875.9
1990-08-27 00:00:00,854.6
1990-08-28 00:00:00,851.4999999999999
1990-08-29 00:00:00,853.1
1990-08-30 00:00:00,856.2000000000002
1990-08-31 00:00:00,852.9
1990-09-04 00:00:00,855.0000000000001
1990-09-05 00:00:00,852.8000000000001
1990-09-06 00:00:00,850.8000000000001
1990-09-07 00:00:00,850.9
1990-09-10 00:00:00,826.0999999999998
1990-09-11 00:00:00,821.3999999999997
1990-09-12 00:00:00,823.5999999999998
1990-09-13 00:00:00,826.2999999999998
1990-09-14 00:00:00,825.4999999999997
1990-09-17 00:00:00,827.4999999999997
1990-09-18 00:00:00,830.1999999999999
1990-09-19 00:00:00,827.1999999999997
1990-09-20 00:00:00,822.6999999999999
1990-09-21 00:00:00,820.8999999999997
1990-09-24 00:00:00,829.2999999999998
1990-09-25 00:00:00,820.3999999999997
1990-09-26 00:00:00,816.5999999999998
1990-09-27 00:00:00,805.8999999999999
1990-09-28 00:00:00,802.1999999999999
1990-10-01 00:00:00,795.6999999999999
1990-10-02 00:00:00,812.4999999999999
1990-10-03 00:00:00,807.9999999999999
1990-10-04 00:00:00,810.6999999999999
1990-10-05 00:00:00,815.3999999999997
1990-10-08 00:00:00,811.4999999999999
1990-10-09 00:00:00,808.2999999999998
1990-10-10 00:00:00,800.1999999999999
1990-10-11 00:00:00,783.1999999999998
1990-10-12 00:00:00,782.4999999999998
1990-10-15 00:00:00,759.6999999999998
1990-10-16 00:00:00,756.0999999999999
1990-10-17 00:00:00,761.5999999999999
1990-10-18 00:00:00,765.2999999999998
1990-10-19 00:00:00,775.7999999999998
1990-10-22 00:00:00,781.3999999999999
1990-10-23 00:00:00,790.9999999999999
1990-10-24 00:00:00,791.3999999999999
1990-10-25 00:00:00,783.3999999999999
1990-10-26 00:00:00,776.4999999999999
1990-10-29 00:00:00,781.3999999999999
1990-10-30 00:00:00,800.0999999999998
1990-10-31 00:00:00,801.4999999999999
1990-11-01 00:00:00,798.7999999999998
1990-11-02 00:00:00,783.6999999999998
1990-11-05 00:00:00,788.6999999999999
1990-11-06 00:00:00,794.7999999999998
1990-11-07 00:00:00,782.1999999999998
1990-11-08 00:00:00,784.6999999999999
1990-11-09 00:00:00,773.3999999999999
1990-11-12 00:00:00,774.6999999999998
1990-11-13 00:00:00,782.8999999999999
1990-11-14 00:00:00,776.9999999999999
1990-11-15 00:00:00,778.7999999999998
1990-11-16 00:00:00,784.7999999999998
1990-11-19 00:00:00,780.6999999999998
1990-11-20 00:00:00,778.2999999999998
1990-11-21 00:00:00,779.0999999999999
1990-11-23 00:00:00,792.7999999999998
1990-11-26 00:00:00,790.0999999999998
1990-11-27 00:00:00,786.8999999999999
1990-11-28 00:00:00,790.5999999999998
1990-11-29 00:00:00,790.9999999999999
1990-11-30 00:00:00,787.4999999999999
1990-12-03 00:00:00,783.6999999999998
1990-12-04 00:00:00,789.0999999999998
1990-12-05 00:00:00,788.2999999999998
1990-12-06 00:00:00,784.9999999999999
1990-12-07 00:00:00,776.4999999999999
1990-12-10 00:00:00,780.2999999999998
1990-12-11 00:00:00,783.3999999999999
1990-12-12 00:00:00,778.9999999999998
1990-12-13 00:00:00,777.5999999999998
1990-12-14 00:00:00,775.2999999999998
1990-12-17 00:00:00,773.8999999999999
1990-12-18 00:00:00,771.7999999999998
1990-12-19 00:00:00,779.4999999999998
1990-12-20 00:00:00,781.9999999999998
1990-12-21 00:00:00,770.2999999999998
1990-12-26 00:00:00,771.7999999999998
1990-12-27 00:00:00,768.4999999999999
1990-12-28 00:00:00,772.9999999999998
1990-12-31 00:00:00,771.6999999999998
1991-01-02 00:00:00,771.1999999999998
1991-01-03 00:00:00,773.5999999999998
1991-01-04 00:00:00,772.0999999999998
1991-01-07 00:00:00,774.7999999999998
1991-01-08 00:00:00,768.3999999999997
1991-01-09 00:00:00,770.5999999999998
1991-01-10 00:00:00,774.4999999999998
1991-01-11 00:00:00,780.2999999999998
1991-01-14 00:00:00,779.3999999999999
1991-01-15 00:00:00,777.6999999999998
1991-01-16 00:00:00,779.4999999999998
1991-01-17 00:00:00,768.8999999999997
1991-01-18 00:00:00,766.4999999999999
1991-01-21 00:00:00,763.9999999999998
1991-01-22 00:00:00,762.1999999999998
1991-01-23 00:00:00,756.4999999999998
1991-01-24 00:00:00,744.0999999999998
1991-01-25 00:00:00,749.9999999999998
1991-01-28 00:00:00,741.1999999999998
1991-01-29 00:00:00,744.8999999999999
1991-01-30 00:00:00,740.1999999999998
1991-01-31 00:00:00,744.1999999999998
1991-02-01 00:00:00,744.7999999999998
1991-02-04 00:00:00,744.6999999999998
1991-02-05 00:00:00,737.3999999999999
1991-02-06 00:00:00,736.6999999999998
1991-02-07 00:00:00,738.2999999999998
1991-02-08 00:00:00,740.7999999999998
1991-02-11 00:00:00,736.5999999999998
1991-02-12 00:00:00,736.7999999999998
1991-02-13 00:00:00,738.9999999999998
1991-02-14 00:00:00,743.8999999999999
1991-02-15 00:00:00,742.8999999999999
1991-02-19 00:00:00,740.4999999999998
1991-02-20 00:00:00,741.5999999999998
1991-02-21 00:00:00,737.0999999999998
1991-02-22 00:00:00,735.4999999999998
1991-02-25 00:00:00,734.3999999999997
1991-02-26 00:00:00,742.6999999999998
1991-02-27 00:00:00,753.5999999999998
1991-02-28 00:00:00,763.3999999999999
1991-03-01 00:00:00,764.0999999999998
1991-03-04 00:00:00,763.7999999999998
1991-03-05 00:00:00,755.4999999999998
1991-03-06 00:00:00,758.7999999999998
1991-03-07 00:00:00,758.1999999999998
1991-03-08 00:00:00,769.0999999999998
1991-03-11 00:00:00,769.9999999999999
1991-03-12 00:00:00,762.5999999999998
1991-03-13 00:00:00,769.1999999999998
1991-03-14 00:00:00,765.0999999999998
1991-03-15 00:00:00,764.0999999999998
1991-03-18 00:00:00,754.4999999999998
1991-03-19 00:00:00,756.3999999999999
1991-03-20 00:00:00,754.3999999999999
1991-03-21 00:00:00,751.9999999999998
1991-03-22 00:00:00,754.1999999999998
1991-03-25 00:00:00,751.6999999999998
1991-03-26 00:00:00,744.9999999999998
1991-03-27 00:00:00,744.5999999999998
1991-03-28 00:00:00,747.4999999999998
1991-04-01 00:00:00,748.9999999999998
1991-04-02 00:00:00,749.7999999999997
1991-04-03 00:00:00,756.8999999999999
1991-04-04 00:00:00,758.8999999999999
1991-04-05 00:00:00,756.5999999999998
1991-04-08 00:00:00,757.5999999999998
1991-04-09 00:00:00,760.5999999999998
1991-04-10 00:00:00,758.1999999999998
1991-04-11 00:00:00,757.6999999999998
1991-04-12 00:00:00,756.7999999999997
1991-04-15 00:00:00,755.4999999999998
1991-04-16 00:00:00,754.9999999999998
1991-04-17 00:00:00,758.4999999999998
1991-04-18 00:00:00,749.8999999999999
1991-04-19 00:00:00,747.9999999999998
1991-04-22 00:00:00,746.7999999999997
1991-04-23 00:00:00,746.0999999999998
1991-04-24 00:00:00,746.2999999999997
1991-04-25 00:00:00,743.2999999999997
1991-04-26 00:00:00,744.5999999999998
1991-04-29 00:00:00,743.1999999999998
1991-04-30 00:00:00,748.6999999999998
1991-05-01 00:00:00,748.6999999999998
1991-05-02 00:00:00,746.8999999999999
1991-05-03 00:00:00,740.5999999999998
1991-05-06 00:00:00,747.8999999999999
1991-05-07 00:00:00,748.3999999999999
1991-05-08 00:00:00,747.2999999999997
1991-05-09 00:00:00,746.6999999999998
1991-05-10 00:00:00,745.4999999999998
1991-05-13 00:00:00,745.0999999999998
1991-05-14 00:00:00,745.3999999999999
1991-05-15 00:00:00,748.2999999999997
1991-05-16 00:00:00,745.2999999999997
1991-05-17 00:00:00,743.9999999999998
1991-05-20 00:00:00,744.5999999999998
1991-05-21 00:00:00,747.7999999999997
1991-05-22 00:00:00,743.9999999999998
1991-05-23 00:00:00,743.1999999999998
1991-05-24 00:00:00,744.6999999999998
1991-05-28 00:00:00,749.4999999999998
1991-05-29 00:00:00,749.0999999999998
1991-05-30 00:00:00,728.5999999999998
1991-05-31 00:00:00,729.6999999999998
1991-06-03 00:00:00,731.0999999999998
1991-06-04 00:00:00,732.0999999999998
1991-06-05 00:00:00,732.3999999999997
1991-06-06 00:00:00,736.0999999999998
1991-06-07 00:00:00,734.6999999999998
1991-06-10 00:00:00,735.8999999999999
1991-06-11 00:00:00,732.8999999999997
1991-06-12 00:00:00,731.9999999999999
1991-06-13 00:00:00,726.0999999999998
1991-06-14 00:00:00,720.9999999999998
1991-06-17 00:00:00,721.7999999999997
1991-06-18 00:00:00,723.8999999999999
1991-06-19 00:00:00,721.7999999999997
1991-06-20 00:00:00,726.5999999999998
1991-06-21 00:00:00,726.7999999999997
1991-06-24 00:00:00,725.8999999999999
1991-06-25 00:00:00,724.3999999999999
1991-06-26 00:00:00,725.8999999999999
1991-06-27 00:00:00,725.0999999999998
1991-06-28 00:00:00,730.1999999999998
1991-07-01 00:00:00,733.5999999999998
1991-07-02 00:00:00,731.4999999999998
1991-07-03 00:00:00,729.6999999999998
1991-07-05 00:00:00,737.1999999999998
1991-07-08 00:00:00,736.8999999999999
1991-07-09 00:00:00,734.4999999999998
1991-07-10 00:00:00,730.0999999999998
1991-07-11 00:00:00,724.2999999999997
1991-07-12 00:00:00,727.3999999999999
1991-07-15 00:00:00,729.0999999999998
1991-07-16 00:00:00,729.0999999999998
1991-07-17 00:00:00,731.3999999999997
1991-07-18 00:00:00,730.0999999999998
1991-07-19 00:00:00,729.0999999999998
1991-07-22 00:00:00,728.1999999999998
1991-07-23 00:00:00,727.3999999999999
1991-07-24 00:00:00,715.0999999999998
1991-07-25 00:00:00,714.8999999999999
1991-07-26 00:00:00,715.2999999999997
1991-07-29 00:00:00,714.0999999999998
1991-07-30 00:00:00,709.4999999999998
1991-07-31 00:00:00,713.5999999999998
1991-08-01 00:00:00,710.8999999999999
1991-08-02 00:00:00,701.6999999999998
1991-08-05 00:00:00,700.9999999999998
1991-08-06 00:00:00,704.7999999999997
1991-08-07 00:00:00,704.9999999999998
1991-08-08 00:00:00,697.4999999999998
1991-08-09 00:00:00,701.7999999999997
1991-08-12 00:00:00,703.1999999999998
1991-08-13 00:00:00,698.2999999999997
1991-08-14 00:00:00,693.4999999999998
1991-08-15 00:00:00,687.5999999999998
1991-08-16 00:00:00,692.6999999999998
1991-08-19 00:00:00,697.4999999999998
1991-08-20 00:00:00,693.7999999999997
1991-08-21 00:00:00,691.9999999999998
1991-08-22 00:00:00,682.7999999999997
1991-08-23 00:00:00,681.3999999999999
1991-08-26 00:00:00,684.3999999999999
1991-08-27 00:00:00,680.0999999999998
1991-08-28 00:00:00,688.0999999999998
1991-08-29 00:00:00,685.5999999999998
1991-08-30 00:00:00,686.3999999999997
1991-09-03 00:00:00,691.4999999999998
1991-09-04 00:00:00,692.5999999999998
1991-09-05 00:00:00,688.3999999999997
1991-09-06 00:00:00,698.1999999999998
1991-09-09 00:00:00,698.2999999999997
1991-09-10 00:00:00,695.3999999999999
1991-09-11 00:00:00,690.7999999999997
1991-09-12 00:00:00,692.8999999999999
1991-09-13 00:00:00,694.1999999999998
1991-09-16 00:00:00,696.3999999999999
1991-09-17 00:00:00,700.0999999999998
1991-09-18 00:00:00,701.8999999999999
1991-09-19 00:00:00,701.8999999999999
1991-09-20 00:00:00,701.4999999999998
1991-09-23 00:00:00,702.6999999999998
1991-09-24 00:00:00,703.7999999999997
1991-09-25 00:00:00,702.1999999999998
1991-09-26 00:00:00,697.0999999999998
1991-09-27 00:00:00,695.5999999999998
1991-09-30 00:00:00,699.2999999999997
1991-10-01 00:00:00,701.8999999999999
1991-10-02 00:00:00,701.2999999999997
1991-10-03 00:00:00,702.9999999999998
1991-10-04 00:00:00,704.4999999999998
1991-10-07 00:00:00,704.4999999999998
1991-10-08 00:00:00,702.2999999999997
1991-10-09 00:00:00,709.3999999999999
1991-10-10 00:00:00,709.7999999999997
1991-10-11 00:00:00,720.7999999999997
1991-10-14 00:00:00,716.5999999999998
1991-10-15 00:00:00,711.6999999999998
1991-10-16 00:00:00,713.6999999999998
1991-10-17 00:00:00,715.0999999999998
1991-10-18 00:00:00,715.9999999999998
1991-10-21 00:00:00,717.5999999999998
1991-10-22 00:00:00,713.7999999999997
1991-10-23 00:00:00,709.7999999999997
1991-10-24 00:00:00,710.0999999999998
1991-10-25 00:00:00,709.7999999999997
1991-10-28 00:00:00,703.3999999999999
1991-10-29 00:00:00,707.1999999999998
1991-10-30 00:00:00,707.5999999999998
1991-10-31 00:00:00,707.8999999999999
1991-11-01 00:00:00,706.2999999999997
1991-11-04 00:00:00,710.4999999999998
1991-11-05 00:00:00,707.3999999999999
1991-11-06 00:00:00,707.3999999999999
1991-11-07 00:00:00,701.1999999999998
1991-11-08 00:00:00,700.3999999999999
1991-11-11 00:00:00,702.8999999999999
1991-11-12 00:00:00,706.7999999999997
1991-11-13 00:00:00,707.7999999999997
1991-11-14 00:00:00,703.5999999999998
1991-11-15 00:00:00,707.7999999999997
1991-11-18 00:00:00,706.5999999999998
1991-11-19 00:00:00,710.7999999999997
1991-11-20 00:00:00,715.5999999999998
1991-11-21 00:00:00,716.6999999999998
1991-11-22 00:00:00,716.1999999999998
1991-11-25 00:00:00,713.8999999999999
1991-11-26 00:00:00,709.3999999999999
1991-11-27 00:00:00,714.2999999999997
1991-11-29 00:00:00,712.9999999999998
1991-12-02 00:00:00,707.8999999999999
1991-12-03 00:00:00,707.5999999999998
1991-12-04 00:00:00,709.6999999999998
1991-12-05 00:00:00,711.6999999999998
1991-12-06 00:00:00,715.6999999999998
1991-12-09 00:00:00,713.9999999999998
1991-12-10 00:00:00,713.8999999999999
1991-12-11 00:00:00,711.0999999999998
1991-12-12 00:00:00,704.1999999999998
1991-12-13 00:00:00,699.4999999999998
1991-12-16 00:00:00,699.4999999999998
1991-12-17 00:00:00,690.1999999999998
1991-12-18 00:00:00,685.2999999999997
1991-12-19 00:00:00,686.2999999999998
1991-12-20 00:00:00,681.9999999999998
1991-12-23 00:00:00,682.9999999999998
1991-12-24 00:00:00,682.2999999999997
1991-12-26 00:00:00,675.4999999999998
1991-12-27 00:00:00,675.9999999999998
1991-12-30 00:00:00,677.3999999999999
1991-12-31 00:00:00,680.4999999999998
1992-01-02 00:00:00,679.8999999999999
1992-01-03 00:00:00,675.2999999999998
1992-01-06 00:00:00,675.2999999999998
1992-01-07 00:00:00,675.0999999999999
1992-01-08 00:00:00,678.7999999999998
1992-01-09 00:00:00,681.2999999999998
1992-01-10 00:00:00,681.3999999999999
1992-01-13 00:00:00,674.8999999999999
1992-01-14 00:00:00,677.5999999999999
1992-01-15 00:00:00,678.1999999999998
1992-01-16 00:00:00,684.2999999999998
1992-01-17 00:00:00,683.1999999999998
1992-01-20 00:00:00,684.1999999999998
1992-01-21 00:00:00,684.6999999999998
1992-01-22 00:00:00,686.9999999999999
1992-01-23 00:00:00,685.4999999999998
1992-01-24 00:00:00,687.7999999999998
1992-01-27 00:00:00,692.7999999999998
1992-01-28 00:00:00,692.6999999999998
1992-01-29 00:00:00,690.6999999999998
1992-01-30 00:00:00,689.9999999999998
1992-01-31 00:00:00,698.7999999999998
1992-02-03 00:00:00,698.1999999999998
1992-02-04 00:00:00,702.7999999999998
1992-02-05 00:00:00,703.6999999999998
1992-02-06 00:00:00,709.2999999999998
1992-02-07 00:00:00,707.2999999999998
1992-02-10 00:00:00,707.5999999999999
1992-02-11 00:00:00,708.1999999999998
1992-02-12 00:00:00,710.7999999999998
1992-02-13 00:00:00,710.1999999999998
1992-02-14 00:00:00,704.7999999999998
1992-02-18 00:00:00,703.3999999999999
1992-02-19 00:00:00,703.1999999999998
1992-02-20 00:00:00,703.0999999999999
1992-02-21 00:00:00,700.8999999999999
1992-02-24 00:00:00,699.6999999999998
1992-02-25 00:00:00,694.6999999999998
1992-02-26 00:00:00,698.1999999999998
1992-02-27 00:00:00,700.8999999999999
1992-02-28 00:00:00,700.9999999999998
1992-03-02 00:00:00,703.6999999999998
1992-03-03 00:00:00,702.5999999999999
1992-03-04 00:00:00,704.6999999999998
1992-03-05 00:00:00,708.3999999999999
1992-03-06 00:00:00,704.8999999999999
1992-03-09 00:00:00,704.2999999999998
1992-03-10 00:00:00,704.9999999999998
1992-03-11 00:00:00,704.6999999999998
1992-03-12 00:00:00,701.3999999999999
1992-03-13 00:00:00,702.2999999999998
1992-03-16 00:00:00,701.7999999999998
1992-03-17 00:00:00,693.8999999999999
1992-03-18 00:00:00,688.1999999999998
1992-03-19 00:00:00,691.2999999999998
1992-03-20 00:00:00,692.4999999999998
1992-03-23 00:00:00,692.0999999999999
1992-03-24 00:00:00,692.0999999999999
1992-03-25 00:00:00,694.0999999999999
1992-03-26 00:00:00,693.2999999999998
1992-03-27 00:00:00,694.2999999999998
1992-03-30 00:00:00,694.1999999999998
1992-03-31 00:00:00,701.0999999999999
1992-04-01 00:00:00,700.4999999999998
1992-04-02 00:00:00,697.0999999999999
1992-04-03 00:00:00,696.9999999999998
1992-04-06 00:00:00,695.0999999999999
1992-04-07 00:00:00,691.7999999999998
1992-04-08 00:00:00,684.0999999999999
1992-04-09 00:00:00,686.4999999999999
1992-04-10 00:00:00,688.2999999999998
1992-04-13 00:00:00,688.1999999999999
1992-04-14 00:00:00,688.1999999999999
1992-04-15 00:00:00,684.8999999999999
1992-04-16 00:00:00,684.6999999999998
1992-04-20 00:00:00,679.2999999999998
1992-04-21 00:00:00,682.8999999999999
1992-04-22 00:00:00,684.1999999999998
1992-04-23 00:00:00,684.4999999999998
1992-04-24 00:00:00,684.0999999999999
1992-04-27 00:00:00,683.0999999999999
1992-04-28 00:00:00,683.0999999999999
1992-04-29 00:00:00,683.3999999999999
1992-04-30 00:00:00,687.9999999999999
1992-05-01 00:00:00,695.9999999999998
1992-05-04 00:00:00,693.6999999999998
1992-05-05 00:00:00,694.2999999999998
1992-05-06 00:00:00,692.7999999999998
1992-05-07 00:00:00,691.4999999999998
1992-05-08 00:00:00,692.5999999999999
1992-05-11 00:00:00,694.6999999999998
1992-05-12 00:00:00,694.2999999999998
1992-05-13 00:00:00,693.7999999999998
1992-05-14 00:00:00,697.8999999999999
1992-05-15 00:00:00,698.6999999999998
1992-05-18 00:00:00,699.1999999999998
1992-05-19 00:00:00,702.4999999999998
1992-05-20 00:00:00,703.3999999999999
1992-05-21 00:00:00,701.2999999999998
1992-05-22 00:00:00,705.8999999999999
1992-05-26 00:00:00,707.4999999999998
1992-05-27 00:00:00,710.0999999999999
1992-05-28 00:00:00,709.3999999999999
1992-05-29 00:00:00,707.3999999999999
1992-06-01 00:00:00,708.8999999999999
1992-06-02 00:00:00,717.7999999999998
1992-06-03 00:00:00,715.5999999999999
1992-06-04 00:00:00,713.5999999999999
1992-06-05 00:00:00,708.8999999999999
1992-06-08 00:00:00,707.2999999999998
1992-06-09 00:00:00,703.7999999999998
1992-06-10 00:00:00,706.4999999999998
1992-06-11 00:00:00,709.0999999999999
1992-06-12 00:00:00,710.6999999999998
1992-06-15 00:00:00,708.9999999999998
1992-06-16 00:00:00,705.4999999999998
1992-06-17 00:00:00,702.4999999999998
1992-06-18 00:00:00,698.9999999999998
1992-06-19 00:00:00,698.1999999999998
1992-06-22 00:00:00,700.6999999999998
1992-06-23 00:00:00,700.8999999999999
1992-06-24 00:00:00,699.9999999999998
1992-06-25 00:00:00,700.1999999999998
1992-06-26 00:00:00,700.9999999999998
1992-06-29 00:00:00,717.6999999999998
1992-06-30 00:00:00,714.9999999999998
1992-07-01 00:00:00,721.2999999999997
1992-07-02 00:00:00,721.4999999999998
1992-07-06 00:00:00,720.8999999999999
1992-07-07 00:00:00,718.8999999999999
1992-07-08 00:00:00,717.6999999999998
1992-07-09 00:00:00,722.3999999999999
1992-07-10 00:00:00,721.4999999999998
1992-07-13 00:00:00,724.3999999999999
1992-07-14 00:00:00,723.3999999999999
1992-07-15 00:00:00,722.6999999999998
1992-07-16 00:00:00,716.3999999999999
1992-07-17 00:00:00,724.1999999999998
1992-07-20 00:00:00,723.1999999999998
1992-07-21 00:00:00,709.3999999999999
1992-07-22 00:00:00,714.6999999999998
1992-07-23 00:00:00,715.3999999999999
1992-07-24 00:00:00,715.9999999999998
1992-07-27 00:00:00,711.3999999999999
1992-07-28 00:00:00,707.7999999999997
1992-07-29 00:00:00,706.8999999999999
1992-07-30 00:00:00,710.5999999999998
1992-07-31 00:00:00,717.9999999999999
1992-08-03 00:00:00,711.1999999999998
1992-08-04 00:00:00,710.5999999999998
1992-08-05 00:00:00,709.1999999999998
1992-08-06 00:00:00,709.3999999999999
1992-08-07 00:00:00,711.4999999999998
1992-08-10 00:00:00,703.1999999999998
1992-08-11 00:00:00,700.5999999999998
1992-08-12 00:00:00,687.1999999999998
1992-08-13 00:00:00,680.7999999999997
1992-08-14 00:00:00,677.0999999999998
1992-08-17 00:00:00,679.9999999999998
1992-08-18 00:00:00,676.1999999999998
1992-08-19 00:00:00,679.1999999999998
1992-08-20 00:00:00,681.7999999999997
1992-08-21 00:00:00,681.8999999999999
1992-08-24 00:00:00,682.6999999999998
1992-08-25 00:00:00,684.0999999999998
1992-08-26 00:00:00,684.8999999999999
1992-08-27 00:00:00,687.8999999999997
1992-08-28 00:00:00,690.8999999999999
1992-08-31 00:00:00,693.7999999999997
1992-09-01 00:00:00,690.5999999999998
1992-09-02 00:00:00,686.8999999999997
1992-09-03 00:00:00,689.1999999999998
1992-09-04 00:00:00,691.1999999999998
1992-09-08 00:00:00,694.5999999999998
1992-09-09 00:00:00,694.7999999999997
1992-09-10 00:00:00,691.4999999999998
1992-09-11 00:00:00,690.4999999999998
1992-09-14 00:00:00,694.3999999999999
1992-09-15 00:00:00,697.7999999999997
1992-09-16 00:00:00,700.2999999999997
1992-09-17 00:00:00,696.3999999999999
1992-09-18 00:00:00,698.4999999999998
1992-09-21 00:00:00,696.5999999999998
1992-09-22 00:00:00,699.0999999999998
1992-09-23 00:00:00,698.6999999999998
1992-09-24 00:00:00,706.5999999999998
1992-09-25 00:00:00,705.0999999999998
1992-09-28 00:00:00,703.3999999999999
1992-09-29 00:00:00,700.3999999999999
1992-09-30 00:00:00,703.6999999999998
1992-10-01 00:00:00,700.7999999999997
1992-10-02 00:00:00,700.4999999999998
1992-10-05 00:00:00,702.0999999999998
1992-10-06 00:00:00,696.8999999999999
1992-10-07 00:00:00,694.2999999999997
1992-10-08 00:00:00,690.7999999999997
1992-10-09 00:00:00,693.1999999999998
1992-10-12 00:00:00,692.3999999999999
1992-10-13 00:00:00,691.7999999999997
1992-10-14 00:00:00,691.4999999999998
1992-10-15 00:00:00,693.2999999999997
1992-10-16 00:00:00,693.8999999999999
1992-10-19 00:00:00,695.5999999999998
1992-10-20 00:00:00,696.8999999999999
1992-10-21 00:00:00,694.5999999999998
1992-10-22 00:00:00,691.6999999999998
1992-10-23 00:00:00,693.2999999999997
1992-10-26 00:00:00,692.0999999999998
1992-10-27 00:00:00,691.0999999999998
1992-10-28 00:00:00,693.2999999999997
1992-10-29 00:00:00,690.9999999999998
1992-10-30 00:00:00,691.4999999999998
1992-11-02 00:00:00,692.7999999999997
1992-11-03 00:00:00,692.5999999999998
1992-11-04 00:00:00,694.6999999999998
1992-11-05 00:00:00,702.3999999999999
1992-11-06 00:00:00,701.4999999999998
1992-11-09 00:00:00,695.0999999999998
1992-11-10 00:00:00,683.1999999999998
1992-11-11 00:00:00,686.8999999999997
1992-11-12 00:00:00,690.1999999999998
1992-11-13 00:00:00,689.9999999999998
1992-11-16 00:00:00,689.8999999999999
1992-11-17 00:00:00,689.0999999999998
1992-11-18 00:00:00,690.7999999999997
1992-11-19 00:00:00,691.6999999999998
1992-11-20 00:00:00,697.8999999999999
1992-11-23 00:00:00,695.0999999999998
1992-11-24 00:00:00,693.5999999999998
1992-11-25 00:00:00,694.5999999999998
1992-11-30 00:00:00,700.4999999999998
1992-12-01 00:00:00,699.4999999999998
1992-12-02 00:00:00,701.3999999999999
1992-12-03 00:00:00,701.9999999999998
1992-12-04 00:00:00,703.6999999999998
1992-12-07 00:00:00,708.3999999999999
1992-12-08 00:00:00,707.2999999999997
1992-12-09 00:00:00,701.6999999999998
1992-12-10 00:00:00,701.2999999999997
1992-12-11 00:00:00,704.1999999999998
1992-12-14 00:00:00,702.6999999999998
1992-12-15 00:00:00,701.8999999999999
1992-12-16 00:00:00,703.7999999999997
1992-12-17 00:00:00,703.0999999999998
1992-12-18 00:00:00,697.3999999999999
1992-12-21 00:00:00,697.0999999999998
1992-12-22 00:00:00,697.8999999999999
1992-12-23 00:00:00,695.9999999999998
1992-12-28 00:00:00,696.3999999999999
1992-12-29 00:00:00,692.8999999999999
1992-12-30 00:00:00,691.2999999999997
1992-12-31 00:00:00,690.3999999999999
1993-01-04 00:00:00,690.4999999999998
1993-01-05 00:00:00,693.6999999999998
1993-01-06 00:00:00,696.3999999999999
1993-01-07 00:00:00,695.7999999999997
1993-01-08 00:00:00,695.5999999999998
1993-01-11 00:00:00,693.2999999999997
1993-01-12 00:00:00,694.6999999999998
1993-01-13 00:00:00,693.6999999999998
1993-01-14 00:00:00,693.1999999999998
1993-01-15 00:00:00,693.7999999999997
1993-01-18 00:00:00,694.1999999999998
1993-01-19 00:00:00,695.1999999999998
1993-01-20 00:00:00,701.3999999999999
1993-01-21 00:00:00,699.4999999999998
1993-01-22 00:00:00,699.7999999999997
1993-01-25 00:00:00,701.5999999999998
1993-01-26 00:00:00,702.9999999999998
1993-01-27 00:00:00,700.1999999999998
1993-01-28 00:00:00,700.8999999999999
1993-01-29 00:00:00,700.5999999999998
1993-02-01 00:00:00,699.8999999999999
1993-02-02 00:00:00,698.0999999999998
1993-02-03 00:00:00,698.0999999999998
1993-02-04 00:00:00,698.7999999999997
1993-02-05 00:00:00,698.9999999999998
1993-02-08 00:00:00,699.5999999999998
1993-02-09 00:00:00,705.5999999999998
1993-02-10 00:00:00,708.5999999999998
1993-02-11 00:00:00,709.1999999999998
1993-02-12 00:00:00,706.3999999999999
1993-02-16 00:00:00,708.7999999999997
1993-02-17 00:00:00,704.2999999999997
1993-02-18 00:00:00,701.2999999999997
1993-02-19 00:00:00,695.1999999999998
1993-02-22 00:00:00,675.9999999999998
1993-02-23 00:00:00,684.5999999999998
1993-02-24 00:00:00,680.9999999999998
1993-02-25 00:00:00,682.7999999999997
1993-02-26 00:00:00,683.5999999999998
1993-03-02 00:00:00,678.7999999999997
1993-03-03 00:00:00,679.2999999999997
1993-03-04 00:00:00,679.1999999999998
1993-03-05 00:00:00,681.2999999999997
1993-03-08 00:00:00,679.9999999999998
1993-03-09 00:00:00,682.8999999999999
1993-03-10 00:00:00,683.3999999999999
1993-03-11 00:00:00,687.0999999999998
1993-03-12 00:00:00,690.0999999999998
1993-03-15 00:00:00,691.1999999999998
1993-03-16 00:00:00,686.7999999999998
1993-03-17 00:00:00,685.9999999999998
1993-03-18 00:00:00,687.7999999999998
1993-03-19 00:00:00,692.2999999999997
1993-03-22 00:00:00,693.8999999999999
1993-03-23 00:00:00,697.0999999999998
1993-03-24 00:00:00,698.6999999999998
1993-03-25 00:00:00,694.7999999999997
1993-03-26 00:00:00,694.5999999999998
1993-03-29 00:00:00,696.3999999999999
1993-03-30 00:00:00,701.2999999999997
1993-03-31 00:00:00,702.2999999999997
1993-04-01 00:00:00,702.4999999999998
1993-04-02 00:00:00,705.1999999999998
1993-04-05 00:00:00,703.7999999999997
1993-04-06 00:00:00,700.4999999999998
1993-04-07 00:00:00,697.6999999999998
1993-04-08 00:00:00,697.5999999999998
1993-04-12 00:00:00,701.2999999999997
1993-04-13 00:00:00,701.1999999999998
1993-04-14 00:00:00,708.0999999999998
1993-04-15 00:00:00,706.8999999999999
1993-04-16 00:00:00,710.1999999999998
1993-04-19 00:00:00,709.9999999999998
1993-04-20 00:00:00,709.9999999999998
1993-04-21 00:00:00,706.9999999999998
1993-04-22 00:00:00,708.6999999999998
1993-04-23 00:00:00,715.9999999999998
1993-04-26 00:00:00,715.9999999999998
1993-04-27 00:00:00,715.0999999999998
1993-04-28 00:00:00,720.4999999999998
1993-04-29 00:00:00,729.1999999999998
1993-04-30 00:00:00,728.6999999999998
1993-05-03 00:00:00,725.3999999999999
1993-05-04 00:00:00,716.0999999999998
1993-05-05 00:00:00,718.8999999999999
1993-05-06 00:00:00,726.3999999999999
1993-05-07 00:00:00,723.3999999999999
1993-05-10 00:00:00,718.5999999999998
1993-05-11 00:00:00,720.7999999999997
1993-05-12 00:00:00,724.2999999999997
1993-05-13 00:00:00,730.5999999999998
1993-05-14 00:00:00,724.8999999999999
1993-05-17 00:00:00,724.1999999999998
1993-05-18 00:00:00,729.7999999999998
1993-05-19 00:00:00,724.5999999999998
1993-05-20 00:00:00,729.2999999999997
1993-05-21 00:00:00,732.1999999999997
1993-05-24 00:00:00,724.7999999999997
1993-05-25 00:00:00,729.6999999999998
1993-05-26 00:00:00,727.5999999999998
1993-05-27 00:00:00,737.9999999999998
1993-05-28 00:00:00,738.5999999999998
1993-06-01 00:00:00,730.8999999999997
1993-06-02 00:00:00,722.4999999999998
1993-06-03 00:00:00,731.3999999999997
1993-06-04 00:00:00,729.2999999999997
1993-06-07 00:00:00,725.0999999999998
1993-06-08 00:00:00,725.4999999999998
1993-06-09 00:00:00,727.4999999999998
1993-06-10 00:00:00,725.4999999999998
1993-06-11 00:00:00,723.8999999999999
1993-06-14 00:00:00,718.2999999999998
1993-06-15 00:00:00,719.4999999999998
1993-06-16 00:00:00,722.2999999999997
1993-06-17 00:00:00,720.2999999999997
1993-06-18 00:00:00,718.3999999999997
1993-06-21 00:00:00,717.3999999999997
1993-06-22 00:00:00,714.7999999999997
1993-06-23 00:00:00,719.4999999999998
1993-06-24 00:00:00,721.2999999999997
1993-06-25 00:00:00,724.4999999999998
1993-06-28 00:00:00,722.2999999999997
1993-06-29 00:00:00,724.4999999999998
1993-06-30 00:00:00,725.4999999999998
1993-07-01 00:00:00,733.4999999999998
1993-07-02 00:00:00,730.4999999999998
1993-07-06 00:00:00,746.0999999999998
1993-07-07 00:00:00,748.7999999999997
1993-07-08 00:00:00,746.3999999999997
1993-07-09 00:00:00,743.0999999999998
1993-07-12 00:00:00,748.3999999999997
1993-07-13 00:00:00,744.6999999999998
1993-07-14 00:00:00,742.3999999999997
1993-07-15 00:00:00,746.4999999999998
1993-07-16 00:00:00,744.4999999999998
1993-07-19 00:00:00,745.0999999999998
1993-07-20 00:00:00,744.6999999999998
1993-07-21 00:00:00,739.9999999999998
1993-07-22 00:00:00,742.5999999999998
1993-07-23 00:00:00,743.1999999999998
1993-07-26 00:00:00,745.5999999999998
1993-07-27 00:00:00,745.3999999999997
1993-07-28 00:00:00,748.9999999999998
1993-07-29 00:00:00,751.8999999999997
1993-07-30 00:00:00,755.8999999999997
1993-08-02 00:00:00,760.0999999999998
1993-08-03 00:00:00,761.6999999999998
1993-08-04 00:00:00,756.5999999999998
1993-08-05 00:00:00,731.5999999999998
1993-08-06 00:00:00,724.4999999999998
1993-08-09 00:00:00,734.2999999999998
1993-08-10 00:00:00,732.8999999999997
1993-08-11 00:00:00,728.2999999999997
1993-08-12 00:00:00,724.4999999999998
1993-08-13 00:00:00,723.5999999999998
1993-08-16 00:00:00,726.8999999999997
1993-08-17 00:00:00,725.5999999999998
1993-08-18 00:00:00,728.3999999999997
1993-08-19 00:00:00,723.2999999999997
1993-08-20 00:00:00,724.8999999999997
1993-08-23 00:00:00,725.4999999999998
1993-08-24 00:00:00,725.2999999999997
1993-08-25 00:00:00,724.8999999999997
1993-08-26 00:00:00,718.3999999999997
1993-08-27 00:00:00,718.5999999999998
1993-08-30 00:00:00,720.9999999999998
1993-08-31 00:00:00,720.8999999999997
1993-09-01 00:00:00,718.0999999999998
1993-09-02 00:00:00,710.0999999999998
1993-09-03 00:00:00,709.0999999999998
1993-09-07 00:00:00,697.0999999999998
1993-09-08 00:00:00,694.1999999999998
1993-09-09 00:00:00,696.5999999999998
1993-09-10 00:00:00,692.6999999999998
1993-09-13 00:00:00,689.5999999999998
1993-09-14 00:00:00,689.4999999999998
1993-09-15 00:00:00,694.0999999999998
1993-09-16 00:00:00,697.2999999999997
1993-09-17 00:00:00,696.1999999999998
1993-09-20 00:00:00,698.5999999999998
1993-09-21 00:00:00,702.9999999999998
1993-09-22 00:00:00,697.8999999999997
1993-09-23 00:00:00,700.6999999999998
1993-09-24 00:00:00,701.3999999999997
1993-09-27 00:00:00,696.9999999999998
1993-09-28 00:00:00,697.5999999999998
1993-09-29 00:00:00,694.5999999999998
1993-09-30 00:00:00,697.6999999999998
1993-10-01 00:00:00,696.6999999999998
1993-10-04 00:00:00,692.4999999999998
1993-10-05 00:00:00,694.6999999999998
1993-10-06 00:00:00,701.5999999999998
1993-10-07 00:00:00,698.8999999999997
1993-10-08 00:00:00,699.5999999999998
1993-10-11 00:00:00,700.0999999999998
1993-10-12 00:00:00,707.3999999999997
1993-10-13 00:00:00,706.9999999999998
1993-10-14 00:00:00,706.4999999999998
1993-10-15 00:00:00,704.8999999999997
1993-10-18 00:00:00,708.3999999999997
1993-10-19 00:00:00,710.8999999999997
1993-10-20 00:00:00,712.2999999999997
1993-10-21 00:00:00,713.2999999999997
1993-10-22 00:00:00,711.4999999999998
1993-10-25 00:00:00,710.8999999999997
1993-10-26 00:00:00,709.3999999999997
1993-10-27 00:00:00,711.4999999999998
1993-10-28 00:00:00,709.0999999999998
1993-10-29 00:00:00,708.5999999999998
1993-11-01 00:00:00,703.2999999999997
1993-11-02 00:00:00,705.0999999999998
1993-11-03 00:00:00,709.6999999999998
1993-11-04 00:00:00,711.2999999999997
1993-11-05 00:00:00,715.4999999999998
1993-11-08 00:00:00,713.5999999999998
1993-11-09 00:00:00,714.9999999999998
1993-11-10 00:00:00,715.1999999999998
1993-11-11 00:00:00,715.1999999999998
1993-11-12 00:00:00,713.1999999999998
1993-11-15 00:00:00,715.2999999999997
1993-11-16 00:00:00,714.2999999999997
1993-11-17 00:00:00,713.9999999999998
1993-11-18 00:00:00,713.9999999999998
1993-11-19 00:00:00,715.4999999999998
1993-11-22 00:00:00,716.3999999999997
1993-11-23 00:00:00,709.5999999999998
1993-11-24 00:00:00,711.1999999999998
1993-11-29 00:00:00,701.7999999999997
1993-11-30 00:00:00,703.0999999999998
1993-12-01 00:00:00,710.3999999999997
1993-12-02 00:00:00,710.9999999999998
1993-12-03 00:00:00,710.2999999999997
1993-12-06 00:00:00,713.2999999999997
1993-12-07 00:00:00,713.8999999999997
1993-12-08 00:00:00,719.1999999999998
1993-12-09 00:00:00,717.0999999999998
1993-12-10 00:00:00,717.4999999999998
1993-12-13 00:00:00,723.5999999999998
1993-12-14 00:00:00,723.6999999999998
1993-12-15 00:00:00,723.1999999999998
1993-12-16 00:00:00,724.4999999999998
1993-12-17 00:00:00,724.1999999999998
1993-12-20 00:00:00,726.4999999999998
1993-12-21 00:00:00,724.1999999999998
1993-12-22 00:00:00,722.3999999999997
1993-12-23 00:00:00,722.1999999999998
1993-12-27 00:00:00,723.4999999999998
1993-12-28 00:00:00,722.6999999999998
1993-12-29 00:00:00,726.8999999999997
1993-12-30 00:00:00,730.8999999999997
1994-01-03 00:00:00,733.3999999999997
1994-01-04 00:00:00,735.5999999999997
1994-01-05 00:00:00,729.0999999999997
1994-01-06 00:00:00,724.8999999999997
1994-01-07 00:00:00,722.3999999999997
1994-01-10 00:00:00,721.2999999999997
1994-01-11 00:00:00,723.8999999999997
1994-01-12 00:00:00,721.9999999999998
1994-01-13 00:00:00,724.2999999999997
1994-01-14 00:00:00,725.1999999999998
1994-01-17 00:00:00,729.8999999999997
1994-01-18 00:00:00,730.6999999999997
1994-01-19 00:00:00,729.1999999999998
1994-01-20 00:00:00,722.8999999999997
1994-01-21 00:00:00,714.2999999999997
1994-01-24 00:00:00,716.0999999999997
1994-01-25 00:00:00,715.5999999999997
1994-01-26 00:00:00,721.4999999999998
1994-01-27 00:00:00,714.4999999999998
1994-01-28 00:00:00,715.0999999999997
1994-01-31 00:00:00,719.3999999999997
1994-02-01 00:00:00,725.4999999999998
1994-02-02 00:00:00,727.0999999999997
1994-02-03 00:00:00,730.1999999999997
1994-02-04 00:00:00,730.8999999999997
1994-02-07 00:00:00,724.7999999999997
1994-02-08 00:00:00,724.9999999999998
1994-02-09 00:00:00,727.0999999999997
1994-02-10 00:00:00,727.1999999999998
1994-02-11 00:00:00,726.3999999999997
1994-02-14 00:00:00,731.0999999999998
1994-02-15 00:00:00,737.3999999999997
1994-02-16 00:00:00,738.6999999999998
1994-02-17 00:00:00,736.1999999999998
1994-02-18 00:00:00,733.8999999999997
1994-02-22 00:00:00,730.4999999999998
1994-02-23 00:00:00,724.5999999999997
1994-02-24 00:00:00,725.8999999999997
1994-02-25 00:00:00,726.7999999999997
1994-02-28 00:00:00,731.0999999999998
1994-03-01 00:00:00,726.8999999999997
1994-03-02 00:00:00,725.2999999999997
1994-03-03 00:00:00,726.1999999999998
1994-03-04 00:00:00,728.6999999999998
1994-03-07 00:00:00,726.8999999999997
1994-03-08 00:00:00,727.8999999999997
1994-03-09 00:00:00,730.3999999999997
1994-03-10 00:00:00,736.1999999999998
1994-03-11 00:00:00,740.6999999999998
1994-03-14 00:00:00,739.2999999999997
1994-03-15 00:00:00,739.7999999999997
1994-03-16 00:00:00,736.7999999999997
1994-03-17 00:00:00,731.8999999999997
1994-03-18 00:00:00,735.6999999999998
1994-03-21 00:00:00,736.3999999999997
1994-03-22 00:00:00,739.2999999999997
1994-03-23 00:00:00,737.4999999999998
1994-03-24 00:00:00,741.4999999999998
1994-03-25 00:00:00,746.8999999999997
1994-03-28 00:00:00,744.3999999999997
1994-03-29 00:00:00,743.2999999999997
1994-03-30 00:00:00,746.3999999999997
1994-03-31 00:00:00,758.2999999999997
1994-04-04 00:00:00,749.8999999999997
1994-04-05 00:00:00,741.7999999999997
1994-04-06 00:00:00,744.0999999999997
1994-04-07 00:00:00,741.6999999999998
1994-04-08 00:00:00,738.3999999999997
1994-04-11 00:00:00,728.7999999999997
1994-04-12 00:00:00,732.1999999999997
1994-04-13 00:00:00,734.5999999999998
1994-04-14 00:00:00,732.4999999999998
1994-04-15 00:00:00,730.0999999999998
1994-04-18 00:00:00,724.9999999999998
1994-04-19 00:00:00,719.9999999999998
1994-04-20 00:00:00,720.9999999999998
1994-04-21 00:00:00,721.8999999999997
1994-04-22 00:00:00,722.4999999999998
1994-04-25 00:00:00,726.3999999999997
1994-04-26 00:00:00,728.7999999999997
1994-04-28 00:00:00,725.9999999999998
1994-04-29 00:00:00,733.6999999999997
1994-05-02 00:00:00,737.1999999999998
1994-05-03 00:00:00,732.6999999999997
1994-05-04 00:00:00,730.1999999999997
1994-05-05 00:00:00,720.7999999999997
1994-05-06 00:00:00,730.3999999999997
1994-05-09 00:00:00,732.2999999999997
1994-05-10 00:00:00,726.6999999999998
1994-05-11 00:00:00,732.4999999999998
1994-05-12 00:00:00,729.8999999999997
1994-05-13 00:00:00,734.2999999999997
1994-05-16 00:00:00,736.8999999999997
1994-05-17 00:00:00,730.7999999999997
1994-05-18 00:00:00,730.5999999999998
1994-05-19 00:00:00,731.8999999999997
1994-05-20 00:00:00,737.2999999999997
1994-05-23 00:00:00,742.9999999999998
1994-05-24 00:00:00,739.1999999999998
1994-05-25 00:00:00,735.6999999999998
1994-05-26 00:00:00,728.3999999999997
1994-05-27 00:00:00,731.2999999999997
1994-05-31 00:00:00,735.5999999999997
1994-06-01 00:00:00,731.7999999999997
1994-06-02 00:00:00,732.9999999999998
1994-06-03 00:00:00,730.6999999999997
1994-06-06 00:00:00,728.5999999999997
1994-06-07 00:00:00,729.5999999999997
1994-06-08 00:00:00,731.6999999999997
1994-06-09 00:00:00,732.9999999999998
1994-06-10 00:00:00,734.3999999999997
1994-06-13 00:00:00,734.3999999999997
1994-06-14 00:00:00,734.9999999999998
1994-06-15 00:00:00,738.8999999999997
1994-06-16 00:00:00,737.2999999999997
1994-06-17 00:00:00,742.4999999999998
1994-06-20 00:00:00,737.8999999999997
1994-06-21 00:00:00,742.4999999999998
1994-06-22 00:00:00,738.7999999999997
1994-06-23 00:00:00,736.9999999999998
1994-06-24 00:00:00,735.0999999999997
1994-06-27 00:00:00,729.1999999999998
1994-06-28 00:00:00,730.5999999999998
1994-06-29 00:00:00,731.6999999999997
1994-06-30 00:00:00,736.0999999999997
1994-07-01 00:00:00,743.7999999999997
1994-07-05 00:00:00,741.4999999999998
1994-07-06 00:00:00,734.9999999999998
1994-07-07 00:00:00,735.5999999999997
1994-07-08 00:00:00,732.3999999999997
1994-07-11 00:00:00,737.3999999999997
1994-07-12 00:00:00,739.5999999999997
1994-07-13 00:00:00,738.6999999999998
1994-07-14 00:00:00,740.9999999999998
1994-07-15 00:00:00,745.7999999999997
1994-07-18 00:00:00,748.5999999999997
1994-07-19 00:00:00,747.5999999999997
1994-07-20 00:00:00,746.0999999999997
1994-07-21 00:00:00,743.6999999999998
1994-07-22 00:00:00,746.9999999999998
1994-07-25 00:00:00,749.1999999999998
1994-07-26 00:00:00,758.5999999999997
1994-07-27 00:00:00,758.3999999999997
1994-07-28 00:00:00,753.5999999999997
1994-07-29 00:00:00,754.7999999999997
1994-08-01 00:00:00,755.1999999999998
1994-08-02 00:00:00,746.2999999999997
1994-08-03 00:00:00,739.5999999999997
1994-08-04 00:00:00,738.5999999999997
1994-08-05 00:00:00,740.3999999999997
1994-08-08 00:00:00,736.8999999999997
1994-08-09 00:00:00,740.2999999999997
1994-08-10 00:00:00,743.1999999999998
1994-08-11 00:00:00,744.7999999999997
1994-08-12 00:00:00,740.9999999999998
1994-08-15 00:00:00,741.8999999999997
1994-08-16 00:00:00,742.4999999999998
1994-08-17 00:00:00,739.6999999999998
1994-08-18 00:00:00,744.3999999999997
1994-08-19 00:00:00,745.0999999999997
1994-08-22 00:00:00,742.6999999999998
1994-08-23 00:00:00,740.7999999999997
1994-08-24 00:00:00,742.7999999999997
1994-08-25 00:00:00,743.7999999999997
1994-08-26 00:00:00,741.0999999999997
1994-08-29 00:00:00,743.7999999999997
1994-08-30 00:00:00,741.4999999999998
1994-08-31 00:00:00,743.3999999999997
1994-09-01 00:00:00,744.4999999999998
1994-09-02 00:00:00,746.8999999999997
1994-09-06 00:00:00,749.2999999999997
1994-09-07 00:00:00,749.5999999999997
1994-09-08 00:00:00,748.3999999999997
1994-09-09 00:00:00,749.5999999999997
1994-09-12 00:00:00,746.7999999999997
1994-09-13 00:00:00,746.1999999999998
1994-09-14 00:00:00,741.7999999999997
1994-09-15 00:00:00,739.0999999999997
1994-09-16 00:00:00,741.0999999999997
1994-09-19 00:00:00,741.7999999999997
1994-09-20 00:00:00,748.7999999999997
1994-09-21 00:00:00,747.5999999999997
1994-09-22 00:00:00,749.4999999999998
1994-09-23 00:00:00,750.0999999999997
1994-09-26 00:00:00,746.3999999999997
1994-09-27 00:00:00,747.4999999999998
1994-09-28 00:00:00,745.0999999999997
1994-09-29 00:00:00,746.6999999999997
1994-09-30 00:00:00,745.5999999999997
1994-10-03 00:00:00,746.7999999999997
1994-10-04 00:00:00,746.2999999999997
1994-10-05 00:00:00,749.7999999999997
1994-10-06 00:00:00,747.7999999999997
1994-10-07 00:00:00,746.6999999999997
1994-10-10 00:00:00,743.4999999999998
1994-10-11 00:00:00,742.7999999999997
1994-10-12 00:00:00,742.4999999999998
1994-10-13 00:00:00,740.1999999999997
1994-10-14 00:00:00,741.0999999999997
1994-10-17 00:00:00,744.8999999999996
1994-10-18 00:00:00,744.8999999999996
1994-10-19 00:00:00,747.7999999999997
1994-10-20 00:00:00,752.7999999999997
1994-10-21 00:00:00,749.5999999999997
1994-10-24 00:00:00,748.8999999999996
1994-10-25 00:00:00,748.5999999999997
1994-10-26 00:00:00,750.1999999999997
1994-10-27 00:00:00,750.9999999999998
1994-10-28 00:00:00,748.9999999999998
1994-10-31 00:00:00,741.8999999999996
1994-11-01 00:00:00,743.6999999999997
1994-11-02 00:00:00,744.6999999999997
1994-11-03 00:00:00,742.5999999999997
1994-11-04 00:00:00,741.9999999999998
1994-11-07 00:00:00,735.8999999999996
1994-11-08 00:00:00,735.3999999999996
1994-11-09 00:00:00,732.0999999999997
1994-11-10 00:00:00,734.2999999999997
1994-11-11 00:00:00,735.1999999999997
1994-11-14 00:00:00,737.8999999999996
1994-11-15 00:00:00,740.7999999999997
1994-11-16 00:00:00,739.5999999999997
1994-11-17 00:00:00,739.2999999999997
1994-11-18 00:00:00,737.1999999999997
1994-11-21 00:00:00,734.7999999999997
1994-11-22 00:00:00,734.0999999999997
1994-11-23 00:00:00,735.5999999999997
1994-11-28 00:00:00,733.3999999999997
1994-11-29 00:00:00,732.5999999999997
1994-11-30 00:00:00,727.4999999999998
1994-12-01 00:00:00,724.2999999999997
1994-12-02 00:00:00,723.3999999999996
1994-12-05 00:00:00,723.6999999999997
1994-12-06 00:00:00,725.1999999999997
1994-12-07 00:00:00,726.6999999999997
1994-12-08 00:00:00,726.2999999999997
1994-12-09 00:00:00,729.4999999999998
1994-12-12 00:00:00,732.8999999999997
1994-12-13 00:00:00,732.6999999999997
1994-12-14 00:00:00,731.7999999999997
1994-12-15 00:00:00,734.8999999999996
1994-12-16 00:00:00,735.6999999999997
1994-12-19 00:00:00,738.9999999999998
1994-12-20 00:00:00,741.5999999999997
1994-12-21 00:00:00,740.9999999999998
1994-12-22 00:00:00,737.4999999999998
1994-12-23 00:00:00,736.9999999999998
1994-12-27 00:00:00,737.8999999999996
1994-12-28 00:00:00,740.9999999999998
1994-12-29 00:00:00,739.6999999999997
1994-12-30 00:00:00,740.0999999999997
1995-01-03 00:00:00,734.6999999999997
1995-01-04 00:00:00,724.5999999999997
1995-01-05 00:00:00,729.3999999999996
1995-01-06 00:00:00,725.2999999999997
1995-01-09 00:00:00,728.3999999999996
1995-01-10 00:00:00,729.4999999999998
1995-01-11 00:00:00,733.7999999999996
1995-01-12 00:00:00,740.2999999999997
1995-01-13 00:00:00,736.3999999999996
1995-01-16 00:00:00,735.7999999999997
1995-01-17 00:00:00,738.2999999999997
1995-01-18 00:00:00,740.4999999999998
1995-01-19 00:00:00,739.1999999999997
1995-01-20 00:00:00,742.1999999999997
1995-01-23 00:00:00,736.4999999999998
1995-01-24 00:00:00,737.9999999999998
1995-01-25 00:00:00,738.3999999999996
1995-01-26 00:00:00,739.4999999999998
1995-01-27 00:00:00,733.8999999999997
1995-01-30 00:00:00,737.5999999999997
1995-01-31 00:00:00,734.6999999999997
1995-02-01 00:00:00,736.5999999999997
1995-02-02 00:00:00,733.9999999999997
1995-02-03 00:00:00,732.8999999999997
1995-02-06 00:00:00,731.6999999999997
1995-02-07 00:00:00,727.8999999999996
1995-02-08 00:00:00,731.9999999999997
1995-02-09 00:00:00,733.0999999999997
1995-02-10 00:00:00,733.8999999999997
1995-02-13 00:00:00,732.4999999999997
1995-02-14 00:00:00,732.9999999999997
1995-02-15 00:00:00,732.7999999999996
1995-02-16 00:00:00,735.1999999999997
1995-02-17 00:00:00,736.0999999999997
1995-02-21 00:00:00,734.1999999999997
1995-02-22 00:00:00,736.4999999999998
1995-02-23 00:00:00,735.6999999999997
1995-02-24 00:00:00,731.4999999999997
1995-02-27 00:00:00,730.0999999999997
1995-02-28 00:00:00,730.4999999999997
1995-03-01 00:00:00,722.5999999999997
1995-03-02 00:00:00,722.7999999999997
1995-03-03 00:00:00,722.6999999999997
1995-03-06 00:00:00,726.6999999999997
1995-03-07 00:00:00,740.1999999999997
1995-03-08 00:00:00,734.5999999999997
1995-03-09 00:00:00,737.3999999999996
1995-03-10 00:00:00,738.6999999999997
1995-03-13 00:00:00,740.1999999999997
1995-03-14 00:00:00,741.9999999999998
1995-03-15 00:00:00,742.4999999999998
1995-03-16 00:00:00,740.5999999999997
1995-03-17 00:00:00,740.2999999999997
1995-03-20 00:00:00,738.6999999999997
1995-03-21 00:00:00,733.8999999999997
1995-03-22 00:00:00,733.5999999999997
1995-03-23 00:00:00,735.6999999999997
1995-03-24 00:00:00,732.2999999999996
1995-03-27 00:00:00,733.6999999999997
1995-03-28 00:00:00,738.7999999999997
1995-03-29 00:00:00,738.5999999999997
1995-03-30 00:00:00,754.5999999999997
1995-03-31 00:00:00,759.6999999999996
1995-04-03 00:00:00,762.5999999999997
1995-04-04 00:00:00,769.9999999999997
1995-04-05 00:00:00,780.5999999999997
1995-04-06 00:00:00,771.6999999999997
1995-04-07 00:00:00,773.5999999999997
1995-04-10 00:00:00,767.4999999999997
1995-04-11 00:00:00,769.8999999999996
1995-04-12 00:00:00,766.9999999999997
1995-04-13 00:00:00,769.0999999999997
1995-04-17 00:00:00,775.2999999999997
1995-04-18 00:00:00,775.8999999999996
1995-04-19 00:00:00,774.1999999999996
1995-04-20 00:00:00,766.8999999999996
1995-04-21 00:00:00,757.7999999999997
1995-04-24 00:00:00,759.5999999999997
1995-04-25 00:00:00,758.2999999999997
1995-04-26 00:00:00,756.4999999999997
1995-04-27 00:00:00,763.0999999999997
1995-04-28 00:00:00,759.5999999999997
1995-05-01 00:00:00,760.8999999999996
1995-05-02 00:00:00,765.8999999999996
1995-05-03 00:00:00,774.1999999999996
1995-05-04 00:00:00,776.1999999999997
1995-05-05 00:00:00,767.7999999999996
1995-05-08 00:00:00,765.1999999999996
1995-05-09 00:00:00,749.8999999999996
1995-05-10 00:00:00,748.3999999999996
1995-05-11 00:00:00,746.5999999999997
1995-05-12 00:00:00,745.4999999999997
1995-05-15 00:00:00,746.2999999999997
1995-05-16 00:00:00,747.4999999999997
1995-05-17 00:00:00,743.0999999999997
1995-05-18 00:00:00,745.8999999999996
1995-05-19 00:00:00,743.7999999999997
1995-05-22 00:00:00,742.3999999999996
1995-05-23 00:00:00,745.8999999999996
1995-05-24 00:00:00,749.2999999999997
1995-05-25 00:00:00,750.4999999999997
1995-05-26 00:00:00,753.0999999999997
1995-05-30 00:00:00,750.6999999999996
1995-05-31 00:00:00,749.0999999999997
1995-06-01 00:00:00,750.1999999999996
1995-06-02 00:00:00,746.9999999999997
1995-06-05 00:00:00,748.9999999999997
1995-06-06 00:00:00,747.3999999999996
1995-06-07 00:00:00,751.5999999999997
1995-06-08 00:00:00,752.1999999999996
1995-06-09 00:00:00,756.7999999999997
1995-06-12 00:00:00,758.0999999999997
1995-06-13 00:00:00,752.3999999999996
1995-06-14 00:00:00,754.0999999999997
1995-06-15 00:00:00,760.0999999999997
1995-06-16 00:00:00,757.4999999999997
1995-06-19 00:00:00,760.2999999999997
1995-06-20 00:00:00,759.4999999999997
1995-06-21 00:00:00,758.8999999999996
1995-06-22 00:00:00,758.2999999999997
1995-06-23 00:00:00,757.6999999999996
1995-06-26 00:00:00,757.9999999999997
1995-06-27 00:00:00,758.6999999999996
1995-06-28 00:00:00,756.3999999999996
1995-06-29 00:00:00,756.7999999999996
1995-06-30 00:00:00,750.4999999999995
1995-07-05 00:00:00,747.1999999999996
1995-07-06 00:00:00,748.1999999999996
1995-07-07 00:00:00,749.2999999999996
1995-07-10 00:00:00,748.8999999999996
1995-07-11 00:00:00,748.8999999999996
1995-07-12 00:00:00,752.4999999999995
1995-07-13 00:00:00,750.0999999999997
1995-07-14 00:00:00,753.2999999999996
1995-07-17 00:00:00,755.6999999999996
1995-07-18 00:00:00,757.4999999999995
1995-07-19 00:00:00,752.3999999999996
1995-07-20 00:00:00,745.4999999999995
1995-07-21 00:00:00,742.6999999999996
1995-07-24 00:00:00,745.7999999999996
1995-07-25 00:00:00,746.1999999999996
1995-07-26 00:00:00,746.5999999999997
1995-07-27 00:00:00,744.1999999999996
1995-07-28 00:00:00,739.9999999999995
1995-07-31 00:00:00,735.4999999999995
1995-08-01 00:00:00,735.3999999999996
1995-08-02 00:00:00,736.4999999999995
1995-08-03 00:00:00,737.6999999999996
1995-08-04 00:00:00,736.9999999999995
1995-08-07 00:00:00,736.4999999999995
1995-08-08 00:00:00,737.0999999999997
1995-08-09 00:00:00,737.9999999999995
1995-08-10 00:00:00,736.2999999999996
1995-08-11 00:00:00,730.5999999999996
1995-08-14 00:00:00,729.9999999999997
1995-08-15 00:00:00,733.6999999999997
1995-08-16 00:00:00,735.8999999999996
1995-08-17 00:00:00,742.9999999999995
1995-08-18 00:00:00,745.6999999999996
1995-08-21 00:00:00,746.9999999999995
1995-08-22 00:00:00,742.5999999999997
1995-08-23 00:00:00,741.3999999999996
1995-08-24 00:00:00,745.8999999999996
1995-08-25 00:00:00,746.1999999999996
1995-08-28 00:00:00,748.0999999999997
1995-08-29 00:00:00,744.6999999999996
1995-08-30 00:00:00,742.1999999999996
1995-08-31 00:00:00,742.8999999999996
1995-09-01 00:00:00,743.1999999999996
1995-09-05 00:00:00,740.3999999999996
1995-09-06 00:00:00,742.4999999999995
1995-09-07 00:00:00,748.3999999999996
1995-09-08 00:00:00,745.9999999999995
1995-09-11 00:00:00,748.0999999999997
1995-09-12 00:00:00,751.4999999999995
1995-09-13 00:00:00,755.0999999999997
1995-09-14 00:00:00,757.3999999999996
1995-09-15 00:00:00,755.2999999999996
1995-09-18 00:00:00,755.5999999999997
1995-09-19 00:00:00,755.3999999999996
1995-09-20 00:00:00,750.6999999999996
1995-09-21 00:00:00,738.3999999999996
1995-09-22 00:00:00,737.7999999999996
1995-09-25 00:00:00,735.9999999999995
1995-09-26 00:00:00,738.6999999999996
1995-09-27 00:00:00,735.0999999999997
1995-09-28 00:00:00,738.3999999999996
1995-09-29 00:00:00,738.7999999999996
1995-10-02 00:00:00,725.0999999999997
1995-10-03 00:00:00,728.6999999999996
1995-10-04 00:00:00,730.8999999999996
1995-10-05 00:00:00,728.1999999999996
1995-10-06 00:00:00,727.5999999999997
1995-10-09 00:00:00,732.9999999999997
1995-10-10 00:00:00,732.7999999999996
1995-10-11 00:00:00,730.0999999999996
1995-10-12 00:00:00,727.9999999999995
1995-10-13 00:00:00,727.5999999999997
1995-10-16 00:00:00,727.0999999999997
1995-10-17 00:00:00,727.8999999999996
1995-10-18 00:00:00,728.7999999999996
1995-10-19 00:00:00,725.2999999999996
1995-10-20 00:00:00,724.9999999999995
1995-10-23 00:00:00,726.9999999999995
1995-10-24 00:00:00,727.0999999999997
1995-10-25 00:00:00,729.6999999999996
1995-10-26 00:00:00,725.0999999999997
1995-10-27 00:00:00,720.5999999999997
1995-10-30 00:00:00,723.0999999999997
1995-10-31 00:00:00,725.6999999999996
1995-11-01 00:00:00,723.5999999999997
1995-11-02 00:00:00,723.4999999999995
1995-11-03 00:00:00,724.3999999999996
1995-11-06 00:00:00,721.7999999999996
1995-11-07 00:00:00,729.3999999999996
1995-11-08 00:00:00,727.7999999999996
1995-11-09 00:00:00,733.9999999999997
1995-11-10 00:00:00,737.9999999999995
1995-11-13 00:00:00,732.1999999999997
1995-11-14 00:00:00,731.0999999999996
1995-11-15 00:00:00,732.5999999999996
1995-11-16 00:00:00,729.4999999999995
1995-11-17 00:00:00,732.3999999999996
1995-11-20 00:00:00,732.0999999999996
1995-11-21 00:00:00,730.3999999999996
1995-11-22 00:00:00,727.9999999999995
1995-11-27 00:00:00,730.8999999999996
1995-11-28 00:00:00,731.3999999999996
1995-11-29 00:00:00,729.4999999999995
1995-11-30 00:00:00,728.1999999999996
1995-12-01 00:00:00,726.1999999999996
1995-12-04 00:00:00,727.6999999999996
1995-12-05 00:00:00,730.6999999999997
1995-12-06 00:00:00,729.2999999999996
1995-12-07 00:00:00,729.1999999999996
1995-12-08 00:00:00,732.5999999999996
1995-12-11 00:00:00,733.5999999999996
1995-12-12 00:00:00,730.5999999999996
1995-12-13 00:00:00,724.6999999999996
1995-12-14 00:00:00,723.7999999999996
1995-12-15 00:00:00,721.6999999999996
1995-12-18 00:00:00,725.7999999999996
1995-12-19 00:00:00,722.8999999999996
1995-12-20 00:00:00,722.6999999999996
1995-12-21 00:00:00,722.9999999999995
1995-12-22 00:00:00,721.9999999999995
1995-12-26 00:00:00,723.7999999999996
1995-12-27 00:00:00,721.4999999999995
1995-12-28 00:00:00,714.2999999999996
1995-12-29 00:00:00,714.5999999999996
1996-01-02 00:00:00,720.9999999999995
1996-01-03 00:00:00,726.0999999999996
1996-01-04 00:00:00,726.5999999999996
1996-01-05 00:00:00,734.8999999999996
1996-01-09 00:00:00,730.4999999999997
1996-01-10 00:00:00,734.2999999999996
1996-01-11 00:00:00,731.8999999999995
1996-01-12 00:00:00,730.5999999999996
1996-01-15 00:00:00,729.1999999999996
1996-01-16 00:00:00,733.7999999999996
1996-01-17 00:00:00,733.7999999999996
1996-01-18 00:00:00,731.7999999999996
1996-01-19 00:00:00,733.2999999999996
1996-01-22 00:00:00,740.4999999999995
1996-01-23 00:00:00,738.1999999999996
1996-01-24 00:00:00,734.4999999999997
1996-01-25 00:00:00,738.7999999999996
1996-01-26 00:00:00,734.7999999999996
1996-01-29 00:00:00,734.5999999999996
1996-01-30 00:00:00,735.2999999999996
1996-01-31 00:00:00,735.6999999999996
1996-02-01 00:00:00,742.5999999999996
1996-02-02 00:00:00,746.6999999999996
1996-02-05 00:00:00,745.6999999999996
1996-02-06 00:00:00,743.6999999999996
1996-02-07 00:00:00,739.8999999999996
1996-02-08 00:00:00,740.8999999999996
1996-02-09 00:00:00,734.8999999999996
1996-02-12 00:00:00,732.3999999999995
1996-02-13 00:00:00,737.7999999999996
1996-02-14 00:00:00,737.2999999999996
1996-02-15 00:00:00,736.8999999999996
1996-02-16 00:00:00,739.9999999999995
1996-02-20 00:00:00,734.7999999999996
1996-02-21 00:00:00,733.7999999999996
1996-02-22 00:00:00,726.9999999999995
1996-02-23 00:00:00,724.9999999999995
1996-02-26 00:00:00,724.8999999999996
1996-02-27 00:00:00,722.7999999999996
1996-02-28 00:00:00,726.2999999999996
1996-02-29 00:00:00,726.8999999999996
1996-03-01 00:00:00,725.4999999999995
1996-03-04 00:00:00,720.6999999999996
1996-03-05 00:00:00,720.9999999999995
1996-03-06 00:00:00,721.8999999999996
1996-03-07 00:00:00,725.8999999999996
1996-03-08 00:00:00,726.1999999999996
1996-03-11 00:00:00,725.5999999999996
1996-03-12 00:00:00,727.2999999999996
1996-03-13 00:00:00,728.9999999999995
1996-03-14 00:00:00,725.8999999999996
1996-03-15 00:00:00,726.6999999999996
1996-03-18 00:00:00,725.7999999999996
1996-03-19 00:00:00,725.6999999999996
1996-03-20 00:00:00,726.1999999999996
1996-03-21 00:00:00,726.7999999999996
1996-03-22 00:00:00,726.7999999999996
1996-03-25 00:00:00,726.6999999999996
1996-03-26 00:00:00,728.7999999999996
1996-03-27 00:00:00,729.4999999999995
1996-03-28 00:00:00,723.4999999999995
1996-03-29 00:00:00,719.5999999999997
1996-04-01 00:00:00,720.5999999999997
1996-04-02 00:00:00,719.1999999999996
1996-04-03 00:00:00,719.8999999999996
1996-04-04 00:00:00,720.0999999999997
1996-04-08 00:00:00,722.6999999999996
1996-04-09 00:00:00,720.9999999999995
1996-04-10 00:00:00,720.8999999999996
1996-04-11 00:00:00,723.6999999999996
1996-04-12 00:00:00,720.4999999999995
1996-04-15 00:00:00,717.0999999999997
1996-04-16 00:00:00,715.7999999999996
1996-04-17 00:00:00,716.0999999999997
1996-04-18 00:00:00,712.2999999999996
1996-04-19 00:00:00,714.5999999999997
1996-04-22 00:00:00,718.2999999999996
1996-04-23 00:00:00,717.9999999999997
1996-04-24 00:00:00,715.0999999999997
1996-04-25 00:00:00,719.3999999999996
1996-04-26 00:00:00,715.6999999999996
1996-04-29 00:00:00,715.7999999999996
1996-04-30 00:00:00,713.8999999999996
1996-05-01 00:00:00,716.2999999999996
1996-05-02 00:00:00,718.0999999999996
1996-05-03 00:00:00,717.8999999999996
1996-05-06 00:00:00,718.7999999999996
1996-05-07 00:00:00,719.7999999999996
1996-05-08 00:00:00,718.5999999999997
1996-05-09 00:00:00,718.3999999999996
1996-05-10 00:00:00,716.2999999999996
1996-05-13 00:00:00,716.3999999999996
1996-05-14 00:00:00,714.8999999999996
1996-05-15 00:00:00,717.9999999999997
1996-05-16 00:00:00,715.5999999999997
1996-05-17 00:00:00,711.4999999999995
1996-05-20 00:00:00,708.7999999999996
1996-05-21 00:00:00,711.4999999999995
1996-05-22 00:00:00,710.4999999999995
1996-05-23 00:00:00,712.2999999999996
1996-05-24 00:00:00,710.5999999999997
1996-05-28 00:00:00,712.5999999999997
1996-05-29 00:00:00,711.6999999999996
1996-05-30 00:00:00,712.7999999999996
1996-05-31 00:00:00,713.6999999999996
1996-06-03 00:00:00,713.2999999999996
1996-06-04 00:00:00,706.9999999999995
1996-06-05 00:00:00,704.9999999999995
1996-06-06 00:00:00,705.7999999999996
1996-06-07 00:00:00,704.8999999999996
1996-06-10 00:00:00,704.1999999999996
1996-06-11 00:00:00,703.2999999999996
1996-06-12 00:00:00,704.2999999999996
1996-06-13 00:00:00,705.9999999999995
1996-06-14 00:00:00,706.0999999999997
1996-06-17 00:00:00,705.0999999999997
1996-06-18 00:00:00,705.9999999999995
1996-06-19 00:00:00,705.1999999999996
1996-06-20 00:00:00,705.6999999999996
1996-06-21 00:00:00,704.8999999999996
1996-06-24 00:00:00,705.1999999999996
1996-06-25 00:00:00,704.7999999999996
1996-06-26 00:00:00,702.1999999999996
1996-06-27 00:00:00,701.1999999999996
1996-06-28 00:00:00,701.1999999999996
1996-07-01 00:00:00,704.6999999999996
1996-07-02 00:00:00,703.8999999999996
1996-07-03 00:00:00,702.8999999999996
1996-07-08 00:00:00,698.9999999999995
1996-07-09 00:00:00,702.6999999999996
1996-07-10 00:00:00,702.7999999999995
1996-07-11 00:00:00,702.7999999999995
1996-07-12 00:00:00,702.5999999999996
1996-07-15 00:00:00,708.5999999999996
1996-07-16 00:00:00,703.5999999999996
1996-07-17 00:00:00,704.5999999999996
1996-07-18 00:00:00,705.4999999999995
1996-07-19 00:00:00,706.2999999999995
1996-07-22 00:00:00,707.3999999999996
1996-07-23 00:00:00,708.2999999999995
1996-07-24 00:00:00,709.1999999999996
1996-07-25 00:00:00,709.6999999999996
1996-07-26 00:00:00,712.5999999999996
1996-07-29 00:00:00,711.1999999999996
1996-07-30 00:00:00,710.7999999999995
1996-07-31 00:00:00,715.0999999999996
1996-08-01 00:00:00,716.9999999999995
1996-08-02 00:00:00,715.2999999999995
1996-08-05 00:00:00,716.3999999999996
1996-08-06 00:00:00,712.2999999999995
1996-08-07 00:00:00,713.8999999999996
1996-08-08 00:00:00,714.0999999999996
1996-08-09 00:00:00,712.0999999999996
1996-08-12 00:00:00,710.5999999999996
1996-08-13 00:00:00,712.7999999999995
1996-08-14 00:00:00,711.8999999999996
1996-08-15 00:00:00,712.1999999999996
1996-08-16 00:00:00,709.3999999999996
1996-08-19 00:00:00,710.9999999999995
1996-08-20 00:00:00,712.0999999999996
1996-08-21 00:00:00,709.7999999999995
1996-08-22 00:00:00,710.7999999999995
1996-08-23 00:00:00,711.3999999999996
1996-08-26 00:00:00,713.4999999999995
1996-08-27 00:00:00,712.9999999999995
1996-08-28 00:00:00,710.8999999999996
1996-08-29 00:00:00,708.4999999999995
1996-08-30 00:00:00,706.7999999999995
1996-09-03 00:00:00,706.5999999999996
1996-09-04 00:00:00,705.0999999999996
1996-09-05 00:00:00,704.1999999999996
1996-09-06 00:00:00,703.7999999999995
1996-09-09 00:00:00,703.4999999999995
1996-09-10 00:00:00,703.6999999999996
1996-09-11 00:00:00,701.0999999999996
1996-09-12 00:00:00,699.6999999999996
1996-09-13 00:00:00,698.5999999999996
1996-09-16 00:00:00,697.5999999999996
1996-09-17 00:00:00,698.7999999999995
1996-09-18 00:00:00,700.3999999999996
1996-09-19 00:00:00,698.3999999999996
1996-09-20 00:00:00,696.1999999999996
1996-09-23 00:00:00,696.5999999999996
1996-09-24 00:00:00,697.8999999999996
1996-09-25 00:00:00,697.8999999999996
1996-09-26 00:00:00,695.6999999999996
1996-09-27 00:00:00,693.6999999999996
1996-09-30 00:00:00,692.1999999999996
1996-10-01 00:00:00,692.8999999999996
1996-10-02 00:00:00,693.8999999999996
1996-10-03 00:00:00,693.0999999999996
1996-10-04 00:00:00,693.5999999999996
1996-10-07 00:00:00,694.1999999999996
1996-10-08 00:00:00,694.3999999999996
1996-10-09 00:00:00,696.5999999999996
1996-10-10 00:00:00,697.4999999999995
1996-10-11 00:00:00,695.3999999999996
1996-10-14 00:00:00,695.1999999999996
1996-10-15 00:00:00,694.0999999999996
1996-10-16 00:00:00,693.7999999999995
1996-10-17 00:00:00,693.6999999999996
1996-10-18 00:00:00,693.6999999999996
1996-10-21 00:00:00,693.7999999999995
1996-10-22 00:00:00,696.4999999999995
1996-10-23 00:00:00,697.4999999999995
1996-10-24 00:00:00,695.3999999999996
1996-10-25 00:00:00,691.7999999999995
1996-10-28 00:00:00,693.9999999999995
1996-10-29 00:00:00,689.2999999999995
1996-10-30 00:00:00,690.9999999999995
1996-10-31 00:00:00,689.5999999999996
1996-11-01 00:00:00,690.2999999999995
1996-11-04 00:00:00,690.6999999999996
1996-11-05 00:00:00,689.6999999999996
1996-11-06 00:00:00,688.4999999999995
1996-11-07 00:00:00,691.8999999999996
1996-11-08 00:00:00,692.5999999999996
1996-11-11 00:00:00,696.5999999999996
1996-11-12 00:00:00,697.5999999999996
1996-11-13 00:00:00,697.1999999999996
1996-11-14 00:00:00,694.9999999999995
1996-11-15 00:00:00,694.9999999999995
1996-11-18 00:00:00,694.3999999999996
1996-11-19 00:00:00,692.0999999999996
1996-11-20 00:00:00,693.7999999999995
1996-11-21 00:00:00,692.8999999999996
1996-11-22 00:00:00,692.3999999999996
1996-11-25 00:00:00,687.5999999999996
1996-11-26 00:00:00,688.2999999999996
1996-11-27 00:00:00,685.4999999999995
1996-12-02 00:00:00,681.2999999999995
1996-12-03 00:00:00,681.5999999999996
1996-12-04 00:00:00,683.7999999999995
1996-12-05 00:00:00,680.9999999999995
1996-12-06 00:00:00,678.3999999999996
1996-12-09 00:00:00,675.7999999999995
1996-12-10 00:00:00,677.2999999999995
1996-12-11 00:00:00,677.9999999999995
1996-12-12 00:00:00,676.6999999999996
1996-12-13 00:00:00,676.3999999999996
1996-12-16 00:00:00,675.6999999999996
1996-12-17 00:00:00,677.3999999999996
1996-12-18 00:00:00,680.4999999999995
1996-12-19 00:00:00,679.3999999999996
1996-12-20 00:00:00,680.8999999999996
1996-12-23 00:00:00,680.5999999999996
1996-12-24 00:00:00,679.9999999999995
1996-12-26 00:00:00,678.5999999999996
1996-12-27 00:00:00,678.4999999999995
1996-12-30 00:00:00,679.2999999999995
1996-12-31 00:00:00,677.9999999999995
1997-01-02 00:00:00,674.4999999999995
1997-01-03 00:00:00,671.2999999999995
1997-01-06 00:00:00,668.2999999999995
1997-01-07 00:00:00,670.4999999999995
1997-01-08 00:00:00,667.2999999999995
1997-01-09 00:00:00,669.8999999999995
1997-01-10 00:00:00,672.1999999999996
1997-01-13 00:00:00,670.0999999999995
1997-01-14 00:00:00,668.8999999999995
1997-01-15 00:00:00,666.0999999999995
1997-01-16 00:00:00,667.8999999999995
1997-01-17 00:00:00,668.5999999999995
1997-01-20 00:00:00,664.7999999999995
1997-01-21 00:00:00,664.8999999999995
1997-01-22 00:00:00,663.1999999999996
1997-01-23 00:00:00,663.8999999999995
1997-01-24 00:00:00,665.9999999999995
1997-01-27 00:00:00,667.6999999999996
1997-01-28 00:00:00,663.8999999999995
1997-01-29 00:00:00,662.1999999999995
1997-01-30 00:00:00,658.7999999999995
1997-01-31 00:00:00,655.8999999999995
1997-02-03 00:00:00,658.7999999999995
1997-02-04 00:00:00,658.2999999999995
1997-02-05 00:00:00,659.4999999999995
1997-02-06 00:00:00,657.9999999999995
1997-02-07 00:00:00,659.2999999999995
1997-02-10 00:00:00,662.8999999999995
1997-02-11 00:00:00,662.1999999999995
1997-02-12 00:00:00,675.1999999999996
1997-02-13 00:00:00,672.9999999999995
1997-02-14 00:00:00,675.3999999999995
1997-02-18 00:00:00,674.7999999999995
1997-02-19 00:00:00,672.5999999999995
1997-02-20 00:00:00,675.2999999999995
1997-02-21 00:00:00,677.3999999999995
1997-02-24 00:00:00,681.2999999999995
1997-02-25 00:00:00,685.1999999999996
1997-02-26 00:00:00,690.0999999999995
1997-02-27 00:00:00,699.6999999999996
1997-02-28 00:00:00,699.7999999999995
1997-03-03 00:00:00,695.1999999999996
1997-03-04 00:00:00,692.6999999999996
1997-03-05 00:00:00,687.4999999999995
1997-03-06 00:00:00,689.6999999999996
1997-03-07 00:00:00,681.8999999999995
1997-03-10 00:00:00,686.8999999999995
1997-03-11 00:00:00,689.9999999999995
1997-03-12 00:00:00,687.4999999999995
1997-03-13 00:00:00,689.5999999999995
1997-03-14 00:00:00,687.3999999999995
1997-03-17 00:00:00,684.9999999999995
1997-03-18 00:00:00,681.5999999999995
1997-03-19 00:00:00,685.9999999999995
1997-03-20 00:00:00,685.0999999999995
1997-03-21 00:00:00,685.6999999999996
1997-03-24 00:00:00,681.8999999999995
1997-03-25 00:00:00,678.8999999999995
1997-03-26 00:00:00,680.5999999999995
1997-03-27 00:00:00,676.9999999999995
1997-03-31 00:00:00,672.4999999999995
1997-04-01 00:00:00,676.3999999999995
1997-04-02 00:00:00,671.8999999999995
1997-04-03 00:00:00,669.0999999999995
1997-04-04 00:00:00,664.9999999999995
1997-04-07 00:00:00,668.6999999999996
1997-04-08 00:00:00,669.4999999999995
1997-04-09 00:00:00,672.7999999999995
1997-04-10 00:00:00,673.5999999999995
1997-04-11 00:00:00,673.0999999999995
1997-04-14 00:00:00,670.3999999999995
1997-04-15 00:00:00,667.6999999999996
1997-04-16 00:00:00,671.9999999999995
1997-04-17 00:00:00,678.5999999999995
1997-04-18 00:00:00,677.3999999999995
1997-04-21 00:00:00,680.6999999999996
1997-04-22 00:00:00,676.5999999999995
1997-04-23 00:00:00,674.5999999999995
1997-04-24 00:00:00,675.9999999999995
1997-04-25 00:00:00,677.8999999999995
1997-04-28 00:00:00,672.6999999999996
1997-04-29 00:00:00,673.7999999999995
1997-04-30 00:00:00,670.7999999999995
1997-05-01 00:00:00,674.2999999999995
1997-05-02 00:00:00,671.2999999999995
1997-05-05 00:00:00,673.2999999999995
1997-05-06 00:00:00,673.1999999999996
1997-05-07 00:00:00,673.0999999999995
1997-05-08 00:00:00,679.6999999999996
1997-05-09 00:00:00,689.5999999999995
1997-05-12 00:00:00,691.2999999999995
1997-05-13 00:00:00,692.0999999999995
1997-05-14 00:00:00,693.9999999999995
1997-05-15 00:00:00,694.0999999999995
1997-05-16 00:00:00,691.3999999999995
1997-05-19 00:00:00,691.3999999999995
1997-05-20 00:00:00,696.1999999999996
1997-05-21 00:00:00,692.2999999999995
1997-05-22 00:00:00,689.1999999999996
1997-05-23 00:00:00,688.5999999999996
1997-05-27 00:00:00,697.1999999999996
1997-05-28 00:00:00,710.6999999999996
1997-05-29 00:00:00,710.4999999999995
1997-05-30 00:00:00,701.3999999999995
1997-06-02 00:00:00,698.8999999999995
1997-06-03 00:00:00,701.8999999999995
1997-06-04 00:00:00,711.7999999999995
1997-06-05 00:00:00,736.7999999999995
1997-06-06 00:00:00,755.0999999999995
1997-06-09 00:00:00,751.2999999999995
1997-06-10 00:00:00,739.0999999999995
1997-06-11 00:00:00,743.9999999999995
1997-06-12 00:00:00,733.2999999999996
1997-06-13 00:00:00,726.4999999999995
1997-06-16 00:00:00,724.0999999999995
1997-06-17 00:00:00,711.2999999999995
1997-06-18 00:00:00,707.0999999999995
1997-06-19 00:00:00,712.8999999999995
1997-06-20 00:00:00,715.3999999999995
1997-06-23 00:00:00,715.3999999999995
1997-06-24 00:00:00,709.5999999999995
1997-06-25 00:00:00,711.6999999999996
1997-06-26 00:00:00,713.1999999999996
1997-06-27 00:00:00,712.6999999999996
1997-06-30 00:00:00,718.9999999999995
1997-07-01 00:00:00,718.0999999999996
1997-07-02 00:00:00,712.8999999999995
1997-07-03 00:00:00,710.8999999999995
1997-07-07 00:00:00,698.8999999999995
1997-07-08 00:00:00,692.6999999999996
1997-07-09 00:00:00,687.2999999999996
1997-07-10 00:00:00,687.8999999999995
1997-07-11 00:00:00,701.8999999999995
1997-07-14 00:00:00,694.6999999999996
1997-07-15 00:00:00,692.5999999999995
1997-07-16 00:00:00,698.3999999999995
1997-07-17 00:00:00,699.8999999999995
1997-07-18 00:00:00,705.4999999999995
1997-07-21 00:00:00,705.6999999999996
1997-07-22 00:00:00,715.3999999999995
1997-07-23 00:00:00,714.3999999999995
1997-07-24 00:00:00,718.3999999999995
1997-07-25 00:00:00,722.8999999999995
1997-07-28 00:00:00,731.4999999999995
1997-07-29 00:00:00,727.2999999999995
1997-07-30 00:00:00,730.5999999999996
1997-07-31 00:00:00,731.6999999999995
1997-08-01 00:00:00,744.6999999999996
1997-08-04 00:00:00,761.3999999999995
1997-08-05 00:00:00,755.7999999999995
1997-08-06 00:00:00,737.1999999999996
1997-08-07 00:00:00,738.7999999999995
1997-08-08 00:00:00,749.8999999999995
1997-08-11 00:00:00,748.1999999999996
1997-08-12 00:00:00,741.1999999999996
1997-08-13 00:00:00,737.2999999999995
1997-08-14 00:00:00,733.9999999999995
1997-08-15 00:00:00,733.6999999999995
1997-08-18 00:00:00,722.5999999999995
1997-08-19 00:00:00,714.1999999999996
1997-08-20 00:00:00,716.5999999999995
1997-08-21 00:00:00,718.1999999999995
1997-08-22 00:00:00,715.5999999999995
1997-08-25 00:00:00,714.2999999999995
1997-08-26 00:00:00,710.7999999999995
1997-08-27 00:00:00,709.3999999999995
1997-08-28 00:00:00,713.8999999999995
1997-08-29 00:00:00,713.8999999999995
1997-09-02 00:00:00,715.8999999999995
1997-09-03 00:00:00,715.8999999999995
1997-09-04 00:00:00,722.3999999999995
1997-09-05 00:00:00,723.5999999999995
1997-09-08 00:00:00,720.6999999999996
1997-09-09 00:00:00,728.8999999999995
1997-09-10 00:00:00,732.3999999999995
1997-09-11 00:00:00,734.5999999999996
1997-09-12 00:00:00,733.8999999999995
1997-09-15 00:00:00,733.1999999999995
1997-09-16 00:00:00,727.6999999999996
1997-09-17 00:00:00,727.4999999999995
1997-09-18 00:00:00,729.5999999999995
1997-09-19 00:00:00,736.3999999999995
1997-09-22 00:00:00,743.5999999999995
1997-09-23 00:00:00,741.6999999999996
1997-09-24 00:00:00,744.1999999999996
1997-09-25 00:00:00,737.5999999999995
1997-09-26 00:00:00,733.8999999999995
1997-09-29 00:00:00,740.6999999999996
1997-09-30 00:00:00,745.1999999999996
1997-10-01 00:00:00,742.2999999999995
1997-10-02 00:00:00,743.4999999999995
1997-10-03 00:00:00,741.1999999999996
1997-10-06 00:00:00,736.8999999999995
1997-10-07 00:00:00,741.0999999999995
1997-10-08 00:00:00,749.6999999999996
1997-10-09 00:00:00,742.1999999999996
1997-10-10 00:00:00,746.0999999999995
1997-10-13 00:00:00,751.0999999999995
1997-10-14 00:00:00,746.8999999999995
1997-10-15 00:00:00,753.5999999999995
1997-10-16 00:00:00,743.1999999999996
1997-10-17 00:00:00,735.4999999999995
1997-10-20 00:00:00,734.8999999999995
1997-10-21 00:00:00,739.1999999999996
1997-10-22 00:00:00,734.8999999999995
1997-10-23 00:00:00,736.5999999999995
1997-10-24 00:00:00,725.6999999999996
1997-10-27 00:00:00,713.8999999999995
1997-10-28 00:00:00,717.6999999999995
1997-10-29 00:00:00,716.3999999999995
1997-10-30 00:00:00,718.9999999999995
1997-10-31 00:00:00,717.8999999999995
1997-11-03 00:00:00,720.1999999999996
1997-11-04 00:00:00,719.3999999999995
1997-11-05 00:00:00,718.1999999999995
1997-11-06 00:00:00,708.6999999999996
1997-11-07 00:00:00,702.6999999999996
1997-11-10 00:00:00,701.0999999999995
1997-11-11 00:00:00,702.9999999999995
1997-11-12 00:00:00,704.6999999999996
1997-11-13 00:00:00,700.3999999999995
1997-11-14 00:00:00,697.6999999999996
1997-11-17 00:00:00,699.1999999999996
1997-11-18 00:00:00,706.4999999999995
1997-11-19 00:00:00,706.6999999999996
1997-11-20 00:00:00,705.8999999999995
1997-11-21 00:00:00,702.6999999999996
1997-11-24 00:00:00,700.1999999999996
1997-11-25 00:00:00,693.4999999999995
1997-11-26 00:00:00,696.9999999999995
1997-12-01 00:00:00,698.1999999999996
1997-12-02 00:00:00,702.1999999999996
1997-12-03 00:00:00,699.3999999999995
1997-12-04 00:00:00,694.6999999999996
1997-12-05 00:00:00,694.6999999999996
1997-12-08 00:00:00,690.3999999999995
1997-12-09 00:00:00,689.5999999999995
1997-12-10 00:00:00,686.5999999999996
1997-12-11 00:00:00,674.0999999999995
1997-12-12 00:00:00,673.8999999999995
1997-12-15 00:00:00,665.6999999999996
1997-12-16 00:00:00,654.2999999999996
1997-12-17 00:00:00,667.6999999999996
1997-12-18 00:00:00,670.3999999999995
1997-12-19 00:00:00,668.6999999999996
1997-12-22 00:00:00,666.7999999999995
1997-12-23 00:00:00,668.6999999999996
1997-12-24 00:00:00,680.0999999999995
1997-12-26 00:00:00,679.6999999999996
1997-12-29 00:00:00,679.1999999999996
1997-12-30 00:00:00,681.1999999999996
1997-12-31 00:00:00,686.9999999999995
1998-01-02 00:00:00,684.1999999999996
1998-01-05 00:00:00,680.5999999999995
1998-01-06 00:00:00,672.2999999999995
1998-01-07 00:00:00,679.1999999999996
1998-01-08 00:00:00,677.7999999999995
1998-01-09 00:00:00,679.7999999999995
1998-01-12 00:00:00,679.7999999999995
1998-01-13 00:00:00,690.3999999999995
1998-01-14 00:00:00,706.1999999999996
1998-01-15 00:00:00,706.7999999999995
1998-01-16 00:00:00,692.7999999999995
1998-01-20 00:00:00,692.6999999999996
1998-01-21 00:00:00,696.6999999999996
1998-01-22 00:00:00,701.2999999999995
1998-01-23 00:00:00,701.3999999999995
1998-01-26 00:00:00,700.7999999999995
1998-01-27 00:00:00,706.6999999999996
1998-01-28 00:00:00,708.8999999999995
1998-01-29 00:00:00,705.8999999999995
1998-01-30 00:00:00,706.2999999999995
1998-02-02 00:00:00,710.1999999999996
1998-02-03 00:00:00,704.3999999999995
1998-02-04 00:00:00,714.6999999999996
1998-02-05 00:00:00,717.4999999999995
1998-02-06 00:00:00,714.6999999999996
1998-02-09 00:00:00,705.9999999999995
1998-02-10 00:00:00,709.0999999999995
1998-02-11 00:00:00,709.0999999999995
1998-02-12 00:00:00,706.5999999999995
1998-02-13 00:00:00,706.0999999999995
1998-02-17 00:00:00,698.9999999999995
1998-02-18 00:00:00,695.8999999999995
1998-02-19 00:00:00,702.0999999999995
1998-02-20 00:00:00,697.3999999999995
1998-02-23 00:00:00,691.8999999999995
1998-02-24 00:00:00,691.9999999999995
1998-02-25 00:00:00,698.1999999999996
1998-02-26 00:00:00,700.7999999999995
1998-02-27 00:00:00,701.7999999999995
1998-03-02 00:00:00,706.1999999999996
1998-03-03 00:00:00,702.1999999999996
1998-03-04 00:00:00,702.6999999999996
1998-03-05 00:00:00,699.7999999999995
1998-03-06 00:00:00,697.4999999999995
1998-03-09 00:00:00,700.8999999999995
1998-03-10 00:00:00,706.6999999999996
1998-03-11 00:00:00,705.3999999999995
1998-03-12 00:00:00,706.0999999999995
1998-03-13 00:00:00,710.2999999999995
1998-03-16 00:00:00,720.6999999999996
1998-03-17 00:00:00,713.4999999999995
1998-03-18 00:00:00,727.1999999999996
1998-03-19 00:00:00,727.5999999999995
1998-03-20 00:00:00,730.4999999999995
1998-03-23 00:00:00,739.9999999999995
1998-03-24 00:00:00,733.5999999999996
1998-03-25 00:00:00,724.8999999999995
1998-03-26 00:00:00,734.5999999999996
1998-03-27 00:00:00,728.3999999999995
1998-03-30 00:00:00,725.3999999999995
1998-03-31 00:00:00,725.9999999999995
1998-04-01 00:00:00,726.4999999999995
1998-04-02 00:00:00,725.4999999999995
1998-04-03 00:00:00,733.6999999999995
1998-04-06 00:00:00,732.9999999999995
1998-04-07 00:00:00,734.4999999999995
1998-04-08 00:00:00,737.2999999999995
1998-04-09 00:00:00,740.9999999999995
1998-04-13 00:00:00,746.0999999999996
1998-04-14 00:00:00,751.0999999999996
1998-04-15 00:00:00,739.8999999999995
1998-04-16 00:00:00,730.6999999999995
1998-04-17 00:00:00,731.5999999999996
1998-04-20 00:00:00,737.8999999999995
1998-04-21 00:00:00,738.8999999999995
1998-04-22 00:00:00,742.6999999999996
1998-04-23 00:00:00,737.8999999999995
1998-04-24 00:00:00,731.7999999999996
1998-04-27 00:00:00,729.9999999999995
1998-04-28 00:00:00,725.9999999999995
1998-04-29 00:00:00,726.6999999999996
1998-04-30 00:00:00,722.3999999999995
1998-05-01 00:00:00,715.4999999999995
1998-05-04 00:00:00,716.9999999999995
1998-05-05 00:00:00,719.9999999999995
1998-05-06 00:00:00,716.9999999999995
1998-05-07 00:00:00,715.5999999999996
1998-05-08 00:00:00,717.9999999999995
1998-05-11 00:00:00,711.4999999999995
1998-05-12 00:00:00,709.1999999999996
1998-05-13 00:00:00,724.4999999999995
1998-05-14 00:00:00,722.5999999999996
1998-05-15 00:00:00,726.8999999999995
1998-05-18 00:00:00,716.6999999999996
1998-05-19 00:00:00,714.2999999999995
1998-05-20 00:00:00,702.6999999999996
1998-05-21 00:00:00,704.9999999999995
1998-05-22 00:00:00,700.6999999999996
1998-05-26 00:00:00,701.6999999999996
1998-05-27 00:00:00,696.0999999999996
1998-05-28 00:00:00,689.1999999999996
1998-05-29 00:00:00,690.1999999999996
1998-06-01 00:00:00,685.2999999999995
1998-06-02 00:00:00,686.4999999999995
1998-06-03 00:00:00,679.9999999999995
1998-06-04 00:00:00,684.6999999999996
1998-06-05 00:00:00,681.8999999999995
1998-06-08 00:00:00,686.1999999999995
1998-06-09 00:00:00,680.9999999999995
1998-06-10 00:00:00,679.2999999999995
1998-06-11 00:00:00,672.7999999999995
1998-06-12 00:00:00,670.9999999999995
1998-06-15 00:00:00,669.4999999999995
1998-06-16 00:00:00,677.8999999999995
1998-06-17 00:00:00,682.8999999999995
1998-06-18 00:00:00,680.1999999999996
1998-06-19 00:00:00,684.9999999999995
1998-06-22 00:00:00,679.8999999999995
1998-06-23 00:00:00,676.6999999999996
1998-06-24 00:00:00,674.3999999999995
1998-06-25 00:00:00,676.2999999999995
1998-06-26 00:00:00,675.1999999999996
1998-06-29 00:00:00,674.9999999999995
1998-06-30 00:00:00,682.5999999999996
1998-07-01 00:00:00,691.4999999999995
1998-07-02 00:00:00,689.5999999999996
1998-07-06 00:00:00,694.2999999999995
1998-07-07 00:00:00,702.9999999999995
1998-07-08 00:00:00,704.0999999999996
1998-07-09 00:00:00,706.4999999999995
1998-07-10 00:00:00,700.2999999999995
1998-07-13 00:00:00,699.6999999999996
1998-07-14 00:00:00,704.8999999999995
1998-07-15 00:00:00,712.2999999999995
1998-07-16 00:00:00,720.9999999999995
1998-07-17 00:00:00,720.9999999999995
1998-07-20 00:00:00,715.5999999999996
1998-07-21 00:00:00,708.9999999999995
1998-07-22 00:00:00,705.4999999999995
1998-07-23 00:00:00,705.1999999999996
1998-07-24 00:00:00,702.7999999999995
1998-07-27 00:00:00,699.4999999999995
1998-07-28 00:00:00,707.4999999999995
1998-07-29 00:00:00,702.4999999999995
1998-07-30 00:00:00,702.6999999999996
1998-07-31 00:00:00,699.5999999999996
1998-08-03 00:00:00,693.1999999999996
1998-08-04 00:00:00,698.9999999999995
1998-08-05 00:00:00,702.3999999999995
1998-08-06 00:00:00,708.7999999999995
1998-08-07 00:00:00,704.2999999999995
1998-08-10 00:00:00,703.4999999999995
1998-08-11 00:00:00,699.0999999999996
1998-08-12 00:00:00,696.3999999999995
1998-08-13 00:00:00,699.4999999999995
1998-08-14 00:00:00,692.2999999999995
1998-08-17 00:00:00,688.1999999999995
1998-08-18 00:00:00,692.3999999999995
1998-08-19 00:00:00,693.7999999999995
1998-08-20 00:00:00,695.7999999999995
1998-08-21 00:00:00,692.2999999999995
1998-08-24 00:00:00,694.6999999999996
1998-08-25 00:00:00,688.7999999999995
1998-08-26 00:00:00,683.9999999999995
1998-08-27 00:00:00,676.6999999999996
1998-08-28 00:00:00,677.5999999999996
1998-08-31 00:00:00,681.4999999999995
1998-09-01 00:00:00,686.8999999999995
1998-09-02 00:00:00,691.8999999999995
1998-09-03 00:00:00,692.0999999999996
1998-09-04 00:00:00,689.1999999999996
1998-09-08 00:00:00,683.1999999999996
1998-09-09 00:00:00,681.6999999999996
1998-09-10 00:00:00,687.4999999999995
1998-09-11 00:00:00,688.2999999999996
1998-09-14 00:00:00,689.3999999999995
1998-09-15 00:00:00,690.5999999999996
1998-09-16 00:00:00,683.8999999999995
1998-09-17 00:00:00,682.3999999999995
1998-09-18 00:00:00,685.3999999999995
1998-09-21 00:00:00,678.0999999999996
1998-09-22 00:00:00,675.2999999999995
1998-09-23 00:00:00,677.4999999999995
1998-09-24 00:00:00,682.8999999999995
1998-09-25 00:00:00,677.0999999999996
1998-09-28 00:00:00,675.7999999999995
1998-09-29 00:00:00,669.9999999999995
1998-09-30 00:00:00,677.8999999999995
1998-10-01 00:00:00,675.3999999999995
1998-10-02 00:00:00,671.9999999999995
1998-10-05 00:00:00,661.3999999999995
1998-10-06 00:00:00,666.1999999999996
1998-10-07 00:00:00,675.4999999999995
1998-10-08 00:00:00,672.9999999999995
1998-10-09 00:00:00,667.4999999999995
1998-10-12 00:00:00,665.7999999999995
1998-10-13 00:00:00,666.2999999999995
1998-10-14 00:00:00,662.9999999999995
1998-10-15 00:00:00,664.9999999999995
1998-10-16 00:00:00,668.6999999999996
1998-10-19 00:00:00,659.9999999999995
1998-10-20 00:00:00,658.9999999999995
1998-10-21 00:00:00,663.4999999999995
1998-10-22 00:00:00,658.8999999999995
1998-10-23 00:00:00,661.6999999999995
1998-10-26 00:00:00,662.6999999999996
1998-10-27 00:00:00,665.5999999999996
1998-10-28 00:00:00,661.0999999999996
1998-10-29 00:00:00,658.6999999999995
1998-10-30 00:00:00,658.3999999999995
1998-11-02 00:00:00,660.2999999999996
1998-11-03 00:00:00,662.9999999999995
1998-11-04 00:00:00,668.5999999999996
1998-11-05 00:00:00,668.2999999999995
1998-11-06 00:00:00,663.4999999999995
1998-11-09 00:00:00,660.2999999999996
1998-11-10 00:00:00,659.4999999999995
1998-11-11 00:00:00,661.7999999999996
1998-11-12 00:00:00,672.7999999999995
1998-11-13 00:00:00,670.5999999999996
1998-11-16 00:00:00,673.9999999999995
1998-11-17 00:00:00,670.8999999999995
1998-11-18 00:00:00,674.3999999999995
1998-11-19 00:00:00,684.2999999999995
1998-11-20 00:00:00,679.4999999999995
1998-11-23 00:00:00,674.3999999999995
1998-11-24 00:00:00,676.5999999999996
1998-11-25 00:00:00,675.9999999999995
1998-11-30 00:00:00,677.2999999999995
1998-12-01 00:00:00,674.0999999999996
1998-12-02 00:00:00,668.6999999999996
1998-12-03 00:00:00,669.6999999999996
1998-12-04 00:00:00,670.4999999999995
1998-12-07 00:00:00,669.9999999999995
1998-12-08 00:00:00,668.7999999999995
1998-12-09 00:00:00,674.4999999999995
1998-12-10 00:00:00,672.8999999999995
1998-12-11 00:00:00,672.7999999999995
1998-12-14 00:00:00,670.7999999999995
1998-12-15 00:00:00,673.7999999999995
1998-12-16 00:00:00,678.6999999999996
1998-12-17 00:00:00,671.4999999999995
1998-12-18 00:00:00,666.6999999999996
1998-12-21 00:00:00,665.9999999999995
1998-12-22 00:00:00,665.1999999999996
1998-12-23 00:00:00,667.6999999999996
1998-12-24 00:00:00,665.6999999999996
1998-12-28 00:00:00,669.6999999999996
1998-12-29 00:00:00,678.7999999999995
1998-12-30 00:00:00,682.5999999999995
1998-12-31 00:00:00,685.8999999999995
1999-01-04 00:00:00,685.4999999999995
1999-01-05 00:00:00,678.2999999999995
1999-01-06 00:00:00,676.7999999999995
1999-01-07 00:00:00,680.8999999999995
1999-01-08 00:00:00,681.0999999999995
1999-01-11 00:00:00,684.4999999999995
1999-01-12 00:00:00,675.6999999999996
1999-01-13 00:00:00,674.4999999999995
1999-01-14 00:00:00,673.5999999999995
1999-01-15 00:00:00,672.1999999999996
1999-01-19 00:00:00,674.1999999999996
1999-01-20 00:00:00,674.3999999999995
1999-01-21 00:00:00,673.3999999999995
1999-01-22 00:00:00,669.7999999999995
1999-01-25 00:00:00,672.1999999999996
1999-01-26 00:00:00,671.3999999999995
1999-01-27 00:00:00,665.7999999999995
1999-01-28 00:00:00,662.7999999999995
1999-01-29 00:00:00,665.5999999999995
1999-02-01 00:00:00,668.2999999999995
1999-02-02 00:00:00,674.2999999999995
1999-02-03 00:00:00,673.5999999999995
1999-02-04 00:00:00,680.6999999999996
1999-02-05 00:00:00,675.0999999999995
1999-02-08 00:00:00,673.6999999999996
1999-02-09 00:00:00,678.1999999999996
1999-02-10 00:00:00,679.6999999999996
1999-02-11 00:00:00,683.2999999999995
1999-02-12 00:00:00,689.2999999999995
1999-02-16 00:00:00,685.8999999999995
1999-02-17 00:00:00,684.0999999999995
1999-02-18 00:00:00,694.7999999999995
1999-02-19 00:00:00,694.7999999999995
1999-02-22 00:00:00,696.0999999999995
1999-02-23 00:00:00,702.7999999999995
1999-02-24 00:00:00,701.8999999999995
1999-02-25 00:00:00,699.0999999999995
1999-02-26 00:00:00,700.3999999999995
1999-03-01 00:00:00,698.7999999999995
1999-03-02 00:00:00,694.8999999999995
1999-03-03 00:00:00,690.8999999999995
1999-03-04 00:00:00,691.7999999999995
1999-03-05 00:00:00,695.8999999999995
1999-03-08 00:00:00,697.1999999999996
1999-03-09 00:00:00,694.1999999999996
1999-03-10 00:00:00,687.3999999999995
1999-03-11 00:00:00,688.0999999999996
1999-03-12 00:00:00,685.5999999999995
1999-03-15 00:00:00,682.8999999999995
1999-03-16 00:00:00,684.7999999999995
1999-03-17 00:00:00,687.4999999999995
1999-03-18 00:00:00,688.0999999999996
1999-03-19 00:00:00,690.3999999999995
1999-03-22 00:00:00,693.7999999999995
1999-03-23 00:00:00,694.6999999999996
1999-03-24 00:00:00,691.7999999999995
1999-03-25 00:00:00,689.2999999999995
1999-03-26 00:00:00,690.8999999999995
1999-03-29 00:00:00,677.7999999999995
1999-03-30 00:00:00,676.7999999999995
1999-03-31 00:00:00,678.1999999999996
1999-04-01 00:00:00,677.1999999999996
1999-04-05 00:00:00,677.2999999999995
1999-04-06 00:00:00,671.3999999999995
1999-04-07 00:00:00,672.1999999999996
1999-04-08 00:00:00,673.2999999999995
1999-04-09 00:00:00,675.3999999999995
1999-04-12 00:00:00,676.7999999999995
1999-04-13 00:00:00,677.0999999999995
1999-04-14 00:00:00,674.9999999999995
1999-04-15 00:00:00,677.8999999999995
1999-04-16 00:00:00,679.0999999999995
1999-04-19 00:00:00,681.9999999999995
1999-04-20 00:00:00,679.1999999999996
1999-04-21 00:00:00,676.9999999999995
1999-04-22 00:00:00,672.7999999999995
1999-04-23 00:00:00,671.2999999999995
1999-04-26 00:00:00,670.3999999999995
1999-04-27 00:00:00,671.6999999999996
1999-04-28 00:00:00,668.6999999999996
1999-04-29 00:00:00,665.8999999999995
1999-04-30 00:00:00,669.6999999999996
1999-05-03 00:00:00,663.3999999999995
1999-05-04 00:00:00,665.1999999999996
1999-05-05 00:00:00,668.0999999999995
1999-05-06 00:00:00,672.8999999999995
1999-05-07 00:00:00,672.0999999999995
1999-05-10 00:00:00,669.7999999999995
1999-05-11 00:00:00,670.2999999999995
1999-05-12 00:00:00,671.4999999999995
1999-05-13 00:00:00,673.7999999999995
1999-05-14 00:00:00,672.6999999999996
1999-05-17 00:00:00,671.1999999999996
1999-05-18 00:00:00,671.6999999999996
1999-05-19 00:00:00,670.9999999999995
1999-05-20 00:00:00,672.0999999999995
1999-05-21 00:00:00,673.5999999999995
1999-05-24 00:00:00,674.7999999999995
1999-05-25 00:00:00,674.8999999999995
1999-05-26 00:00:00,679.1999999999996
1999-05-27 00:00:00,680.7999999999995
1999-05-28 00:00:00,680.5999999999995
1999-06-01 00:00:00,677.2999999999995
1999-06-02 00:00:00,678.6999999999996
1999-06-03 00:00:00,682.6999999999996
1999-06-04 00:00:00,680.9999999999995
1999-06-07 00:00:00,678.2999999999995
1999-06-08 00:00:00,679.2999999999995
1999-06-09 00:00:00,681.8999999999995
1999-06-10 00:00:00,683.3999999999995
1999-06-11 00:00:00,683.2999999999995
1999-06-14 00:00:00,677.8999999999995
1999-06-15 00:00:00,671.3999999999995
1999-06-16 00:00:00,668.8999999999995
1999-06-17 00:00:00,664.9999999999995
1999-06-18 00:00:00,667.4999999999995
1999-06-21 00:00:00,658.4999999999995
1999-06-22 00:00:00,662.2999999999996
1999-06-23 00:00:00,663.3999999999995
1999-06-24 00:00:00,663.9999999999995
1999-06-25 00:00:00,663.3999999999995
1999-06-28 00:00:00,663.8999999999995
1999-06-29 00:00:00,663.4999999999995
1999-06-30 00:00:00,666.8999999999995
1999-07-01 00:00:00,665.8999999999995
1999-07-02 00:00:00,662.9999999999995
1999-07-06 00:00:00,661.1999999999995
1999-07-07 00:00:00,663.2999999999995
1999-07-08 00:00:00,667.0999999999995
1999-07-09 00:00:00,668.0999999999995
1999-07-12 00:00:00,666.3999999999995
1999-07-13 00:00:00,662.9999999999995
1999-07-14 00:00:00,662.7999999999995
1999-07-15 00:00:00,663.3999999999995
1999-07-16 00:00:00,663.8999999999995
1999-07-19 00:00:00,665.8999999999995
1999-07-20 00:00:00,668.9999999999995
1999-07-21 00:00:00,668.0999999999995
1999-07-22 00:00:00,668.5999999999995
1999-07-23 00:00:00,669.5999999999995
1999-07-26 00:00:00,668.8999999999995
1999-07-27 00:00:00,663.2999999999995
1999-07-28 00:00:00,657.3999999999995
1999-07-29 00:00:00,660.6999999999995
1999-07-30 00:00:00,658.3999999999995
1999-08-02 00:00:00,661.0999999999996
1999-08-03 00:00:00,665.9999999999995
1999-08-04 00:00:00,669.7999999999995
1999-08-05 00:00:00,666.0999999999995
1999-08-06 00:00:00,666.8999999999995
1999-08-09 00:00:00,667.3999999999995
1999-08-10 00:00:00,666.0999999999995
1999-08-11 00:00:00,667.5999999999995
1999-08-12 00:00:00,666.4999999999995
1999-08-13 00:00:00,663.2999999999995
1999-08-16 00:00:00,659.8999999999995
1999-08-17 00:00:00,663.7999999999995
1999-08-18 00:00:00,667.0999999999995
1999-08-19 00:00:00,668.3999999999995
1999-08-20 00:00:00,668.5999999999995
1999-08-23 00:00:00,666.1999999999996
1999-08-24 00:00:00,662.9999999999995
1999-08-25 00:00:00,661.8999999999995
1999-08-26 00:00:00,664.3999999999995
1999-08-27 00:00:00,662.2999999999995
1999-08-30 00:00:00,663.0999999999995
1999-08-31 00:00:00,665.2999999999995
1999-09-01 00:00:00,662.8999999999995
1999-09-02 00:00:00,668.2999999999995
1999-09-03 00:00:00,663.4999999999995
1999-09-07 00:00:00,670.3999999999995
1999-09-08 00:00:00,669.3999999999995
1999-09-09 00:00:00,675.7999999999995
1999-09-10 00:00:00,680.4999999999995
1999-09-13 00:00:00,688.3999999999995
1999-09-14 00:00:00,691.3999999999995
1999-09-15 00:00:00,688.2999999999995
1999-09-16 00:00:00,688.9999999999995
1999-09-17 00:00:00,687.3999999999995
1999-09-20 00:00:00,688.2999999999995
1999-09-21 00:00:00,693.8999999999995
1999-09-22 00:00:00,690.6999999999996
1999-09-23 00:00:00,688.8999999999995
1999-09-24 00:00:00,683.2999999999995
1999-09-27 00:00:00,695.4999999999995
1999-09-28 00:00:00,721.9999999999995
1999-09-29 00:00:00,719.5999999999995
1999-09-30 00:00:00,703.2999999999995
1999-10-01 00:00:00,706.1999999999996
1999-10-04 00:00:00,716.3999999999995
1999-10-05 00:00:00,710.3999999999995
1999-10-06 00:00:00,716.1999999999996
1999-10-07 00:00:00,717.4999999999995
1999-10-08 00:00:00,709.1999999999996
1999-10-11 00:00:00,715.5999999999995
1999-10-12 00:00:00,721.0999999999995
1999-10-13 00:00:00,720.7999999999995
1999-10-14 00:00:00,722.8999999999995
1999-10-15 00:00:00,718.3999999999995
1999-10-18 00:00:00,716.9999999999995
1999-10-19 00:00:00,719.3999999999995
1999-10-20 00:00:00,726.0999999999995
1999-10-21 00:00:00,724.0999999999995
1999-10-22 00:00:00,727.4999999999995
1999-10-25 00:00:00,725.9999999999995
1999-10-26 00:00:00,710.9999999999995
1999-10-27 00:00:00,716.7999999999995
1999-10-28 00:00:00,718.6999999999996
1999-10-29 00:00:00,713.5999999999995
1999-11-01 00:00:00,712.6999999999996
1999-11-02 00:00:00,712.7999999999995
1999-11-03 00:00:00,714.5999999999995
1999-11-04 00:00:00,717.8999999999995
1999-11-05 00:00:00,714.6999999999996
1999-11-08 00:00:00,716.9999999999995
1999-11-09 00:00:00,727.2999999999995
1999-11-10 00:00:00,739.2999999999995
1999-11-11 00:00:00,733.8999999999995
1999-11-12 00:00:00,735.3999999999995
1999-11-15 00:00:00,740.8999999999995
1999-11-16 00:00:00,738.8999999999995
1999-11-17 00:00:00,741.6999999999996
1999-11-18 00:00:00,725.6999999999996
1999-11-19 00:00:00,716.4999999999995
1999-11-22 00:00:00,718.0999999999996
1999-11-23 00:00:00,714.9999999999995
1999-11-24 00:00:00,719.1999999999996
1999-11-29 00:00:00,719.9999999999995
1999-11-30 00:00:00,731.1999999999995
1999-12-01 00:00:00,734.0999999999996
1999-12-02 00:00:00,731.7999999999995
1999-12-03 00:00:00,730.6999999999995
1999-12-06 00:00:00,729.7999999999995
1999-12-07 00:00:00,730.2999999999995
1999-12-08 00:00:00,730.3999999999995
1999-12-09 00:00:00,727.2999999999995
1999-12-10 00:00:00,731.8999999999995
1999-12-13 00:00:00,737.3999999999995
1999-12-14 00:00:00,736.5999999999995
1999-12-15 00:00:00,728.9999999999995
1999-12-16 00:00:00,730.8999999999995
1999-12-17 00:00:00,724.5999999999995
1999-12-20 00:00:00,724.0999999999995
1999-12-21 00:00:00,730.2999999999995
1999-12-22 00:00:00,740.4999999999995
1999-12-23 00:00:00,736.7999999999995
1999-12-27 00:00:00,734.7999999999995
1999-12-28 00:00:00,740.5999999999995
1999-12-29 00:00:00,742.0999999999995
1999-12-30 00:00:00,737.9999999999995
2000-01-04 00:00:00,729.4999999999995
2000-01-05 00:00:00,717.6999999999995
2000-01-06 00:00:00,709.7999999999995
2000-01-07 00:00:00,711.7999999999995
2000-01-10 00:00:00,714.2999999999995
2000-01-11 00:00:00,713.7999999999995
2000-01-12 00:00:00,718.1999999999995
2000-01-13 00:00:00,720.6999999999995
2000-01-14 00:00:00,726.1999999999995
2000-01-18 00:00:00,731.4999999999994
2000-01-19 00:00:00,743.9999999999995
2000-01-20 00:00:00,739.2999999999995
2000-01-21 00:00:00,742.7999999999995
2000-01-24 00:00:00,751.7999999999995
2000-01-25 00:00:00,757.6999999999995
2000-01-26 00:00:00,748.2999999999995
2000-01-27 00:00:00,761.3999999999995
2000-01-28 00:00:00,769.5999999999996
2000-01-31 00:00:00,770.7999999999995
2000-02-01 00:00:00,768.6999999999995
2000-02-02 00:00:00,781.9999999999995
2000-02-03 00:00:00,790.5999999999996
2000-02-04 00:00:00,795.2999999999995
2000-02-07 00:00:00,790.0999999999996
2000-02-08 00:00:00,814.2999999999995
2000-02-09 00:00:00,845.3999999999995
2000-02-10 00:00:00,833.6999999999995
2000-02-11 00:00:00,842.1999999999995
2000-02-14 00:00:00,832.9999999999995
2000-02-15 00:00:00,843.6999999999995
2000-02-16 00:00:00,858.1999999999995
2000-02-17 00:00:00,845.1999999999995
2000-02-18 00:00:00,818.9999999999994
2000-02-22 00:00:00,825.0999999999996
2000-02-23 00:00:00,787.6999999999995
2000-02-24 00:00:00,783.7999999999995
2000-02-25 00:00:00,767.8999999999995
2000-02-28 00:00:00,780.8999999999995
2000-02-29 00:00:00,787.4999999999994
2000-03-01 00:00:00,782.9999999999995
2000-03-02 00:00:00,768.2999999999995
2000-03-03 00:00:00,779.2999999999995
2000-03-06 00:00:00,779.8999999999995
2000-03-07 00:00:00,784.7999999999995
2000-03-08 00:00:00,783.9999999999994
2000-03-09 00:00:00,784.2999999999995
2000-03-10 00:00:00,786.4999999999994
2000-03-13 00:00:00,792.7999999999995
2000-03-14 00:00:00,793.8999999999995
2000-03-15 00:00:00,794.0999999999996
2000-03-16 00:00:00,797.4999999999994
2000-03-17 00:00:00,800.5999999999996
2000-03-20 00:00:00,802.9999999999994
2000-03-21 00:00:00,807.3999999999995
2000-03-22 00:00:00,809.5999999999996
2000-03-23 00:00:00,794.3999999999995
2000-03-24 00:00:00,794.4999999999994
2000-03-27 00:00:00,791.2999999999995
2000-03-28 00:00:00,795.0999999999996
2000-03-29 00:00:00,791.4999999999994
2000-03-30 00:00:00,795.7999999999995
2000-03-31 00:00:00,811.6999999999995
2000-04-03 00:00:00,813.4999999999994
2000-04-04 00:00:00,831.6999999999995
2000-04-05 00:00:00,826.1999999999995
2000-04-06 00:00:00,816.2999999999995
2000-04-07 00:00:00,786.6999999999995
2000-04-10 00:00:00,797.3999999999995
2000-04-11 00:00:00,798.8999999999995
2000-04-12 00:00:00,801.0999999999996
2000-04-13 00:00:00,804.5999999999996
2000-04-14 00:00:00,811.3999999999995
2000-04-17 00:00:00,798.8999999999995
2000-04-18 00:00:00,802.0999999999996
2000-04-19 00:00:00,795.5999999999996
2000-04-20 00:00:00,786.5999999999996
2000-04-24 00:00:00,764.0999999999995
2000-04-25 00:00:00,766.7999999999995
2000-04-26 00:00:00,761.8999999999995
2000-04-27 00:00:00,785.8999999999995
2000-04-28 00:00:00,822.4999999999994
2000-05-01 00:00:00,822.0999999999996
2000-05-02 00:00:00,806.9999999999994
2000-05-03 00:00:00,795.6999999999995
2000-05-04 00:00:00,803.9999999999994
2000-05-05 00:00:00,797.1999999999995
2000-05-08 00:00:00,798.7999999999995
2000-05-09 00:00:00,803.1999999999995
2000-05-10 00:00:00,809.7999999999995
2000-05-11 00:00:00,809.7999999999995
2000-05-12 00:00:00,808.5999999999996
2000-05-15 00:00:00,802.7999999999995
2000-05-16 00:00:00,807.2999999999995
2000-05-17 00:00:00,810.6999999999995
2000-05-18 00:00:00,829.5999999999996
2000-05-19 00:00:00,848.1999999999995
2000-05-22 00:00:00,854.4999999999995
2000-05-23 00:00:00,865.2999999999995
2000-05-24 00:00:00,872.5999999999995
2000-05-25 00:00:00,859.1999999999995
2000-05-26 00:00:00,863.1999999999995
2000-05-30 00:00:00,869.6999999999995
2000-05-31 00:00:00,863.1999999999995
2000-06-01 00:00:00,863.1999999999995
2000-06-02 00:00:00,876.0999999999995
2000-06-05 00:00:00,882.0999999999995
2000-06-06 00:00:00,875.1999999999995
2000-06-07 00:00:00,858.0999999999995
2000-06-08 00:00:00,863.6999999999995
2000-06-09 00:00:00,861.5999999999995
2000-06-12 00:00:00,867.7999999999995
2000-06-13 00:00:00,864.8999999999995
2000-06-14 00:00:00,853.7999999999995
2000-06-15 00:00:00,853.0999999999995
2000-06-16 00:00:00,857.8999999999995
2000-06-19 00:00:00,872.2999999999995
2000-06-20 00:00:00,886.0999999999995
2000-06-21 00:00:00,879.8999999999995
2000-06-22 00:00:00,885.8999999999995
2000-06-23 00:00:00,874.8999999999995
2000-06-26 00:00:00,889.1999999999995
2000-06-27 00:00:00,880.2999999999995
2000-06-28 00:00:00,897.0999999999995
2000-06-29 00:00:00,891.9999999999995
2000-06-30 00:00:00,880.2999999999995
2000-07-05 00:00:00,856.1999999999995
2000-07-06 00:00:00,863.7999999999995
2000-07-07 00:00:00,869.5999999999995
2000-07-10 00:00:00,876.4999999999995
2000-07-11 00:00:00,875.7999999999995
2000-07-12 00:00:00,878.5999999999995
2000-07-13 00:00:00,883.4999999999995
2000-07-14 00:00:00,896.4999999999995
2000-07-17 00:00:00,911.2999999999995
2000-07-18 00:00:00,907.6999999999995
2000-07-19 00:00:00,906.4999999999995
2000-07-20 00:00:00,917.3999999999995
2000-07-21 00:00:00,915.9999999999995
2000-07-24 00:00:00,911.6999999999995
2000-07-25 00:00:00,903.3999999999995
2000-07-26 00:00:00,902.1999999999995
2000-07-27 00:00:00,901.5999999999995
2000-07-28 00:00:00,903.4999999999995
2000-07-31 00:00:00,917.3999999999995
2000-08-01 00:00:00,929.6999999999995
2000-08-02 00:00:00,941.9999999999995
2000-08-03 00:00:00,901.2999999999995
2000-08-04 00:00:00,910.5999999999995
2000-08-07 00:00:00,901.9999999999995
2000-08-08 00:00:00,915.3999999999995
2000-08-09 00:00:00,910.0999999999995
2000-08-10 00:00:00,919.5999999999995
2000-08-11 00:00:00,904.1999999999995
2000-08-14 00:00:00,901.7999999999995
2000-08-15 00:00:00,909.9999999999995
2000-08-16 00:00:00,909.7999999999995
2000-08-17 00:00:00,904.3999999999995
2000-08-18 00:00:00,902.5999999999995
2000-08-21 00:00:00,909.3999999999995
2000-08-22 00:00:00,909.0999999999995
2000-08-23 00:00:00,909.1999999999995
2000-08-24 00:00:00,911.6999999999995
2000-08-25 00:00:00,918.4999999999995
2000-08-28 00:00:00,924.3999999999995
2000-08-29 00:00:00,931.6999999999995
2000-08-30 00:00:00,929.1999999999995
2000-08-31 00:00:00,924.4999999999995
2000-09-01 00:00:00,933.0999999999995
2000-09-05 00:00:00,939.0999999999995
2000-09-06 00:00:00,948.8999999999995
2000-09-07 00:00:00,944.2999999999995
2000-09-08 00:00:00,949.8999999999995
2000-09-11 00:00:00,944.6999999999995
2000-09-12 00:00:00,943.9999999999995
2000-09-13 00:00:00,933.7999999999995
2000-09-14 00:00:00,923.5999999999995
2000-09-15 00:00:00,929.7999999999995
2000-09-18 00:00:00,930.5999999999995
2000-09-19 00:00:00,929.4999999999995
2000-09-20 00:00:00,926.5999999999995
2000-09-21 00:00:00,922.9999999999995
2000-09-22 00:00:00,922.2999999999995
2000-09-25 00:00:00,918.3999999999995
2000-09-26 00:00:00,905.7999999999995
2000-09-27 00:00:00,907.4999999999995
2000-09-28 00:00:00,914.9999999999995
2000-09-29 00:00:00,915.0999999999995
2000-10-02 00:00:00,907.7999999999995
2000-10-03 00:00:00,908.9999999999995
2000-10-04 00:00:00,910.2999999999995
2000-10-05 00:00:00,918.5999999999995
2000-10-06 00:00:00,919.0999999999995
2000-10-09 00:00:00,920.5999999999995
2000-10-10 00:00:00,918.7999999999995
2000-10-11 00:00:00,922.2999999999995
2000-10-12 00:00:00,925.0999999999995
2000-10-13 00:00:00,923.5999999999995
2000-10-16 00:00:00,915.5999999999995
2000-10-17 00:00:00,912.1999999999995
2000-10-18 00:00:00,917.3999999999995
2000-10-19 00:00:00,933.1999999999995
2000-10-20 00:00:00,931.7999999999995
2000-10-23 00:00:00,923.8999999999995
2000-10-24 00:00:00,912.9999999999995
2000-10-25 00:00:00,918.5999999999995
2000-10-26 00:00:00,917.1999999999995
2000-10-27 00:00:00,914.7999999999995
2000-10-30 00:00:00,917.4999999999995
2000-10-31 00:00:00,926.3999999999995
2000-11-01 00:00:00,926.6999999999995
2000-11-02 00:00:00,943.0999999999995
2000-11-03 00:00:00,938.5999999999995
2000-11-06 00:00:00,932.8999999999995
2000-11-07 00:00:00,940.9999999999995
2000-11-08 00:00:00,940.5999999999995
2000-11-09 00:00:00,943.3999999999995
2000-11-10 00:00:00,940.8999999999995
2000-11-13 00:00:00,934.0999999999995
2000-11-14 00:00:00,937.6999999999995
2000-11-15 00:00:00,933.2999999999995
2000-11-16 00:00:00,926.9999999999995
2000-11-17 00:00:00,933.7999999999995
2000-11-20 00:00:00,937.2999999999995
2000-11-21 00:00:00,932.0999999999995
2000-11-22 00:00:00,931.5999999999995
2000-11-27 00:00:00,943.7999999999995
2000-11-28 00:00:00,947.9999999999995
2000-11-29 00:00:00,948.8999999999995
2000-11-30 00:00:00,954.1999999999995
2000-12-01 00:00:00,960.2999999999995
2000-12-04 00:00:00,970.3999999999995
2000-12-05 00:00:00,955.6999999999995
2000-12-06 00:00:00,953.6999999999995
2000-12-07 00:00:00,960.8999999999995
2000-12-08 00:00:00,956.1999999999995
2000-12-11 00:00:00,962.3999999999995
2000-12-12 00:00:00,967.8999999999995
2000-12-13 00:00:00,958.4999999999995
2000-12-14 00:00:00,966.4999999999995
2000-12-15 00:00:00,958.9999999999995
2000-12-18 00:00:00,952.2999999999995
2000-12-19 00:00:00,951.5999999999995
2000-12-20 00:00:00,956.4999999999995
2000-12-21 00:00:00,963.1999999999995
2000-12-22 00:00:00,958.3999999999995
2000-12-26 00:00:00,960.1999999999995
2000-12-27 00:00:00,962.7999999999995
2000-12-28 00:00:00,965.2999999999995
2000-12-29 00:00:00,960.8999999999995
2001-01-02 00:00:00,961.6999999999995
2001-01-03 00:00:00,972.1999999999995
2001-01-04 00:00:00,979.6999999999995
2001-01-05 00:00:00,972.4999999999995
2001-01-08 00:00:00,982.2999999999995
2001-01-09 00:00:00,983.7999999999995
2001-01-10 00:00:00,989.8999999999995
2001-01-11 00:00:00,980.7999999999995
2001-01-12 00:00:00,985.8999999999995
2001-01-16 00:00:00,982.3999999999995
2001-01-17 00:00:00,976.2999999999995
2001-01-18 00:00:00,960.3999999999995
2001-01-19 00:00:00,968.5999999999995
2001-01-22 00:00:00,972.5999999999995
2001-01-23 00:00:00,971.5999999999995
2001-01-24 00:00:00,956.3999999999995
2001-01-25 00:00:00,966.7999999999995
2001-01-26 00:00:00,964.8999999999995
2001-01-29 00:00:00,951.1999999999995
2001-01-30 00:00:00,954.3999999999995
2001-01-31 00:00:00,953.8999999999995
2001-02-01 00:00:00,950.1999999999995
2001-02-02 00:00:00,949.7999999999995
2001-02-05 00:00:00,956.4999999999995
2001-02-06 00:00:00,958.7999999999995
2001-02-07 00:00:00,955.7999999999995
2001-02-08 00:00:00,946.0999999999995
2001-02-09 00:00:00,946.2999999999995
2001-02-12 00:00:00,942.8999999999995
2001-02-13 00:00:00,946.4999999999995
2001-02-14 00:00:00,945.1999999999995
2001-02-15 00:00:00,947.8999999999995
2001-02-16 00:00:00,952.8999999999995
2001-02-20 00:00:00,956.5999999999995
2001-02-21 00:00:00,956.7999999999995
2001-02-22 00:00:00,951.4999999999995
2001-02-23 00:00:00,951.2999999999995
2001-02-26 00:00:00,957.0999999999995
2001-02-27 00:00:00,965.6999999999995
2001-02-28 00:00:00,962.7999999999995
2001-03-01 00:00:00,951.3999999999995
2001-03-02 00:00:00,933.8999999999995
2001-03-05 00:00:00,929.6999999999995
2001-03-06 00:00:00,934.3999999999995
2001-03-07 00:00:00,943.7999999999995
2001-03-08 00:00:00,951.4999999999995
2001-03-09 00:00:00,946.0999999999995
2001-03-12 00:00:00,937.6999999999995
2001-03-13 00:00:00,935.1999999999995
2001-03-14 00:00:00,937.3999999999995
2001-03-15 00:00:00,933.1999999999995
2001-03-16 00:00:00,933.1999999999995
2001-03-19 00:00:00,930.4999999999995
2001-03-20 00:00:00,926.5999999999995
2001-03-21 00:00:00,931.7999999999995
2001-03-22 00:00:00,921.8999999999995
2001-03-23 00:00:00,919.5999999999995
2001-03-26 00:00:00,924.8999999999995
2001-03-27 00:00:00,928.9999999999995
2001-03-28 00:00:00,923.2999999999995
2001-03-29 00:00:00,908.2999999999995
2001-03-30 00:00:00,902.2999999999995
2001-04-02 00:00:00,899.0999999999995
2001-04-03 00:00:00,916.1999999999995
2001-04-04 00:00:00,921.2999999999995
2001-04-05 00:00:00,914.2999999999995
2001-04-06 00:00:00,915.7999999999995
2001-04-09 00:00:00,919.3999999999995
2001-04-10 00:00:00,921.1999999999995
2001-04-11 00:00:00,934.6999999999995
2001-04-12 00:00:00,938.5999999999995
2001-04-16 00:00:00,966.1999999999995
2001-04-17 00:00:00,967.3999999999995
2001-04-18 00:00:00,968.2999999999995
2001-04-19 00:00:00,968.7999999999995
2001-04-20 00:00:00,969.6999999999995
2001-04-23 00:00:00,963.4999999999995
2001-04-24 00:00:00,962.1999999999995
2001-04-25 00:00:00,958.2999999999995
2001-04-26 00:00:00,954.8999999999995
2001-04-27 00:00:00,954.3999999999995
2001-04-30 00:00:00,956.2999999999995
2001-05-01 00:00:00,962.2999999999995
2001-05-02 00:00:00,974.5999999999995
2001-05-03 00:00:00,992.5999999999995
2001-05-04 00:00:00,980.0999999999995
2001-05-07 00:00:00,972.2999999999995
2001-05-08 00:00:00,966.0999999999995
2001-05-09 00:00:00,972.9999999999995
2001-05-10 00:00:00,968.7999999999995
2001-05-11 00:00:00,969.0999999999995
2001-05-14 00:00:00,967.7999999999995
2001-05-15 00:00:00,971.2999999999995
2001-05-16 00:00:00,973.3999999999995
2001-05-17 00:00:00,976.4999999999995
2001-05-18 00:00:00,977.5999999999995
2001-05-21 00:00:00,981.3999999999995
2001-05-22 00:00:00,977.7999999999995
2001-05-23 00:00:00,975.3999999999995
2001-05-24 00:00:00,980.2999999999995
2001-05-25 00:00:00,983.2999999999995
2001-05-29 00:00:00,980.5999999999995
2001-05-30 00:00:00,974.3999999999995
2001-05-31 00:00:00,964.3999999999995
2001-06-01 00:00:00,950.0999999999995
2001-06-04 00:00:00,953.1999999999995
2001-06-05 00:00:00,944.3999999999995
2001-06-06 00:00:00,944.2999999999995
2001-06-07 00:00:00,949.5999999999995
2001-06-08 00:00:00,954.8999999999995
2001-06-11 00:00:00,946.4999999999995
2001-06-12 00:00:00,939.9999999999995
2001-06-13 00:00:00,940.1999999999995
2001-06-14 00:00:00,941.2999999999995
2001-06-15 00:00:00,944.4999999999995
2001-06-18 00:00:00,941.6999999999995
2001-06-19 00:00:00,940.9999999999995
2001-06-20 00:00:00,945.7999999999995
2001-06-21 00:00:00,944.2999999999995
2001-06-22 00:00:00,935.2999999999995
2001-06-25 00:00:00,932.1999999999995
2001-06-26 00:00:00,930.7999999999995
2001-06-27 00:00:00,927.3999999999995
2001-06-28 00:00:00,924.5999999999995
2001-06-29 00:00:00,921.8999999999995
2001-07-02 00:00:00,917.5999999999995
2001-07-03 00:00:00,920.1999999999995
2001-07-05 00:00:00,915.2999999999995
2001-07-06 00:00:00,925.6999999999995
2001-07-09 00:00:00,922.8999999999995
2001-07-10 00:00:00,919.5999999999995
2001-07-11 00:00:00,931.4999999999995
2001-07-12 00:00:00,926.2999999999995
2001-07-13 00:00:00,919.3999999999995
2001-07-16 00:00:00,919.6999999999995
2001-07-17 00:00:00,908.2999999999995
2001-07-18 00:00:00,891.2999999999995
2001-07-19 00:00:00,880.3999999999995
2001-07-20 00:00:00,871.5999999999996
2001-07-23 00:00:00,864.2999999999995
2001-07-24 00:00:00,874.3999999999995
2001-07-25 00:00:00,875.8999999999995
2001-07-26 00:00:00,875.0999999999996
2001-07-27 00:00:00,871.9999999999994
2001-07-30 00:00:00,841.2999999999995
2001-07-31 00:00:00,842.6999999999995
2001-08-01 00:00:00,842.5999999999996
2001-08-02 00:00:00,849.7999999999995
2001-08-03 00:00:00,848.8999999999995
2001-08-06 00:00:00,834.4999999999994
2001-08-07 00:00:00,808.6999999999995
2001-08-08 00:00:00,809.7999999999995
2001-08-09 00:00:00,804.6999999999995
2001-08-10 00:00:00,818.8999999999995
2001-08-13 00:00:00,822.0999999999996
2001-08-14 00:00:00,809.7999999999995
2001-08-15 00:00:00,799.6999999999995
2001-08-16 00:00:00,810.1999999999995
2001-08-17 00:00:00,819.0999999999996
2001-08-20 00:00:00,803.7999999999995
2001-08-21 00:00:00,811.5999999999996
2001-08-22 00:00:00,816.7999999999995
2001-08-23 00:00:00,829.7999999999995
2001-08-24 00:00:00,821.1999999999995
2001-08-27 00:00:00,826.3999999999995
2001-08-28 00:00:00,829.1999999999995
2001-08-29 00:00:00,827.8999999999995
2001-08-30 00:00:00,808.5999999999996
2001-08-31 00:00:00,811.2999999999995
2001-09-04 00:00:00,812.6999999999995
2001-09-05 00:00:00,809.7999999999995
2001-09-06 00:00:00,805.6999999999995
2001-09-07 00:00:00,812.2999999999995
2001-09-10 00:00:00,806.5999999999996
2001-09-14 00:00:00,808.2999999999995
2001-09-17 00:00:00,856.3999999999995
2001-09-18 00:00:00,853.3999999999995
2001-09-19 00:00:00,860.6999999999995
2001-09-20 00:00:00,858.8999999999995
2001-09-21 00:00:00,851.6999999999995
2001-09-24 00:00:00,840.0999999999996
2001-09-25 00:00:00,818.3999999999995
2001-09-26 00:00:00,814.2999999999995
2001-09-27 00:00:00,813.3999999999995
2001-09-28 00:00:00,804.5999999999996
2001-10-01 00:00:00,790.7999999999995
2001-10-02 00:00:00,790.9999999999994
2001-10-03 00:00:00,795.2999999999995
2001-10-04 00:00:00,799.3999999999995
2001-10-05 00:00:00,807.2999999999995
2001-10-08 00:00:00,802.7999999999995
2001-10-09 00:00:00,795.9999999999994
2001-10-10 00:00:00,796.2999999999995
2001-10-11 00:00:00,810.8999999999995
2001-10-12 00:00:00,815.2999999999995
2001-10-15 00:00:00,823.1999999999995
2001-10-16 00:00:00,807.4999999999994
2001-10-17 00:00:00,805.1999999999995
2001-10-18 00:00:00,797.5999999999996
2001-10-19 00:00:00,803.2999999999995
2001-10-22 00:00:00,793.2999999999995
2001-10-23 00:00:00,797.5999999999996
2001-10-24 00:00:00,790.3999999999995
2001-10-25 00:00:00,794.1999999999995
2001-10-26 00:00:00,803.6999999999995
2001-10-29 00:00:00,803.4999999999994
2001-10-30 00:00:00,801.5999999999996
2001-10-31 00:00:00,792.7999999999995
2001-11-01 00:00:00,801.8999999999995
2001-11-02 00:00:00,800.9999999999994
2001-11-05 00:00:00,803.2999999999995
2001-11-06 00:00:00,797.3999999999995
2001-11-07 00:00:00,794.2999999999995
2001-11-08 00:00:00,798.0999999999996
2001-11-09 00:00:00,802.8999999999995
2001-11-12 00:00:00,822.8999999999995
2001-11-13 00:00:00,799.9999999999994
2001-11-14 00:00:00,805.6999999999995
2001-11-15 00:00:00,803.2999999999995
2001-11-16 00:00:00,808.1999999999995
2001-11-19 00:00:00,817.2999999999995
2001-11-20 00:00:00,819.5999999999996
2001-11-21 00:00:00,822.2999999999995
2001-11-26 00:00:00,819.9999999999994
2001-11-27 00:00:00,818.6999999999995
2001-11-28 00:00:00,816.2999999999995
2001-11-29 00:00:00,824.4999999999994
2001-11-30 00:00:00,829.5999999999996
2001-12-03 00:00:00,837.9999999999994
2001-12-04 00:00:00,834.4999999999994
2001-12-05 00:00:00,833.8999999999995
2001-12-06 00:00:00,843.5999999999996
2001-12-07 00:00:00,850.2999999999995
2001-12-10 00:00:00,854.6999999999995
2001-12-11 00:00:00,840.9999999999994
2001-12-12 00:00:00,847.8999999999995
2001-12-13 00:00:00,849.0999999999996
2001-12-14 00:00:00,847.8999999999995
2001-12-17 00:00:00,847.8999999999995
2001-12-18 00:00:00,843.3999999999995
2001-12-19 00:00:00,838.8999999999995
2001-12-20 00:00:00,837.3999999999995
2001-12-21 00:00:00,851.5999999999996
2001-12-26 00:00:00,854.2999999999995
2001-12-27 00:00:00,860.9999999999994
2001-12-28 00:00:00,866.7999999999995
2001-12-31 00:00:00,871.7999999999995
2002-01-02 00:00:00,863.2999999999995
2002-01-03 00:00:00,865.7999999999995
2002-01-04 00:00:00,859.9999999999994
2002-01-07 00:00:00,860.0999999999996
2002-01-08 00:00:00,862.0999999999996
2002-01-09 00:00:00,862.7999999999995
2002-01-10 00:00:00,865.0999999999996
2002-01-11 00:00:00,867.1999999999995
2002-01-14 00:00:00,862.4999999999994
2002-01-15 00:00:00,859.5999999999996
2002-01-16 00:00:00,866.9999999999994
2002-01-17 00:00:00,869.6999999999995
2002-01-18 00:00:00,867.0999999999996
2002-01-22 00:00:00,862.1999999999995
2002-01-23 00:00:00,853.8999999999995
2002-01-24 00:00:00,848.5999999999996
2002-01-25 00:00:00,851.4999999999994
2002-01-28 00:00:00,843.9999999999994
2002-01-29 00:00:00,837.7999999999995
2002-01-30 00:00:00,842.4999999999994
2002-01-31 00:00:00,834.9999999999994
2002-02-01 00:00:00,836.8999999999995
2002-02-04 00:00:00,838.0999999999996
2002-02-05 00:00:00,842.2999999999995
2002-02-06 00:00:00,842.8999999999995
2002-02-07 00:00:00,854.6999999999995
2002-02-08 00:00:00,862.5999999999996
2002-02-11 00:00:00,857.6999999999995
2002-02-12 00:00:00,850.0999999999996
2002-02-13 00:00:00,857.4999999999994
2002-02-14 00:00:00,867.8999999999995
2002-02-15 00:00:00,861.7999999999995
2002-02-19 00:00:00,857.2999999999995
2002-02-20 00:00:00,853.7999999999995
2002-02-21 00:00:00,859.1999999999995
2002-02-22 00:00:00,861.2999999999995
2002-02-25 00:00:00,864.2999999999995
2002-02-26 00:00:00,868.3999999999995
2002-02-27 00:00:00,882.5999999999996
2002-02-28 00:00:00,874.6999999999995
2002-03-01 00:00:00,884.6999999999995
2002-03-04 00:00:00,898.7999999999995
2002-03-05 00:00:00,894.2999999999995
2002-03-06 00:00:00,897.0999999999996
2002-03-07 00:00:00,896.3999999999995
2002-03-08 00:00:00,904.7999999999995
2002-03-11 00:00:00,912.2999999999995
2002-03-12 00:00:00,904.7999999999995
2002-03-13 00:00:00,901.5999999999995
2002-03-14 00:00:00,896.5999999999996
2002-03-15 00:00:00,900.1999999999995
2002-03-18 00:00:00,903.9999999999995
2002-03-19 00:00:00,902.0999999999995
2002-03-20 00:00:00,899.6999999999995
2002-03-21 00:00:00,896.0999999999996
2002-03-22 00:00:00,901.7999999999995
2002-03-25 00:00:00,904.7999999999995
2002-03-26 00:00:00,897.9999999999994
2002-03-27 00:00:00,904.3999999999995
2002-03-28 00:00:00,908.4999999999995
2002-04-01 00:00:00,911.4999999999995
2002-04-02 00:00:00,925.7999999999995
2002-04-03 00:00:00,916.7999999999995
2002-04-04 00:00:00,914.7999999999995
2002-04-05 00:00:00,917.2999999999995
2002-04-08 00:00:00,916.4999999999995
2002-04-09 00:00:00,914.5999999999995
2002-04-10 00:00:00,918.0999999999995
2002-04-11 00:00:00,926.3999999999995
2002-04-12 00:00:00,922.8999999999995
2002-04-15 00:00:00,920.7999999999995
2002-04-16 00:00:00,925.0999999999995
2002-04-17 00:00:00,934.5999999999995
2002-04-18 00:00:00,946.3999999999995
2002-04-19 00:00:00,941.3999999999995
2002-04-22 00:00:00,935.5999999999995
2002-04-23 00:00:00,934.5999999999995
2002-04-24 00:00:00,939.8999999999995
2002-04-25 00:00:00,941.3999999999995
2002-04-26 00:00:00,937.6999999999995
2002-04-29 00:00:00,928.6999999999995
2002-04-30 00:00:00,922.2999999999995
2002-05-01 00:00:00,904.2999999999995
2002-05-02 00:00:00,907.3999999999995
2002-05-03 00:00:00,906.7999999999995
2002-05-06 00:00:00,905.5999999999995
2002-05-07 00:00:00,911.7999999999995
2002-05-08 00:00:00,918.4999999999995
2002-05-09 00:00:00,913.5999999999995
2002-05-10 00:00:00,910.5999999999995
2002-05-13 00:00:00,915.0999999999995
2002-05-14 00:00:00,923.0999999999995
2002-05-15 00:00:00,922.6999999999995
2002-05-16 00:00:00,925.7999999999995
2002-05-17 00:00:00,927.4999999999995
2002-05-20 00:00:00,933.9999999999995
2002-05-21 00:00:00,927.7999999999995
2002-05-22 00:00:00,929.7999999999995
2002-05-23 00:00:00,931.3999999999995
2002-05-24 00:00:00,927.2999999999995
2002-05-28 00:00:00,934.7999999999995
2002-05-29 00:00:00,934.0999999999995
2002-05-30 00:00:00,939.7999999999995
2002-05-31 00:00:00,935.6999999999995
2002-06-03 00:00:00,937.1999999999995
2002-06-04 00:00:00,942.7999999999995
2002-06-05 00:00:00,939.5999999999995
2002-06-06 00:00:00,953.4999999999995
2002-06-07 00:00:00,953.3999999999995
2002-06-10 00:00:00,943.7999999999995
2002-06-11 00:00:00,946.1999999999995
2002-06-12 00:00:00,945.6999999999995
2002-06-13 00:00:00,945.4999999999995
2002-06-14 00:00:00,952.4999999999995
2002-06-17 00:00:00,952.0999999999995
2002-06-18 00:00:00,955.5999999999995
2002-06-19 00:00:00,959.2999999999995
2002-06-20 00:00:00,958.8999999999995
2002-06-21 00:00:00,952.4999999999995
2002-06-24 00:00:00,951.7999999999995
2002-06-25 00:00:00,952.0999999999995
2002-06-26 00:00:00,936.2999999999995
2002-06-27 00:00:00,929.7999999999995
2002-06-28 00:00:00,927.5999999999995
2002-07-01 00:00:00,921.8999999999995
2002-07-02 00:00:00,920.3999999999995
2002-07-03 00:00:00,915.7999999999995
2002-07-08 00:00:00,909.8999999999995
2002-07-09 00:00:00,909.7999999999995
2002-07-10 00:00:00,911.9999999999995
2002-07-11 00:00:00,918.5999999999995
2002-07-12 00:00:00,920.2999999999995
2002-07-15 00:00:00,923.1999999999995
2002-07-16 00:00:00,918.6999999999995
2002-07-17 00:00:00,914.4999999999995
2002-07-18 00:00:00,917.2999999999995
2002-07-19 00:00:00,916.8999999999995
2002-07-22 00:00:00,909.4999999999995
2002-07-23 00:00:00,907.5999999999996
2002-07-24 00:00:00,910.2999999999995
2002-07-25 00:00:00,914.0999999999995
2002-07-26 00:00:00,919.4999999999995
2002-07-29 00:00:00,915.8999999999995
2002-07-30 00:00:00,919.4999999999995
2002-07-31 00:00:00,920.8999999999995
2002-08-01 00:00:00,913.2999999999995
2002-08-02 00:00:00,915.9999999999995
2002-08-05 00:00:00,918.8999999999995
2002-08-06 00:00:00,921.5999999999995
2002-08-07 00:00:00,929.4999999999995
2002-08-08 00:00:00,935.7999999999995
2002-08-09 00:00:00,941.7999999999995
2002-08-12 00:00:00,944.2999999999995
2002-08-13 00:00:00,947.8999999999995
2002-08-14 00:00:00,956.4999999999995
2002-08-15 00:00:00,955.0999999999995
2002-08-16 00:00:00,953.2999999999995
2002-08-19 00:00:00,949.0999999999995
2002-08-20 00:00:00,942.9999999999995
2002-08-21 00:00:00,938.7999999999995
2002-08-22 00:00:00,941.1999999999995
2002-08-23 00:00:00,942.4999999999995
2002-08-26 00:00:00,946.0999999999995
2002-08-27 00:00:00,955.9999999999995
2002-08-28 00:00:00,956.4999999999995
2002-08-29 00:00:00,964.5999999999995
2002-08-30 00:00:00,962.0999999999995
2002-09-03 00:00:00,940.8999999999995
2002-09-04 00:00:00,933.3999999999995
2002-09-05 00:00:00,935.2999999999995
2002-09-06 00:00:00,938.6999999999995
2002-09-09 00:00:00,949.6999999999995
2002-09-10 00:00:00,945.3999999999995
2002-09-11 00:00:00,943.0999999999995
2002-09-12 00:00:00,948.6999999999995
2002-09-13 00:00:00,951.1999999999995
2002-09-16 00:00:00,951.5999999999995
2002-09-17 00:00:00,945.6999999999995
2002-09-18 00:00:00,950.4999999999995
2002-09-19 00:00:00,962.4999999999995
2002-09-20 00:00:00,954.2999999999995
2002-09-23 00:00:00,964.2999999999995
2002-09-24 00:00:00,969.1999999999995
2002-09-25 00:00:00,955.8999999999995
2002-09-26 00:00:00,954.6999999999995
2002-09-27 00:00:00,955.2999999999995
2002-09-30 00:00:00,958.7999999999995
2002-10-01 00:00:00,964.3999999999995
2002-10-02 00:00:00,965.2999999999995
2002-10-03 00:00:00,958.3999999999995
2002-10-04 00:00:00,959.1999999999995
2002-10-07 00:00:00,958.7999999999995
2002-10-08 00:00:00,969.1999999999995
2002-10-09 00:00:00,978.5999999999995
2002-10-10 00:00:00,972.7999999999995
2002-10-11 00:00:00,980.3999999999995
2002-10-14 00:00:00,980.6999999999995
2002-10-15 00:00:00,983.6999999999995
2002-10-16 00:00:00,990.7999999999995
2002-10-17 00:00:00,984.9999999999995
2002-10-18 00:00:00,986.1999999999995
2002-10-21 00:00:00,977.3999999999995
2002-10-22 00:00:00,979.0999999999995
2002-10-23 00:00:00,977.0999999999995
2002-10-24 00:00:00,982.4999999999995
2002-10-25 00:00:00,989.0999999999995
2002-10-28 00:00:00,989.0999999999995
2002-10-29 00:00:00,990.9999999999995
2002-10-30 00:00:00,989.1999999999995
2002-10-31 00:00:00,974.0999999999995
2002-11-01 00:00:00,979.8999999999995
2002-11-04 00:00:00,977.9999999999995
2002-11-05 00:00:00,983.2999999999995
2002-11-06 00:00:00,983.2999999999995
2002-11-07 00:00:00,986.2999999999995
2002-11-08 00:00:00,984.6999999999995
2002-11-11 00:00:00,974.9999999999995
2002-11-12 00:00:00,980.9999999999995
2002-11-13 00:00:00,987.5999999999995
2002-11-14 00:00:00,988.5999999999995
2002-11-15 00:00:00,1000.3999999999995
2002-11-18 00:00:00,997.8999999999995
2002-11-19 00:00:00,994.2999999999995
2002-11-20 00:00:00,989.0999999999995
2002-11-21 00:00:00,990.6999999999995
2002-11-22 00:00:00,992.1999999999995
2002-11-25 00:00:00,986.8999999999995
2002-11-26 00:00:00,987.2999999999995
2002-11-27 00:00:00,984.1999999999995
2002-12-02 00:00:00,989.1999999999995
2002-12-03 00:00:00,990.0999999999995
2002-12-04 00:00:00,994.7999999999995
2002-12-05 00:00:00,996.9999999999995
2002-12-06 00:00:00,1000.0999999999995
2002-12-09 00:00:00,1002.1999999999995
2002-12-10 00:00:00,998.0999999999995
2002-12-11 00:00:00,997.1999999999995
2002-12-12 00:00:00,999.4999999999995
2002-12-13 00:00:00,1003.9999999999995
2002-12-16 00:00:00,1007.3999999999995
2002-12-17 00:00:00,1012.1999999999995
2002-12-18 00:00:00,1000.2999999999995
2002-12-19 00:00:00,997.6999999999995
2002-12-20 00:00:00,988.7999999999995
2002-12-23 00:00:00,990.6999999999995
2002-12-24 00:00:00,987.2999999999995
2002-12-26 00:00:00,989.9999999999995
2002-12-27 00:00:00,996.3999999999995
2002-12-30 00:00:00,999.2999999999995
2002-12-31 00:00:00,1002.1999999999995
2003-01-02 00:00:00,1007.7999999999995
2003-01-03 00:00:00,1007.2999999999995
2003-01-06 00:00:00,1014.5999999999995
2003-01-07 00:00:00,1011.1999999999995
2003-01-08 00:00:00,1019.3999999999995
2003-01-09 00:00:00,1019.0999999999995
2003-01-10 00:00:00,1023.5999999999995
2003-01-13 00:00:00,1017.9999999999995
2003-01-14 00:00:00,1019.9999999999995
2003-01-15 00:00:00,1017.3999999999995
2003-01-16 00:00:00,1022.0999999999995
2003-01-17 00:00:00,1026.7999999999995
2003-01-21 00:00:00,1033.2999999999995
2003-01-22 00:00:00,1043.8999999999994
2003-01-23 00:00:00,1046.2999999999995
2003-01-24 00:00:00,1042.8999999999994
2003-01-27 00:00:00,1044.0999999999995
2003-01-28 00:00:00,1044.3999999999994
2003-01-29 00:00:00,1055.2999999999995
2003-01-30 00:00:00,1055.5999999999995
2003-01-31 00:00:00,1066.6999999999994
2003-02-03 00:00:00,1091.4999999999995
2003-02-04 00:00:00,1083.7999999999995
2003-02-05 00:00:00,1082.1999999999994
2003-02-06 00:00:00,1075.1999999999994
2003-02-07 00:00:00,1081.3999999999996
2003-02-10 00:00:00,1074.6999999999994
2003-02-11 00:00:00,1076.7999999999995
2003-02-12 00:00:00,1083.1999999999994
2003-02-13 00:00:00,1084.3999999999996
2003-02-14 00:00:00,1082.7999999999995
2003-02-18 00:00:00,1056.5999999999995
2003-02-19 00:00:00,1062.5999999999995
2003-02-20 00:00:00,1064.2999999999995
2003-02-21 00:00:00,1066.7999999999995
2003-02-24 00:00:00,1071.5999999999995
2003-02-25 00:00:00,1076.8999999999996
2003-02-26 00:00:00,1078.1999999999994
2003-02-27 00:00:00,1074.7999999999995
2003-02-28 00:00:00,1080.2999999999995
2003-03-03 00:00:00,1081.2999999999995
2003-03-04 00:00:00,1088.7999999999995
2003-03-05 00:00:00,1099.3999999999996
2003-03-06 00:00:00,1095.7999999999995
2003-03-07 00:00:00,1091.3999999999996
2003-03-10 00:00:00,1110.6999999999994
2003-03-11 00:00:00,1102.4999999999995
2003-03-12 00:00:00,1103.7999999999995
2003-03-13 00:00:00,1089.9999999999995
2003-03-14 00:00:00,1091.3999999999996
2003-03-17 00:00:00,1094.0999999999995
2003-03-18 00:00:00,1094.4999999999995
2003-03-19 00:00:00,1079.4999999999995
2003-03-20 00:00:00,1061.1999999999996
2003-03-21 00:00:00,1059.8999999999994
2003-03-24 00:00:00,1050.7999999999995
2003-03-25 00:00:00,1043.0999999999995
2003-03-26 00:00:00,1045.6999999999996
2003-03-27 00:00:00,1041.6999999999994
2003-03-28 00:00:00,1042.4999999999995
2003-03-31 00:00:00,1052.6999999999996
2003-04-01 00:00:00,1048.3999999999994
2003-04-02 00:00:00,1042.1999999999994
2003-04-03 00:00:00,1029.9999999999995
2003-04-04 00:00:00,1029.2999999999995
2003-04-07 00:00:00,1020.5999999999995
2003-04-08 00:00:00,1034.4999999999995
2003-04-09 00:00:00,1036.8999999999996
2003-04-10 00:00:00,1034.3999999999996
2003-04-11 00:00:00,1033.9999999999995
2003-04-14 00:00:00,1038.2999999999995
2003-04-15 00:00:00,1032.8999999999996
2003-04-16 00:00:00,1034.2999999999995
2003-04-17 00:00:00,1044.9999999999995
2003-04-21 00:00:00,1050.1999999999996
2003-04-22 00:00:00,1049.9999999999995
2003-04-23 00:00:00,1045.2999999999995
2003-04-24 00:00:00,1044.8999999999994
2003-04-25 00:00:00,1044.2999999999995
2003-04-28 00:00:00,1027.9999999999995
2003-04-29 00:00:00,1014.3999999999995
2003-04-30 00:00:00,1019.5999999999995
2003-05-01 00:00:00,1015.7999999999995
2003-05-02 00:00:00,1017.3999999999995
2003-05-05 00:00:00,1017.4999999999995
2003-05-06 00:00:00,1037.4999999999995
2003-05-07 00:00:00,1047.0999999999995
2003-05-08 00:00:00,1050.6999999999996
2003-05-09 00:00:00,1054.3999999999994
2003-05-12 00:00:00,1074.3999999999996
2003-05-13 00:00:00,1063.9999999999995
2003-05-14 00:00:00,1074.6999999999994
2003-05-15 00:00:00,1072.7999999999995
2003-05-16 00:00:00,1066.1999999999996
2003-05-19 00:00:00,1072.2999999999995
2003-05-20 00:00:00,1086.9999999999995
2003-05-21 00:00:00,1090.5999999999995
2003-05-22 00:00:00,1083.6999999999994
2003-05-23 00:00:00,1084.2999999999995
2003-05-27 00:00:00,1095.5999999999995
2003-05-28 00:00:00,1082.9999999999995
2003-05-29 00:00:00,1054.1999999999996
2003-05-30 00:00:00,1057.0999999999995
2003-06-02 00:00:00,1057.4999999999995
2003-06-03 00:00:00,1071.9999999999995
2003-06-04 00:00:00,1082.0999999999995
2003-06-05 00:00:00,1085.2999999999995
2003-06-06 00:00:00,1073.7999999999995
2003-06-09 00:00:00,1073.7999999999995
2003-06-10 00:00:00,1074.2999999999995
2003-06-11 00:00:00,1072.1999999999994
2003-06-12 00:00:00,1072.7999999999995
2003-06-13 00:00:00,1084.8999999999996
2003-06-16 00:00:00,1087.9999999999995
2003-06-17 00:00:00,1081.3999999999996
2003-06-18 00:00:00,1086.1999999999994
2003-06-19 00:00:00,1099.6999999999994
2003-06-20 00:00:00,1089.0999999999995
2003-06-23 00:00:00,1089.1999999999994
2003-06-24 00:00:00,1093.2999999999995
2003-06-25 00:00:00,1085.2999999999995
2003-06-26 00:00:00,1080.6999999999994
2003-06-27 00:00:00,1093.4999999999995
2003-06-30 00:00:00,1091.8999999999996
2003-07-01 00:00:00,1099.7999999999995
2003-07-02 00:00:00,1099.7999999999995
2003-07-03 00:00:00,1104.2999999999995
2003-07-07 00:00:00,1102.2999999999995
2003-07-08 00:00:00,1095.2999999999995
2003-07-09 00:00:00,1100.0999999999995
2003-07-10 00:00:00,1107.8999999999996
2003-07-11 00:00:00,1112.4999999999995
2003-07-14 00:00:00,1118.2999999999995
2003-07-15 00:00:00,1125.2999999999995
2003-07-16 00:00:00,1113.9999999999995
2003-07-17 00:00:00,1124.6999999999994
2003-07-18 00:00:00,1121.8999999999996
2003-07-21 00:00:00,1122.2999999999995
2003-07-22 00:00:00,1125.1999999999994
2003-07-23 00:00:00,1130.7999999999995
2003-07-24 00:00:00,1133.8999999999996
2003-07-25 00:00:00,1127.4999999999995
2003-07-28 00:00:00,1133.6999999999994
2003-07-29 00:00:00,1135.2999999999995
2003-07-30 00:00:00,1122.2999999999995
2003-07-31 00:00:00,1122.9999999999995
2003-08-01 00:00:00,1116.1999999999994
2003-08-04 00:00:00,1120.9999999999995
2003-08-05 00:00:00,1117.2999999999995
2003-08-06 00:00:00,1120.6999999999994
2003-08-07 00:00:00,1119.0999999999995
2003-08-08 00:00:00,1118.1999999999994
2003-08-11 00:00:00,1132.6999999999994
2003-08-12 00:00:00,1135.9999999999995
2003-08-13 00:00:00,1127.7999999999995
2003-08-14 00:00:00,1131.2999999999995
2003-08-15 00:00:00,1133.7999999999995
2003-08-18 00:00:00,1134.2999999999995
2003-08-19 00:00:00,1137.0999999999995
2003-08-20 00:00:00,1139.6999999999994
2003-08-21 00:00:00,1143.0999999999995
2003-08-22 00:00:00,1139.5999999999995
2003-08-25 00:00:00,1130.4999999999995
2003-08-26 00:00:00,1131.9999999999995
2003-08-27 00:00:00,1150.9999999999995
2003-08-28 00:00:00,1149.7999999999995
2003-08-29 00:00:00,1145.8999999999994
2003-09-02 00:00:00,1152.9999999999998
2003-09-03 00:00:00,1151.8999999999994
2003-09-04 00:00:00,1151.3999999999994
2003-09-05 00:00:00,1151.9999999999995
2003-09-08 00:00:00,1145.5999999999995
2003-09-09 00:00:00,1146.8999999999994
2003-09-10 00:00:00,1136.2999999999995
2003-09-11 00:00:00,1138.8999999999996
2003-09-12 00:00:00,1134.0999999999995
2003-09-15 00:00:00,1135.0999999999995
2003-09-16 00:00:00,1133.9999999999995
2003-09-17 00:00:00,1129.7999999999995
2003-09-18 00:00:00,1136.0999999999995
2003-09-19 00:00:00,1133.5999999999995
2003-09-22 00:00:00,1140.9999999999995
2003-09-23 00:00:00,1143.1999999999996
2003-09-24 00:00:00,1143.0999999999995
2003-09-25 00:00:00,1153.0999999999997
2003-09-26 00:00:00,1134.6999999999994
2003-09-29 00:00:00,1143.9999999999995
2003-09-30 00:00:00,1147.6999999999996
2003-10-01 00:00:00,1155.0999999999997
2003-10-02 00:00:00,1152.7999999999995
2003-10-03 00:00:00,1161.7999999999995
2003-10-06 00:00:00,1155.8999999999994
2003-10-07 00:00:00,1165.6999999999996
2003-10-08 00:00:00,1174.3999999999994
2003-10-09 00:00:00,1166.6999999999996
2003-10-10 00:00:00,1174.3999999999994
2003-10-13 00:00:00,1171.9999999999998
2003-10-14 00:00:00,1175.2999999999995
2003-10-15 00:00:00,1169.4999999999998
2003-10-16 00:00:00,1171.3999999999994
2003-10-17 00:00:00,1171.0999999999997
2003-10-20 00:00:00,1184.9999999999998
2003-10-21 00:00:00,1184.0999999999997
2003-10-22 00:00:00,1187.6999999999996
2003-10-23 00:00:00,1193.9999999999998
2003-10-24 00:00:00,1185.8999999999994
2003-10-27 00:00:00,1193.9999999999998
2003-10-28 00:00:00,1196.1999999999996
2003-10-29 00:00:00,1205.7
2003-10-30 00:00:00,1205.3
2003-10-31 00:00:00,1194.1999999999996
2003-11-03 00:00:00,1188.6999999999996
2003-11-04 00:00:00,1199.0999999999997
2003-11-05 00:00:00,1208.7
2003-11-06 00:00:00,1203.8
2003-11-07 00:00:00,1207.3
2003-11-10 00:00:00,1212.5999999999997
2003-11-11 00:00:00,1209.3999999999999
2003-11-12 00:00:00,1212.9999999999998
2003-11-13 00:00:00,1219.0999999999997
2003-11-14 00:00:00,1219.0999999999997
2003-11-17 00:00:00,1202.5999999999997
2003-11-18 00:00:00,1221.8
2003-11-19 00:00:00,1216.3
2003-11-20 00:00:00,1214.9999999999998
2003-11-21 00:00:00,1208.5999999999997
2003-11-24 00:00:00,1204.1999999999996
2003-11-25 00:00:00,1205.9999999999998
2003-11-26 00:00:00,1216.2
2003-12-01 00:00:00,1222.3
2003-12-02 00:00:00,1228.0999999999997
2003-12-03 00:00:00,1225.0999999999997
2003-12-04 00:00:00,1239.6999999999996
2003-12-05 00:00:00,1238.9999999999998
2003-12-08 00:00:00,1250.1999999999996
2003-12-09 00:00:00,1249.5999999999997
2003-12-10 00:00:00,1258.9999999999998
2003-12-11 00:00:00,1255.8999999999999
2003-12-12 00:00:00,1267.6999999999996
2003-12-15 00:00:00,1270.9999999999998
2003-12-16 00:00:00,1272.5999999999997
2003-12-17 00:00:00,1288.0999999999997
2003-12-18 00:00:00,1271.8999999999999
2003-12-19 00:00:00,1269.7999999999995
2003-12-22 00:00:00,1246.4999999999998
2003-12-23 00:00:00,1250.0999999999997
2003-12-24 00:00:00,1269.7999999999995
2003-12-29 00:00:00,1257.3999999999999
2003-12-30 00:00:00,1260.2999999999995
2003-12-31 00:00:00,1259.5999999999997
2004-01-05 00:00:00,1287.7999999999995
2004-01-06 00:00:00,1296.3999999999994
2004-01-07 00:00:00,1291.1999999999996
2004-01-08 00:00:00,1300.7999999999995
2004-01-09 00:00:00,1299.2999999999995
2004-01-12 00:00:00,1304.3999999999994
2004-01-13 00:00:00,1309.9999999999998
2004-01-14 00:00:00,1308.6999999999996
2004-01-15 00:00:00,1303.1999999999996
2004-01-16 00:00:00,1306.1999999999996
2004-01-20 00:00:00,1310.4999999999998
2004-01-21 00:00:00,1309.8999999999994
2004-01-22 00:00:00,1316.4999999999998
2004-01-23 00:00:00,1310.7999999999995
2004-01-26 00:00:00,1304.5999999999992
2004-01-27 00:00:00,1308.3999999999994
2004-01-28 00:00:00,1304.3999999999994
2004-01-29 00:00:00,1275.5999999999997
2004-01-30 00:00:00,1284.5999999999997
2004-02-02 00:00:00,1266.5999999999997
2004-02-03 00:00:00,1280.5999999999997
2004-02-04 00:00:00,1274.8999999999999
2004-02-05 00:00:00,1270.6999999999996
2004-02-06 00:00:00,1280.9999999999998
2004-02-09 00:00:00,1286.9999999999998
2004-02-10 00:00:00,1287.3999999999994
2004-02-11 00:00:00,1296.9999999999998
2004-02-12 00:00:00,1301.5999999999992
2004-02-13 00:00:00,1299.8999999999994
2004-02-17 00:00:00,1315.3999999999994
2004-02-18 00:00:00,1313.0999999999992
2004-02-19 00:00:00,1307.5999999999997
2004-02-20 00:00:00,1293.4999999999998
2004-02-23 00:00:00,1294.2999999999995
2004-02-24 00:00:00,1310.3999999999994
2004-02-25 00:00:00,1306.0999999999992
2004-02-26 00:00:00,1321.6999999999996
2004-02-27 00:00:00,1341.6999999999996
2004-03-01 00:00:00,1360.3999999999994
2004-03-02 00:00:00,1329.7999999999995
2004-03-03 00:00:00,1337.7999999999995
2004-03-04 00:00:00,1336.3999999999994
2004-03-05 00:00:00,1341.2999999999995
2004-03-08 00:00:00,1348.2999999999995
2004-03-09 00:00:00,1351.4999999999993
2004-03-10 00:00:00,1377.8999999999994
2004-03-11 00:00:00,1357.0999999999992
2004-03-12 00:00:00,1361.3999999999994
2004-03-15 00:00:00,1368.2999999999995
2004-03-16 00:00:00,1356.6999999999996
2004-03-17 00:00:00,1361.0999999999992
2004-03-18 00:00:00,1352.9999999999993
2004-03-19 00:00:00,1344.2999999999995
2004-03-22 00:00:00,1351.2999999999995
2004-03-23 00:00:00,1368.6999999999996
2004-03-24 00:00:00,1373.3999999999994
2004-03-25 00:00:00,1366.9999999999993
2004-03-26 00:00:00,1366.3999999999994
2004-03-29 00:00:00,1343.1999999999996
2004-03-30 00:00:00,1350.6999999999996
2004-03-31 00:00:00,1362.4999999999993
2004-04-01 00:00:00,1372.5999999999992
2004-04-02 00:00:00,1359.0999999999992
2004-04-05 00:00:00,1346.2999999999995
2004-04-06 00:00:00,1339.0999999999997
2004-04-07 00:00:00,1337.7999999999995
2004-04-08 00:00:00,1362.4999999999993
2004-04-12 00:00:00,1397.7999999999995
2004-04-13 00:00:00,1387.8999999999994
2004-04-14 00:00:00,1386.1999999999996
2004-04-15 00:00:00,1383.6999999999996
2004-04-16 00:00:00,1380.2999999999995
2004-04-19 00:00:00,1397.5999999999997
2004-04-20 00:00:00,1377.9999999999993
2004-04-21 00:00:00,1346.7999999999995
2004-04-22 00:00:00,1298.5999999999992
2004-04-23 00:00:00,1304.7999999999995
2004-04-26 00:00:00,1276.1999999999996
2004-04-27 00:00:00,1295.7999999999995
2004-04-28 00:00:00,1258.7999999999995
2004-04-29 00:00:00,1242.7999999999995
2004-04-30 00:00:00,1256.4999999999998
2004-05-03 00:00:00,1268.9999999999998
2004-05-04 00:00:00,1276.4999999999998
2004-05-05 00:00:00,1267.7999999999995
2004-05-06 00:00:00,1256.1999999999996
2004-05-07 00:00:00,1241.3
2004-05-10 00:00:00,1225.6999999999996
2004-05-11 00:00:00,1241.7999999999995
2004-05-12 00:00:00,1246.0999999999997
2004-05-13 00:00:00,1256.8999999999999
2004-05-14 00:00:00,1255.9999999999998
2004-05-17 00:00:00,1277.2999999999995
2004-05-18 00:00:00,1262.2999999999995
2004-05-19 00:00:00,1267.5999999999997
2004-05-20 00:00:00,1265.1999999999996
2004-05-21 00:00:00,1279.3999999999999
2004-05-24 00:00:00,1284.1999999999996
2004-05-25 00:00:00,1296.8999999999994
2004-05-26 00:00:00,1298.6999999999996
2004-05-27 00:00:00,1306.6999999999996
2004-05-28 00:00:00,1291.4999999999998
2004-06-01 00:00:00,1304.7999999999995
2004-06-02 00:00:00,1288.6999999999996
2004-06-03 00:00:00,1289.5999999999997
2004-06-04 00:00:00,1291.8999999999994
2004-06-07 00:00:00,1298.4999999999993
2004-06-08 00:00:00,1295.8999999999994
2004-06-09 00:00:00,1265.5999999999997
2004-06-10 00:00:00,1259.8999999999994
2004-06-14 00:00:00,1253.1999999999996
2004-06-15 00:00:00,1235.3
2004-06-16 00:00:00,1238.8
2004-06-17 00:00:00,1256.2999999999995
2004-06-18 00:00:00,1271.5999999999997
2004-06-21 00:00:00,1276.1999999999996
2004-06-22 00:00:00,1271.1999999999996
2004-06-23 00:00:00,1271.6999999999996
2004-06-24 00:00:00,1275.2999999999995
2004-06-25 00:00:00,1268.7999999999995
2004-06-28 00:00:00,1252.4999999999998
2004-06-29 00:00:00,1242.8
2004-06-30 00:00:00,1254.1999999999996
2004-07-01 00:00:00,1249.8
2004-07-02 00:00:00,1245.1999999999996
2004-07-06 00:00:00,1243.0999999999997
2004-07-07 00:00:00,1263.0999999999997
2004-07-08 00:00:00,1277.6999999999996
2004-07-09 00:00:00,1280.9999999999998
2004-07-12 00:00:00,1289.3999999999999
2004-07-13 00:00:00,1278.8999999999999
2004-07-14 00:00:00,1287.6999999999996
2004-07-15 00:00:00,1286.1999999999996
2004-07-16 00:00:00,1293.1999999999996
2004-07-19 00:00:00,1296.1999999999996
2004-07-20 00:00:00,1305.4999999999993
2004-07-21 00:00:00,1297.5999999999997
2004-07-22 00:00:00,1298.3999999999994
2004-07-23 00:00:00,1288.1999999999996
2004-07-26 00:00:00,1283.5999999999997
2004-07-27 00:00:00,1275.3999999999999
2004-07-28 00:00:00,1270.9999999999998
2004-07-29 00:00:00,1289.8999999999999
2004-07-30 00:00:00,1290.0999999999997
2004-08-02 00:00:00,1298.4999999999993
2004-08-03 00:00:00,1301.2999999999995
2004-08-04 00:00:00,1303.3999999999994
2004-08-05 00:00:00,1299.4999999999993
2004-08-06 00:00:00,1304.1999999999996
2004-08-09 00:00:00,1307.9999999999998
2004-08-10 00:00:00,1322.5999999999997
2004-08-11 00:00:00,1309.0999999999997
2004-08-12 00:00:00,1320.7999999999995
2004-08-13 00:00:00,1336.3999999999994
2004-08-16 00:00:00,1355.3999999999994
2004-08-17 00:00:00,1351.5999999999997
2004-08-18 00:00:00,1331.0999999999997
2004-08-19 00:00:00,1335.1999999999996
2004-08-20 00:00:00,1326.4999999999998
2004-08-23 00:00:00,1308.7999999999995
2004-08-24 00:00:00,1317.3999999999999
2004-08-25 00:00:00,1329.0999999999997
2004-08-26 00:00:00,1327.5999999999997
2004-08-27 00:00:00,1336.6999999999996
2004-08-30 00:00:00,1339.1999999999996
2004-08-31 00:00:00,1340.2999999999995
2004-09-01 00:00:00,1346.0999999999997
2004-09-02 00:00:00,1342.1999999999996
2004-09-03 00:00:00,1331.5999999999997
2004-09-07 00:00:00,1317.4999999999998
2004-09-08 00:00:00,1318.5999999999997
2004-09-09 00:00:00,1298.0999999999997
2004-09-10 00:00:00,1306.6999999999996
2004-09-13 00:00:00,1315.9999999999998
2004-09-14 00:00:00,1320.2999999999995
2004-09-15 00:00:00,1322.8999999999999
2004-09-16 00:00:00,1314.4999999999993
2004-09-17 00:00:00,1315.2999999999995
2004-09-20 00:00:00,1314.0999999999997
2004-09-21 00:00:00,1324.1999999999996
2004-09-22 00:00:00,1319.6999999999996
2004-09-23 00:00:00,1324.8999999999999
2004-09-24 00:00:00,1329.4999999999998
2004-09-27 00:00:00,1331.6999999999996
2004-09-28 00:00:00,1351.6999999999996
2004-09-29 00:00:00,1322.6999999999996
2004-09-30 00:00:00,1337.1999999999996
2004-10-01 00:00:00,1336.0999999999997
2004-10-04 00:00:00,1304.6999999999996
2004-10-05 00:00:00,1314.8999999999999
2004-10-06 00:00:00,1321.4999999999998
2004-10-07 00:00:00,1313.9999999999993
2004-10-08 00:00:00,1318.6999999999996
2004-10-11 00:00:00,1324.6999999999996
2004-10-12 00:00:00,1318.5999999999997
2004-10-13 00:00:00,1309.4999999999998
2004-10-14 00:00:00,1318.5999999999997
2004-10-15 00:00:00,1322.6999999999996
2004-10-18 00:00:00,1314.6999999999996
2004-10-19 00:00:00,1314.5999999999997
2004-10-20 00:00:00,1323.7999999999995
2004-10-21 00:00:00,1327.4999999999998
2004-10-22 00:00:00,1320.5999999999997
2004-10-25 00:00:00,1328.6999999999996
2004-10-26 00:00:00,1320.5999999999997
2004-10-27 00:00:00,1311.8999999999994
2004-10-28 00:00:00,1307.2999999999995
2004-10-29 00:00:00,1308.6999999999996
2004-11-01 00:00:00,1308.0999999999997
2004-11-02 00:00:00,1302.2999999999995
2004-11-03 00:00:00,1303.9999999999993
2004-11-04 00:00:00,1324.2999999999995
2004-11-05 00:00:00,1327.5999999999997
2004-11-08 00:00:00,1325.2999999999995
2004-11-09 00:00:00,1325.8999999999999
2004-11-10 00:00:00,1324.5999999999997
2004-11-11 00:00:00,1330.2999999999995
2004-11-12 00:00:00,1349.8999999999994
2004-11-15 00:00:00,1352.9999999999993
2004-11-16 00:00:00,1344.5999999999997
2004-11-17 00:00:00,1351.2999999999995
2004-11-18 00:00:00,1338.3999999999999
2004-11-19 00:00:00,1335.3999999999994
2004-11-22 00:00:00,1330.8999999999999
2004-11-23 00:00:00,1332.5999999999997
2004-11-24 00:00:00,1338.0999999999997
2004-11-29 00:00:00,1341.0999999999997
2004-11-30 00:00:00,1347.9999999999993
2004-12-01 00:00:00,1354.2999999999995
2004-12-02 00:00:00,1359.8999999999994
2004-12-03 00:00:00,1350.4999999999993
2004-12-06 00:00:00,1353.3999999999994
2004-12-07 00:00:00,1346.6999999999996
2004-12-08 00:00:00,1309.7999999999995
2004-12-09 00:00:00,1292.7999999999995
2004-12-10 00:00:00,1304.0999999999997
2004-12-13 00:00:00,1306.8999999999994
2004-12-14 00:00:00,1306.0999999999997
2004-12-15 00:00:00,1317.7999999999995
2004-12-16 00:00:00,1314.7999999999995
2004-12-17 00:00:00,1312.7999999999995
2004-12-20 00:00:00,1318.4999999999998
2004-12-21 00:00:00,1317.1999999999996
2004-12-22 00:00:00,1319.3999999999999
2004-12-23 00:00:00,1315.8999999999999
2004-12-27 00:00:00,1350.6999999999996
2004-12-28 00:00:00,1350.9999999999993
2004-12-29 00:00:00,1337.6999999999996
2004-12-30 00:00:00,1337.3999999999994
2005-01-03 00:00:00,1331.1999999999996
2005-01-04 00:00:00,1321.4999999999998
2005-01-05 00:00:00,1329.9999999999998
2005-01-06 00:00:00,1322.7999999999995
2005-01-07 00:00:00,1318.3999999999999
2005-01-10 00:00:00,1324.5999999999997
2005-01-11 00:00:00,1341.1999999999996
2005-01-12 00:00:00,1338.1999999999996
2005-01-13 00:00:00,1339.1999999999996
2005-01-14 00:00:00,1332.9999999999993
2005-01-18 00:00:00,1339.3999999999999
2005-01-19 00:00:00,1345.5999999999997
2005-01-20 00:00:00,1341.3999999999999
2005-01-21 00:00:00,1346.9999999999993
2005-01-24 00:00:00,1349.8999999999994
2005-01-25 00:00:00,1341.5999999999997
2005-01-26 00:00:00,1346.4999999999998
2005-01-27 00:00:00,1348.9999999999993
2005-01-28 00:00:00,1349.9999999999993
2005-01-31 00:00:00,1351.4999999999993
2005-02-01 00:00:00,1356.5999999999997
2005-02-02 00:00:00,1350.9999999999993
2005-02-03 00:00:00,1344.4999999999998
2005-02-04 00:00:00,1343.6999999999996
2005-02-07 00:00:00,1345.0999999999997
2005-02-08 00:00:00,1334.8999999999994
2005-02-09 00:00:00,1328.9999999999998
2005-02-10 00:00:00,1346.9999999999993
2005-02-11 00:00:00,1348.8999999999994
2005-02-14 00:00:00,1352.7999999999995
2005-02-15 00:00:00,1330.5999999999997
2005-02-16 00:00:00,1333.6999999999996
2005-02-17 00:00:00,1340.8999999999999
2005-02-18 00:00:00,1343.1999999999996
2005-02-22 00:00:00,1353.2999999999995
2005-02-23 00:00:00,1345.0999999999997
2005-02-24 00:00:00,1342.2999999999995
2005-02-25 00:00:00,1336.6999999999996
2005-02-28 00:00:00,1343.7999999999995
2005-03-01 00:00:00,1340.2999999999995
2005-03-02 00:00:00,1343.2999999999995
2005-03-03 00:00:00,1346.1999999999996
2005-03-04 00:00:00,1348.1999999999996
2005-03-07 00:00:00,1345.6999999999996
2005-03-08 00:00:00,1352.4999999999993
2005-03-09 00:00:00,1354.0999999999997
2005-03-10 00:00:00,1347.6999999999996
2005-03-11 00:00:00,1347.8999999999994
2005-03-14 00:00:00,1348.1999999999996
2005-03-15 00:00:00,1354.4999999999993
2005-03-16 00:00:00,1365.4999999999993
2005-03-17 00:00:00,1357.1999999999996
2005-03-18 00:00:00,1357.6999999999996
2005-03-21 00:00:00,1347.8999999999994
2005-03-22 00:00:00,1343.1999999999996
2005-03-23 00:00:00,1333.6999999999996
2005-03-24 00:00:00,1340.1999999999996
2005-03-28 00:00:00,1338.6999999999996
2005-03-29 00:00:00,1339.6999999999996
2005-03-30 00:00:00,1343.6999999999996
2005-03-31 00:00:00,1346.2999999999995
2005-04-01 00:00:00,1341.4999999999998
2005-04-04 00:00:00,1334.3999999999994
2005-04-05 00:00:00,1335.9999999999993
2005-04-06 00:00:00,1341.7999999999995
2005-04-07 00:00:00,1344.2999999999995
2005-04-08 00:00:00,1338.9999999999998
2005-04-11 00:00:00,1339.4999999999998
2005-04-12 00:00:00,1342.4999999999998
2005-04-13 00:00:00,1346.2999999999995
2005-04-14 00:00:00,1340.5999999999997
2005-04-15 00:00:00,1343.2999999999995
2005-04-18 00:00:00,1340.1999999999996
2005-04-19 00:00:00,1348.8999999999994
2005-04-20 00:00:00,1355.2999999999995
2005-04-21 00:00:00,1352.5999999999997
2005-04-22 00:00:00,1354.6999999999996
2005-04-25 00:00:00,1357.3999999999994
2005-04-26 00:00:00,1360.2999999999995
2005-04-27 00:00:00,1349.5999999999997
2005-04-28 00:00:00,1343.6999999999996
2005-04-29 00:00:00,1347.2999999999995
2005-05-02 00:00:00,1348.6999999999996
2005-05-03 00:00:00,1348.5999999999997
2005-05-04 00:00:00,1354.1999999999996
2005-05-05 00:00:00,1355.3999999999994
2005-05-06 00:00:00,1353.4999999999993
2005-05-09 00:00:00,1357.2999999999995
2005-05-10 00:00:00,1358.5999999999997
2005-05-11 00:00:00,1359.8999999999994
2005-05-12 00:00:00,1350.2999999999995
2005-05-13 00:00:00,1344.0999999999997
2005-05-16 00:00:00,1327.9999999999998
2005-05-17 00:00:00,1340.8999999999999
2005-05-18 00:00:00,1341.5999999999997
2005-05-19 00:00:00,1346.0999999999997
2005-05-20 00:00:00,1341.1999999999996
2005-05-23 00:00:00,1345.4999999999998
2005-05-24 00:00:00,1348.4999999999993
2005-05-25 00:00:00,1343.9999999999998
2005-05-26 00:00:00,1339.5999999999997
2005-05-27 00:00:00,1343.3999999999999
2005-05-31 00:00:00,1339.9999999999998
2005-06-01 00:00:00,1349.6999999999996
2005-06-02 00:00:00,1355.1999999999996
2005-06-03 00:00:00,1354.1999999999996
2005-06-06 00:00:00,1359.8999999999994
2005-06-07 00:00:00,1358.5999999999997
2005-06-08 00:00:00,1358.5999999999997
2005-06-09 00:00:00,1351.2999999999995
2005-06-10 00:00:00,1350.2999999999995
2005-06-13 00:00:00,1353.5999999999997
2005-06-14 00:00:00,1353.3999999999994
2005-06-15 00:00:00,1361.0999999999997
2005-06-16 00:00:00,1370.1999999999996
2005-06-17 00:00:00,1376.7999999999995
2005-06-20 00:00:00,1378.9999999999993
2005-06-21 00:00:00,1362.9999999999993
2005-06-22 00:00:00,1370.9999999999993
2005-06-23 00:00:00,1370.6999999999996
2005-06-24 00:00:00,1374.6999999999996
2005-06-27 00:00:00,1370.9999999999993
2005-06-28 00:00:00,1364.4999999999993
2005-06-29 00:00:00,1367.2999999999995
2005-06-30 00:00:00,1363.4999999999993
2005-07-01 00:00:00,1351.3999999999994
2005-07-05 00:00:00,1336.7999999999995
2005-07-06 00:00:00,1340.9999999999998
2005-07-07 00:00:00,1342.6999999999996
2005-07-08 00:00:00,1342.6999999999996
2005-07-11 00:00:00,1348.2999999999995
2005-07-12 00:00:00,1355.1999999999996
2005-07-13 00:00:00,1353.2999999999995
2005-07-14 00:00:00,1345.8999999999994
2005-07-15 00:00:00,1345.9999999999998
2005-07-18 00:00:00,1348.3999999999994
2005-07-19 00:00:00,1350.6999999999996
2005-07-20 00:00:00,1355.4999999999993
2005-07-21 00:00:00,1366.4999999999993
2005-07-22 00:00:00,1371.0999999999997
2005-07-25 00:00:00,1369.6999999999996
2005-07-26 00:00:00,1365.8999999999994
2005-07-27 00:00:00,1365.3999999999994
2005-07-28 00:00:00,1365.8999999999994
2005-07-29 00:00:00,1378.3999999999994
2005-08-01 00:00:00,1390.6999999999996
2005-08-02 00:00:00,1387.4999999999998
2005-08-03 00:00:00,1398.5999999999997
2005-08-04 00:00:00,1391.0999999999997
2005-08-05 00:00:00,1390.9999999999993
2005-08-08 00:00:00,1382.6999999999996
2005-08-09 00:00:00,1389.4999999999993
2005-08-10 00:00:00,1387.9999999999993
2005-08-11 00:00:00,1400.1999999999996
2005-08-12 00:00:00,1403.6999999999996
2005-08-15 00:00:00,1385.6999999999996
2005-08-16 00:00:00,1373.1999999999996
2005-08-17 00:00:00,1369.9999999999993
2005-08-18 00:00:00,1373.4999999999993
2005-08-19 00:00:00,1369.7999999999995
2005-08-22 00:00:00,1373.5999999999997
2005-08-23 00:00:00,1378.5999999999997
2005-08-24 00:00:00,1380.3999999999994
2005-08-25 00:00:00,1377.9999999999993
2005-08-26 00:00:00,1378.2999999999995
2005-08-29 00:00:00,1384.8999999999994
2005-08-30 00:00:00,1369.4999999999993
2005-08-31 00:00:00,1374.9999999999993
2005-09-01 00:00:00,1383.8999999999994
2005-09-02 00:00:00,1391.9999999999993
2005-09-06 00:00:00,1391.8999999999994
2005-09-07 00:00:00,1389.3999999999994
2005-09-08 00:00:00,1393.8999999999994
2005-09-09 00:00:00,1396.8999999999994
2005-09-12 00:00:00,1396.3999999999994
2005-09-13 00:00:00,1393.9999999999993
2005-09-14 00:00:00,1397.9999999999998
2005-09-15 00:00:00,1400.1999999999996
2005-09-16 00:00:00,1404.2999999999995
2005-09-19 00:00:00,1413.5999999999997
2005-09-20 00:00:00,1414.2999999999995
2005-09-21 00:00:00,1416.7999999999995
2005-09-22 00:00:00,1410.4999999999998
2005-09-23 00:00:00,1407.4999999999998
2005-09-26 00:00:00,1397.9999999999998
2005-09-27 00:00:00,1398.4999999999998
2005-09-28 00:00:00,1403.3999999999994
2005-09-29 00:00:00,1409.7999999999995
2005-09-30 00:00:00,1412.8999999999994
2005-10-03 00:00:00,1405.3999999999994
2005-10-04 00:00:00,1396.0999999999997
2005-10-05 00:00:00,1399.5999999999997
2005-10-06 00:00:00,1408.2999999999995
2005-10-07 00:00:00,1416.6999999999996
2005-10-10 00:00:00,1421.6999999999996
2005-10-11 00:00:00,1425.0999999999997
2005-10-12 00:00:00,1423.0999999999997
2005-10-13 00:00:00,1411.9999999999998
2005-10-14 00:00:00,1404.8999999999994
2005-10-17 00:00:00,1414.0999999999997
2005-10-18 00:00:00,1412.2999999999995
2005-10-19 00:00:00,1406.8999999999994
2005-10-20 00:00:00,1402.6999999999996
2005-10-21 00:00:00,1410.3999999999994
2005-10-24 00:00:00,1410.3999999999994
2005-10-25 00:00:00,1423.1999999999996
2005-10-26 00:00:00,1422.5999999999997
2005-10-27 00:00:00,1421.4999999999993
2005-10-28 00:00:00,1419.3999999999994
2005-10-31 00:00:00,1420.7999999999995
2005-11-01 00:00:00,1405.9999999999998
2005-11-02 00:00:00,1418.6999999999996
2005-11-03 00:00:00,1419.4999999999993
2005-11-04 00:00:00,1412.3999999999994
2005-11-07 00:00:00,1412.3999999999994
2005-11-08 00:00:00,1421.2999999999995
2005-11-09 00:00:00,1433.7999999999995
2005-11-10 00:00:00,1443.0999999999997
2005-11-11 00:00:00,1449.4999999999998
2005-11-14 00:00:00,1453.5999999999997
2005-11-15 00:00:00,1452.4999999999998
2005-11-16 00:00:00,1467.2999999999995
2005-11-17 00:00:00,1459.9999999999998
2005-11-18 00:00:00,1463.6999999999996
2005-11-21 00:00:00,1459.1999999999996
2005-11-22 00:00:00,1457.5999999999997
2005-11-23 00:00:00,1461.8999999999994
2005-11-28 00:00:00,1478.6999999999996
2005-11-29 00:00:00,1480.7999999999995
2005-11-30 00:00:00,1457.9999999999998
2005-12-01 00:00:00,1472.2999999999995
2005-12-02 00:00:00,1485.4999999999993
2005-12-05 00:00:00,1481.8999999999994
2005-12-06 00:00:00,1472.2999999999995
2005-12-07 00:00:00,1475.8999999999994
2005-12-08 00:00:00,1484.6999999999996
2005-12-09 00:00:00,1484.4999999999993
2005-12-12 00:00:00,1495.6999999999996
2005-12-13 00:00:00,1473.4999999999998
2005-12-14 00:00:00,1445.8999999999994
2005-12-15 00:00:00,1439.8999999999994
2005-12-16 00:00:00,1438.5999999999997
2005-12-19 00:00:00,1454.5999999999997
2005-12-20 00:00:00,1438.5999999999997
2005-12-21 00:00:00,1434.1999999999996
2005-12-22 00:00:00,1442.0999999999997
2005-12-23 00:00:00,1442.8999999999994
2005-12-27 00:00:00,1442.9999999999998
2005-12-28 00:00:00,1448.6999999999996
2005-12-29 00:00:00,1441.7999999999995
2005-12-30 00:00:00,1447.5999999999997
2006-01-03 00:00:00,1450.3999999999994
2006-01-04 00:00:00,1471.6999999999996
2006-01-05 00:00:00,1460.0999999999997
2006-01-06 00:00:00,1473.1999999999996
2006-01-09 00:00:00,1486.8999999999994
2006-01-10 00:00:00,1487.0999999999997
2006-01-11 00:00:00,1493.8999999999994
2006-01-12 00:00:00,1498.5999999999997
2006-01-13 00:00:00,1512.1999999999996
2006-01-17 00:00:00,1517.6999999999996
2006-01-18 00:00:00,1498.4999999999998
2006-01-19 00:00:00,1517.2999999999995
2006-01-20 00:00:00,1504.7999999999995
2006-01-23 00:00:00,1522.3999999999994
2006-01-24 00:00:00,1526.5999999999997
2006-01-25 00:00:00,1533.3999999999994
2006-01-26 00:00:00,1533.6999999999996
2006-01-27 00:00:00,1541.2999999999995
2006-01-30 00:00:00,1547.6999999999996
2006-01-31 00:00:00,1553.8999999999994
2006-02-01 00:00:00,1548.6999999999996
2006-02-02 00:00:00,1557.8999999999994
2006-02-03 00:00:00,1551.2999999999995
2006-02-06 00:00:00,1544.7999999999995
2006-02-07 00:00:00,1530.2999999999995
2006-02-08 00:00:00,1523.9999999999998
2006-02-09 00:00:00,1542.4999999999998
2006-02-10 00:00:00,1508.6999999999996
2006-02-13 00:00:00,1483.2999999999995
2006-02-14 00:00:00,1487.4999999999993
2006-02-15 00:00:00,1475.0999999999997
2006-02-16 00:00:00,1476.1999999999996
2006-02-17 00:00:00,1479.5999999999997
2006-02-21 00:00:00,1503.0999999999997
2006-02-22 00:00:00,1498.9999999999998
2006-02-23 00:00:00,1491.5999999999997
2006-02-24 00:00:00,1504.5999999999997
2006-02-27 00:00:00,1503.4999999999998
2006-02-28 00:00:00,1523.2999999999995
2006-03-01 00:00:00,1520.3999999999994
2006-03-02 00:00:00,1523.3999999999994
2006-03-03 00:00:00,1531.0999999999997
2006-03-06 00:00:00,1511.9999999999998
2006-03-07 00:00:00,1509.4999999999998
2006-03-08 00:00:00,1478.5999999999997
2006-03-09 00:00:00,1489.8999999999994
2006-03-10 00:00:00,1481.2999999999995
2006-03-13 00:00:00,1491.6999999999996
2006-03-14 00:00:00,1491.1999999999996
2006-03-15 00:00:00,1497.5999999999997
2006-03-16 00:00:00,1499.1999999999996
2006-03-17 00:00:00,1502.5999999999997
2006-03-20 00:00:00,1513.8999999999994
2006-03-21 00:00:00,1504.2999999999995
2006-03-22 00:00:00,1514.5999999999997
2006-03-23 00:00:00,1514.9999999999998
2006-03-24 00:00:00,1520.1999999999996
2006-03-27 00:00:00,1537.0999999999997
2006-03-28 00:00:00,1542.8999999999994
2006-03-29 00:00:00,1545.2999999999995
2006-03-30 00:00:00,1560.0999999999997
2006-03-31 00:00:00,1527.7999999999995
2006-04-03 00:00:00,1546.4999999999993
2006-04-04 00:00:00,1548.9999999999993
2006-04-05 00:00:00,1537.9999999999993
2006-04-06 00:00:00,1554.1999999999996
2006-04-07 00:00:00,1534.3999999999994
2006-04-10 00:00:00,1563.2999999999995
2006-04-11 00:00:00,1551.9999999999993
2006-04-12 00:00:00,1558.3999999999994
2006-04-13 00:00:00,1546.5999999999997
2006-04-17 00:00:00,1569.4999999999993
2006-04-18 00:00:00,1580.4999999999993
2006-04-19 00:00:00,1588.2999999999995
2006-04-20 00:00:00,1566.1999999999996
2006-04-21 00:00:00,1596.5999999999997
2006-04-24 00:00:00,1590.0999999999997
2006-04-25 00:00:00,1601.8999999999994
2006-04-26 00:00:00,1605.3999999999994
2006-04-27 00:00:00,1603.4999999999993
2006-04-28 00:00:00,1620.6999999999996
2006-05-01 00:00:00,1635.1999999999996
2006-05-02 00:00:00,1642.7999999999995
2006-05-03 00:00:00,1644.0999999999997
2006-05-04 00:00:00,1633.7999999999995
2006-05-05 00:00:00,1646.4999999999993
2006-05-08 00:00:00,1659.2999999999995
2006-05-09 00:00:00,1696.6999999999996
2006-05-10 00:00:00,1717.0999999999997
2006-05-11 00:00:00,1752.9999999999993
2006-05-12 00:00:00,1775.8999999999994
2006-05-15 00:00:00,1742.1999999999996
2006-05-16 00:00:00,1760.2999999999995
2006-05-17 00:00:00,1773.7999999999995
2006-05-18 00:00:00,1755.1999999999996
2006-05-19 00:00:00,1770.7999999999995
2006-05-22 00:00:00,1741.9999999999993
2006-05-23 00:00:00,1778.8999999999994
2006-05-24 00:00:00,1742.4999999999993
2006-05-25 00:00:00,1752.3999999999994
2006-05-26 00:00:00,1755.4999999999993
2006-05-30 00:00:00,1748.7999999999995
2006-05-31 00:00:00,1704.1999999999996
2006-06-01 00:00:00,1687.1999999999996
2006-06-02 00:00:00,1702.2999999999995
2006-06-05 00:00:00,1715.8999999999994
2006-06-06 00:00:00,1693.2999999999995
2006-06-07 00:00:00,1688.8999999999994
2006-06-08 00:00:00,1647.4999999999993
2006-06-09 00:00:00,1647.5999999999997
2006-06-12 00:00:00,1628.7999999999995
2006-06-13 00:00:00,1575.8999999999994
2006-06-14 00:00:00,1596.2999999999995
2006-06-15 00:00:00,1618.2999999999995
2006-06-16 00:00:00,1601.9999999999993
2006-06-19 00:00:00,1595.1999999999996
2006-06-20 00:00:00,1625.8999999999994
2006-06-21 00:00:00,1651.2999999999995
2006-06-22 00:00:00,1633.4999999999993
2006-06-23 00:00:00,1624.2999999999995
2006-06-26 00:00:00,1638.6999999999996
2006-06-27 00:00:00,1645.6999999999996
2006-06-28 00:00:00,1634.8999999999994
2006-06-29 00:00:00,1642.3999999999994
2006-06-30 00:00:00,1683.3999999999994
2006-07-05 00:00:00,1690.2999999999995
2006-07-06 00:00:00,1691.2999999999995
2006-07-07 00:00:00,1685.3999999999994
2006-07-10 00:00:00,1672.3999999999994
2006-07-11 00:00:00,1695.6999999999996
2006-07-12 00:00:00,1709.2999999999995
2006-07-13 00:00:00,1705.6999999999996
2006-07-14 00:00:00,1709.1999999999996
2006-07-17 00:00:00,1691.6999999999996
2006-07-18 00:00:00,1676.2999999999995
2006-07-19 00:00:00,1679.1999999999996
2006-07-20 00:00:00,1667.9999999999993
2006-07-21 00:00:00,1662.1999999999996
2006-07-24 00:00:00,1650.9999999999993
2006-07-25 00:00:00,1671.1999999999996
2006-07-26 00:00:00,1676.0999999999997
2006-07-27 00:00:00,1683.6999999999996
2006-07-28 00:00:00,1675.3999999999994
2006-07-31 00:00:00,1683.2999999999995
2006-08-01 00:00:00,1700.1999999999996
2006-08-02 00:00:00,1702.2999999999995
2006-08-03 00:00:00,1688.1999999999996
2006-08-04 00:00:00,1697.6999999999996
2006-08-07 00:00:00,1708.5999999999997
2006-08-08 00:00:00,1697.6999999999996
2006-08-09 00:00:00,1704.6999999999996
2006-08-10 00:00:00,1692.1999999999996
2006-08-11 00:00:00,1696.0999999999997
2006-08-14 00:00:00,1674.9999999999993
2006-08-15 00:00:00,1683.0999999999997
2006-08-16 00:00:00,1692.6999999999996
2006-08-17 00:00:00,1674.9999999999993
2006-08-18 00:00:00,1665.2999999999995
2006-08-21 00:00:00,1683.7999999999995
2006-08-22 00:00:00,1679.4999999999993
2006-08-23 00:00:00,1678.1999999999996
2006-08-24 00:00:00,1679.3999999999994
2006-08-25 00:00:00,1674.6999999999996
2006-08-28 00:00:00,1669.3999999999994
2006-08-29 00:00:00,1669.1999999999996
2006-08-30 00:00:00,1679.1999999999996
2006-08-31 00:00:00,1692.8999999999994
2006-09-01 00:00:00,1696.4999999999993
2006-09-05 00:00:00,1721.1999999999996
2006-09-06 00:00:00,1716.6999999999996
2006-09-07 00:00:00,1698.5999999999997
2006-09-08 00:00:00,1671.1999999999996
2006-09-11 00:00:00,1642.2999999999995
2006-09-12 00:00:00,1650.1999999999996
2006-09-13 00:00:00,1627.4999999999993
2006-09-14 00:00:00,1621.1999999999996
2006-09-15 00:00:00,1605.3999999999994
2006-09-18 00:00:00,1608.5999999999997
2006-09-19 00:00:00,1596.5999999999997
2006-09-20 00:00:00,1581.6999999999996
2006-09-21 00:00:00,1581.1999999999996
2006-09-22 00:00:00,1589.7999999999995
2006-09-25 00:00:00,1574.8999999999994
2006-09-26 00:00:00,1573.2999999999995
2006-09-27 00:00:00,1580.6999999999996
2006-09-28 00:00:00,1593.6999999999996
2006-09-29 00:00:00,1583.8999999999994
2006-10-02 00:00:00,1592.8999999999994
2006-10-03 00:00:00,1563.5999999999997
2006-10-04 00:00:00,1516.0999999999997
2006-10-05 00:00:00,1519.8999999999994
2006-10-06 00:00:00,1514.4999999999993
2006-10-09 00:00:00,1528.5999999999997
2006-10-10 00:00:00,1509.3999999999994
2006-10-11 00:00:00,1506.4999999999993
2006-10-12 00:00:00,1508.2999999999995
2006-10-13 00:00:00,1516.9999999999993
2006-10-16 00:00:00,1524.9999999999993
2006-10-17 00:00:00,1516.6999999999996
2006-10-18 00:00:00,1526.7999999999995
2006-10-19 00:00:00,1528.4999999999993
2006-10-20 00:00:00,1515.7999999999995
2006-10-23 00:00:00,1508.0999999999997
2006-10-24 00:00:00,1496.7999999999995
2006-10-25 00:00:00,1502.6999999999996
2006-10-26 00:00:00,1516.9999999999993
2006-10-27 00:00:00,1513.3999999999994
2006-10-30 00:00:00,1526.8999999999994
2006-10-31 00:00:00,1520.1999999999996
2006-11-01 00:00:00,1534.3999999999994
2006-11-02 00:00:00,1597.8999999999994
2006-11-03 00:00:00,1643.0999999999997
2006-11-06 00:00:00,1630.3999999999994
2006-11-07 00:00:00,1625.9999999999993
2006-11-08 00:00:00,1600.9999999999993
2006-11-09 00:00:00,1634.6999999999996
2006-11-10 00:00:00,1643.2999999999995
2006-11-13 00:00:00,1637.5999999999997
2006-11-14 00:00:00,1606.8999999999994
2006-11-15 00:00:00,1604.4999999999993
2006-11-16 00:00:00,1622.9999999999993
2006-11-17 00:00:00,1625.7999999999995
2006-11-20 00:00:00,1667.9999999999993
2006-11-21 00:00:00,1652.7999999999995
2006-11-22 00:00:00,1587.6999999999996
2006-11-27 00:00:00,1581.0999999999997
2006-11-28 00:00:00,1584.2999999999995
2006-11-29 00:00:00,1586.0999999999997
2006-11-30 00:00:00,1610.3999999999994
2006-12-01 00:00:00,1588.1999999999996
2006-12-04 00:00:00,1593.6999999999996
2006-12-05 00:00:00,1567.3999999999994
2006-12-06 00:00:00,1559.3999999999994
2006-12-07 00:00:00,1558.5999999999997
2006-12-08 00:00:00,1541.4999999999993
2006-12-11 00:00:00,1542.8999999999994
2006-12-12 00:00:00,1548.6999999999996
2006-12-13 00:00:00,1541.4999999999993
2006-12-14 00:00:00,1546.3999999999994
2006-12-15 00:00:00,1538.1999999999996
2006-12-18 00:00:00,1535.7999999999995
2006-12-19 00:00:00,1552.1999999999996
2006-12-20 00:00:00,1559.6999999999996
2006-12-21 00:00:00,1557.9999999999993
2006-12-22 00:00:00,1555.1999999999996
2006-12-26 00:00:00,1556.6999999999996
2006-12-27 00:00:00,1549.3999999999994
2006-12-28 00:00:00,1549.8999999999994
2006-12-29 00:00:00,1569.4999999999993
2007-01-03 00:00:00,1560.5999999999997
2007-01-04 00:00:00,1560.6999999999996
2007-01-05 00:00:00,1537.1999999999996
2007-01-08 00:00:00,1552.0999999999997
2007-01-09 00:00:00,1558.8999999999994
2007-01-10 00:00:00,1581.9999999999993
2007-01-11 00:00:00,1569.9999999999993
2007-01-12 00:00:00,1577.2999999999995
2007-01-16 00:00:00,1570.9999999999993
2007-01-17 00:00:00,1579.7999999999995
2007-01-18 00:00:00,1593.6999999999996
2007-01-19 00:00:00,1593.6999999999996
2007-01-22 00:00:00,1590.2999999999995
2007-01-23 00:00:00,1608.3999999999994
2007-01-24 00:00:00,1598.2999999999995
2007-01-25 00:00:00,1613.1999999999996
2007-01-26 00:00:00,1606.6999999999996
2007-01-29 00:00:00,1599.8999999999994
2007-01-30 00:00:00,1605.7999999999995
2007-01-31 00:00:00,1607.4999999999993
2007-02-01 00:00:00,1617.9999999999993
2007-02-02 00:00:00,1588.6999999999996
2007-02-05 00:00:00,1596.8999999999994
2007-02-06 00:00:00,1615.4999999999993
2007-02-07 00:00:00,1628.1999999999996
2007-02-08 00:00:00,1623.4999999999993
2007-02-09 00:00:00,1626.9999999999993
2007-02-12 00:00:00,1616.4999999999993
2007-02-13 00:00:00,1631.1999999999996
2007-02-14 00:00:00,1642.2999999999995
2007-02-15 00:00:00,1642.0999999999997
2007-02-16 00:00:00,1635.5999999999997
2007-02-20 00:00:00,1644.2999999999995
2007-02-21 00:00:00,1658.3999999999994
2007-02-22 00:00:00,1655.1999999999996
2007-02-23 00:00:00,1662.7999999999995
2007-02-26 00:00:00,1667.1999999999996
2007-02-27 00:00:00,1678.4999999999993
2007-02-28 00:00:00,1681.5999999999997
2007-03-01 00:00:00,1670.3999999999994
2007-03-02 00:00:00,1636.9999999999993
2007-03-05 00:00:00,1605.7999999999995
2007-03-06 00:00:00,1623.9999999999993
2007-03-07 00:00:00,1617.6999999999996
2007-03-08 00:00:00,1639.6999999999996
2007-03-09 00:00:00,1628.8999999999994
2007-03-12 00:00:00,1638.9999999999993
2007-03-13 00:00:00,1648.7999999999995
2007-03-14 00:00:00,1626.1999999999996
2007-03-15 00:00:00,1640.8999999999994
2007-03-16 00:00:00,1646.3999999999994
2007-03-19 00:00:00,1659.8999999999994
2007-03-20 00:00:00,1660.4999999999993
2007-03-21 00:00:00,1655.1999999999996
2007-03-22 00:00:00,1666.1999999999996
2007-03-23 00:00:00,1658.5999999999997
2007-03-26 00:00:00,1661.6999999999996
2007-03-27 00:00:00,1667.1999999999996
2007-03-28 00:00:00,1675.9999999999993
2007-03-29 00:00:00,1665.7999999999995
2007-03-30 00:00:00,1672.9999999999993
2007-04-02 00:00:00,1667.1999999999996
2007-04-03 00:00:00,1670.4999999999993
2007-04-04 00:00:00,1677.0999999999997
2007-04-05 00:00:00,1684.0999999999997
2007-04-09 00:00:00,1682.4999999999993
2007-04-10 00:00:00,1691.7999999999995
2007-04-11 00:00:00,1699.4999999999993
2007-04-12 00:00:00,1697.6999999999996
2007-04-13 00:00:00,1704.5999999999997
2007-04-16 00:00:00,1707.6999999999996
2007-04-17 00:00:00,1699.0999999999997
2007-04-18 00:00:00,1725.0999999999997
2007-04-19 00:00:00,1727.9999999999993
2007-04-20 00:00:00,1759.3999999999994
2007-04-23 00:00:00,1749.8999999999994
2007-04-24 00:00:00,1729.6999999999996
2007-04-25 00:00:00,1735.3999999999994
2007-04-26 00:00:00,1721.7999999999995
2007-04-27 00:00:00,1711.1999999999996
2007-04-30 00:00:00,1716.5999999999997
2007-05-01 00:00:00,1719.0999999999997
2007-05-02 00:00:00,1717.2999999999995
2007-05-03 00:00:00,1728.9999999999993
2007-05-04 00:00:00,1746.9999999999993
2007-05-07 00:00:00,1769.0999999999997
2007-05-08 00:00:00,1761.3999999999994
2007-05-09 00:00:00,1757.6999999999996
2007-05-10 00:00:00,1742.3999999999994
2007-05-11 00:00:00,1759.8999999999994
2007-05-14 00:00:00,1747.4999999999993
2007-05-15 00:00:00,1757.7999999999995
2007-05-16 00:00:00,1743.9999999999993
2007-05-17 00:00:00,1736.0999999999997
2007-05-18 00:00:00,1744.3999999999994
2007-05-21 00:00:00,1737.8999999999994
2007-05-22 00:00:00,1716.8999999999994
2007-05-23 00:00:00,1725.1999999999996
2007-05-24 00:00:00,1708.8999999999994
2007-05-25 00:00:00,1695.9999999999993
2007-05-29 00:00:00,1682.9999999999993
2007-05-30 00:00:00,1682.1999999999996
2007-05-31 00:00:00,1703.9999999999993
2007-06-01 00:00:00,1713.7999999999995
2007-06-04 00:00:00,1721.1999999999996
2007-06-05 00:00:00,1716.9999999999993
2007-06-06 00:00:00,1718.2999999999995
2007-06-07 00:00:00,1713.6999999999996
2007-06-08 00:00:00,1704.9999999999993
2007-06-11 00:00:00,1716.1999999999996
2007-06-12 00:00:00,1714.5999999999997
2007-06-13 00:00:00,1701.6999999999996
2007-06-14 00:00:00,1705.1999999999996
2007-06-15 00:00:00,1704.1999999999996
2007-06-18 00:00:00,1717.6999999999996
2007-06-19 00:00:00,1716.6999999999996
2007-06-20 00:00:00,1718.9999999999993
2007-06-21 00:00:00,1717.1999999999996
2007-06-22 00:00:00,1726.1999999999996
2007-06-25 00:00:00,1709.8999999999994
2007-06-26 00:00:00,1686.4999999999993
2007-06-27 00:00:00,1693.6999999999996
2007-06-28 00:00:00,1695.8999999999994
2007-06-29 00:00:00,1696.3999999999994
2007-07-02 00:00:00,1704.9999999999993
2007-07-03 00:00:00,1704.0999999999997
2007-07-05 00:00:00,1713.6999999999996
2007-07-06 00:00:00,1720.9999999999993
2007-07-09 00:00:00,1727.8999999999994
2007-07-10 00:00:00,1723.3999999999994
2007-07-11 00:00:00,1725.9999999999993
2007-07-12 00:00:00,1740.5999999999997
2007-07-13 00:00:00,1737.3999999999994
2007-07-16 00:00:00,1736.9999999999993
2007-07-17 00:00:00,1732.4999999999993
2007-07-18 00:00:00,1747.0999999999997
2007-07-19 00:00:00,1748.3999999999994
2007-07-20 00:00:00,1756.4999999999993
2007-07-23 00:00:00,1751.7999999999995
2007-07-24 00:00:00,1743.4999999999993
2007-07-25 00:00:00,1740.7999999999995
2007-07-26 00:00:00,1737.9999999999993
2007-07-27 00:00:00,1696.5999999999997
2007-07-30 00:00:00,1696.6999999999996
2007-07-31 00:00:00,1712.4999999999993
2007-08-01 00:00:00,1700.7999999999995
2007-08-02 00:00:00,1708.8999999999994
2007-08-03 00:00:00,1707.8999999999994
2007-08-06 00:00:00,1708.8999999999994
2007-08-07 00:00:00,1701.1999999999996
2007-08-08 00:00:00,1700.9999999999993
2007-08-09 00:00:00,1685.1999999999996
2007-08-10 00:00:00,1689.1999999999996
2007-08-13 00:00:00,1696.9999999999993
2007-08-14 00:00:00,1686.8999999999994
2007-08-15 00:00:00,1681.3999999999994
2007-08-16 00:00:00,1639.8999999999994
2007-08-17 00:00:00,1641.4999999999993
2007-08-20 00:00:00,1657.2999999999995
2007-08-21 00:00:00,1661.2999999999995
2007-08-22 00:00:00,1658.4999999999993
2007-08-23 00:00:00,1654.9999999999993
2007-08-24 00:00:00,1656.8999999999994
2007-08-27 00:00:00,1662.1999999999996
2007-08-28 00:00:00,1670.4999999999993
2007-08-29 00:00:00,1676.6999999999996
2007-08-30 00:00:00,1669.9999999999993
2007-08-31 00:00:00,1681.4999999999993
2007-09-04 00:00:00,1683.5999999999997
2007-09-05 00:00:00,1682.8999999999994
2007-09-06 00:00:00,1698.7999999999995
2007-09-07 00:00:00,1704.8999999999994
2007-09-10 00:00:00,1703.8999999999994
2007-09-11 00:00:00,1712.4999999999993
2007-09-12 00:00:00,1714.5999999999997
2007-09-13 00:00:00,1709.7999999999995
2007-09-14 00:00:00,1709.0999999999997
2007-09-17 00:00:00,1712.4999999999993
2007-09-18 00:00:00,1716.5999999999997
2007-09-19 00:00:00,1718.3999999999994
2007-09-20 00:00:00,1738.4999999999993
2007-09-21 00:00:00,1741.4999999999993
2007-09-24 00:00:00,1754.0999999999997
2007-09-25 00:00:00,1759.2999999999995
2007-09-26 00:00:00,1761.3999999999994
2007-09-27 00:00:00,1774.5999999999997
2007-09-28 00:00:00,1799.7999999999995
2007-10-01 00:00:00,1802.7999999999995
2007-10-02 00:00:00,1756.5999999999997
2007-10-03 00:00:00,1770.4999999999998
2007-10-04 00:00:00,1779.9999999999998
2007-10-05 00:00:00,1789.3999999999994
2007-10-08 00:00:00,1774.7999999999995
2007-10-09 00:00:00,1781.1999999999996
2007-10-10 00:00:00,1799.5999999999997
2007-10-11 00:00:00,1821.9999999999998
2007-10-12 00:00:00,1815.7999999999995
2007-10-15 00:00:00,1824.9999999999998
2007-10-16 00:00:00,1823.9999999999998
2007-10-17 00:00:00,1839.7999999999995
2007-10-18 00:00:00,1849.1999999999996
2007-10-19 00:00:00,1850.1999999999996
2007-10-22 00:00:00,1841.3999999999994
2007-10-23 00:00:00,1854.5999999999997
2007-10-24 00:00:00,1844.5999999999997
2007-10-25 00:00:00,1855.2999999999995
2007-10-26 00:00:00,1870.6999999999996
2007-10-29 00:00:00,1867.0999999999997
2007-10-30 00:00:00,1842.4999999999998
2007-10-31 00:00:00,1849.1999999999996
2007-11-01 00:00:00,1852.3999999999994
2007-11-02 00:00:00,1864.2999999999995
2007-11-05 00:00:00,1868.0999999999997
2007-11-06 00:00:00,1885.2999999999995
2007-11-07 00:00:00,1863.8999999999994
2007-11-08 00:00:00,1875.1999999999996
2007-11-09 00:00:00,1827.5999999999997
2007-11-12 00:00:00,1792.3999999999994
2007-11-13 00:00:00,1813.8999999999994
2007-11-14 00:00:00,1847.6999999999996
2007-11-15 00:00:00,1826.9999999999998
2007-11-16 00:00:00,1854.7999999999995
2007-11-19 00:00:00,1858.6999999999996
2007-11-20 00:00:00,1871.2999999999995
2007-11-21 00:00:00,1868.7999999999995
2007-11-23 00:00:00,1882.0999999999997
2007-11-26 00:00:00,1870.1999999999996
2007-11-27 00:00:00,1855.0999999999997
2007-11-28 00:00:00,1839.8999999999994
2007-11-29 00:00:00,1841.0999999999997
2007-11-30 00:00:00,1845.6999999999996
2007-12-03 00:00:00,1862.9999999999998
2007-12-04 00:00:00,1873.8999999999994
2007-12-05 00:00:00,1869.8999999999994
2007-12-06 00:00:00,1871.7999999999995
2007-12-07 00:00:00,1863.7999999999995
2007-12-10 00:00:00,1867.8999999999994
2007-12-11 00:00:00,1868.8999999999994
2007-12-12 00:00:00,1881.3999999999994
2007-12-13 00:00:00,1873.1999999999996
2007-12-14 00:00:00,1880.7999999999995
2007-12-17 00:00:00,1905.1999999999996
2007-12-18 00:00:00,1916.8999999999994
2007-12-19 00:00:00,1925.3999999999994
2007-12-20 00:00:00,1919.0999999999997
2007-12-21 00:00:00,1937.8999999999994
2007-12-24 00:00:00,1937.7999999999995
2007-12-26 00:00:00,1950.8999999999994
2007-12-27 00:00:00,1940.3999999999994
2007-12-28 00:00:00,1942.0999999999997
2007-12-31 00:00:00,1927.9999999999998
2008-01-02 00:00:00,1948.5999999999997
2008-01-03 00:00:00,1954.3999999999994
2008-01-04 00:00:00,1949.6999999999996
2008-01-07 00:00:00,1933.6999999999996
2008-01-08 00:00:00,1963.0999999999997
2008-01-09 00:00:00,1960.8999999999994
2008-01-10 00:00:00,1966.2999999999995
2008-01-11 00:00:00,1971.9999999999998
2008-01-14 00:00:00,1986.5999999999997
2008-01-15 00:00:00,1988.0999999999997
2008-01-16 00:00:00,1969.6999999999996
2008-01-17 00:00:00,1968.3999999999994
2008-01-18 00:00:00,1968.0999999999997
2008-01-22 00:00:00,1961.1999999999996
2008-01-23 00:00:00,1961.6999999999996
2008-01-24 00:00:00,2015.5999999999997
2008-01-25 00:00:00,2082.7
2008-01-28 00:00:00,2131.3
2008-01-29 00:00:00,2124.5
2008-01-30 00:00:00,2090.0
2008-01-31 00:00:00,2140.0
2008-02-01 00:00:00,2172.8
2008-02-04 00:00:00,2200.2
2008-02-05 00:00:00,2188.1000000000004
2008-02-06 00:00:00,2221.5999999999995
2008-02-07 00:00:00,2253.999999999999
2008-02-08 00:00:00,2286.5999999999995
2008-02-11 00:00:00,2341.999999999999
2008-02-12 00:00:00,2324.3999999999987
2008-02-13 00:00:00,2386.2999999999984
2008-02-14 00:00:00,2408.499999999998
2008-02-15 00:00:00,2466.2999999999975
2008-02-19 00:00:00,2555.699999999998
2008-02-20 00:00:00,2541.399999999998
2008-02-21 00:00:00,2590.7999999999975
2008-02-22 00:00:00,2570.399999999998
2008-02-25 00:00:00,2556.0999999999976
2008-02-26 00:00:00,2558.499999999998
2008-02-27 00:00:00,2554.899999999998
2008-02-28 00:00:00,2557.399999999998
2008-02-29 00:00:00,2583.2999999999975
2008-03-03 00:00:00,2644.199999999998
2008-03-04 00:00:00,2669.5999999999976
2008-03-05 00:00:00,2678.699999999998
2008-03-06 00:00:00,2603.399999999998
2008-03-07 00:00:00,2444.2999999999984
2008-03-10 00:00:00,2441.699999999998
2008-03-11 00:00:00,2454.999999999998
2008-03-12 00:00:00,2472.5999999999976
2008-03-13 00:00:00,2500.0999999999976
2008-03-14 00:00:00,2478.5999999999976
2008-03-17 00:00:00,2375.999999999999
2008-03-18 00:00:00,2370.5999999999985
2008-03-19 00:00:00,2289.5999999999995
2008-03-20 00:00:00,2279.8999999999987
2008-03-24 00:00:00,2291.7999999999993
2008-03-25 00:00:00,2388.499999999998
2008-03-26 00:00:00,2415.199999999998
2008-03-27 00:00:00,2446.2999999999984
2008-03-28 00:00:00,2440.399999999998
2008-03-31 00:00:00,2434.999999999998
2008-04-01 00:00:00,2329.3999999999987
2008-04-02 00:00:00,2356.199999999999
2008-04-03 00:00:00,2404.499999999998
2008-04-04 00:00:00,2422.0999999999976
2008-04-07 00:00:00,2438.499999999998
2008-04-08 00:00:00,2421.199999999998
2008-04-09 00:00:00,2436.199999999998
2008-04-10 00:00:00,2436.5999999999976
2008-04-11 00:00:00,2419.699999999998
2008-04-14 00:00:00,2373.0999999999985
2008-04-15 00:00:00,2377.999999999998
2008-04-16 00:00:00,2428.899999999998
2008-04-17 00:00:00,2453.0999999999976
2008-04-18 00:00:00,2462.899999999998
2008-04-21 00:00:00,2418.899999999998
2008-04-22 00:00:00,2428.999999999998
2008-04-23 00:00:00,2410.399999999998
2008-04-24 00:00:00,2362.2999999999984
2008-04-25 00:00:00,2359.5999999999985
2008-04-28 00:00:00,2370.199999999998
2008-04-29 00:00:00,2331.699999999999
2008-04-30 00:00:00,2326.7999999999993
2008-05-01 00:00:00,2273.8999999999987
2008-05-02 00:00:00,2299.7999999999993
2008-05-05 00:00:00,2318.999999999999
2008-05-06 00:00:00,2361.3999999999987
2008-05-07 00:00:00,2360.5999999999985
2008-05-08 00:00:00,2433.899999999998
2008-05-09 00:00:00,2493.399999999998
2008-05-12 00:00:00,2514.899999999998
2008-05-13 00:00:00,2464.999999999998
2008-05-14 00:00:00,2430.699999999998
2008-05-15 00:00:00,2468.499999999998
2008-05-16 00:00:00,2523.5999999999976
2008-05-19 00:00:00,2549.7999999999975
2008-05-20 00:00:00,2539.399999999998
2008-05-21 00:00:00,2612.699999999998
2008-05-22 00:00:00,2575.399999999998
2008-05-23 00:00:00,2567.899999999998
2008-05-27 00:00:00,2519.699999999998
2008-05-28 00:00:00,2458.499999999998
2008-05-29 00:00:00,2381.7999999999984
2008-05-30 00:00:00,2405.399999999998
2008-06-02 00:00:00,2407.199999999998
2008-06-03 00:00:00,2389.7999999999984
2008-06-04 00:00:00,2386.499999999998
2008-06-05 00:00:00,2404.0999999999985
2008-06-06 00:00:00,2472.899999999998
2008-06-09 00:00:00,2451.199999999998
2008-06-10 00:00:00,2394.499999999998
2008-06-11 00:00:00,2428.699999999998
2008-06-12 00:00:00,2417.499999999998
2008-06-13 00:00:00,2428.5999999999976
2008-06-16 00:00:00,2442.2999999999975
2008-06-17 00:00:00,2455.899999999998
2008-06-18 00:00:00,2483.499999999998
2008-06-19 00:00:00,2447.399999999998
2008-06-20 00:00:00,2453.999999999998
2008-06-23 00:00:00,2430.7999999999984
2008-06-24 00:00:00,2416.5999999999985
2008-06-25 00:00:00,2405.0999999999985
2008-06-26 00:00:00,2460.399999999998
2008-06-27 00:00:00,2450.699999999998
2008-06-30 00:00:00,2460.2999999999975
2008-07-01 00:00:00,2476.9999999999973
2008-07-02 00:00:00,2465.2999999999975
2008-07-03 00:00:00,2418.699999999998
2008-07-07 00:00:00,2372.0999999999985
2008-07-08 00:00:00,2341.199999999998
2008-07-09 00:00:00,2360.2999999999984
2008-07-10 00:00:00,2386.699999999998
2008-07-11 00:00:00,2435.499999999998
2008-07-14 00:00:00,2424.2999999999975
2008-07-15 00:00:00,2370.199999999998
2008-07-16 00:00:00,2326.699999999999
2008-07-17 00:00:00,2288.699999999999
2008-07-18 00:00:00,2243.5999999999985
2008-07-21 00:00:00,2239.2999999999984
2008-07-22 00:00:00,2196.5
2008-07-23 00:00:00,2149.0999999999995
2008-07-24 00:00:00,2102.0999999999995
2008-07-25 00:00:00,2146.999999999999
2008-07-28 00:00:00,2165.0
2008-07-29 00:00:00,2133.7
2008-07-30 00:00:00,2126.3999999999987
2008-07-31 00:00:00,2150.199999999999
2008-08-01 00:00:00,2043.5999999999992
2008-08-04 00:00:00,1951.299999999999
2008-08-05 00:00:00,1972.799999999999
2008-08-06 00:00:00,1998.299999999999
2008-08-07 00:00:00,1970.899999999999
2008-08-08 00:00:00,1947.899999999999
2008-08-11 00:00:00,1923.799999999999
2008-08-12 00:00:00,1867.0999999999992
2008-08-13 00:00:00,1904.799999999999
2008-08-14 00:00:00,1877.399999999999
2008-08-15 00:00:00,1776.4999999999993
2008-08-18 00:00:00,1782.1999999999991
2008-08-19 00:00:00,1739.5999999999992
2008-08-20 00:00:00,1757.1999999999991
2008-08-21 00:00:00,1847.0999999999992
2008-08-22 00:00:00,1829.4999999999993
2008-08-25 00:00:00,1823.299999999999
2008-08-26 00:00:00,1809.399999999999
2008-08-27 00:00:00,1828.9999999999993
2008-08-28 00:00:00,1872.4999999999993
2008-08-29 00:00:00,1878.0999999999992
2008-09-02 00:00:00,1791.799999999999
2008-09-03 00:00:00,1780.4999999999993
2008-09-04 00:00:00,1790.4999999999993
2008-09-05 00:00:00,1756.0999999999992
2008-09-08 00:00:00,1741.1999999999991
2008-09-09 00:00:00,1650.399999999999
2008-09-10 00:00:00,1580.299999999999
2008-09-11 00:00:00,1540.4999999999993
2008-09-12 00:00:00,1598.799999999999
2008-09-15 00:00:00,1564.4999999999993
2008-09-16 00:00:00,1456.799999999999
2008-09-17 00:00:00,1474.5999999999992
2008-09-18 00:00:00,1525.899999999999
2008-09-19 00:00:00,1535.299999999999
2008-09-22 00:00:00,1624.0999999999992
2008-09-23 00:00:00,1600.299999999999
2008-09-24 00:00:00,1613.299999999999
2008-09-25 00:00:00,1572.4999999999993
2008-09-26 00:00:00,1501.9999999999993
2008-09-29 00:00:00,1463.7999999999995
2008-09-30 00:00:00,1407.3999999999994
2008-10-01 00:00:00,1421.9999999999993
2008-10-02 00:00:00,1365.4999999999993
2008-10-03 00:00:00,1344.6999999999991
2008-10-06 00:00:00,1365.3999999999994
2008-10-07 00:00:00,1399.5999999999992
2008-10-08 00:00:00,1390.9999999999993
2008-10-09 00:00:00,1422.5999999999992
2008-10-10 00:00:00,1384.0999999999992
2008-10-13 00:00:00,1376.4999999999993
2008-10-14 00:00:00,1422.4999999999993
2008-10-15 00:00:00,1354.0999999999992
2008-10-16 00:00:00,1270.1999999999996
2008-10-17 00:00:00,1259.8999999999994
2008-10-20 00:00:00,1271.3999999999994
2008-10-21 00:00:00,1270.5999999999997
2008-10-22 00:00:00,1236.0999999999997
2008-10-23 00:00:00,1191.4999999999993
2008-10-24 00:00:00,1181.1999999999991
2008-10-27 00:00:00,1176.0999999999992
2008-10-28 00:00:00,1187.6999999999996
2008-10-29 00:00:00,1195.4999999999993
2008-10-30 00:00:00,1209.4999999999998
2008-10-31 00:00:00,1210.4999999999998
2008-11-03 00:00:00,1205.9999999999998
2008-11-04 00:00:00,1236.5999999999997
2008-11-05 00:00:00,1258.8999999999994
2008-11-06 00:00:00,1217.1999999999996
2008-11-07 00:00:00,1230.8999999999999
2008-11-10 00:00:00,1238.7999999999995
2008-11-11 00:00:00,1205.4999999999998
2008-11-12 00:00:00,1203.9999999999998
2008-11-13 00:00:00,1191.8999999999994
2008-11-14 00:00:00,1223.9999999999998
2008-11-17 00:00:00,1199.4999999999993
2008-11-18 00:00:00,1215.8999999999999
2008-11-19 00:00:00,1202.5999999999997
2008-11-20 00:00:00,1168.9999999999993
2008-11-21 00:00:00,1204.5999999999997
2008-11-24 00:00:00,1245.2999999999995
2008-11-25 00:00:00,1250.4999999999993
2008-11-26 00:00:00,1248.5999999999997
2008-11-28 00:00:00,1261.1999999999991
2008-12-01 00:00:00,1188.7999999999995
2008-12-02 00:00:00,1186.1999999999991
2008-12-03 00:00:00,1183.9999999999993
2008-12-04 00:00:00,1177.6999999999991
2008-12-05 00:00:00,1166.0999999999992
2008-12-08 00:00:00,1222.1999999999996
2008-12-09 00:00:00,1191.3999999999994
2008-12-10 00:00:00,1218.8999999999999
2008-12-11 00:00:00,1224.3999999999994
2008-12-12 00:00:00,1200.9999999999993
2008-12-15 00:00:00,1218.0999999999997
2008-12-16 00:00:00,1228.3999999999994
2008-12-17 00:00:00,1244.0999999999997
2008-12-18 00:00:00,1242.7999999999995
2008-12-19 00:00:00,1230.1999999999996
2008-12-22 00:00:00,1236.0999999999997
2008-12-23 00:00:00,1225.3999999999994
2008-12-24 00:00:00,1238.2999999999995
2008-12-26 00:00:00,1269.0999999999997
2008-12-29 00:00:00,1296.7999999999995
2008-12-30 00:00:00,1290.7999999999995
2008-12-31 00:00:00,1314.8999999999994
2009-01-02 00:00:00,1320.0999999999992
2009-01-05 00:00:00,1330.9999999999993
2009-01-06 00:00:00,1341.5999999999992
2009-01-07 00:00:00,1363.4999999999993
2009-01-08 00:00:00,1367.9999999999993
2009-01-09 00:00:00,1378.8999999999994
2009-01-12 00:00:00,1347.299999999999
2009-01-13 00:00:00,1329.3999999999994
2009-01-14 00:00:00,1309.1999999999991
2009-01-15 00:00:00,1295.5999999999992
2009-01-16 00:00:00,1326.6999999999991
2009-01-20 00:00:00,1322.6999999999991
2009-01-21 00:00:00,1300.9999999999993
2009-01-22 00:00:00,1308.2999999999995
2009-01-23 00:00:00,1331.3999999999994
2009-01-26 00:00:00,1347.299999999999
2009-01-27 00:00:00,1331.5999999999992
2009-01-28 00:00:00,1336.299999999999
2009-01-29 00:00:00,1348.299999999999
2009-01-30 00:00:00,1364.6999999999991
2009-02-02 00:00:00,1352.4999999999993
2009-02-03 00:00:00,1336.8999999999994
2009-02-04 00:00:00,1343.0999999999992
2009-02-05 00:00:00,1355.3999999999994
2009-02-06 00:00:00,1377.6999999999991
2009-02-09 00:00:00,1369.299999999999
2009-02-10 00:00:00,1408.2999999999995
2009-02-11 00:00:00,1454.0999999999992
2009-02-12 00:00:00,1451.2999999999995
2009-02-13 00:00:00,1434.3999999999994
2009-02-17 00:00:00,1471.6999999999991
2009-02-18 00:00:00,1472.2999999999995
2009-02-19 00:00:00,1449.8999999999994
2009-02-20 00:00:00,1469.0999999999992
2009-02-23 00:00:00,1452.8999999999994
2009-02-24 00:00:00,1422.0999999999992
2009-02-25 00:00:00,1432.4999999999993
2009-02-26 00:00:00,1425.4999999999993
2009-02-27 00:00:00,1458.6999999999991
2009-03-02 00:00:00,1449.2999999999995
2009-03-03 00:00:00,1409.6999999999991
2009-03-04 00:00:00,1418.1999999999991
2009-03-05 00:00:00,1437.9999999999993
2009-03-06 00:00:00,1452.0999999999992
2009-03-09 00:00:00,1437.0999999999992
2009-03-10 00:00:00,1417.1999999999991
2009-03-11 00:00:00,1430.5999999999992
2009-03-12 00:00:00,1424.8999999999994
2009-03-13 00:00:00,1436.9999999999993
2009-03-16 00:00:00,1422.7999999999995
2009-03-17 00:00:00,1425.1999999999991
2009-03-18 00:00:00,1415.7999999999995
2009-03-19 00:00:00,1495.1999999999991
2009-03-20 00:00:00,1487.5999999999992
2009-03-23 00:00:00,1516.6999999999991
2009-03-24 00:00:00,1491.0999999999992
2009-03-25 00:00:00,1496.0999999999992
2009-03-26 00:00:00,1522.8999999999994
2009-03-27 00:00:00,1501.3999999999994
2009-03-30 00:00:00,1484.4999999999993
2009-03-31 00:00:00,1492.4999999999993
2009-04-01 00:00:00,1507.4999999999993
2009-04-02 00:00:00,1529.4999999999993
2009-04-03 00:00:00,1529.9999999999993
2009-04-06 00:00:00,1516.299999999999
2009-04-07 00:00:00,1538.6999999999991
2009-04-08 00:00:00,1551.0999999999992
2009-04-09 00:00:00,1558.9999999999993
2009-04-13 00:00:00,1610.6999999999991
2009-04-14 00:00:00,1581.9999999999993
2009-04-15 00:00:00,1588.6999999999991
2009-04-16 00:00:00,1579.4999999999993
2009-04-17 00:00:00,1575.299999999999
2009-04-20 00:00:00,1530.799999999999
2009-04-21 00:00:00,1521.299999999999
2009-04-22 00:00:00,1542.3999999999994
2009-04-23 00:00:00,1551.6999999999991
2009-04-24 00:00:00,1547.6999999999991
2009-04-27 00:00:00,1513.9999999999993
2009-04-28 00:00:00,1465.299999999999
2009-04-29 00:00:00,1470.4999999999993
2009-04-30 00:00:00,1470.299999999999
2009-05-01 00:00:00,1460.0999999999992
2009-05-04 00:00:00,1485.6999999999991
2009-05-05 00:00:00,1501.5999999999992
2009-05-06 00:00:00,1506.799999999999
2009-05-07 00:00:00,1520.9999999999993
2009-05-08 00:00:00,1510.799999999999
2009-05-11 00:00:00,1484.3999999999994
2009-05-12 00:00:00,1495.799999999999
2009-05-13 00:00:00,1486.8999999999994
2009-05-14 00:00:00,1481.1999999999991
2009-05-15 00:00:00,1472.6999999999991
2009-05-18 00:00:00,1501.299999999999
2009-05-19 00:00:00,1508.799999999999
2009-05-20 00:00:00,1509.0999999999992
2009-05-21 00:00:00,1518.3999999999994
2009-05-22 00:00:00,1523.6999999999991
2009-05-26 00:00:00,1503.4999999999993
2009-05-27 00:00:00,1504.799999999999
2009-05-28 00:00:00,1513.4999999999993
2009-05-29 00:00:00,1559.6999999999991
2009-06-01 00:00:00,1584.299999999999
2009-06-02 00:00:00,1607.0999999999992
2009-06-03 00:00:00,1608.1999999999991
2009-06-04 00:00:00,1656.9999999999993
2009-06-05 00:00:00,1649.8999999999994
2009-06-08 00:00:00,1607.6999999999991
2009-06-09 00:00:00,1621.5999999999992
2009-06-10 00:00:00,1636.8999999999994
2009-06-11 00:00:00,1636.799999999999
2009-06-12 00:00:00,1622.3999999999994
2009-06-15 00:00:00,1577.3999999999994
2009-06-16 00:00:00,1584.5999999999992
2009-06-17 00:00:00,1568.8999999999994
2009-06-18 00:00:00,1571.299999999999
2009-06-19 00:00:00,1574.8999999999994
2009-06-22 00:00:00,1532.799999999999
2009-06-23 00:00:00,1529.0999999999992
2009-06-24 00:00:00,1531.5999999999992
2009-06-25 00:00:00,1554.6999999999991
2009-06-26 00:00:00,1566.6999999999991
2009-06-29 00:00:00,1549.1999999999991
2009-06-30 00:00:00,1541.299999999999
2009-07-01 00:00:00,1561.0999999999992
2009-07-02 00:00:00,1549.299999999999
2009-07-06 00:00:00,1502.9999999999993
2009-07-07 00:00:00,1491.799999999999
2009-07-08 00:00:00,1457.799999999999
2009-07-09 00:00:00,1466.4999999999993
2009-07-10 00:00:00,1463.5999999999992
2009-07-13 00:00:00,1473.299999999999
2009-07-14 00:00:00,1491.0999999999992
2009-07-15 00:00:00,1513.8999999999994
2009-07-16 00:00:00,1525.299999999999
2009-07-17 00:00:00,1532.0999999999992
2009-07-20 00:00:00,1544.8999999999994
2009-07-21 00:00:00,1532.9999999999993
2009-07-22 00:00:00,1531.6999999999991
2009-07-23 00:00:00,1543.9999999999993
2009-07-24 00:00:00,1547.3999999999994
2009-07-27 00:00:00,1578.4999999999993
2009-07-28 00:00:00,1552.5999999999992
2009-07-29 00:00:00,1528.1999999999991
2009-07-30 00:00:00,1544.9999999999993
2009-07-31 00:00:00,1570.1999999999991
2009-08-03 00:00:00,1595.6999999999991
2009-08-04 00:00:00,1632.799999999999
2009-08-05 00:00:00,1649.0999999999992
2009-08-06 00:00:00,1619.3999999999994
2009-08-07 00:00:00,1624.4999999999993
2009-08-10 00:00:00,1606.8999999999994
2009-08-11 00:00:00,1601.0999999999992
2009-08-12 00:00:00,1600.3999999999994
2009-08-13 00:00:00,1628.6999999999991
2009-08-14 00:00:00,1617.6999999999991
2009-08-17 00:00:00,1578.5999999999992
2009-08-18 00:00:00,1588.0999999999992
2009-08-19 00:00:00,1597.3999999999994
2009-08-20 00:00:00,1597.9999999999993
2009-08-21 00:00:00,1615.1999999999991
2009-08-24 00:00:00,1604.0999999999992
2009-08-25 00:00:00,1603.799999999999
2009-08-26 00:00:00,1594.3999999999994
2009-08-27 00:00:00,1596.4999999999993
2009-08-28 00:00:00,1601.8999999999994
2009-08-31 00:00:00,1599.9999999999993
2009-09-01 00:00:00,1582.799999999999
2009-09-02 00:00:00,1586.0999999999992
2009-09-03 00:00:00,1609.799999999999
2009-09-04 00:00:00,1615.0999999999992
2009-09-08 00:00:00,1645.5999999999992
2009-09-09 00:00:00,1647.3999999999994
2009-09-10 00:00:00,1645.6999999999991
2009-09-11 00:00:00,1676.6999999999991
2009-09-14 00:00:00,1675.6999999999991
2009-09-15 00:00:00,1676.299999999999
2009-09-16 00:00:00,1706.0999999999992
2009-09-17 00:00:00,1697.4999999999993
2009-09-18 00:00:00,1694.1999999999991
2009-09-21 00:00:00,1678.1999999999991
2009-09-22 00:00:00,1695.1999999999991
2009-09-23 00:00:00,1683.799999999999
2009-09-24 00:00:00,1664.4999999999993
2009-09-25 00:00:00,1640.5999999999992
2009-09-28 00:00:00,1641.9999999999993
2009-09-29 00:00:00,1629.3999999999994
2009-09-30 00:00:00,1654.0999999999992
2009-10-01 00:00:00,1640.4999999999993
2009-10-02 00:00:00,1634.5999999999992
2009-10-05 00:00:00,1652.9999999999993
2009-10-06 00:00:00,1676.4999999999993
2009-10-07 00:00:00,1678.8999999999994
2009-10-08 00:00:00,1704.3999999999994
2009-10-09 00:00:00,1690.5999999999992
2009-10-12 00:00:00,1698.4999999999993
2009-10-13 00:00:00,1711.8999999999994
2009-10-14 00:00:00,1717.799999999999
2009-10-15 00:00:00,1706.6999999999991
2009-10-16 00:00:00,1699.6999999999991
2009-10-19 00:00:00,1715.3999999999994
2009-10-20 00:00:00,1707.4999999999993
2009-10-21 00:00:00,1725.5999999999992
2009-10-22 00:00:00,1721.0999999999992
2009-10-23 00:00:00,1720.6999999999991
2009-10-26 00:00:00,1696.9999999999993
2009-10-27 00:00:00,1670.1999999999991
2009-10-28 00:00:00,1658.0999999999992
2009-10-29 00:00:00,1689.3999999999994
2009-10-30 00:00:00,1677.4999999999993
2009-11-02 00:00:00,1689.299999999999
2009-11-03 00:00:00,1707.3999999999994
2009-11-04 00:00:00,1720.4999999999993
2009-11-05 00:00:00,1714.0999999999992
2009-11-06 00:00:00,1699.3999999999994
2009-11-09 00:00:00,1718.3999999999994
2009-11-10 00:00:00,1702.3999999999994
2009-11-11 00:00:00,1720.799999999999
2009-11-12 00:00:00,1714.3999999999994
2009-11-13 00:00:00,1739.8999999999994
2009-11-16 00:00:00,1795.799999999999
2009-11-17 00:00:00,1813.6999999999991
2009-11-18 00:00:00,1803.1999999999991
2009-11-19 00:00:00,1795.0999999999992
2009-11-20 00:00:00,1793.0999999999992
2009-11-23 00:00:00,1818.799999999999
2009-11-24 00:00:00,1794.9999999999993
2009-11-25 00:00:00,1830.6999999999991
2009-11-27 00:00:00,1798.299999999999
2009-11-30 00:00:00,1811.3999999999994
2009-12-01 00:00:00,1837.799999999999
2009-12-02 00:00:00,1857.4999999999993
2009-12-03 00:00:00,1844.8999999999994
2009-12-04 00:00:00,1800.8999999999994
2009-12-07 00:00:00,1795.799999999999
2009-12-08 00:00:00,1791.5999999999992
2009-12-09 00:00:00,1760.3999999999994
2009-12-10 00:00:00,1775.6999999999991
2009-12-11 00:00:00,1773.8999999999994
2009-12-14 00:00:00,1798.1999999999991
2009-12-15 00:00:00,1803.6999999999991
2009-12-16 00:00:00,1808.799999999999
2009-12-17 00:00:00,1777.0999999999992
2009-12-18 00:00:00,1780.4999999999993
2009-12-21 00:00:00,1774.6999999999991
2009-12-22 00:00:00,1748.0999999999992
2009-12-23 00:00:00,1777.9999999999993
2009-12-24 00:00:00,1819.0999999999992
2009-12-28 00:00:00,1831.4999999999993
2009-12-29 00:00:00,1817.799999999999
2009-12-30 00:00:00,1805.0999999999992
2009-12-31 00:00:00,1812.799999999999
2010-01-04 00:00:00,1865.6999999999991
2010-01-05 00:00:00,1879.5999999999992
2010-01-06 00:00:00,1900.1999999999991
2010-01-07 00:00:00,1901.1999999999991
2010-01-08 00:00:00,1912.399999999999
2010-01-11 00:00:00,1934.299999999999
2010-01-12 00:00:00,1920.399999999999
2010-01-13 00:00:00,1916.1999999999991
2010-01-14 00:00:00,1946.5999999999992
2010-01-15 00:00:00,1937.899999999999
2010-01-19 00:00:00,1981.1999999999991
2010-01-20 00:00:00,1959.399999999999
2010-01-21 00:00:00,1933.899999999999
2010-01-22 00:00:00,1886.299999999999
2010-01-25 00:00:00,1887.899999999999
2010-01-26 00:00:00,1873.0999999999992
2010-01-27 00:00:00,1833.899999999999
2010-01-28 00:00:00,1835.6999999999991
2010-01-29 00:00:00,1847.799999999999
2010-02-01 00:00:00,1881.0999999999992
2010-02-02 00:00:00,1920.5999999999992
2010-02-03 00:00:00,1917.9999999999993
2010-02-04 00:00:00,1857.0999999999992
2010-02-05 00:00:00,1816.899999999999
2010-02-08 00:00:00,1822.799999999999
2010-02-09 00:00:00,1844.1999999999991
2010-02-10 00:00:00,1854.6999999999991
2010-02-11 00:00:00,1861.0999999999992
2010-02-12 00:00:00,1852.899999999999
2010-02-16 00:00:00,1879.4999999999993
2010-02-17 00:00:00,1878.899999999999
2010-02-18 00:00:00,1861.399999999999
2010-02-19 00:00:00,1885.399999999999
2010-02-22 00:00:00,1873.6999999999991
2010-02-23 00:00:00,1852.0999999999992
2010-02-24 00:00:00,1849.0999999999992
2010-02-25 00:00:00,1872.9999999999993
2010-02-26 00:00:00,1881.6999999999991
2010-03-01 00:00:00,1885.799999999999
2010-03-02 00:00:00,1917.799999999999
2010-03-03 00:00:00,1925.299999999999
2010-03-04 00:00:00,1925.399999999999
2010-03-05 00:00:00,1920.899999999999
2010-03-08 00:00:00,1941.899999999999
2010-03-09 00:00:00,1938.6999999999991
2010-03-10 00:00:00,1931.9999999999993
2010-03-11 00:00:00,1954.4999999999993
2010-03-12 00:00:00,1950.1999999999991
2010-03-15 00:00:00,1957.5999999999992
2010-03-16 00:00:00,1972.4999999999993
2010-03-17 00:00:00,1977.399999999999
2010-03-18 00:00:00,1972.799999999999
2010-03-19 00:00:00,1950.399999999999
2010-03-22 00:00:00,1943.0999999999992
2010-03-23 00:00:00,1950.299999999999
2010-03-24 00:00:00,1929.6999999999991
2010-03-25 00:00:00,1948.1999999999991
2010-03-26 00:00:00,1937.799999999999
2010-03-29 00:00:00,1969.6999999999991
2010-03-30 00:00:00,1964.299999999999
2010-03-31 00:00:00,1985.0999999999992
2010-04-01 00:00:00,2013.799999999999
2010-04-05 00:00:00,2047.9999999999993
2010-04-06 00:00:00,2042.6999999999991
2010-04-07 00:00:00,2061.3999999999996
2010-04-08 00:00:00,2055.2999999999993
2010-04-09 00:00:00,2065.5999999999995
2010-04-12 00:00:00,2077.5999999999995
2010-04-13 00:00:00,2055.499999999999
2010-04-14 00:00:00,2072.3999999999996
2010-04-15 00:00:00,2064.499999999999
2010-04-16 00:00:00,2033.4999999999993
2010-04-19 00:00:00,2034.799999999999
2010-04-20 00:00:00,2059.999999999999
2010-04-21 00:00:00,2078.499999999999
2010-04-22 00:00:00,2082.3999999999996
2010-04-23 00:00:00,2079.8999999999996
2010-04-26 00:00:00,2083.199999999999
2010-04-27 00:00:00,2059.0999999999995
2010-04-28 00:00:00,2051.7999999999993
2010-04-29 00:00:00,2071.8999999999996
2010-04-30 00:00:00,2083.2999999999993
2010-05-03 00:00:00,2067.0999999999995
2010-05-04 00:00:00,2023.9999999999993
2010-05-05 00:00:00,1987.799999999999
2010-05-06 00:00:00,2004.6999999999991
2010-05-07 00:00:00,2003.9999999999993
2010-05-10 00:00:00,2031.6999999999991
2010-05-11 00:00:00,2038.9999999999993
2010-05-12 00:00:00,2085.499999999999
2010-05-13 00:00:00,2077.5999999999995
2010-05-14 00:00:00,2053.5999999999995
2010-05-17 00:00:00,2001.3999999999994
2010-05-18 00:00:00,2028.6999999999991
2010-05-19 00:00:00,1943.8999999999994
2010-05-20 00:00:00,1833.9999999999993
2010-05-21 00:00:00,1839.3999999999994
2010-05-24 00:00:00,1872.6999999999991
2010-05-25 00:00:00,1830.0999999999992
2010-05-26 00:00:00,1868.4999999999993
2010-05-27 00:00:00,1891.0999999999992
2010-05-28 00:00:00,1887.5999999999992
2010-06-01 00:00:00,1887.5999999999992
2010-06-02 00:00:00,1888.5999999999992
2010-06-03 00:00:00,1881.0999999999992
2010-06-04 00:00:00,1863.4999999999993
2010-06-07 00:00:00,1855.4999999999993
2010-06-08 00:00:00,1866.9999999999993
2010-06-09 00:00:00,1872.1999999999991
2010-06-10 00:00:00,1874.3999999999994
2010-06-11 00:00:00,1873.1999999999991
2010-06-14 00:00:00,1901.5999999999992
2010-06-15 00:00:00,1916.1999999999991
2010-06-16 00:00:00,1905.6999999999991
2010-06-17 00:00:00,1910.1999999999991
2010-06-18 00:00:00,1925.1999999999991
2010-06-21 00:00:00,1928.4999999999993
2010-06-22 00:00:00,1931.1999999999991
2010-06-23 00:00:00,1905.1999999999991
2010-06-24 00:00:00,1899.6999999999991
2010-06-25 00:00:00,1908.5999999999992
2010-06-28 00:00:00,1903.799999999999
2010-06-29 00:00:00,1888.4999999999989
2010-06-30 00:00:00,1870.6999999999991
2010-07-01 00:00:00,1840.1999999999991
2010-07-02 00:00:00,1836.9999999999989
2010-07-06 00:00:00,1852.0999999999992
2010-07-07 00:00:00,1859.799999999999
2010-07-08 00:00:00,1849.799999999999
2010-07-09 00:00:00,1866.5999999999992
2010-07-12 00:00:00,1848.6999999999991
2010-07-13 00:00:00,1868.799999999999
2010-07-14 00:00:00,1853.9999999999989
2010-07-15 00:00:00,1867.0999999999992
2010-07-16 00:00:00,1845.4999999999989
2010-07-19 00:00:00,1846.4999999999989
2010-07-20 00:00:00,1851.1999999999991
2010-07-21 00:00:00,1863.1999999999991
2010-07-22 00:00:00,1862.799999999999
2010-07-23 00:00:00,1876.1999999999991
2010-07-26 00:00:00,1889.1999999999991
2010-07-27 00:00:00,1870.0999999999992
2010-07-28 00:00:00,1875.0999999999992
2010-07-29 00:00:00,1896.799999999999
2010-07-30 00:00:00,1910.1999999999991
2010-08-02 00:00:00,1935.5999999999992
2010-08-03 00:00:00,1920.4999999999989
2010-08-04 00:00:00,1919.5999999999992
2010-08-05 00:00:00,1905.899999999999
2010-08-06 00:00:00,1904.1999999999991
2010-08-09 00:00:00,1876.299999999999
2010-08-10 00:00:00,1870.399999999999
2010-08-11 00:00:00,1853.9999999999989
2010-08-12 00:00:00,1864.9999999999989
2010-08-13 00:00:00,1859.5999999999992
2010-08-16 00:00:00,1870.6999999999991
2010-08-17 00:00:00,1879.9999999999989
2010-08-18 00:00:00,1869.899999999999
2010-08-19 00:00:00,1860.899999999999
2010-08-20 00:00:00,1847.299999999999
2010-08-23 00:00:00,1841.9999999999989
2010-08-24 00:00:00,1851.0999999999992
2010-08-25 00:00:00,1860.799999999999
2010-08-26 00:00:00,1873.299999999999
2010-08-27 00:00:00,1870.399999999999
2010-08-30 00:00:00,1866.4999999999989
2010-08-31 00:00:00,1856.899999999999
2010-09-01 00:00:00,1869.0999999999992
2010-09-02 00:00:00,1884.899999999999
2010-09-03 00:00:00,1894.4999999999989
2010-09-07 00:00:00,1889.6999999999991
2010-09-08 00:00:00,1895.5999999999992
2010-09-09 00:00:00,1886.6999999999991
2010-09-10 00:00:00,1875.899999999999
2010-09-13 00:00:00,1883.299999999999
2010-09-14 00:00:00,1927.799999999999
2010-09-15 00:00:00,1938.6999999999991
2010-09-16 00:00:00,1945.299999999999
2010-09-17 00:00:00,1955.299999999999
2010-09-20 00:00:00,1965.399999999999
2010-09-21 00:00:00,1945.799999999999
2010-09-22 00:00:00,1966.299999999999
2010-09-23 00:00:00,1979.299999999999
2010-09-24 00:00:00,1973.1999999999991
2010-09-27 00:00:00,1963.4999999999989
2010-09-28 00:00:00,1969.1999999999991
2010-09-29 00:00:00,1985.0999999999988
2010-09-30 00:00:00,1987.0999999999988
2010-10-01 00:00:00,2010.5999999999988
2010-10-04 00:00:00,2000.5999999999988
2010-10-05 00:00:00,2029.1999999999991
2010-10-06 00:00:00,2040.4999999999989
2010-10-07 00:00:00,2033.4999999999989
2010-10-08 00:00:00,2037.1999999999991
2010-10-11 00:00:00,2019.299999999999
2010-10-12 00:00:00,2011.799999999999
2010-10-13 00:00:00,2035.899999999999
2010-10-14 00:00:00,2041.0999999999988
2010-10-15 00:00:00,2023.899999999999
2010-10-18 00:00:00,2026.799999999999
2010-10-19 00:00:00,2006.0999999999988
2010-10-20 00:00:00,2015.799999999999
2010-10-21 00:00:00,2001.899999999999
2010-10-22 00:00:00,2003.5999999999988
2010-10-25 00:00:00,2025.4999999999989
2010-10-26 00:00:00,2032.4999999999989
2010-10-27 00:00:00,2006.5999999999988
2010-10-28 00:00:00,2020.4999999999989
2010-10-29 00:00:00,2035.5999999999988
2010-11-01 00:00:00,2039.9999999999989
2010-11-02 00:00:00,2047.5999999999988
2010-11-03 00:00:00,2025.6999999999991
2010-11-04 00:00:00,2084.3999999999987
2010-11-05 00:00:00,2097.3999999999987
2010-11-08 00:00:00,2099.5999999999985
2010-11-09 00:00:00,2138.0999999999995
2010-11-10 00:00:00,2066.3999999999987
2010-11-11 00:00:00,2074.2999999999993
2010-11-12 00:00:00,2013.0999999999988
2010-11-15 00:00:00,2014.299999999999
2010-11-16 00:00:00,1974.1999999999991
2010-11-17 00:00:00,1969.399999999999
2010-11-18 00:00:00,1992.399999999999
2010-11-19 00:00:00,1999.5999999999988
2010-11-22 00:00:00,1983.9999999999989
2010-11-23 00:00:00,1986.1999999999991
2010-11-24 00:00:00,1986.899999999999
2010-11-26 00:00:00,1973.6999999999991
2010-11-29 00:00:00,1973.0999999999988
2010-11-30 00:00:00,1994.899999999999
2010-12-01 00:00:00,2012.4999999999989
2010-12-02 00:00:00,2041.5999999999988
2010-12-03 00:00:00,2056.999999999999
2010-12-06 00:00:00,2042.0999999999988
2010-12-07 00:00:00,2033.6999999999991
2010-12-08 00:00:00,2009.899999999999
2010-12-09 00:00:00,2007.399999999999
2010-12-10 00:00:00,2003.799999999999
2010-12-13 00:00:00,2025.799999999999
2010-12-14 00:00:00,2042.399999999999
2010-12-15 00:00:00,2032.899999999999
2010-12-16 00:00:00,2027.0999999999988
2010-12-17 00:00:00,2026.9999999999989
2010-12-20 00:00:00,2039.1999999999991
2010-12-21 00:00:00,2050.3999999999987
2010-12-22 00:00:00,2059.3999999999987
2010-12-23 00:00:00,2051.5999999999985
2010-12-27 00:00:00,2063.999999999999
2010-12-28 00:00:00,2080.199999999999
2010-12-29 00:00:00,2083.199999999999
2010-12-30 00:00:00,2072.2999999999993
2010-12-31 00:00:00,2101.199999999999
2011-01-03 00:00:00,2109.3999999999987
2011-01-04 00:00:00,2070.3999999999987
2011-01-05 00:00:00,2057.0999999999985
2011-01-06 00:00:00,2058.0999999999985
2011-01-07 00:00:00,2061.2999999999993
2011-01-10 00:00:00,2068.0999999999985
2011-01-11 00:00:00,2093.2999999999993
2011-01-12 00:00:00,2124.0999999999985
2011-01-13 00:00:00,2144.199999999999
2011-01-14 00:00:00,2138.999999999999
2011-01-18 00:00:00,2151.2999999999993
2011-01-19 00:00:00,2161.0999999999995
2011-01-20 00:00:00,2141.5999999999985
2011-01-21 00:00:00,2145.2999999999993
2011-01-24 00:00:00,2142.5999999999985
2011-01-25 00:00:00,2110.2999999999993
2011-01-26 00:00:00,2119.8999999999987
2011-01-27 00:00:00,2126.499999999999
2011-01-28 00:00:00,2127.999999999999
2011-01-31 00:00:00,2123.8999999999987
2011-02-01 00:00:00,2155.999999999999
2011-02-02 00:00:00,2151.5999999999985
2011-02-03 00:00:00,2167.0999999999995
2011-02-04 00:00:00,2168.7999999999993
2011-02-07 00:00:00,2167.2
2011-02-08 00:00:00,2184.8999999999996
2011-02-09 00:00:00,2182.3999999999996
2011-02-10 00:00:00,2153.7999999999993
2011-02-11 00:00:00,2136.499999999999
2011-02-14 00:00:00,2150.5999999999985
2011-02-15 00:00:00,2154.5999999999985
2011-02-16 00:00:00,2157.2999999999993
2011-02-17 00:00:00,2166.999999999999
2011-02-18 00:00:00,2166.2999999999993
2011-02-22 00:00:00,2109.2999999999993
2011-02-23 00:00:00,2099.699999999999
2011-02-24 00:00:00,2109.7999999999993
2011-02-25 00:00:00,2126.3999999999987
2011-02-28 00:00:00,2132.2
2011-03-01 00:00:00,2168.0999999999995
2011-03-02 00:00:00,2182.2999999999993
2011-03-03 00:00:00,2155.999999999999
2011-03-04 00:00:00,2160.8999999999996
2011-03-07 00:00:00,2143.3999999999987
2011-03-08 00:00:00,2125.5999999999985
2011-03-09 00:00:00,2124.999999999999
2011-03-10 00:00:00,2088.5999999999985
2011-03-11 00:00:00,2104.699999999999
2011-03-14 00:00:00,2075.2999999999993
2011-03-15 00:00:00,2028.5999999999988
2011-03-16 00:00:00,2023.4999999999989
2011-03-17 00:00:00,2029.899999999999
2011-03-18 00:00:00,2046.399999999999
2011-03-21 00:00:00,2067.8999999999987
2011-03-22 00:00:00,2062.3999999999987
2011-03-23 00:00:00,2082.999999999999
2011-03-24 00:00:00,2082.999999999999
2011-03-25 00:00:00,2068.5999999999985
2011-03-28 00:00:00,2070.7999999999993
2011-03-29 00:00:00,2062.7999999999993
2011-03-30 00:00:00,2092.7999999999993
2011-03-31 00:00:00,2101.8999999999987
2011-04-01 00:00:00,2095.5999999999995
2011-04-04 00:00:00,2105.699999999999
2011-04-05 00:00:00,2115.499999999999
2011-04-06 00:00:00,2116.499999999999
2011-04-07 00:00:00,2109.2999999999993
2011-04-08 00:00:00,2130.7999999999993
2011-04-11 00:00:00,2111.499999999999
2011-04-12 00:00:00,2092.999999999999
2011-04-13 00:00:00,2095.8999999999987
2011-04-14 00:00:00,2114.2999999999993
2011-04-15 00:00:00,2113.499999999999
2011-04-18 00:00:00,2101.499999999999
2011-04-19 00:00:00,2089.999999999999
2011-04-20 00:00:00,2121.499999999999
2011-04-21 00:00:00,2139.3999999999996
2011-04-25 00:00:00,2146.7999999999993
2011-04-26 00:00:00,2124.0999999999995
2011-04-27 00:00:00,2137.8999999999996
2011-04-28 00:00:00,2158.5999999999995
2011-04-29 00:00:00,2184.2
2011-05-02 00:00:00,2194.3999999999996
2011-05-03 00:00:00,2179.2
2011-05-04 00:00:00,2144.999999999999
2011-05-05 00:00:00,2096.8999999999987
2011-05-06 00:00:00,2105.0999999999995
2011-05-09 00:00:00,2113.7999999999993
2011-05-10 00:00:00,2119.5999999999995
2011-05-11 00:00:00,2096.499999999999
2011-05-12 00:00:00,2089.699999999999
2011-05-13 00:00:00,2087.999999999999
2011-05-16 00:00:00,2078.699999999999
2011-05-17 00:00:00,2079.699999999999
2011-05-18 00:00:00,2098.5999999999995
2011-05-19 00:00:00,2087.699999999999
2011-05-20 00:00:00,2088.0999999999995
2011-05-23 00:00:00,2074.5999999999995
2011-05-24 00:00:00,2081.199999999999
2011-05-25 00:00:00,2098.499999999999
2011-05-26 00:00:00,2096.7999999999993
2011-05-27 00:00:00,2118.699999999999
2011-05-31 00:00:00,2152.699999999999
2011-06-01 00:00:00,2142.5999999999995
2011-06-02 00:00:00,2136.499999999999
2011-06-03 00:00:00,2142.3999999999987
2011-06-06 00:00:00,2139.8999999999996
2011-06-07 00:00:00,2149.3999999999987
2011-06-08 00:00:00,2149.8999999999987
2011-06-09 00:00:00,2163.3999999999996
2011-06-10 00:00:00,2151.699999999999
2011-06-13 00:00:00,2125.499999999999
2011-06-14 00:00:00,2113.5999999999995
2011-06-15 00:00:00,2092.8999999999987
2011-06-16 00:00:00,2079.3999999999987
2011-06-17 00:00:00,2070.7999999999993
2011-06-20 00:00:00,2049.199999999999
2011-06-21 00:00:00,2065.8999999999987
2011-06-22 00:00:00,2071.0999999999995
2011-06-23 00:00:00,2013.1999999999991
2011-06-24 00:00:00,1996.299999999999
2011-06-27 00:00:00,1991.6999999999991
2011-06-28 00:00:00,2010.5999999999992
2011-06-29 00:00:00,2043.6999999999991
2011-06-30 00:00:00,2043.1999999999991
2011-07-01 00:00:00,2033.899999999999
2011-07-05 00:00:00,2059.199999999999
2011-07-06 00:00:00,2050.499999999999
2011-07-07 00:00:00,2060.0999999999995
2011-07-08 00:00:00,2050.499999999999
2011-07-11 00:00:00,2045.399999999999
2011-07-12 00:00:00,2053.3999999999987
2011-07-13 00:00:00,2084.0999999999995
2011-07-14 00:00:00,2091.3999999999987
2011-07-15 00:00:00,2072.5999999999995
2011-07-18 00:00:00,2092.499999999999
2011-07-19 00:00:00,2093.3999999999987
2011-07-20 00:00:00,2093.199999999999
2011-07-21 00:00:00,2104.8999999999987
2011-07-22 00:00:00,2115.499999999999
2011-07-25 00:00:00,2111.0999999999995
2011-07-26 00:00:00,2124.2999999999993
2011-07-27 00:00:00,2125.0999999999995
2011-07-28 00:00:00,2109.499999999999
2011-07-29 00:00:00,2102.3999999999987
2011-08-01 00:00:00,2111.699999999999
2011-08-02 00:00:00,2110.5999999999995
2011-08-03 00:00:00,2102.0999999999995
2011-08-04 00:00:00,2046.4999999999993
2011-08-05 00:00:00,2036.1999999999991
2011-08-08 00:00:00,2040.6999999999991
2011-08-09 00:00:00,2073.499999999999
2011-08-10 00:00:00,2088.7999999999993
2011-08-11 00:00:00,2109.499999999999
2011-08-12 00:00:00,2113.7999999999993
2011-08-15 00:00:00,2114.2999999999993
2011-08-16 00:00:00,2135.2
2011-08-17 00:00:00,2157.8999999999996
2011-08-18 00:00:00,2164.7999999999993
2011-08-19 00:00:00,2192.0
2011-08-22 00:00:00,2222.7999999999993
2011-08-23 00:00:00,2197.2
2011-08-24 00:00:00,2143.3999999999987
2011-08-25 00:00:00,2139.5
2011-08-26 00:00:00,2143.999999999999
2011-08-29 00:00:00,2142.0999999999995
2011-08-30 00:00:00,2170.2
2011-08-31 00:00:00,2173.2999999999993
2011-09-01 00:00:00,2170.0
2011-09-02 00:00:00,2201.8999999999987
2011-09-06 00:00:00,2175.2999999999993
2011-09-07 00:00:00,2145.7999999999993
2011-09-08 00:00:00,2171.5999999999995
2011-09-09 00:00:00,2154.999999999999
2011-09-12 00:00:00,2126.5
2011-09-13 00:00:00,2130.5999999999995
2011-09-14 00:00:00,2133.0
2011-09-15 00:00:00,2097.699999999999
2011-09-16 00:00:00,2131.0
2011-09-19 00:00:00,2089.0999999999995
2011-09-20 00:00:00,2098.999999999999
2011-09-21 00:00:00,2105.2999999999993
2011-09-22 00:00:00,2027.6999999999991
2011-09-23 00:00:00,1930.299999999999
2011-09-26 00:00:00,1863.9999999999993
2011-09-27 00:00:00,1891.0999999999992
2011-09-28 00:00:00,1851.799999999999
2011-09-29 00:00:00,1846.5999999999992
2011-09-30 00:00:00,1837.299999999999
2011-10-03 00:00:00,1830.799999999999
2011-10-04 00:00:00,1782.299999999999
2011-10-05 00:00:00,1796.5999999999992
2011-10-06 00:00:00,1821.799999999999
2011-10-07 00:00:00,1806.9999999999989
2011-10-10 00:00:00,1838.799999999999
2011-10-11 00:00:00,1832.4999999999989
2011-10-12 00:00:00,1868.0999999999992
2011-10-13 00:00:00,1846.0999999999992
2011-10-14 00:00:00,1868.5999999999992
2011-10-17 00:00:00,1865.4999999999989
2011-10-18 00:00:00,1854.399999999999
2011-10-19 00:00:00,1836.799999999999
2011-10-20 00:00:00,1804.0999999999992
2011-10-21 00:00:00,1822.899999999999
2011-10-24 00:00:00,1855.6999999999991
2011-10-25 00:00:00,1882.4999999999989
2011-10-26 00:00:00,1910.899999999999
2011-10-27 00:00:00,1955.0999999999992
2011-10-28 00:00:00,1965.4999999999989
2011-10-31 00:00:00,1921.299999999999
2011-11-01 00:00:00,1895.6999999999991
2011-11-02 00:00:00,1914.9999999999989
2011-11-03 00:00:00,1960.6999999999991
2011-11-04 00:00:00,1942.9999999999989
2011-11-07 00:00:00,1971.6999999999991
2011-11-08 00:00:00,1986.799999999999
2011-11-09 00:00:00,1957.399999999999
2011-11-10 00:00:00,1940.9999999999989
2011-11-11 00:00:00,1960.399999999999
2011-11-14 00:00:00,1957.799999999999
2011-11-15 00:00:00,1956.399999999999
2011-11-16 00:00:00,1944.899999999999
2011-11-17 00:00:00,1894.799999999999
2011-11-18 00:00:00,1902.399999999999
2011-11-21 00:00:00,1857.4999999999989
2011-11-22 00:00:00,1884.6999999999991
2011-11-23 00:00:00,1871.9999999999989
2011-11-25 00:00:00,1846.799999999999
2011-11-28 00:00:00,1853.1999999999991
2011-11-29 00:00:00,1854.399999999999
2011-11-30 00:00:00,1874.4999999999989
2011-12-01 00:00:00,1870.899999999999
2011-12-02 00:00:00,1862.1999999999991
2011-12-05 00:00:00,1846.1999999999991
2011-12-06 00:00:00,1837.6999999999991
2011-12-07 00:00:00,1835.6999999999991
2011-12-08 00:00:00,1808.0999999999992
2011-12-09 00:00:00,1829.4999999999989
2011-12-12 00:00:00,1800.5999999999992
2011-12-13 00:00:00,1805.9999999999989
2011-12-14 00:00:00,1739.9999999999989
2011-12-15 00:00:00,1720.6999999999991
2011-12-16 00:00:00,1730.9999999999989
2011-12-19 00:00:00,1727.299999999999
2011-12-20 00:00:00,1746.5999999999992
2011-12-21 00:00:00,1745.399999999999
2011-12-22 00:00:00,1738.0999999999992
2011-12-23 00:00:00,1743.1999999999991
2011-12-27 00:00:00,1747.5999999999992
2011-12-28 00:00:00,1701.399999999999
2011-12-29 00:00:00,1675.799999999999
2011-12-30 00:00:00,1713.899999999999
2012-01-03 00:00:00,1741.4999999999989
2012-01-04 00:00:00,1735.299999999999
2012-01-05 00:00:00,1726.9999999999989
2012-01-06 00:00:00,1717.1999999999991
2012-01-09 00:00:00,1738.5999999999988
2012-01-10 00:00:00,1773.5999999999988
2012-01-11 00:00:00,1806.6999999999991
2012-01-12 00:00:00,1809.0999999999988
2012-01-13 00:00:00,1797.799999999999
2012-01-17 00:00:00,1837.6999999999991
2012-01-18 00:00:00,1834.299999999999
2012-01-19 00:00:00,1826.9999999999989
2012-01-20 00:00:00,1841.299999999999
2012-01-23 00:00:00,1870.0999999999988
2012-01-24 00:00:00,1861.399999999999
2012-01-25 00:00:00,1888.5999999999988
2012-01-26 00:00:00,1925.799999999999
2012-01-27 00:00:00,1931.9999999999989
2012-01-30 00:00:00,1925.299999999999
2012-01-31 00:00:00,1897.0999999999988
2012-02-01 00:00:00,1932.1999999999991
2012-02-02 00:00:00,1938.899999999999
2012-02-03 00:00:00,1940.899999999999
2012-02-06 00:00:00,1938.799999999999
2012-02-07 00:00:00,1963.799999999999
2012-02-08 00:00:00,1977.0999999999988
2012-02-09 00:00:00,1976.5999999999988
2012-02-10 00:00:00,1968.799999999999
2012-02-13 00:00:00,1958.6999999999991
2012-02-14 00:00:00,1936.9999999999989
2012-02-15 00:00:00,1947.1999999999991
2012-02-16 00:00:00,1935.0999999999988
2012-02-17 00:00:00,1942.899999999999
2012-02-21 00:00:00,1993.899999999999
2012-02-22 00:00:00,2029.799999999999
2012-02-23 00:00:00,2031.9999999999989
2012-02-24 00:00:00,2024.0999999999988
2012-02-27 00:00:00,2023.299999999999
2012-02-28 00:00:00,2032.4999999999989
2012-02-29 00:00:00,2001.5999999999988
2012-03-01 00:00:00,2010.0999999999988
2012-03-02 00:00:00,2000.6999999999991
2012-03-05 00:00:00,1971.5999999999988
2012-03-06 00:00:00,1920.899999999999
2012-03-07 00:00:00,1936.299999999999
2012-03-08 00:00:00,1965.6999999999991
2012-03-09 00:00:00,1993.899999999999
2012-03-12 00:00:00,2004.6999999999991
2012-03-13 00:00:00,2010.799999999999
2012-03-14 00:00:00,1984.299999999999
2012-03-15 00:00:00,1992.899999999999
2012-03-16 00:00:00,1984.4999999999989
2012-03-19 00:00:00,1993.6999999999991
2012-03-20 00:00:00,1963.299999999999
2012-03-21 00:00:00,1949.399999999999
2012-03-22 00:00:00,1921.0999999999988
2012-03-23 00:00:00,1936.899999999999
2012-03-26 00:00:00,1955.6999999999991
2012-03-27 00:00:00,1966.4999999999989
2012-03-28 00:00:00,1944.1999999999991
2012-03-29 00:00:00,1931.899999999999
2012-03-30 00:00:00,1947.6999999999991
2012-04-02 00:00:00,1958.4999999999993
2012-04-03 00:00:00,1964.0999999999992
2012-04-04 00:00:00,1902.1999999999991
2012-04-05 00:00:00,1911.1999999999991
2012-04-09 00:00:00,1921.799999999999
2012-04-10 00:00:00,1897.299999999999
2012-04-11 00:00:00,1887.899999999999
2012-04-12 00:00:00,1909.5999999999992
2012-04-13 00:00:00,1891.4999999999993
2012-04-16 00:00:00,1879.399999999999
2012-04-17 00:00:00,1888.299999999999
2012-04-18 00:00:00,1882.799999999999
2012-04-19 00:00:00,1881.5999999999992
2012-04-20 00:00:00,1887.799999999999
2012-04-23 00:00:00,1859.899999999999
2012-04-24 00:00:00,1851.6999999999991
2012-04-25 00:00:00,1850.899999999999
2012-04-26 00:00:00,1873.799999999999
2012-04-27 00:00:00,1879.299999999999
2012-04-30 00:00:00,1875.4999999999993
2012-05-01 00:00:00,1875.899999999999
2012-05-02 00:00:00,1867.9999999999993
2012-05-03 00:00:00,1836.6999999999991
2012-05-04 00:00:00,1839.5999999999992
2012-05-07 00:00:00,1833.6999999999991
2012-05-08 00:00:00,1811.899999999999
2012-05-09 00:00:00,1802.799999999999
2012-05-10 00:00:00,1797.399999999999
2012-05-11 00:00:00,1774.9999999999993
2012-05-14 00:00:00,1746.1999999999991
2012-05-15 00:00:00,1750.0999999999992
2012-05-16 00:00:00,1735.799999999999
2012-05-17 00:00:00,1756.9999999999993
2012-05-18 00:00:00,1762.899999999999
2012-05-21 00:00:00,1765.0999999999992
2012-05-22 00:00:00,1761.9999999999993
2012-05-23 00:00:00,1717.6999999999991
2012-05-24 00:00:00,1725.9999999999993
2012-05-25 00:00:00,1730.0999999999992
2012-05-29 00:00:00,1731.6999999999991
2012-05-30 00:00:00,1704.799999999999
2012-05-31 00:00:00,1721.1999999999991
2012-06-01 00:00:00,1736.799999999999
2012-06-04 00:00:00,1730.899999999999
2012-06-05 00:00:00,1744.0999999999992
2012-06-06 00:00:00,1772.799999999999
2012-06-07 00:00:00,1744.4999999999993
2012-06-08 00:00:00,1728.6999999999991
2012-06-11 00:00:00,1752.899999999999
2012-06-12 00:00:00,1757.9999999999993
2012-06-13 00:00:00,1770.399999999999
2012-06-14 00:00:00,1791.1999999999991
2012-06-15 00:00:00,1790.799999999999
2012-06-18 00:00:00,1787.6999999999991
2012-06-19 00:00:00,1784.0999999999992
2012-06-20 00:00:00,1770.399999999999
2012-06-21 00:00:00,1742.1999999999991
2012-06-22 00:00:00,1734.799999999999
2012-06-25 00:00:00,1742.9999999999993
2012-06-26 00:00:00,1730.399999999999
2012-06-27 00:00:00,1713.299999999999
2012-06-28 00:00:00,1689.299999999999
2012-06-29 00:00:00,1752.3999999999994
2012-07-02 00:00:00,1758.299999999999
2012-07-03 00:00:00,1791.3999999999994
2012-07-05 00:00:00,1777.6999999999991
2012-07-06 00:00:00,1749.4999999999993
2012-07-09 00:00:00,1745.8999999999994
2012-07-10 00:00:00,1729.6999999999991
2012-07-11 00:00:00,1731.5999999999992
2012-07-12 00:00:00,1712.4999999999993
2012-07-13 00:00:00,1735.1999999999991
2012-07-16 00:00:00,1717.299999999999
2012-07-17 00:00:00,1720.6999999999991
2012-07-18 00:00:00,1704.1999999999991
2012-07-19 00:00:00,1723.0999999999992
2012-07-20 00:00:00,1714.4999999999993
2012-07-23 00:00:00,1698.8999999999994
2012-07-24 00:00:00,1686.5999999999992
2012-07-25 00:00:00,1699.3999999999994
2012-07-26 00:00:00,1705.5999999999992
2012-07-27 00:00:00,1708.1999999999991
2012-07-30 00:00:00,1711.799999999999
2012-07-31 00:00:00,1716.8999999999994
2012-08-01 00:00:00,1701.299999999999
2012-08-02 00:00:00,1687.799999999999
2012-08-03 00:00:00,1714.3999999999994
2012-08-06 00:00:00,1701.8999999999994
2012-08-07 00:00:00,1710.3999999999994
2012-08-08 00:00:00,1710.1999999999991
2012-08-09 00:00:00,1712.799999999999
2012-08-10 00:00:00,1699.8999999999994
2012-08-13 00:00:00,1692.799999999999
2012-08-14 00:00:00,1699.0999999999992
2012-08-15 00:00:00,1696.1999999999991
2012-08-16 00:00:00,1735.1999999999991
2012-08-17 00:00:00,1773.0999999999992
2012-08-20 00:00:00,1798.1999999999991
2012-08-21 00:00:00,1807.799999999999
2012-08-22 00:00:00,1826.4999999999993
2012-08-23 00:00:00,1854.8999999999994
2012-08-24 00:00:00,1854.3999999999994
2012-08-27 00:00:00,1853.1999999999991
2012-08-28 00:00:00,1820.3999999999994
2012-08-29 00:00:00,1820.299999999999
2012-08-30 00:00:00,1803.6999999999991
2012-08-31 00:00:00,1837.299999999999
2012-09-04 00:00:00,1867.4999999999993
2012-09-05 00:00:00,1875.5999999999992
2012-09-06 00:00:00,1886.3999999999994
2012-09-07 00:00:00,1896.299999999999
2012-09-10 00:00:00,1903.799999999999
2012-09-11 00:00:00,1906.9999999999993
2012-09-12 00:00:00,1949.5999999999992
2012-09-13 00:00:00,1979.4999999999993
2012-09-14 00:00:00,2013.6999999999991
2012-09-17 00:00:00,1972.5999999999992
2012-09-18 00:00:00,1936.299999999999
2012-09-19 00:00:00,1940.3999999999994
2012-09-20 00:00:00,1923.8999999999994
2012-09-21 00:00:00,1937.5999999999992
2012-09-24 00:00:00,1921.9999999999993
2012-09-25 00:00:00,1931.799999999999
2012-09-26 00:00:00,1934.3999999999994
2012-09-27 00:00:00,1945.8999999999994
2012-09-28 00:00:00,1964.0999999999992
2012-10-01 00:00:00,1980.5999999999992
2012-10-02 00:00:00,1981.9999999999993
2012-10-03 00:00:00,1988.8999999999994
2012-10-04 00:00:00,2019.8999999999994
2012-10-05 00:00:00,2001.9999999999993
2012-10-08 00:00:00,1993.5999999999992
2012-10-09 00:00:00,1990.0999999999992
2012-10-10 00:00:00,1973.2999999999995
2012-10-11 00:00:00,1984.3999999999994
2012-10-12 00:00:00,1954.0999999999992
2012-10-15 00:00:00,1927.0999999999992
2012-10-16 00:00:00,1939.9999999999993
2012-10-17 00:00:00,1965.2999999999995
2012-10-18 00:00:00,1938.4999999999993
2012-10-19 00:00:00,1910.2999999999995
2012-10-22 00:00:00,1906.9999999999993
2012-10-23 00:00:00,1870.3999999999994
2012-10-24 00:00:00,1857.4999999999993
2012-10-25 00:00:00,1863.5999999999992
2012-10-26 00:00:00,1840.7999999999995
2012-10-29 00:00:00,1828.6999999999996
2012-10-30 00:00:00,1848.3999999999994
2012-10-31 00:00:00,1871.7999999999995
2012-11-01 00:00:00,1867.9999999999993
2012-11-02 00:00:00,1839.6999999999996
2012-11-05 00:00:00,1837.4999999999993
2012-11-06 00:00:00,1853.0999999999992
2012-11-07 00:00:00,1834.2999999999995
2012-11-08 00:00:00,1837.2999999999995
2012-11-09 00:00:00,1854.1999999999996
2012-11-12 00:00:00,1861.2999999999995
2012-11-13 00:00:00,1881.1999999999996
2012-11-14 00:00:00,1886.3999999999994
2012-11-15 00:00:00,1868.0999999999992
2012-11-16 00:00:00,1856.5999999999992
2012-11-19 00:00:00,1878.5999999999992
2012-11-20 00:00:00,1867.7999999999995
2012-11-21 00:00:00,1878.6999999999996
2012-11-23 00:00:00,1911.8999999999994
2012-11-26 00:00:00,1905.7999999999995
2012-11-27 00:00:00,1913.2999999999995
2012-11-28 00:00:00,1906.4999999999993
2012-11-29 00:00:00,1914.2999999999995
2012-11-30 00:00:00,1899.3999999999994
2012-12-03 00:00:00,1908.5999999999992
2012-12-04 00:00:00,1877.6999999999996
2012-12-05 00:00:00,1878.9999999999993
2012-12-06 00:00:00,1895.4999999999993
2012-12-07 00:00:00,1901.7999999999995
2012-12-10 00:00:00,1918.0999999999992
2012-12-11 00:00:00,1934.7999999999995
2012-12-12 00:00:00,1941.1999999999996
2012-12-13 00:00:00,1907.5999999999992
2012-12-14 00:00:00,1909.2999999999995
2012-12-17 00:00:00,1903.2999999999995
2012-12-18 00:00:00,1888.4999999999993
2012-12-19 00:00:00,1887.6999999999996
2012-12-20 00:00:00,1840.9999999999993
2012-12-21 00:00:00,1831.6999999999996
2012-12-24 00:00:00,1829.6999999999996
2012-12-26 00:00:00,1829.6999999999996
2012-12-27 00:00:00,1826.5999999999992
2012-12-28 00:00:00,1812.1999999999996
2012-12-31 00:00:00,1832.9999999999998
2013-01-02 00:00:00,1858.5999999999997
2013-01-03 00:00:00,1870.4999999999998
2013-01-04 00:00:00,1849.0999999999997
2013-01-07 00:00:00,1846.8999999999994
2013-01-08 00:00:00,1873.7999999999995
2013-01-09 00:00:00,1890.5999999999997
2013-01-10 00:00:00,1924.8999999999994
2013-01-11 00:00:00,1921.7999999999995
2013-01-14 00:00:00,1948.7999999999995
2013-01-15 00:00:00,1980.4999999999998
2013-01-16 00:00:00,1984.6999999999996
2013-01-17 00:00:00,1991.0999999999997
2013-01-18 00:00:00,1964.5999999999997
2013-01-22 00:00:00,1989.0999999999997
2013-01-23 00:00:00,1982.3999999999994
2013-01-24 00:00:00,1974.3999999999994
2013-01-25 00:00:00,1985.4999999999998
2013-01-28 00:00:00,1952.7999999999995
2013-01-29 00:00:00,1969.4999999999998
2013-01-30 00:00:00,1979.8999999999994
2013-01-31 00:00:00,1965.9999999999998
2013-02-01 00:00:00,1978.2999999999995
2013-02-04 00:00:00,1988.6999999999996
2013-02-05 00:00:00,1997.7999999999995
2013-02-06 00:00:00,2027.0999999999997
2013-02-07 00:00:00,2012.8999999999994
2013-02-08 00:00:00,2005.2999999999995
2013-02-11 00:00:00,1986.6999999999996
2013-02-12 00:00:00,2007.7999999999995
2013-02-13 00:00:00,2020.2999999999995
2013-02-14 00:00:00,2001.4999999999998
2013-02-15 00:00:00,1968.2999999999995
2013-02-19 00:00:00,1988.0999999999997
2013-02-20 00:00:00,1937.6999999999996
2013-02-21 00:00:00,1910.5999999999997
2013-02-22 00:00:00,1897.9999999999998
2013-02-25 00:00:00,1911.2999999999995
2013-02-26 00:00:00,1907.0999999999997
2013-02-27 00:00:00,1890.6999999999996
2013-02-28 00:00:00,1874.0999999999997
2013-03-01 00:00:00,1864.0999999999997
2013-03-04 00:00:00,1856.7999999999995
2013-03-05 00:00:00,1876.2999999999995
2013-03-06 00:00:00,1870.3999999999994
2013-03-07 00:00:00,1885.6999999999996
2013-03-08 00:00:00,1894.4999999999998
2013-03-11 00:00:00,1891.7999999999995
2013-03-12 00:00:00,1885.5999999999997
2013-03-13 00:00:00,1883.6999999999996
2013-03-14 00:00:00,1880.3999999999994
2013-03-15 00:00:00,1882.9999999999998
2013-03-18 00:00:00,1869.7999999999995
2013-03-19 00:00:00,1845.9999999999998
2013-03-20 00:00:00,1873.0999999999997
2013-03-21 00:00:00,1870.6999999999996
2013-03-22 00:00:00,1872.2999999999995
2013-03-25 00:00:00,1873.4999999999998
2013-03-26 00:00:00,1856.5999999999997
2013-03-27 00:00:00,1870.3999999999994
2013-03-28 00:00:00,1861.7999999999995
2013-04-01 00:00:00,1885.9999999999998
2013-04-02 00:00:00,1861.3999999999999
2013-04-03 00:00:00,1829.0999999999997
2013-04-04 00:00:00,1804.9999999999998
2013-04-05 00:00:00,1822.6999999999996
2013-04-08 00:00:00,1824.1999999999996
2013-04-09 00:00:00,1840.2999999999995
2013-04-10 00:00:00,1816.9999999999998
2013-04-11 00:00:00,1822.9999999999998
2013-04-12 00:00:00,1783.0999999999997
2013-04-15 00:00:00,1711.9999999999998
2013-04-16 00:00:00,1737.7999999999995
2013-04-17 00:00:00,1722.5999999999997
2013-04-18 00:00:00,1716.1999999999996
2013-04-19 00:00:00,1711.0999999999997
2013-04-22 00:00:00,1723.9999999999998
2013-04-23 00:00:00,1704.9999999999998
2013-04-24 00:00:00,1717.9999999999998
2013-04-25 00:00:00,1751.2999999999995
2013-04-26 00:00:00,1763.6999999999996
2013-04-29 00:00:00,1794.5999999999997
2013-04-30 00:00:00,1794.3999999999999
2013-05-01 00:00:00,1756.6999999999996
2013-05-02 00:00:00,1787.3999999999999
2013-05-03 00:00:00,1788.3999999999999
2013-05-06 00:00:00,1794.8999999999999
2013-05-07 00:00:00,1768.3999999999999
2013-05-08 00:00:00,1792.0999999999997
2013-05-09 00:00:00,1803.6999999999996
2013-05-10 00:00:00,1773.1999999999996
2013-05-13 00:00:00,1771.6999999999996
2013-05-14 00:00:00,1789.0999999999997
2013-05-15 00:00:00,1777.8999999999999
2013-05-16 00:00:00,1772.7999999999995
2013-05-17 00:00:00,1755.1999999999996
2013-05-20 00:00:00,1771.7999999999995
2013-05-21 00:00:00,1745.5999999999997
2013-05-22 00:00:00,1756.3999999999999
2013-05-23 00:00:00,1744.3999999999999
2013-05-24 00:00:00,1739.0999999999997
2013-05-28 00:00:00,1748.9999999999998
2013-05-29 00:00:00,1740.1999999999996
2013-05-30 00:00:00,1769.8999999999999
2013-05-31 00:00:00,1748.9999999999998
2013-06-03 00:00:00,1784.5999999999997
2013-06-04 00:00:00,1778.2999999999995
2013-06-05 00:00:00,1797.7999999999995
2013-06-06 00:00:00,1816.4999999999998
2013-06-07 00:00:00,1789.7999999999995
2013-06-10 00:00:00,1794.0999999999997
2013-06-11 00:00:00,1767.0999999999997
2013-06-12 00:00:00,1769.4999999999998
2013-06-13 00:00:00,1734.2999999999995
2013-06-14 00:00:00,1734.5999999999997
2013-06-17 00:00:00,1721.9999999999998
2013-06-18 00:00:00,1727.2999999999995
2013-06-19 00:00:00,1711.0999999999997
2013-06-20 00:00:00,1650.9999999999998
2013-06-21 00:00:00,1656.6999999999996
2013-06-24 00:00:00,1616.2999999999995
2013-06-25 00:00:00,1637.6999999999996
2013-06-26 00:00:00,1590.8999999999999
2013-06-27 00:00:00,1612.3999999999999
2013-06-28 00:00:00,1623.2
2013-07-01 00:00:00,1665.8
2013-07-02 00:00:00,1651.0999999999997
2013-07-03 00:00:00,1630.0999999999997
2013-07-05 00:00:00,1609.7
2013-07-08 00:00:00,1645.3
2013-07-09 00:00:00,1651.8999999999999
2013-07-10 00:00:00,1651.3999999999999
2013-07-11 00:00:00,1690.8999999999999
2013-07-12 00:00:00,1690.2
2013-07-15 00:00:00,1704.7
2013-07-16 00:00:00,1708.3999999999999
2013-07-17 00:00:00,1694.3
2013-07-18 00:00:00,1698.0999999999997
2013-07-19 00:00:00,1714.4999999999998
2013-07-22 00:00:00,1731.3
2013-07-23 00:00:00,1726.3999999999999
2013-07-24 00:00:00,1738.4999999999998
2013-07-25 00:00:00,1731.2
2013-07-26 00:00:00,1706.0999999999997
2013-07-29 00:00:00,1725.9999999999998
2013-07-30 00:00:00,1720.8
2013-07-31 00:00:00,1712.5999999999997
2013-08-01 00:00:00,1727.0999999999997
2013-08-02 00:00:00,1734.8
2013-08-05 00:00:00,1731.3999999999999
2013-08-06 00:00:00,1711.0999999999997
2013-08-07 00:00:00,1721.5999999999997
2013-08-08 00:00:00,1774.8999999999999
2013-08-09 00:00:00,1783.8999999999999
2013-08-12 00:00:00,1781.9999999999998
2013-08-13 00:00:00,1782.9999999999998
2013-08-14 00:00:00,1788.4999999999998
2013-08-15 00:00:00,1815.5999999999997
2013-08-16 00:00:00,1810.8999999999999
2013-08-19 00:00:00,1792.3
2013-08-20 00:00:00,1808.8
2013-08-21 00:00:00,1802.3999999999999
2013-08-22 00:00:00,1823.3999999999999
2013-08-23 00:00:00,1824.8999999999999
2013-08-26 00:00:00,1827.8
2013-08-27 00:00:00,1815.3999999999999
2013-08-28 00:00:00,1823.3999999999999
2013-08-29 00:00:00,1805.7
2013-08-30 00:00:00,1810.3999999999999
2013-09-03 00:00:00,1821.4999999999998
2013-09-04 00:00:00,1777.9999999999998
2013-09-05 00:00:00,1765.3999999999999
2013-09-06 00:00:00,1778.9999999999998
2013-09-09 00:00:00,1766.3
2013-09-10 00:00:00,1757.3999999999999
2013-09-11 00:00:00,1756.8
2013-09-12 00:00:00,1725.9999999999998
2013-09-13 00:00:00,1727.8
2013-09-16 00:00:00,1724.4999999999998
2013-09-17 00:00:00,1705.7
2013-09-18 00:00:00,1708.4999999999998
2013-09-19 00:00:00,1756.3
2013-09-20 00:00:00,1715.8999999999999
2013-09-23 00:00:00,1709.2
2013-09-24 00:00:00,1702.0999999999997
2013-09-25 00:00:00,1712.0999999999997
2013-09-26 00:00:00,1693.9999999999998
2013-09-27 00:00:00,1698.2
2013-09-30 00:00:00,1691.3999999999999
2013-10-01 00:00:00,1664.3
2013-10-02 00:00:00,1672.3999999999999
2013-10-03 00:00:00,1652.3
2013-10-04 00:00:00,1666.9999999999998
2013-10-07 00:00:00,1680.8999999999999
2013-10-08 00:00:00,1682.7
2013-10-09 00:00:00,1661.9999999999998
2013-10-10 00:00:00,1674.9999999999998
2013-10-11 00:00:00,1654.5999999999997
2013-10-14 00:00:00,1662.4999999999998
2013-10-15 00:00:00,1662.3999999999999
2013-10-16 00:00:00,1677.2
2013-10-17 00:00:00,1713.8999999999999
2013-10-18 00:00:00,1716.8
2013-10-21 00:00:00,1717.5999999999997
2013-10-22 00:00:00,1729.7
2013-10-23 00:00:00,1718.5999999999997
2013-10-24 00:00:00,1735.2
2013-10-25 00:00:00,1734.4999999999998
2013-10-28 00:00:00,1751.8999999999999
2013-10-29 00:00:00,1740.8999999999999
2013-10-30 00:00:00,1758.8999999999999
2013-10-31 00:00:00,1727.3999999999999
2013-11-01 00:00:00,1730.8999999999999
2013-11-04 00:00:00,1735.2
2013-11-05 00:00:00,1728.9999999999998
2013-11-06 00:00:00,1746.3999999999999
2013-11-07 00:00:00,1735.8
2013-11-08 00:00:00,1721.8999999999999
2013-11-11 00:00:00,1711.3999999999999
2013-11-12 00:00:00,1718.5999999999997
2013-11-13 00:00:00,1710.9999999999998
2013-11-14 00:00:00,1723.0999999999997
2013-11-15 00:00:00,1717.8999999999999
2013-11-18 00:00:00,1689.9999999999998
2013-11-19 00:00:00,1698.8999999999999
2013-11-20 00:00:00,1678.5999999999997
2013-11-21 00:00:00,1670.7
2013-11-22 00:00:00,1661.7
2013-11-25 00:00:00,1656.8
2013-11-26 00:00:00,1650.8999999999999
2013-11-27 00:00:00,1631.7
2013-11-29 00:00:00,1647.8
2013-12-02 00:00:00,1625.8
2013-12-03 00:00:00,1634.8
2013-12-04 00:00:00,1654.9999999999998
2013-12-05 00:00:00,1642.4999999999998
2013-12-06 00:00:00,1635.3
2013-12-09 00:00:00,1647.4999999999998
2013-12-10 00:00:00,1667.7
2013-12-11 00:00:00,1664.2
2013-12-12 00:00:00,1643.3999999999999
2013-12-13 00:00:00,1641.8999999999999
2013-12-16 00:00:00,1639.0999999999997
2013-12-17 00:00:00,1623.5999999999997
2013-12-18 00:00:00,1621.7
2013-12-19 00:00:00,1597.3999999999999
2013-12-20 00:00:00,1611.2
2013-12-23 00:00:00,1606.3999999999999
2013-12-24 00:00:00,1615.4999999999998
2013-12-26 00:00:00,1641.7
2013-12-27 00:00:00,1654.9999999999998
2013-12-30 00:00:00,1643.3
2013-12-31 00:00:00,1649.8999999999999
2014-01-02 00:00:00,1680.6999999999996
2014-01-03 00:00:00,1690.3
2014-01-06 00:00:00,1692.4999999999998
2014-01-07 00:00:00,1691.4999999999998
2014-01-08 00:00:00,1690.3
2014-01-09 00:00:00,1695.9999999999998
2014-01-10 00:00:00,1712.9999999999998
2014-01-13 00:00:00,1719.9999999999998
2014-01-14 00:00:00,1709.8999999999999
2014-01-15 00:00:00,1704.6999999999996
2014-01-16 00:00:00,1707.5999999999997
2014-01-17 00:00:00,1730.1999999999996
2014-01-21 00:00:00,1729.5999999999997
2014-01-22 00:00:00,1738.4999999999998
2014-01-23 00:00:00,1739.3
2014-01-24 00:00:00,1704.6999999999996
2014-01-27 00:00:00,1697.1999999999996
2014-01-28 00:00:00,1685.4999999999998
2014-01-29 00:00:00,1684.1999999999996
2014-01-30 00:00:00,1658.3999999999999
2014-01-31 00:00:00,1651.8
2014-02-03 00:00:00,1662.6999999999996
2014-02-04 00:00:00,1649.4999999999998
2014-02-05 00:00:00,1655.3999999999999
2014-02-06 00:00:00,1650.9999999999998
2014-02-07 00:00:00,1655.3
2014-02-10 00:00:00,1661.9999999999998
2014-02-11 00:00:00,1663.8999999999999
2014-02-12 00:00:00,1683.3999999999999
2014-02-13 00:00:00,1692.6999999999996
2014-02-14 00:00:00,1706.1999999999996
2014-02-18 00:00:00,1700.5999999999997
2014-02-19 00:00:00,1700.5999999999997
2014-02-20 00:00:00,1688.5999999999997
2014-02-21 00:00:00,1703.9999999999998
2014-02-24 00:00:00,1717.4999999999998
2014-02-25 00:00:00,1718.6999999999996
2014-02-26 00:00:00,1705.1999999999996
2014-02-27 00:00:00,1729.4999999999998
2014-02-28 00:00:00,1722.8999999999999
2014-03-03 00:00:00,1736.8
2014-03-04 00:00:00,1740.1999999999996
2014-03-05 00:00:00,1752.6999999999996
2014-03-06 00:00:00,1762.8999999999999
2014-03-07 00:00:00,1759.6999999999996
2014-03-10 00:00:00,1753.3
2014-03-11 00:00:00,1740.6999999999996
2014-03-12 00:00:00,1752.3999999999999
2014-03-13 00:00:00,1755.4999999999998
2014-03-14 00:00:00,1745.6999999999996
2014-03-17 00:00:00,1744.4999999999998
2014-03-18 00:00:00,1737.8
2014-03-19 00:00:00,1727.8
2014-03-20 00:00:00,1710.8999999999999
2014-03-21 00:00:00,1712.0999999999997
2014-03-24 00:00:00,1707.3
2014-03-25 00:00:00,1696.9999999999998
2014-03-26 00:00:00,1682.5999999999997
2014-03-27 00:00:00,1673.3
2014-03-28 00:00:00,1680.8
2014-03-31 00:00:00,1694.3999999999999
2014-04-01 00:00:00,1703.1999999999996
2014-04-02 00:00:00,1712.3
2014-04-03 00:00:00,1719.0999999999997
2014-04-04 00:00:00,1724.4999999999998
2014-04-07 00:00:00,1701.3999999999999
2014-04-08 00:00:00,1715.3
2014-04-09 00:00:00,1712.4999999999998
2014-04-10 00:00:00,1733.6999999999996
2014-04-11 00:00:00,1736.1999999999996
2014-04-14 00:00:00,1740.9999999999998
2014-04-15 00:00:00,1718.1999999999996
2014-04-16 00:00:00,1711.3999999999999
2014-04-17 00:00:00,1702.3
2014-04-21 00:00:00,1674.3
2014-04-22 00:00:00,1673.8999999999999
2014-04-23 00:00:00,1677.4999999999998
2014-04-24 00:00:00,1683.1999999999996
2014-04-25 00:00:00,1697.8999999999999
2014-04-28 00:00:00,1693.3
2014-04-29 00:00:00,1704.9999999999998
2014-04-30 00:00:00,1701.4999999999998
2014-05-01 00:00:00,1701.0999999999997
2014-05-02 00:00:00,1714.3
2014-05-05 00:00:00,1721.9999999999998
2014-05-06 00:00:00,1731.6999999999996
2014-05-07 00:00:00,1708.3999999999999
2014-05-08 00:00:00,1711.6999999999996
2014-05-09 00:00:00,1703.4999999999998
2014-05-12 00:00:00,1715.4999999999998
2014-05-13 00:00:00,1729.5999999999997
2014-05-14 00:00:00,1759.3
2014-05-15 00:00:00,1743.4999999999998
2014-05-16 00:00:00,1739.6999999999996
2014-05-19 00:00:00,1743.8
2014-05-20 00:00:00,1742.4999999999998
2014-05-21 00:00:00,1748.4999999999998
2014-05-22 00:00:00,1766.6999999999996
2014-05-23 00:00:00,1746.3999999999999
2014-05-27 00:00:00,1735.8999999999999
2014-05-28 00:00:00,1736.3
2014-05-29 00:00:00,1733.6999999999996
2014-05-30 00:00:00,1726.3
2014-06-02 00:00:00,1710.3
2014-06-03 00:00:00,1707.0999999999997
2014-06-04 00:00:00,1707.4999999999998
2014-06-05 00:00:00,1718.6999999999996
2014-06-06 00:00:00,1726.5999999999997
2014-06-09 00:00:00,1727.8999999999999
2014-06-10 00:00:00,1755.8
2014-06-11 00:00:00,1754.6999999999996
2014-06-12 00:00:00,1714.8999999999999
2014-06-13 00:00:00,1708.5999999999997
2014-06-16 00:00:00,1712.6999999999996
2014-06-17 00:00:00,1716.6999999999996
2014-06-18 00:00:00,1724.3999999999999
2014-06-19 00:00:00,1748.0999999999997
2014-06-20 00:00:00,1730.8999999999999
2014-06-23 00:00:00,1730.1999999999996
2014-06-24 00:00:00,1745.4999999999998
2014-06-25 00:00:00,1746.8
2014-06-26 00:00:00,1743.6999999999996
2014-06-27 00:00:00,1752.0999999999997
2014-06-30 00:00:00,1754.7
2014-07-01 00:00:00,1786.8
2014-07-02 00:00:00,1783.3
2014-07-03 00:00:00,1779.4999999999998
2014-07-07 00:00:00,1767.3999999999999
2014-07-08 00:00:00,1768.3
2014-07-09 00:00:00,1778.7
2014-07-10 00:00:00,1788.8
2014-07-11 00:00:00,1785.5999999999997
2014-07-14 00:00:00,1764.8
2014-07-15 00:00:00,1756.8
2014-07-16 00:00:00,1757.4999999999998
2014-07-17 00:00:00,1775.4999999999998
2014-07-18 00:00:00,1761.7
2014-07-21 00:00:00,1765.2
2014-07-22 00:00:00,1760.0999999999997
2014-07-23 00:00:00,1758.4999999999998
2014-07-24 00:00:00,1745.4999999999998
2014-07-25 00:00:00,1750.3999999999999
2014-07-28 00:00:00,1762.3999999999999
2014-07-29 00:00:00,1756.3
2014-07-30 00:00:00,1753.7
2014-07-31 00:00:00,1736.9999999999998
2014-08-01 00:00:00,1735.0999999999997
2014-08-04 00:00:00,1738.3999999999999
2014-08-05 00:00:00,1727.7
2014-08-06 00:00:00,1736.9999999999998
2014-08-07 00:00:00,1753.3
2014-08-08 00:00:00,1750.0999999999997
2014-08-11 00:00:00,1743.3999999999999
2014-08-12 00:00:00,1743.9999999999998
2014-08-13 00:00:00,1741.7
2014-08-14 00:00:00,1740.9999999999998
2014-08-15 00:00:00,1728.9999999999998
2014-08-18 00:00:00,1717.9999999999998
2014-08-19 00:00:00,1711.3
2014-08-20 00:00:00,1700.9999999999998
2014-08-21 00:00:00,1691.0999999999997
2014-08-22 00:00:00,1690.3
2014-08-25 00:00:00,1690.2
2014-08-26 00:00:00,1691.3999999999999
2014-08-27 00:00:00,1691.7
2014-08-28 00:00:00,1696.9999999999998
2014-08-29 00:00:00,1696.4999999999998
2014-09-02 00:00:00,1680.7
2014-09-03 00:00:00,1684.3
2014-09-04 00:00:00,1680.0999999999997
2014-09-05 00:00:00,1682.8
2014-09-08 00:00:00,1669.3
2014-09-09 00:00:00,1657.5999999999997
2014-09-10 00:00:00,1652.8
2014-09-11 00:00:00,1642.4999999999998
2014-09-12 00:00:00,1642.3
2014-09-15 00:00:00,1635.3
2014-09-16 00:00:00,1639.0999999999997
2014-09-17 00:00:00,1633.9999999999998
2014-09-18 00:00:00,1621.3
2014-09-19 00:00:00,1609.0999999999997
2014-09-22 00:00:00,1601.9999999999998
2014-09-23 00:00:00,1604.4999999999998
2014-09-24 00:00:00,1591.2
2014-09-25 00:00:00,1585.9999999999998
2014-09-26 00:00:00,1573.8
2014-09-29 00:00:00,1582.2
2014-09-30 00:00:00,1573.2
2014-10-01 00:00:00,1562.3
2014-10-02 00:00:00,1543.1000000000001
2014-10-03 00:00:00,1499.6000000000001
2014-10-06 00:00:00,1521.8999999999999
2014-10-07 00:00:00,1534.6000000000001
2014-10-08 00:00:00,1539.6000000000001
2014-10-09 00:00:00,1550.9999999999998
2014-10-10 00:00:00,1534.3
2014-10-13 00:00:00,1533.8999999999999
2014-10-14 00:00:00,1544.9999999999998
2014-10-15 00:00:00,1533.6000000000001
2014-10-16 00:00:00,1524.6000000000001
2014-10-17 00:00:00,1534.2
2014-10-20 00:00:00,1540.2
2014-10-21 00:00:00,1555.7
2014-10-22 00:00:00,1543.8
2014-10-23 00:00:00,1527.7
2014-10-24 00:00:00,1523.6000000000001
2014-10-27 00:00:00,1527.2
2014-10-28 00:00:00,1538.9999999999998
2014-10-29 00:00:00,1541.8999999999999
2014-10-30 00:00:00,1518.6000000000001
2014-10-31 00:00:00,1507.8999999999999
2014-11-03 00:00:00,1515.4999999999998
2014-11-04 00:00:00,1497.3999999999999
2014-11-05 00:00:00,1483.3
2014-11-06 00:00:00,1469.8
2014-11-07 00:00:00,1485.4999999999998
2014-11-10 00:00:00,1479.6000000000001
2014-11-11 00:00:00,1479.3999999999999
2014-11-12 00:00:00,1477.9999999999998
2014-11-13 00:00:00,1471.7
2014-11-14 00:00:00,1485.8
2014-11-17 00:00:00,1473.9999999999998
2014-11-18 00:00:00,1477.3
2014-11-19 00:00:00,1471.9999999999998
2014-11-20 00:00:00,1478.3
2014-11-21 00:00:00,1499.9999999999998
2014-11-24 00:00:00,1480.2
2014-11-25 00:00:00,1497.2
2014-11-26 00:00:00,1501.1000000000001
2014-11-28 00:00:00,1483.9999999999998
2014-12-01 00:00:00,1514.3
2014-12-02 00:00:00,1490.2
2014-12-03 00:00:00,1500.2
2014-12-04 00:00:00,1518.6000000000001
2014-12-05 00:00:00,1492.2
2014-12-08 00:00:00,1502.1000000000001
2014-12-09 00:00:00,1519.4999999999998
2014-12-10 00:00:00,1515.3
2014-12-11 00:00:00,1514.8999999999999
2014-12-12 00:00:00,1504.2
2014-12-15 00:00:00,1487.6000000000001
2014-12-16 00:00:00,1469.2
2014-12-17 00:00:00,1472.2
2014-12-18 00:00:00,1469.8
2014-12-19 00:00:00,1469.7
2014-12-22 00:00:00,1454.8
2014-12-23 00:00:00,1464.3999999999999
2014-12-24 00:00:00,1463.8
2014-12-26 00:00:00,1491.2
2014-12-29 00:00:00,1474.3999999999999
2014-12-30 00:00:00,1490.9999999999998
2014-12-31 00:00:00,1481.2
2015-01-02 00:00:00,1475.6000000000001
2015-01-05 00:00:00,1482.6000000000001
2015-01-06 00:00:00,1493.1000000000001
2015-01-07 00:00:00,1492.6000000000001
2015-01-08 00:00:00,1494.7
2015-01-09 00:00:00,1501.8
2015-01-12 00:00:00,1512.7
2015-01-13 00:00:00,1519.4999999999998
2015-01-14 00:00:00,1510.7
2015-01-15 00:00:00,1534.4999999999998
2015-01-16 00:00:00,1541.1000000000001
2015-01-20 00:00:00,1558.3
2015-01-21 00:00:00,1548.1000000000001
2015-01-22 00:00:00,1556.4999999999998
2015-01-23 00:00:00,1540.3999999999999
2015-01-26 00:00:00,1526.7
2015-01-27 00:00:00,1535.9999999999998
2015-01-28 00:00:00,1530.2
2015-01-29 00:00:00,1488.9999999999998
2015-01-30 00:00:00,1509.8999999999999
2015-02-02 00:00:00,1500.3
2015-02-03 00:00:00,1506.8999999999999
2015-02-04 00:00:00,1510.6000000000001
2015-02-05 00:00:00,1521.3999999999999
2015-02-06 00:00:00,1493.3
2015-02-09 00:00:00,1492.1000000000001
2015-02-10 00:00:00,1478.9999999999998
2015-02-11 00:00:00,1467.3
2015-02-12 00:00:00,1472.2
2015-02-13 00:00:00,1479.2
2015-02-17 00:00:00,1448.7
2015-02-18 00:00:00,1438.8999999999999
2015-02-19 00:00:00,1443.9999999999998
2015-02-20 00:00:00,1441.2
2015-02-23 00:00:00,1434.6000000000001
2015-02-24 00:00:00,1434.3
2015-02-25 00:00:00,1440.4999999999998
2015-02-26 00:00:00,1445.3
2015-02-27 00:00:00,1457.3
2015-03-02 00:00:00,1461.6000000000001
2015-03-03 00:00:00,1461.3
2015-03-04 00:00:00,1453.3999999999999
2015-03-05 00:00:00,1451.8
2015-03-06 00:00:00,1430.4999999999998
2015-03-09 00:00:00,1420.3
2015-03-10 00:00:00,1401.7
2015-03-11 00:00:00,1387.1000000000001
2015-03-12 00:00:00,1386.6000000000001
2015-03-13 00:00:00,1386.8999999999999
2015-03-16 00:00:00,1379.6000000000001
2015-03-17 00:00:00,1365.3999999999999
2015-03-18 00:00:00,1364.3
2015-03-19 00:00:00,1391.3
2015-03-20 00:00:00,1412.8999999999999
2015-03-23 00:00:00,1416.2
2015-03-24 00:00:00,1413.2
2015-03-25 00:00:00,1418.2
2015-03-26 00:00:00,1425.7
2015-03-27 00:00:00,1415.3
2015-03-30 00:00:00,1392.2
2015-03-31 00:00:00,1418.2
2015-04-01 00:00:00,1440.8
2015-04-02 00:00:00,1429.3
2015-04-06 00:00:00,1455.2
2015-04-07 00:00:00,1448.7
2015-04-08 00:00:00,1441.0999999999997
2015-04-09 00:00:00,1431.8
2015-04-10 00:00:00,1445.3999999999999
2015-04-13 00:00:00,1428.7
2015-04-14 00:00:00,1428.4999999999998
2015-04-15 00:00:00,1431.3999999999999
2015-04-16 00:00:00,1433.9999999999998
2015-04-17 00:00:00,1442.3
2015-04-20 00:00:00,1423.5999999999997
2015-04-21 00:00:00,1427.3
2015-04-22 00:00:00,1404.4999999999998
2015-04-23 00:00:00,1411.4999999999998
2015-04-24 00:00:00,1396.2
2015-04-27 00:00:00,1428.2
2015-04-28 00:00:00,1433.3999999999999
2015-04-29 00:00:00,1436.3
2015-04-30 00:00:00,1415.2
2015-05-01 00:00:00,1404.4999999999998
2015-05-04 00:00:00,1425.7
2015-05-05 00:00:00,1423.5999999999997
2015-05-06 00:00:00,1417.5999999999997
2015-05-07 00:00:00,1406.2
2015-05-08 00:00:00,1418.3
2015-05-11 00:00:00,1402.0999999999997
2015-05-12 00:00:00,1407.8
2015-05-13 00:00:00,1425.5999999999997
2015-05-14 00:00:00,1437.2
2015-05-15 00:00:00,1443.8999999999999
2015-05-18 00:00:00,1453.3
2015-05-19 00:00:00,1425.7
2015-05-20 00:00:00,1431.7
2015-05-21 00:00:00,1427.0999999999997
2015-05-22 00:00:00,1423.3999999999999
2015-05-26 00:00:00,1398.8999999999999
2015-05-27 00:00:00,1393.8
2015-05-28 00:00:00,1391.0999999999997
2015-05-29 00:00:00,1386.3
2015-06-01 00:00:00,1378.9999999999998
2015-06-02 00:00:00,1387.5999999999997
2015-06-03 00:00:00,1378.8999999999999
2015-06-04 00:00:00,1373.9999999999998
2015-06-05 00:00:00,1366.8
2015-06-08 00:00:00,1375.9999999999998
2015-06-09 00:00:00,1383.3
2015-06-10 00:00:00,1389.9999999999998
2015-06-11 00:00:00,1379.9999999999998
2015-06-12 00:00:00,1371.5999999999997
2015-06-15 00:00:00,1363.3999999999999
2015-06-16 00:00:00,1354.5999999999997
2015-06-17 00:00:00,1347.4999999999998
2015-06-18 00:00:00,1357.5999999999997
2015-06-19 00:00:00,1361.5999999999997
2015-06-22 00:00:00,1335.3999999999999
2015-06-23 00:00:00,1342.3
2015-06-24 00:00:00,1348.8999999999999
2015-06-25 00:00:00,1359.2
2015-06-26 00:00:00,1355.4999999999998
2015-06-29 00:00:00,1357.0999999999997
2015-06-30 00:00:00,1354.3
2015-07-01 00:00:00,1362.5999999999997
2015-07-02 00:00:00,1358.8
2015-07-06 00:00:00,1341.0999999999997
2015-07-07 00:00:00,1316.3
2015-07-08 00:00:00,1310.5999999999997
2015-07-09 00:00:00,1297.2
2015-07-10 00:00:00,1307.0999999999997
2015-07-13 00:00:00,1310.8
2015-07-14 00:00:00,1303.2
2015-07-15 00:00:00,1296.4999999999998
2015-07-16 00:00:00,1286.3999999999999
2015-07-17 00:00:00,1276.1000000000001
2015-07-20 00:00:00,1263.3999999999999
2015-07-21 00:00:00,1259.0999999999997
2015-07-22 00:00:00,1254.7
2015-07-23 00:00:00,1255.8999999999999
2015-07-24 00:00:00,1255.5000000000002
2015-07-27 00:00:00,1263.7
2015-07-28 00:00:00,1261.2
2015-07-29 00:00:00,1259.7
2015-07-30 00:00:00,1264.7
2015-07-31 00:00:00,1259.8
2015-08-03 00:00:00,1241.8999999999999
2015-08-04 00:00:00,1233.3000000000004
2015-08-05 00:00:00,1225.7
2015-08-06 00:00:00,1230.8000000000004
2015-08-07 00:00:00,1237.0000000000002
2015-08-10 00:00:00,1264.5999999999997
2015-08-11 00:00:00,1267.0999999999997
2015-08-12 00:00:00,1274.7
2015-08-13 00:00:00,1269.8
2015-08-14 00:00:00,1268.8
2015-08-17 00:00:00,1275.5000000000002
2015-08-18 00:00:00,1268.8999999999999
2015-08-19 00:00:00,1287.8999999999999
2015-08-20 00:00:00,1309.7
2015-08-21 00:00:00,1301.8999999999999
2015-08-24 00:00:00,1266.3
2015-08-25 00:00:00,1251.5000000000002
2015-08-26 00:00:00,1255.0000000000002
2015-08-27 00:00:00,1280.8
2015-08-28 00:00:00,1296.4999999999998
2015-08-31 00:00:00,1285.3
2015-09-01 00:00:00,1283.2
2015-09-02 00:00:00,1288.3999999999999
2015-09-03 00:00:00,1284.8999999999999
2015-09-04 00:00:00,1267.2
2015-09-08 00:00:00,1277.7
2015-09-09 00:00:00,1256.0000000000002
2015-09-10 00:00:00,1256.0000000000002
2015-09-11 00:00:00,1239.7
2015-09-14 00:00:00,1230.2
2015-09-15 00:00:00,1233.0000000000002
2015-09-16 00:00:00,1250.5000000000002
2015-09-17 00:00:00,1243.2
2015-09-18 00:00:00,1259.2
2015-09-21 00:00:00,1248.5000000000002
2015-09-22 00:00:00,1212.3000000000004
2015-09-23 00:00:00,1207.2
2015-09-24 00:00:00,1230.6000000000001
2015-09-25 00:00:00,1225.9000000000003
2015-09-28 00:00:00,1197.3
2015-09-29 00:00:00,1192.8999999999999
2015-09-30 00:00:00,1183.8999999999999
2015-10-01 00:00:00,1179.9999999999998
2015-10-02 00:00:00,1184.3
2015-10-05 00:00:00,1187.7
2015-10-06 00:00:00,1209.5000000000002
2015-10-07 00:00:00,1221.2
2015-10-08 00:00:00,1230.4000000000003
2015-10-09 00:00:00,1256.2
2015-10-12 00:00:00,1270.7
2015-10-13 00:00:00,1267.3999999999999
2015-10-14 00:00:00,1270.2
2015-10-15 00:00:00,1281.8
2015-10-16 00:00:00,1298.4999999999998
2015-10-19 00:00:00,1289.3999999999999
2015-10-20 00:00:00,1294.8999999999999
2015-10-21 00:00:00,1281.8999999999999
2015-10-22 00:00:00,1287.7
2015-10-23 00:00:00,1276.5000000000002
2015-10-26 00:00:00,1272.3
2015-10-27 00:00:00,1263.9999999999998
2015-10-28 00:00:00,1287.5999999999997
2015-10-29 00:00:00,1268.1000000000001
2015-10-30 00:00:00,1263.8999999999999
2015-11-02 00:00:00,1253.2
2015-11-03 00:00:00,1237.0000000000002
2015-11-04 00:00:00,1229.6000000000001
2015-11-05 00:00:00,1227.9000000000003
2015-11-06 00:00:00,1214.8000000000004
2015-11-09 00:00:00,1189.2
2015-11-10 00:00:00,1174.3
2015-11-11 00:00:00,1157.8999999999999
2015-11-12 00:00:00,1151.6999999999998
2015-11-13 00:00:00,1138.5
2015-11-16 00:00:00,1140.2999999999997
2015-11-17 00:00:00,1129.7999999999997
2015-11-18 00:00:00,1122.7999999999997
2015-11-19 00:00:00,1132.8999999999999
2015-11-20 00:00:00,1130.6999999999998
2015-11-23 00:00:00,1122.1999999999998
2015-11-24 00:00:00,1116.5
2015-11-25 00:00:00,1118.6999999999998
2015-11-27 00:00:00,1110.6
2015-11-30 00:00:00,1107.6999999999998
2015-12-01 00:00:00,1110.1999999999998
2015-12-02 00:00:00,1107.1999999999998
2015-12-03 00:00:00,1122.2999999999997
2015-12-04 00:00:00,1155.3999999999999
2015-12-07 00:00:00,1138.0
2015-12-08 00:00:00,1121.2999999999997
2015-12-09 00:00:00,1140.6
2015-12-10 00:00:00,1130.6999999999998
2015-12-11 00:00:00,1118.5
2015-12-14 00:00:00,1125.0
2015-12-15 00:00:00,1130.6
2015-12-16 00:00:00,1150.8
2015-12-17 00:00:00,1119.5
2015-12-18 00:00:00,1135.6
2015-12-21 00:00:00,1156.0999999999997
2015-12-22 00:00:00,1147.8
2015-12-23 00:00:00,1142.8999999999999
2015-12-24 00:00:00,1158.9999999999998
2015-12-28 00:00:00,1155.5999999999997
2015-12-29 00:00:00,1165.2
2015-12-30 00:00:00,1145.5999999999997
2015-12-31 00:00:00,1166.2
2016-01-04 00:00:00,1157.4999999999998
2016-01-05 00:00:00,1162.9999999999998
2016-01-06 00:00:00,1147.9999999999998
2016-01-07 00:00:00,1150.4999999999998
2016-01-08 00:00:00,1151.6999999999998
2016-01-11 00:00:00,1119.2999999999997
2016-01-12 00:00:00,1111.6
2016-01-13 00:00:00,1124.2999999999997
2016-01-14 00:00:00,1107.7999999999997
2016-01-15 00:00:00,1100.4999999999998
2016-01-19 00:00:00,1103.2999999999997
2016-01-20 00:00:00,1092.1999999999998
2016-01-21 00:00:00,1092.4999999999998
2016-01-22 00:00:00,1104.6
2016-01-25 00:00:00,1134.4999999999998
2016-01-26 00:00:00,1149.8999999999999
2016-01-27 00:00:00,1155.0999999999997
2016-01-28 00:00:00,1140.8999999999996
2016-01-29 00:00:00,1147.2999999999997
2016-02-01 00:00:00,1143.0999999999997
2016-02-02 00:00:00,1128.6999999999998
2016-02-03 00:00:00,1153.0999999999997
2016-02-04 00:00:00,1179.3
2016-02-05 00:00:00,1176.7
2016-02-08 00:00:00,1201.7
2016-02-09 00:00:00,1212.4000000000003
2016-02-10 00:00:00,1207.2
2016-02-11 00:00:00,1236.2
2016-02-12 00:00:00,1231.1000000000001
2016-02-16 00:00:00,1210.3
2016-02-17 00:00:00,1222.7
2016-02-18 00:00:00,1218.6000000000001
2016-02-19 00:00:00,1218.6000000000001
2016-02-22 00:00:00,1200.8
2016-02-23 00:00:00,1216.5000000000002
2016-02-24 00:00:00,1216.7
2016-02-25 00:00:00,1199.9999999999998
2016-02-26 00:00:00,1188.1000000000001
2016-02-29 00:00:00,1207.3
2016-03-01 00:00:00,1209.7
2016-03-02 00:00:00,1209.2
2016-03-03 00:00:00,1215.7
2016-03-04 00:00:00,1259.3
2016-03-07 00:00:00,1274.9999999999998
2016-03-08 00:00:00,1262.3999999999999
2016-03-09 00:00:00,1255.8
2016-03-10 00:00:00,1250.7
2016-03-11 00:00:00,1242.7
2016-03-14 00:00:00,1238.3999999999999
2016-03-15 00:00:00,1232.8
2016-03-16 00:00:00,1231.7
2016-03-17 00:00:00,1262.0999999999997
2016-03-18 00:00:00,1243.4999999999998
2016-03-21 00:00:00,1254.8
2016-03-22 00:00:00,1269.8
2016-03-23 00:00:00,1233.8
2016-03-24 00:00:00,1225.3999999999999
2016-03-28 00:00:00,1217.7
2016-03-29 00:00:00,1238.5000000000002
2016-03-30 00:00:00,1237.7
2016-03-31 00:00:00,1248.9999999999998
2016-04-01 00:00:00,1226.7
2016-04-04 00:00:00,1215.0000000000002
2016-04-05 00:00:00,1223.1000000000001
2016-04-06 00:00:00,1216.2
2016-04-07 00:00:00,1226.2
2016-04-08 00:00:00,1239.8999999999999
2016-04-11 00:00:00,1262.3
2016-04-12 00:00:00,1271.2
2016-04-13 00:00:00,1274.4999999999998
2016-04-14 00:00:00,1264.3999999999999
2016-04-15 00:00:00,1261.3999999999999
2016-04-18 00:00:00,1249.3
2016-04-19 00:00:00,1287.2
2016-04-20 00:00:00,1299.5999999999997
2016-04-21 00:00:00,1303.3999999999999
2016-04-22 00:00:00,1282.7
2016-04-25 00:00:00,1289.9999999999998
2016-04-26 00:00:00,1291.5999999999997
2016-04-27 00:00:00,1296.8999999999999
2016-04-28 00:00:00,1322.2
2016-04-29 00:00:00,1349.8999999999999
2016-05-02 00:00:00,1357.8999999999999
2016-05-03 00:00:00,1343.0999999999997
2016-05-04 00:00:00,1327.0999999999997
2016-05-05 00:00:00,1335.3
2016-05-06 00:00:00,1356.5999999999997
2016-05-09 00:00:00,1318.3
2016-05-10 00:00:00,1320.8
2016-05-11 00:00:00,1337.5999999999997
2016-05-12 00:00:00,1325.4999999999998
2016-05-13 00:00:00,1323.5999999999997
2016-05-16 00:00:00,1324.9999999999998
2016-05-17 00:00:00,1325.9999999999998
2016-05-18 00:00:00,1313.9999999999998
2016-05-19 00:00:00,1284.8
2016-05-20 00:00:00,1294.8
2016-05-23 00:00:00,1284.5999999999997
2016-05-24 00:00:00,1275.7
2016-05-25 00:00:00,1266.3
2016-05-26 00:00:00,1267.3
2016-05-27 00:00:00,1253.7
2016-05-31 00:00:00,1251.8999999999999
2016-06-01 00:00:00,1243.3999999999999
2016-06-02 00:00:00,1231.6000000000001
2016-06-03 00:00:00,1253.3999999999999
2016-06-06 00:00:00,1267.9999999999998
2016-06-07 00:00:00,1270.8999999999999
2016-06-08 00:00:00,1283.4999999999998
2016-06-09 00:00:00,1275.3
2016-06-10 00:00:00,1265.7
2016-06-13 00:00:00,1266.8
2016-06-14 00:00:00,1243.3999999999999
2016-06-15 00:00:00,1246.3
2016-06-16 00:00:00,1249.8
2016-06-17 00:00:00,1237.6000000000001
2016-06-20 00:00:00,1258.7
2016-06-21 00:00:00,1252.9999999999998
2016-06-22 00:00:00,1254.9999999999998
2016-06-23 00:00:00,1237.8
2016-06-24 00:00:00,1258.6000000000001
2016-06-27 00:00:00,1250.7
2016-06-28 00:00:00,1250.6000000000001
2016-06-29 00:00:00,1283.4999999999998
2016-06-30 00:00:00,1294.3
2016-07-01 00:00:00,1327.0999999999997
2016-07-05 00:00:00,1346.8999999999999
2016-07-06 00:00:00,1361.3
2016-07-07 00:00:00,1365.0999999999997
2016-07-08 00:00:00,1370.2
2016-07-11 00:00:00,1378.0999999999997
2016-07-12 00:00:00,1367.8999999999999
2016-07-13 00:00:00,1370.2
2016-07-14 00:00:00,1374.5999999999997
2016-07-15 00:00:00,1364.3999999999999
2016-07-18 00:00:00,1371.5999999999997
2016-07-19 00:00:00,1368.5999999999997
2016-07-20 00:00:00,1361.4999999999998
2016-07-21 00:00:00,1377.9999999999998
2016-07-22 00:00:00,1358.3999999999999
2016-07-25 00:00:00,1358.3999999999999
2016-07-26 00:00:00,1368.9999999999998
2016-07-27 00:00:00,1398.2
2016-07-28 00:00:00,1408.8999999999999
2016-07-29 00:00:00,1420.5999999999997
2016-08-01 00:00:00,1433.3
2016-08-02 00:00:00,1442.0999999999997
2016-08-03 00:00:00,1439.5999999999997
2016-08-04 00:00:00,1434.9999999999998
2016-08-05 00:00:00,1421.4999999999998
2016-08-08 00:00:00,1425.3999999999999
2016-08-09 00:00:00,1429.8999999999999
2016-08-10 00:00:00,1453.0999999999997
2016-08-11 00:00:00,1426.7
2016-08-12 00:00:00,1399.3
2016-08-15 00:00:00,1386.3
2016-08-16 00:00:00,1394.0999999999997
2016-08-17 00:00:00,1384.7
2016-08-18 00:00:00,1403.2
2016-08-19 00:00:00,1388.3999999999999
2016-08-22 00:00:00,1378.2
2016-08-23 00:00:00,1381.3
2016-08-24 00:00:00,1352.2
2016-08-25 00:00:00,1346.9999999999998
2016-08-26 00:00:00,1347.7
2016-08-29 00:00:00,1351.0999999999997
2016-08-30 00:00:00,1326.5999999999997
2016-08-31 00:00:00,1323.4999999999998
2016-09-01 00:00:00,1318.8999999999999
2016-09-02 00:00:00,1332.2
2016-09-06 00:00:00,1372.7
2016-09-07 00:00:00,1362.8
2016-09-08 00:00:00,1354.7
2016-09-09 00:00:00,1337.4999999999998
2016-09-12 00:00:00,1312.8999999999999
2016-09-13 00:00:00,1305.9999999999998
2016-09-14 00:00:00,1310.8999999999999
2016-09-15 00:00:00,1303.8
2016-09-16 00:00:00,1287.5999999999997
2016-09-19 00:00:00,1293.7
2016-09-20 00:00:00,1300.8999999999999
2016-09-21 00:00:00,1317.8999999999999
2016-09-22 00:00:00,1332.8
2016-09-23 00:00:00,1326.9999999999998
2016-09-26 00:00:00,1312.8999999999999
2016-09-27 00:00:00,1295.2
2016-09-28 00:00:00,1292.8999999999999
2016-09-29 00:00:00,1303.1000000000001
2016-09-30 00:00:00,1300.3999999999999
2016-10-03 00:00:00,1275.0000000000002
2016-10-04 00:00:00,1256.3999999999999
2016-10-05 00:00:00,1242.5000000000002
2016-10-06 00:00:00,1232.2
2016-10-07 00:00:00,1228.5000000000002
2016-10-10 00:00:00,1231.3000000000004
2016-10-11 00:00:00,1215.7
2016-10-12 00:00:00,1207.8000000000004
2016-10-13 00:00:00,1198.8
2016-10-14 00:00:00,1205.4000000000003
2016-10-17 00:00:00,1202.1000000000001
2016-10-18 00:00:00,1212.4000000000003
2016-10-19 00:00:00,1209.4000000000003
2016-10-20 00:00:00,1201.3
2016-10-21 00:00:00,1198.2
2016-10-24 00:00:00,1205.0000000000002
2016-10-25 00:00:00,1230.8000000000004
2016-10-26 00:00:00,1229.9000000000003
2016-10-27 00:00:00,1230.8000000000004
2016-10-28 00:00:00,1247.3
2016-10-31 00:00:00,1244.5000000000002
2016-11-01 00:00:00,1263.8
2016-11-02 00:00:00,1267.7
2016-11-03 00:00:00,1260.3
2016-11-04 00:00:00,1270.3999999999999
2016-11-07 00:00:00,1267.3
2016-11-08 00:00:00,1274.5000000000002
2016-11-09 00:00:00,1269.2
2016-11-10 00:00:00,1248.1000000000001
2016-11-11 00:00:00,1209.1000000000001
2016-11-14 00:00:00,1199.5000000000002
2016-11-15 00:00:00,1200.6000000000001
2016-11-16 00:00:00,1212.4000000000003
2016-11-17 00:00:00,1211.0000000000002
2016-11-18 00:00:00,1187.8999999999999
2016-11-21 00:00:00,1202.4000000000003
2016-11-22 00:00:00,1208.9000000000003
2016-11-23 00:00:00,1197.0000000000002
2016-11-25 00:00:00,1174.2
2016-11-28 00:00:00,1189.2
2016-11-29 00:00:00,1187.2
2016-11-30 00:00:00,1175.8
2016-12-01 00:00:00,1177.2
2016-12-02 00:00:00,1198.6000000000001
2016-12-05 00:00:00,1204.5000000000002
2016-12-06 00:00:00,1201.6000000000001
2016-12-07 00:00:00,1209.1000000000001
2016-12-08 00:00:00,1209.7
2016-12-09 00:00:00,1180.8999999999999
2016-12-12 00:00:00,1199.6000000000001
2016-12-13 00:00:00,1202.6000000000001
2016-12-14 00:00:00,1206.7
2016-12-15 00:00:00,1159.4999999999998
2016-12-16 00:00:00,1200.0000000000002
2016-12-19 00:00:00,1183.2
2016-12-20 00:00:00,1189.8999999999999
2016-12-21 00:00:00,1180.3
2016-12-22 00:00:00,1173.3
2016-12-23 00:00:00,1159.1000000000001
2016-12-27 00:00:00,1169.9999999999998
2016-12-28 00:00:00,1165.4999999999998
2016-12-29 00:00:00,1165.7
2016-12-30 00:00:00,1168.9999999999998
2017-01-03 00:00:00,1207.5000000000002
2017-01-04 00:00:00,1210.5000000000002
2017-01-05 00:00:00,1239.3
2017-01-06 00:00:00,1233.9000000000003
2017-01-09 00:00:00,1245.8999999999999
2017-01-10 00:00:00,1246.1000000000001
2017-01-11 00:00:00,1239.7
2017-01-12 00:00:00,1248.0000000000002
2017-01-13 00:00:00,1249.7
2017-01-17 00:00:00,1246.3999999999999
2017-01-18 00:00:00,1235.2
2017-01-19 00:00:00,1219.7
2017-01-20 00:00:00,1239.3
2017-01-23 00:00:00,1243.2
2017-01-24 00:00:00,1271.1000000000001
2017-01-25 00:00:00,1245.0000000000002
2017-01-26 00:00:00,1245.0000000000002
2017-01-27 00:00:00,1246.6000000000001
2017-01-30 00:00:00,1256.8
2017-01-31 00:00:00,1259.8
2017-02-01 00:00:00,1263.0999999999997
2017-02-02 00:00:00,1262.8999999999999
2017-02-03 00:00:00,1270.0000000000002
2017-02-06 00:00:00,1277.3999999999999
2017-02-07 00:00:00,1276.2
2017-02-08 00:00:00,1282.7
2017-02-09 00:00:00,1285.4999999999998
2017-02-10 00:00:00,1275.0000000000002
2017-02-13 00:00:00,1263.5999999999997
2017-02-14 00:00:00,1265.4999999999998
2017-02-15 00:00:00,1273.2
2017-02-16 00:00:00,1279.0000000000002
2017-02-17 00:00:00,1269.3
2017-02-21 00:00:00,1269.3
2017-02-22 00:00:00,1265.9999999999998
2017-02-23 00:00:00,1275.2
2017-02-24 00:00:00,1291.9999999999998
2017-02-27 00:00:00,1302.2
2017-02-28 00:00:00,1294.3
2017-03-01 00:00:00,1282.2
2017-03-02 00:00:00,1253.2
2017-03-03 00:00:00,1257.3999999999999
2017-03-06 00:00:00,1241.5000000000002
2017-03-07 00:00:00,1224.4000000000003
2017-03-08 00:00:00,1212.8000000000004
2017-03-09 00:00:00,1200.5000000000002
2017-03-10 00:00:00,1201.5000000000002
2017-03-13 00:00:00,1204.5000000000002
2017-03-14 00:00:00,1202.2
2017-03-15 00:00:00,1200.1000000000001
2017-03-16 00:00:00,1221.7
2017-03-17 00:00:00,1226.3
2017-03-20 00:00:00,1235.7
2017-03-21 00:00:00,1234.7
2017-03-22 00:00:00,1225.2
2017-03-23 00:00:00,1227.1000000000001
2017-03-24 00:00:00,1231.2
2017-03-27 00:00:00,1232.3000000000004
2017-03-28 00:00:00,1220.7
2017-03-29 00:00:00,1216.3
2017-03-30 00:00:00,1215.7
2017-03-31 00:00:00,1212.4000000000003
2017-04-03 00:00:00,1218.2
2017-04-04 00:00:00,1224.5000000000002
2017-04-05 00:00:00,1219.6000000000001
2017-04-06 00:00:00,1218.9000000000003
2017-04-07 00:00:00,1222.6000000000001
2017-04-10 00:00:00,1199.9999999999998
2017-04-11 00:00:00,1229.5000000000002
2017-04-12 00:00:00,1227.8999999999999
2017-04-13 00:00:00,1237.3999999999999
2017-04-17 00:00:00,1251.1000000000001
2017-04-18 00:00:00,1238.6000000000001
2017-04-19 00:00:00,1230.3
2017-04-20 00:00:00,1241.2
2017-04-21 00:00:00,1237.6000000000001
2017-04-24 00:00:00,1220.2
2017-04-25 00:00:00,1217.6000000000001
2017-04-26 00:00:00,1208.5000000000002
2017-04-27 00:00:00,1208.8
2017-04-28 00:00:00,1208.7
2017-05-01 00:00:00,1192.2
2017-05-02 00:00:00,1185.9999999999998
2017-05-03 00:00:00,1164.3999999999999
2017-05-04 00:00:00,1167.7
2017-05-05 00:00:00,1170.2
2017-05-08 00:00:00,1179.5999999999997
2017-05-09 00:00:00,1160.8999999999999
2017-05-10 00:00:00,1169.8999999999999
2017-05-11 00:00:00,1177.7
2017-05-12 00:00:00,1177.4999999999998
2017-05-15 00:00:00,1188.7
2017-05-16 00:00:00,1196.9999999999998
2017-05-17 00:00:00,1206.1000000000001
2017-05-18 00:00:00,1196.8
2017-05-19 00:00:00,1200.2
2017-05-22 00:00:00,1210.3
2017-05-23 00:00:00,1209.4000000000003
2017-05-24 00:00:00,1207.3
2017-05-25 00:00:00,1212.9000000000003
2017-05-26 00:00:00,1222.8999999999999
2017-05-30 00:00:00,1201.1000000000001
2017-05-31 00:00:00,1210.3
2017-06-01 00:00:00,1188.9999999999998
2017-06-02 00:00:00,1213.4000000000003
2017-06-05 00:00:00,1217.6000000000001
2017-06-06 00:00:00,1223.3
2017-06-07 00:00:00,1207.6000000000001
2017-06-08 00:00:00,1198.1000000000001
2017-06-09 00:00:00,1200.3
2017-06-12 00:00:00,1204.5000000000002
2017-06-13 00:00:00,1184.2
2017-06-14 00:00:00,1211.9000000000003
2017-06-15 00:00:00,1181.3
2017-06-16 00:00:00,1186.8
2017-06-19 00:00:00,1186.8999999999999
2017-06-20 00:00:00,1181.4999999999998
2017-06-21 00:00:00,1186.9999999999998
2017-06-22 00:00:00,1185.5999999999997
2017-06-23 00:00:00,1189.3999999999999
2017-06-26 00:00:00,1176.5999999999997
2017-06-27 00:00:00,1178.7
2017-06-28 00:00:00,1181.9999999999998
2017-06-29 00:00:00,1180.8999999999999
2017-06-30 00:00:00,1184.2
2017-07-03 00:00:00,1163.8999999999999
2017-07-05 00:00:00,1166.5999999999997
2017-07-06 00:00:00,1168.0999999999997
2017-07-07 00:00:00,1161.8999999999999
2017-07-10 00:00:00,1159.7
2017-07-11 00:00:00,1156.4999999999998
2017-07-12 00:00:00,1176.8
2017-07-13 00:00:00,1164.8999999999999
2017-07-14 00:00:00,1181.3
2017-07-17 00:00:00,1188.1000000000001
2017-07-18 00:00:00,1188.1000000000001
2017-07-19 00:00:00,1181.9999999999998
2017-07-20 00:00:00,1191.0000000000002
2017-07-21 00:00:00,1195.2
2017-07-24 00:00:00,1190.1000000000001
2017-07-25 00:00:00,1189.6000000000001
2017-07-26 00:00:00,1180.4999999999998
2017-07-27 00:00:00,1184.2
2017-07-28 00:00:00,1194.3999999999999
2017-07-31 00:00:00,1198.5000000000002
2017-08-01 00:00:00,1207.3000000000004
2017-08-02 00:00:00,1211.6000000000001
2017-08-03 00:00:00,1222.4000000000003
2017-08-04 00:00:00,1226.8
2017-08-07 00:00:00,1229.4000000000003
2017-08-08 00:00:00,1232.3000000000004
2017-08-09 00:00:00,1233.9000000000003
2017-08-10 00:00:00,1243.7
2017-08-11 00:00:00,1247.5000000000002
2017-08-14 00:00:00,1232.7
2017-08-15 00:00:00,1225.2
2017-08-16 00:00:00,1232.3000000000004
2017-08-17 00:00:00,1239.5000000000002
2017-08-18 00:00:00,1240.2
2017-08-21 00:00:00,1243.3
2017-08-22 00:00:00,1239.1000000000001
2017-08-23 00:00:00,1238.7
2017-08-24 00:00:00,1240.4000000000003
2017-08-25 00:00:00,1236.9000000000003
2017-08-28 00:00:00,1247.1000000000001
2017-08-29 00:00:00,1261.3
2017-08-30 00:00:00,1253.0000000000002
2017-08-31 00:00:00,1256.3
2017-09-01 00:00:00,1266.8
2017-09-05 00:00:00,1266.8
2017-09-06 00:00:00,1264.8999999999999
2017-09-07 00:00:00,1274.6000000000001
2017-09-08 00:00:00,1270.1000000000001
2017-09-11 00:00:00,1256.6000000000001
2017-09-12 00:00:00,1244.3
2017-09-13 00:00:00,1241.0000000000002
2017-09-14 00:00:00,1238.7
2017-09-15 00:00:00,1229.6000000000001
2017-09-18 00:00:00,1218.9000000000003
2017-09-19 00:00:00,1209.0000000000002
2017-09-20 00:00:00,1203.2
2017-09-21 00:00:00,1197.7
2017-09-22 00:00:00,1189.8999999999999
2017-09-25 00:00:00,1198.0000000000002
2017-09-26 00:00:00,1182.4999999999998
2017-09-27 00:00:00,1179.3
2017-09-28 00:00:00,1179.4999999999998
2017-09-29 00:00:00,1169.3
2017-10-02 00:00:00,1170.3999999999999
2017-10-03 00:00:00,1169.3
2017-10-04 00:00:00,1168.5999999999997
2017-10-05 00:00:00,1171.8
2017-10-06 00:00:00,1170.4999999999998
2017-10-09 00:00:00,1171.9999999999998
2017-10-10 00:00:00,1190.3
2017-10-11 00:00:00,1186.9999999999998
2017-10-12 00:00:00,1195.6000000000001
2017-10-13 00:00:00,1201.7
2017-10-16 00:00:00,1195.8999999999999
2017-10-17 00:00:00,1188.6000000000001
2017-10-18 00:00:00,1178.3999999999999
2017-10-19 00:00:00,1179.7
2017-10-20 00:00:00,1180.5999999999997
2017-10-23 00:00:00,1180.9999999999998
2017-10-24 00:00:00,1179.3
2017-10-25 00:00:00,1180.4999999999998
2017-10-26 00:00:00,1175.8999999999999
2017-10-27 00:00:00,1168.3999999999999
2017-10-30 00:00:00,1176.4999999999998
2017-10-31 00:00:00,1173.3999999999999
2017-11-01 00:00:00,1190.5000000000002
2017-11-02 00:00:00,1181.5999999999997
2017-11-03 00:00:00,1175.7
2017-11-06 00:00:00,1188.8
2017-11-07 00:00:00,1179.0999999999997
2017-11-08 00:00:00,1191.7
2017-11-09 00:00:00,1194.3999999999999
2017-11-10 00:00:00,1185.8999999999999
2017-11-13 00:00:00,1189.3999999999999
2017-11-14 00:00:00,1181.0999999999997
2017-11-15 00:00:00,1186.8999999999999
2017-11-16 00:00:00,1190.0000000000002
2017-11-17 00:00:00,1208.4000000000003
2017-11-20 00:00:00,1177.3999999999999
2017-11-21 00:00:00,1191.8
2017-11-22 00:00:00,1194.5000000000002
2017-11-24 00:00:00,1199.1000000000001
2017-11-27 00:00:00,1204.6000000000001
2017-11-28 00:00:00,1206.6000000000001
2017-11-29 00:00:00,1195.0000000000002
2017-11-30 00:00:00,1196.3
2017-12-01 00:00:00,1194.3999999999999
2017-12-04 00:00:00,1179.8
2017-12-05 00:00:00,1171.3
2017-12-06 00:00:00,1156.5999999999997
2017-12-07 00:00:00,1148.3
2017-12-08 00:00:00,1137.5
2017-12-11 00:00:00,1146.5999999999997
2017-12-12 00:00:00,1129.5
2017-12-13 00:00:00,1129.1999999999998
2017-12-14 00:00:00,1135.0
2017-12-15 00:00:00,1143.1999999999998
2017-12-18 00:00:00,1166.9999999999998
2017-12-19 00:00:00,1167.8999999999999
2017-12-20 00:00:00,1175.3
2017-12-21 00:00:00,1173.4999999999998
2017-12-22 00:00:00,1176.8
2017-12-26 00:00:00,1177.3
2017-12-27 00:00:00,1177.4999999999998
2017-12-28 00:00:00,1180.7
2017-12-29 00:00:00,1187.4999999999998
2018-01-02 00:00:00,1196.9999999999998
2018-01-03 00:00:00,1211.5000000000002
2018-01-04 00:00:00,1219.4000000000003
2018-01-05 00:00:00,1224.4000000000003
2018-01-08 00:00:00,1225.6000000000001
2018-01-09 00:00:00,1221.5000000000002
2018-01-10 00:00:00,1228.0000000000002
2018-01-11 00:00:00,1240.0000000000002
2018-01-12 00:00:00,1245.3999999999999
2018-01-16 00:00:00,1254.1000000000001
2018-01-17 00:00:00,1260.0999999999997
2018-01-18 00:00:00,1256.3999999999999
2018-01-19 00:00:00,1269.3
2018-01-22 00:00:00,1245.9999999999998
2018-01-23 00:00:00,1256.9999999999998
2018-01-24 00:00:00,1264.9999999999998
2018-01-25 00:00:00,1281.3
2018-01-26 00:00:00,1267.6000000000001
2018-01-29 00:00:00,1261.8999999999999
2018-01-30 00:00:00,1250.9999999999998
2018-01-31 00:00:00,1253.4999999999998
2018-02-01 00:00:00,1256.9999999999998
2018-02-02 00:00:00,1248.6000000000001
2018-02-05 00:00:00,1244.7
2018-02-06 00:00:00,1243.4999999999998
2018-02-07 00:00:00,1230.9000000000003
2018-02-08 00:00:00,1227.6000000000001
2018-02-09 00:00:00,1210.7
2018-02-12 00:00:00,1222.0000000000002
2018-02-13 00:00:00,1224.9000000000003
2018-02-14 00:00:00,1248.3
2018-02-15 00:00:00,1250.3
2018-02-16 00:00:00,1261.4999999999998
2018-02-20 00:00:00,1253.2
2018-02-21 00:00:00,1245.8
2018-02-22 00:00:00,1248.6000000000001
2018-02-23 00:00:00,1247.9999999999998
2018-02-26 00:00:00,1250.9999999999998
2018-02-27 00:00:00,1233.8000000000004
2018-02-28 00:00:00,1237.3
2018-03-01 00:00:00,1207.0000000000002
2018-03-02 00:00:00,1214.3000000000004
2018-03-05 00:00:00,1211.3000000000004
2018-03-06 00:00:00,1219.8
2018-03-07 00:00:00,1202.4000000000003
2018-03-08 00:00:00,1201.5000000000002
2018-03-09 00:00:00,1213.4000000000003
2018-03-12 00:00:00,1212.1000000000001
2018-03-13 00:00:00,1216.5000000000002
2018-03-14 00:00:00,1210.7
2018-03-15 00:00:00,1206.1000000000001
2018-03-16 00:00:00,1199.3999999999999
2018-03-19 00:00:00,1203.6000000000001
2018-03-20 00:00:00,1194.2
2018-03-21 00:00:00,1199.8
2018-03-22 00:00:00,1198.3
2018-03-23 00:00:00,1197.6000000000001
2018-03-26 00:00:00,1199.6000000000001
2018-03-27 00:00:00,1195.8999999999999
2018-03-28 00:00:00,1183.8999999999999
2018-03-29 00:00:00,1175.7
2018-04-02 00:00:00,1179.6000000000001
2018-04-03 00:00:00,1174.3999999999999
2018-04-04 00:00:00,1161.2
2018-04-05 00:00:00,1158.3999999999999
2018-04-06 00:00:00,1160.6000000000001
2018-04-09 00:00:00,1182.4999999999998
2018-04-10 00:00:00,1176.2
2018-04-11 00:00:00,1177.3999999999999
2018-04-12 00:00:00,1177.8999999999999
2018-04-13 00:00:00,1176.2
2018-04-16 00:00:00,1174.8999999999999
2018-04-17 00:00:00,1183.1000000000001
2018-04-18 00:00:00,1188.8999999999999
2018-04-19 00:00:00,1183.2
2018-04-20 00:00:00,1174.8999999999999
2018-04-23 00:00:00,1165.4999999999998
2018-04-24 00:00:00,1178.1000000000001
2018-04-25 00:00:00,1155.8
2018-04-26 00:00:00,1153.2
2018-04-27 00:00:00,1159.4999999999998
2018-04-30 00:00:00,1147.4999999999998
2018-05-01 00:00:00,1137.3
2018-05-02 00:00:00,1136.8999999999999
2018-05-03 00:00:00,1147.1
2018-05-04 00:00:00,1153.3999999999999
2018-05-07 00:00:00,1156.3999999999999
2018-05-08 00:00:00,1155.2
2018-05-09 00:00:00,1159.7
2018-05-10 00:00:00,1168.2
2018-05-11 00:00:00,1168.9999999999998
2018-05-14 00:00:00,1157.9999999999998
2018-05-15 00:00:00,1140.3
2018-05-16 00:00:00,1132.8999999999999
2018-05-17 00:00:00,1135.1999999999998
2018-05-18 00:00:00,1129.6
2018-05-21 00:00:00,1142.8999999999999
2018-05-22 00:00:00,1151.8999999999999
2018-05-23 00:00:00,1143.8999999999999
2018-05-24 00:00:00,1155.7
2018-05-25 00:00:00,1144.3999999999999
2018-05-29 00:00:00,1148.9999999999998
2018-05-30 00:00:00,1151.6
2018-05-31 00:00:00,1153.2
2018-06-01 00:00:00,1149.8
2018-06-04 00:00:00,1146.6
2018-06-05 00:00:00,1144.3999999999999
2018-06-06 00:00:00,1150.7
2018-06-07 00:00:00,1143.3999999999999
2018-06-08 00:00:00,1148.8
2018-06-11 00:00:00,1149.4999999999998
2018-06-12 00:00:00,1144.6
2018-06-13 00:00:00,1145.6
2018-06-14 00:00:00,1153.9999999999998
2018-06-15 00:00:00,1130.8999999999999
2018-06-18 00:00:00,1127.0
2018-06-19 00:00:00,1108.0
2018-06-20 00:00:00,1117.1999999999998
2018-06-21 00:00:00,1106.3
2018-06-22 00:00:00,1116.3999999999999
2018-06-25 00:00:00,1111.8999999999999
2018-06-26 00:00:00,1114.3999999999999
2018-06-27 00:00:00,1101.3999999999999
2018-06-28 00:00:00,1094.6
2018-06-29 00:00:00,1097.1
2018-07-02 00:00:00,1052.8
2018-07-03 00:00:00,1085.6999999999998
2018-07-05 00:00:00,1080.7999999999997
2018-07-06 00:00:00,1088.0
2018-07-09 00:00:00,1092.8999999999999
2018-07-10 00:00:00,1085.6
2018-07-11 00:00:00,1074.3999999999999
2018-07-12 00:00:00,1085.7999999999997
2018-07-13 00:00:00,1069.6999999999998
2018-07-16 00:00:00,1065.8
2018-07-17 00:00:00,1059.3
2018-07-18 00:00:00,1057.1999999999998
2018-07-19 00:00:00,1045.6999999999998
2018-07-20 00:00:00,1068.8999999999999
2018-07-23 00:00:00,1070.3999999999999
2018-07-24 00:00:00,1075.0
2018-07-25 00:00:00,1079.1
2018-07-26 00:00:00,1075.1
2018-07-27 00:00:00,1071.1
2018-07-30 00:00:00,1070.8999999999999
2018-07-31 00:00:00,1085.1999999999998
2018-08-01 00:00:00,1056.6
2018-08-02 00:00:00,1067.6
2018-08-03 00:00:00,1076.2999999999997
2018-08-06 00:00:00,1065.6999999999998
2018-08-07 00:00:00,1070.7999999999997
2018-08-08 00:00:00,1068.8999999999999
2018-08-09 00:00:00,1073.5
2018-08-10 00:00:00,1069.0
2018-08-13 00:00:00,1038.8999999999999
2018-08-14 00:00:00,1041.1
2018-08-15 00:00:00,1011.2999999999998
2018-08-16 00:00:00,1023.8999999999999
2018-08-17 00:00:00,1016.6999999999998
2018-08-20 00:00:00,1033.2999999999997
2018-08-21 00:00:00,1032.3999999999999
2018-08-22 00:00:00,1033.1
2018-08-23 00:00:00,1017.7999999999998
2018-08-24 00:00:00,1028.7999999999997
2018-08-27 00:00:00,1043.6
2018-08-28 00:00:00,1034.6999999999998
2018-08-29 00:00:00,1036.0
2018-08-30 00:00:00,1031.1999999999998
2018-08-31 00:00:00,1026.5
2018-09-04 00:00:00,1017.5999999999999
2018-09-05 00:00:00,1023.6999999999998
2018-09-06 00:00:00,1030.2999999999997
2018-09-07 00:00:00,1019.7999999999998
2018-09-10 00:00:00,1029.3999999999999
2018-09-11 00:00:00,1028.6999999999998
2018-09-12 00:00:00,1039.2999999999997
2018-09-13 00:00:00,1042.6999999999998
2018-09-14 00:00:00,1038.0
2018-09-17 00:00:00,1040.2999999999997
2018-09-18 00:00:00,1054.3
2018-09-19 00:00:00,1061.3
2018-09-20 00:00:00,1073.6
2018-09-21 00:00:00,1069.0
2018-09-24 00:00:00,1068.6999999999998
2018-09-25 00:00:00,1062.3
2018-09-26 00:00:00,1064.9999999999998
2018-09-27 00:00:00,1049.6999999999998
2018-09-28 00:00:00,1057.3999999999999
2018-10-01 00:00:00,1062.8999999999999
2018-10-02 00:00:00,1068.4999999999998
2018-10-03 00:00:00,1070.6999999999998
2018-10-04 00:00:00,1059.4999999999998
2018-10-05 00:00:00,1059.4999999999998
2018-10-08 00:00:00,1053.2999999999997
2018-10-09 00:00:00,1063.8999999999999
2018-10-10 00:00:00,1062.2999999999997
2018-10-11 00:00:00,1081.6
2018-10-12 00:00:00,1074.9999999999998
2018-10-15 00:00:00,1081.2999999999997
2018-10-16 00:00:00,1081.6999999999998
2018-10-17 00:00:00,1075.6
2018-10-18 00:00:00,1066.6999999999998
2018-10-19 00:00:00,1070.9999999999998
2018-10-22 00:00:00,1057.4999999999998
2018-10-23 00:00:00,1070.3999999999996
2018-10-24 00:00:00,1066.4999999999998
2018-10-25 00:00:00,1066.8999999999996
2018-10-26 00:00:00,1069.3999999999996
2018-10-29 00:00:00,1071.8999999999996
2018-10-30 00:00:00,1073.9999999999998
2018-10-31 00:00:00,1077.9999999999998
2018-11-01 00:00:00,1097.7999999999997
2018-11-02 00:00:00,1110.6999999999998
2018-11-05 00:00:00,1104.3999999999996
2018-11-06 00:00:00,1106.4999999999998
2018-11-07 00:00:00,1113.7999999999997
2018-11-08 00:00:00,1105.2999999999997
2018-11-09 00:00:00,1090.9999999999998
2018-11-12 00:00:00,1080.2999999999997
2018-11-13 00:00:00,1076.2999999999997
2018-11-14 00:00:00,1068.7999999999997
2018-11-15 00:00:00,1080.2999999999997
2018-11-16 00:00:00,1081.6
2018-11-19 00:00:00,1092.6
2018-11-20 00:00:00,1081.9999999999998
2018-11-21 00:00:00,1085.6
2018-11-23 00:00:00,1079.9999999999998
2018-11-26 00:00:00,1082.7999999999997
2018-11-27 00:00:00,1070.2999999999997
2018-11-28 00:00:00,1061.2999999999997
2018-11-29 00:00:00,1055.8999999999999
2018-11-30 00:00:00,1034.7999999999997
2018-12-03 00:00:00,1045.6999999999998
2018-12-04 00:00:00,1039.1999999999998
2018-12-05 00:00:00,1036.9999999999998
2018-12-06 00:00:00,1024.6
2018-12-07 00:00:00,1025.3999999999996
2018-12-10 00:00:00,1017.0999999999998
2018-12-11 00:00:00,1020.4999999999998
2018-12-12 00:00:00,1042.1
2018-12-13 00:00:00,1032.4999999999998
2018-12-14 00:00:00,1020.2999999999997
2018-12-17 00:00:00,1030.8999999999996
2018-12-18 00:00:00,1029.7999999999997
2018-12-19 00:00:00,1030.9999999999998
2018-12-20 00:00:00,1030.7999999999997
2018-12-21 00:00:00,1030.7999999999997
2018-12-24 00:00:00,1024.3999999999996
2018-12-26 00:00:00,1035.1
2018-12-27 00:00:00,1031.1
2018-12-28 00:00:00,1024.6
2018-12-31 00:00:00,1028.7999999999997
2019-01-02 00:00:00,1032.1999999999998
2019-01-03 00:00:00,1027.4999999999998
2019-01-04 00:00:00,1055.3999999999999
2019-01-07 00:00:00,1052.4999999999998
2019-01-08 00:00:00,1049.9999999999998
2019-01-09 00:00:00,1053.4999999999998
2019-01-10 00:00:00,1054.3
2019-01-11 00:00:00,1046.1999999999998
2019-01-14 00:00:00,1030.6999999999998
2019-01-15 00:00:00,1028.2999999999997
2019-01-16 00:00:00,1036.1
2019-01-17 00:00:00,1040.4999999999998
2019-01-18 00:00:00,1030.2999999999997
2019-01-22 00:00:00,1019.3999999999999
2019-01-23 00:00:00,1024.6
2019-01-24 00:00:00,1033.1999999999998
2019-01-25 00:00:00,1046.4999999999998
2019-01-28 00:00:00,1042.6999999999998
2019-01-29 00:00:00,1043.9999999999998
2019-01-30 00:00:00,1044.3999999999999
2019-01-31 00:00:00,1052.8999999999999
2019-02-01 00:00:00,1054.8999999999999
2019-02-04 00:00:00,1050.9999999999998
2019-02-05 00:00:00,1048.0999999999997
2019-02-06 00:00:00,1041.9999999999998
2019-02-07 00:00:00,1025.4999999999998
2019-02-08 00:00:00,1030.6999999999998
2019-02-11 00:00:00,1014.7999999999998
2019-02-12 00:00:00,1017.7999999999998
2019-02-13 00:00:00,1019.9999999999998
2019-02-14 00:00:00,1017.3999999999999
2019-02-15 00:00:00,1035.1
2019-02-19 00:00:00,1049.1999999999998
2019-02-20 00:00:00,1062.3999999999999
2019-02-21 00:00:00,1054.4999999999998
2019-02-22 00:00:00,1074.1
2019-02-25 00:00:00,1081.7999999999997
2019-02-26 00:00:00,1088.6
2019-02-27 00:00:00,1098.1
2019-02-28 00:00:00,1103.3999999999999
2019-03-01 00:00:00,1091.8999999999999
2019-03-04 00:00:00,1067.1
2019-03-05 00:00:00,1066.1999999999998
2019-03-06 00:00:00,1056.3
2019-03-07 00:00:00,1045.3
2019-03-08 00:00:00,1045.8
2019-03-11 00:00:00,1044.9999999999998
2019-03-12 00:00:00,1060.0999999999997
2019-03-13 00:00:00,1069.8999999999999
2019-03-14 00:00:00,1055.3
2019-03-15 00:00:00,1059.9999999999998
2019-03-18 00:00:00,1062.1999999999998
2019-03-19 00:00:00,1080.7999999999997
2019-03-20 00:00:00,1087.7999999999997
2019-03-21 00:00:00,1089.2999999999997
2019-03-22 00:00:00,1076.6
2019-03-25 00:00:00,1085.8999999999999
2019-03-26 00:00:00,1087.9999999999998
2019-03-27 00:00:00,1084.6999999999998
2019-03-28 00:00:00,1066.3999999999999
2019-03-29 00:00:00,1076.6999999999998
2019-04-01 00:00:00,1077.8999999999999
2019-04-02 00:00:00,1075.1
2019-04-03 00:00:00,1096.8
2019-04-04 00:00:00,1127.1
2019-04-05 00:00:00,1128.0
2019-04-08 00:00:00,1135.5
2019-04-09 00:00:00,1121.8999999999999
2019-04-10 00:00:00,1131.5
2019-04-11 00:00:00,1117.8999999999999
2019-04-12 00:00:00,1121.1
2019-04-15 00:00:00,1117.1
2019-04-16 00:00:00,1106.8
2019-04-17 00:00:00,1113.8999999999999
2019-04-18 00:00:00,1126.3
2019-04-22 00:00:00,1124.8
2019-04-23 00:00:00,1116.3999999999999
2019-04-24 00:00:00,1111.1999999999998
2019-04-25 00:00:00,1112.3
2019-04-26 00:00:00,1126.1999999999998
2019-04-29 00:00:00,1123.8999999999999
2019-04-30 00:00:00,1114.3
2019-05-01 00:00:00,1100.0
2019-05-02 00:00:00,1076.8
2019-05-03 00:00:00,1097.3999999999999
2019-05-06 00:00:00,1103.5
2019-05-07 00:00:00,1096.0
2019-05-08 00:00:00,1087.0
2019-05-09 00:00:00,1074.0
2019-05-10 00:00:00,1088.1999999999998
2019-05-13 00:00:00,1077.5
2019-05-14 00:00:00,1081.6999999999998
2019-05-15 00:00:00,1070.3
2019-05-16 00:00:00,1056.2
2019-05-17 00:00:00,1042.8999999999999
2019-05-20 00:00:00,1036.8
2019-05-21 00:00:00,1038.0
2019-05-22 00:00:00,1027.8999999999999
2019-05-23 00:00:00,1022.0999999999999
2019-05-24 00:00:00,1025.5
2019-05-28 00:00:00,1019.6999999999999
2019-05-29 00:00:00,1014.3
2019-05-30 00:00:00,1016.6999999999999
2019-05-31 00:00:00,1016.8
2019-06-03 00:00:00,1043.4999999999998
2019-06-04 00:00:00,1041.6999999999998
2019-06-05 00:00:00,1025.3999999999999
2019-06-06 00:00:00,1026.3
2019-06-07 00:00:00,1028.6999999999998
2019-06-10 00:00:00,1027.8
2019-06-11 00:00:00,1036.8999999999999
2019-06-12 00:00:00,1033.1
2019-06-13 00:00:00,1032.0
2019-06-14 00:00:00,1027.3
2019-06-17 00:00:00,1017.1999999999999
2019-06-18 00:00:00,1024.6
2019-06-19 00:00:00,1028.3999999999999
2019-06-20 00:00:00,1028.1999999999998
2019-06-21 00:00:00,1033.6
2019-06-24 00:00:00,1034.3
2019-06-25 00:00:00,1032.3999999999999
2019-06-26 00:00:00,1039.1999999999998
2019-06-27 00:00:00,1035.1999999999998
2019-06-28 00:00:00,1058.8
2019-07-01 00:00:00,1054.8999999999999
2019-07-02 00:00:00,1051.2
2019-07-03 00:00:00,1061.3
2019-07-05 00:00:00,1029.1
2019-07-08 00:00:00,1038.1
2019-07-09 00:00:00,1032.8
2019-07-10 00:00:00,1047.7
2019-07-11 00:00:00,1048.6
2019-07-12 00:00:00,1052.3
2019-07-15 00:00:00,1062.8999999999999
2019-07-16 00:00:00,1064.6
2019-07-17 00:00:00,1064.8
2019-07-18 00:00:00,1067.6
2019-07-19 00:00:00,1069.8
2019-07-22 00:00:00,1070.4
2019-07-23 00:00:00,1079.3
2019-07-24 00:00:00,1098.8
2019-07-25 00:00:00,1091.6999999999998
2019-07-26 00:00:00,1085.5
2019-07-29 00:00:00,1099.6
2019-07-30 00:00:00,1090.3
2019-07-31 00:00:00,1096.6
2019-08-01 00:00:00,1069.0
2019-08-02 00:00:00,1070.6999999999998
2019-08-05 00:00:00,1075.6
2019-08-06 00:00:00,1070.9
2019-08-07 00:00:00,1088.6999999999998
2019-08-08 00:00:00,1085.1999999999998
2019-08-09 00:00:00,1081.5
2019-08-12 00:00:00,1081.4
2019-08-13 00:00:00,1077.4
2019-08-14 00:00:00,1065.7
2019-08-15 00:00:00,1059.7
2019-08-16 00:00:00,1069.1999999999998
2019-08-19 00:00:00,1074.5
2019-08-20 00:00:00,1070.5
2019-08-21 00:00:00,1075.8
2019-08-22 00:00:00,1079.6
2019-08-23 00:00:00,1073.0
2019-08-26 00:00:00,1075.5
2019-08-27 00:00:00,1085.9
2019-08-28 00:00:00,1126.6
2019-08-29 00:00:00,1137.6999999999998
2019-08-30 00:00:00,1149.3999999999999
2019-09-03 00:00:00,1173.3
2019-09-04 00:00:00,1201.9000000000003
2019-09-05 00:00:00,1181.3999999999999
2019-09-06 00:00:00,1176.2
2019-09-09 00:00:00,1170.3999999999999
2019-09-10 00:00:00,1154.3
2019-09-11 00:00:00,1157.8999999999999
2019-09-12 00:00:00,1170.3
2019-09-13 00:00:00,1169.8999999999999
2019-09-16 00:00:00,1156.8999999999999
2019-09-17 00:00:00,1161.8999999999999
2019-09-18 00:00:00,1152.3
2019-09-19 00:00:00,1160.1000000000001
2019-09-20 00:00:00,1160.3
2019-09-23 00:00:00,1171.6000000000001
2019-09-24 00:00:00,1173.1000000000001
2019-09-25 00:00:00,1145.6
2019-09-26 00:00:00,1153.8
2019-09-27 00:00:00,1148.7
2019-09-30 00:00:00,1101.8
2019-10-01 00:00:00,1098.6999999999998
2019-10-02 00:00:00,1107.0
2019-10-03 00:00:00,1107.0
2019-10-04 00:00:00,1099.5
2019-10-07 00:00:00,1100.8999999999999
2019-10-08 00:00:00,1102.6999999999998
2019-10-09 00:00:00,1109.3
2019-10-10 00:00:00,1120.5
2019-10-11 00:00:00,1112.8999999999999
2019-10-14 00:00:00,1112.0
2019-10-15 00:00:00,1101.8
2019-10-16 00:00:00,1103.3
2019-10-17 00:00:00,1105.6
2019-10-18 00:00:00,1108.5
2019-10-21 00:00:00,1104.8
2019-10-22 00:00:00,1108.6
2019-10-23 00:00:00,1135.0
2019-10-24 00:00:00,1137.6999999999998
2019-10-25 00:00:00,1145.8999999999999
2019-10-28 00:00:00,1131.6
2019-10-29 00:00:00,1137.6999999999998
2019-10-30 00:00:00,1143.2
2019-10-31 00:00:00,1146.3
2019-11-01 00:00:00,1166.6000000000001
2019-11-04 00:00:00,1151.3
2019-11-05 00:00:00,1143.2
2019-11-06 00:00:00,1144.3
2019-11-07 00:00:00,1126.6
2019-11-08 00:00:00,1105.6999999999998
2019-11-11 00:00:00,1093.1999999999998
2019-11-12 00:00:00,1082.5
2019-11-13 00:00:00,1087.3999999999999
2019-11-14 00:00:00,1095.3999999999999
2019-11-15 00:00:00,1107.1
2019-11-18 00:00:00,1107.6
2019-11-19 00:00:00,1124.8999999999999
2019-11-20 00:00:00,1132.6
2019-11-21 00:00:00,1130.1
2019-11-22 00:00:00,1105.1999999999998
2019-11-25 00:00:00,1113.0
2019-11-26 00:00:00,1124.3
2019-11-27 00:00:00,1108.0
2019-11-29 00:00:00,1113.0
2019-12-02 00:00:00,1112.3
2019-12-03 00:00:00,1124.1999999999998
2019-12-04 00:00:00,1114.3999999999999
2019-12-05 00:00:00,1113.1999999999998
2019-12-06 00:00:00,1111.5
2019-12-09 00:00:00,1111.1
2019-12-10 00:00:00,1135.1999999999998
2019-12-11 00:00:00,1152.1
2019-12-12 00:00:00,1157.3999999999999
2019-12-13 00:00:00,1141.3999999999999
2019-12-16 00:00:00,1143.8999999999999
2019-12-17 00:00:00,1142.3999999999999
2019-12-18 00:00:00,1148.3
2019-12-19 00:00:00,1148.1
2019-12-20 00:00:00,1126.3999999999999
2019-12-23 00:00:00,1150.9999999999998
2019-12-24 00:00:00,1155.3999999999999
2019-12-26 00:00:00,1166.1000000000001
2019-12-27 00:00:00,1162.9999999999998
2019-12-30 00:00:00,1171.8
2019-12-31 00:00:00,1184.2
2020-01-02 00:00:00,1191.3999999999999
2020-01-03 00:00:00,1196.7
2020-01-06 00:00:00,1172.6000000000001
2020-01-07 00:00:00,1177.9999999999998
2020-01-08 00:00:00,1170.2
2020-01-09 00:00:00,1178.3999999999999
2020-01-10 00:00:00,1192.3999999999999
2020-01-13 00:00:00,1188.5000000000002
2020-01-14 00:00:00,1193.7
2020-01-15 00:00:00,1232.0000000000002
2020-01-16 00:00:00,1207.6000000000001
2020-01-17 00:00:00,1231.2
2020-01-21 00:00:00,1213.9000000000003
2020-01-22 00:00:00,1227.7
2020-01-23 00:00:00,1213.7
2020-01-24 00:00:00,1217.0000000000002
2020-01-27 00:00:00,1198.1000000000001
2020-01-28 00:00:00,1201.4000000000003
2020-01-29 00:00:00,1181.7
2020-01-30 00:00:00,1186.8999999999999
2020-01-31 00:00:00,1168.3
2020-02-03 00:00:00,1177.1000000000001
2020-02-04 00:00:00,1172.4999999999998
2020-02-05 00:00:00,1193.5000000000002
2020-02-06 00:00:00,1173.8
2020-02-07 00:00:00,1175.6000000000001
2020-02-10 00:00:00,1173.3
2020-02-11 00:00:00,1179.8999999999999
2020-02-12 00:00:00,1173.7
2020-02-13 00:00:00,1181.1000000000001
2020-02-14 00:00:00,1175.2
2020-02-18 00:00:00,1200.3
2020-02-19 00:00:00,1210.9000000000003
2020-02-20 00:00:00,1185.3999999999999
2020-02-21 00:00:00,1182.4999999999998
2020-02-24 00:00:00,1180.6000000000001
2020-02-25 00:00:00,1138.6999999999998
2020-02-26 00:00:00,1121.1999999999998
2020-02-27 00:00:00,1111.8999999999999
2020-02-28 00:00:00,1071.1
2020-03-02 00:00:00,1065.8
2020-03-03 00:00:00,1075.6999999999998
2020-03-04 00:00:00,1081.6
2020-03-05 00:00:00,1072.1
2020-03-06 00:00:00,1102.7999999999997
2020-03-09 00:00:00,1069.1999999999998
2020-03-10 00:00:00,1075.7999999999997
2020-03-11 00:00:00,1074.6
2020-03-12 00:00:00,988.1999999999998
2020-03-13 00:00:00,950.2999999999998
2020-03-16 00:00:00,864.0999999999999
2020-03-17 00:00:00,871.6999999999998
2020-03-18 00:00:00,811.3999999999999
2020-03-19 00:00:00,803.1999999999998
2020-03-20 00:00:00,828.8999999999999
2020-03-23 00:00:00,833.8999999999999
2020-03-24 00:00:00,908.0999999999999
2020-03-25 00:00:00,951.8999999999999
2020-03-26 00:00:00,943.4999999999999
2020-03-27 00:00:00,946.6999999999998
2020-03-30 00:00:00,928.8999999999997
2020-03-31 00:00:00,934.9999999999998
2020-04-01 00:00:00,922.8999999999997
2020-04-02 00:00:00,935.0999999999998
2020-04-03 00:00:00,923.1999999999998
2020-04-06 00:00:00,937.0999999999998
2020-04-07 00:00:00,950.0999999999998
2020-04-08 00:00:00,938.6999999999998
2020-04-09 00:00:00,953.6999999999998
2020-04-13 00:00:00,954.8999999999997
2020-04-14 00:00:00,1024.7999999999997
2020-04-15 00:00:00,1009.6999999999998
2020-04-16 00:00:00,998.3999999999997
2020-04-17 00:00:00,990.3999999999997
2020-04-20 00:00:00,1001.0999999999998
2020-04-21 00:00:00,963.4999999999998
2020-04-22 00:00:00,970.3999999999997
2020-04-23 00:00:00,993.0999999999998
2020-04-24 00:00:00,978.8999999999997
2020-04-27 00:00:00,982.0999999999998
2020-04-28 00:00:00,1000.6999999999998
2020-04-29 00:00:00,1004.6999999999998
2020-04-30 00:00:00,1018.0999999999998
2020-05-01 00:00:00,978.9999999999998
2020-05-04 00:00:00,983.5999999999998
2020-05-05 00:00:00,989.7999999999998
2020-05-06 00:00:00,970.5999999999998
2020-05-07 00:00:00,987.1999999999998
2020-05-08 00:00:00,994.3999999999997
2020-05-11 00:00:00,986.3999999999997
2020-05-12 00:00:00,982.4999999999998
2020-05-13 00:00:00,974.8999999999997
2020-05-14 00:00:00,980.0999999999998
2020-05-15 00:00:00,1022.1999999999998
2020-05-18 00:00:00,1074.3999999999996
2020-05-19 00:00:00,1094.6999999999998
2020-05-20 00:00:00,1139.6
2020-05-21 00:00:00,1071.6
2020-05-22 00:00:00,1091.3999999999996
2020-05-26 00:00:00,1078.3999999999996
2020-05-27 00:00:00,1083.1999999999998
2020-05-28 00:00:00,1073.1999999999998
2020-05-29 00:00:00,1079.6999999999998
2020-06-01 00:00:00,1106.1999999999998
2020-06-02 00:00:00,1073.7999999999997
2020-06-03 00:00:00,1065.5999999999997
2020-06-04 00:00:00,1070.1
2020-06-05 00:00:00,1035.4999999999998
2020-06-08 00:00:00,1066.3
2020-06-09 00:00:00,1065.6999999999998
2020-06-10 00:00:00,1051.0999999999997
2020-06-11 00:00:00,1029.1
2020-06-12 00:00:00,1024.1
2020-06-15 00:00:00,1026.7999999999997
2020-06-16 00:00:00,1048.9999999999998
2020-06-17 00:00:00,1043.3
2020-06-18 00:00:00,1017.2999999999998
2020-06-19 00:00:00,1032.3999999999996
2020-06-22 00:00:00,1048.8
2020-06-23 00:00:00,1051.4999999999998
2020-06-24 00:00:00,1009.6999999999998
2020-06-25 00:00:00,1007.7999999999998
2020-06-26 00:00:00,1014.9999999999998
2020-06-29 00:00:00,1023.8999999999999
2020-06-30 00:00:00,1046.8999999999999
2020-07-01 00:00:00,1030.1
2020-07-02 00:00:00,1027.2999999999997
2020-07-06 00:00:00,1033.3999999999999
2020-07-07 00:00:00,1058.8999999999999
2020-07-08 00:00:00,1079.6999999999998
2020-07-09 00:00:00,1042.5999999999997
2020-07-10 00:00:00,1041.6
2020-07-13 00:00:00,1058.6999999999998
2020-07-14 00:00:00,1032.4999999999998
2020-07-15 00:00:00,1038.8999999999999
2020-07-16 00:00:00,1032.6999999999998
2020-07-17 00:00:00,1045.3
2020-07-20 00:00:00,1053.5999999999997
2020-07-21 00:00:00,1114.6
2020-07-22 00:00:00,1153.0999999999997
2020-07-23 00:00:00,1159.4999999999998
2020-07-24 00:00:00,1151.6999999999998
2020-07-27 00:00:00,1162.3
2020-07-28 00:00:00,1181.8999999999999
2020-07-29 00:00:00,1154.2
2020-07-30 00:00:00,1108.2999999999997
2020-07-31 00:00:00,1114.6
2020-08-03 00:00:00,1126.7999999999997
2020-08-04 00:00:00,1150.8999999999999
2020-08-05 00:00:00,1184.8
2020-08-06 00:00:00,1209.6000000000001
2020-08-07 00:00:00,1166.0999999999997
2020-08-10 00:00:00,1198.3999999999999
2020-08-11 00:00:00,1167.0999999999997
2020-08-12 00:00:00,1154.8999999999999
2020-08-13 00:00:00,1178.7
2020-08-14 00:00:00,1154.8
2020-08-17 00:00:00,1163.3
2020-08-18 00:00:00,1171.0999999999997
2020-08-19 00:00:00,1151.9999999999998
2020-08-20 00:00:00,1122.6
2020-08-21 00:00:00,1121.7999999999997
2020-08-24 00:00:00,1120.1999999999998
2020-08-25 00:00:00,1129.6999999999998
2020-08-26 00:00:00,1135.4999999999998
2020-08-27 00:00:00,1123.7999999999997
2020-08-28 00:00:00,1135.6999999999998
2020-08-31 00:00:00,1133.6
2020-09-01 00:00:00,1148.3999999999999
2020-09-02 00:00:00,1099.7999999999997
2020-09-03 00:00:00,1085.2999999999997
2020-09-04 00:00:00,1093.8999999999999
2020-09-08 00:00:00,1105.9999999999998
2020-09-09 00:00:00,1120.6
2020-09-10 00:00:00,1136.6999999999998
2020-09-11 00:00:00,1135.2999999999997
2020-09-14 00:00:00,1154.3999999999999
2020-09-15 00:00:00,1177.8999999999999
2020-09-16 00:00:00,1169.2
2020-09-17 00:00:00,1126.6
2020-09-18 00:00:00,1134.1999999999998
2020-09-21 00:00:00,1071.7999999999997
2020-09-22 00:00:00,1053.0999999999997
2020-09-23 00:00:00,1038.6999999999998
2020-09-24 00:00:00,1033.6999999999998
2020-09-25 00:00:00,1037.6999999999998
2020-09-28 00:00:00,1078.2999999999997
2020-09-29 00:00:00,1084.6
2020-09-30 00:00:00,1096.1
2020-10-01 00:00:00,1092.8999999999999
2020-10-02 00:00:00,1078.2999999999997
2020-10-05 00:00:00,1091.6
2020-10-06 00:00:00,1057.1999999999998
2020-10-07 00:00:00,1053.6999999999998
2020-10-08 00:00:00,1050.8999999999999
2020-10-09 00:00:00,1081.1999999999998
2020-10-12 00:00:00,1063.1999999999998
2020-10-13 00:00:00,1060.1999999999998
2020-10-14 00:00:00,1050.3
2020-10-15 00:00:00,1048.1999999999998
2020-10-16 00:00:00,1056.1999999999998
2020-10-19 00:00:00,1050.3999999999999
2020-10-20 00:00:00,1064.1999999999998
2020-10-21 00:00:00,1080.7999999999997
2020-10-22 00:00:00,1070.8999999999999
2020-10-23 00:00:00,1093.6
2020-10-26 00:00:00,1064.3
2020-10-27 00:00:00,1073.6999999999998
2020-10-28 00:00:00,1061.8999999999999
2020-10-29 00:00:00,1036.3999999999999
2020-10-30 00:00:00,1035.2999999999997
2020-11-02 00:00:00,1046.3999999999999
2020-11-03 00:00:00,1061.8999999999999
2020-11-04 00:00:00,1056.9999999999998
2020-11-05 00:00:00,1086.7999999999997
2020-11-06 00:00:00,1086.2999999999997
2020-11-09 00:00:00,1054.3
2020-11-10 00:00:00,1079.6
2020-11-11 00:00:00,1054.9999999999998
2020-11-12 00:00:00,1070.8999999999999
2020-11-13 00:00:00,1082.8999999999999
2020-11-16 00:00:00,1114.3999999999999
2020-11-17 00:00:00,1124.0
2020-11-18 00:00:00,1137.7999999999997
2020-11-19 00:00:00,1138.3999999999999
2020-11-20 00:00:00,1144.1
2020-11-23 00:00:00,1118.6
2020-11-24 00:00:00,1145.1999999999998
2020-11-25 00:00:00,1156.7
2020-11-27 00:00:00,1151.6999999999998
2020-11-30 00:00:00,1152.8
2020-12-01 00:00:00,1190.8
2020-12-02 00:00:00,1199.0000000000002
2020-12-03 00:00:00,1225.5000000000002
2020-12-04 00:00:00,1259.7
2020-12-07 00:00:00,1236.3000000000004
2020-12-08 00:00:00,1223.9000000000003
2020-12-09 00:00:00,1205.4000000000003
2020-12-10 00:00:00,1214.6000000000001
2020-12-11 00:00:00,1208.7
2020-12-14 00:00:00,1202.5000000000002
2020-12-15 00:00:00,1226.2
2020-12-16 00:00:00,1222.3000000000004
2020-12-17 00:00:00,1237.0000000000002
2020-12-18 00:00:00,1230.0000000000002
2020-12-21 00:00:00,1203.0000000000002
2020-12-22 00:00:00,1196.3
2020-12-23 00:00:00,1204.0000000000002
2020-12-24 00:00:00,1215.8000000000004
2020-12-28 00:00:00,1230.0000000000002
2020-12-29 00:00:00,1243.5000000000002
2020-12-30 00:00:00,1259.4000000000003
2020-12-31 00:00:00,1260.1000000000001
2021-01-04 00:00:00,1252.4000000000003
2021-01-05 00:00:00,1300.5000000000002
2021-01-06 00:00:00,1291.1000000000001
2021-01-07 00:00:00,1305.5000000000002
2021-01-08 00:00:00,1252.2
2021-01-11 00:00:00,1225.5000000000002
2021-01-12 00:00:00,1248.7
2021-01-13 00:00:00,1291.6000000000001
2021-01-14 00:00:00,1307.3000000000004
2021-01-15 00:00:00,1270.8000000000004
2021-01-19 00:00:00,1272.9000000000003
2021-01-20 00:00:00,1297.3000000000004
2021-01-21 00:00:00,1308.9000000000003
2021-01-22 00:00:00,1292.5000000000002
2021-01-25 00:00:00,1285.6000000000001
2021-01-26 00:00:00,1288.3000000000004
2021-01-27 00:00:00,1259.9000000000003
2021-01-28 00:00:00,1253.3000000000004
2021-01-29 00:00:00,1260.1000000000001
2021-02-01 00:00:00,1319.7
2021-02-02 00:00:00,1276.9000000000003
2021-02-03 00:00:00,1295.4000000000003
2021-02-04 00:00:00,1283.9000000000003
2021-02-05 00:00:00,1313.9000000000003
2021-02-08 00:00:00,1356.1000000000001
2021-02-09 00:00:00,1375.3000000000004
2021-02-10 00:00:00,1427.8000000000004
2021-02-11 00:00:00,1427.9000000000003
2021-02-12 00:00:00,1439.9000000000003
2021-02-16 00:00:00,1460.5000000000002
2021-02-17 00:00:00,1438.6000000000001
2021-02-18 00:00:00,1455.6000000000001
2021-02-19 00:00:00,1474.0000000000002
2021-02-22 00:00:00,1463.2
2021-02-23 00:00:00,1420.6000000000001
2021-02-24 00:00:00,1438.8000000000004
2021-02-25 00:00:00,1412.4000000000003
2021-02-26 00:00:00,1366.2
2021-03-01 00:00:00,1372.2
2021-03-02 00:00:00,1395.3000000000004
2021-03-03 00:00:00,1362.7
2021-03-04 00:00:00,1316.2
2021-03-05 00:00:00,1309.2
2021-03-08 00:00:00,1333.2
2021-03-09 00:00:00,1356.3000000000004
2021-03-10 00:00:00,1382.7
2021-03-11 00:00:00,1383.2
2021-03-12 00:00:00,1381.2
2021-03-15 00:00:00,1390.4000000000003
2021-03-16 00:00:00,1400.0000000000002
2021-03-17 00:00:00,1380.2
2021-03-18 00:00:00,1398.4000000000003
2021-03-19 00:00:00,1381.0000000000002
2021-03-22 00:00:00,1364.9000000000003
2021-03-23 00:00:00,1355.5000000000002
2021-03-24 00:00:00,1361.1000000000001
2021-03-25 00:00:00,1335.1000000000001
2021-03-26 00:00:00,1358.8000000000004
2021-03-29 00:00:00,1362.6000000000001
2021-03-30 00:00:00,1339.1000000000001
2021-03-31 00:00:00,1370.0000000000002
2021-04-01 00:00:00,1387.1000000000001
2021-04-05 00:00:00,1388.3000000000004
2021-04-06 00:00:00,1419.0000000000002
2021-04-07 00:00:00,1410.4000000000003
2021-04-08 00:00:00,1413.9000000000003
2021-04-09 00:00:00,1387.8000000000004
2021-04-12 00:00:00,1353.3000000000004
2021-04-13 00:00:00,1335.6000000000001
2021-04-14 00:00:00,1355.9000000000003
2021-04-15 00:00:00,1378.7000000000005
2021-04-16 00:00:00,1387.2000000000005
2021-04-19 00:00:00,1385.0000000000002
2021-04-20 00:00:00,1374.8000000000004
2021-04-21 00:00:00,1393.2000000000005
2021-04-22 00:00:00,1387.0000000000002
2021-04-23 00:00:00,1411.6000000000001
2021-04-26 00:00:00,1423.7000000000005
2021-04-27 00:00:00,1428.0000000000002
2021-04-28 00:00:00,1390.7000000000005
2021-04-29 00:00:00,1376.1000000000001
2021-04-30 00:00:00,1383.7000000000005
2021-05-03 00:00:00,1408.6000000000001
2021-05-04 00:00:00,1410.3000000000004
2021-05-05 00:00:00,1407.3000000000004
2021-05-06 00:00:00,1436.1000000000001
2021-05-07 00:00:00,1433.0000000000002
2021-05-10 00:00:00,1444.0000000000002
2021-05-11 00:00:00,1419.7000000000005
2021-05-12 00:00:00,1404.4000000000003
2021-05-13 00:00:00,1385.0000000000002
2021-05-14 00:00:00,1401.3000000000004
2021-05-17 00:00:00,1423.0000000000002
2021-05-18 00:00:00,1403.8000000000004
2021-05-19 00:00:00,1380.1000000000001
2021-05-20 00:00:00,1383.5000000000002
2021-05-21 00:00:00,1347.9000000000003
2021-05-24 00:00:00,1356.1000000000001
2021-05-25 00:00:00,1375.4000000000003
2021-05-26 00:00:00,1378.7000000000005
2021-05-27 00:00:00,1357.6000000000001
2021-05-28 00:00:00,1360.9000000000003
2021-06-01 00:00:00,1378.2000000000005
2021-06-02 00:00:00,1371.2000000000005
2021-06-03 00:00:00,1341.0000000000002
2021-06-04 00:00:00,1342.9000000000003
2021-06-07 00:00:00,1353.3000000000004
2021-06-08 00:00:00,1341.0000000000002
2021-06-09 00:00:00,1330.3000000000004
2021-06-10 00:00:00,1324.5000000000002
2021-06-11 00:00:00,1329.6000000000001
2021-06-14 00:00:00,1343.8000000000004
2021-06-15 00:00:00,1327.1000000000001
2021-06-16 00:00:00,1320.4000000000003
2021-06-17 00:00:00,1233.7000000000005
2021-06-18 00:00:00,1219.5000000000002
2021-06-21 00:00:00,1229.1000000000001
2021-06-22 00:00:00,1248.7000000000005
2021-06-23 00:00:00,1265.0000000000002
2021-06-24 00:00:00,1272.4000000000003
2021-06-25 00:00:00,1282.1000000000001
2021-06-28 00:00:00,1276.1000000000001
2021-06-29 00:00:00,1247.2
2021-06-30 00:00:00,1249.5000000000002
2021-07-01 00:00:00,1257.5000000000002
2021-07-02 00:00:00,1264.3000000000004
2021-07-06 00:00:00,1260.6000000000001
2021-07-07 00:00:00,1258.5000000000002
2021-07-08 00:00:00,1251.1000000000001
2021-07-09 00:00:00,1272.3000000000004
2021-07-12 00:00:00,1299.6000000000001
2021-07-13 00:00:00,1287.8000000000004
2021-07-14 00:00:00,1304.7
2021-07-15 00:00:00,1314.3000000000004
2021-07-16 00:00:00,1285.1000000000001
2021-07-19 00:00:00,1248.0000000000002
2021-07-20 00:00:00,1241.8000000000004
2021-07-21 00:00:00,1251.9000000000003
2021-07-22 00:00:00,1267.2
2021-07-23 00:00:00,1238.0000000000002
2021-07-26 00:00:00,1246.6000000000001
2021-07-27 00:00:00,1226.1000000000001
2021-07-28 00:00:00,1234.7
2021-07-29 00:00:00,1244.2
2021-07-30 00:00:00,1225.0000000000002
2021-08-02 00:00:00,1232.9000000000003
2021-08-03 00:00:00,1223.5000000000002
2021-08-04 00:00:00,1197.8999999999999
2021-08-05 00:00:00,1182.3
2021-08-06 00:00:00,1148.8
2021-08-09 00:00:00,1147.4999999999998
2021-08-10 00:00:00,1163.6000000000001
2021-08-11 00:00:00,1192.2
2021-08-12 00:00:00,1194.3
2021-08-13 00:00:00,1202.6000000000001
2021-08-16 00:00:00,1197.7
2021-08-17 00:00:00,1170.3999999999999
2021-08-18 00:00:00,1172.9999999999998
2021-08-19 00:00:00,1147.8
2021-08-20 00:00:00,1170.8
2021-08-23 00:00:00,1190.7
2021-08-24 00:00:00,1186.7
2021-08-25 00:00:00,1170.1000000000001
2021-08-26 00:00:00,1152.1
2021-08-27 00:00:00,1183.1000000000001
2021-08-30 00:00:00,1178.7
2021-08-31 00:00:00,1190.7
2021-09-01 00:00:00,1176.2
2021-09-02 00:00:00,1170.8
2021-09-03 00:00:00,1198.2
2021-09-07 00:00:00,1172.4999999999998
2021-09-08 00:00:00,1152.7
2021-09-09 00:00:00,1151.1
2021-09-10 00:00:00,1133.1
2021-09-13 00:00:00,1134.1
2021-09-14 00:00:00,1115.3
2021-09-15 00:00:00,1107.1
2021-09-16 00:00:00,1099.8999999999999
2021-09-17 00:00:00,1107.1999999999998
2021-09-20 00:00:00,1075.8
2021-09-21 00:00:00,1127.3999999999999
2021-09-22 00:00:00,1177.7
2021-09-23 00:00:00,1173.6000000000001
2021-09-24 00:00:00,1156.4999999999998
2021-09-27 00:00:00,1158.2
2021-09-28 00:00:00,1142.3
2021-09-29 00:00:00,1127.4
2021-09-30 00:00:00,1142.8
2021-10-01 00:00:00,1154.0000000000002
2021-10-04 00:00:00,1142.0
2021-10-05 00:00:00,1140.1999999999998
2021-10-06 00:00:00,1157.6000000000001
2021-10-07 00:00:00,1165.7
2021-10-08 00:00:00,1208.6000000000001
2021-10-11 00:00:00,1187.3
2021-10-12 00:00:00,1192.1000000000001
2021-10-13 00:00:00,1204.6000000000001
2021-10-14 00:00:00,1232.7
2021-10-15 00:00:00,1239.3000000000004
2021-10-18 00:00:00,1218.3000000000004
2021-10-19 00:00:00,1227.5000000000002
2021-10-20 00:00:00,1232.7
2021-10-21 00:00:00,1230.1000000000001
2021-10-22 00:00:00,1232.5000000000002
2021-10-25 00:00:00,1244.2
2021-10-26 00:00:00,1213.3000000000004
2021-10-27 00:00:00,1199.7
2021-10-28 00:00:00,1204.3000000000004
2021-10-29 00:00:00,1201.1000000000001
2021-11-01 00:00:00,1247.7
2021-11-02 00:00:00,1219.7
2021-11-03 00:00:00,1202.9000000000003
2021-11-04 00:00:00,1209.7
2021-11-05 00:00:00,1216.2
2021-11-08 00:00:00,1240.4000000000003
2021-11-09 00:00:00,1241.8000000000004
2021-11-10 00:00:00,1257.4000000000003
2021-11-11 00:00:00,1274.9000000000003
2021-11-12 00:00:00,1269.6000000000001
2021-11-15 00:00:00,1277.3000000000004
2021-11-16 00:00:00,1254.9000000000003
2021-11-17 00:00:00,1249.5000000000002
2021-11-18 00:00:00,1236.8000000000004
2021-11-19 00:00:00,1216.4000000000003
2021-11-22 00:00:00,1195.5000000000002
2021-11-23 00:00:00,1144.6000000000001
2021-11-24 00:00:00,1155.7
2021-11-26 00:00:00,1134.6999999999998
2021-11-29 00:00:00,1144.8999999999999
2021-11-30 00:00:00,1107.6999999999998
2021-12-01 00:00:00,1115.6
2021-12-02 00:00:00,1113.5
2021-12-03 00:00:00,1106.6
2021-12-06 00:00:00,1116.8
2021-12-07 00:00:00,1130.4
2021-12-08 00:00:00,1136.3
2021-12-09 00:00:00,1118.1
2021-12-10 00:00:00,1114.6
2021-12-13 00:00:00,1105.0
2021-12-14 00:00:00,1091.3
2021-12-15 00:00:00,1074.6
2021-12-16 00:00:00,1109.3
2021-12-17 00:00:00,1114.9
2021-12-20 00:00:00,1106.8
2021-12-21 00:00:00,1108.1999999999998
2021-12-22 00:00:00,1148.8
2021-12-23 00:00:00,1155.5000000000002
2021-12-27 00:00:00,1149.6000000000001
2021-12-28 00:00:00,1159.8
2021-12-29 00:00:00,1150.0
2021-12-30 00:00:00,1144.6000000000001
2021-12-31 00:00:00,1146.2
2022-01-03 00:00:00,1134.0
2022-01-04 00:00:00,1151.2
2022-01-05 00:00:00,1181.8999999999999
2022-01-06 00:00:00,1140.7
2022-01-07 00:00:00,1136.5
2022-01-10 00:00:00,1113.6
2022-01-11 00:00:00,1153.2
2022-01-12 00:00:00,1160.1000000000001
2022-01-13 00:00:00,1152.2
2022-01-14 00:00:00,1144.6000000000001
2022-01-18 00:00:00,1159.5000000000002
2022-01-19 00:00:00,1208.4000000000003
2022-01-20 00:00:00,1230.8000000000004
2022-01-21 00:00:00,1215.1000000000001
2022-01-24 00:00:00,1200.3
2022-01-25 00:00:00,1205.5000000000002
2022-01-26 00:00:00,1225.9000000000003
2022-01-27 00:00:00,1201.8000000000004
2022-01-28 00:00:00,1186.6000000000001
2022-01-31 00:00:00,1200.8
2022-02-01 00:00:00,1203.2000000000005
2022-02-02 00:00:00,1223.7000000000005
2022-02-03 00:00:00,1210.3000000000004
2022-02-04 00:00:00,1204.2000000000005
2022-02-07 00:00:00,1200.0000000000002
2022-02-08 00:00:00,1216.3000000000004
2022-02-09 00:00:00,1217.4000000000003
2022-02-10 00:00:00,1222.5000000000002
2022-02-11 00:00:00,1198.7
2022-02-14 00:00:00,1208.0000000000002
2022-02-15 00:00:00,1200.4000000000003
2022-02-16 00:00:00,1243.7000000000005
2022-02-17 00:00:00,1272.7000000000005
2022-02-18 00:00:00,1256.8000000000004
2022-02-22 00:00:00,1266.0000000000002
2022-02-23 00:00:00,1271.7000000000005
2022-02-24 00:00:00,1242.1000000000001
2022-02-25 00:00:00,1230.1000000000001
2022-02-28 00:00:00,1218.7000000000005
2022-03-01 00:00:00,1231.9000000000003
2022-03-02 00:00:00,1248.0000000000002
2022-03-03 00:00:00,1260.8000000000004
2022-03-04 00:00:00,1296.8000000000004
2022-03-07 00:00:00,1296.6000000000001
2022-03-08 00:00:00,1333.2000000000005
2022-03-09 00:00:00,1287.6000000000001
2022-03-10 00:00:00,1275.2000000000005
2022-03-11 00:00:00,1268.6000000000001
2022-03-14 00:00:00,1232.3000000000004
2022-03-15 00:00:00,1182.5000000000002
2022-03-16 00:00:00,1188.1000000000001
2022-03-17 00:00:00,1211.3000000000004
2022-03-18 00:00:00,1215.9000000000003
2022-03-21 00:00:00,1224.7000000000005
2022-03-22 00:00:00,1205.1000000000001
2022-03-23 00:00:00,1201.0000000000002
2022-03-24 00:00:00,1211.2000000000005
2022-03-25 00:00:00,1188.5000000000002
2022-03-28 00:00:00,1171.1000000000001
2022-03-29 00:00:00,1156.1000000000001
2022-03-30 00:00:00,1178.5000000000002
2022-03-31 00:00:00,1173.1000000000001
2022-04-01 00:00:00,1165.9000000000003
2022-04-04 00:00:00,1168.3
2022-04-05 00:00:00,1150.4
2022-04-06 00:00:00,1130.4
2022-04-07 00:00:00,1135.3000000000002
2022-04-08 00:00:00,1152.9000000000003
2022-04-11 00:00:00,1155.1000000000001
2022-04-12 00:00:00,1149.7
2022-04-13 00:00:00,1166.9000000000003
2022-04-14 00:00:00,1171.5000000000002
2022-04-18 00:00:00,1197.8000000000004
2022-04-19 00:00:00,1166.0000000000002
2022-04-20 00:00:00,1164.3
2022-04-21 00:00:00,1145.1000000000001
2022-04-22 00:00:00,1104.7
2022-04-25 00:00:00,1082.3000000000002
2022-04-26 00:00:00,1089.4
2022-04-27 00:00:00,1087.7
2022-04-28 00:00:00,1088.4
2022-04-29 00:00:00,1116.9
2022-05-02 00:00:00,1110.1
2022-05-03 00:00:00,1135.9
2022-05-04 00:00:00,1156.9000000000003
2022-05-05 00:00:00,1150.7
2022-05-06 00:00:00,1133.3000000000002
2022-05-09 00:00:00,1115.8000000000002
2022-05-10 00:00:00,1124.5
2022-05-11 00:00:00,1167.1000000000001
2022-05-12 00:00:00,1108.7
2022-05-13 00:00:00,1108.0
2022-05-16 00:00:00,1102.6
2022-05-17 00:00:00,1120.7
2022-05-18 00:00:00,1101.7
2022-05-19 00:00:00,1131.0
2022-05-19 14:30:00,1118.2
2022-05-19 15:00:00,1124.9
2022-05-19 16:00:00,1125.0
2022-05-19 17:00:00,1131.7
2022-05-19 18:00:00,1133.8000000000002
2022-05-19 19:00:00,1134.7
2022-05-19 20:00:00,1133.9
2022-05-19 21:00:00,1131.0
2022-05-20 14:30:00,1129.1
2022-05-20 15:00:00,1121.0
2022-05-20 16:00:00,1120.0
2022-05-20 17:00:00,1119.7
2022-05-20 18:00:00,1120.2
2022-05-20 19:00:00,1120.8000000000002
2022-05-20 20:00:00,1125.1
2022-05-20 21:00:00,1125.9
2022-05-23 14:30:00,1141.9
2022-05-23 15:00:00,1128.9
2022-05-23 16:00:00,1128.1
2022-05-23 17:00:00,1128.0
2022-05-23 18:00:00,1128.9
2022-05-23 19:00:00,1128.7
2022-05-23 20:00:00,1125.2
2022-05-23 21:00:00,1126.9
2022-05-24 14:30:00,1132.0
2022-05-24 15:00:00,1121.3000000000002
2022-05-24 16:00:00,1124.2
2022-05-24 17:00:00,1119.3000000000002
2022-05-24 18:00:00,1121.3000000000002
2022-05-24 19:00:00,1117.4
2022-05-24 20:00:00,1120.0
2022-05-24 21:00:00,1121.3000000000002
2022-05-25 14:30:00,1110.1
2022-05-25 15:00:00,1115.8000000000002
2022-05-25 16:00:00,1114.9
2022-05-25 17:00:00,1107.0
2022-05-25 18:00:00,1107.9
2022-05-25 19:00:00,1115.7
2022-05-25 20:00:00,1115.6
2022-05-25 21:00:00,1112.5
2022-05-26 14:30:00,1109.2
2022-05-26 15:00:00,1110.3000000000002
2022-05-26 16:00:00,1111.8000000000002
2022-05-26 17:00:00,1113.5
2022-05-26 18:00:00,1114.6
2022-05-26 19:00:00,1115.0
2022-05-26 20:00:00,1114.8000000000002
2022-05-26 21:00:00,1113.8000000000002
2022-05-27 14:30:00,1121.5
2022-05-27 15:00:00,1115.8000000000002
2022-05-27 16:00:00,1122.0
2022-05-27 17:00:00,1119.8000000000002
2022-05-27 18:00:00,1120.0
2022-05-27 19:00:00,1119.6
2022-05-27 20:00:00,1120.2
2022-05-27 21:00:00,1120.3000000000002
2022-05-27 23:00:00,1120.3000000000002
2022-05-31 14:30:00,1141.4
2022-05-31 15:00:00,1131.3000000000002
2022-05-31 16:00:00,1139.1
2022-05-31 17:00:00,1145.9
2022-05-31 18:00:00,1143.9
2022-05-31 19:00:00,1140.5
2022-05-31 20:00:00,1137.5
2022-05-31 21:00:00,1138.8000000000002
2022-06-01 14:30:00,1176.8
2022-06-01 15:00:00,1161.0000000000002
2022-06-01 16:00:00,1172.2
2022-06-01 17:00:00,1177.2
2022-06-01 18:00:00,1173.8
2022-06-01 19:00:00,1174.0000000000002
2022-06-01 20:00:00,1174.0000000000002
2022-06-01 21:00:00,1172.9000000000003
2022-06-02 14:30:00,1188.5000000000002
2022-06-02 15:00:00,1193.4000000000003
2022-06-02 16:00:00,1200.9000000000003
2022-06-02 17:00:00,1204.9000000000003
2022-06-02 18:00:00,1203.1000000000001
2022-06-02 19:00:00,1202.0000000000002
2022-06-02 20:00:00,1201.8000000000004
2022-06-02 21:00:00,1200.9000000000003
2022-06-03 14:30:00,1212.0000000000002
2022-06-03 15:00:00,1202.0000000000002
2022-06-03 16:00:00,1194.3000000000004
2022-06-03 17:00:00,1192.8000000000004
2022-06-03 18:00:00,1191.8000000000004
2022-06-03 19:00:00,1191.7
2022-06-03 20:00:00,1191.6000000000001
2022-06-03 21:00:00,1197.6000000000001
2022-06-06 14:30:00,1210.3000000000004
2022-06-06 15:00:00,1212.3000000000004
2022-06-06 16:00:00,1212.2000000000005
2022-06-06 17:00:00,1207.7000000000005
2022-06-06 18:00:00,1206.3000000000004
2022-06-06 19:00:00,1205.8000000000004
2022-06-06 20:00:00,1205.2000000000005
2022-06-06 21:00:00,1198.3000000000004
2022-06-07 14:30:00,1184.5000000000002
2022-06-07 15:00:00,1190.0000000000002
2022-06-07 16:00:00,1186.8
2022-06-07 17:00:00,1191.9000000000003
2022-06-07 18:00:00,1191.2
2022-06-07 19:00:00,1193.7
2022-06-07 20:00:00,1193.7
2022-06-07 21:00:00,1191.5000000000002
2022-06-08 14:30:00,1188.7
2022-06-08 15:00:00,1187.4000000000003
2022-06-08 16:00:00,1193.3000000000004
2022-06-08 17:00:00,1188.6000000000001
2022-06-08 18:00:00,1186.8
2022-06-08 19:00:00,1185.3
2022-06-08 20:00:00,1184.9000000000003
2022-06-08 21:00:00,1186.5000000000002
2022-06-08 23:00:00,1188.9000000000003
2022-06-09 14:30:00,1161.9000000000003
2022-06-09 15:00:00,1150.7
2022-06-09 16:00:00,1150.5000000000002
2022-06-09 17:00:00,1152.3
2022-06-09 18:00:00,1152.3
2022-06-09 19:00:00,1151.2
2022-06-09 20:00:00,1149.9
2022-06-09 21:00:00,1149.1000000000001
2022-06-10 14:30:00,1140.8000000000002
2022-06-10 15:00:00,1137.7
2022-06-10 16:00:00,1148.7
2022-06-10 17:00:00,1148.6000000000001
2022-06-10 18:00:00,1149.1000000000001
2022-06-10 19:00:00,1151.1000000000001
2022-06-10 20:00:00,1150.4
2022-06-10 21:00:00,1149.3
2022-06-10 23:00:00,1148.3
2022-06-13 14:30:00,1119.1
2022-06-13 15:00:00,1108.1
2022-06-13 16:00:00,1110.4
2022-06-13 17:00:00,1110.0
2022-06-13 18:00:00,1106.5
2022-06-13 19:00:00,1103.8000000000002
2022-06-13 20:00:00,1102.8000000000002
2022-06-13 21:00:00,1102.8000000000002
2022-06-14 14:30:00,1103.1
2022-06-14 15:00:00,1095.0
2022-06-14 16:00:00,1089.9
2022-06-14 17:00:00,1089.0
2022-06-14 18:00:00,1089.0
2022-06-14 19:00:00,1088.1
2022-06-14 20:00:00,1087.3000000000002
2022-06-14 21:00:00,1090.7
2022-06-15 14:30:00,1108.7
2022-06-15 15:00:00,1103.1
2022-06-15 16:00:00,1103.2
2022-06-15 17:00:00,1101.8000000000002
2022-06-15 18:00:00,1102.9
2022-06-15 19:00:00,1106.4
2022-06-15 20:00:00,1108.8000000000002
2022-06-15 21:00:00,1110.8000000000002
2022-06-16 14:30:00,1116.7
2022-06-16 15:00:00,1115.8000000000002
2022-06-16 16:00:00,1118.7
2022-06-16 17:00:00,1127.7
2022-06-16 18:00:00,1126.5
2022-06-16 19:00:00,1124.1
2022-06-16 20:00:00,1125.2
2022-06-16 21:00:00,1127.3000000000002
2022-06-17 14:30:00,1113.9
2022-06-17 15:00:00,1111.5
2022-06-17 16:00:00,1112.1
2022-06-17 17:00:00,1107.2
2022-06-17 18:00:00,1106.8000000000002
2022-06-17 19:00:00,1107.1
2022-06-17 20:00:00,1106.5
2022-06-17 21:00:00,1106.5
2022-06-17 23:00:00,1107.5
2022-06-21 14:30:00,1122.5
2022-06-21 15:00:00,1129.1
2022-06-21 16:00:00,1120.4
2022-06-21 17:00:00,1116.3000000000002
2022-06-21 18:00:00,1116.7
2022-06-21 19:00:00,1116.7
2022-06-21 20:00:00,1117.6
2022-06-21 21:00:00,1117.2
2022-06-22 14:30:00,1106.2
2022-06-22 15:00:00,1107.1
2022-06-22 16:00:00,1104.0
2022-06-22 17:00:00,1104.5
2022-06-22 18:00:00,1105.7
2022-06-22 19:00:00,1102.2
2022-06-22 20:00:00,1103.0
2022-06-22 21:00:00,1103.4
2022-06-23 14:30:00,1101.7
2022-06-23 15:00:00,1097.5
2022-06-23 16:00:00,1090.1
2022-06-23 17:00:00,1083.5
2022-06-23 18:00:00,1081.1
2022-06-23 19:00:00,1081.2
2022-06-23 20:00:00,1082.5
2022-06-23 21:00:00,1080.9
2022-06-24 14:30:00,1078.8000000000002
2022-06-24 15:00:00,1084.5
2022-06-24 16:00:00,1083.2
2022-06-24 17:00:00,1082.6
2022-06-24 18:00:00,1079.3000000000002
2022-06-24 19:00:00,1082.4
2022-06-24 20:00:00,1081.9
2022-06-24 21:00:00,1081.5
2022-06-27 14:30:00,1078.8000000000002
2022-06-27 15:00:00,1073.6
2022-06-27 16:00:00,1077.3000000000002
2022-06-27 17:00:00,1078.8000000000002
2022-06-27 18:00:00,1081.1
2022-06-27 19:00:00,1082.9
2022-06-27 20:00:00,1082.6
2022-06-27 21:00:00,1082.8000000000002
2022-06-28 14:30:00,1091.1
2022-06-28 15:00:00,1085.8000000000002
2022-06-28 16:00:00,1089.0
2022-06-28 17:00:00,1089.1
2022-06-28 18:00:00,1086.2
2022-06-28 19:00:00,1085.3000000000002
2022-06-28 20:00:00,1085.3000000000002
2022-06-28 20:00:01,1085.3000000000002
2022-06-28 21:00:00,1086.6
2022-06-29 14:00:00,1097.3000000000002
2022-06-29 14:30:00,1097.3000000000002
2022-06-29 15:00:00,1092.2
2022-06-29 16:00:00,1092.0
2022-06-29 17:00:00,1090.9
2022-06-29 18:00:00,1090.5
2022-06-29 19:00:00,1091.7
2022-06-29 20:00:00,1091.7
2022-06-29 21:00:00,1092.0
2022-06-30 14:00:00,1070.8000000000002
2022-06-30 14:30:00,1070.8000000000002
2022-06-30 15:00:00,1067.8000000000002
2022-06-30 16:00:00,1075.5
2022-06-30 17:00:00,1077.9
2022-06-30 18:00:00,1074.6
2022-06-30 19:00:00,1069.4
2022-06-30 20:00:00,1067.9
2022-06-30 21:00:00,1066.3999999999999
2022-07-01 14:00:00,1038.7
2022-07-01 14:30:00,1038.7
2022-07-01 15:00:00,1044.8
2022-07-01 16:00:00,1047.1000000000001
2022-07-01 17:00:00,1048.8
2022-07-01 18:00:00,1053.1000000000001
2022-07-01 19:00:00,1056.8
2022-07-01 20:00:00,1055.6000000000001
2022-07-01 21:00:00,1058.0
2022-07-01 23:00:00,1051.8999999999999
2022-07-05 14:00:00,1021.8000000000001
2022-07-05 14:30:00,1021.8000000000001
2022-07-05 15:00:00,1030.8000000000002
2022-07-05 16:00:00,1034.3000000000002
2022-07-05 17:00:00,1034.2
2022-07-05 18:00:00,1031.3000000000002
2022-07-05 19:00:00,1033.6
2022-07-05 20:00:00,1035.8000000000002
2022-07-05 21:00:00,1034.0
2022-07-06 14:00:00,1028.6
2022-07-06 14:30:00,1028.6
2022-07-06 15:00:00,1021.8000000000001
2022-07-06 16:00:00,1014.2
2022-07-06 17:00:00,1020.9
2022-07-06 18:00:00,1019.1
2022-07-06 19:00:00,1025.5
2022-07-06 20:00:00,1025.6
2022-07-06 21:00:00,1023.4
2022-07-07 14:00:00,1043.6000000000001
2022-07-07 14:30:00,1043.6000000000001
2022-07-07 15:00:00,1042.8
2022-07-07 16:00:00,1044.3999999999999
2022-07-07 17:00:00,1047.8
2022-07-07 18:00:00,1044.8999999999999
2022-07-07 19:00:00,1044.8
2022-07-07 20:00:00,1043.8999999999999
2022-07-07 21:00:00,1044.3
2022-07-08 14:00:00,1051.8
2022-07-08 14:30:00,1051.8
2022-07-08 15:00:00,1068.8000000000002
2022-07-08 16:00:00,1064.5
2022-07-08 17:00:00,1064.7
2022-07-08 18:00:00,1063.7
2022-07-08 19:00:00,1065.3999999999999
2022-07-08 20:00:00,1065.7
2022-07-08 21:00:00,1064.3
2022-07-11 14:00:00,1046.2
2022-07-11 14:30:00,1046.2
2022-07-11 15:00:00,1043.8999999999999
2022-07-11 16:00:00,1039.8000000000002
2022-07-11 17:00:00,1038.6
2022-07-11 18:00:00,1041.9
2022-07-11 19:00:00,1038.9
2022-07-11 20:00:00,1038.7
2022-07-11 21:00:00,1039.5
2022-07-12 14:00:00,1011.0
2022-07-12 14:30:00,1011.0
2022-07-12 15:00:00,1015.3000000000001
2022-07-12 16:00:00,1009.6
2022-07-12 17:00:00,1009.7
2022-07-12 18:00:00,1011.6
2022-07-12 19:00:00,1009.8000000000001
2022-07-12 20:00:00,1008.2
2022-07-12 21:00:00,1007.6
2022-07-13 14:00:00,1003.5
2022-07-13 14:30:00,1003.5
2022-07-13 15:00:00,1012.1
2022-07-13 16:00:00,1018.4
2022-07-13 17:00:00,1020.2
2022-07-13 18:00:00,1019.2
2022-07-13 19:00:00,1017.4
2022-07-13 20:00:00,1016.5
2022-07-13 21:00:00,1016.5
2022-07-14 14:00:00,995.2
2022-07-14 14:30:00,995.2
2022-07-14 15:00:00,1004.6
2022-07-14 16:00:00,1007.0
2022-07-14 17:00:00,997.6
2022-07-14 18:00:00,1001.0
2022-07-14 19:00:00,1005.5
2022-07-14 20:00:00,1004.2
2022-07-14 21:00:00,1004.6
2022-07-15 14:00:00,1007.2
2022-07-15 14:30:00,1007.2
2022-07-15 15:00:00,1007.5
2022-07-15 16:00:00,1010.4
2022-07-15 17:00:00,1012.3000000000001
2022-07-15 18:00:00,1007.9
2022-07-15 19:00:00,1007.5
2022-07-15 20:00:00,1008.4
2022-07-15 21:00:00,1013.2
2022-07-18 14:00:00,1032.8000000000002
2022-07-18 14:30:00,1032.8000000000002
2022-07-18 15:00:00,1043.3
2022-07-18 16:00:00,1038.3000000000002
2022-07-18 17:00:00,1037.0
2022-07-18 18:00:00,1034.5
2022-07-18 19:00:00,1031.9
2022-07-18 20:00:00,1031.1
2022-07-18 21:00:00,1032.1
2022-07-19 14:00:00,1046.6000000000001
2022-07-19 14:30:00,1046.6000000000001
2022-07-19 15:00:00,1042.1
2022-07-19 16:00:00,1041.7
2022-07-19 17:00:00,1039.9
2022-07-19 18:00:00,1040.0
2022-07-19 19:00:00,1039.9
2022-07-19 20:00:00,1040.3000000000002
2022-07-19 21:00:00,1042.6000000000001
2022-07-20 14:00:00,1032.8000000000002
2022-07-20 14:30:00,1032.8000000000002
2022-07-20 15:00:00,1034.3000000000002
2022-07-20 16:00:00,1030.3000000000002
2022-07-20 17:00:00,1027.9
2022-07-20 18:00:00,1022.3000000000001
2022-07-20 19:00:00,1022.6
2022-07-20 20:00:00,1023.8000000000001
2022-07-20 21:00:00,1023.0
2022-07-21 14:00:00,1024.1
2022-07-21 14:30:00,1024.1
2022-07-21 15:00:00,1029.0
2022-07-21 16:00:00,1038.1
2022-07-21 17:00:00,1041.6
2022-07-21 18:00:00,1038.5
2022-07-21 19:00:00,1039.8000000000002
2022-07-21 20:00:00,1040.0
2022-07-21 21:00:00,1042.7
2022-07-22 14:00:00,1052.8
2022-07-22 14:30:00,1052.8
2022-07-22 15:00:00,1049.0
2022-07-22 16:00:00,1049.8
2022-07-22 17:00:00,1049.3
2022-07-22 18:00:00,1041.5
2022-07-22 19:00:00,1040.9
2022-07-22 20:00:00,1040.8000000000002
2022-07-22 21:00:00,1044.7
2022-07-25 14:00:00,1046.1000000000001
2022-07-25 14:30:00,1046.1000000000001
2022-07-25 15:00:00,1039.1
2022-07-25 16:00:00,1046.3999999999999
2022-07-25 17:00:00,1051.2
2022-07-25 18:00:00,1052.3
2022-07-25 19:00:00,1051.1000000000001
2022-07-25 20:00:00,1050.8999999999999
2022-07-25 21:00:00,1050.3
2022-07-26 14:00:00,1051.5
2022-07-26 14:30:00,1051.5
2022-07-26 15:00:00,1046.2
2022-07-26 16:00:00,1039.7
2022-07-26 17:00:00,1045.3
2022-07-26 18:00:00,1045.2
2022-07-26 19:00:00,1042.5
2022-07-26 20:00:00,1042.1
2022-07-26 21:00:00,1044.7
2022-07-27 14:00:00,1051.3999999999999
2022-07-27 14:30:00,1051.3999999999999
2022-07-27 15:00:00,1056.8
2022-07-27 16:00:00,1055.8999999999999
2022-07-27 17:00:00,1057.6000000000001
2022-07-27 18:00:00,1059.1000000000001
2022-07-27 19:00:00,1061.3
2022-07-27 20:00:00,1061.0
2022-07-27 21:00:00,1060.8
2022-07-28 14:00:00,1061.1000000000001
2022-07-28 14:30:00,1061.1000000000001
2022-07-28 15:00:00,1054.8
2022-07-28 16:00:00,1056.6000000000001
2022-07-28 17:00:00,1057.0
2022-07-28 18:00:00,1059.1000000000001
2022-07-28 19:00:00,1060.8
2022-07-28 20:00:00,1060.6000000000001
2022-07-28 21:00:00,1060.6000000000001
2022-07-29 14:00:00,1058.6000000000001
2022-07-29 14:30:00,1058.6000000000001
2022-07-29 15:00:00,1071.3000000000002
2022-07-29 16:00:00,1073.1
2022-07-29 17:00:00,1069.9
2022-07-29 18:00:00,1072.2
2022-07-29 19:00:00,1071.3000000000002
2022-07-29 20:00:00,1070.5
2022-07-29 21:00:00,1071.1
2022-08-01 14:00:00,1085.2
2022-08-01 14:30:00,1085.2
2022-08-01 15:00:00,1088.3000000000002
2022-08-01 16:00:00,1083.9
2022-08-01 17:00:00,1083.0
2022-08-01 18:00:00,1079.9
2022-08-01 19:00:00,1082.1
2022-08-01 20:00:00,1082.5
2022-08-01 21:00:00,1083.8000000000002
2022-08-02 14:00:00,1088.9
2022-08-02 14:30:00,1088.9
2022-08-02 15:00:00,1077.1
2022-08-02 16:00:00,1087.1
2022-08-02 17:00:00,1084.8000000000002
2022-08-02 18:00:00,1080.7
2022-08-02 19:00:00,1075.5
2022-08-02 20:00:00,1073.1
2022-08-02 21:00:00,1071.3000000000002
2022-08-02 23:00:00,1071.3000000000002
2022-08-03 14:00:00,1073.9
2022-08-03 14:30:00,1073.9
2022-08-03 15:00:00,1064.1000000000001
2022-08-03 16:00:00,1068.9
2022-08-03 17:00:00,1068.9
2022-08-03 18:00:00,1071.2
2022-08-03 19:00:00,1071.5
2022-08-03 20:00:00,1072.5
2022-08-03 21:00:00,1073.1
2022-08-04 14:00:00,1093.1
2022-08-04 14:30:00,1093.1
2022-08-04 15:00:00,1105.9
2022-08-04 16:00:00,1104.7
2022-08-04 17:00:00,1106.0
2022-08-04 18:00:00,1106.1
2022-08-04 19:00:00,1108.7
2022-08-04 20:00:00,1107.9
2022-08-04 21:00:00,1105.2
2022-08-05 14:00:00,1106.5
2022-08-05 14:30:00,1106.5
2022-08-05 15:00:00,1109.9
2022-08-05 16:00:00,1111.2
2022-08-05 17:00:00,1104.2
2022-08-05 18:00:00,1107.0
2022-08-05 19:00:00,1108.0
2022-08-05 20:00:00,1109.0
2022-08-05 21:00:00,1112.5
2022-08-08 14:00:00,1121.5
2022-08-08 14:30:00,1121.5
2022-08-08 15:00:00,1125.6
2022-08-08 16:00:00,1124.5
2022-08-08 17:00:00,1120.1
2022-08-08 18:00:00,1120.9
2022-08-08 19:00:00,1119.3000000000002
2022-08-08 20:00:00,1119.8000000000002
2022-08-08 21:00:00,1121.3000000000002
2022-08-09 14:00:00,1115.6
2022-08-09 14:30:00,1115.6
2022-08-09 15:00:00,1112.8000000000002
2022-08-09 16:00:00,1113.2
2022-08-09 17:00:00,1112.6
2022-08-09 18:00:00,1112.7
2022-08-09 19:00:00,1112.1
2022-08-09 20:00:00,1112.4
2022-08-09 21:00:00,1113.7
2022-08-10 14:00:00,1118.6
2022-08-10 14:30:00,1118.6
2022-08-10 15:00:00,1123.6
2022-08-10 16:00:00,1125.2
2022-08-10 17:00:00,1127.5
2022-08-10 18:00:00,1124.0
2022-08-10 19:00:00,1122.2
2022-08-10 20:00:00,1120.8000000000002
2022-08-10 21:00:00,1123.3000000000002
2022-08-11 14:00:00,1153.5000000000002
2022-08-11 14:30:00,1153.5000000000002
2022-08-11 15:00:00,1140.0
2022-08-11 16:00:00,1144.8
2022-08-11 17:00:00,1140.5
2022-08-11 18:00:00,1138.7
2022-08-11 19:00:00,1137.9
2022-08-11 20:00:00,1136.9
2022-08-11 21:00:00,1137.7
2022-08-12 14:00:00,1133.2
2022-08-12 14:30:00,1133.2
2022-08-12 15:00:00,1134.0
2022-08-12 16:00:00,1136.5
2022-08-12 17:00:00,1138.3000000000002
2022-08-12 18:00:00,1140.6
2022-08-12 19:00:00,1142.6
2022-08-12 20:00:00,1142.4
2022-08-12 21:00:00,1144.0
2022-08-15 14:00:00,1108.6
2022-08-15 14:30:00,1108.6
2022-08-15 15:00:00,1106.5
2022-08-15 16:00:00,1114.9
2022-08-15 17:00:00,1112.5
2022-08-15 18:00:00,1112.0
2022-08-15 19:00:00,1111.2
2022-08-15 20:00:00,1111.2
2022-08-15 21:00:00,1112.4
2022-08-16 14:00:00,1116.0
2022-08-16 14:30:00,1116.0
2022-08-16 15:00:00,1116.9
2022-08-16 16:00:00,1111.4
2022-08-16 17:00:00,1112.4
2022-08-16 18:00:00,1114.3000000000002
2022-08-16 19:00:00,1114.2
2022-08-16 20:00:00,1113.2
2022-08-16 21:00:00,1114.1
2022-08-17 14:00:00,1105.1
2022-08-17 14:30:00,1105.1
2022-08-17 15:00:00,1105.1
2022-08-17 16:00:00,1096.1
2022-08-17 17:00:00,1100.1
2022-08-17 18:00:00,1099.9
2022-08-17 19:00:00,1103.2
2022-08-17 20:00:00,1102.5
2022-08-17 21:00:00,1101.5
2022-08-18 14:00:00,1094.1
2022-08-18 14:30:00,1094.1
2022-08-18 15:00:00,1091.4
2022-08-18 16:00:00,1088.4
2022-08-18 17:00:00,1087.0
2022-08-18 18:00:00,1088.7
2022-08-18 19:00:00,1086.7
2022-08-18 20:00:00,1087.9
2022-08-18 21:00:00,1085.7
2022-08-19 14:00:00,1069.2
2022-08-19 14:30:00,1069.2
2022-08-19 15:00:00,1061.5
2022-08-19 16:00:00,1062.6000000000001
2022-08-19 17:00:00,1067.7
2022-08-19 18:00:00,1068.4
2022-08-19 19:00:00,1065.3
2022-08-19 20:00:00,1066.3
2022-08-19 21:00:00,1069.9
2022-08-22 14:00:00,1041.0
2022-08-22 14:30:00,1041.0
2022-08-22 15:00:00,1046.3999999999999
2022-08-22 16:00:00,1047.1000000000001
2022-08-22 17:00:00,1049.8999999999999
2022-08-22 18:00:00,1047.8
2022-08-22 19:00:00,1047.0
2022-08-22 20:00:00,1047.7
2022-08-22 21:00:00,1049.2
2022-08-23 14:00:00,1047.0
2022-08-23 14:30:00,1047.0
2022-08-23 15:00:00,1056.3
2022-08-23 16:00:00,1061.3
2022-08-23 17:00:00,1056.0
2022-08-23 18:00:00,1054.3999999999999
2022-08-23 19:00:00,1054.6000000000001
2022-08-23 20:00:00,1055.3999999999999
2022-08-23 21:00:00,1054.0
2022-08-24 14:00:00,1042.3999999999999
2022-08-24 14:30:00,1042.3999999999999
2022-08-24 15:00:00,1048.1000000000001
2022-08-24 16:00:00,1048.3999999999999
2022-08-24 17:00:00,1047.6000000000001
2022-08-24 18:00:00,1047.2
2022-08-24 19:00:00,1048.1000000000001
2022-08-24 20:00:00,1049.2
2022-08-24 21:00:00,1048.6000000000001
2022-08-25 14:00:00,1051.6000000000001
2022-08-25 14:30:00,1051.6000000000001
2022-08-25 15:00:00,1053.8999999999999
2022-08-25 16:00:00,1050.8999999999999
2022-08-25 17:00:00,1055.0
2022-08-25 18:00:00,1054.6000000000001
2022-08-25 19:00:00,1053.3999999999999
2022-08-25 20:00:00,1052.8
2022-08-25 21:00:00,1055.0
2022-08-26 14:00:00,1054.0
2022-08-26 14:30:00,1054.0
2022-08-26 15:00:00,1041.7
2022-08-26 16:00:00,1042.7
2022-08-26 17:00:00,1036.6
2022-08-26 18:00:00,1035.7
2022-08-26 19:00:00,1032.1
2022-08-26 20:00:00,1031.9
2022-08-26 21:00:00,1032.6
2022-08-29 14:00:00,1037.6
2022-08-29 14:30:00,1037.6
2022-08-29 15:00:00,1034.2
2022-08-29 16:00:00,1034.4
2022-08-29 17:00:00,1035.2
2022-08-29 18:00:00,1035.3000000000002
2022-08-29 19:00:00,1035.0
2022-08-29 20:00:00,1034.8000000000002
2022-08-29 21:00:00,1034.0
2022-08-30 14:00:00,1017.4
2022-08-30 14:30:00,1017.4
2022-08-30 15:00:00,1012.6
2022-08-30 16:00:00,1012.2
2022-08-30 17:00:00,1012.4
2022-08-30 18:00:00,1012.7
2022-08-30 19:00:00,1012.6
2022-08-30 20:00:00,1014.7
2022-08-30 21:00:00,1013.0
2022-08-31 14:00:00,1010.8000000000001
2022-08-31 14:30:00,1010.8000000000001
2022-08-31 15:00:00,1012.1
2022-08-31 16:00:00,1012.0
2022-08-31 17:00:00,1007.7
2022-08-31 18:00:00,1006.5
2022-08-31 19:00:00,1006.9
2022-08-31 20:00:00,1007.4
2022-08-31 21:00:00,1007.9
2022-09-01 14:00:00,989.0
2022-09-01 14:30:00,989.0
2022-09-01 15:00:00,983.3000000000001
2022-09-01 16:00:00,988.5
2022-09-01 17:00:00,985.5
2022-09-01 18:00:00,986.5
2022-09-01 19:00:00,986.1
2022-09-01 20:00:00,987.8000000000001
2022-09-01 21:00:00,988.4
2022-09-02 14:00:00,998.4
2022-09-02 14:30:00,998.4
2022-09-02 15:00:00,1004.3000000000001
2022-09-02 16:00:00,1006.4
2022-09-02 17:00:00,1000.3000000000001
2022-09-02 18:00:00,996.7
2022-09-02 19:00:00,999.3000000000001
2022-09-02 20:00:00,999.7
2022-09-02 21:00:00,998.8000000000001
2022-09-02 23:00:00,998.8000000000001
2022-09-06 14:00:00,1025.2
2022-09-06 14:30:00,1025.2
2022-09-06 15:00:00,1018.9
2022-09-06 16:00:00,1014.9
2022-09-06 17:00:00,1014.1
2022-09-06 18:00:00,1014.0
2022-09-06 19:00:00,1017.0
2022-09-06 20:00:00,1016.6
2022-09-06 21:00:00,1017.9
2022-09-07 14:00:00,1024.2
2022-09-07 14:30:00,1024.2
2022-09-07 15:00:00,1026.3000000000002
2022-09-07 16:00:00,1024.3000000000002
2022-09-07 17:00:00,1025.9
2022-09-07 18:00:00,1033.0
2022-09-07 19:00:00,1032.9
2022-09-07 20:00:00,1034.4
2022-09-07 21:00:00,1035.3000000000002
2022-09-08 14:00:00,1044.2
2022-09-08 14:30:00,1044.2
2022-09-08 15:00:00,1050.1000000000001
2022-09-08 16:00:00,1046.3
2022-09-08 17:00:00,1045.3999999999999
2022-09-08 18:00:00,1050.8999999999999
2022-09-08 19:00:00,1051.1000000000001
2022-09-08 20:00:00,1051.5
2022-09-08 21:00:00,1050.8
2022-09-09 14:00:00,1052.2
2022-09-09 14:30:00,1052.2
2022-09-09 15:00:00,1054.3
2022-09-09 16:00:00,1056.0
2022-09-09 17:00:00,1057.8
2022-09-09 18:00:00,1055.2
2022-09-09 19:00:00,1054.5
2022-09-09 20:00:00,1054.8
2022-09-09 21:00:00,1053.6000000000001
2022-09-12 14:00:00,1077.3000000000002
2022-09-12 14:30:00,1077.3000000000002
2022-09-12 15:00:00,1075.4
2022-09-12 16:00:00,1082.1
2022-09-12 17:00:00,1085.3000000000002
2022-09-12 18:00:00,1081.8000000000002
2022-09-12 19:00:00,1081.3000000000002
2022-09-12 20:00:00,1081.4
2022-09-12 21:00:00,1083.9
2022-09-13 14:00:00,1081.2
2022-09-13 14:30:00,1081.2
2022-09-13 15:00:00,1078.1
2022-09-13 16:00:00,1066.3
2022-09-13 17:00:00,1062.3
2022-09-13 18:00:00,1064.5
2022-09-13 19:00:00,1058.8
2022-09-13 20:00:00,1056.3999999999999
2022-09-13 21:00:00,1057.3
2022-09-14 14:00:00,1084.4
2022-09-14 14:30:00,1084.4
2022-09-14 15:00:00,1087.5
2022-09-14 16:00:00,1089.5
2022-09-14 17:00:00,1086.6
2022-09-14 18:00:00,1082.6
2022-09-14 19:00:00,1081.5
2022-09-14 20:00:00,1081.8000000000002
2022-09-14 21:00:00,1084.5
2022-09-15 14:00:00,1098.1
2022-09-15 14:30:00,1098.1
2022-09-15 15:00:00,1085.2
2022-09-15 16:00:00,1084.6
2022-09-15 17:00:00,1082.8000000000002
2022-09-15 18:00:00,1084.4
2022-09-15 19:00:00,1081.9
2022-09-15 20:00:00,1083.5
2022-09-15 21:00:00,1082.8000000000002
2022-09-16 14:00:00,1068.9
2022-09-16 14:30:00,1068.9
2022-09-16 15:00:00,1077.1
2022-09-16 16:00:00,1081.4
2022-09-16 17:00:00,1080.9
2022-09-16 18:00:00,1082.1
2022-09-16 19:00:00,1086.4
2022-09-16 20:00:00,1085.7
2022-09-16 21:00:00,1085.8000000000002
2022-09-19 14:00:00,1087.7
2022-09-19 14:30:00,1087.7
2022-09-19 15:00:00,1095.9
2022-09-19 16:00:00,1096.7
2022-09-19 17:00:00,1101.8000000000002
2022-09-19 18:00:00,1099.2
2022-09-19 19:00:00,1101.4
2022-09-19 20:00:00,1103.6
2022-09-19 21:00:00,1101.8000000000002
2022-09-20 14:00:00,1100.8000000000002
2022-09-20 14:30:00,1100.8000000000002
2022-09-20 15:00:00,1104.6
2022-09-20 16:00:00,1105.5
2022-09-20 17:00:00,1103.6
2022-09-20 18:00:00,1102.9
2022-09-20 19:00:00,1104.6
2022-09-20 20:00:00,1104.5
2022-09-20 21:00:00,1104.1
2022-09-21 14:00:00,1101.6
2022-09-21 14:30:00,1101.6
2022-09-21 15:00:00,1097.2
2022-09-21 16:00:00,1099.4
2022-09-21 17:00:00,1096.6
2022-09-21 18:00:00,1099.2
2022-09-21 19:00:00,1099.4
2022-09-21 20:00:00,1095.7
2022-09-21 21:00:00,1092.6
2022-09-22 14:00:00,1093.3000000000002
2022-09-22 14:30:00,1093.3000000000002
2022-09-22 15:00:00,1092.7
2022-09-22 16:00:00,1086.8000000000002
2022-09-22 17:00:00,1085.9
2022-09-22 18:00:00,1085.5
2022-09-22 19:00:00,1083.7
2022-09-22 20:00:00,1085.9
2022-09-22 21:00:00,1084.5
2022-09-22 23:00:00,1084.5
2022-09-23 14:30:00,1042.0
2022-09-23 15:00:00,1036.2
2022-09-23 16:00:00,1037.8000000000002
2022-09-23 17:00:00,1038.3000000000002
2022-09-23 18:00:00,1035.8000000000002
2022-09-23 19:00:00,1034.2
2022-09-23 20:00:00,1036.9
2022-09-23 21:00:00,1033.5
2022-09-23 23:00:00,1033.5
2022-09-26 14:30:00,1041.0
2022-09-26 15:00:00,1043.7
2022-09-26 16:00:00,1034.2
2022-09-26 17:00:00,1032.8000000000002
2022-09-26 18:00:00,1028.2
2022-09-26 19:00:00,1031.2
2022-09-26 20:00:00,1031.6
2022-09-26 20:00:01,1031.6
2022-09-26 21:00:00,1028.6999999999998
2022-09-26 23:00:00,1028.6999999999998
2022-09-27 14:30:00,1041.6999999999998
2022-09-27 15:00:00,1037.1999999999998
2022-09-27 16:00:00,1031.4
2022-09-27 17:00:00,1025.9
2022-09-27 18:00:00,1026.6999999999998
2022-09-27 19:00:00,1029.4
2022-09-27 20:00:00,1027.5
2022-09-27 21:00:00,1026.0
2022-09-27 23:00:00,1026.0
2022-09-28 14:30:00,1031.3
2022-09-28 15:00:00,1032.1999999999998
2022-09-28 16:00:00,1039.8
2022-09-28 17:00:00,1044.8999999999999
2022-09-28 18:00:00,1045.8
2022-09-28 19:00:00,1049.7
2022-09-28 20:00:00,1049.3
2022-09-28 21:00:00,1046.3999999999999
2022-09-28 23:00:00,1046.3999999999999
2022-09-29 14:30:00,1045.1000000000001
2022-09-29 15:00:00,1045.2
2022-09-29 16:00:00,1049.2
2022-09-29 17:00:00,1045.0
2022-09-29 18:00:00,1041.1999999999998
2022-09-29 19:00:00,1042.3999999999999
2022-09-29 20:00:00,1043.7
2022-09-29 21:00:00,1045.8999999999999
2022-09-29 23:00:00,1045.8999999999999
2022-09-30 14:30:00,1053.0
2022-09-30 15:00:00,1046.6000000000001
2022-09-30 16:00:00,1048.3
2022-09-30 17:00:00,1045.2
2022-09-30 18:00:00,1043.5
2022-09-30 19:00:00,1042.7
2022-09-30 20:00:00,1042.7
2022-09-30 21:00:00,1042.8
2022-09-30 23:00:00,1042.8
2022-10-03 14:30:00,1072.4
2022-10-03 15:00:00,1081.4
2022-10-03 16:00:00,1081.1
2022-10-03 17:00:00,1084.3
2022-10-03 18:00:00,1084.9
2022-10-03 19:00:00,1088.6
2022-10-03 20:00:00,1087.5
2022-10-03 21:00:00,1085.9
2022-10-03 23:00:00,1085.9
2022-10-04 14:30:00,1107.9
2022-10-04 15:00:00,1119.5
2022-10-04 16:00:00,1121.9
2022-10-04 17:00:00,1119.1
2022-10-04 18:00:00,1119.1999999999998
2022-10-04 19:00:00,1121.1
2022-10-04 20:00:00,1120.5
2022-10-04 21:00:00,1120.3
2022-10-04 23:00:00,1120.3
2022-10-05 14:30:00,1097.8
2022-10-05 15:00:00,1095.5
2022-10-05 16:00:00,1099.1999999999998
2022-10-05 17:00:00,1097.4
2022-10-05 18:00:00,1103.1999999999998
2022-10-05 19:00:00,1108.1
2022-10-05 20:00:00,1104.9
2022-10-05 21:00:00,1104.6999999999998
2022-10-05 23:00:00,1104.6999999999998
2022-10-06 14:30:00,1109.1
2022-10-06 15:00:00,1109.5
2022-10-06 16:00:00,1109.3
2022-10-06 17:00:00,1108.4
2022-10-06 18:00:00,1111.8
2022-10-06 19:00:00,1109.6
2022-10-06 20:00:00,1109.6
2022-10-06 21:00:00,1109.1
2022-10-06 23:00:00,1109.1
2022-10-07 14:30:00,1111.6999999999998
2022-10-07 15:00:00,1114.3
2022-10-07 16:00:00,1110.1
2022-10-07 17:00:00,1104.4
2022-10-07 18:00:00,1102.6
2022-10-07 19:00:00,1101.5
2022-10-07 20:00:00,1101.4
2022-10-07 21:00:00,1100.9
2022-10-07 23:00:00,1100.9
2022-10-10 14:30:00,1092.6
2022-10-10 15:00:00,1088.8
2022-10-10 16:00:00,1087.4
2022-10-10 17:00:00,1083.1
2022-10-10 18:00:00,1088.6
2022-10-10 19:00:00,1086.6
2022-10-10 20:00:00,1086.3
2022-10-10 21:00:00,1086.8
2022-10-10 23:00:00,1086.8
2022-10-11 14:30:00,1073.6
2022-10-11 15:00:00,1071.5
2022-10-11 16:00:00,1081.1
2022-10-11 17:00:00,1084.1
2022-10-11 18:00:00,1084.1
2022-10-11 19:00:00,1076.0
2022-10-11 20:00:00,1072.1
2022-10-11 21:00:00,1073.6999999999998
2022-10-11 23:00:00,1073.6999999999998
2022-10-12 14:30:00,1069.8
2022-10-12 15:00:00,1063.7
2022-10-12 16:00:00,1068.9
2022-10-12 17:00:00,1066.9
2022-10-12 18:00:00,1066.6
2022-10-12 19:00:00,1068.0
2022-10-12 20:00:00,1068.6999999999998
2022-10-12 21:00:00,1067.9
2022-10-12 23:00:00,1067.9
2022-10-13 14:30:00,1053.8
2022-10-13 15:00:00,1059.8999999999999
2022-10-13 16:00:00,1077.6999999999998
2022-10-13 17:00:00,1081.1
2022-10-13 18:00:00,1087.1
2022-10-13 19:00:00,1086.5
2022-10-13 20:00:00,1085.8
2022-10-13 21:00:00,1084.6
2022-10-13 23:00:00,1084.6
2022-10-14 14:30:00,1088.1999999999998
2022-10-14 15:00:00,1085.1
2022-10-14 16:00:00,1078.5
2022-10-14 17:00:00,1079.3
2022-10-14 18:00:00,1084.3
2022-10-14 19:00:00,1083.6999999999998
2022-10-14 20:00:00,1084.0
2022-10-14 21:00:00,1084.1999999999998
2022-10-14 23:00:00,1084.1999999999998
2022-10-17 14:30:00,1105.1999999999998
2022-10-17 15:00:00,1101.4
2022-10-17 16:00:00,1100.8
2022-10-17 17:00:00,1098.8
2022-10-17 18:00:00,1100.4
2022-10-17 19:00:00,1099.3
2022-10-17 20:00:00,1097.8
2022-10-17 21:00:00,1100.9
2022-10-17 23:00:00,1100.9
2022-10-18 14:30:00,1104.1
2022-10-18 15:00:00,1099.8
2022-10-18 16:00:00,1090.6999999999998
2022-10-18 17:00:00,1091.1
2022-10-18 18:00:00,1094.1
2022-10-18 19:00:00,1091.3
2022-10-18 20:00:00,1093.9
2022-10-18 21:00:00,1093.8
2022-10-18 23:00:00,1093.8
2022-10-19 14:30:00,1077.1
2022-10-19 15:00:00,1076.5
2022-10-19 16:00:00,1070.6999999999998
2022-10-19 17:00:00,1067.1999999999998
2022-10-19 18:00:00,1067.4
2022-10-19 19:00:00,1066.0
2022-10-19 20:00:00,1067.0
2022-10-19 21:00:00,1067.3
2022-10-19 23:00:00,1067.3
2022-10-20 14:30:00,1089.0
2022-10-20 15:00:00,1102.6999999999998
2022-10-20 16:00:00,1101.4
2022-10-20 17:00:00,1101.1
2022-10-20 18:00:00,1100.8
2022-10-20 19:00:00,1102.1
2022-10-20 20:00:00,1101.6
2022-10-20 21:00:00,1099.6999999999998
2022-10-20 23:00:00,1099.6999999999998
2022-10-21 14:30:00,1096.6
2022-10-21 15:00:00,1095.5
2022-10-21 16:00:00,1104.6
2022-10-21 17:00:00,1116.1
2022-10-21 18:00:00,1120.1
2022-10-21 19:00:00,1120.6999999999998
2022-10-21 20:00:00,1120.4
2022-10-21 21:00:00,1120.0
2022-10-21 23:00:00,1120.0
2022-10-24 14:30:00,1120.4
2022-10-24 15:00:00,1114.1999999999998
2022-10-24 16:00:00,1112.0
2022-10-24 17:00:00,1112.4
2022-10-24 18:00:00,1111.6
2022-10-24 19:00:00,1113.9
2022-10-24 20:00:00,1115.6
2022-10-24 21:00:00,1114.1
2022-10-24 23:00:00,1114.1
2022-10-25 14:30:00,1106.1
2022-10-25 15:00:00,1102.9
2022-10-25 16:00:00,1109.1
2022-10-25 17:00:00,1105.1
2022-10-25 18:00:00,1107.4
2022-10-25 19:00:00,1107.6999999999998
2022-10-25 20:00:00,1107.9
2022-10-25 21:00:00,1105.6999999999998
2022-10-25 23:00:00,1105.6999999999998
2022-10-26 14:30:00,1131.3
2022-10-26 15:00:00,1139.6999999999998
2022-10-26 16:00:00,1145.3
2022-10-26 17:00:00,1147.6000000000001
2022-10-26 18:00:00,1143.3
2022-10-26 19:00:00,1143.8999999999999
2022-10-26 20:00:00,1142.5
2022-10-26 21:00:00,1144.0
2022-10-26 23:00:00,1144.0
2022-10-27 14:30:00,1141.4
2022-10-27 15:00:00,1152.6000000000001
2022-10-27 16:00:00,1152.6000000000001
2022-10-27 17:00:00,1150.2
2022-10-27 18:00:00,1152.8
2022-10-27 19:00:00,1150.2
2022-10-27 20:00:00,1149.8999999999999
2022-10-27 21:00:00,1151.1000000000001
2022-10-27 23:00:00,1151.1000000000001
2022-10-28 14:30:00,1138.1999999999998
2022-10-28 15:00:00,1138.0
2022-10-28 16:00:00,1135.0
2022-10-28 17:00:00,1133.1
2022-10-28 18:00:00,1132.3
2022-10-28 19:00:00,1135.0
2022-10-28 20:00:00,1135.3
2022-10-28 21:00:00,1134.9
2022-10-28 23:00:00,1134.9
2022-10-31 13:30:00,1115.1
2022-10-31 14:00:00,1125.8
2022-10-31 15:00:00,1122.1999999999998
2022-10-31 16:00:00,1116.6
2022-10-31 17:00:00,1117.8
2022-10-31 18:00:00,1116.4
2022-10-31 19:00:00,1116.5
2022-10-31 20:00:00,1116.6
2022-10-31 23:00:00,1117.6
2022-11-01 13:30:00,1142.5
2022-11-01 14:00:00,1136.1999999999998
2022-11-01 15:00:00,1137.1999999999998
2022-11-01 16:00:00,1138.0
2022-11-01 17:00:00,1139.1999999999998
2022-11-01 18:00:00,1141.3
2022-11-01 19:00:00,1138.0
2022-11-01 20:00:00,1136.9
2022-11-01 23:00:00,1138.1
2022-11-02 13:30:00,1147.7
2022-11-02 14:00:00,1141.8
2022-11-02 15:00:00,1136.6
2022-11-02 16:00:00,1135.3
2022-11-02 17:00:00,1135.6999999999998
2022-11-02 18:00:00,1137.1
2022-11-02 19:00:00,1125.5
2022-11-02 20:00:00,1124.9
2022-11-02 23:00:00,1125.0
2022-11-03 13:30:00,1105.6
2022-11-03 14:00:00,1113.8
2022-11-03 15:00:00,1107.0
2022-11-03 16:00:00,1109.0
2022-11-03 17:00:00,1107.6
2022-11-03 18:00:00,1109.6
2022-11-03 19:00:00,1108.1999999999998
2022-11-03 20:00:00,1108.1
2022-11-03 23:00:00,1108.9
2022-11-04 13:30:00,1137.6
2022-11-04 14:00:00,1145.7
2022-11-04 15:00:00,1136.8
2022-11-04 16:00:00,1147.3999999999999
2022-11-04 17:00:00,1146.3999999999999
2022-11-04 18:00:00,1154.6000000000001
2022-11-04 19:00:00,1155.2
2022-11-04 20:00:00,1153.7
2022-11-04 23:00:00,1153.1000000000001
2022-11-07 14:30:00,1161.3999999999999
2022-11-07 15:00:00,1167.7
2022-11-07 16:00:00,1172.0000000000002
2022-11-07 17:00:00,1175.0000000000002
2022-11-07 18:00:00,1175.3
2022-11-07 19:00:00,1177.1000000000001
2022-11-07 20:00:00,1178.0000000000002
2022-11-07 21:00:00,1178.2
2022-11-07 23:00:00,1178.2
2022-11-08 14:30:00,1182.3
2022-11-08 15:00:00,1193.9000000000003
2022-11-08 16:00:00,1198.5000000000002
2022-11-08 17:00:00,1199.7
2022-11-08 18:00:00,1194.7
2022-11-08 19:00:00,1195.1000000000001
2022-11-08 20:00:00,1195.4000000000003
2022-11-08 21:00:00,1198.2
2022-11-08 23:00:00,1198.2
2022-11-09 14:30:00,1188.5000000000002
2022-11-09 15:00:00,1180.3999999999999
2022-11-09 16:00:00,1184.7
2022-11-09 17:00:00,1183.3
2022-11-09 18:00:00,1180.7
2022-11-09 19:00:00,1179.3999999999999
2022-11-09 20:00:00,1181.5000000000002
2022-11-09 21:00:00,1183.1000000000001
2022-11-09 23:00:00,1183.1000000000001
2022-11-10 14:30:00,1230.5000000000002
2022-11-10 15:00:00,1236.3000000000004
2022-11-10 16:00:00,1240.5000000000002
2022-11-10 17:00:00,1237.1000000000001
2022-11-10 18:00:00,1241.2
2022-11-10 19:00:00,1242.8000000000004
2022-11-10 20:00:00,1242.4000000000003
2022-11-10 21:00:00,1235.3000000000004
2022-11-10 23:00:00,1235.3000000000004
2022-11-11 14:30:00,1235.1000000000001
2022-11-11 15:00:00,1234.6000000000001
2022-11-11 16:00:00,1224.2
2022-11-11 17:00:00,1222.6000000000001
2022-11-11 18:00:00,1225.4000000000003
2022-11-11 19:00:00,1229.8000000000004
2022-11-11 20:00:00,1228.5000000000002
2022-11-11 21:00:00,1229.1000000000001
2022-11-11 23:00:00,1229.1000000000001
2022-11-14 14:30:00,1209.9000000000003
2022-11-14 15:00:00,1216.8000000000004
2022-11-14 16:00:00,1215.5000000000002
2022-11-14 17:00:00,1216.8000000000004
2022-11-14 18:00:00,1221.7
2022-11-14 19:00:00,1219.6000000000001
2022-11-14 20:00:00,1219.4000000000003
2022-11-14 21:00:00,1217.0000000000002
2022-11-14 23:00:00,1217.0000000000002
2022-11-15 14:30:00,1215.5000000000002
2022-11-15 15:00:00,1210.9000000000003
2022-11-15 16:00:00,1208.6000000000001
2022-11-15 17:00:00,1210.1000000000001
2022-11-15 18:00:00,1208.0000000000002
2022-11-15 19:00:00,1211.4000000000003
2022-11-15 20:00:00,1210.5000000000002
2022-11-15 21:00:00,1211.5000000000002
2022-11-15 23:00:00,1211.5000000000002
2022-11-16 14:30:00,1198.6000000000001
2022-11-16 15:00:00,1202.9000000000003
2022-11-16 16:00:00,1201.0000000000002
2022-11-16 17:00:00,1202.3
2022-11-16 18:00:00,1198.7
2022-11-16 19:00:00,1201.1000000000001
2022-11-16 20:00:00,1199.0000000000002
2022-11-16 21:00:00,1202.1000000000001
2022-11-16 23:00:00,1202.1000000000001
2022-11-17 14:30:00,1175.8
2022-11-17 15:00:00,1177.8
2022-11-17 16:00:00,1174.2
2022-11-17 17:00:00,1175.8999999999999
2022-11-17 18:00:00,1175.8999999999999
2022-11-17 19:00:00,1173.7
2022-11-17 20:00:00,1173.1000000000001
2022-11-17 21:00:00,1176.5000000000002
2022-11-17 23:00:00,1176.5000000000002
2022-11-18 14:30:00,1174.6000000000001
2022-11-18 15:00:00,1176.8
2022-11-18 16:00:00,1174.6000000000001
2022-11-18 17:00:00,1169.0000000000002
2022-11-18 18:00:00,1169.5000000000002
2022-11-18 19:00:00,1169.0000000000002
2022-11-18 20:00:00,1170.2
2022-11-18 21:00:00,1171.8
2022-11-18 23:00:00,1171.8
2022-11-21 14:30:00,1170.2
2022-11-21 15:00:00,1168.6000000000001
2022-11-21 16:00:00,1162.8
2022-11-21 17:00:00,1172.3
2022-11-21 18:00:00,1174.5000000000002
2022-11-21 19:00:00,1173.6000000000001
2022-11-21 20:00:00,1175.3
2022-11-21 21:00:00,1174.6000000000001
2022-11-21 23:00:00,1174.6000000000001
2022-11-22 14:30:00,1190.6000000000001
2022-11-22 15:00:00,1188.9000000000003
2022-11-22 16:00:00,1186.8999999999999
2022-11-22 17:00:00,1181.8999999999999
2022-11-22 18:00:00,1185.0000000000002
2022-11-22 19:00:00,1183.8999999999999
2022-11-22 20:00:00,1185.8999999999999
2022-11-22 21:00:00,1185.5000000000002
2022-11-22 23:00:00,1185.5000000000002
2022-11-23 14:30:00,1174.7
2022-11-23 15:00:00,1182.6000000000001
2022-11-23 16:00:00,1178.1000000000001
2022-11-23 17:00:00,1181.5000000000002
2022-11-23 18:00:00,1181.3
2022-11-23 19:00:00,1190.4000000000003
2022-11-23 20:00:00,1190.2
2022-11-23 21:00:00,1191.4000000000003
2022-11-23 23:00:00,1191.4000000000003
2022-11-25 14:30:00,1178.8999999999999
2022-11-25 15:00:00,1172.0000000000002
2022-11-25 16:00:00,1171.8
2022-11-25 17:00:00,1173.0000000000002
2022-11-25 18:00:00,1175.0000000000002
2022-11-25 23:00:00,1175.0000000000002
2022-11-28 14:30:00,1183.2
2022-11-28 15:00:00,1180.8
2022-11-28 16:00:00,1181.7
2022-11-28 17:00:00,1184.5000000000002
2022-11-28 18:00:00,1181.3
2022-11-28 19:00:00,1181.3999999999999
2022-11-28 20:00:00,1183.1000000000001
2022-11-28 21:00:00,1184.0000000000002
2022-11-28 23:00:00,1184.0000000000002
2022-11-29 14:30:00,1193.2
2022-11-29 15:00:00,1197.7
2022-11-29 16:00:00,1195.6000000000001
2022-11-29 17:00:00,1194.2
2022-11-29 18:00:00,1198.4000000000003
2022-11-29 19:00:00,1197.9000000000003
2022-11-29 20:00:00,1197.5000000000002
2022-11-29 21:00:00,1196.9000000000003
2022-11-29 23:00:00,1196.9000000000003
2022-11-30 14:30:00,1229.0000000000002
2022-11-30 15:00:00,1225.6000000000001
2022-11-30 16:00:00,1226.9000000000003
2022-11-30 17:00:00,1223.1000000000001
2022-11-30 18:00:00,1230.3000000000004
2022-11-30 19:00:00,1235.9000000000003
2022-11-30 20:00:00,1230.2
2022-11-30 21:00:00,1230.9000000000003
2022-11-30 23:00:00,1230.9000000000003
2022-12-01 14:30:00,1249.9000000000003
2022-12-01 15:00:00,1240.5000000000002
2022-12-01 16:00:00,1238.6000000000001
2022-12-01 17:00:00,1238.4000000000003
2022-12-01 18:00:00,1238.7
2022-12-01 19:00:00,1241.4000000000003
2022-12-01 20:00:00,1241.2
2022-12-01 21:00:00,1240.4000000000003
2022-12-01 23:00:00,1240.7
2022-12-02 14:30:00,1206.9000000000003
2022-12-02 15:00:00,1208.2
2022-12-02 16:00:00,1211.9000000000003
2022-12-02 17:00:00,1210.2
2022-12-02 18:00:00,1209.4000000000003
2022-12-02 19:00:00,1211.4000000000003
2022-12-02 20:00:00,1210.4000000000003
2022-12-02 21:00:00,1210.1000000000001
2022-12-02 23:00:00,1210.7
2022-12-05 14:30:00,1201.3
2022-12-05 15:00:00,1199.2
2022-12-05 16:00:00,1194.7
2022-12-05 17:00:00,1193.8
2022-12-05 18:00:00,1191.0000000000002
2022-12-05 19:00:00,1190.1000000000001
2022-12-05 20:00:00,1189.4000000000003
2022-12-05 21:00:00,1192.1000000000001
2022-12-05 23:00:00,1192.1000000000001
2022-12-06 14:30:00,1188.3
2022-12-06 15:00:00,1185.5000000000002
2022-12-06 16:00:00,1183.8999999999999
2022-12-06 17:00:00,1181.8
2022-12-06 18:00:00,1178.0000000000002
2022-12-06 19:00:00,1179.5000000000002
2022-12-06 20:00:00,1181.2
2022-12-06 21:00:00,1181.2
2022-12-06 23:00:00,1180.6000000000001
2022-12-07 14:30:00,1204.9000000000003
2022-12-07 15:00:00,1199.6000000000001
2022-12-07 16:00:00,1196.2
2022-12-07 17:00:00,1195.3
2022-12-07 18:00:00,1200.0000000000002
2022-12-07 19:00:00,1200.2
2022-12-07 20:00:00,1197.8
2022-12-07 21:00:00,1197.5000000000002
2022-12-07 23:00:00,1197.5000000000002
2022-12-08 14:30:00,1202.4000000000003
2022-12-08 15:00:00,1199.6000000000001
2022-12-08 16:00:00,1201.3
2022-12-08 17:00:00,1199.9000000000003
2022-12-08 18:00:00,1201.0000000000002
2022-12-08 19:00:00,1199.8
2022-12-08 20:00:00,1198.4000000000003
2022-12-08 21:00:00,1199.8
2022-12-08 23:00:00,1199.8
2022-12-09 14:30:00,1201.3
2022-12-09 15:00:00,1200.1000000000001
2022-12-09 16:00:00,1216.2
2022-12-09 17:00:00,1223.5000000000002
2022-12-09 18:00:00,1222.1000000000001
2022-12-09 19:00:00,1224.8000000000004
2022-12-09 20:00:00,1218.8000000000004
2022-12-09 21:00:00,1222.0000000000002
2022-12-09 23:00:00,1222.0000000000002
2022-12-12 14:30:00,1189.8
2022-12-12 15:00:00,1195.2
2022-12-12 16:00:00,1194.0000000000002
2022-12-12 17:00:00,1193.1000000000001
2022-12-12 18:00:00,1192.3
2022-12-12 19:00:00,1191.9000000000003
2022-12-12 20:00:00,1193.5000000000002
2022-12-12 21:00:00,1194.1000000000001
2022-12-12 23:00:00,1194.1000000000001
2022-12-13 14:30:00,1238.3000000000004
2022-12-13 15:00:00,1226.8000000000004
2022-12-13 16:00:00,1226.4000000000003
2022-12-13 17:00:00,1226.1000000000001
2022-12-13 18:00:00,1228.8000000000004
2022-12-13 19:00:00,1228.7
2022-12-13 20:00:00,1228.4000000000003
2022-12-13 21:00:00,1228.8000000000004
2022-12-13 23:00:00,1228.8000000000004
2022-12-14 14:30:00,1221.6000000000001
2022-12-14 15:00:00,1223.4000000000003
2022-12-14 16:00:00,1223.7
2022-12-14 17:00:00,1222.7
2022-12-14 18:00:00,1227.3000000000004
2022-12-14 19:00:00,1221.2
2022-12-14 20:00:00,1221.4000000000003
2022-12-14 21:00:00,1223.4000000000003
2022-12-14 23:00:00,1223.6000000000001
2022-12-15 14:30:00,1205.7
2022-12-15 15:00:00,1206.8000000000004
2022-12-15 16:00:00,1200.6000000000001
2022-12-15 17:00:00,1199.9000000000003
2022-12-15 18:00:00,1197.0000000000002
2022-12-15 19:00:00,1198.3
2022-12-15 20:00:00,1200.0000000000002
2022-12-15 21:00:00,1201.1000000000001
2022-12-15 23:00:00,1201.1000000000001
2022-12-16 14:30:00,1196.9000000000003
2022-12-16 15:00:00,1184.3
2022-12-16 16:00:00,1183.8999999999999
2022-12-16 17:00:00,1184.1000000000001
2022-12-16 18:00:00,1186.1000000000001
2022-12-16 19:00:00,1185.8999999999999
2022-12-16 20:00:00,1186.1000000000001
2022-12-16 21:00:00,1184.5000000000002
2022-12-16 23:00:00,1184.5000000000002
2022-12-19 14:30:00,1179.8
2022-12-19 15:00:00,1177.6000000000001
2022-12-19 16:00:00,1177.5000000000002
2022-12-19 17:00:00,1174.3
2022-12-19 18:00:00,1172.8999999999999
2022-12-19 19:00:00,1169.5000000000002
2022-12-19 20:00:00,1169.6000000000001
2022-12-19 21:00:00,1172.2
2022-12-19 23:00:00,1172.2
2022-12-20 14:30:00,1196.2
2022-12-20 15:00:00,1199.3
2022-12-20 16:00:00,1197.1000000000001
2022-12-20 17:00:00,1198.4000000000003
2022-12-20 18:00:00,1199.4000000000003
2022-12-20 19:00:00,1200.1000000000001
2022-12-20 20:00:00,1198.0000000000002
2022-12-20 21:00:00,1198.6000000000001
2022-12-20 23:00:00,1198.6000000000001
2022-12-21 14:30:00,1185.6000000000001
2022-12-21 15:00:00,1192.0000000000002
2022-12-21 16:00:00,1186.5000000000002
2022-12-21 17:00:00,1187.0000000000002
2022-12-21 18:00:00,1188.8
2022-12-21 19:00:00,1186.8
2022-12-21 20:00:00,1186.6000000000001
2022-12-21 21:00:00,1187.6000000000001
2022-12-21 23:00:00,1187.6000000000001
2022-12-22 14:30:00,1174.1000000000001
2022-12-22 15:00:00,1180.1000000000001
2022-12-22 16:00:00,1176.5000000000002
2022-12-22 17:00:00,1171.1000000000001
2022-12-22 18:00:00,1166.8999999999999
2022-12-22 19:00:00,1163.7
2022-12-22 20:00:00,1162.3
2022-12-22 21:00:00,1169.0000000000002
2022-12-22 23:00:00,1169.0000000000002
2022-12-23 14:30:00,1202.5000000000002
2022-12-23 15:00:00,1215.0000000000002
2022-12-23 16:00:00,1217.5000000000002
2022-12-23 17:00:00,1217.6000000000001
2022-12-23 18:00:00,1213.9000000000003
2022-12-23 19:00:00,1217.1000000000001
2022-12-23 20:00:00,1216.6000000000001
2022-12-23 21:00:00,1216.3000000000004
2022-12-23 23:00:00,1216.3000000000004
2022-12-23 23:00:01,1216.3000000000004
2022-12-27 14:30:00,1198.2
2022-12-27 15:00:00,1207.3000000000004
2022-12-27 16:00:00,1212.0000000000002
2022-12-27 17:00:00,1212.4000000000003
2022-12-27 18:00:00,1213.8000000000004
2022-12-27 19:00:00,1213.3000000000004
2022-12-27 20:00:00,1214.9000000000003
2022-12-27 21:00:00,1213.3000000000004
2022-12-27 23:00:00,1213.3000000000004
2022-12-28 14:30:00,1208.0000000000002
2022-12-28 15:00:00,1200.4000000000003
2022-12-28 16:00:00,1201.2
2022-12-28 17:00:00,1203.1000000000001
2022-12-28 18:00:00,1200.2
2022-12-28 19:00:00,1199.6000000000001
2022-12-28 20:00:00,1197.0000000000002
2022-12-28 21:00:00,1199.2
2022-12-28 23:00:00,1199.2
2022-12-29 14:30:00,1234.8000000000004
2022-12-29 15:00:00,1236.1000000000001
2022-12-29 16:00:00,1241.2000000000005
2022-12-29 17:00:00,1247.0000000000002
2022-12-29 18:00:00,1249.5000000000002
2022-12-29 19:00:00,1252.8000000000004
2022-12-29 20:00:00,1252.4000000000003
2022-12-29 21:00:00,1248.6000000000001
2022-12-29 23:00:00,1248.6000000000001
2022-12-30 14:30:00,1257.0000000000002
2022-12-30 15:00:00,1256.5000000000002
2022-12-30 16:00:00,1256.4000000000003
2022-12-30 17:00:00,1262.6000000000001
2022-12-30 18:00:00,1260.9000000000003
2022-12-30 19:00:00,1261.5000000000002
2022-12-30 20:00:00,1262.4000000000003
2022-12-30 21:00:00,1266.8000000000004
2022-12-30 23:00:00,1266.8000000000004
2023-01-03 14:30:00,1276.7000000000005
2023-01-03 15:00:00,1275.6000000000001
2023-01-03 16:00:00,1273.3000000000004
2023-01-03 17:00:00,1273.2000000000005
2023-01-03 18:00:00,1278.6000000000001
2023-01-03 19:00:00,1278.1000000000001
2023-01-03 20:00:00,1278.1000000000001
2023-01-03 21:00:00,1278.3000000000004
2023-01-03 23:00:00,1278.3000000000004
2023-01-04 14:30:00,1276.3000000000004
2023-01-04 15:00:00,1273.0000000000002
2023-01-04 16:00:00,1282.7000000000005
2023-01-04 17:00:00,1272.7000000000005
2023-01-04 18:00:00,1271.1000000000001
2023-01-04 19:00:00,1273.8000000000004
2023-01-04 20:00:00,1273.7000000000005
2023-01-04 21:00:00,1273.0000000000002
2023-01-04 23:00:00,1273.0000000000002
2023-01-05 14:30:00,1252.8000000000004
2023-01-05 15:00:00,1248.6000000000001
2023-01-05 16:00:00,1248.7000000000005
2023-01-05 17:00:00,1249.7000000000005
2023-01-05 18:00:00,1253.3000000000004
2023-01-05 19:00:00,1251.2000000000005
2023-01-05 20:00:00,1250.3000000000004
2023-01-05 21:00:00,1250.3000000000004
2023-01-05 23:00:00,1250.3000000000004
2023-01-06 14:30:00,1261.4000000000003
2023-01-06 15:00:00,1276.1000000000001
2023-01-06 16:00:00,1279.3000000000004
2023-01-06 17:00:00,1284.3000000000004
2023-01-06 18:00:00,1285.4000000000003
2023-01-06 19:00:00,1286.9000000000003
2023-01-06 20:00:00,1286.4000000000003
2023-01-06 21:00:00,1285.2000000000005
2023-01-06 23:00:00,1285.2000000000005
2023-01-09 14:30:00,1284.7000000000005
2023-01-09 15:00:00,1285.2000000000005
2023-01-09 16:00:00,1286.7000000000005
2023-01-09 17:00:00,1281.7000000000005
2023-01-09 18:00:00,1277.5000000000002
2023-01-09 19:00:00,1277.3000000000004
2023-01-09 20:00:00,1275.2000000000005
2023-01-09 21:00:00,1272.0000000000002
2023-01-09 23:00:00,1272.0000000000002
2023-01-10 14:30:00,1270.4000000000003
2023-01-10 15:00:00,1269.4000000000003
2023-01-10 16:00:00,1268.8000000000004
2023-01-10 17:00:00,1269.8000000000004
2023-01-10 18:00:00,1270.7000000000005
2023-01-10 19:00:00,1271.4000000000003
2023-01-10 20:00:00,1271.3000000000004
2023-01-10 21:00:00,1271.8000000000004
2023-01-10 23:00:00,1271.8000000000004
2023-01-11 14:30:00,1283.4000000000003
2023-01-11 15:00:00,1277.7000000000005
2023-01-11 16:00:00,1271.8000000000004
2023-01-11 17:00:00,1263.3000000000004
2023-01-11 18:00:00,1262.6000000000001
2023-01-11 19:00:00,1263.1000000000001
2023-01-11 20:00:00,1261.5000000000002
2023-01-11 21:00:00,1263.4000000000003
2023-01-11 23:00:00,1263.4000000000003
2023-01-12 14:30:00,1250.8000000000004
2023-01-12 15:00:00,1255.6000000000001
2023-01-12 16:00:00,1258.3000000000004
2023-01-12 17:00:00,1262.9000000000003
2023-01-12 18:00:00,1265.0000000000002
2023-01-12 19:00:00,1261.3000000000004
2023-01-12 20:00:00,1259.3000000000004
2023-01-12 21:00:00,1259.7000000000005
2023-01-12 23:00:00,1259.7000000000005
2023-01-13 14:30:00,1252.2000000000005
2023-01-13 15:00:00,1252.5000000000002
2023-01-13 16:00:00,1248.6000000000001
2023-01-13 17:00:00,1253.4000000000003
2023-01-13 18:00:00,1254.6000000000001
2023-01-13 19:00:00,1257.1000000000001
2023-01-13 20:00:00,1256.8000000000004
2023-01-13 21:00:00,1255.8000000000004
2023-01-13 23:00:00,1255.8000000000004
2023-01-17 14:30:00,1237.6000000000001
2023-01-17 15:00:00,1230.7000000000005
2023-01-17 16:00:00,1229.9000000000003
2023-01-17 17:00:00,1227.2000000000005
2023-01-17 18:00:00,1227.8000000000004
2023-01-17 19:00:00,1228.5000000000002
2023-01-17 20:00:00,1229.4000000000003
2023-01-17 21:00:00,1228.1000000000001
2023-01-17 23:00:00,1228.1000000000001
2023-01-18 14:30:00,1261.8000000000004
2023-01-18 15:00:00,1250.3000000000004
2023-01-18 16:00:00,1232.0000000000002
2023-01-18 17:00:00,1223.8000000000004
2023-01-18 18:00:00,1228.1000000000001
2023-01-18 19:00:00,1226.6000000000001
2023-01-18 20:00:00,1225.9000000000003
2023-01-18 21:00:00,1226.5000000000002
2023-01-18 23:00:00,1226.5000000000002
2023-01-19 14:30:00,1202.8000000000004
2023-01-19 15:00:00,1209.5000000000002
2023-01-19 16:00:00,1210.0000000000002
2023-01-19 17:00:00,1224.2000000000005
2023-01-19 18:00:00,1221.4000000000003
2023-01-19 19:00:00,1225.1000000000001
2023-01-19 20:00:00,1226.4000000000003
2023-01-19 21:00:00,1222.9000000000003
2023-01-19 23:00:00,1222.9000000000003
2023-01-20 14:30:00,1221.0000000000002
2023-01-20 15:00:00,1236.9000000000003
2023-01-20 16:00:00,1234.1000000000001
2023-01-20 17:00:00,1227.4000000000003
2023-01-20 18:00:00,1231.4000000000003
2023-01-20 19:00:00,1232.5000000000002
2023-01-20 20:00:00,1232.5000000000002
2023-01-20 21:00:00,1232.7000000000005
2023-01-20 23:00:00,1232.7000000000005
2023-01-23 14:30:00,1224.6000000000001
2023-01-23 15:00:00,1228.9000000000003
2023-01-23 16:00:00,1231.0000000000002
2023-01-23 17:00:00,1235.7000000000005
2023-01-23 18:00:00,1238.8000000000004
2023-01-23 19:00:00,1234.5000000000002
2023-01-23 20:00:00,1235.8000000000004
2023-01-23 21:00:00,1238.4000000000003
2023-01-23 23:00:00,1238.4000000000003
2023-01-24 14:30:00,1232.8000000000004
2023-01-24 15:00:00,1246.1000000000001
2023-01-24 16:00:00,1246.7000000000005
2023-01-24 17:00:00,1245.6000000000001
2023-01-24 18:00:00,1246.4000000000003
2023-01-24 19:00:00,1248.6000000000001
2023-01-24 20:00:00,1248.2000000000005
2023-01-24 21:00:00,1247.6000000000001
2023-01-24 23:00:00,1247.6000000000001
2023-01-25 14:30:00,1226.6000000000001
2023-01-25 15:00:00,1225.9000000000003
2023-01-25 16:00:00,1229.8000000000004
2023-01-25 17:00:00,1228.4000000000003
2023-01-25 18:00:00,1227.4000000000003
2023-01-25 19:00:00,1227.3000000000004
2023-01-25 20:00:00,1228.4000000000003
2023-01-25 21:00:00,1227.3000000000004
2023-01-25 23:00:00,1227.3000000000004
2023-01-26 14:30:00,1209.3000000000004
2023-01-26 15:00:00,1209.6000000000001
2023-01-26 16:00:00,1207.5000000000002
2023-01-26 17:00:00,1205.3000000000004
2023-01-26 18:00:00,1206.4000000000003
2023-01-26 19:00:00,1206.7000000000005
2023-01-26 20:00:00,1207.4000000000003
2023-01-26 21:00:00,1206.4000000000003
2023-01-26 23:00:00,1206.4000000000003
2023-01-27 14:30:00,1196.5000000000002
2023-01-27 15:00:00,1191.2
2023-01-27 16:00:00,1196.9000000000003
2023-01-27 17:00:00,1197.5000000000002
2023-01-27 18:00:00,1199.5000000000002
2023-01-27 19:00:00,1201.3000000000004
2023-01-27 20:00:00,1201.2
2023-01-27 21:00:00,1199.8000000000004
2023-01-27 23:00:00,1199.8000000000004
2023-01-30 14:30:00,1196.6000000000001
2023-01-30 15:00:00,1202.1000000000001
2023-01-30 16:00:00,1200.0000000000002
2023-01-30 17:00:00,1203.1000000000001
2023-01-30 18:00:00,1200.4000000000003
2023-01-30 19:00:00,1197.6000000000001
2023-01-30 20:00:00,1198.6000000000001
2023-01-30 21:00:00,1197.8000000000004
2023-01-30 23:00:00,1197.8000000000004
2023-01-31 14:30:00,1192.9000000000003
2023-01-31 15:00:00,1202.5000000000002
2023-01-31 16:00:00,1201.4000000000003
2023-01-31 17:00:00,1198.2
2023-01-31 18:00:00,1202.2
2023-01-31 19:00:00,1200.5000000000002
2023-01-31 20:00:00,1199.4000000000003
2023-01-31 21:00:00,1200.3000000000004
2023-01-31 23:00:00,1200.3000000000004
2023-02-01 14:30:00,1196.6000000000001
2023-02-01 15:00:00,1189.4000000000003
2023-02-01 16:00:00,1182.1000000000001
2023-02-01 17:00:00,1182.8
2023-02-01 18:00:00,1183.1000000000001
2023-02-01 19:00:00,1193.6000000000001
2023-02-01 20:00:00,1192.4000000000003
2023-02-01 21:00:00,1193.3000000000004
2023-02-01 23:00:00,1193.3000000000004
2023-02-02 14:30:00,1205.4000000000003
2023-02-02 15:00:00,1213.8000000000004
2023-02-02 16:00:00,1211.0000000000002
2023-02-02 17:00:00,1214.0000000000002
2023-02-02 18:00:00,1215.8000000000004
2023-02-02 19:00:00,1213.6000000000001
2023-02-02 20:00:00,1213.7000000000005
2023-02-02 21:00:00,1212.4000000000003
2023-02-02 23:00:00,1212.4000000000003
2023-02-03 14:30:00,1183.3
2023-02-03 15:00:00,1173.1000000000001
2023-02-03 16:00:00,1165.7
2023-02-03 17:00:00,1161.2
2023-02-03 18:00:00,1162.3
2023-02-03 19:00:00,1161.3
2023-02-03 20:00:00,1161.5000000000002
2023-02-03 21:00:00,1160.8
2023-02-03 23:00:00,1160.8
2023-02-06 14:30:00,1163.2
2023-02-06 15:00:00,1157.0000000000002
2023-02-06 16:00:00,1157.1000000000001
2023-02-06 17:00:00,1157.8
2023-02-06 18:00:00,1158.0000000000002
2023-02-06 19:00:00,1158.5000000000002
2023-02-06 20:00:00,1158.3
2023-02-06 21:00:00,1158.5000000000002
2023-02-06 23:00:00,1158.5000000000002
2023-02-07 14:30:00,1155.5000000000002
2023-02-07 15:00:00,1163.5000000000002
2023-02-07 16:00:00,1164.8
2023-02-07 17:00:00,1167.2
2023-02-07 18:00:00,1157.5000000000002
2023-02-07 19:00:00,1161.8
2023-02-07 20:00:00,1160.2
2023-02-07 21:00:00,1162.3
2023-02-07 23:00:00,1162.3
2023-02-08 14:30:00,1167.0000000000002
2023-02-08 15:00:00,1162.9000000000003
2023-02-08 16:00:00,1160.6000000000001
2023-02-08 17:00:00,1164.9000000000003
2023-02-08 18:00:00,1164.3
2023-02-08 19:00:00,1160.3
2023-02-08 20:00:00,1159.3
2023-02-08 21:00:00,1158.0000000000002
2023-02-08 23:00:00,1158.0000000000002
2023-02-09 14:30:00,1157.5000000000002
2023-02-09 15:00:00,1147.0000000000002
2023-02-09 16:00:00,1145.4
2023-02-09 17:00:00,1146.0000000000002
2023-02-09 18:00:00,1145.1000000000001
2023-02-09 19:00:00,1140.1
2023-02-09 20:00:00,1140.1
2023-02-09 21:00:00,1141.6
2023-02-09 23:00:00,1141.6
2023-02-10 14:30:00,1144.3
2023-02-10 15:00:00,1136.5
2023-02-10 16:00:00,1131.0
2023-02-10 17:00:00,1131.5
2023-02-10 18:00:00,1131.0
2023-02-10 19:00:00,1130.5
2023-02-10 20:00:00,1131.2
2023-02-10 21:00:00,1132.1
2023-02-10 23:00:00,1132.1
2023-02-13 14:30:00,1129.0
2023-02-13 15:00:00,1138.3000000000002
2023-02-13 16:00:00,1133.8000000000002
2023-02-13 17:00:00,1141.6
2023-02-13 18:00:00,1142.4
2023-02-13 19:00:00,1141.2
2023-02-13 20:00:00,1141.3000000000002
2023-02-13 21:00:00,1141.2
2023-02-13 23:00:00,1141.2
2023-02-14 14:30:00,1141.8000000000002
2023-02-14 15:00:00,1122.8000000000002
2023-02-14 16:00:00,1116.2
2023-02-14 17:00:00,1118.8000000000002
2023-02-14 18:00:00,1118.2
2023-02-14 19:00:00,1118.6
2023-02-14 20:00:00,1117.8000000000002
2023-02-14 21:00:00,1116.7
2023-02-14 23:00:00,1116.7
2023-02-15 14:30:00,1104.1
2023-02-15 15:00:00,1098.1
2023-02-15 16:00:00,1102.5
2023-02-15 17:00:00,1099.5
2023-02-15 18:00:00,1101.1
2023-02-15 19:00:00,1098.6
2023-02-15 20:00:00,1098.9
2023-02-15 21:00:00,1099.2
2023-02-15 23:00:00,1099.2
2023-02-16 14:30:00,1095.9
2023-02-16 15:00:00,1106.3000000000002
2023-02-16 16:00:00,1112.1
2023-02-16 17:00:00,1109.2
2023-02-16 18:00:00,1111.0
2023-02-16 19:00:00,1109.3000000000002
2023-02-16 20:00:00,1108.4
2023-02-16 21:00:00,1103.6
2023-02-16 23:00:00,1103.6
2023-02-17 14:30:00,1094.3000000000002
2023-02-17 15:00:00,1100.3000000000002
2023-02-17 16:00:00,1101.9
2023-02-17 17:00:00,1100.3000000000002
2023-02-17 18:00:00,1101.8000000000002
2023-02-17 19:00:00,1103.0
2023-02-17 20:00:00,1103.1
2023-02-17 21:00:00,1101.6
2023-02-17 23:00:00,1101.6
2023-02-21 14:30:00,1115.0
2023-02-21 15:00:00,1124.2
2023-02-21 16:00:00,1125.1
2023-02-21 17:00:00,1129.6
2023-02-21 18:00:00,1126.2
2023-02-21 19:00:00,1127.3000000000002
2023-02-21 20:00:00,1127.2
2023-02-21 21:00:00,1125.8000000000002
2023-02-21 23:00:00,1125.8000000000002
2023-02-22 14:30:00,1137.0
2023-02-22 15:00:00,1137.5
2023-02-22 16:00:00,1131.2
2023-02-22 17:00:00,1134.1
2023-02-22 18:00:00,1133.6
2023-02-22 19:00:00,1126.9
2023-02-22 20:00:00,1128.9
2023-02-22 21:00:00,1132.0
2023-02-22 23:00:00,1132.0
2023-02-23 14:30:00,1137.1
2023-02-23 15:00:00,1124.8000000000002
2023-02-23 16:00:00,1122.8000000000002
2023-02-23 17:00:00,1126.5
2023-02-23 18:00:00,1127.7
2023-02-23 19:00:00,1127.7
2023-02-23 20:00:00,1128.8000000000002
2023-02-23 21:00:00,1128.9
2023-02-23 23:00:00,1128.9
2023-02-24 14:30:00,1096.9
2023-02-24 15:00:00,1090.4
2023-02-24 16:00:00,1094.8000000000002
2023-02-24 17:00:00,1087.4
2023-02-24 18:00:00,1089.0
2023-02-24 19:00:00,1089.4
2023-02-24 20:00:00,1090.5
2023-02-24 21:00:00,1090.2
2023-02-24 23:00:00,1090.2
2023-02-27 14:30:00,1124.4
2023-02-27 15:00:00,1117.1
2023-02-27 16:00:00,1123.6
2023-02-27 17:00:00,1123.3000000000002
2023-02-27 18:00:00,1123.3000000000002
2023-02-27 19:00:00,1122.4
2023-02-27 20:00:00,1121.6
2023-02-27 21:00:00,1122.2
2023-02-27 23:00:00,1122.2
2023-02-28 14:30:00,1129.8000000000002
2023-02-28 15:00:00,1128.6
2023-02-28 16:00:00,1138.2
2023-02-28 17:00:00,1141.8000000000002
2023-02-28 18:00:00,1138.4
2023-02-28 19:00:00,1137.9
2023-02-28 20:00:00,1136.9
2023-02-28 21:00:00,1135.8000000000002
2023-02-28 23:00:00,1135.8000000000002
2023-03-01 14:30:00,1147.1000000000001
2023-03-01 15:00:00,1148.9
2023-03-01 16:00:00,1142.6
2023-03-01 17:00:00,1141.5
2023-03-01 18:00:00,1139.9
2023-03-01 19:00:00,1140.3000000000002
2023-03-01 20:00:00,1142.4
2023-03-01 21:00:00,1140.9
2023-03-01 23:00:00,1140.9
2023-03-02 14:30:00,1141.1
2023-03-02 15:00:00,1146.7
2023-03-02 16:00:00,1144.9
2023-03-02 17:00:00,1144.9
2023-03-02 18:00:00,1147.0000000000002
2023-03-02 19:00:00,1147.1000000000001
2023-03-02 20:00:00,1147.7
2023-03-02 21:00:00,1145.7
2023-03-02 23:00:00,1145.7
2023-03-03 14:30:00,1150.0000000000002
2023-03-03 15:00:00,1153.7
2023-03-03 16:00:00,1158.7
2023-03-03 17:00:00,1160.4000000000003
2023-03-03 18:00:00,1161.1000000000001
2023-03-03 19:00:00,1164.2
2023-03-03 20:00:00,1165.2
2023-03-03 21:00:00,1164.7
2023-03-03 23:00:00,1164.7
2023-03-06 14:30:00,1155.2
2023-03-06 15:00:00,1156.2
2023-03-06 16:00:00,1160.5000000000002
2023-03-06 17:00:00,1159.2
2023-03-06 18:00:00,1160.1000000000001
2023-03-06 19:00:00,1160.1000000000001
2023-03-06 20:00:00,1161.2
2023-03-06 21:00:00,1161.3
2023-03-06 23:00:00,1161.3
2023-03-07 14:30:00,1135.8000000000002
2023-03-07 15:00:00,1113.1
2023-03-07 16:00:00,1117.3000000000002
2023-03-07 17:00:00,1116.7
2023-03-07 18:00:00,1113.3000000000002
2023-03-07 19:00:00,1114.1
2023-03-07 20:00:00,1115.0
2023-03-07 21:00:00,1115.2
2023-03-07 23:00:00,1115.2
2023-03-08 14:30:00,1124.5
2023-03-08 15:00:00,1126.6
2023-03-08 16:00:00,1125.1
2023-03-08 17:00:00,1122.9
2023-03-08 18:00:00,1121.7
2023-03-08 19:00:00,1122.8000000000002
2023-03-08 20:00:00,1121.9
2023-03-08 21:00:00,1120.4
2023-03-08 23:00:00,1120.4
2023-03-09 14:30:00,1139.1
2023-03-09 15:00:00,1129.1
2023-03-09 16:00:00,1124.5
2023-03-09 17:00:00,1131.3000000000002
2023-03-09 18:00:00,1130.1
2023-03-09 19:00:00,1126.2
2023-03-09 20:00:00,1124.7
2023-03-09 21:00:00,1127.5
2023-03-09 23:00:00,1127.5
2023-03-10 14:30:00,1134.7
2023-03-10 15:00:00,1151.1000000000001
2023-03-10 16:00:00,1139.0
2023-03-10 17:00:00,1142.1
2023-03-10 18:00:00,1138.6
2023-03-10 19:00:00,1140.4
2023-03-10 20:00:00,1142.7
2023-03-10 21:00:00,1144.0000000000002
2023-03-10 23:00:00,1144.0000000000002
2023-03-13 13:30:00,1178.2
2023-03-13 14:00:00,1182.8
2023-03-13 15:00:00,1182.4000000000003
2023-03-13 16:00:00,1187.3000000000004
2023-03-13 17:00:00,1187.9000000000003
2023-03-13 18:00:00,1191.5000000000002
2023-03-13 19:00:00,1188.8000000000004
2023-03-13 20:00:00,1188.7
2023-03-13 23:00:00,1188.3000000000004
2023-03-14 13:30:00,1169.4000000000003
2023-03-14 14:00:00,1172.4000000000003
2023-03-14 15:00:00,1175.1000000000001
2023-03-14 16:00:00,1177.3
2023-03-14 17:00:00,1173.5000000000002
2023-03-14 18:00:00,1173.1000000000001
2023-03-14 19:00:00,1171.4000000000003
2023-03-14 20:00:00,1171.0000000000002
2023-03-14 23:00:00,1171.7
2023-03-15 13:30:00,1143.5000000000002
2023-03-15 14:00:00,1148.6000000000001
2023-03-15 15:00:00,1150.3
2023-03-15 16:00:00,1145.4
2023-03-15 17:00:00,1144.9
2023-03-15 18:00:00,1145.3
2023-03-15 19:00:00,1145.6000000000001
2023-03-15 20:00:00,1146.3
2023-03-15 23:00:00,1147.8
2023-03-16 13:30:00,1149.9
2023-03-16 14:00:00,1155.1000000000001
2023-03-16 15:00:00,1161.9000000000003
2023-03-16 16:00:00,1159.3
2023-03-16 17:00:00,1159.8
2023-03-16 18:00:00,1163.2
2023-03-16 19:00:00,1161.8
2023-03-16 20:00:00,1160.9000000000003
2023-03-16 23:00:00,1160.8
2023-03-17 13:30:00,1167.3
2023-03-17 14:00:00,1152.9000000000003
2023-03-17 15:00:00,1155.3
2023-03-17 16:00:00,1160.0000000000002
2023-03-17 17:00:00,1161.1000000000001
2023-03-17 18:00:00,1161.7
2023-03-17 19:00:00,1157.9000000000003
2023-03-17 20:00:00,1159.1000000000001
2023-03-17 23:00:00,1161.7
2023-03-20 13:30:00,1171.5000000000002
2023-03-20 14:00:00,1169.4000000000003
2023-03-20 15:00:00,1174.8
2023-03-20 16:00:00,1178.5000000000002
2023-03-20 17:00:00,1174.4000000000003
2023-03-20 18:00:00,1177.7
2023-03-20 19:00:00,1175.8
2023-03-20 20:00:00,1176.8
2023-03-20 23:00:00,1178.2
2023-03-21 13:30:00,1170.0000000000002
2023-03-21 14:00:00,1165.0000000000002
2023-03-21 15:00:00,1158.2
2023-03-21 16:00:00,1154.6000000000001
2023-03-21 17:00:00,1155.7
2023-03-21 18:00:00,1158.5000000000002
2023-03-21 19:00:00,1158.9000000000003
2023-03-21 20:00:00,1159.0000000000002
2023-03-21 23:00:00,1157.9000000000003
2023-03-22 13:30:00,1173.1000000000001
2023-03-22 14:00:00,1174.1000000000001
2023-03-22 15:00:00,1165.1000000000001
2023-03-22 16:00:00,1171.8
2023-03-22 17:00:00,1170.0000000000002
2023-03-22 18:00:00,1174.1000000000001
2023-03-22 19:00:00,1171.2
2023-03-22 20:00:00,1171.0000000000002
2023-03-22 23:00:00,1171.5000000000002
2023-03-23 13:30:00,1175.0000000000002
2023-03-23 14:00:00,1170.8
2023-03-23 15:00:00,1170.3
2023-03-23 16:00:00,1173.3
2023-03-23 17:00:00,1171.6000000000001
2023-03-23 18:00:00,1168.2
2023-03-23 19:00:00,1172.4000000000003
2023-03-23 20:00:00,1172.2
2023-03-23 23:00:00,1173.1000000000001
2023-03-24 13:30:00,1160.0000000000002
2023-03-24 14:00:00,1159.7
2023-03-24 15:00:00,1164.6000000000001
2023-03-24 16:00:00,1167.2
2023-03-24 17:00:00,1161.9000000000003
2023-03-24 18:00:00,1164.2
2023-03-24 19:00:00,1164.9000000000003
2023-03-24 20:00:00,1166.2
2023-03-24 20:00:01,1166.2
2023-03-24 23:00:00,1167.3
2023-03-27 14:30:00,1158.8
2023-03-27 15:00:00,1156.3999999999999
2023-03-27 16:00:00,1160.6000000000001
2023-03-27 17:00:00,1157.3
2023-03-27 18:00:00,1156.5000000000002
2023-03-27 19:00:00,1160.8999999999999
2023-03-27 20:00:00,1160.3
2023-03-27 21:00:00,1160.6000000000001
2023-03-27 23:00:00,1160.6000000000001
2023-03-28 14:30:00,1144.8
2023-03-28 15:00:00,1148.8999999999999
2023-03-28 16:00:00,1148.0
2023-03-28 17:00:00,1150.2
2023-03-28 18:00:00,1147.6000000000001
2023-03-28 19:00:00,1148.1000000000001
2023-03-28 20:00:00,1149.2
2023-03-28 21:00:00,1147.8999999999999
2023-03-28 23:00:00,1147.8999999999999
2023-03-29 14:30:00,1143.1000000000001
2023-03-29 15:00:00,1151.0
2023-03-29 16:00:00,1151.3999999999999
2023-03-29 17:00:00,1153.3
2023-03-29 18:00:00,1153.1000000000001
2023-03-29 19:00:00,1152.5
2023-03-29 20:00:00,1152.2
2023-03-29 21:00:00,1151.1000000000001
2023-03-29 23:00:00,1151.1000000000001
2023-03-30 14:30:00,1162.8
2023-03-30 15:00:00,1168.7
2023-03-30 16:00:00,1166.8999999999999
2023-03-30 17:00:00,1169.1000000000001
2023-03-30 18:00:00,1171.3999999999999
2023-03-30 19:00:00,1171.3
2023-03-30 20:00:00,1170.7
2023-03-30 21:00:00,1170.8999999999999
2023-03-30 23:00:00,1170.8999999999999
2023-03-31 14:30:00,1170.1000000000001
2023-03-31 15:00:00,1174.1000000000001
2023-03-31 16:00:00,1177.0000000000002
2023-03-31 17:00:00,1176.1000000000001
2023-03-31 18:00:00,1173.7
2023-03-31 19:00:00,1175.6000000000001
2023-03-31 20:00:00,1175.0000000000002
2023-03-31 21:00:00,1174.3999999999999
2023-03-31 23:00:00,1174.3999999999999
2023-04-03 14:30:00,1168.1000000000001
2023-04-03 15:00:00,1174.8
2023-04-03 16:00:00,1172.8
2023-04-03 17:00:00,1166.6000000000001
2023-04-03 18:00:00,1171.1000000000001
2023-04-03 19:00:00,1171.0000000000002
2023-04-03 20:00:00,1172.1000000000001
2023-04-03 21:00:00,1173.0000000000002
2023-04-03 23:00:00,1173.0000000000002
2023-04-04 14:30:00,1181.8999999999999
2023-04-04 15:00:00,1196.7
2023-04-04 16:00:00,1201.3000000000004
2023-04-04 17:00:00,1204.2
2023-04-04 18:00:00,1203.1000000000001
2023-04-04 19:00:00,1204.4000000000003
2023-04-04 20:00:00,1203.4000000000003
2023-04-04 21:00:00,1203.6000000000001
2023-04-04 23:00:00,1203.6000000000001
2023-04-05 14:30:00,1200.2
2023-04-05 15:00:00,1177.8999999999999
2023-04-05 16:00:00,1183.6000000000001
2023-04-05 17:00:00,1179.7
2023-04-05 18:00:00,1182.3
2023-04-05 19:00:00,1183.3999999999999
2023-04-05 20:00:00,1182.5000000000002
2023-04-05 21:00:00,1182.8
2023-04-05 23:00:00,1182.8
2023-04-06 14:30:00,1183.0000000000002
2023-04-06 15:00:00,1184.7
2023-04-06 16:00:00,1188.8000000000004
2023-04-06 17:00:00,1192.9000000000003
2023-04-06 18:00:00,1192.5000000000002
2023-04-06 19:00:00,1190.9000000000003
2023-04-06 20:00:00,1190.5000000000002
2023-04-06 21:00:00,1191.1000000000001
2023-04-06 23:00:00,1191.1000000000001
2023-04-10 14:30:00,1179.8
2023-04-10 15:00:00,1172.8
2023-04-10 16:00:00,1173.2
2023-04-10 17:00:00,1178.3
2023-04-10 18:00:00,1177.1000000000001
2023-04-10 19:00:00,1177.3999999999999
2023-04-10 20:00:00,1177.2
2023-04-10 21:00:00,1177.6000000000001
2023-04-10 23:00:00,1177.6000000000001
2023-04-11 14:30:00,1184.1000000000001
2023-04-11 15:00:00,1178.3
2023-04-11 16:00:00,1184.2
2023-04-11 17:00:00,1180.8
2023-04-11 18:00:00,1181.2
2023-04-11 19:00:00,1181.2
2023-04-11 20:00:00,1179.2
2023-04-11 21:00:00,1179.1000000000001
2023-04-11 23:00:00,1179.1000000000001
2023-04-12 14:30:00,1198.6000000000001
2023-04-12 15:00:00,1194.4000000000003
2023-04-12 16:00:00,1199.5000000000002
2023-04-12 17:00:00,1202.3000000000004
2023-04-12 18:00:00,1203.7
2023-04-12 19:00:00,1205.3000000000004
2023-04-12 20:00:00,1204.8000000000004
2023-04-12 21:00:00,1202.5000000000002
2023-04-12 23:00:00,1202.5000000000002
2023-04-13 14:30:00,1228.7
2023-04-13 15:00:00,1230.7
2023-04-13 16:00:00,1233.2
2023-04-13 17:00:00,1237.4000000000003
2023-04-13 18:00:00,1240.6000000000001
2023-04-13 19:00:00,1237.1000000000001
2023-04-13 20:00:00,1237.1000000000001
2023-04-13 21:00:00,1237.4000000000003
2023-04-13 23:00:00,1237.4000000000003
2023-04-14 14:30:00,1236.9000000000003
2023-04-14 15:00:00,1224.4000000000003
2023-04-14 16:00:00,1226.7
2023-04-14 17:00:00,1227.8000000000004
2023-04-14 18:00:00,1228.6000000000001
2023-04-14 19:00:00,1230.8000000000004
2023-04-14 20:00:00,1230.4000000000003
2023-04-14 21:00:00,1232.6000000000001
2023-04-14 23:00:00,1232.6000000000001
2023-04-17 14:30:00,1237.3000000000004
2023-04-17 15:00:00,1233.1000000000001
2023-04-17 16:00:00,1235.8000000000004
2023-04-17 17:00:00,1233.6000000000001
2023-04-17 18:00:00,1235.7
2023-04-17 19:00:00,1236.2
2023-04-17 20:00:00,1236.3000000000004
2023-04-17 21:00:00,1235.6000000000001
2023-04-17 23:00:00,1235.6000000000001
2023-04-18 14:30:00,1261.9000000000003
2023-04-18 15:00:00,1272.3000000000004
2023-04-18 16:00:00,1271.1000000000001
2023-04-18 17:00:00,1271.1000000000001
2023-04-18 18:00:00,1266.9000000000003
2023-04-18 19:00:00,1268.6000000000001
2023-04-18 20:00:00,1268.4000000000003
2023-04-18 21:00:00,1267.6000000000001
2023-04-18 23:00:00,1267.6000000000001
2023-04-19 14:30:00,1269.1000000000001
2023-04-19 15:00:00,1281.3000000000004
2023-04-19 16:00:00,1273.6000000000001
2023-04-19 17:00:00,1280.7
2023-04-19 18:00:00,1279.3000000000004
2023-04-19 19:00:00,1279.5000000000002
2023-04-19 20:00:00,1279.3000000000004
2023-04-19 21:00:00,1277.6000000000001
2023-04-19 23:00:00,1277.6000000000001
2023-04-20 14:30:00,1282.2
2023-04-20 15:00:00,1282.3000000000004
2023-04-20 16:00:00,1280.8000000000004
2023-04-20 17:00:00,1282.3000000000004
2023-04-20 18:00:00,1284.5000000000002
2023-04-20 19:00:00,1283.3000000000004
2023-04-20 20:00:00,1282.6000000000001
2023-04-20 21:00:00,1284.0000000000002
2023-04-20 23:00:00,1284.0000000000002
2023-04-21 14:30:00,1309.3000000000004
2023-04-21 15:00:00,1311.4000000000003
2023-04-21 16:00:00,1310.3000000000004
2023-04-21 17:00:00,1311.4000000000003
2023-04-21 18:00:00,1314.5000000000002
2023-04-21 19:00:00,1313.9000000000003
2023-04-21 20:00:00,1313.8000000000004
2023-04-21 21:00:00,1315.4000000000003
2023-04-21 23:00:00,1315.4000000000003
2023-04-24 14:30:00,1277.7
2023-04-24 15:00:00,1280.0000000000002
2023-04-24 16:00:00,1271.7
2023-04-24 17:00:00,1273.8000000000004
2023-04-24 18:00:00,1274.8000000000004
2023-04-24 19:00:00,1274.6000000000001
2023-04-24 20:00:00,1274.2
2023-04-24 21:00:00,1274.0000000000002
2023-04-24 23:00:00,1274.0000000000002
2023-04-25 14:30:00,1264.9000000000003
2023-04-25 15:00:00,1267.4000000000003
2023-04-25 16:00:00,1270.5000000000002
2023-04-25 17:00:00,1270.0000000000002
2023-04-25 18:00:00,1277.7
2023-04-25 19:00:00,1277.5000000000002
2023-04-25 20:00:00,1277.6000000000001
2023-04-25 21:00:00,1278.5000000000002
2023-04-25 23:00:00,1278.5000000000002
2023-04-26 14:30:00,1282.2
2023-04-26 15:00:00,1286.2
2023-04-26 16:00:00,1281.5000000000002
2023-04-26 17:00:00,1278.6000000000001
2023-04-26 18:00:00,1278.0000000000002
2023-04-26 19:00:00,1276.8000000000004
2023-04-26 20:00:00,1276.6000000000001
2023-04-26 21:00:00,1276.7
2023-04-26 23:00:00,1276.7
2023-04-27 14:30:00,1267.0000000000002
2023-04-27 15:00:00,1265.2
2023-04-27 16:00:00,1261.7
2023-04-27 17:00:00,1268.0000000000002
2023-04-27 18:00:00,1268.8000000000004
2023-04-27 19:00:00,1269.2
2023-04-27 20:00:00,1268.8000000000004
2023-04-27 21:00:00,1268.8000000000004
2023-04-27 23:00:00,1268.8000000000004
2023-04-28 14:30:00,1256.2
2023-04-28 15:00:00,1260.4000000000003
2023-04-28 16:00:00,1262.0000000000002
2023-04-28 17:00:00,1264.9000000000003
2023-04-28 18:00:00,1264.3000000000004
2023-04-28 19:00:00,1262.4000000000003
2023-04-28 20:00:00,1261.3000000000004
2023-04-28 21:00:00,1262.6000000000001
2023-04-28 23:00:00,1262.6000000000001
2023-05-01 14:30:00,1266.5000000000002
2023-05-01 15:00:00,1255.5000000000002
2023-05-01 16:00:00,1246.7
2023-05-01 17:00:00,1240.0000000000002
2023-05-01 18:00:00,1238.7
2023-05-01 19:00:00,1237.4000000000003
2023-05-01 20:00:00,1237.5000000000002
2023-05-01 21:00:00,1239.6000000000001
2023-05-01 23:00:00,1239.6000000000001
2023-05-02 14:30:00,1227.8000000000004
2023-05-02 15:00:00,1244.2
2023-05-02 16:00:00,1247.3000000000004
2023-05-02 17:00:00,1249.5000000000002
2023-05-02 18:00:00,1248.0000000000002
2023-05-02 19:00:00,1247.6000000000001
2023-05-02 20:00:00,1247.4000000000003
2023-05-02 21:00:00,1249.6000000000001
2023-05-02 23:00:00,1249.6000000000001
2023-05-03 14:30:00,1240.8000000000004
2023-05-03 15:00:00,1244.1000000000001
2023-05-03 16:00:00,1233.1000000000001
2023-05-03 17:00:00,1233.3000000000004
2023-05-03 18:00:00,1237.6000000000001
2023-05-03 19:00:00,1238.6000000000001
2023-05-03 20:00:00,1234.8000000000004
2023-05-03 21:00:00,1240.5000000000002
2023-05-03 23:00:00,1240.5000000000002
2023-05-04 14:30:00,1235.0000000000002
2023-05-04 15:00:00,1224.1000000000001
2023-05-04 16:00:00,1224.4000000000003
2023-05-04 17:00:00,1223.9000000000003
2023-05-04 18:00:00,1225.4000000000003
2023-05-04 19:00:00,1226.4000000000003
2023-05-04 20:00:00,1227.1000000000001
2023-05-04 21:00:00,1228.5000000000002
2023-05-04 23:00:00,1228.5000000000002
2023-05-05 14:30:00,1231.2
2023-05-05 15:00:00,1229.5000000000002
2023-05-05 16:00:00,1241.8000000000004
2023-05-05 17:00:00,1240.6000000000001
2023-05-05 18:00:00,1240.4000000000003
2023-05-05 19:00:00,1241.4000000000003
2023-05-05 20:00:00,1241.6000000000001
2023-05-05 21:00:00,1242.8000000000004
2023-05-05 23:00:00,1242.8000000000004
2023-05-08 14:30:00,1268.4000000000003
2023-05-08 15:00:00,1268.9000000000003
2023-05-08 16:00:00,1262.6000000000001
2023-05-08 17:00:00,1260.4000000000003
2023-05-08 18:00:00,1260.4000000000003
2023-05-08 19:00:00,1258.4000000000003
2023-05-08 20:00:00,1258.1000000000001
2023-05-08 21:00:00,1257.3000000000004
2023-05-08 23:00:00,1257.3000000000004
2023-05-09 14:30:00,1269.7
2023-05-09 15:00:00,1271.7
2023-05-09 16:00:00,1282.3000000000004
2023-05-09 17:00:00,1289.6000000000001
2023-05-09 18:00:00,1289.6000000000001
2023-05-09 19:00:00,1287.8000000000004
2023-05-09 20:00:00,1287.7
2023-05-09 21:00:00,1289.4000000000003
2023-05-09 23:00:00,1289.4000000000003
2023-05-10 14:30:00,1294.9000000000003
2023-05-10 15:00:00,1288.1000000000001
2023-05-10 16:00:00,1293.3000000000004
2023-05-10 17:00:00,1294.3000000000004
2023-05-10 18:00:00,1294.0000000000002
2023-05-10 19:00:00,1299.7
2023-05-10 20:00:00,1299.3000000000004
2023-05-10 21:00:00,1299.8000000000004
2023-05-10 23:00:00,1299.8000000000004
2023-05-11 14:30:00,1275.7
2023-05-11 15:00:00,1281.5000000000002
2023-05-11 16:00:00,1272.8000000000004
2023-05-11 17:00:00,1275.1000000000001
2023-05-11 18:00:00,1277.5000000000002
2023-05-11 19:00:00,1276.1000000000001
2023-05-11 20:00:00,1276.9000000000003
2023-05-11 21:00:00,1278.1000000000001
2023-05-11 23:00:00,1278.1000000000001
2023-05-12 14:30:00,1261.5000000000002
2023-05-12 15:00:00,1249.3000000000004
2023-05-12 16:00:00,1246.0000000000002
2023-05-12 17:00:00,1240.4000000000003
2023-05-12 18:00:00,1237.3000000000004
2023-05-12 19:00:00,1235.7
2023-05-12 20:00:00,1235.3000000000004
2023-05-12 21:00:00,1232.2
2023-05-12 23:00:00,1232.2
2023-05-15 14:30:00,1243.9000000000003
2023-05-15 15:00:00,1243.7
2023-05-15 16:00:00,1250.1000000000001
2023-05-15 17:00:00,1248.7
2023-05-15 18:00:00,1248.5000000000002
2023-05-15 19:00:00,1245.8000000000004
2023-05-15 20:00:00,1246.9000000000003
2023-05-15 21:00:00,1244.6000000000001
2023-05-15 23:00:00,1244.6000000000001
2023-05-16 14:30:00,1250.3000000000004
2023-05-16 15:00:00,1242.3000000000004
2023-05-16 16:00:00,1243.4000000000003
2023-05-16 17:00:00,1240.1000000000001
2023-05-16 18:00:00,1241.5000000000002
2023-05-16 19:00:00,1243.7
2023-05-16 20:00:00,1243.5000000000002
2023-05-16 21:00:00,1242.1000000000001
2023-05-16 23:00:00,1242.1000000000001
2023-05-17 14:30:00,1253.5000000000002
2023-05-17 15:00:00,1255.3000000000004
2023-05-17 16:00:00,1257.3000000000004
2023-05-17 17:00:00,1255.7
2023-05-17 18:00:00,1254.1000000000001
2023-05-17 19:00:00,1254.4000000000003
2023-05-17 20:00:00,1254.7
2023-05-17 21:00:00,1253.2
2023-05-17 23:00:00,1253.2
2023-05-18 14:30:00,1244.6000000000001
2023-05-18 15:00:00,1244.7
2023-05-18 16:00:00,1241.4000000000003
2023-05-18 17:00:00,1231.7
2023-05-18 18:00:00,1231.5000000000002
2023-05-18 19:00:00,1232.0000000000002
2023-05-18 20:00:00,1232.6000000000001
2023-05-18 21:00:00,1234.0000000000002
2023-05-18 23:00:00,1234.0000000000002
2023-05-19 14:30:00,1244.6000000000001
2023-05-19 15:00:00,1240.0000000000002
2023-05-19 16:00:00,1248.9000000000003
2023-05-19 17:00:00,1251.0000000000002
2023-05-19 18:00:00,1249.2
2023-05-19 19:00:00,1246.5000000000002
2023-05-19 20:00:00,1245.5000000000002
2023-05-19 21:00:00,1245.8000000000004
2023-05-19 23:00:00,1245.8000000000004
2023-05-22 14:30:00,1257.7
2023-05-22 15:00:00,1253.6000000000001
2023-05-22 16:00:00,1252.5000000000002
2023-05-22 17:00:00,1250.2
2023-05-22 18:00:00,1253.0000000000002
2023-05-22 19:00:00,1252.8000000000004
2023-05-22 20:00:00,1252.6000000000001
2023-05-22 21:00:00,1250.6000000000001
2023-05-22 23:00:00,1250.6000000000001
2023-05-23 14:30:00,1242.3000000000004
2023-05-23 15:00:00,1241.2
2023-05-23 16:00:00,1236.2
2023-05-23 17:00:00,1232.1000000000001
2023-05-23 18:00:00,1233.4000000000003
2023-05-23 19:00:00,1233.1000000000001
2023-05-23 20:00:00,1233.4000000000003
2023-05-23 21:00:00,1233.3000000000004
2023-05-23 23:00:00,1233.3000000000004
2023-05-24 14:30:00,1215.8000000000004
2023-05-24 15:00:00,1206.6000000000001
2023-05-24 16:00:00,1206.6000000000001
2023-05-24 17:00:00,1203.2
2023-05-24 18:00:00,1205.6000000000001
2023-05-24 19:00:00,1203.5000000000002
2023-05-24 20:00:00,1203.1000000000001
2023-05-24 21:00:00,1204.8000000000004
2023-05-24 23:00:00,1204.8000000000004
2023-05-25 14:30:00,1198.0000000000002
2023-05-25 15:00:00,1204.8000000000004
2023-05-25 16:00:00,1205.1000000000001
2023-05-25 17:00:00,1202.1000000000001
2023-05-25 18:00:00,1203.0000000000002
2023-05-25 19:00:00,1200.8000000000004
2023-05-25 20:00:00,1201.1000000000001
2023-05-25 21:00:00,1201.1000000000001
2023-05-25 23:00:00,1201.1000000000001
2023-05-26 14:30:00,1205.6000000000001
2023-05-26 15:00:00,1203.7
2023-05-26 16:00:00,1206.1000000000001
2023-05-26 17:00:00,1202.3000000000004
2023-05-26 18:00:00,1202.8000000000004
2023-05-26 19:00:00,1203.6000000000001
2023-05-26 20:00:00,1203.5000000000002
2023-05-26 21:00:00,1203.2
2023-05-26 23:00:00,1203.2
2023-05-30 14:30:00,1205.3000000000004
2023-05-30 15:00:00,1197.5000000000002
2023-05-30 16:00:00,1199.6000000000001
2023-05-30 17:00:00,1198.5000000000002
2023-05-30 18:00:00,1197.1000000000001
2023-05-30 19:00:00,1199.4000000000003
2023-05-30 20:00:00,1199.3000000000004
2023-05-30 21:00:00,1200.1000000000001
2023-05-30 23:00:00,1200.1000000000001
2023-05-31 14:30:00,1182.2
2023-05-31 15:00:00,1179.2
2023-05-31 16:00:00,1176.6000000000001
2023-05-31 17:00:00,1172.8
2023-05-31 18:00:00,1176.3
2023-05-31 19:00:00,1175.8
2023-05-31 20:00:00,1175.5000000000002
2023-05-31 21:00:00,1172.6000000000001
2023-05-31 23:00:00,1172.6000000000001
2023-06-01 14:30:00,1177.8
2023-06-01 15:00:00,1185.0000000000002
2023-06-01 16:00:00,1188.2
2023-06-01 17:00:00,1187.1000000000001
2023-06-01 18:00:00,1184.3
2023-06-01 19:00:00,1182.1000000000001
2023-06-01 20:00:00,1183.0000000000002
2023-06-01 21:00:00,1184.1000000000001
2023-06-01 23:00:00,1184.1000000000001
2023-06-02 14:30:00,1183.3999999999999
2023-06-02 15:00:00,1183.6000000000001
2023-06-02 16:00:00,1183.0000000000002
2023-06-02 17:00:00,1176.5000000000002
2023-06-02 18:00:00,1178.1000000000001
2023-06-02 19:00:00,1179.7
2023-06-02 20:00:00,1180.3
2023-06-02 21:00:00,1182.8
2023-06-02 23:00:00,1182.8
2023-06-05 14:30:00,1203.0000000000002
2023-06-05 15:00:00,1207.8000000000004
2023-06-05 16:00:00,1216.1000000000001
2023-06-05 17:00:00,1211.7
2023-06-05 18:00:00,1211.1000000000001
2023-06-05 19:00:00,1209.3000000000004
2023-06-05 20:00:00,1208.7
2023-06-05 21:00:00,1210.0000000000002
2023-06-05 23:00:00,1210.0000000000002
2023-06-06 14:30:00,1207.4000000000003
2023-06-06 15:00:00,1211.5000000000002
2023-06-06 16:00:00,1211.9000000000003
2023-06-06 17:00:00,1211.5000000000002
2023-06-06 18:00:00,1213.4000000000003
2023-06-06 19:00:00,1214.0000000000002
2023-06-06 20:00:00,1213.8000000000004
2023-06-06 21:00:00,1213.4000000000003
2023-06-06 23:00:00,1213.4000000000003
2023-06-07 14:30:00,1225.4000000000003
2023-06-07 15:00:00,1210.1000000000001
2023-06-07 16:00:00,1200.2
2023-06-07 17:00:00,1198.9000000000003
2023-06-07 18:00:00,1199.7
2023-06-07 19:00:00,1199.1000000000001
2023-06-07 20:00:00,1199.1000000000001
2023-06-07 21:00:00,1198.8000000000004
2023-06-07 23:00:00,1198.8000000000004
2023-06-08 14:30:00,1193.2
2023-06-08 15:00:00,1193.8000000000004
2023-06-08 16:00:00,1187.4000000000003
2023-06-08 17:00:00,1189.2
2023-06-08 18:00:00,1189.7
2023-06-08 19:00:00,1188.8000000000004
2023-06-08 20:00:00,1188.3000000000004
2023-06-08 21:00:00,1189.5000000000002
2023-06-08 23:00:00,1189.5000000000002
2023-06-09 14:30:00,1181.6000000000001
2023-06-09 15:00:00,1186.5000000000002
2023-06-09 16:00:00,1188.0000000000002
2023-06-09 17:00:00,1186.7
2023-06-09 18:00:00,1190.0000000000002
2023-06-09 19:00:00,1187.7
2023-06-09 20:00:00,1188.0000000000002
2023-06-09 21:00:00,1187.3000000000004
2023-06-09 23:00:00,1187.3000000000004
2023-06-12 14:30:00,1173.8999999999999
2023-06-12 15:00:00,1170.8
2023-06-12 16:00:00,1168.8999999999999
2023-06-12 17:00:00,1169.3
2023-06-12 18:00:00,1169.2
2023-06-12 19:00:00,1169.8
2023-06-12 20:00:00,1170.5000000000002
2023-06-12 21:00:00,1170.7
2023-06-12 23:00:00,1170.7
2023-06-13 14:30:00,1165.2
2023-06-13 15:00:00,1159.5000000000002
2023-06-13 16:00:00,1156.2
2023-06-13 17:00:00,1156.7
2023-06-13 18:00:00,1154.8999999999999
2023-06-13 19:00:00,1153.3
2023-06-13 20:00:00,1154.0000000000002
2023-06-13 21:00:00,1155.8999999999999
2023-06-13 23:00:00,1155.8999999999999
2023-06-14 14:30:00,1152.3
2023-06-14 15:00:00,1153.2
2023-06-14 16:00:00,1152.3999999999999
2023-06-14 17:00:00,1156.7
2023-06-14 18:00:00,1152.8
2023-06-14 19:00:00,1153.3999999999999
2023-06-14 20:00:00,1153.5000000000002
2023-06-14 21:00:00,1157.0000000000002
2023-06-14 23:00:00,1157.0000000000002
2023-06-15 14:30:00,1162.8999999999999
2023-06-15 15:00:00,1161.3999999999999
2023-06-15 16:00:00,1166.3999999999999
2023-06-15 17:00:00,1166.6000000000001
2023-06-15 18:00:00,1167.1000000000001
2023-06-15 19:00:00,1168.5000000000002
2023-06-15 20:00:00,1169.0000000000002
2023-06-15 21:00:00,1168.3999999999999
2023-06-15 23:00:00,1168.3999999999999
2023-06-16 14:30:00,1160.1000000000001
2023-06-16 15:00:00,1158.6000000000001
2023-06-16 16:00:00,1155.8
2023-06-16 17:00:00,1161.3
2023-06-16 18:00:00,1161.2
2023-06-16 19:00:00,1161.1000000000001
2023-06-16 20:00:00,1160.6000000000001
2023-06-16 21:00:00,1161.5000000000002
2023-06-16 23:00:00,1161.5000000000002
2023-06-20 14:30:00,1138.1
2023-06-20 15:00:00,1136.1
2023-06-20 16:00:00,1138.2
2023-06-20 17:00:00,1142.5
2023-06-20 18:00:00,1141.5
2023-06-20 19:00:00,1141.2
2023-06-20 20:00:00,1140.8000000000002
2023-06-20 21:00:00,1139.8000000000002
2023-06-20 23:00:00,1139.8000000000002
2023-06-21 14:30:00,1125.3000000000002
2023-06-21 15:00:00,1128.9
2023-06-21 16:00:00,1123.2
2023-06-21 17:00:00,1122.1
2023-06-21 18:00:00,1123.7
2023-06-21 19:00:00,1123.7
2023-06-21 20:00:00,1122.8000000000002
2023-06-21 21:00:00,1120.8000000000002
2023-06-21 23:00:00,1120.8000000000002
2023-06-22 14:30:00,1110.8000000000002
2023-06-22 15:00:00,1106.9
2023-06-22 16:00:00,1103.2
2023-06-22 17:00:00,1101.9
2023-06-22 18:00:00,1100.9
2023-06-22 19:00:00,1100.8000000000002
2023-06-22 20:00:00,1099.1
2023-06-22 21:00:00,1098.7
2023-06-22 23:00:00,1098.7
2023-06-23 14:30:00,1098.1
2023-06-23 15:00:00,1104.1
2023-06-23 16:00:00,1098.2
2023-06-23 17:00:00,1098.2
2023-06-23 18:00:00,1095.9
2023-06-23 19:00:00,1094.9
2023-06-23 20:00:00,1094.9
2023-06-23 21:00:00,1094.7
2023-06-23 23:00:00,1094.7
2023-06-26 14:30:00,1103.2
2023-06-26 15:00:00,1103.2
2023-06-26 16:00:00,1108.1
2023-06-26 17:00:00,1101.7
2023-06-26 18:00:00,1105.0
2023-06-26 19:00:00,1103.1
2023-06-26 20:00:00,1103.5
2023-06-26 20:00:01,1103.5
2023-06-26 21:00:00,1104.0
2023-06-26 23:00:00,1104.0
2023-06-27 14:30:00,1098.8
2023-06-27 15:00:00,1097.3
2023-06-27 16:00:00,1099.4
2023-06-27 17:00:00,1103.7
2023-06-27 18:00:00,1102.3
2023-06-27 19:00:00,1104.0
2023-06-27 20:00:00,1103.9
2023-06-27 21:00:00,1102.9
2023-06-27 23:00:00,1102.9
2023-06-28 14:30:00,1085.6
2023-06-28 15:00:00,1082.1
2023-06-28 16:00:00,1093.1
2023-06-28 17:00:00,1094.2
2023-06-28 18:00:00,1091.8
2023-06-28 19:00:00,1092.4
2023-06-28 20:00:00,1091.2
2023-06-28 21:00:00,1091.2
2023-06-28 23:00:00,1091.2
2023-06-29 14:30:00,1071.8
2023-06-29 15:00:00,1070.4
2023-06-29 16:00:00,1075.5
2023-06-29 17:00:00,1078.3
2023-06-29 18:00:00,1075.4
2023-06-29 19:00:00,1074.6
2023-06-29 20:00:00,1074.1
2023-06-29 21:00:00,1074.5
2023-06-29 23:00:00,1074.5
2023-06-30 14:30:00,1070.9
2023-06-30 15:00:00,1077.8
2023-06-30 16:00:00,1083.7
2023-06-30 17:00:00,1083.9
2023-06-30 18:00:00,1079.6
2023-06-30 19:00:00,1080.8
2023-06-30 20:00:00,1080.5
2023-06-30 21:00:00,1080.2
2023-06-30 23:00:00,1080.2
2023-07-03 14:30:00,1091.2
2023-07-03 15:00:00,1089.0
2023-07-03 16:00:00,1087.7
2023-07-03 17:00:00,1085.7
2023-07-03 18:00:00,1086.7
2023-07-03 19:00:00,1088.2
2023-07-03 20:00:00,1088.7
2023-07-03 21:00:00,1088.6
2023-07-03 23:00:00,1088.6
2023-07-04 14:30:00,1093.8
2023-07-04 15:00:00,1096.0
2023-07-04 16:00:00,1099.4
2023-07-04 17:00:00,1094.2
2023-07-04 18:00:00,1093.2
2023-07-04 19:00:00,1093.6
2023-07-04 23:00:00,1093.6
2023-07-05 14:30:00,1093.5
2023-07-05 15:00:00,1089.5
2023-07-05 16:00:00,1092.8
2023-07-05 17:00:00,1095.9
2023-07-05 18:00:00,1095.5
2023-07-05 19:00:00,1093.5
2023-07-05 20:00:00,1094.9
2023-07-05 21:00:00,1093.8
2023-07-05 23:00:00,1093.8
2023-07-06 14:30:00,1076.1
2023-07-06 15:00:00,1073.5
2023-07-06 16:00:00,1077.5
2023-07-06 17:00:00,1080.4
2023-07-06 18:00:00,1079.5
2023-07-06 19:00:00,1079.6
2023-07-06 20:00:00,1078.3
2023-07-06 21:00:00,1079.1
2023-07-06 23:00:00,1079.1
2023-07-07 14:30:00,1088.0
2023-07-07 15:00:00,1093.2
2023-07-07 16:00:00,1087.5
2023-07-07 17:00:00,1088.8
2023-07-07 18:00:00,1088.6
2023-07-07 19:00:00,1089.3
2023-07-07 20:00:00,1089.0
2023-07-07 21:00:00,1086.7
2023-07-07 23:00:00,1086.7
2023-07-10 14:30:00,1095.5
2023-07-10 15:00:00,1099.2
2023-07-10 16:00:00,1102.4
2023-07-10 17:00:00,1104.7
2023-07-10 18:00:00,1105.9
2023-07-10 19:00:00,1105.9
2023-07-10 20:00:00,1105.6
2023-07-10 21:00:00,1104.7
2023-07-10 23:00:00,1104.7
2023-07-11 14:30:00,1103.0
2023-07-11 15:00:00,1101.7
2023-07-11 16:00:00,1102.0
2023-07-11 17:00:00,1102.9
2023-07-11 18:00:00,1102.5
2023-07-11 19:00:00,1103.0
2023-07-11 20:00:00,1102.5
2023-07-11 21:00:00,1101.9
2023-07-11 23:00:00,1101.9
2023-07-12 14:30:00,1130.4
2023-07-12 15:00:00,1131.2
2023-07-12 16:00:00,1127.1
2023-07-12 17:00:00,1126.0
2023-07-12 18:00:00,1129.5
2023-07-12 19:00:00,1129.8
2023-07-12 20:00:00,1129.8
2023-07-12 21:00:00,1128.4
2023-07-12 23:00:00,1128.4
2023-07-13 14:30:00,1149.8
2023-07-13 15:00:00,1153.8
2023-07-13 16:00:00,1149.7
2023-07-13 17:00:00,1152.7
2023-07-13 18:00:00,1155.7
2023-07-13 19:00:00,1154.5000000000002
2023-07-13 20:00:00,1154.7
2023-07-13 21:00:00,1153.3999999999999
2023-07-13 23:00:00,1153.3999999999999
2023-07-14 14:30:00,1155.8
2023-07-14 15:00:00,1152.0
2023-07-14 16:00:00,1152.3
2023-07-14 17:00:00,1154.8
2023-07-14 18:00:00,1153.8
2023-07-14 19:00:00,1153.7
2023-07-14 20:00:00,1153.6000000000001
2023-07-14 21:00:00,1152.1000000000001
2023-07-14 23:00:00,1152.1000000000001
2023-07-17 14:30:00,1150.1000000000001
2023-07-17 15:00:00,1154.8999999999999
2023-07-17 16:00:00,1159.2
2023-07-17 17:00:00,1157.0000000000002
2023-07-17 18:00:00,1158.5000000000002
2023-07-17 19:00:00,1158.8999999999999
2023-07-17 20:00:00,1158.0000000000002
2023-07-17 21:00:00,1158.0000000000002
2023-07-17 23:00:00,1158.0000000000002
2023-07-18 14:30:00,1166.3999999999999
2023-07-18 15:00:00,1172.0000000000002
2023-07-18 16:00:00,1166.8999999999999
2023-07-18 17:00:00,1164.6000000000001
2023-07-18 18:00:00,1164.7
2023-07-18 19:00:00,1164.8999999999999
2023-07-18 20:00:00,1164.3
2023-07-18 21:00:00,1164.3
2023-07-18 23:00:00,1164.3
2023-07-19 14:30:00,1161.8999999999999
2023-07-19 15:00:00,1154.5000000000002
2023-07-19 16:00:00,1153.8
2023-07-19 17:00:00,1154.8999999999999
2023-07-19 18:00:00,1152.8
2023-07-19 19:00:00,1153.5000000000002
2023-07-19 20:00:00,1153.6000000000001
2023-07-19 21:00:00,1153.1000000000001
2023-07-19 23:00:00,1153.1000000000001
2023-07-20 14:30:00,1147.7
2023-07-20 15:00:00,1135.9
2023-07-20 16:00:00,1132.7
2023-07-20 17:00:00,1134.5
2023-07-20 18:00:00,1134.3
2023-07-20 19:00:00,1134.2
2023-07-20 20:00:00,1134.9
2023-07-20 21:00:00,1135.9
2023-07-20 23:00:00,1135.9
2023-07-21 14:30:00,1132.1
2023-07-21 15:00:00,1133.8
2023-07-21 16:00:00,1140.6
2023-07-21 17:00:00,1142.7
2023-07-21 18:00:00,1141.9
2023-07-21 19:00:00,1142.3
2023-07-21 20:00:00,1141.4
2023-07-21 21:00:00,1141.5
2023-07-21 23:00:00,1141.5
2023-07-24 14:30:00,1134.8
2023-07-24 15:00:00,1142.8999999999999
2023-07-24 16:00:00,1142.3
2023-07-24 17:00:00,1141.4
2023-07-24 18:00:00,1140.0
2023-07-24 19:00:00,1137.5
2023-07-24 20:00:00,1137.4
2023-07-24 21:00:00,1138.0
2023-07-24 23:00:00,1138.0
2023-07-25 14:30:00,1141.6
2023-07-25 15:00:00,1147.6000000000001
2023-07-25 16:00:00,1147.0
2023-07-25 17:00:00,1147.3
2023-07-25 18:00:00,1146.7
2023-07-25 19:00:00,1146.8999999999999
2023-07-25 20:00:00,1147.3999999999999
2023-07-25 21:00:00,1148.3999999999999
2023-07-25 23:00:00,1148.3999999999999
2023-07-26 14:30:00,1138.2
2023-07-26 15:00:00,1138.1
2023-07-26 16:00:00,1140.7
2023-07-26 17:00:00,1141.2
2023-07-26 18:00:00,1140.0
2023-07-26 19:00:00,1146.2
2023-07-26 20:00:00,1144.5
2023-07-26 21:00:00,1143.3
2023-07-26 23:00:00,1143.3
2023-07-27 14:30:00,1119.4
2023-07-27 15:00:00,1115.2
2023-07-27 16:00:00,1115.6
2023-07-27 17:00:00,1113.8
2023-07-27 18:00:00,1113.9
2023-07-27 19:00:00,1110.4
2023-07-27 20:00:00,1110.7
2023-07-27 21:00:00,1112.7
2023-07-27 23:00:00,1112.7
2023-07-28 14:30:00,1112.3
2023-07-28 15:00:00,1113.0
2023-07-28 16:00:00,1117.7
2023-07-28 17:00:00,1113.1
2023-07-28 18:00:00,1112.2
2023-07-28 19:00:00,1113.4
2023-07-28 20:00:00,1113.4
2023-07-28 21:00:00,1113.9
2023-07-28 23:00:00,1113.9
2023-07-31 14:30:00,1134.1
2023-07-31 15:00:00,1134.3
2023-07-31 16:00:00,1134.0
2023-07-31 17:00:00,1129.3
2023-07-31 18:00:00,1133.1
2023-07-31 19:00:00,1131.2
2023-07-31 20:00:00,1130.7
2023-07-31 21:00:00,1130.9
2023-07-31 23:00:00,1130.9
2023-08-01 14:30:00,1105.5
2023-08-01 15:00:00,1108.2
2023-08-01 16:00:00,1104.1
2023-08-01 17:00:00,1109.0
2023-08-01 18:00:00,1108.9
2023-08-01 19:00:00,1109.1
2023-08-01 20:00:00,1109.2
2023-08-01 21:00:00,1109.1
2023-08-01 23:00:00,1109.1
2023-08-02 14:30:00,1106.2
2023-08-02 15:00:00,1097.8
2023-08-02 16:00:00,1098.4
2023-08-02 17:00:00,1101.0
2023-08-02 18:00:00,1100.1
2023-08-02 19:00:00,1099.2
2023-08-02 20:00:00,1098.8
2023-08-02 21:00:00,1097.6
2023-08-02 23:00:00,1097.6
2023-08-03 14:30:00,1092.9
2023-08-03 15:00:00,1093.8
2023-08-03 16:00:00,1092.7
2023-08-03 17:00:00,1092.8
2023-08-03 18:00:00,1090.2
2023-08-03 19:00:00,1089.3
2023-08-03 20:00:00,1089.0
2023-08-03 21:00:00,1090.8
2023-08-03 23:00:00,1090.8
2023-08-04 14:30:00,1095.6
2023-08-04 15:00:00,1095.4
2023-08-04 16:00:00,1098.6
2023-08-04 17:00:00,1098.1
2023-08-04 18:00:00,1097.5
2023-08-04 19:00:00,1095.9
2023-08-04 20:00:00,1095.6
2023-08-04 21:00:00,1099.0
2023-08-04 23:00:00,1099.0
2023-08-07 14:30:00,1093.7
2023-08-07 15:00:00,1097.0
2023-08-07 16:00:00,1096.1
2023-08-07 17:00:00,1097.2
2023-08-07 18:00:00,1097.2
2023-08-07 19:00:00,1097.4
2023-08-07 20:00:00,1097.4
2023-08-07 21:00:00,1096.3
2023-08-07 23:00:00,1096.3
2023-08-08 14:30:00,1072.4
2023-08-08 15:00:00,1074.1
2023-08-08 16:00:00,1071.9
2023-08-08 17:00:00,1073.5
2023-08-08 18:00:00,1074.6
2023-08-08 19:00:00,1075.1
2023-08-08 20:00:00,1075.2
2023-08-08 21:00:00,1076.1
2023-08-08 23:00:00,1076.1
2023-08-09 14:30:00,1064.0
2023-08-09 15:00:00,1064.1000000000001
2023-08-09 16:00:00,1061.8
2023-08-09 17:00:00,1061.8999999999999
2023-08-09 18:00:00,1063.6000000000001
2023-08-09 19:00:00,1064.1000000000001
2023-08-09 20:00:00,1063.5
2023-08-09 21:00:00,1062.5
2023-08-09 23:00:00,1062.5
2023-08-10 14:30:00,1079.7
2023-08-10 15:00:00,1077.2
2023-08-10 16:00:00,1085.4
2023-08-10 17:00:00,1084.8
2023-08-10 18:00:00,1080.7
2023-08-10 19:00:00,1083.9
2023-08-10 20:00:00,1083.9
2023-08-10 21:00:00,1081.5
2023-08-10 23:00:00,1081.5
2023-08-11 14:30:00,1080.1
2023-08-11 15:00:00,1086.4
2023-08-11 16:00:00,1083.8
2023-08-11 17:00:00,1083.6
2023-08-11 18:00:00,1083.5
2023-08-11 19:00:00,1084.3
2023-08-11 20:00:00,1083.8
2023-08-11 21:00:00,1086.5
2023-08-11 23:00:00,1086.5
2023-08-14 14:30:00,1066.3999999999999
2023-08-14 15:00:00,1069.8
2023-08-14 16:00:00,1074.9
2023-08-14 17:00:00,1076.8
2023-08-14 18:00:00,1074.6
2023-08-14 19:00:00,1073.3
2023-08-14 20:00:00,1075.1
2023-08-14 21:00:00,1074.5
2023-08-14 23:00:00,1074.5
2023-08-15 14:30:00,1062.6000000000001
2023-08-15 15:00:00,1065.5
2023-08-15 16:00:00,1063.8999999999999
2023-08-15 17:00:00,1062.8
2023-08-15 18:00:00,1062.6000000000001
2023-08-15 19:00:00,1062.5
2023-08-15 20:00:00,1062.1000000000001
2023-08-15 21:00:00,1062.1000000000001
2023-08-15 23:00:00,1062.1000000000001
2023-08-16 14:30:00,1065.3999999999999
2023-08-16 15:00:00,1068.5
2023-08-16 16:00:00,1065.3999999999999
2023-08-16 17:00:00,1061.8
2023-08-16 18:00:00,1062.7
2023-08-16 19:00:00,1060.3999999999999
2023-08-16 20:00:00,1059.3999999999999
2023-08-16 21:00:00,1056.3999999999999
2023-08-16 23:00:00,1056.3999999999999
2023-08-17 14:30:00,1071.3
2023-08-17 15:00:00,1069.6
2023-08-17 16:00:00,1066.2
2023-08-17 17:00:00,1066.0
2023-08-17 18:00:00,1064.0
2023-08-17 19:00:00,1064.0
2023-08-17 20:00:00,1065.8999999999999
2023-08-17 21:00:00,1066.9
2023-08-17 23:00:00,1066.9
2023-08-18 14:30:00,1082.6
2023-08-18 15:00:00,1085.6
2023-08-18 16:00:00,1082.0
2023-08-18 17:00:00,1082.3
2023-08-18 18:00:00,1084.7
2023-08-18 19:00:00,1084.5
2023-08-18 20:00:00,1084.1
2023-08-18 21:00:00,1086.2
2023-08-18 23:00:00,1086.2
2023-08-21 14:30:00,1081.0
2023-08-21 15:00:00,1080.3
2023-08-21 16:00:00,1079.8
2023-08-21 17:00:00,1083.9
2023-08-21 18:00:00,1084.9
2023-08-21 19:00:00,1085.8
2023-08-21 20:00:00,1085.7
2023-08-21 21:00:00,1085.3
2023-08-21 23:00:00,1085.3
2023-08-22 14:30:00,1089.0
2023-08-22 15:00:00,1093.8
2023-08-22 16:00:00,1096.0
2023-08-22 17:00:00,1095.5
2023-08-22 18:00:00,1095.1
2023-08-22 19:00:00,1095.8
2023-08-22 20:00:00,1095.9
2023-08-22 21:00:00,1096.1
2023-08-22 23:00:00,1096.1
2023-08-23 14:30:00,1112.0
2023-08-23 15:00:00,1108.2
2023-08-23 16:00:00,1107.5
2023-08-23 17:00:00,1108.9
2023-08-23 18:00:00,1108.5
2023-08-23 19:00:00,1107.1
2023-08-23 20:00:00,1107.5
2023-08-23 21:00:00,1106.9
2023-08-23 23:00:00,1106.9
2023-08-24 14:30:00,1116.0
2023-08-24 15:00:00,1115.8
2023-08-24 16:00:00,1113.7
2023-08-24 17:00:00,1113.5
2023-08-24 18:00:00,1113.0
2023-08-24 19:00:00,1113.0
2023-08-24 20:00:00,1113.2
2023-08-24 21:00:00,1111.6
2023-08-24 23:00:00,1111.6
2023-08-25 14:30:00,1118.8
2023-08-25 15:00:00,1108.1
2023-08-25 16:00:00,1112.9
2023-08-25 17:00:00,1117.8
2023-08-25 18:00:00,1120.6
2023-08-25 19:00:00,1122.3
2023-08-25 20:00:00,1122.1
2023-08-25 21:00:00,1121.7
2023-08-25 23:00:00,1121.7
2023-08-28 14:30:00,1139.7
2023-08-28 15:00:00,1143.5
2023-08-28 16:00:00,1146.6000000000001
2023-08-28 17:00:00,1143.7
2023-08-28 18:00:00,1143.6000000000001
2023-08-28 19:00:00,1145.2
2023-08-28 20:00:00,1145.6000000000001
2023-08-28 21:00:00,1146.0
2023-08-28 23:00:00,1146.0
2023-08-29 14:30:00,1152.8
2023-08-29 15:00:00,1156.8
2023-08-29 16:00:00,1158.0000000000002
2023-08-29 17:00:00,1156.8
2023-08-29 18:00:00,1157.3
2023-08-29 19:00:00,1157.6000000000001
2023-08-29 20:00:00,1157.6000000000001
2023-08-29 21:00:00,1157.1000000000001
2023-08-29 23:00:00,1157.1000000000001
2023-08-30 14:30:00,1153.8
2023-08-30 15:00:00,1150.8999999999999
2023-08-30 16:00:00,1152.3
2023-08-30 17:00:00,1153.3
2023-08-30 18:00:00,1155.2
2023-08-30 19:00:00,1154.8999999999999
2023-08-30 20:00:00,1154.8
2023-08-30 21:00:00,1154.8
2023-08-30 23:00:00,1154.8
2023-08-31 14:30:00,1156.0000000000002
2023-08-31 15:00:00,1149.6000000000001
2023-08-31 16:00:00,1144.8
2023-08-31 17:00:00,1143.8999999999999
2023-08-31 18:00:00,1147.2
2023-08-31 19:00:00,1146.8999999999999
2023-08-31 20:00:00,1147.3999999999999
2023-08-31 21:00:00,1147.5
2023-08-31 23:00:00,1147.5
2023-09-01 14:30:00,1151.3999999999999
2023-09-01 15:00:00,1147.8999999999999
2023-09-01 16:00:00,1145.6000000000001
2023-09-01 17:00:00,1139.4
2023-09-01 18:00:00,1140.0
2023-09-01 19:00:00,1138.5
2023-09-01 20:00:00,1138.1
2023-09-01 21:00:00,1138.8
2023-09-01 23:00:00,1138.8
2023-09-05 14:30:00,1114.6
2023-09-05 15:00:00,1112.2
2023-09-05 16:00:00,1104.6
2023-09-05 17:00:00,1104.3
2023-09-05 18:00:00,1104.4
2023-09-05 19:00:00,1104.0
2023-09-05 20:00:00,1103.4
2023-09-05 21:00:00,1103.8
2023-09-05 23:00:00,1103.8
2023-09-06 14:30:00,1088.6
2023-09-06 15:00:00,1081.7
2023-09-06 16:00:00,1084.3
2023-09-06 17:00:00,1085.7
2023-09-06 18:00:00,1085.3
2023-09-06 19:00:00,1085.8
2023-09-06 20:00:00,1085.5
2023-09-06 21:00:00,1086.3
2023-09-06 23:00:00,1086.3
2023-09-07 14:30:00,1077.8
2023-09-07 15:00:00,1081.3
2023-09-07 16:00:00,1081.0
2023-09-07 17:00:00,1079.8
2023-09-07 18:00:00,1079.6
2023-09-07 19:00:00,1081.8
2023-09-07 20:00:00,1081.5
2023-09-07 21:00:00,1081.1
2023-09-07 23:00:00,1081.1
2023-09-08 14:30:00,1073.3
2023-09-08 15:00:00,1068.9
2023-09-08 16:00:00,1065.3999999999999
2023-09-08 17:00:00,1064.8
2023-09-08 18:00:00,1066.0
2023-09-08 19:00:00,1065.6000000000001
2023-09-08 20:00:00,1065.6000000000001
2023-09-08 21:00:00,1066.6
2023-09-08 23:00:00,1066.6
2023-09-11 14:30:00,1074.4
2023-09-11 15:00:00,1071.4
2023-09-11 16:00:00,1070.4
2023-09-11 17:00:00,1072.6
2023-09-11 18:00:00,1070.8
2023-09-11 19:00:00,1071.0
2023-09-11 20:00:00,1071.3
2023-09-11 21:00:00,1073.5
2023-09-11 23:00:00,1073.5
2023-09-12 14:30:00,1083.3
2023-09-12 15:00:00,1084.7
2023-09-12 16:00:00,1083.6
2023-09-12 17:00:00,1080.7
2023-09-12 18:00:00,1084.1
2023-09-12 19:00:00,1084.8
2023-09-12 20:00:00,1084.3
2023-09-12 21:00:00,1084.4
2023-09-12 23:00:00,1084.4
2023-09-13 14:30:00,1073.5
2023-09-13 15:00:00,1074.4
2023-09-13 16:00:00,1073.3
2023-09-13 17:00:00,1075.5
2023-09-13 18:00:00,1075.7
2023-09-13 19:00:00,1074.2
2023-09-13 20:00:00,1073.9
2023-09-13 21:00:00,1074.0
2023-09-13 23:00:00,1074.0
2023-09-14 14:30:00,1077.4
2023-09-14 15:00:00,1080.3
2023-09-14 16:00:00,1081.1
2023-09-14 17:00:00,1082.1
2023-09-14 18:00:00,1078.6
2023-09-14 19:00:00,1079.3
2023-09-14 20:00:00,1079.6
2023-09-14 21:00:00,1080.5
2023-09-14 23:00:00,1080.5
2023-09-15 14:30:00,1099.3
2023-09-15 15:00:00,1099.4
2023-09-15 16:00:00,1101.2
2023-09-15 17:00:00,1101.3
2023-09-15 18:00:00,1102.2
2023-09-15 19:00:00,1102.7
2023-09-15 20:00:00,1103.0
2023-09-15 21:00:00,1100.7
2023-09-15 23:00:00,1100.7
2023-09-18 14:30:00,1105.7
2023-09-18 15:00:00,1107.1
2023-09-18 16:00:00,1107.4
2023-09-18 17:00:00,1108.1
2023-09-18 18:00:00,1107.8
2023-09-18 19:00:00,1107.3
2023-09-18 20:00:00,1107.8
2023-09-18 21:00:00,1109.0
2023-09-18 23:00:00,1109.0
2023-09-19 14:30:00,1119.7
2023-09-19 15:00:00,1119.2
2023-09-19 16:00:00,1118.4
2023-09-19 17:00:00,1118.6
2023-09-19 18:00:00,1117.6
2023-09-19 19:00:00,1117.6
2023-09-19 20:00:00,1118.1
2023-09-19 21:00:00,1116.1
2023-09-19 23:00:00,1116.1
2023-09-20 14:30:00,1113.8
2023-09-20 15:00:00,1109.2
2023-09-20 16:00:00,1110.0
2023-09-20 17:00:00,1112.6
2023-09-20 18:00:00,1110.2
2023-09-20 19:00:00,1107.1
2023-09-20 20:00:00,1107.3
2023-09-20 21:00:00,1102.9
2023-09-20 23:00:00,1102.9
2023-09-21 14:30:00,1091.8
2023-09-21 15:00:00,1098.3
2023-09-21 16:00:00,1092.5
2023-09-21 17:00:00,1093.0
2023-09-21 18:00:00,1096.8
2023-09-21 19:00:00,1095.4
2023-09-21 20:00:00,1096.2
2023-09-21 20:00:01,1096.2
2023-09-21 21:00:00,1093.7
2023-09-21 23:00:00,1093.7
2023-09-22 14:30:00,1110.8
2023-09-22 15:00:00,1107.4
2023-09-22 16:00:00,1105.2
2023-09-22 17:00:00,1103.9
2023-09-22 18:00:00,1102.4
2023-09-22 19:00:00,1101.6
2023-09-22 20:00:00,1102.2
2023-09-22 21:00:00,1103.1
2023-09-22 23:00:00,1103.1
2023-09-25 14:30:00,1089.5
2023-09-25 15:00:00,1084.5
2023-09-25 16:00:00,1087.3
2023-09-25 17:00:00,1086.0
2023-09-25 18:00:00,1085.6
2023-09-25 19:00:00,1085.7
2023-09-25 20:00:00,1085.7
2023-09-25 21:00:00,1085.6
2023-09-25 23:00:00,1085.6
2023-09-26 14:30:00,1074.2
2023-09-26 15:00:00,1080.8
2023-09-26 16:00:00,1078.9
2023-09-26 17:00:00,1077.5
2023-09-26 18:00:00,1077.0
2023-09-26 19:00:00,1077.0
2023-09-26 20:00:00,1076.9
2023-09-26 21:00:00,1077.5
2023-09-26 23:00:00,1077.5
2023-09-27 14:30:00,1069.1
2023-09-27 15:00:00,1062.2
2023-09-27 16:00:00,1061.8999999999999
2023-09-27 17:00:00,1057.8
2023-09-27 18:00:00,1056.0
2023-09-27 19:00:00,1058.7
2023-09-27 20:00:00,1061.1000000000001
2023-09-27 21:00:00,1059.6000000000001
2023-09-27 23:00:00,1059.6000000000001
2023-09-28 14:30:00,1070.0
2023-09-28 15:00:00,1073.9
2023-09-28 16:00:00,1078.1
2023-09-28 17:00:00,1078.0
2023-09-28 18:00:00,1078.3
2023-09-28 19:00:00,1080.2
2023-09-28 20:00:00,1079.9
2023-09-28 21:00:00,1079.8
2023-09-28 23:00:00,1079.8
2023-09-29 14:30:00,1090.1
2023-09-29 15:00:00,1088.3
2023-09-29 16:00:00,1082.5
2023-09-29 17:00:00,1080.1
2023-09-29 18:00:00,1075.9
2023-09-29 19:00:00,1078.3
2023-09-29 20:00:00,1077.9
2023-09-29 21:00:00,1078.0
2023-09-29 23:00:00,1078.0
2023-10-02 14:30:00,1066.8
2023-10-02 15:00:00,1058.2
2023-10-02 16:00:00,1049.8999999999999
2023-10-02 17:00:00,1049.3999999999999
2023-10-02 18:00:00,1049.3999999999999
2023-10-02 19:00:00,1049.0
2023-10-02 20:00:00,1049.1000000000001
2023-10-02 21:00:00,1049.3999999999999
2023-10-02 23:00:00,1049.3999999999999
2023-10-03 14:30:00,1045.7
2023-10-03 15:00:00,1042.3999999999999
2023-10-03 16:00:00,1042.1
2023-10-03 17:00:00,1042.0
2023-10-03 18:00:00,1040.1
2023-10-03 19:00:00,1040.0
2023-10-03 20:00:00,1040.1
2023-10-03 21:00:00,1038.6
2023-10-03 23:00:00,1038.6
2023-10-04 14:30:00,1033.6
2023-10-04 15:00:00,1030.4
2023-10-04 16:00:00,1038.3
2023-10-04 17:00:00,1037.6
2023-10-04 18:00:00,1035.6
2023-10-04 19:00:00,1035.4
2023-10-04 20:00:00,1036.2
2023-10-04 21:00:00,1036.2
2023-10-04 23:00:00,1036.2
2023-10-05 14:30:00,1032.8
2023-10-05 15:00:00,1029.0
2023-10-05 16:00:00,1024.1
2023-10-05 17:00:00,1026.5
2023-10-05 18:00:00,1028.4
2023-10-05 19:00:00,1030.1
2023-10-05 20:00:00,1029.9
2023-10-05 21:00:00,1030.4
2023-10-05 23:00:00,1030.4
2023-10-06 14:30:00,1029.5
2023-10-06 15:00:00,1034.0
2023-10-06 16:00:00,1050.5
2023-10-06 17:00:00,1042.8
2023-10-06 18:00:00,1047.0
2023-10-06 19:00:00,1047.3999999999999
2023-10-06 20:00:00,1047.1000000000001
2023-10-06 21:00:00,1047.7
2023-10-06 23:00:00,1047.7
2023-10-09 14:30:00,1048.8999999999999
2023-10-09 15:00:00,1048.8999999999999
2023-10-09 16:00:00,1051.1000000000001
2023-10-09 17:00:00,1051.0
2023-10-09 18:00:00,1056.2
2023-10-09 19:00:00,1057.1000000000001
2023-10-09 20:00:00,1057.1000000000001
2023-10-09 21:00:00,1056.0
2023-10-09 23:00:00,1056.0
2023-10-10 14:30:00,1057.1000000000001
2023-10-10 15:00:00,1057.6000000000001
2023-10-10 16:00:00,1053.7
2023-10-10 17:00:00,1052.7
2023-10-10 18:00:00,1049.3
2023-10-10 19:00:00,1050.1000000000001
2023-10-10 20:00:00,1050.2
2023-10-10 21:00:00,1051.3999999999999
2023-10-10 23:00:00,1051.3999999999999
2023-10-11 14:30:00,1054.0
2023-10-11 15:00:00,1052.7
2023-10-11 16:00:00,1052.7
2023-10-11 17:00:00,1055.8
2023-10-11 18:00:00,1055.0
2023-10-11 19:00:00,1057.1000000000001
2023-10-11 20:00:00,1057.7
2023-10-11 21:00:00,1058.3
2023-10-11 23:00:00,1058.3
2023-10-12 14:30:00,1040.5
2023-10-12 15:00:00,1038.1
2023-10-12 16:00:00,1038.4
2023-10-12 17:00:00,1039.2
2023-10-12 18:00:00,1034.7
2023-10-12 19:00:00,1034.9
2023-10-12 20:00:00,1034.9
2023-10-12 21:00:00,1035.4
2023-10-12 23:00:00,1035.4
2023-10-13 14:30:00,1046.3999999999999
2023-10-13 15:00:00,1045.2
2023-10-13 16:00:00,1045.3999999999999
2023-10-13 17:00:00,1046.8999999999999
2023-10-13 18:00:00,1049.3999999999999
2023-10-13 19:00:00,1049.7
2023-10-13 20:00:00,1049.3999999999999
2023-10-13 21:00:00,1050.7
2023-10-13 23:00:00,1050.7
2023-10-16 14:30:00,1052.8999999999999
2023-10-16 15:00:00,1056.8999999999999
2023-10-16 16:00:00,1061.1000000000001
2023-10-16 17:00:00,1062.1000000000001
2023-10-16 18:00:00,1061.8
2023-10-16 19:00:00,1061.6000000000001
2023-10-16 20:00:00,1062.2
2023-10-16 21:00:00,1062.5
2023-10-16 23:00:00,1062.5
2023-10-17 14:30:00,1068.4
2023-10-17 15:00:00,1068.3
2023-10-17 16:00:00,1069.2
2023-10-17 17:00:00,1068.0
2023-10-17 18:00:00,1065.8999999999999
2023-10-17 19:00:00,1066.3999999999999
2023-10-17 20:00:00,1067.2
2023-10-17 21:00:00,1067.4
2023-10-17 23:00:00,1067.4
2023-10-18 14:30:00,1060.3
2023-10-18 15:00:00,1050.0
2023-10-18 16:00:00,1052.2
2023-10-18 17:00:00,1056.8
2023-10-18 18:00:00,1056.8
2023-10-18 19:00:00,1054.8
2023-10-18 20:00:00,1053.8999999999999
2023-10-18 21:00:00,1054.6000000000001
2023-10-18 23:00:00,1054.6000000000001
2023-10-19 14:30:00,1060.2
2023-10-19 15:00:00,1059.2
2023-10-19 16:00:00,1059.3999999999999
2023-10-19 17:00:00,1061.6000000000001
2023-10-19 18:00:00,1064.0
2023-10-19 19:00:00,1060.8
2023-10-19 20:00:00,1062.8
2023-10-19 21:00:00,1062.3999999999999
2023-10-19 23:00:00,1062.3999999999999
2023-10-20 14:30:00,1070.8
2023-10-20 15:00:00,1072.5
2023-10-20 16:00:00,1071.2
2023-10-20 17:00:00,1068.0
2023-10-20 18:00:00,1067.7
2023-10-20 19:00:00,1067.6
2023-10-20 20:00:00,1067.5
2023-10-20 21:00:00,1066.6
2023-10-20 23:00:00,1066.6
2023-10-23 14:30:00,1063.7
2023-10-23 15:00:00,1067.9
2023-10-23 16:00:00,1068.9
2023-10-23 17:00:00,1068.2
2023-10-23 18:00:00,1068.5
2023-10-23 19:00:00,1068.0
2023-10-23 20:00:00,1067.7
2023-10-23 21:00:00,1065.1000000000001
2023-10-23 23:00:00,1065.1000000000001
2023-10-24 14:30:00,1053.1000000000001
2023-10-24 15:00:00,1056.0
2023-10-24 16:00:00,1053.8
2023-10-24 17:00:00,1054.1000000000001
2023-10-24 18:00:00,1056.1000000000001
2023-10-24 19:00:00,1056.3
2023-10-24 20:00:00,1056.2
2023-10-24 21:00:00,1056.5
2023-10-24 23:00:00,1056.5
2023-10-25 14:30:00,1070.3
2023-10-25 15:00:00,1071.9
2023-10-25 16:00:00,1076.7
2023-10-25 17:00:00,1076.7
2023-10-25 18:00:00,1077.5
2023-10-25 19:00:00,1076.8
2023-10-25 20:00:00,1076.2
2023-10-25 21:00:00,1076.0
2023-10-25 23:00:00,1076.0
2023-10-26 14:30:00,1073.2
2023-10-26 15:00:00,1071.6
2023-10-26 16:00:00,1071.7
2023-10-26 17:00:00,1070.6
2023-10-26 18:00:00,1074.0
2023-10-26 19:00:00,1075.7
2023-10-26 20:00:00,1074.7
2023-10-26 21:00:00,1073.7
2023-10-26 23:00:00,1073.7
2023-10-27 14:30:00,1078.4
2023-10-27 15:00:00,1076.3
2023-10-27 16:00:00,1069.4
2023-10-27 17:00:00,1069.5
2023-10-27 18:00:00,1070.7
2023-10-27 19:00:00,1071.2
2023-10-27 20:00:00,1072.3
2023-10-27 21:00:00,1075.0
2023-10-27 23:00:00,1075.0
2023-10-30 13:30:00,1100.6
2023-10-30 14:00:00,1089.5
2023-10-30 15:00:00,1101.4
2023-10-30 16:00:00,1104.0
2023-10-30 17:00:00,1105.1
2023-10-30 18:00:00,1104.9
2023-10-30 19:00:00,1105.1
2023-10-30 20:00:00,1106.1
2023-10-30 23:00:00,1106.0
2023-10-31 13:30:00,1111.3
2023-10-31 14:00:00,1112.7
2023-10-31 15:00:00,1110.5
2023-10-31 16:00:00,1107.7
2023-10-31 17:00:00,1106.6
2023-10-31 18:00:00,1105.6
2023-10-31 19:00:00,1106.5
2023-10-31 20:00:00,1106.9
2023-10-31 23:00:00,1106.5
2023-11-01 13:30:00,1096.5
2023-11-01 14:00:00,1098.2
2023-11-01 15:00:00,1094.3
2023-11-01 16:00:00,1094.5
2023-11-01 17:00:00,1093.5
2023-11-01 18:00:00,1093.7
2023-11-01 19:00:00,1095.5
2023-11-01 20:00:00,1095.4
2023-11-01 23:00:00,1096.3
2023-11-02 13:30:00,1092.0
2023-11-02 14:00:00,1095.2
2023-11-02 15:00:00,1091.1
2023-11-02 16:00:00,1092.6
2023-11-02 17:00:00,1094.6
2023-11-02 18:00:00,1094.5
2023-11-02 19:00:00,1094.9
2023-11-02 20:00:00,1094.4
2023-11-02 23:00:00,1095.1
2023-11-03 13:30:00,1104.3
2023-11-03 14:00:00,1100.5
2023-11-03 15:00:00,1102.5
2023-11-03 16:00:00,1106.5
2023-11-03 17:00:00,1106.3
2023-11-03 18:00:00,1106.4
2023-11-03 19:00:00,1104.0
2023-11-03 20:00:00,1103.7
2023-11-03 23:00:00,1104.3
2023-11-06 14:30:00,1091.4
2023-11-06 15:00:00,1088.2
2023-11-06 16:00:00,1085.2
2023-11-06 17:00:00,1081.6
2023-11-06 18:00:00,1078.9
2023-11-06 19:00:00,1078.9
2023-11-06 20:00:00,1079.4
2023-11-06 21:00:00,1076.7
2023-11-06 23:00:00,1076.7
2023-11-07 14:30:00,1066.2
2023-11-07 15:00:00,1065.5
2023-11-07 16:00:00,1063.5
2023-11-07 17:00:00,1061.3
2023-11-07 18:00:00,1061.8
2023-11-07 19:00:00,1061.3
2023-11-07 20:00:00,1060.8999999999999
2023-11-07 21:00:00,1061.3999999999999
2023-11-07 23:00:00,1061.3999999999999
2023-11-08 14:30:00,1042.2
2023-11-08 15:00:00,1036.4
2023-11-08 16:00:00,1040.2
2023-11-08 17:00:00,1034.7
2023-11-08 18:00:00,1036.4
2023-11-08 19:00:00,1034.4
2023-11-08 20:00:00,1034.5
2023-11-08 21:00:00,1035.3
2023-11-08 23:00:00,1035.3
2023-11-09 14:30:00,1036.0
2023-11-09 15:00:00,1035.2
2023-11-09 16:00:00,1029.4
2023-11-09 17:00:00,1027.8
2023-11-09 18:00:00,1027.4
2023-11-09 19:00:00,1023.6
2023-11-09 20:00:00,1025.9
2023-11-09 21:00:00,1026.5
2023-11-09 23:00:00,1026.5
2023-11-10 14:30:00,1010.1
2023-11-10 15:00:00,1009.7
2023-11-10 16:00:00,1009.2
2023-11-10 17:00:00,1008.9
2023-11-10 18:00:00,1009.2
2023-11-10 19:00:00,1008.7
2023-11-10 20:00:00,1009.3
2023-11-10 21:00:00,1008.7
2023-11-10 23:00:00,1008.7
2023-11-13 14:30:00,1017.9
2023-11-13 15:00:00,1017.1
2023-11-13 16:00:00,1028.7
2023-11-13 17:00:00,1025.7
2023-11-13 18:00:00,1031.1
2023-11-13 19:00:00,1030.2
2023-11-13 20:00:00,1030.6
2023-11-13 21:00:00,1031.2
2023-11-13 23:00:00,1031.2
2023-11-14 14:30:00,1050.3
2023-11-14 15:00:00,1052.5
2023-11-14 16:00:00,1055.7
2023-11-14 17:00:00,1055.3
2023-11-14 18:00:00,1056.1000000000001
2023-11-14 19:00:00,1056.3
2023-11-14 20:00:00,1056.2
2023-11-14 21:00:00,1053.6000000000001
2023-11-14 23:00:00,1053.6000000000001
2023-11-15 14:30:00,1065.3
2023-11-15 15:00:00,1069.7
2023-11-15 16:00:00,1064.6000000000001
2023-11-15 17:00:00,1064.6000000000001
2023-11-15 18:00:00,1063.2
2023-11-15 19:00:00,1064.8
2023-11-15 20:00:00,1064.5
2023-11-15 21:00:00,1063.3999999999999
2023-11-15 23:00:00,1063.3999999999999
2023-11-16 14:30:00,1069.1
2023-11-16 15:00:00,1069.5
2023-11-16 16:00:00,1065.8
2023-11-16 17:00:00,1065.0
2023-11-16 18:00:00,1064.2
2023-11-16 19:00:00,1064.6000000000001
2023-11-16 20:00:00,1064.5
2023-11-16 21:00:00,1062.8
2023-11-16 23:00:00,1062.8
2023-11-17 14:30:00,1060.8999999999999
2023-11-17 15:00:00,1065.8
2023-11-17 16:00:00,1063.3
2023-11-17 17:00:00,1063.5
2023-11-17 18:00:00,1066.5
2023-11-17 19:00:00,1065.0
2023-11-17 20:00:00,1065.8999999999999
2023-11-17 21:00:00,1068.1
2023-11-17 23:00:00,1068.1
2023-11-20 14:30:00,1075.8
2023-11-20 15:00:00,1085.7
2023-11-20 16:00:00,1086.9
2023-11-20 17:00:00,1087.4
2023-11-20 18:00:00,1089.8
2023-11-20 19:00:00,1089.5
2023-11-20 20:00:00,1089.7
2023-11-20 21:00:00,1088.9
2023-11-20 23:00:00,1088.9
2023-11-21 14:30:00,1105.3
2023-11-21 15:00:00,1107.0
2023-11-21 16:00:00,1109.4
2023-11-21 17:00:00,1108.1
2023-11-21 18:00:00,1108.9
2023-11-21 19:00:00,1108.0
2023-11-21 20:00:00,1107.9
2023-11-21 21:00:00,1105.4
2023-11-21 23:00:00,1105.4
2023-11-22 14:30:00,1093.0
2023-11-22 15:00:00,1093.6
2023-11-22 16:00:00,1094.7
2023-11-22 17:00:00,1092.8
2023-11-22 18:00:00,1092.6
2023-11-22 19:00:00,1094.0
2023-11-22 20:00:00,1093.4
2023-11-22 21:00:00,1094.1
2023-11-22 23:00:00,1094.1
2023-11-24 14:30:00,1102.4
2023-11-24 15:00:00,1099.6
2023-11-24 16:00:00,1098.5
2023-11-24 17:00:00,1101.1
2023-11-24 18:00:00,1102.5
2023-11-24 23:00:00,1102.5
2023-11-27 14:30:00,1088.9
2023-11-27 15:00:00,1085.3
2023-11-27 16:00:00,1086.6
2023-11-27 17:00:00,1086.0
2023-11-27 18:00:00,1086.1
2023-11-27 19:00:00,1088.8
2023-11-27 20:00:00,1089.0
2023-11-27 21:00:00,1087.9
2023-11-27 23:00:00,1087.9
2023-11-28 14:30:00,1099.9
2023-11-28 15:00:00,1107.2
2023-11-28 16:00:00,1109.1
2023-11-28 17:00:00,1112.9
2023-11-28 18:00:00,1111.7
2023-11-28 19:00:00,1111.9
2023-11-28 20:00:00,1110.9
2023-11-28 21:00:00,1112.0
2023-11-28 23:00:00,1112.0
2023-11-29 14:30:00,1104.7
2023-11-29 15:00:00,1106.2
2023-11-29 16:00:00,1103.3
2023-11-29 17:00:00,1103.3
2023-11-29 18:00:00,1107.0
2023-11-29 19:00:00,1104.5
2023-11-29 20:00:00,1104.5
2023-11-29 21:00:00,1102.5
2023-11-29 23:00:00,1102.5
2023-11-30 14:30:00,1094.5
2023-11-30 15:00:00,1095.7
2023-11-30 16:00:00,1096.2
2023-11-30 17:00:00,1097.7
2023-11-30 18:00:00,1097.4
2023-11-30 19:00:00,1099.0
2023-11-30 20:00:00,1098.9
2023-11-30 21:00:00,1096.6
2023-11-30 23:00:00,1096.6
2023-12-01 14:30:00,1098.8
2023-12-01 15:00:00,1090.5
2023-12-01 16:00:00,1098.0
2023-12-01 17:00:00,1099.6
2023-12-01 18:00:00,1102.0
2023-12-01 19:00:00,1100.7
2023-12-01 20:00:00,1102.1
2023-12-01 21:00:00,1104.0
2023-12-01 23:00:00,1104.0
2023-12-04 14:30:00,1092.2
2023-12-04 15:00:00,1081.6
2023-12-04 16:00:00,1086.1
2023-12-04 17:00:00,1089.6
2023-12-04 18:00:00,1086.3
2023-12-04 19:00:00,1087.4
2023-12-04 20:00:00,1087.2
2023-12-04 21:00:00,1086.6
2023-12-04 23:00:00,1086.6
2023-12-05 14:30:00,1065.1000000000001
2023-12-05 15:00:00,1065.3
2023-12-05 16:00:00,1066.5
2023-12-05 17:00:00,1069.7
2023-12-05 18:00:00,1068.4
2023-12-05 19:00:00,1068.8
2023-12-05 20:00:00,1068.7
2023-12-05 21:00:00,1068.1
2023-12-05 23:00:00,1068.1
2023-12-06 14:30:00,1070.4
2023-12-06 15:00:00,1067.2
2023-12-06 16:00:00,1059.3999999999999
2023-12-06 17:00:00,1056.7
2023-12-06 18:00:00,1058.0
2023-12-06 19:00:00,1058.3999999999999
2023-12-06 20:00:00,1056.8
2023-12-06 21:00:00,1055.8999999999999
2023-12-06 23:00:00,1055.8999999999999
2023-12-07 14:30:00,1073.7
2023-12-07 15:00:00,1077.6
2023-12-07 16:00:00,1077.0
2023-12-07 17:00:00,1075.2
2023-12-07 18:00:00,1076.5
2023-12-07 19:00:00,1074.7
2023-12-07 20:00:00,1075.0
2023-12-07 21:00:00,1075.3
2023-12-07 23:00:00,1075.3
2023-12-08 14:30:00,1082.8
2023-12-08 15:00:00,1087.7
2023-12-08 16:00:00,1083.7
2023-12-08 17:00:00,1082.0
2023-12-08 18:00:00,1085.7
2023-12-08 19:00:00,1085.6
2023-12-08 20:00:00,1085.5
2023-12-08 21:00:00,1084.7
2023-12-08 23:00:00,1084.7
2023-12-11 14:30:00,1082.1
2023-12-11 15:00:00,1083.3
2023-12-11 16:00:00,1080.0
2023-12-11 17:00:00,1077.6
2023-12-11 18:00:00,1080.5
2023-12-11 19:00:00,1079.8
2023-12-11 20:00:00,1079.6
2023-12-11 21:00:00,1078.6
2023-12-11 23:00:00,1078.6
2023-12-12 14:30:00,1076.6
2023-12-12 15:00:00,1085.9
2023-12-12 16:00:00,1093.3
2023-12-12 17:00:00,1093.3
2023-12-12 18:00:00,1094.4
2023-12-12 19:00:00,1096.3
2023-12-12 20:00:00,1097.5
2023-12-12 21:00:00,1098.0
2023-12-12 23:00:00,1098.0
2023-12-13 14:30:00,1096.3
2023-12-13 15:00:00,1092.1
2023-12-13 16:00:00,1085.0
2023-12-13 17:00:00,1085.9
2023-12-13 18:00:00,1085.8
2023-12-13 19:00:00,1102.6
2023-12-13 20:00:00,1102.7
2023-12-13 21:00:00,1105.0
2023-12-13 23:00:00,1105.0
2023-12-14 14:30:00,1123.0
2023-12-14 15:00:00,1126.7
2023-12-14 16:00:00,1128.7
2023-12-14 17:00:00,1133.9
2023-12-14 18:00:00,1129.3
2023-12-14 19:00:00,1130.2
2023-12-14 20:00:00,1129.9
2023-12-14 21:00:00,1129.4
2023-12-14 23:00:00,1129.4
2023-12-15 14:30:00,1107.6
2023-12-15 15:00:00,1110.8
2023-12-15 16:00:00,1110.2
2023-12-15 17:00:00,1114.5
2023-12-15 18:00:00,1110.4
2023-12-15 19:00:00,1109.9
2023-12-15 20:00:00,1110.6
2023-12-15 21:00:00,1110.7
2023-12-15 23:00:00,1110.7
2023-12-18 14:30:00,1120.7
2023-12-18 15:00:00,1116.4
2023-12-18 16:00:00,1117.0
2023-12-18 17:00:00,1119.1
2023-12-18 18:00:00,1114.9
2023-12-18 19:00:00,1115.7
2023-12-18 20:00:00,1115.4
2023-12-18 21:00:00,1116.9
2023-12-18 23:00:00,1116.9
2023-12-19 14:30:00,1126.8
2023-12-19 15:00:00,1126.0
2023-12-19 16:00:00,1129.5
2023-12-19 17:00:00,1128.2
2023-12-19 18:00:00,1128.8
2023-12-19 19:00:00,1126.2
2023-12-19 20:00:00,1125.5
2023-12-19 21:00:00,1125.6
2023-12-19 23:00:00,1125.6
2023-12-20 14:30:00,1133.4
2023-12-20 15:00:00,1131.7
2023-12-20 16:00:00,1132.4
2023-12-20 17:00:00,1135.3
2023-12-20 18:00:00,1137.4
2023-12-20 19:00:00,1130.0
2023-12-20 20:00:00,1130.2
2023-12-20 21:00:00,1130.5
2023-12-20 23:00:00,1130.5
2023-12-21 14:30:00,1123.9
2023-12-21 15:00:00,1128.5
2023-12-21 16:00:00,1133.3
2023-12-21 17:00:00,1133.9
2023-12-21 18:00:00,1132.4
2023-12-21 19:00:00,1132.7
2023-12-21 20:00:00,1133.2
2023-12-21 21:00:00,1134.6
2023-12-21 23:00:00,1134.6
2023-12-22 14:30:00,1143.0
2023-12-22 15:00:00,1141.0
2023-12-22 16:00:00,1144.0
2023-12-22 17:00:00,1144.3
2023-12-22 18:00:00,1143.1000000000001
2023-12-22 19:00:00,1140.5
2023-12-22 20:00:00,1140.9
2023-12-22 21:00:00,1142.8999999999999
2023-12-22 23:00:00,1142.8999999999999
2023-12-22 23:00:01,1142.8999999999999
2023-12-26 14:30:00,1144.1
2023-12-26 15:00:00,1147.8
2023-12-26 16:00:00,1148.3999999999999
2023-12-26 17:00:00,1146.7
2023-12-26 18:00:00,1147.2
2023-12-26 19:00:00,1148.6
2023-12-26 20:00:00,1148.8999999999999
2023-12-26 21:00:00,1148.5
2023-12-26 23:00:00,1148.5
2023-12-27 14:30:00,1148.3999999999999
2023-12-27 15:00:00,1157.6000000000001
2023-12-27 16:00:00,1161.2
2023-12-27 17:00:00,1164.2
2023-12-27 18:00:00,1163.6000000000001
2023-12-27 19:00:00,1166.1000000000001
2023-12-27 20:00:00,1165.8999999999999
2023-12-27 21:00:00,1166.1000000000001
2023-12-27 23:00:00,1166.1000000000001
2023-12-28 14:30:00,1176.1000000000001
2023-12-28 15:00:00,1175.3
2023-12-28 16:00:00,1172.8
2023-12-28 17:00:00,1175.1000000000001
2023-12-28 18:00:00,1172.8999999999999
2023-12-28 19:00:00,1171.5000000000002
2023-12-28 20:00:00,1172.0000000000002
2023-12-28 21:00:00,1172.8
2023-12-28 23:00:00,1172.8
2023-12-29 14:30:00,1171.2
2023-12-29 15:00:00,1167.8999999999999
2023-12-29 16:00:00,1165.3999999999999
2023-12-29 17:00:00,1162.5000000000002
2023-12-29 18:00:00,1159.7
2023-12-29 19:00:00,1159.3999999999999
2023-12-29 20:00:00,1159.7
2023-12-29 21:00:00,1155.8
2023-12-29 23:00:00,1155.8
2024-01-02 14:30:00,1152.7
2024-01-02 15:00:00,1148.8
2024-01-02 16:00:00,1156.3
2024-01-02 17:00:00,1148.8
2024-01-02 18:00:00,1145.8999999999999
2024-01-02 19:00:00,1145.1
2024-01-02 20:00:00,1145.3999999999999
2024-01-02 21:00:00,1146.8
2024-01-02 23:00:00,1146.8
2024-01-03 14:30:00,1128.0
2024-01-03 15:00:00,1127.0
2024-01-03 16:00:00,1134.9
2024-01-03 17:00:00,1137.6999999999998
2024-01-03 18:00:00,1136.6999999999998
2024-01-03 19:00:00,1135.1
2024-01-03 20:00:00,1134.8
2024-01-03 21:00:00,1135.9
2024-01-03 23:00:00,1135.9
2024-01-04 14:30:00,1122.1999999999998
2024-01-04 15:00:00,1123.5
2024-01-04 16:00:00,1118.5
2024-01-04 17:00:00,1116.9
2024-01-04 18:00:00,1116.8
2024-01-04 19:00:00,1116.5
2024-01-04 20:00:00,1116.6999999999998
2024-01-04 21:00:00,1117.6
2024-01-04 23:00:00,1117.6
2024-01-05 14:30:00,1123.3
2024-01-05 15:00:00,1126.5
2024-01-05 16:00:00,1123.8
2024-01-05 17:00:00,1123.1999999999998
2024-01-05 18:00:00,1125.8
2024-01-05 19:00:00,1123.8
2024-01-05 20:00:00,1122.9
2024-01-05 21:00:00,1123.6999999999998
2024-01-05 23:00:00,1123.6999999999998
2024-01-08 14:30:00,1111.6999999999998
2024-01-08 15:00:00,1120.3
2024-01-08 16:00:00,1115.0
2024-01-08 17:00:00,1109.5
2024-01-08 18:00:00,1106.8
2024-01-08 19:00:00,1108.0
2024-01-08 20:00:00,1106.1999999999998
2024-01-08 21:00:00,1107.3
2024-01-08 23:00:00,1107.3
2024-01-09 14:30:00,1099.3
2024-01-09 15:00:00,1095.1
2024-01-09 16:00:00,1093.5
2024-01-09 17:00:00,1093.1
2024-01-09 18:00:00,1093.1
2024-01-09 19:00:00,1092.6
2024-01-09 20:00:00,1093.0
2024-01-09 21:00:00,1091.5
2024-01-09 23:00:00,1091.5
2024-01-10 14:30:00,1080.3
2024-01-10 15:00:00,1081.6
2024-01-10 16:00:00,1079.4
2024-01-10 17:00:00,1079.1999999999998
2024-01-10 18:00:00,1079.3
2024-01-10 19:00:00,1080.0
2024-01-10 20:00:00,1080.3
2024-01-10 21:00:00,1079.8
2024-01-10 23:00:00,1079.8
2024-01-11 14:30:00,1079.4
2024-01-11 15:00:00,1074.5
2024-01-11 16:00:00,1070.4
2024-01-11 17:00:00,1069.8
2024-01-11 18:00:00,1071.1999999999998
2024-01-11 19:00:00,1076.1999999999998
2024-01-11 20:00:00,1074.5
2024-01-11 21:00:00,1074.9
2024-01-11 23:00:00,1074.9
2024-01-12 14:30:00,1093.4
2024-01-12 15:00:00,1083.6
2024-01-12 16:00:00,1074.1999999999998
2024-01-12 17:00:00,1072.1999999999998
2024-01-12 18:00:00,1070.6999999999998
2024-01-12 19:00:00,1067.8
2024-01-12 20:00:00,1066.6
2024-01-12 21:00:00,1066.9
2024-01-12 23:00:00,1066.9
2024-01-16 14:30:00,1059.3999999999999
2024-01-16 15:00:00,1062.3999999999999
2024-01-16 16:00:00,1058.5
2024-01-16 17:00:00,1053.8999999999999
2024-01-16 18:00:00,1054.3
2024-01-16 19:00:00,1056.0
2024-01-16 20:00:00,1055.8
2024-01-16 21:00:00,1054.7
2024-01-16 23:00:00,1054.7
2024-01-17 14:30:00,1039.1
2024-01-17 15:00:00,1038.6
2024-01-17 16:00:00,1038.6
2024-01-17 17:00:00,1042.1999999999998
2024-01-17 18:00:00,1041.4
2024-01-17 19:00:00,1041.1999999999998
2024-01-17 20:00:00,1041.4
2024-01-17 21:00:00,1040.9
2024-01-17 23:00:00,1040.9
2024-01-18 14:30:00,1057.8
2024-01-18 15:00:00,1053.6
2024-01-18 16:00:00,1058.0
2024-01-18 17:00:00,1061.8999999999999
2024-01-18 18:00:00,1064.3999999999999
2024-01-18 19:00:00,1063.8
2024-01-18 20:00:00,1064.3999999999999
2024-01-18 21:00:00,1066.1
2024-01-18 23:00:00,1066.1
2024-01-19 14:30:00,1060.5
2024-01-19 15:00:00,1060.2
2024-01-19 16:00:00,1053.2
2024-01-19 17:00:00,1057.7
2024-01-19 18:00:00,1055.3
2024-01-19 19:00:00,1057.5
2024-01-19 20:00:00,1056.8999999999999
2024-01-19 21:00:00,1059.2
2024-01-19 23:00:00,1059.2
2024-01-22 14:30:00,1059.7
2024-01-22 15:00:00,1059.3
2024-01-22 16:00:00,1054.8
2024-01-22 17:00:00,1053.3999999999999
2024-01-22 18:00:00,1052.8999999999999
2024-01-22 19:00:00,1052.8999999999999
2024-01-22 20:00:00,1052.3999999999999
2024-01-22 21:00:00,1050.7
2024-01-22 23:00:00,1050.7
2024-01-23 14:30:00,1055.0
2024-01-23 15:00:00,1054.3999999999999
2024-01-23 16:00:00,1056.3
2024-01-23 17:00:00,1056.3999999999999
2024-01-23 18:00:00,1056.8999999999999
2024-01-23 19:00:00,1059.2
2024-01-23 20:00:00,1059.0
2024-01-23 21:00:00,1059.5
2024-01-23 23:00:00,1059.5
2024-01-24 14:30:00,1061.3999999999999
2024-01-24 15:00:00,1062.8999999999999
2024-01-24 16:00:00,1061.8999999999999
2024-01-24 17:00:00,1065.3999999999999
2024-01-24 18:00:00,1060.8
2024-01-24 19:00:00,1060.6
2024-01-24 20:00:00,1060.5
2024-01-24 21:00:00,1058.6
2024-01-24 23:00:00,1058.6
2024-01-25 14:30:00,1053.8
2024-01-25 15:00:00,1047.5
2024-01-25 16:00:00,1045.0
2024-01-25 17:00:00,1045.1
2024-01-25 18:00:00,1045.1
2024-01-25 19:00:00,1047.8
2024-01-25 20:00:00,1048.3
2024-01-25 21:00:00,1048.5
2024-01-25 23:00:00,1048.5
2024-01-26 14:30:00,1067.5
2024-01-26 15:00:00,1068.3
2024-01-26 16:00:00,1073.4
2024-01-26 17:00:00,1070.9
2024-01-26 18:00:00,1073.9
2024-01-26 19:00:00,1073.1
2024-01-26 20:00:00,1073.0
2024-01-26 21:00:00,1072.0
2024-01-26 23:00:00,1072.0
2024-01-29 14:30:00,1080.5
2024-01-29 15:00:00,1083.0
2024-01-29 16:00:00,1088.1
2024-01-29 17:00:00,1088.3
2024-01-29 18:00:00,1087.0
2024-01-29 19:00:00,1088.0
2024-01-29 20:00:00,1089.6999999999998
2024-01-29 21:00:00,1089.9
2024-01-29 23:00:00,1089.9
2024-01-30 14:30:00,1085.1
2024-01-30 15:00:00,1077.5
2024-01-30 16:00:00,1082.8
2024-01-30 17:00:00,1082.1
2024-01-30 18:00:00,1083.0
2024-01-30 19:00:00,1083.9
2024-01-30 20:00:00,1083.4
2024-01-30 21:00:00,1083.0
2024-01-30 23:00:00,1083.0
2024-01-31 14:30:00,1088.9
2024-01-31 15:00:00,1093.0
2024-01-31 16:00:00,1088.3
2024-01-31 17:00:00,1084.6999999999998
2024-01-31 18:00:00,1083.8
2024-01-31 19:00:00,1083.9
2024-01-31 20:00:00,1077.4
2024-01-31 21:00:00,1078.4
2024-01-31 23:00:00,1078.4
2024-02-01 14:30:00,1070.8
2024-02-01 15:00:00,1070.6999999999998
2024-02-01 16:00:00,1075.3
2024-02-01 17:00:00,1074.1999999999998
2024-02-01 18:00:00,1073.4
2024-02-01 19:00:00,1073.5
2024-02-01 20:00:00,1073.3
2024-02-01 21:00:00,1073.9
2024-02-01 23:00:00,1073.9
2024-02-02 14:30:00,1056.1
2024-02-02 15:00:00,1055.8
2024-02-02 16:00:00,1051.5
2024-02-02 17:00:00,1052.8
2024-02-02 18:00:00,1053.3999999999999
2024-02-02 19:00:00,1054.1
2024-02-02 20:00:00,1053.2
2024-02-02 21:00:00,1051.5
2024-02-02 23:00:00,1051.5
2024-02-05 14:30:00,1057.1
2024-02-05 15:00:00,1048.8
2024-02-05 16:00:00,1050.8999999999999
2024-02-05 17:00:00,1054.3999999999999
2024-02-05 18:00:00,1055.8999999999999
2024-02-05 19:00:00,1056.8
2024-02-05 20:00:00,1056.0
2024-02-05 21:00:00,1055.5
2024-02-05 23:00:00,1055.5
2024-02-06 14:30:00,1058.1
2024-02-06 15:00:00,1061.5
2024-02-06 16:00:00,1062.6
2024-02-06 17:00:00,1061.1
2024-02-06 18:00:00,1061.0
2024-02-06 19:00:00,1061.5
2024-02-06 20:00:00,1061.8999999999999
2024-02-06 21:00:00,1061.5
2024-02-06 23:00:00,1061.5
2024-02-07 14:30:00,1043.6
2024-02-07 15:00:00,1041.5
2024-02-07 16:00:00,1037.4
2024-02-07 17:00:00,1037.6
2024-02-07 18:00:00,1037.3
2024-02-07 19:00:00,1038.6
2024-02-07 20:00:00,1037.8
2024-02-07 21:00:00,1037.5
2024-02-07 23:00:00,1037.5
2024-02-08 14:30:00,1032.1999999999998
2024-02-08 15:00:00,1041.1999999999998
2024-02-08 16:00:00,1045.8
2024-02-08 17:00:00,1042.7
2024-02-08 18:00:00,1044.6
2024-02-08 19:00:00,1044.7
2024-02-08 20:00:00,1045.0
2024-02-08 21:00:00,1045.2
2024-02-08 23:00:00,1045.2
2024-02-09 14:30:00,1030.5
2024-02-09 15:00:00,1027.6
2024-02-09 16:00:00,1025.6999999999998
2024-02-09 17:00:00,1029.4
2024-02-09 18:00:00,1030.0
2024-02-09 19:00:00,1030.8
2024-02-09 20:00:00,1030.9
2024-02-09 21:00:00,1030.8
2024-02-09 23:00:00,1030.8
2024-02-12 14:30:00,1033.6999999999998
2024-02-12 15:00:00,1039.6
2024-02-12 16:00:00,1048.7
2024-02-12 17:00:00,1048.0
2024-02-12 18:00:00,1048.0
2024-02-12 19:00:00,1045.3999999999999
2024-02-12 20:00:00,1045.7
2024-02-12 21:00:00,1047.2
2024-02-12 23:00:00,1047.2
2024-02-13 14:30:00,1031.0
2024-02-13 15:00:00,1026.4
2024-02-13 16:00:00,1028.0
2024-02-13 17:00:00,1028.6
2024-02-13 18:00:00,1028.9
2024-02-13 19:00:00,1027.8
2024-02-13 20:00:00,1027.9
2024-02-13 21:00:00,1028.8
2024-02-13 23:00:00,1028.8
2024-02-14 14:30:00,1046.6
2024-02-14 15:00:00,1045.7
2024-02-14 16:00:00,1051.5
2024-02-14 17:00:00,1048.3999999999999
2024-02-14 18:00:00,1046.3999999999999
2024-02-14 19:00:00,1046.7
2024-02-14 20:00:00,1046.8999999999999
2024-02-14 21:00:00,1048.0
2024-02-14 23:00:00,1048.0
2024-02-15 14:30:00,1059.5
2024-02-15 15:00:00,1055.7
2024-02-15 16:00:00,1054.2
2024-02-15 17:00:00,1055.3
2024-02-15 18:00:00,1056.0
2024-02-15 19:00:00,1057.3999999999999
2024-02-15 20:00:00,1056.7
2024-02-15 21:00:00,1055.7
2024-02-15 23:00:00,1055.7
2024-02-16 14:30:00,1053.7
2024-02-16 15:00:00,1061.8
2024-02-16 16:00:00,1060.8999999999999
2024-02-16 17:00:00,1063.8
2024-02-16 18:00:00,1063.8
2024-02-16 19:00:00,1062.8999999999999
2024-02-16 20:00:00,1062.0
2024-02-16 21:00:00,1064.5
2024-02-16 23:00:00,1064.5
2024-02-20 14:30:00,1068.1
2024-02-20 15:00:00,1069.1999999999998
2024-02-20 16:00:00,1065.6
2024-02-20 17:00:00,1064.8
2024-02-20 18:00:00,1063.8
2024-02-20 19:00:00,1063.3
2024-02-20 20:00:00,1063.3
2024-02-20 21:00:00,1060.8
2024-02-20 23:00:00,1060.8
2024-02-21 14:30:00,1045.3
2024-02-21 15:00:00,1039.8
2024-02-21 16:00:00,1039.0
2024-02-21 17:00:00,1040.8
2024-02-21 18:00:00,1039.0
2024-02-21 19:00:00,1040.1999999999998
2024-02-21 20:00:00,1039.3
2024-02-21 21:00:00,1040.8
2024-02-21 23:00:00,1040.8
2024-02-22 14:30:00,1052.7
2024-02-22 15:00:00,1054.6
2024-02-22 16:00:00,1057.2
2024-02-22 17:00:00,1056.8
2024-02-22 18:00:00,1057.5
2024-02-22 19:00:00,1057.3999999999999
2024-02-22 20:00:00,1057.3999999999999
2024-02-22 21:00:00,1056.8999999999999
2024-02-22 23:00:00,1056.8999999999999
2024-02-23 14:30:00,1056.2
2024-02-23 15:00:00,1057.5
2024-02-23 16:00:00,1059.3
2024-02-23 17:00:00,1059.6
2024-02-23 18:00:00,1059.1
2024-02-23 19:00:00,1057.3999999999999
2024-02-23 20:00:00,1057.3999999999999
2024-02-23 21:00:00,1056.8
2024-02-23 23:00:00,1056.8
2024-02-26 14:30:00,1035.8
2024-02-26 15:00:00,1032.6
2024-02-26 16:00:00,1033.5
2024-02-26 17:00:00,1032.3
2024-02-26 18:00:00,1033.5
2024-02-26 19:00:00,1033.6999999999998
2024-02-26 20:00:00,1034.5
2024-02-26 21:00:00,1033.8
2024-02-26 23:00:00,1033.8
2024-02-27 14:30:00,1047.8999999999999
2024-02-27 15:00:00,1049.6
2024-02-27 16:00:00,1048.7
2024-02-27 17:00:00,1046.8
2024-02-27 18:00:00,1048.6
2024-02-27 19:00:00,1047.8999999999999
2024-02-27 20:00:00,1047.6
2024-02-27 21:00:00,1046.6
2024-02-27 23:00:00,1046.6
2024-02-28 14:30:00,1034.6999999999998
2024-02-28 15:00:00,1032.6999999999998
2024-02-28 16:00:00,1032.9
2024-02-28 17:00:00,1034.8
2024-02-28 18:00:00,1034.5
2024-02-28 19:00:00,1034.6999999999998
2024-02-28 20:00:00,1035.1
2024-02-28 21:00:00,1033.9
2024-02-28 23:00:00,1033.9
2024-02-29 14:30:00,1040.4
2024-02-29 15:00:00,1035.6999999999998
2024-02-29 16:00:00,1032.6
2024-02-29 17:00:00,1034.1999999999998
2024-02-29 18:00:00,1034.4
2024-02-29 19:00:00,1032.8
2024-02-29 20:00:00,1033.4
2024-02-29 21:00:00,1033.9
2024-02-29 23:00:00,1033.9
2024-03-01 14:30:00,1022.6999999999999
2024-03-01 15:00:00,1034.8
2024-03-01 16:00:00,1038.3
2024-03-01 17:00:00,1039.5
2024-03-01 18:00:00,1040.8
2024-03-01 19:00:00,1041.8
2024-03-01 20:00:00,1040.6
2024-03-01 21:00:00,1042.1
2024-03-01 23:00:00,1042.1
2024-03-04 14:30:00,1052.3
2024-03-04 15:00:00,1054.3
2024-03-04 16:00:00,1056.8999999999999
2024-03-04 17:00:00,1054.5
2024-03-04 18:00:00,1052.8
2024-03-04 19:00:00,1054.5
2024-03-04 20:00:00,1054.2
2024-03-04 21:00:00,1053.2
2024-03-04 23:00:00,1053.2
2024-03-05 14:30:00,1036.5
2024-03-05 15:00:00,1039.6
2024-03-05 16:00:00,1035.4
2024-03-05 17:00:00,1037.5
2024-03-05 18:00:00,1036.6
2024-03-05 19:00:00,1035.6999999999998
2024-03-05 20:00:00,1035.6999999999998
2024-03-05 21:00:00,1036.5
2024-03-05 23:00:00,1036.5
2024-03-06 14:30:00,1054.2
2024-03-06 15:00:00,1058.5
2024-03-06 16:00:00,1065.8999999999999
2024-03-06 17:00:00,1064.2
2024-03-06 18:00:00,1063.8
2024-03-06 19:00:00,1061.8999999999999
2024-03-06 20:00:00,1061.5
2024-03-06 21:00:00,1063.7
2024-03-06 23:00:00,1063.7
2024-03-07 14:30:00,1076.1999999999998
2024-03-07 15:00:00,1075.6
2024-03-07 16:00:00,1075.0
2024-03-07 17:00:00,1072.6
2024-03-07 18:00:00,1074.0
2024-03-07 19:00:00,1075.3
2024-03-07 20:00:00,1074.6
2024-03-07 21:00:00,1074.9
2024-03-07 23:00:00,1074.9
2024-03-08 14:30:00,1070.5
2024-03-08 15:00:00,1068.0
2024-03-08 16:00:00,1065.1
2024-03-08 17:00:00,1065.8
2024-03-08 18:00:00,1064.6
2024-03-08 19:00:00,1065.8999999999999
2024-03-08 20:00:00,1065.3999999999999
2024-03-08 21:00:00,1067.5
2024-03-08 23:00:00,1067.5
2024-03-11 13:30:00,1085.9
2024-03-11 14:00:00,1088.8
2024-03-11 15:00:00,1091.3
2024-03-11 16:00:00,1091.6
2024-03-11 17:00:00,1093.8
2024-03-11 18:00:00,1092.6999999999998
2024-03-11 19:00:00,1092.6
2024-03-11 20:00:00,1092.9
2024-03-11 23:00:00,1092.6999999999998
2024-03-12 13:30:00,1068.6
2024-03-12 14:00:00,1075.4
2024-03-12 15:00:00,1078.5
2024-03-12 16:00:00,1079.9
2024-03-12 17:00:00,1075.9
2024-03-12 18:00:00,1076.8
2024-03-12 19:00:00,1078.3
2024-03-12 20:00:00,1078.5
2024-03-12 23:00:00,1078.6
2024-03-13 13:30:00,1086.9
2024-03-13 14:00:00,1090.6
2024-03-13 15:00:00,1095.0
2024-03-13 16:00:00,1094.0
2024-03-13 17:00:00,1095.5
2024-03-13 18:00:00,1095.4
2024-03-13 19:00:00,1095.9
2024-03-13 20:00:00,1095.5
2024-03-13 23:00:00,1096.3
2024-03-14 13:30:00,1082.0
2024-03-14 14:00:00,1082.0
2024-03-14 15:00:00,1085.5
2024-03-14 16:00:00,1085.1999999999998
2024-03-14 17:00:00,1085.0
2024-03-14 18:00:00,1084.5
2024-03-14 19:00:00,1083.4
2024-03-14 20:00:00,1083.6
2024-03-14 23:00:00,1081.4
2024-03-15 13:30:00,1100.0
2024-03-15 14:00:00,1099.5
2024-03-15 15:00:00,1095.6999999999998
2024-03-15 16:00:00,1093.0
2024-03-15 17:00:00,1095.0
2024-03-15 18:00:00,1096.1
2024-03-15 19:00:00,1095.4
2024-03-15 20:00:00,1094.9
2024-03-15 20:00:01,1094.9
2024-03-15 23:00:00,1093.1999999999998
2024-03-18 13:30:00,1074.0
2024-03-18 14:00:00,1071.1999999999998
2024-03-18 15:00:00,1073.3
2024-03-18 16:00:00,1070.6999999999998
2024-03-18 17:00:00,1071.3
2024-03-18 18:00:00,1071.0
2024-03-18 19:00:00,1071.1
2024-03-18 20:00:00,1070.8
2024-03-18 23:00:00,1070.8
2024-03-19 13:30:00,1049.7
2024-03-19 14:00:00,1050.4999999999998
2024-03-19 15:00:00,1047.6
2024-03-19 16:00:00,1051.7
2024-03-19 17:00:00,1050.9999999999998
2024-03-19 18:00:00,1050.9999999999998
2024-03-19 19:00:00,1049.3999999999999
2024-03-19 20:00:00,1048.6
2024-03-19 23:00:00,1049.4999999999998
2024-03-20 13:30:00,1052.4999999999998
2024-03-20 14:00:00,1051.6
2024-03-20 15:00:00,1050.1
2024-03-20 16:00:00,1050.1
2024-03-20 17:00:00,1049.1
2024-03-20 18:00:00,1061.8
2024-03-20 19:00:00,1062.3999999999999
2024-03-20 20:00:00,1062.3
2024-03-20 23:00:00,1062.7
2024-03-21 13:30:00,1066.2
2024-03-21 14:00:00,1065.9999999999998
2024-03-21 15:00:00,1064.7
2024-03-21 16:00:00,1064.8
2024-03-21 17:00:00,1065.2
2024-03-21 18:00:00,1064.3999999999999
2024-03-21 19:00:00,1062.8999999999999
2024-03-21 20:00:00,1062.6
2024-03-21 23:00:00,1062.3999999999999
2024-03-22 13:30:00,1056.6
2024-03-22 14:00:00,1051.8
2024-03-22 15:00:00,1049.3999999999999
2024-03-22 16:00:00,1048.2
2024-03-22 17:00:00,1047.9999999999998
2024-03-22 18:00:00,1048.8
2024-03-22 19:00:00,1048.4999999999998
2024-03-22 20:00:00,1049.3
2024-03-22 23:00:00,1049.6
2024-03-25 13:30:00,1065.8
2024-03-25 14:00:00,1064.2
2024-03-25 15:00:00,1062.8999999999999
2024-03-25 16:00:00,1060.8
2024-03-25 17:00:00,1059.4999999999998
2024-03-25 18:00:00,1058.6
2024-03-25 19:00:00,1057.8
2024-03-25 20:00:00,1057.8
2024-03-25 23:00:00,1058.4999999999998
2024-03-26 13:30:00,1061.4999999999998
2024-03-26 14:00:00,1060.2
2024-03-26 15:00:00,1059.6
2024-03-26 16:00:00,1061.8
2024-03-26 17:00:00,1060.3999999999999
2024-03-26 18:00:00,1060.3999999999999
2024-03-26 19:00:00,1058.4999999999998
2024-03-26 20:00:00,1058.4999999999998
2024-03-26 23:00:00,1058.9999999999998
2024-03-27 13:30:00,1051.1
2024-03-27 14:00:00,1051.2
2024-03-27 15:00:00,1049.8999999999999
2024-03-27 16:00:00,1051.6
2024-03-27 17:00:00,1051.3999999999999
2024-03-27 18:00:00,1051.3
2024-03-27 19:00:00,1052.1
2024-03-27 20:00:00,1051.9999999999998
2024-03-27 23:00:00,1052.7
2024-03-28 13:30:00,1059.8
2024-03-28 14:00:00,1064.7
2024-03-28 15:00:00,1064.2
2024-03-28 16:00:00,1062.6
2024-03-28 17:00:00,1063.3999999999999
2024-03-28 18:00:00,1063.4999999999998
2024-03-28 19:00:00,1063.7
2024-03-28 20:00:00,1063.4999999999998
2024-03-28 23:00:00,1064.7
2024-04-01 14:30:00,1055.3
2024-04-01 15:00:00,1049.9999999999998
2024-04-01 16:00:00,1050.1
2024-04-01 17:00:00,1053.9999999999998
2024-04-01 18:00:00,1053.8999999999999
2024-04-01 19:00:00,1052.4999999999998
2024-04-01 20:00:00,1053.1
2024-04-01 21:00:00,1057.4999999999998
2024-04-01 23:00:00,1057.4999999999998
2024-04-02 14:30:00,1079.3
2024-04-02 15:00:00,1078.9
2024-04-02 16:00:00,1075.1
2024-04-02 17:00:00,1076.5
2024-04-02 18:00:00,1078.1999999999998
2024-04-02 19:00:00,1076.8
2024-04-02 20:00:00,1077.1999999999998
2024-04-02 21:00:00,1078.4
2024-04-02 23:00:00,1078.4
2024-04-03 14:30:00,1086.6
2024-04-03 15:00:00,1088.6999999999998
2024-04-03 16:00:00,1088.1
2024-04-03 17:00:00,1088.3
2024-04-03 18:00:00,1090.0
2024-04-03 19:00:00,1090.8
2024-04-03 20:00:00,1091.6999999999998
2024-04-03 21:00:00,1093.8
2024-04-03 23:00:00,1093.8
2024-04-04 14:30:00,1091.5
2024-04-04 15:00:00,1095.9
2024-04-04 16:00:00,1096.9
2024-04-04 17:00:00,1094.8
2024-04-04 18:00:00,1096.6
2024-04-04 19:00:00,1094.6999999999998
2024-04-04 20:00:00,1092.8
2024-04-04 21:00:00,1088.0
2024-04-04 23:00:00,1088.0
2024-04-05 14:30:00,1072.9
2024-04-05 15:00:00,1075.6
2024-04-05 16:00:00,1079.9
2024-04-05 17:00:00,1083.0
2024-04-05 18:00:00,1081.6999999999998
2024-04-05 19:00:00,1081.4
2024-04-05 20:00:00,1080.5
2024-04-05 21:00:00,1082.1
2024-04-05 23:00:00,1082.1
2024-04-08 14:30:00,1111.8
2024-04-08 15:00:00,1114.0
2024-04-08 16:00:00,1117.4
2024-04-08 17:00:00,1116.1999999999998
2024-04-08 18:00:00,1117.8
2024-04-08 19:00:00,1117.4
2024-04-08 20:00:00,1117.5
2024-04-08 21:00:00,1118.8
2024-04-08 23:00:00,1118.8
2024-04-09 14:30:00,1138.1999999999998
2024-04-09 15:00:00,1128.5
2024-04-09 16:00:00,1122.4
2024-04-09 17:00:00,1124.1999999999998
2024-04-09 18:00:00,1128.8
2024-04-09 19:00:00,1130.6
2024-04-09 20:00:00,1129.6
2024-04-09 21:00:00,1134.0
2024-04-09 23:00:00,1134.0
2024-04-10 14:30:00,1122.3
2024-04-10 15:00:00,1125.0
2024-04-10 16:00:00,1114.4
2024-04-10 17:00:00,1119.9
2024-04-10 18:00:00,1121.6999999999998
2024-04-10 19:00:00,1118.1
2024-04-10 20:00:00,1119.1999999999998
2024-04-10 21:00:00,1118.5
2024-04-10 23:00:00,1118.5
2024-04-11 14:30:00,1134.6
2024-04-11 15:00:00,1125.3
2024-04-11 16:00:00,1129.3
2024-04-11 17:00:00,1128.9
2024-04-11 18:00:00,1132.1999999999998
2024-04-11 19:00:00,1134.4
2024-04-11 20:00:00,1134.6
2024-04-11 21:00:00,1137.1
2024-04-11 23:00:00,1137.1
2024-04-12 14:30:00,1156.1000000000001
2024-04-12 15:00:00,1156.8
2024-04-12 16:00:00,1151.2
2024-04-12 17:00:00,1140.6
2024-04-12 18:00:00,1140.5
2024-04-12 19:00:00,1135.1999999999998
2024-04-12 20:00:00,1135.1
2024-04-12 21:00:00,1131.5
2024-04-12 23:00:00,1131.5
2024-04-15 14:30:00,1121.5
2024-04-15 15:00:00,1117.3
2024-04-15 16:00:00,1124.0
2024-04-15 17:00:00,1122.9
2024-04-15 18:00:00,1121.5
2024-04-15 19:00:00,1124.1
2024-04-15 20:00:00,1125.5
2024-04-15 21:00:00,1126.1999999999998
2024-04-15 23:00:00,1126.1999999999998
2024-04-16 14:30:00,1115.3
2024-04-16 15:00:00,1120.1
2024-04-16 16:00:00,1121.5
2024-04-16 17:00:00,1117.4
2024-04-16 18:00:00,1114.6
2024-04-16 19:00:00,1116.9
2024-04-16 20:00:00,1117.1999999999998
2024-04-16 21:00:00,1112.5
2024-04-16 23:00:00,1112.5
2024-04-17 14:30:00,1109.1999999999998
2024-04-17 15:00:00,1106.0
2024-04-17 16:00:00,1101.1
2024-04-17 17:00:00,1094.8
2024-04-17 18:00:00,1097.0
2024-04-17 19:00:00,1096.5
2024-04-17 20:00:00,1095.3
2024-04-17 21:00:00,1094.6999999999998
2024-04-17 23:00:00,1094.6999999999998
2024-04-18 14:30:00,1092.1999999999998
2024-04-18 15:00:00,1103.0
2024-04-18 16:00:00,1098.9
2024-04-18 17:00:00,1097.5
2024-04-18 18:00:00,1095.5
2024-04-18 19:00:00,1092.3
2024-04-18 20:00:00,1092.8
2024-04-18 21:00:00,1090.6999999999998
2024-04-18 23:00:00,1090.6999999999998
2024-04-19 14:30:00,1080.4
2024-04-19 15:00:00,1084.6999999999998
2024-04-19 16:00:00,1085.3
2024-04-19 17:00:00,1086.0
2024-04-19 18:00:00,1084.1
2024-04-19 19:00:00,1084.3
2024-04-19 20:00:00,1084.0
2024-04-19 21:00:00,1085.0
2024-04-19 23:00:00,1085.0
2024-04-22 14:30:00,1076.4
2024-04-22 15:00:00,1076.9
2024-04-22 16:00:00,1072.3
2024-04-22 17:00:00,1072.6
2024-04-22 18:00:00,1073.9
2024-04-22 19:00:00,1074.1
2024-04-22 20:00:00,1073.6
2024-04-22 21:00:00,1072.3
2024-04-22 23:00:00,1072.3
2024-04-23 14:30:00,1063.4999999999998
2024-04-23 15:00:00,1065.3
2024-04-23 16:00:00,1063.7
2024-04-23 17:00:00,1064.4999999999998
2024-04-23 18:00:00,1063.3
2024-04-23 19:00:00,1062.4999999999998
2024-04-23 20:00:00,1061.7
2024-04-23 21:00:00,1062.3999999999999
2024-04-23 23:00:00,1062.3999999999999
2024-04-24 14:30:00,1054.6
2024-04-24 15:00:00,1058.4999999999998
2024-04-24 16:00:00,1054.3999999999999
2024-04-24 17:00:00,1057.8
2024-04-24 18:00:00,1057.3
2024-04-24 19:00:00,1054.8
2024-04-24 20:00:00,1055.4999999999998
2024-04-24 21:00:00,1054.4999999999998
2024-04-24 23:00:00,1054.4999999999998
2024-04-25 14:30:00,1052.9999999999998
2024-04-25 15:00:00,1059.4999999999998
2024-04-25 16:00:00,1061.8
2024-04-25 17:00:00,1062.2
2024-04-25 18:00:00,1066.9
2024-04-25 19:00:00,1066.6
2024-04-25 20:00:00,1067.1
2024-04-25 21:00:00,1067.6999999999998
2024-04-25 23:00:00,1067.6999999999998
2024-04-26 14:30:00,1065.2
2024-04-26 15:00:00,1063.9999999999998
2024-04-26 16:00:00,1064.1
2024-04-26 17:00:00,1062.8999999999999
2024-04-26 18:00:00,1064.4999999999998
2024-04-26 19:00:00,1064.8
2024-04-26 20:00:00,1064.1
2024-04-26 21:00:00,1066.1
2024-04-26 23:00:00,1066.1
2024-04-29 14:30:00,1089.1999999999998
2024-04-29 15:00:00,1096.1
2024-04-29 16:00:00,1102.3
2024-04-29 17:00:00,1102.8
2024-04-29 18:00:00,1102.0
2024-04-29 19:00:00,1100.3
2024-04-29 20:00:00,1099.3
2024-04-29 21:00:00,1101.6999999999998
2024-04-29 23:00:00,1101.6999999999998
2024-04-30 14:30:00,1087.8
2024-04-30 15:00:00,1082.1
2024-04-30 16:00:00,1086.1
2024-04-30 17:00:00,1085.9
2024-04-30 18:00:00,1089.9
2024-04-30 19:00:00,1087.0
2024-04-30 20:00:00,1088.5
2024-04-30 21:00:00,1087.5
2024-04-30 23:00:00,1087.5
2024-05-01 14:30:00,1106.0
2024-05-01 15:00:00,1108.1
2024-05-01 16:00:00,1103.0
2024-05-01 17:00:00,1099.6
2024-05-01 18:00:00,1096.5
2024-05-01 19:00:00,1107.8
2024-05-01 20:00:00,1106.3
2024-05-01 21:00:00,1104.4
2024-05-01 23:00:00,1104.4
2024-05-02 14:30:00,1094.9
2024-05-02 15:00:00,1104.1
2024-05-02 16:00:00,1104.0
2024-05-02 17:00:00,1105.0
2024-05-02 18:00:00,1106.6
2024-05-02 19:00:00,1107.3
2024-05-02 20:00:00,1106.6999999999998
2024-05-02 21:00:00,1104.6999999999998
2024-05-02 23:00:00,1104.6999999999998
2024-05-03 14:30:00,1105.8
2024-05-03 15:00:00,1102.6
2024-05-03 16:00:00,1102.8
2024-05-03 17:00:00,1107.9
2024-05-03 18:00:00,1107.9
2024-05-03 19:00:00,1106.8
2024-05-03 20:00:00,1106.4
2024-05-03 21:00:00,1107.9
2024-05-03 23:00:00,1107.9
2024-05-06 14:30:00,1111.1
2024-05-06 15:00:00,1110.8
2024-05-06 16:00:00,1105.6999999999998
2024-05-06 17:00:00,1105.9
2024-05-06 18:00:00,1107.6
2024-05-06 19:00:00,1108.0
2024-05-06 20:00:00,1107.8
2024-05-06 21:00:00,1108.6
2024-05-06 23:00:00,1108.6
2024-05-07 14:30:00,1129.1
2024-05-07 15:00:00,1130.6
2024-05-07 16:00:00,1128.4
2024-05-07 17:00:00,1130.4
2024-05-07 18:00:00,1130.3
2024-05-07 19:00:00,1129.6999999999998
2024-05-07 20:00:00,1130.0
2024-05-07 21:00:00,1129.6999999999998
2024-05-07 23:00:00,1129.6999999999998
2024-05-08 14:30:00,1117.0
2024-05-08 15:00:00,1125.9
2024-05-08 16:00:00,1127.5
2024-05-08 17:00:00,1124.8
2024-05-08 18:00:00,1127.3
2024-05-08 19:00:00,1127.8
2024-05-08 20:00:00,1127.6
2024-05-08 21:00:00,1126.5
2024-05-08 23:00:00,1126.5
2024-05-09 14:30:00,1129.4
2024-05-09 15:00:00,1132.1999999999998
2024-05-09 16:00:00,1132.1999999999998
2024-05-09 17:00:00,1133.1
2024-05-09 18:00:00,1134.1999999999998
2024-05-09 19:00:00,1136.1
2024-05-09 20:00:00,1135.9
2024-05-09 21:00:00,1134.8
2024-05-09 23:00:00,1134.8
2024-05-10 14:30:00,1147.8
2024-05-10 15:00:00,1140.6
2024-05-10 16:00:00,1146.6
2024-05-10 17:00:00,1148.1
2024-05-10 18:00:00,1148.6
2024-05-10 19:00:00,1149.8
2024-05-10 20:00:00,1149.3
2024-05-10 21:00:00,1147.2
2024-05-10 23:00:00,1147.2
2024-05-13 14:30:00,1165.3
2024-05-13 15:00:00,1155.8999999999999
2024-05-13 16:00:00,1151.8999999999999
2024-05-13 17:00:00,1152.6
2024-05-13 18:00:00,1151.8999999999999
2024-05-13 19:00:00,1151.8999999999999
2024-05-13 20:00:00,1151.3999999999999
2024-05-13 21:00:00,1151.2
2024-05-13 23:00:00,1151.2
2024-05-14 14:30:00,1174.6000000000001
2024-05-14 15:00:00,1178.4999999999998
2024-05-14 16:00:00,1183.3999999999999
2024-05-14 17:00:00,1184.8999999999999
2024-05-14 18:00:00,1185.3999999999999
2024-05-14 19:00:00,1187.7
2024-05-14 20:00:00,1188.3999999999999
2024-05-14 21:00:00,1189.2
2024-05-14 23:00:00,1189.2
2024-05-15 14:30:00,1197.3999999999999
2024-05-15 15:00:00,1205.3
2024-05-15 16:00:00,1206.7
2024-05-15 17:00:00,1211.4999999999998
2024-05-15 18:00:00,1214.3
2024-05-15 19:00:00,1215.4999999999998
2024-05-15 20:00:00,1215.4999999999998
2024-05-15 21:00:00,1218.6000000000001
2024-05-15 23:00:00,1218.6000000000001
2024-05-16 14:30:00,1202.8999999999999
2024-05-16 15:00:00,1200.9999999999998
2024-05-16 16:00:00,1208.6000000000001
2024-05-16 17:00:00,1209.8999999999999
2024-05-16 18:00:00,1210.6000000000001
2024-05-16 19:00:00,1212.8999999999999
2024-05-16 20:00:00,1213.6000000000001
2024-05-16 21:00:00,1212.8
2024-05-16 23:00:00,1212.8
2024-05-17 14:30:00,1216.2
2024-05-17 15:00:00,1226.4999999999998
2024-05-17 16:00:00,1227.8999999999999
2024-05-17 17:00:00,1230.9999999999998
2024-05-17 18:00:00,1235.9999999999998
2024-05-17 19:00:00,1241.6000000000001
2024-05-17 20:00:00,1239.4999999999998
2024-05-17 21:00:00,1236.3999999999999
2024-05-17 23:00:00,1236.3999999999999
2024-05-20 14:30:00,1205.7
2024-05-20 15:00:00,1208.8
2024-05-20 16:00:00,1207.4999999999998
2024-05-20 17:00:00,1205.4999999999998
2024-05-20 18:00:00,1205.3
2024-05-20 19:00:00,1203.6000000000001
2024-05-20 20:00:00,1204.3999999999999
2024-05-20 21:00:00,1201.3
2024-05-20 23:00:00,1201.3
2024-05-21 14:30:00,1206.8
2024-05-21 15:00:00,1207.2
2024-05-21 16:00:00,1201.4999999999998
2024-05-21 17:00:00,1202.4999999999998
2024-05-21 18:00:00,1204.2
2024-05-21 19:00:00,1204.2
2024-05-21 20:00:00,1206.2
2024-05-21 21:00:00,1204.4999999999998
2024-05-21 23:00:00,1204.4999999999998
2024-05-22 14:30:00,1203.9999999999998
2024-05-22 15:00:00,1197.8999999999999
2024-05-22 16:00:00,1192.2
2024-05-22 17:00:00,1193.8999999999999
2024-05-22 18:00:00,1191.3
2024-05-22 19:00:00,1186.7
2024-05-22 20:00:00,1188.3999999999999
2024-05-22 21:00:00,1188.2
2024-05-22 23:00:00,1188.2
2024-05-23 14:30:00,1187.2
2024-05-23 15:00:00,1176.7
2024-05-23 16:00:00,1177.9999999999998
2024-05-23 17:00:00,1172.3
2024-05-23 18:00:00,1169.7
2024-05-23 19:00:00,1170.7
2024-05-23 20:00:00,1170.3
2024-05-23 21:00:00,1168.3
2024-05-23 23:00:00,1168.3
2024-05-24 14:30:00,1176.3999999999999
2024-05-24 15:00:00,1178.7
2024-05-24 16:00:00,1177.2
2024-05-24 17:00:00,1178.1000000000001
2024-05-24 18:00:00,1177.1000000000001
2024-05-24 19:00:00,1177.4999999999998
2024-05-24 20:00:00,1175.7
2024-05-24 21:00:00,1176.8999999999999
2024-05-24 23:00:00,1176.8999999999999
2024-05-28 14:30:00,1200.7
2024-05-28 15:00:00,1204.7
2024-05-28 16:00:00,1214.8
2024-05-28 17:00:00,1211.3
2024-05-28 18:00:00,1207.6000000000001
2024-05-28 19:00:00,1206.6000000000001
2024-05-28 20:00:00,1207.2
2024-05-28 21:00:00,1213.3999999999999
2024-05-28 23:00:00,1213.3999999999999
2024-05-29 14:30:00,1191.1000000000001
2024-05-29 15:00:00,1188.9999999999998
2024-05-29 16:00:00,1188.8999999999999
2024-05-29 17:00:00,1189.8
2024-05-29 18:00:00,1191.3999999999999
2024-05-29 19:00:00,1188.7
2024-05-29 20:00:00,1188.8999999999999
2024-05-29 21:00:00,1187.8999999999999
2024-05-29 23:00:00,1187.8999999999999
2024-05-30 14:30:00,1187.8
2024-05-30 15:00:00,1182.1000000000001
2024-05-30 16:00:00,1183.7
2024-05-30 17:00:00,1179.3
2024-05-30 18:00:00,1178.9999999999998
2024-05-30 19:00:00,1175.4999999999998
2024-05-30 20:00:00,1174.9999999999998
2024-05-30 21:00:00,1176.9999999999998
2024-05-30 23:00:00,1176.9999999999998
2024-05-31 14:30:00,1187.1000000000001
2024-05-31 15:00:00,1182.8
2024-05-31 16:00:00,1171.8999999999999
2024-05-31 17:00:00,1184.9999999999998
2024-05-31 18:00:00,1185.6000000000001
2024-05-31 19:00:00,1186.3
2024-05-31 20:00:00,1186.4999999999998
2024-05-31 21:00:00,1186.2
2024-05-31 23:00:00,1186.2
2024-06-03 14:30:00,1173.6000000000001
2024-06-03 15:00:00,1167.4999999999998
2024-06-03 16:00:00,1167.4999999999998
2024-06-03 17:00:00,1165.4999999999998
2024-06-03 18:00:00,1164.8999999999999
2024-06-03 19:00:00,1163.8999999999999
2024-06-03 20:00:00,1165.3
2024-06-03 21:00:00,1165.7
2024-06-03 23:00:00,1165.7
2024-06-04 14:30:00,1151.6
2024-06-04 15:00:00,1148.3
2024-06-04 16:00:00,1143.6
2024-06-04 17:00:00,1135.9
2024-06-04 18:00:00,1142.1999999999998
2024-06-04 19:00:00,1142.1999999999998
2024-06-04 20:00:00,1141.8
2024-06-04 21:00:00,1139.3
2024-06-04 23:00:00,1139.3
2024-06-05 14:30:00,1137.8
2024-06-05 15:00:00,1139.0
2024-06-05 16:00:00,1144.6
2024-06-05 17:00:00,1143.3999999999999
2024-06-05 18:00:00,1142.6999999999998
2024-06-05 19:00:00,1144.3
2024-06-05 20:00:00,1144.1
2024-06-05 21:00:00,1144.3
2024-06-05 23:00:00,1144.3
2024-06-06 14:30:00,1144.8999999999999
2024-06-06 15:00:00,1143.6
2024-06-06 16:00:00,1154.1000000000001
2024-06-06 17:00:00,1154.3999999999999
2024-06-06 18:00:00,1156.3999999999999
2024-06-06 19:00:00,1153.8
2024-06-06 20:00:00,1153.8999999999999
2024-06-06 21:00:00,1152.8999999999999
2024-06-06 23:00:00,1152.8999999999999
2024-06-07 14:30:00,1122.6999999999998
2024-06-07 15:00:00,1120.8
2024-06-07 16:00:00,1111.0
2024-06-07 17:00:00,1114.6
2024-06-07 18:00:00,1112.1999999999998
2024-06-07 19:00:00,1114.1999999999998
2024-06-07 20:00:00,1114.0
2024-06-07 21:00:00,1112.1
2024-06-07 23:00:00,1112.1
2024-06-10 14:30:00,1119.4
2024-06-10 15:00:00,1116.1
2024-06-10 16:00:00,1121.9
2024-06-10 17:00:00,1120.0
2024-06-10 18:00:00,1119.1
2024-06-10 19:00:00,1118.8
2024-06-10 20:00:00,1118.6
2024-06-10 21:00:00,1119.0
2024-06-10 23:00:00,1119.0
2024-06-11 14:30:00,1101.6999999999998
2024-06-11 15:00:00,1102.8
2024-06-11 16:00:00,1097.1999999999998
2024-06-11 17:00:00,1100.1999999999998
2024-06-11 18:00:00,1101.4
2024-06-11 19:00:00,1102.0
2024-06-11 20:00:00,1102.1
2024-06-11 21:00:00,1102.0
2024-06-11 23:00:00,1102.0
2024-06-12 14:30:00,1107.6
2024-06-12 15:00:00,1107.4
2024-06-12 16:00:00,1111.5
2024-06-12 17:00:00,1114.5
2024-06-12 18:00:00,1110.5
2024-06-12 19:00:00,1107.3
2024-06-12 20:00:00,1106.8
2024-06-12 21:00:00,1105.8
2024-06-12 23:00:00,1105.8
2024-06-13 14:30:00,1097.0
2024-06-13 15:00:00,1094.1999999999998
2024-06-13 16:00:00,1091.6999999999998
2024-06-13 17:00:00,1095.4
2024-06-13 18:00:00,1095.8
2024-06-13 19:00:00,1096.6999999999998
2024-06-13 20:00:00,1096.4
2024-06-13 21:00:00,1096.9
2024-06-13 23:00:00,1096.9
2024-06-14 14:30:00,1096.4
2024-06-14 15:00:00,1095.8
2024-06-14 16:00:00,1098.0
2024-06-14 17:00:00,1100.4
2024-06-14 18:00:00,1100.6
2024-06-14 19:00:00,1101.6
2024-06-14 20:00:00,1101.4
2024-06-14 21:00:00,1104.9
2024-06-14 23:00:00,1104.9
2024-06-17 14:30:00,1107.8
2024-06-17 15:00:00,1113.8
2024-06-17 16:00:00,1107.1999999999998
2024-06-17 17:00:00,1113.1999999999998
2024-06-17 18:00:00,1114.6999999999998
2024-06-17 19:00:00,1115.4
2024-06-17 20:00:00,1115.5
2024-06-17 21:00:00,1116.8
2024-06-17 23:00:00,1116.8
2024-06-18 14:30:00,1116.8
2024-06-18 15:00:00,1112.5
2024-06-18 16:00:00,1113.8
2024-06-18 17:00:00,1118.8
2024-06-18 18:00:00,1119.9
2024-06-18 19:00:00,1120.6
2024-06-18 20:00:00,1120.1
2024-06-18 21:00:00,1120.5
2024-06-18 23:00:00,1120.5
2024-06-18 23:00:01,1120.5
2024-06-20 14:30:00,1121.1
2024-06-20 15:00:00,1127.9
2024-06-20 16:00:00,1125.5
2024-06-20 17:00:00,1123.1
2024-06-20 18:00:00,1125.3
2024-06-20 19:00:00,1128.5
2024-06-20 20:00:00,1128.3
2024-06-20 21:00:00,1126.3
2024-06-20 23:00:00,1126.3
2024-06-21 14:30:00,1130.8
2024-06-21 15:00:00,1135.5
2024-06-21 16:00:00,1136.3
2024-06-21 17:00:00,1136.8
2024-06-21 18:00:00,1136.5
2024-06-21 19:00:00,1136.4
2024-06-21 20:00:00,1135.8
2024-06-21 21:00:00,1135.6
2024-06-21 23:00:00,1135.6
2024-06-24 14:30:00,1147.3999999999999
2024-06-24 15:00:00,1147.9999999999998
2024-06-24 16:00:00,1142.6
2024-06-24 17:00:00,1141.6999999999998
2024-06-24 18:00:00,1141.0
2024-06-24 19:00:00,1141.9
2024-06-24 20:00:00,1142.3
2024-06-24 21:00:00,1141.9
2024-06-24 23:00:00,1141.9
2024-06-25 14:30:00,1129.9
2024-06-25 15:00:00,1131.6999999999998
2024-06-25 16:00:00,1133.1999999999998
2024-06-25 17:00:00,1130.9
2024-06-25 18:00:00,1125.5
2024-06-25 19:00:00,1127.1
2024-06-25 20:00:00,1126.3
2024-06-25 21:00:00,1128.0
2024-06-25 23:00:00,1128.0
2024-06-26 14:30:00,1140.1
2024-06-26 15:00:00,1143.3
2024-06-26 16:00:00,1155.9999999999998
2024-06-26 17:00:00,1164.1000000000001
2024-06-26 18:00:00,1160.3999999999999
2024-06-26 19:00:00,1160.3
2024-06-26 20:00:00,1160.4999999999998
2024-06-26 21:00:00,1157.7
2024-06-26 23:00:00,1157.7
2024-06-27 14:30:00,1140.5
2024-06-27 15:00:00,1139.6
2024-06-27 16:00:00,1132.3
2024-06-27 17:00:00,1133.1999999999998
2024-06-27 18:00:00,1132.5
2024-06-27 19:00:00,1130.6
2024-06-27 20:00:00,1130.6
2024-06-27 21:00:00,1132.6999999999998
2024-06-27 23:00:00,1132.6999999999998
2024-06-28 14:30:00,1151.9999999999998
2024-06-28 15:00:00,1147.8999999999999
2024-06-28 16:00:00,1145.2
2024-06-28 17:00:00,1142.6
2024-06-28 18:00:00,1140.0
2024-06-28 19:00:00,1137.9
2024-06-28 20:00:00,1137.8
2024-06-28 21:00:00,1137.6999999999998
2024-06-28 23:00:00,1137.6999999999998
2024-07-01 14:30:00,1128.5
2024-07-01 15:00:00,1117.9
2024-07-01 16:00:00,1117.5
2024-07-01 17:00:00,1117.1
2024-07-01 18:00:00,1118.3
2024-07-01 19:00:00,1118.8
2024-07-01 20:00:00,1118.6
2024-07-01 21:00:00,1122.1
2024-07-01 23:00:00,1122.1
2024-07-02 14:30:00,1142.6999999999998
2024-07-02 15:00:00,1143.9999999999998
2024-07-02 16:00:00,1139.6999999999998
2024-07-02 17:00:00,1138.0
2024-07-02 18:00:00,1138.0
2024-07-02 19:00:00,1140.8
2024-07-02 20:00:00,1140.8
2024-07-02 21:00:00,1140.9
2024-07-02 23:00:00,1140.9
2024-07-03 14:30:00,1150.4999999999998
2024-07-03 15:00:00,1145.2
2024-07-03 16:00:00,1145.1
2024-07-03 17:00:00,1141.4
2024-07-03 23:00:00,1141.4
2024-07-05 14:30:00,1168.7
2024-07-05 15:00:00,1170.7
2024-07-05 16:00:00,1176.8999999999999
2024-07-05 17:00:00,1173.6000000000001
2024-07-05 18:00:00,1174.1000000000001
2024-07-05 19:00:00,1173.2
2024-07-05 20:00:00,1171.3
2024-07-05 21:00:00,1172.7
2024-07-05 23:00:00,1172.7
2024-07-08 14:30:00,1148.1
2024-07-08 15:00:00,1144.8
2024-07-08 16:00:00,1141.5
2024-07-08 17:00:00,1142.4
2024-07-08 18:00:00,1142.5
2024-07-08 19:00:00,1141.3
2024-07-08 20:00:00,1141.1999999999998
2024-07-08 21:00:00,1143.1
2024-07-08 23:00:00,1143.1
2024-07-09 14:30:00,1136.4
2024-07-09 15:00:00,1124.0
2024-07-09 16:00:00,1128.0
2024-07-09 17:00:00,1128.4
2024-07-09 18:00:00,1126.3
2024-07-09 19:00:00,1127.0
2024-07-09 20:00:00,1127.0
2024-07-09 21:00:00,1128.6
2024-07-09 23:00:00,1128.6
2024-07-10 14:30:00,1136.6999999999998
2024-07-10 15:00:00,1131.6999999999998
2024-07-10 16:00:00,1133.9
2024-07-10 17:00:00,1134.3
2024-07-10 18:00:00,1135.4
2024-07-10 19:00:00,1136.6
2024-07-10 20:00:00,1136.6
2024-07-10 21:00:00,1136.1
2024-07-10 23:00:00,1136.1
2024-07-11 14:30:00,1150.8999999999999
2024-07-11 15:00:00,1147.3999999999999
2024-07-11 16:00:00,1147.1
2024-07-11 17:00:00,1143.2
2024-07-11 18:00:00,1144.6
2024-07-11 19:00:00,1147.1
2024-07-11 20:00:00,1147.2
2024-07-11 21:00:00,1147.7
2024-07-11 23:00:00,1147.7
2024-07-12 14:30:00,1136.5
2024-07-12 15:00:00,1139.6999999999998
2024-07-12 16:00:00,1139.1
2024-07-12 17:00:00,1142.1999999999998
2024-07-12 18:00:00,1142.8
2024-07-12 19:00:00,1142.0
2024-07-12 20:00:00,1142.0
2024-07-12 21:00:00,1143.6
2024-07-12 23:00:00,1143.6
2024-07-15 14:30:00,1138.0
2024-07-15 15:00:00,1149.8
2024-07-15 16:00:00,1146.6
2024-07-15 17:00:00,1142.1999999999998
2024-07-15 18:00:00,1139.0
2024-07-15 19:00:00,1140.1999999999998
2024-07-15 20:00:00,1139.6
2024-07-15 21:00:00,1139.8
2024-07-15 23:00:00,1139.8
2024-07-16 14:30:00,1129.1
2024-07-16 15:00:00,1132.8
2024-07-16 16:00:00,1140.1
2024-07-16 17:00:00,1140.0
2024-07-16 18:00:00,1142.4
2024-07-16 19:00:00,1144.2
2024-07-16 20:00:00,1143.8999999999999
2024-07-16 21:00:00,1144.7
2024-07-16 23:00:00,1144.7
2024-07-17 14:30:00,1160.2
2024-07-17 15:00:00,1140.0
2024-07-17 16:00:00,1137.6
2024-07-17 17:00:00,1136.8
2024-07-17 18:00:00,1136.1
2024-07-17 19:00:00,1136.3
2024-07-17 20:00:00,1136.5
2024-07-17 21:00:00,1138.1999999999998
2024-07-17 23:00:00,1138.1999999999998
2024-07-18 14:30:00,1132.5
2024-07-18 15:00:00,1127.0
2024-07-18 16:00:00,1116.6
2024-07-18 17:00:00,1116.1999999999998
2024-07-18 18:00:00,1116.3
2024-07-18 19:00:00,1110.6
2024-07-18 20:00:00,1108.9
2024-07-18 21:00:00,1109.8
2024-07-18 23:00:00,1109.8
2024-07-19 14:30:00,1105.0
2024-07-19 15:00:00,1104.6999999999998
2024-07-19 16:00:00,1105.6
2024-07-19 17:00:00,1102.6999999999998
2024-07-19 18:00:00,1102.9
2024-07-19 19:00:00,1102.8
2024-07-19 20:00:00,1105.0
2024-07-19 21:00:00,1104.6
2024-07-19 23:00:00,1104.6
2024-07-22 14:30:00,1081.6999999999998
2024-07-22 15:00:00,1083.6
2024-07-22 16:00:00,1086.3
2024-07-22 17:00:00,1086.1999999999998
2024-07-22 18:00:00,1087.1999999999998
2024-07-22 19:00:00,1088.5
2024-07-22 20:00:00,1090.0
2024-07-22 21:00:00,1089.3
2024-07-22 23:00:00,1089.3
2024-07-23 14:30:00,1082.6
2024-07-23 15:00:00,1081.0
2024-07-23 16:00:00,1087.1
2024-07-23 17:00:00,1084.9
2024-07-23 18:00:00,1085.3
2024-07-23 19:00:00,1086.0
2024-07-23 20:00:00,1086.0
2024-07-23 21:00:00,1085.1999999999998
2024-07-23 23:00:00,1085.1999999999998
2024-07-24 14:30:00,1093.8
2024-07-24 15:00:00,1096.4
2024-07-24 16:00:00,1097.5
2024-07-24 17:00:00,1098.1
2024-07-24 18:00:00,1093.1
2024-07-24 19:00:00,1090.6999999999998
2024-07-24 20:00:00,1089.6999999999998
2024-07-24 21:00:00,1088.4
2024-07-24 23:00:00,1088.4
2024-07-25 14:30:00,1073.1999999999998
2024-07-25 15:00:00,1075.3
2024-07-25 16:00:00,1073.5
2024-07-25 17:00:00,1074.6999999999998
2024-07-25 18:00:00,1073.8
2024-07-25 19:00:00,1072.8
2024-07-25 20:00:00,1074.3
2024-07-25 21:00:00,1073.1999999999998
2024-07-25 23:00:00,1073.1999999999998
2024-07-26 14:30:00,1069.0
2024-07-26 15:00:00,1066.1
2024-07-26 16:00:00,1070.9
2024-07-26 17:00:00,1074.5
2024-07-26 18:00:00,1071.3
2024-07-26 19:00:00,1071.3
2024-07-26 20:00:00,1075.6
2024-07-26 21:00:00,1075.5
2024-07-26 23:00:00,1075.5
2024-07-29 14:30:00,1087.6
2024-07-29 15:00:00,1087.1999999999998
2024-07-29 16:00:00,1087.8
2024-07-29 17:00:00,1086.6
2024-07-29 18:00:00,1089.9
2024-07-29 19:00:00,1089.1999999999998
2024-07-29 20:00:00,1089.3
2024-07-29 21:00:00,1089.1
2024-07-29 23:00:00,1089.1
2024-07-30 14:30:00,1094.5
2024-07-30 15:00:00,1094.6999999999998
2024-07-30 16:00:00,1092.6
2024-07-30 17:00:00,1098.0
2024-07-30 18:00:00,1101.3
2024-07-30 19:00:00,1099.4
2024-07-30 20:00:00,1098.9
2024-07-30 21:00:00,1098.6
2024-07-30 23:00:00,1098.6
2024-07-31 14:30:00,1112.1999999999998
2024-07-31 15:00:00,1115.0
2024-07-31 16:00:00,1113.0
2024-07-31 17:00:00,1114.6999999999998
2024-07-31 18:00:00,1111.1
2024-07-31 19:00:00,1114.9
2024-07-31 20:00:00,1115.5
2024-07-31 21:00:00,1115.1999999999998
2024-07-31 23:00:00,1115.1999999999998
2024-08-01 14:30:00,1110.3
2024-08-01 15:00:00,1102.6999999999998
2024-08-01 16:00:00,1101.3
2024-08-01 17:00:00,1099.1999999999998
2024-08-01 18:00:00,1099.5
2024-08-01 19:00:00,1098.1
2024-08-01 20:00:00,1099.8
2024-08-01 21:00:00,1099.6999999999998
2024-08-01 23:00:00,1099.6999999999998
2024-08-02 14:30:00,1105.1999999999998
2024-08-02 15:00:00,1092.6999999999998
2024-08-02 16:00:00,1101.6
2024-08-02 17:00:00,1097.3
2024-08-02 18:00:00,1095.6999999999998
2024-08-02 19:00:00,1096.6
2024-08-02 20:00:00,1095.0
2024-08-02 21:00:00,1095.8
2024-08-02 23:00:00,1095.8
2024-08-05 14:30:00,1051.6
2024-08-05 15:00:00,1050.8999999999999
2024-08-05 16:00:00,1051.3999999999999
2024-08-05 17:00:00,1042.6
2024-08-05 18:00:00,1046.1
2024-08-05 19:00:00,1045.3999999999999
2024-08-05 20:00:00,1047.2
2024-08-05 21:00:00,1046.9999999999998
2024-08-05 23:00:00,1046.9999999999998
2024-08-06 14:30:00,1050.4999999999998
2024-08-06 15:00:00,1058.8999999999999
2024-08-06 16:00:00,1052.7
2024-08-06 17:00:00,1052.2
2024-08-06 18:00:00,1050.8
2024-08-06 19:00:00,1050.8999999999999
2024-08-06 20:00:00,1050.2
2024-08-06 21:00:00,1048.8999999999999
2024-08-06 23:00:00,1048.8999999999999
2024-08-07 14:30:00,1057.3999999999999
2024-08-07 15:00:00,1061.7
2024-08-07 16:00:00,1060.3
2024-08-07 17:00:00,1058.2
2024-08-07 18:00:00,1053.8999999999999
2024-08-07 19:00:00,1049.3
2024-08-07 20:00:00,1049.8999999999999
2024-08-07 21:00:00,1051.3
2024-08-07 23:00:00,1051.3
2024-08-08 14:30:00,1065.4999999999998
2024-08-08 15:00:00,1069.1
2024-08-08 16:00:00,1068.1
2024-08-08 17:00:00,1068.1999999999998
2024-08-08 18:00:00,1069.9
2024-08-08 19:00:00,1070.6
2024-08-08 20:00:00,1069.8
2024-08-08 21:00:00,1070.9
2024-08-08 23:00:00,1070.9
2024-08-09 14:30:00,1059.3
2024-08-09 15:00:00,1060.9999999999998
2024-08-09 16:00:00,1059.3
2024-08-09 17:00:00,1057.6
2024-08-09 18:00:00,1057.7
2024-08-09 19:00:00,1056.4999999999998
2024-08-09 20:00:00,1058.2
2024-08-09 21:00:00,1059.1
2024-08-09 23:00:00,1059.1
2024-08-12 14:30:00,1076.9
2024-08-12 15:00:00,1079.3
2024-08-12 16:00:00,1077.3
2024-08-12 17:00:00,1074.9
2024-08-12 18:00:00,1076.5
2024-08-12 19:00:00,1076.5
2024-08-12 20:00:00,1077.8
2024-08-12 21:00:00,1077.6999999999998
2024-08-12 23:00:00,1077.6999999999998
2024-08-13 14:30:00,1069.6999999999998
2024-08-13 15:00:00,1071.0
2024-08-13 16:00:00,1069.6999999999998
2024-08-13 17:00:00,1074.3
2024-08-13 18:00:00,1074.4
2024-08-13 19:00:00,1075.1999999999998
2024-08-13 20:00:00,1074.6
2024-08-13 21:00:00,1075.3
2024-08-13 23:00:00,1075.3
2024-08-14 14:30:00,1065.4999999999998
2024-08-14 15:00:00,1063.9999999999998
2024-08-14 16:00:00,1061.1
2024-08-14 17:00:00,1059.2
2024-08-14 18:00:00,1058.9999999999998
2024-08-14 19:00:00,1060.1
2024-08-14 20:00:00,1060.2
2024-08-14 21:00:00,1059.3999999999999
2024-08-14 23:00:00,1059.3999999999999
2024-08-15 14:30:00,1086.0
2024-08-15 15:00:00,1094.3
2024-08-15 16:00:00,1094.6999999999998
2024-08-15 17:00:00,1095.6999999999998
2024-08-15 18:00:00,1092.1
2024-08-15 19:00:00,1092.9
2024-08-15 20:00:00,1092.6999999999998
2024-08-15 21:00:00,1091.0
2024-08-15 23:00:00,1091.0
2024-08-16 14:30:00,1089.3
2024-08-16 15:00:00,1082.8
2024-08-16 16:00:00,1085.5
2024-08-16 17:00:00,1092.6999999999998
2024-08-16 18:00:00,1089.3
2024-08-16 19:00:00,1088.5
2024-08-16 20:00:00,1090.6
2024-08-16 21:00:00,1091.5
2024-08-16 23:00:00,1091.5
2024-08-19 14:30:00,1084.6999999999998
2024-08-19 15:00:00,1092.1999999999998
2024-08-19 16:00:00,1091.1999999999998
2024-08-19 17:00:00,1092.4
2024-08-19 18:00:00,1092.0
2024-08-19 19:00:00,1094.9
2024-08-19 20:00:00,1094.9
2024-08-19 21:00:00,1093.6999999999998
2024-08-19 23:00:00,1093.6999999999998
2024-08-20 14:30:00,1092.1999999999998
2024-08-20 15:00:00,1085.0
2024-08-20 16:00:00,1085.4
2024-08-20 17:00:00,1084.9
2024-08-20 18:00:00,1085.1
2024-08-20 19:00:00,1085.8
2024-08-20 20:00:00,1085.6
2024-08-20 21:00:00,1085.8
2024-08-20 23:00:00,1085.8
2024-08-21 14:30:00,1100.9
2024-08-21 15:00:00,1103.4
2024-08-21 16:00:00,1105.1999999999998
2024-08-21 17:00:00,1100.6
2024-08-21 18:00:00,1102.6999999999998
2024-08-21 19:00:00,1105.0
2024-08-21 20:00:00,1103.4
2024-08-21 21:00:00,1103.1
2024-08-21 23:00:00,1103.1
2024-08-22 14:30:00,1094.3
2024-08-22 15:00:00,1077.1
2024-08-22 16:00:00,1079.6999999999998
2024-08-22 17:00:00,1084.9
2024-08-22 18:00:00,1080.6999999999998
2024-08-22 19:00:00,1081.5
2024-08-22 20:00:00,1081.4
2024-08-22 21:00:00,1081.6999999999998
2024-08-22 23:00:00,1081.6999999999998
2024-08-23 14:30:00,1076.6
2024-08-23 15:00:00,1087.8
2024-08-23 16:00:00,1090.9
2024-08-23 17:00:00,1094.6
2024-08-23 18:00:00,1096.1999999999998
2024-08-23 19:00:00,1097.1
2024-08-23 20:00:00,1097.3
2024-08-23 21:00:00,1098.9
2024-08-23 23:00:00,1098.9
2024-08-26 14:30:00,1106.3
2024-08-26 15:00:00,1103.1
2024-08-26 16:00:00,1098.0
2024-08-26 17:00:00,1100.8
2024-08-26 18:00:00,1097.9
2024-08-26 19:00:00,1098.9
2024-08-26 20:00:00,1098.9
2024-08-26 21:00:00,1097.1
2024-08-26 23:00:00,1097.1
2024-08-27 14:30:00,1089.3
2024-08-27 15:00:00,1095.5
2024-08-27 16:00:00,1090.5
2024-08-27 17:00:00,1091.8
2024-08-27 18:00:00,1095.1999999999998
2024-08-27 19:00:00,1097.6999999999998
2024-08-27 20:00:00,1096.9
2024-08-27 21:00:00,1095.4
2024-08-27 23:00:00,1095.4
2024-08-28 14:30:00,1069.9
2024-08-28 15:00:00,1069.1999999999998
2024-08-28 16:00:00,1070.3
2024-08-28 17:00:00,1065.6
2024-08-28 18:00:00,1063.4999999999998
2024-08-28 19:00:00,1067.1
2024-08-28 20:00:00,1068.0
2024-08-28 21:00:00,1066.2
2024-08-28 23:00:00,1066.2
2024-08-29 14:30:00,1078.3
2024-08-29 15:00:00,1077.1999999999998
2024-08-29 16:00:00,1076.9
2024-08-29 17:00:00,1075.3
2024-08-29 18:00:00,1077.1999999999998
2024-08-29 19:00:00,1073.1999999999998
2024-08-29 20:00:00,1072.6999999999998
2024-08-29 21:00:00,1072.8
2024-08-29 23:00:00,1072.8
2024-08-30 14:30:00,1069.1999999999998
2024-08-30 15:00:00,1063.4999999999998
2024-08-30 16:00:00,1063.7
2024-08-30 17:00:00,1061.4999999999998
2024-08-30 18:00:00,1058.9999999999998
2024-08-30 19:00:00,1059.7
2024-08-30 20:00:00,1059.6
2024-08-30 21:00:00,1059.8999999999999
2024-08-30 23:00:00,1059.8999999999999
2024-09-03 14:30:00,1041.0
2024-09-03 15:00:00,1032.6
2024-09-03 16:00:00,1041.1
2024-09-03 17:00:00,1038.0
2024-09-03 18:00:00,1039.9
2024-09-03 19:00:00,1039.6
2024-09-03 20:00:00,1039.5
2024-09-03 21:00:00,1038.4
2024-09-03 23:00:00,1038.4
2024-09-04 14:30:00,1035.6
2024-09-04 15:00:00,1043.8999999999999
2024-09-04 16:00:00,1037.4
2024-09-04 17:00:00,1038.0
2024-09-04 18:00:00,1037.5
2024-09-04 19:00:00,1037.0
2024-09-04 20:00:00,1037.3
2024-09-04 21:00:00,1038.5
2024-09-04 23:00:00,1038.5
2024-09-05 14:30:00,1062.8999999999999
2024-09-05 15:00:00,1061.7
2024-09-05 16:00:00,1059.1
2024-09-05 17:00:00,1060.2
2024-09-05 18:00:00,1059.3999999999999
2024-09-05 19:00:00,1060.2
2024-09-05 20:00:00,1058.3999999999999
2024-09-05 21:00:00,1058.3999999999999
2024-09-05 23:00:00,1058.7
2024-09-06 14:30:00,1060.7
2024-09-06 15:00:00,1052.6
2024-09-06 16:00:00,1049.1
2024-09-06 17:00:00,1044.9999999999998
2024-09-06 18:00:00,1050.8
2024-09-06 19:00:00,1049.8
2024-09-06 20:00:00,1050.2
2024-09-06 21:00:00,1054.3999999999999
2024-09-06 23:00:00,1054.3999999999999
2024-09-09 14:30:00,1074.1
2024-09-09 15:00:00,1070.0
2024-09-09 16:00:00,1072.5
2024-09-09 17:00:00,1075.5
2024-09-09 18:00:00,1073.5
2024-09-09 19:00:00,1075.6999999999998
2024-09-09 20:00:00,1075.5
2024-09-09 21:00:00,1074.5
2024-09-09 23:00:00,1074.5
2024-09-10 14:30:00,1071.6
2024-09-10 15:00:00,1074.8
2024-09-10 16:00:00,1073.3
2024-09-10 17:00:00,1072.6999999999998
2024-09-10 18:00:00,1072.5
2024-09-10 19:00:00,1074.6
2024-09-10 20:00:00,1074.6
2024-09-10 21:00:00,1073.6
2024-09-10 23:00:00,1073.6
2024-09-11 14:30:00,1072.8
2024-09-11 15:00:00,1075.6
2024-09-11 16:00:00,1085.9
2024-09-11 17:00:00,1085.6999999999998
2024-09-11 18:00:00,1087.5
2024-09-11 19:00:00,1085.3
2024-09-11 20:00:00,1085.6
2024-09-11 21:00:00,1086.5
2024-09-11 23:00:00,1086.5
2024-09-12 14:30:00,1097.5
2024-09-12 15:00:00,1103.1
2024-09-12 16:00:00,1106.0
2024-09-12 17:00:00,1109.0
2024-09-12 18:00:00,1113.1999999999998
2024-09-12 19:00:00,1113.0
2024-09-12 20:00:00,1113.1999999999998
2024-09-12 21:00:00,1112.9
2024-09-12 23:00:00,1112.9
2024-09-13 14:30:00,1129.9
2024-09-13 15:00:00,1135.8
2024-09-13 16:00:00,1137.1
2024-09-13 17:00:00,1137.3
2024-09-13 18:00:00,1133.3
2024-09-13 19:00:00,1131.4
2024-09-13 20:00:00,1131.5
2024-09-13 21:00:00,1129.6999999999998
2024-09-13 23:00:00,1129.6999999999998
2024-09-16 14:30:00,1126.6
2024-09-16 15:00:00,1118.1999999999998
2024-09-16 16:00:00,1115.0
2024-09-16 17:00:00,1116.3
2024-09-16 18:00:00,1117.3
2024-09-16 19:00:00,1117.9
2024-09-16 20:00:00,1118.0
2024-09-16 21:00:00,1117.4
2024-09-16 23:00:00,1117.4
2024-09-17 14:30:00,1113.0
2024-09-17 15:00:00,1112.4
2024-09-17 16:00:00,1111.0
2024-09-17 17:00:00,1113.4
2024-09-17 18:00:00,1114.4
2024-09-17 19:00:00,1115.9
2024-09-17 20:00:00,1115.9
2024-09-17 21:00:00,1117.5
2024-09-17 23:00:00,1117.5
2024-09-18 14:30:00,1102.6
2024-09-18 15:00:00,1104.1999999999998
2024-09-18 16:00:00,1103.9
2024-09-18 17:00:00,1104.0
2024-09-18 18:00:00,1102.5
2024-09-18 19:00:00,1109.8
2024-09-18 20:00:00,1107.6
2024-09-18 21:00:00,1102.1
2024-09-18 23:00:00,1102.1
2024-09-19 14:30:00,1115.6999999999998
2024-09-19 15:00:00,1117.3
2024-09-19 16:00:00,1122.6
2024-09-19 17:00:00,1123.3
2024-09-19 18:00:00,1120.6999999999998
2024-09-19 19:00:00,1118.6
2024-09-19 20:00:00,1118.8
2024-09-19 21:00:00,1118.0
2024-09-19 23:00:00,1118.0
2024-09-20 14:30:00,1112.6999999999998
2024-09-20 15:00:00,1110.4
2024-09-20 16:00:00,1107.4
2024-09-20 17:00:00,1111.1
2024-09-20 18:00:00,1108.6999999999998
2024-09-20 19:00:00,1110.6999999999998
2024-09-20 20:00:00,1110.8
2024-09-20 20:00:01,1110.8
2024-09-20 20:00:02,1110.8
2024-09-20 21:00:00,1108.9
2024-09-20 23:00:00,1108.9
2024-09-23 14:30:00,1095.1999999999998
2024-09-23 15:00:00,1097.5
2024-09-23 16:00:00,1091.8
2024-09-23 17:00:00,1092.1999999999998
2024-09-23 18:00:00,1092.8
2024-09-23 19:00:00,1091.3
2024-09-23 20:00:00,1090.9
2024-09-23 21:00:00,1091.1
2024-09-23 23:00:00,1091.1
2024-09-24 14:30:00,1109.1999999999998
2024-09-24 15:00:00,1112.1999999999998
2024-09-24 16:00:00,1111.6999999999998
2024-09-24 17:00:00,1117.1999999999998
2024-09-24 18:00:00,1116.5
2024-09-24 19:00:00,1116.9
2024-09-24 20:00:00,1117.1
2024-09-24 21:00:00,1119.6999999999998
2024-09-24 23:00:00,1119.6999999999998
2024-09-25 14:30:00,1124.1999999999998
2024-09-25 15:00:00,1124.3
2024-09-25 16:00:00,1123.0
2024-09-25 17:00:00,1119.5
2024-09-25 18:00:00,1121.9
2024-09-25 19:00:00,1119.0
2024-09-25 20:00:00,1118.9
2024-09-25 21:00:00,1120.1
2024-09-25 23:00:00,1120.1
2024-09-26 14:30:00,1139.1999999999998
2024-09-26 15:00:00,1140.4
2024-09-26 16:00:00,1145.1
2024-09-26 17:00:00,1142.1
2024-09-26 18:00:00,1141.9
2024-09-26 19:00:00,1142.3
2024-09-26 20:00:00,1142.1999999999998
2024-09-26 21:00:00,1142.5
2024-09-26 23:00:00,1142.5
2024-09-27 14:30:00,1144.0
2024-09-27 15:00:00,1138.1999999999998
2024-09-27 16:00:00,1141.3
2024-09-27 17:00:00,1141.5
2024-09-27 18:00:00,1136.3
2024-09-27 19:00:00,1135.5
2024-09-27 20:00:00,1134.9
2024-09-27 21:00:00,1133.3
2024-09-27 23:00:00,1133.3
2024-09-30 14:30:00,1107.1999999999998
2024-09-30 15:00:00,1106.3
2024-09-30 16:00:00,1104.8
2024-09-30 17:00:00,1109.6
2024-09-30 18:00:00,1109.4
2024-09-30 19:00:00,1108.9
2024-09-30 20:00:00,1108.5
2024-09-30 21:00:00,1110.1
2024-09-30 23:00:00,1110.1
2024-10-01 14:30:00,1126.9
2024-10-01 15:00:00,1123.0
2024-10-01 16:00:00,1121.6
2024-10-01 17:00:00,1120.6999999999998
2024-10-01 18:00:00,1118.6
2024-10-01 19:00:00,1121.1999999999998
2024-10-01 20:00:00,1122.1
2024-10-01 21:00:00,1122.1
2024-10-01 23:00:00,1122.1
2024-10-02 14:30:00,1142.1
2024-10-02 15:00:00,1135.0
2024-10-02 16:00:00,1136.9
2024-10-02 17:00:00,1135.1999999999998
2024-10-02 18:00:00,1136.3
2024-10-02 19:00:00,1136.1
2024-10-02 20:00:00,1136.1
2024-10-02 21:00:00,1138.1
2024-10-02 23:00:00,1138.1
2024-10-03 14:30:00,1116.5
2024-10-03 15:00:00,1117.1999999999998
2024-10-03 16:00:00,1119.4
2024-10-03 17:00:00,1124.3
2024-10-03 18:00:00,1123.5
2024-10-03 19:00:00,1124.9
2024-10-03 20:00:00,1124.8
2024-10-03 21:00:00,1123.1999999999998
2024-10-03 23:00:00,1123.1999999999998
2024-10-04 14:30:00,1126.4
2024-10-04 15:00:00,1129.3
2024-10-04 16:00:00,1126.5
2024-10-04 17:00:00,1120.6999999999998
2024-10-04 18:00:00,1121.9
2024-10-04 19:00:00,1121.8
2024-10-04 20:00:00,1121.6
2024-10-04 21:00:00,1120.4
2024-10-04 23:00:00,1120.4
2024-10-07 14:30:00,1108.8
2024-10-07 15:00:00,1102.6999999999998
2024-10-07 16:00:00,1105.0
2024-10-07 17:00:00,1105.5
2024-10-07 18:00:00,1107.1999999999998
2024-10-07 19:00:00,1104.0
2024-10-07 20:00:00,1104.0
2024-10-07 21:00:00,1104.5
2024-10-07 23:00:00,1104.5
2024-10-08 14:30:00,1089.4
2024-10-08 15:00:00,1083.0
2024-10-08 16:00:00,1082.0
2024-10-08 17:00:00,1081.1999999999998
2024-10-08 18:00:00,1082.1
2024-10-08 19:00:00,1083.5
2024-10-08 20:00:00,1086.1999999999998
2024-10-08 21:00:00,1084.6999999999998
2024-10-08 23:00:00,1084.6999999999998
2024-10-09 14:30:00,1076.6999999999998
2024-10-09 15:00:00,1076.9
2024-10-09 16:00:00,1080.6
2024-10-09 17:00:00,1076.6
2024-10-09 18:00:00,1079.3
2024-10-09 19:00:00,1079.3
2024-10-09 20:00:00,1079.6
2024-10-09 21:00:00,1079.5
2024-10-09 23:00:00,1079.5
2024-10-10 14:30:00,1086.1999999999998
2024-10-10 15:00:00,1092.1
2024-10-10 16:00:00,1097.1
2024-10-10 17:00:00,1094.4
2024-10-10 18:00:00,1097.5
2024-10-10 19:00:00,1099.4
2024-10-10 20:00:00,1099.8
2024-10-10 21:00:00,1099.4
2024-10-10 23:00:00,1099.4
2024-10-11 14:30:00,1106.1999999999998
2024-10-11 15:00:00,1103.6999999999998
2024-10-11 16:00:00,1110.6
2024-10-11 17:00:00,1112.9
2024-10-11 18:00:00,1114.3
2024-10-11 19:00:00,1113.9
2024-10-11 20:00:00,1113.9
2024-10-11 21:00:00,1115.1999999999998
2024-10-11 23:00:00,1115.1999999999998
2024-10-14 14:30:00,1124.8
2024-10-14 15:00:00,1123.1
2024-10-14 16:00:00,1121.0
2024-10-14 17:00:00,1124.1
2024-10-14 18:00:00,1122.1
2024-10-14 19:00:00,1123.1
2024-10-14 20:00:00,1122.6
2024-10-14 21:00:00,1123.0
2024-10-14 23:00:00,1123.0
2024-10-15 14:30:00,1106.9
2024-10-15 15:00:00,1114.8
2024-10-15 16:00:00,1114.6999999999998
2024-10-15 17:00:00,1116.5
2024-10-15 18:00:00,1115.8
2024-10-15 19:00:00,1116.8
2024-10-15 20:00:00,1115.1999999999998
2024-10-15 21:00:00,1115.0
2024-10-15 23:00:00,1115.0
2024-10-16 14:30:00,1127.8
2024-10-16 15:00:00,1126.8
2024-10-16 16:00:00,1120.8
2024-10-16 17:00:00,1121.6999999999998
2024-10-16 18:00:00,1121.8
2024-10-16 19:00:00,1124.0
2024-10-16 20:00:00,1124.1
2024-10-16 21:00:00,1125.9
2024-10-16 23:00:00,1125.9
2024-10-17 14:30:00,1131.3
2024-10-17 15:00:00,1135.4
2024-10-17 16:00:00,1125.6999999999998
2024-10-17 17:00:00,1123.1999999999998
2024-10-17 18:00:00,1124.1
2024-10-17 19:00:00,1123.1
2024-10-17 20:00:00,1122.6999999999998
2024-10-17 21:00:00,1124.0
2024-10-17 23:00:00,1124.0
2024-10-18 14:30:00,1136.1
2024-10-18 15:00:00,1132.6999999999998
2024-10-18 16:00:00,1136.5
2024-10-18 17:00:00,1143.5
2024-10-18 18:00:00,1143.3999999999999
2024-10-18 19:00:00,1145.1
2024-10-18 20:00:00,1144.3999999999999
2024-10-18 21:00:00,1144.3
2024-10-18 23:00:00,1144.3
2024-10-21 14:30:00,1142.8999999999999
2024-10-21 15:00:00,1140.9
2024-10-21 16:00:00,1134.8
2024-10-21 17:00:00,1133.8
2024-10-21 18:00:00,1133.6999999999998
2024-10-21 19:00:00,1133.1999999999998
2024-10-21 20:00:00,1134.6
2024-10-21 21:00:00,1134.8
2024-10-21 23:00:00,1134.8
2024-10-22 14:30:00,1148.7
2024-10-22 15:00:00,1152.7
2024-10-22 16:00:00,1156.7
2024-10-22 17:00:00,1160.2
2024-10-22 18:00:00,1161.0
2024-10-22 19:00:00,1159.3
2024-10-22 20:00:00,1158.7
2024-10-22 21:00:00,1160.2
2024-10-22 23:00:00,1160.2
2024-10-23 14:30:00,1153.0
2024-10-23 15:00:00,1147.5
2024-10-23 16:00:00,1148.2
2024-10-23 17:00:00,1149.2
2024-10-23 18:00:00,1147.7
2024-10-23 19:00:00,1148.1
2024-10-23 20:00:00,1147.8999999999999
2024-10-23 21:00:00,1149.2
2024-10-23 23:00:00,1149.2
2024-10-24 14:30:00,1162.3
2024-10-24 15:00:00,1154.3999999999999
2024-10-24 16:00:00,1150.8999999999999
2024-10-24 17:00:00,1151.8
2024-10-24 18:00:00,1153.7
2024-10-24 19:00:00,1155.8999999999999
2024-10-24 20:00:00,1155.3999999999999
2024-10-24 21:00:00,1156.8999999999999
2024-10-24 23:00:00,1156.8999999999999
2024-10-25 14:30:00,1146.6
2024-10-25 15:00:00,1154.6
2024-10-25 16:00:00,1154.1
2024-10-25 17:00:00,1154.7
2024-10-25 18:00:00,1152.8999999999999
2024-10-25 19:00:00,1152.5
2024-10-25 20:00:00,1152.1
2024-10-25 21:00:00,1153.7
2024-10-25 23:00:00,1153.7
2024-10-28 13:30:00,1161.8999999999999
2024-10-28 14:00:00,1166.6
2024-10-28 15:00:00,1161.7
2024-10-28 16:00:00,1166.6
2024-10-28 17:00:00,1166.5
2024-10-28 18:00:00,1163.5
2024-10-28 19:00:00,1163.6
2024-10-28 20:00:00,1163.7
2024-10-28 23:00:00,1162.3999999999999
2024-10-29 13:30:00,1178.0
2024-10-29 14:00:00,1178.5
2024-10-29 15:00:00,1178.1
2024-10-29 16:00:00,1177.3
2024-10-29 17:00:00,1178.6
2024-10-29 18:00:00,1177.0
2024-10-29 19:00:00,1177.3
2024-10-29 20:00:00,1177.5
2024-10-29 23:00:00,1178.6
2024-10-30 13:30:00,1143.8999999999999
2024-10-30 14:00:00,1142.8999999999999
2024-10-30 15:00:00,1142.4
2024-10-30 16:00:00,1139.4
2024-10-30 17:00:00,1141.0
2024-10-30 18:00:00,1140.9
2024-10-30 19:00:00,1139.6
2024-10-30 20:00:00,1139.8
2024-10-30 23:00:00,1140.1999999999998
2024-10-31 13:30:00,1124.0
2024-10-31 14:00:00,1115.5
2024-10-31 15:00:00,1114.9
2024-10-31 16:00:00,1117.9
2024-10-31 17:00:00,1119.5
2024-10-31 18:00:00,1121.5
2024-10-31 19:00:00,1120.6
2024-10-31 20:00:00,1120.4
2024-10-31 23:00:00,1119.1999999999998
2024-11-01 13:30:00,1130.0
2024-11-01 14:00:00,1129.6999999999998
2024-11-01 15:00:00,1124.1
2024-11-01 16:00:00,1121.9
2024-11-01 17:00:00,1116.1999999999998
2024-11-01 18:00:00,1117.4
2024-11-01 19:00:00,1117.1
2024-11-01 20:00:00,1117.4
2024-11-01 23:00:00,1120.8
2024-11-04 14:30:00,1118.0
2024-11-04 15:00:00,1112.1
2024-11-04 16:00:00,1106.6
2024-11-04 17:00:00,1110.0
2024-11-04 18:00:00,1107.9
2024-11-04 19:00:00,1110.5
2024-11-04 20:00:00,1110.6999999999998
2024-11-04 21:00:00,1110.4
2024-11-04 23:00:00,1110.4
2024-11-05 14:30:00,1129.1999999999998
2024-11-05 15:00:00,1125.3
2024-11-05 16:00:00,1122.6999999999998
2024-11-05 17:00:00,1126.1
2024-11-05 18:00:00,1124.9
2024-11-05 19:00:00,1124.6
2024-11-05 20:00:00,1123.8
2024-11-05 21:00:00,1126.1999999999998
2024-11-05 23:00:00,1126.1999999999998
2024-11-06 14:30:00,1093.4
2024-11-06 15:00:00,1113.0
2024-11-06 16:00:00,1114.1999999999998
2024-11-06 17:00:00,1112.3
2024-11-06 18:00:00,1116.3
2024-11-06 19:00:00,1115.1999999999998
2024-11-06 20:00:00,1115.4
2024-11-06 21:00:00,1112.8
2024-11-06 23:00:00,1112.8
2024-11-07 14:30:00,1118.0
2024-11-07 15:00:00,1119.6
2024-11-07 16:00:00,1119.3
2024-11-07 17:00:00,1117.6
2024-11-07 18:00:00,1118.4
2024-11-07 19:00:00,1118.8
2024-11-07 20:00:00,1119.1
2024-11-07 21:00:00,1122.6999999999998
2024-11-07 23:00:00,1122.6999999999998
2024-11-08 14:30:00,1104.9
2024-11-08 15:00:00,1103.6999999999998
2024-11-08 16:00:00,1091.9
2024-11-08 17:00:00,1096.5
2024-11-08 18:00:00,1095.9
2024-11-08 19:00:00,1096.8
2024-11-08 20:00:00,1096.9
2024-11-08 21:00:00,1097.1
2024-11-08 23:00:00,1097.1
2024-11-11 14:30:00,1100.1999999999998
2024-11-11 15:00:00,1093.1999999999998
2024-11-11 16:00:00,1091.1
2024-11-11 17:00:00,1089.1
2024-11-11 18:00:00,1086.8
2024-11-11 19:00:00,1086.9
2024-11-11 20:00:00,1087.0
2024-11-11 21:00:00,1090.6
2024-11-11 23:00:00,1090.6
2024-11-12 14:30:00,1075.0
2024-11-12 15:00:00,1068.1
2024-11-12 16:00:00,1065.3999999999999
2024-11-12 17:00:00,1066.0
2024-11-12 18:00:00,1071.6
2024-11-12 19:00:00,1072.0
2024-11-12 20:00:00,1072.0
2024-11-12 21:00:00,1072.6999999999998
2024-11-12 23:00:00,1072.6999999999998
2024-11-13 14:30:00,1060.8
2024-11-13 15:00:00,1065.8
2024-11-13 16:00:00,1062.1
2024-11-13 17:00:00,1063.5
2024-11-13 18:00:00,1062.2
2024-11-13 19:00:00,1062.1
2024-11-13 20:00:00,1059.8
2024-11-13 21:00:00,1060.6
2024-11-13 23:00:00,1060.6
2024-11-14 14:30:00,1056.0
2024-11-14 15:00:00,1060.6
2024-11-14 16:00:00,1057.8999999999999
2024-11-14 17:00:00,1062.3
2024-11-14 18:00:00,1062.1
2024-11-14 19:00:00,1066.6999999999998
2024-11-14 20:00:00,1063.1
2024-11-14 21:00:00,1063.1
2024-11-14 23:00:00,1063.1
2024-11-15 14:30:00,1073.3
2024-11-15 15:00:00,1069.0
2024-11-15 16:00:00,1065.5
2024-11-15 17:00:00,1063.8
2024-11-15 18:00:00,1065.3
2024-11-15 19:00:00,1063.3
2024-11-15 20:00:00,1063.5
2024-11-15 21:00:00,1064.8
2024-11-15 23:00:00,1064.8
2024-11-18 14:30:00,1085.8
2024-11-18 15:00:00,1090.8
2024-11-18 16:00:00,1091.9
2024-11-18 17:00:00,1093.6999999999998
2024-11-18 18:00:00,1092.9
2024-11-18 19:00:00,1091.9
2024-11-18 20:00:00,1092.1999999999998
2024-11-18 21:00:00,1092.1999999999998
2024-11-18 23:00:00,1092.1999999999998
2024-11-19 14:30:00,1094.6
2024-11-19 15:00:00,1097.9
2024-11-19 16:00:00,1097.1
2024-11-19 17:00:00,1098.1
2024-11-19 18:00:00,1099.8
2024-11-19 19:00:00,1099.1
2024-11-19 20:00:00,1100.0
2024-11-19 21:00:00,1098.1
2024-11-19 23:00:00,1098.1
2024-11-20 14:30:00,1087.6999999999998
2024-11-20 15:00:00,1088.4
2024-11-20 16:00:00,1087.3
2024-11-20 17:00:00,1083.9
2024-11-20 18:00:00,1084.0
2024-11-20 19:00:00,1083.9
2024-11-20 20:00:00,1084.5
2024-11-20 21:00:00,1085.6
2024-11-20 23:00:00,1085.6
2024-11-21 14:30:00,1081.5
2024-11-21 15:00:00,1090.6
2024-11-21 16:00:00,1087.3
2024-11-21 17:00:00,1089.6
2024-11-21 18:00:00,1089.8
2024-11-21 19:00:00,1089.4
2024-11-21 20:00:00,1088.5
2024-11-21 21:00:00,1087.8
2024-11-21 23:00:00,1087.8
2024-11-22 14:30:00,1092.5
2024-11-22 15:00:00,1092.0
2024-11-22 16:00:00,1093.6
2024-11-22 17:00:00,1094.1
2024-11-22 18:00:00,1091.1
2024-11-22 19:00:00,1090.3
2024-11-22 20:00:00,1090.0
2024-11-22 21:00:00,1089.8
2024-11-22 23:00:00,1089.8
2024-11-25 14:30:00,1076.1999999999998
2024-11-25 15:00:00,1066.1
2024-11-25 16:00:00,1066.3999999999999
2024-11-25 17:00:00,1062.8
2024-11-25 18:00:00,1064.0
2024-11-25 19:00:00,1063.8999999999999
2024-11-25 20:00:00,1063.3999999999999
2024-11-25 21:00:00,1063.5
2024-11-25 23:00:00,1063.5
2024-11-26 14:30:00,1051.8999999999999
2024-11-26 15:00:00,1053.8
2024-11-26 16:00:00,1056.8
2024-11-26 17:00:00,1050.3999999999999
2024-11-26 18:00:00,1048.3
2024-11-26 19:00:00,1050.2
2024-11-26 20:00:00,1049.8999999999999
2024-11-26 21:00:00,1050.6
2024-11-26 23:00:00,1050.6
2024-11-27 14:30:00,1062.3
2024-11-27 15:00:00,1053.3
2024-11-27 16:00:00,1052.6
2024-11-27 17:00:00,1051.7
2024-11-27 18:00:00,1052.1
2024-11-27 19:00:00,1051.1
2024-11-27 20:00:00,1051.1
2024-11-27 21:00:00,1051.8999999999999
2024-11-27 23:00:00,1051.8999999999999
2024-11-29 14:30:00,1063.1
2024-11-29 15:00:00,1071.1999999999998
2024-11-29 16:00:00,1074.3
2024-11-29 17:00:00,1073.6
2024-11-29 23:00:00,1073.6
2024-12-02 14:30:00,1066.0
2024-12-02 15:00:00,1062.5
2024-12-02 16:00:00,1069.1999999999998
2024-12-02 17:00:00,1069.1999999999998
2024-12-02 18:00:00,1068.8
2024-12-02 19:00:00,1069.3
2024-12-02 20:00:00,1068.9
2024-12-02 21:00:00,1070.1
2024-12-02 23:00:00,1070.1
2024-12-03 14:30:00,1079.6
2024-12-03 15:00:00,1077.4
2024-12-03 16:00:00,1078.5
2024-12-03 17:00:00,1078.4
2024-12-03 18:00:00,1079.8
2024-12-03 19:00:00,1077.6999999999998
2024-12-03 20:00:00,1077.8
2024-12-03 21:00:00,1076.1
2024-12-03 23:00:00,1076.1
2024-12-04 14:30:00,1066.2
2024-12-04 15:00:00,1073.6
2024-12-04 16:00:00,1072.4
2024-12-04 17:00:00,1072.6999999999998
2024-12-04 18:00:00,1068.3
2024-12-04 19:00:00,1067.8
2024-12-04 20:00:00,1067.5
2024-12-04 21:00:00,1067.4
2024-12-04 23:00:00,1067.4
2024-12-05 14:30:00,1064.8999999999999
2024-12-05 15:00:00,1062.1
2024-12-05 16:00:00,1062.5
2024-12-05 17:00:00,1061.2
2024-12-05 18:00:00,1061.8
2024-12-05 19:00:00,1064.5
2024-12-05 20:00:00,1064.3
2024-12-05 21:00:00,1063.6
2024-12-05 23:00:00,1063.6
2024-12-06 14:30:00,1055.7
2024-12-06 15:00:00,1057.7
2024-12-06 16:00:00,1055.8999999999999
2024-12-06 17:00:00,1051.8999999999999
2024-12-06 18:00:00,1052.0
2024-12-06 19:00:00,1052.3999999999999
2024-12-06 20:00:00,1052.6
2024-12-06 21:00:00,1053.7
2024-12-06 23:00:00,1053.7
2024-12-09 14:30:00,1081.4
2024-12-09 15:00:00,1078.6999999999998
2024-12-09 16:00:00,1075.6999999999998
2024-12-09 17:00:00,1074.1
2024-12-09 18:00:00,1071.1
2024-12-09 19:00:00,1068.6999999999998
2024-12-09 20:00:00,1068.1
2024-12-09 21:00:00,1067.5
2024-12-09 23:00:00,1067.5
2024-12-10 14:30:00,1059.1
2024-12-10 15:00:00,1062.8
2024-12-10 16:00:00,1067.1
2024-12-10 17:00:00,1066.5
2024-12-10 18:00:00,1068.1999999999998
2024-12-10 19:00:00,1067.8
2024-12-10 20:00:00,1067.6999999999998
2024-12-10 21:00:00,1066.9
2024-12-10 23:00:00,1066.9
2024-12-11 14:30:00,1068.5
2024-12-11 15:00:00,1070.0
2024-12-11 16:00:00,1071.3
2024-12-11 17:00:00,1068.6
2024-12-11 18:00:00,1068.1
2024-12-11 19:00:00,1069.6
2024-12-11 20:00:00,1069.1
2024-12-11 21:00:00,1069.8
2024-12-11 23:00:00,1069.8
2024-12-12 14:30:00,1066.6
2024-12-12 15:00:00,1060.7
2024-12-12 16:00:00,1061.5
2024-12-12 17:00:00,1060.0
2024-12-12 18:00:00,1059.1
2024-12-12 19:00:00,1059.3
2024-12-12 20:00:00,1059.2
2024-12-12 21:00:00,1059.0
2024-12-12 23:00:00,1059.0
2024-12-13 14:30:00,1046.3999999999999
2024-12-13 15:00:00,1044.6
2024-12-13 16:00:00,1041.1999999999998
2024-12-13 17:00:00,1042.6
2024-12-13 18:00:00,1043.1
2024-12-13 19:00:00,1042.3
2024-12-13 20:00:00,1041.8
2024-12-13 21:00:00,1046.5
2024-12-13 23:00:00,1046.5
2024-12-16 14:30:00,1063.0
2024-12-16 15:00:00,1066.1
2024-12-16 16:00:00,1061.7
2024-12-16 17:00:00,1062.3999999999999
2024-12-16 18:00:00,1058.8999999999999
2024-12-16 19:00:00,1059.2
2024-12-16 20:00:00,1059.1
2024-12-16 21:00:00,1060.2
2024-12-16 23:00:00,1060.2
2024-12-17 14:30:00,1053.1
2024-12-17 15:00:00,1057.3999999999999
2024-12-17 16:00:00,1057.7
2024-12-17 17:00:00,1061.8999999999999
2024-12-17 18:00:00,1061.5
2024-12-17 19:00:00,1061.7
2024-12-17 20:00:00,1061.8999999999999
2024-12-17 21:00:00,1062.3
2024-12-17 23:00:00,1062.3
2024-12-18 14:30:00,1048.8999999999999
2024-12-18 15:00:00,1047.1
2024-12-18 16:00:00,1051.7
2024-12-18 17:00:00,1053.0
2024-12-18 18:00:00,1054.8999999999999
2024-12-18 19:00:00,1044.5
2024-12-18 20:00:00,1044.8
2024-12-18 21:00:00,1040.8
2024-12-18 23:00:00,1040.8
2024-12-19 14:30:00,1045.8999999999999
2024-12-19 15:00:00,1042.1
2024-12-19 16:00:00,1041.5
2024-12-19 17:00:00,1041.6
2024-12-19 18:00:00,1046.1
2024-12-19 19:00:00,1045.5
2024-12-19 20:00:00,1045.7
2024-12-19 21:00:00,1044.3
2024-12-19 23:00:00,1044.3
2024-12-20 14:30:00,1052.0
2024-12-20 15:00:00,1052.7
2024-12-20 16:00:00,1053.2
2024-12-20 17:00:00,1054.6
2024-12-20 18:00:00,1051.2
2024-12-20 19:00:00,1053.5
2024-12-20 20:00:00,1053.6
2024-12-20 21:00:00,1050.7
2024-12-20 23:00:00,1050.7
2024-12-23 14:30:00,1066.8
2024-12-23 15:00:00,1065.3999999999999
2024-12-23 16:00:00,1070.8
2024-12-23 17:00:00,1069.9
2024-12-23 18:00:00,1069.4
2024-12-23 19:00:00,1070.4
2024-12-23 20:00:00,1069.6999999999998
2024-12-23 21:00:00,1069.8
2024-12-23 23:00:00,1069.8
2024-12-24 14:30:00,1077.9
2024-12-24 15:00:00,1077.9
2024-12-24 16:00:00,1077.6999999999998
2024-12-24 17:00:00,1079.0
2024-12-24 18:00:00,1079.1
2024-12-24 23:00:00,1079.1
2024-12-26 14:30:00,1077.1999999999998
2024-12-26 15:00:00,1075.6
2024-12-26 16:00:00,1077.0
2024-12-26 17:00:00,1073.9
2024-12-26 18:00:00,1072.5
2024-12-26 19:00:00,1073.0
2024-12-26 20:00:00,1072.6
2024-12-26 20:00:01,1072.6
2024-12-26 21:00:00,1072.8
2024-12-26 23:00:00,1072.8
2024-12-27 14:30:00,1052.1
2024-12-27 15:00:00,1045.2
2024-12-27 16:00:00,1042.1999999999998
2024-12-27 17:00:00,1041.3
2024-12-27 18:00:00,1045.8
2024-12-27 19:00:00,1044.6
2024-12-27 20:00:00,1044.8999999999999
2024-12-27 21:00:00,1042.9999999999998
2024-12-27 23:00:00,1042.9999999999998
2024-12-30 14:30:00,1033.8
2024-12-30 15:00:00,1021.5999999999999
2024-12-30 16:00:00,1023.5999999999999
2024-12-30 17:00:00,1028.1
2024-12-30 18:00:00,1027.8
2024-12-30 19:00:00,1026.8
2024-12-30 20:00:00,1026.8999999999999
2024-12-30 21:00:00,1024.3999999999999
2024-12-30 23:00:00,1024.3999999999999
2024-12-31 14:30:00,1018.6999999999999
2024-12-31 15:00:00,1019.4999999999999
2024-12-31 16:00:00,1019.3999999999999
2024-12-31 17:00:00,1017.5999999999999
2024-12-31 18:00:00,1017.4999999999999
2024-12-31 19:00:00,1016.6999999999999
2024-12-31 20:00:00,1016.6999999999999
2024-12-31 21:00:00,1017.4999999999999
2024-12-31 23:00:00,1017.4999999999999
2025-01-02 14:30:00,1030.6999999999998
2025-01-02 15:00:00,1032.3999999999999
2025-01-02 16:00:00,1034.6999999999998
2025-01-02 17:00:00,1030.6999999999998
2025-01-02 18:00:00,1029.8
2025-01-02 19:00:00,1031.8999999999999
2025-01-02 20:00:00,1034.1999999999998
2025-01-02 21:00:00,1032.3
2025-01-02 23:00:00,1032.3
2025-01-03 14:30:00,1051.3
2025-01-03 15:00:00,1054.1
2025-01-03 16:00:00,1053.8
2025-01-03 17:00:00,1054.9999999999998
2025-01-03 18:00:00,1055.3
2025-01-03 19:00:00,1055.6
2025-01-03 20:00:00,1055.2
2025-01-03 21:00:00,1053.3999999999999
2025-01-03 23:00:00,1053.3999999999999
2025-01-06 14:30:00,1058.9999999999998
2025-01-06 15:00:00,1053.3999999999999
2025-01-06 16:00:00,1053.7
2025-01-06 17:00:00,1049.8
2025-01-06 18:00:00,1049.2
2025-01-06 19:00:00,1048.6
2025-01-06 20:00:00,1048.1
2025-01-06 21:00:00,1052.6
2025-01-06 23:00:00,1052.6
2025-01-07 14:30:00,1082.3
2025-01-07 15:00:00,1079.5
2025-01-07 16:00:00,1082.6999999999998
2025-01-07 17:00:00,1086.1
2025-01-07 18:00:00,1084.0
2025-01-07 19:00:00,1084.1
2025-01-07 20:00:00,1084.3999999999999
2025-01-07 21:00:00,1082.8999999999999
2025-01-07 23:00:00,1082.8999999999999
2025-01-08 14:30:00,1086.8999999999999
2025-01-08 15:00:00,1092.8
2025-01-08 16:00:00,1091.6
2025-01-08 17:00:00,1090.6999999999998
2025-01-08 18:00:00,1088.0
2025-01-08 19:00:00,1090.1
2025-01-08 20:00:00,1090.3999999999999
2025-01-08 21:00:00,1091.3999999999999
2025-01-08 23:00:00,1091.3999999999999
2025-01-09 14:30:00,1087.5
2025-01-09 15:00:00,1088.1
2025-01-09 16:00:00,1087.8
2025-01-09 17:00:00,1090.5
2025-01-09 18:00:00,1092.5
2025-01-09 19:00:00,1092.8999999999999
2025-01-09 20:00:00,1092.8999999999999
2025-01-09 21:00:00,1091.5
2025-01-09 23:00:00,1091.5
2025-01-10 14:30:00,1102.1
2025-01-10 15:00:00,1100.6999999999998
2025-01-10 16:00:00,1100.3999999999999
2025-01-10 17:00:00,1102.6
2025-01-10 18:00:00,1101.1
2025-01-10 19:00:00,1100.1
2025-01-10 20:00:00,1099.8
2025-01-10 21:00:00,1099.6
2025-01-10 23:00:00,1099.6
2025-01-13 14:30:00,1088.6
2025-01-13 15:00:00,1080.6999999999998
2025-01-13 16:00:00,1081.8
2025-01-13 17:00:00,1081.5
2025-01-13 18:00:00,1078.8
2025-01-13 19:00:00,1077.5
2025-01-13 20:00:00,1077.1
2025-01-13 21:00:00,1077.6
2025-01-13 23:00:00,1077.6
2025-01-14 14:30:00,1058.2
2025-01-14 15:00:00,1061.2
2025-01-14 16:00:00,1057.1
2025-01-14 17:00:00,1055.6
2025-01-14 18:00:00,1057.9999999999998
2025-01-14 19:00:00,1055.3999999999999
2025-01-14 20:00:00,1055.3999999999999
2025-01-14 21:00:00,1056.4999999999998
2025-01-14 23:00:00,1056.4999999999998
2025-01-15 14:30:00,1057.1
2025-01-15 15:00:00,1050.3
2025-01-15 16:00:00,1051.9999999999998
2025-01-15 17:00:00,1052.8999999999999
2025-01-15 18:00:00,1054.4999999999998
2025-01-15 19:00:00,1054.4999999999998
2025-01-15 20:00:00,1054.3999999999999
2025-01-15 21:00:00,1055.8
2025-01-15 23:00:00,1055.8
2025-01-16 14:30:00,1054.8
2025-01-16 15:00:00,1059.2
2025-01-16 16:00:00,1055.3
2025-01-16 17:00:00,1055.8999999999999
2025-01-16 18:00:00,1049.7
2025-01-16 19:00:00,1046.3999999999999
2025-01-16 20:00:00,1046.2
2025-01-16 21:00:00,1048.3999999999999
2025-01-16 23:00:00,1048.3999999999999
2025-01-17 14:30:00,1068.1999999999998
2025-01-17 15:00:00,1071.8999999999999
2025-01-17 16:00:00,1074.3999999999999
2025-01-17 17:00:00,1072.6999999999998
2025-01-17 18:00:00,1071.8999999999999
2025-01-17 19:00:00,1071.6999999999998
2025-01-17 20:00:00,1071.6
2025-01-17 21:00:00,1072.1
2025-01-17 23:00:00,1072.1
2025-01-21 14:30:00,1072.8999999999999
2025-01-21 15:00:00,1076.8999999999999
2025-01-21 16:00:00,1078.8999999999999
2025-01-21 17:00:00,1078.0
2025-01-21 18:00:00,1076.1999999999998
2025-01-21 19:00:00,1073.3
2025-01-21 20:00:00,1073.0
2025-01-21 21:00:00,1075.6
2025-01-21 23:00:00,1075.6
2025-01-22 14:30:00,1072.8999999999999
2025-01-22 15:00:00,1073.1999999999998
2025-01-22 16:00:00,1076.3
2025-01-22 17:00:00,1077.6
2025-01-22 18:00:00,1080.3999999999999
2025-01-22 19:00:00,1080.6999999999998
2025-01-22 20:00:00,1080.3
2025-01-22 21:00:00,1078.3
2025-01-22 23:00:00,1078.3
2025-01-23 14:30:00,1071.6999999999998
2025-01-23 15:00:00,1068.8
2025-01-23 16:00:00,1074.5
2025-01-23 17:00:00,1078.1
2025-01-23 18:00:00,1076.6999999999998
2025-01-23 19:00:00,1071.6
2025-01-23 20:00:00,1071.5
2025-01-23 21:00:00,1074.5
2025-01-23 23:00:00,1074.5
2025-01-24 14:30:00,1082.1999999999998
2025-01-24 15:00:00,1081.8999999999999
2025-01-24 16:00:00,1077.8
2025-01-24 17:00:00,1079.3
2025-01-24 18:00:00,1078.6999999999998
2025-01-24 19:00:00,1079.3
2025-01-24 20:00:00,1079.0
2025-01-24 21:00:00,1078.1
2025-01-24 23:00:00,1078.1
2025-01-27 14:30:00,1071.8999999999999
2025-01-27 15:00:00,1069.8
2025-01-27 16:00:00,1064.3
2025-01-27 17:00:00,1066.6999999999998
2025-01-27 18:00:00,1067.6999999999998
2025-01-27 19:00:00,1068.1999999999998
2025-01-27 20:00:00,1068.3999999999999
2025-01-27 21:00:00,1068.8999999999999
2025-01-27 23:00:00,1068.8999999999999
2025-01-28 14:30:00,1063.4999999999998
2025-01-28 15:00:00,1066.6999999999998
2025-01-28 16:00:00,1065.1
2025-01-28 17:00:00,1066.4999999999998
2025-01-28 18:00:00,1066.3
2025-01-28 19:00:00,1067.3999999999999
2025-01-28 20:00:00,1067.5
2025-01-28 21:00:00,1067.1999999999998
2025-01-28 23:00:00,1067.1999999999998
2025-01-29 14:30:00,1082.3999999999999
2025-01-29 15:00:00,1089.1999999999998
2025-01-29 16:00:00,1088.5
2025-01-29 17:00:00,1086.1999999999998
2025-01-29 18:00:00,1085.1999999999998
2025-01-29 19:00:00,1087.1
2025-01-29 20:00:00,1086.6999999999998
2025-01-29 21:00:00,1086.6
2025-01-29 23:00:00,1086.6
2025-01-30 14:30:00,1118.3
2025-01-30 15:00:00,1125.5
2025-01-30 16:00:00,1130.1999999999998
2025-01-30 17:00:00,1131.6
2025-01-30 18:00:00,1134.8999999999999
2025-01-30 19:00:00,1134.3
2025-01-30 20:00:00,1134.1999999999998
2025-01-30 21:00:00,1135.6
2025-01-30 23:00:00,1135.6
2025-01-31 14:30:00,1145.8999999999999
2025-01-31 15:00:00,1151.3
2025-01-31 16:00:00,1151.0
2025-01-31 17:00:00,1149.0
2025-01-31 18:00:00,1149.3999999999999
2025-01-31 19:00:00,1149.5
2025-01-31 20:00:00,1148.6999999999998
2025-01-31 21:00:00,1151.0
2025-01-31 23:00:00,1151.0
2025-02-03 14:30:00,1116.0
2025-02-03 15:00:00,1107.1
2025-02-03 16:00:00,1108.6
2025-02-03 17:00:00,1108.3
2025-02-03 18:00:00,1109.0
2025-02-03 19:00:00,1111.1
2025-02-03 20:00:00,1110.6
2025-02-03 21:00:00,1109.8999999999999
2025-02-03 23:00:00,1109.8999999999999
2025-02-04 14:30:00,1116.0
2025-02-04 15:00:00,1120.3
2025-02-04 16:00:00,1123.0
2025-02-04 17:00:00,1119.8
2025-02-04 18:00:00,1120.6999999999998
2025-02-04 19:00:00,1119.8999999999999
2025-02-04 20:00:00,1119.8
2025-02-04 21:00:00,1118.5
2025-02-04 23:00:00,1118.5
2025-02-05 14:30:00,1128.1
2025-02-05 15:00:00,1128.6999999999998
2025-02-05 16:00:00,1129.6999999999998
2025-02-05 17:00:00,1133.1
2025-02-05 18:00:00,1127.5
2025-02-05 19:00:00,1125.8999999999999
2025-02-05 20:00:00,1125.3
2025-02-05 21:00:00,1126.1
2025-02-05 23:00:00,1126.1
2025-02-06 14:30:00,1121.1999999999998
2025-02-06 15:00:00,1130.8999999999999
2025-02-06 16:00:00,1128.6
2025-02-06 17:00:00,1130.8
2025-02-06 18:00:00,1128.0
2025-02-06 19:00:00,1127.8
2025-02-06 20:00:00,1130.3
2025-02-06 21:00:00,1129.6
2025-02-06 23:00:00,1129.6
2025-02-07 14:30:00,1140.0
2025-02-07 15:00:00,1138.8999999999999
2025-02-07 16:00:00,1126.8
2025-02-07 17:00:00,1127.6999999999998
2025-02-07 18:00:00,1128.0
2025-02-07 19:00:00,1127.3999999999999
2025-02-07 20:00:00,1126.5
2025-02-07 21:00:00,1116.6
2025-02-07 23:00:00,1116.6
2025-02-10 14:30:00,1140.0
2025-02-10 15:00:00,1146.0
2025-02-10 16:00:00,1140.3
2025-02-10 17:00:00,1138.3
2025-02-10 18:00:00,1143.8
2025-02-10 19:00:00,1142.1
2025-02-10 20:00:00,1142.1
2025-02-10 21:00:00,1142.8999999999999
2025-02-10 23:00:00,1142.8999999999999
2025-02-11 14:30:00,1132.6999999999998
2025-02-11 15:00:00,1139.6999999999998
2025-02-11 16:00:00,1142.1
2025-02-11 17:00:00,1143.3
2025-02-11 18:00:00,1144.1999999999998
2025-02-11 19:00:00,1145.6
2025-02-11 20:00:00,1146.0
2025-02-11 21:00:00,1144.3999999999999
2025-02-11 23:00:00,1144.3999999999999
2025-02-12 14:30:00,1150.3999999999999
2025-02-12 15:00:00,1152.3999999999999
2025-02-12 16:00:00,1150.1999999999998
2025-02-12 17:00:00,1154.3999999999999
2025-02-12 18:00:00,1154.8999999999999
2025-02-12 19:00:00,1153.3
2025-02-12 20:00:00,1153.1999999999998
2025-02-12 21:00:00,1152.8
2025-02-12 23:00:00,1152.8
2025-02-13 14:30:00,1150.6999999999998
2025-02-13 15:00:00,1155.5
2025-02-13 16:00:00,1151.5
2025-02-13 17:00:00,1151.1
2025-02-13 18:00:00,1152.1999999999998
2025-02-13 19:00:00,1153.8999999999999
2025-02-13 20:00:00,1153.8
2025-02-13 21:00:00,1155.3999999999999
2025-02-13 23:00:00,1155.3999999999999
2025-02-14 14:30:00,1135.0
2025-02-14 15:00:00,1126.8999999999999
2025-02-14 16:00:00,1128.5
2025-02-14 17:00:00,1126.5
2025-02-14 18:00:00,1124.3999999999999
2025-02-14 19:00:00,1119.6999999999998
2025-02-14 20:00:00,1119.3999999999999
2025-02-14 21:00:00,1118.1
2025-02-14 23:00:00,1118.1
2025-02-18 14:30:00,1111.8
2025-02-18 15:00:00,1113.5
2025-02-18 16:00:00,1118.3999999999999
2025-02-18 17:00:00,1115.3999999999999
2025-02-18 18:00:00,1115.5
2025-02-18 19:00:00,1116.1
2025-02-18 20:00:00,1116.1
2025-02-18 21:00:00,1117.6
2025-02-18 23:00:00,1117.6
2025-02-19 14:30:00,1095.5
2025-02-19 15:00:00,1092.6
2025-02-19 16:00:00,1092.8
2025-02-19 17:00:00,1093.1
2025-02-19 18:00:00,1095.6
2025-02-19 19:00:00,1097.5
2025-02-19 20:00:00,1097.3999999999999
2025-02-19 21:00:00,1097.3999999999999
2025-02-19 23:00:00,1097.3999999999999
2025-02-20 14:30:00,1100.6999999999998
2025-02-20 15:00:00,1101.8999999999999
2025-02-20 16:00:00,1102.3
2025-02-20 17:00:00,1104.3999999999999
2025-02-20 18:00:00,1104.1999999999998
2025-02-20 19:00:00,1104.0
2025-02-20 20:00:00,1103.8999999999999
2025-02-20 21:00:00,1104.1
2025-02-20 23:00:00,1104.1
2025-02-21 14:30:00,1099.3
2025-02-21 15:00:00,1095.6999999999998
2025-02-21 16:00:00,1096.8
2025-02-21 17:00:00,1094.5
2025-02-21 18:00:00,1093.8
2025-02-21 19:00:00,1091.6
2025-02-21 20:00:00,1091.6999999999998
2025-02-21 21:00:00,1094.0
2025-02-21 23:00:00,1094.0
2025-02-24 14:30:00,1078.3999999999999
2025-02-24 15:00:00,1077.3999999999999
2025-02-24 16:00:00,1078.5
2025-02-24 17:00:00,1078.1999999999998
2025-02-24 18:00:00,1079.6
2025-02-24 19:00:00,1081.8999999999999
2025-02-24 20:00:00,1081.8
2025-02-24 21:00:00,1083.3999999999999
2025-02-24 23:00:00,1083.3999999999999
2025-02-25 14:30:00,1084.5
2025-02-25 15:00:00,1077.8
2025-02-25 16:00:00,1079.1
2025-02-25 17:00:00,1076.3999999999999
2025-02-25 18:00:00,1078.3
2025-02-25 19:00:00,1080.3
2025-02-25 20:00:00,1080.3999999999999
2025-02-25 21:00:00,1085.3
2025-02-25 23:00:00,1085.3
2025-02-26 14:30:00,1083.3
2025-02-26 15:00:00,1086.0
2025-02-26 16:00:00,1086.3999999999999
2025-02-26 17:00:00,1084.1999999999998
2025-02-26 18:00:00,1082.1999999999998
2025-02-26 19:00:00,1081.8999999999999
2025-02-26 20:00:00,1082.1
2025-02-26 21:00:00,1082.1999999999998
2025-02-26 23:00:00,1082.1999999999998
2025-02-27 14:30:00,1066.4999999999998
2025-02-27 15:00:00,1065.1
2025-02-27 16:00:00,1065.7
2025-02-27 17:00:00,1064.1
2025-02-27 18:00:00,1066.3999999999999
2025-02-27 19:00:00,1062.8
2025-02-27 20:00:00,1062.3
2025-02-27 21:00:00,1059.6
2025-02-27 23:00:00,1059.6
2025-02-28 14:30:00,1044.9999999999998
2025-02-28 15:00:00,1048.7
2025-02-28 16:00:00,1046.3999999999999
2025-02-28 17:00:00,1044.9999999999998
2025-02-28 18:00:00,1043.9999999999998
2025-02-28 19:00:00,1048.3999999999999
2025-02-28 20:00:00,1048.4999999999998
2025-02-28 21:00:00,1054.1
2025-02-28 23:00:00,1054.1
2025-03-03 14:30:00,1081.1
2025-03-03 15:00:00,1081.3999999999999
2025-03-03 16:00:00,1081.8999999999999
2025-03-03 17:00:00,1079.3999999999999
2025-03-03 18:00:00,1079.3999999999999
2025-03-03 19:00:00,1074.8
2025-03-03 20:00:00,1074.1999999999998
2025-03-03 21:00:00,1077.1
2025-03-03 23:00:00,1077.1
2025-03-04 14:30:00,1071.8
2025-03-04 15:00:00,1072.3
2025-03-04 16:00:00,1076.0
2025-03-04 17:00:00,1078.6999999999998
2025-03-04 18:00:00,1079.6
2025-03-04 19:00:00,1081.1
2025-03-04 20:00:00,1081.0
2025-03-04 21:00:00,1079.3999999999999
2025-03-04 23:00:00,1079.3999999999999
2025-03-05 14:30:00,1084.0
2025-03-05 15:00:00,1083.1999999999998
2025-03-05 16:00:00,1084.1999999999998
2025-03-05 17:00:00,1081.0
2025-03-05 18:00:00,1082.3999999999999
2025-03-05 19:00:00,1083.6
2025-03-05 20:00:00,1083.8
2025-03-05 21:00:00,1084.3
2025-03-05 23:00:00,1084.3
2025-03-06 14:30:00,1090.3
2025-03-06 15:00:00,1093.1999999999998
2025-03-06 16:00:00,1086.3
2025-03-06 17:00:00,1087.1
2025-03-06 18:00:00,1085.6999999999998
2025-03-06 19:00:00,1086.1999999999998
2025-03-06 20:00:00,1086.3
2025-03-06 21:00:00,1087.1
2025-03-06 23:00:00,1087.1
2025-03-07 14:30:00,1082.1999999999998
2025-03-07 15:00:00,1077.8
2025-03-07 16:00:00,1074.1
2025-03-07 17:00:00,1074.0
2025-03-07 18:00:00,1074.5
2025-03-07 19:00:00,1076.6
2025-03-07 20:00:00,1077.0
2025-03-07 21:00:00,1076.3
2025-03-07 23:00:00,1076.3
2025-03-10 13:30:00,1078.6999999999998
2025-03-10 14:00:00,1076.3
2025-03-10 15:00:00,1078.8
2025-03-10 16:00:00,1073.6999999999998
2025-03-10 17:00:00,1072.3999999999999
2025-03-10 18:00:00,1070.3999999999999
2025-03-10 19:00:00,1070.1999999999998
2025-03-10 20:00:00,1070.1
2025-03-10 23:00:00,1071.0
2025-03-11 13:30:00,1095.5
2025-03-11 14:00:00,1086.6
2025-03-11 15:00:00,1088.1
2025-03-11 16:00:00,1086.8999999999999
2025-03-11 17:00:00,1088.1999999999998
2025-03-11 18:00:00,1092.1999999999998
2025-03-11 19:00:00,1095.5
2025-03-11 20:00:00,1096.1999999999998
2025-03-11 23:00:00,1092.6999999999998
2025-03-12 13:30:00,1102.1999999999998
2025-03-12 14:00:00,1101.5
2025-03-12 15:00:00,1104.6999999999998
2025-03-12 16:00:00,1103.3
2025-03-12 17:00:00,1104.3
2025-03-12 18:00:00,1106.3999999999999
2025-03-12 19:00:00,1104.3
2025-03-12 20:00:00,1104.1999999999998
2025-03-12 23:00:00,1103.6999999999998
2025-03-13 13:30:00,1093.3999999999999
2025-03-13 14:00:00,1100.1999999999998
2025-03-13 15:00:00,1105.0
2025-03-13 16:00:00,1113.6
2025-03-13 17:00:00,1110.8
2025-03-13 18:00:00,1114.1999999999998
2025-03-13 19:00:00,1116.0
2025-03-13 20:00:00,1116.1
2025-03-13 23:00:00,1118.0
2025-03-14 13:30:00,1123.5
2025-03-14 14:00:00,1116.8
2025-03-14 15:00:00,1115.1999999999998
2025-03-14 16:00:00,1120.3999999999999
2025-03-14 17:00:00,1121.6999999999998
2025-03-14 18:00:00,1120.6
2025-03-14 19:00:00,1118.3
2025-03-14 20:00:00,1117.5
2025-03-14 23:00:00,1120.0
2025-03-17 13:30:00,1125.8
2025-03-17 14:00:00,1126.1999999999998
2025-03-17 15:00:00,1133.3
2025-03-17 16:00:00,1133.8
2025-03-17 17:00:00,1133.1999999999998
2025-03-17 18:00:00,1133.6
2025-03-17 19:00:00,1133.0
2025-03-17 20:00:00,1132.6
2025-03-17 20:00:01,1132.6
2025-03-17 20:00:02,1132.6
2025-03-17 23:00:00,1133.4
2025-03-18 13:30:00,1134.9
2025-03-18 14:00:00,1131.3
2025-03-18 15:00:00,1129.2
2025-03-18 16:00:00,1132.9
2025-03-18 17:00:00,1130.1
2025-03-18 18:00:00,1131.6
2025-03-18 19:00:00,1130.1
2025-03-18 20:00:00,1129.1
2025-03-18 23:00:00,1129.1
2025-03-19 13:30:00,1112.5
2025-03-19 14:00:00,1112.0
2025-03-19 15:00:00,1116.8
2025-03-19 16:00:00,1119.6
2025-03-19 17:00:00,1115.1
2025-03-19 18:00:00,1120.7
2025-03-19 19:00:00,1119.0
2025-03-19 20:00:00,1119.2
2025-03-19 23:00:00,1117.8
2025-03-20 13:30:00,1101.7
2025-03-20 14:00:00,1103.2
2025-03-20 15:00:00,1100.5
2025-03-20 16:00:00,1099.1
2025-03-20 17:00:00,1099.2
2025-03-20 18:00:00,1100.5
2025-03-20 19:00:00,1101.7
2025-03-20 20:00:00,1102.1
2025-03-20 23:00:00,1102.9
2025-03-21 13:30:00,1088.3
2025-03-21 14:00:00,1087.3
2025-03-21 15:00:00,1088.4
2025-03-21 16:00:00,1090.1
2025-03-21 17:00:00,1088.4
2025-03-21 18:00:00,1090.4
2025-03-21 19:00:00,1090.7
2025-03-21 20:00:00,1091.2
2025-03-21 23:00:00,1090.3
2025-03-24 13:30:00,1078.2
2025-03-24 14:00:00,1077.2
2025-03-24 15:00:00,1076.2
2025-03-24 16:00:00,1074.8
2025-03-24 17:00:00,1074.6
2025-03-24 18:00:00,1076.6
2025-03-24 19:00:00,1077.3
2025-03-24 20:00:00,1077.2
2025-03-24 23:00:00,1077.7
2025-03-25 13:30:00,1088.7
2025-03-25 14:00:00,1092.4
2025-03-25 15:00:00,1088.6
2025-03-25 16:00:00,1085.2
2025-03-25 17:00:00,1084.6
2025-03-25 18:00:00,1083.4
2025-03-25 19:00:00,1084.7
2025-03-25 20:00:00,1084.3
2025-03-25 23:00:00,1084.2
2025-03-26 13:30:00,1081.1
2025-03-26 14:00:00,1084.9
2025-03-26 15:00:00,1084.9
2025-03-26 16:00:00,1081.2
2025-03-26 17:00:00,1083.4
2025-03-26 18:00:00,1081.7
2025-03-26 19:00:00,1081.6
2025-03-26 20:00:00,1081.7
2025-03-26 23:00:00,1081.2
2025-03-27 13:30:00,1078.1
2025-03-27 14:00:00,1089.7
2025-03-27 15:00:00,1096.4
2025-03-27 16:00:00,1095.6
2025-03-27 17:00:00,1097.6
2025-03-27 18:00:00,1100.5
2025-03-27 19:00:00,1101.5
2025-03-27 20:00:00,1101.2
2025-03-27 23:00:00,1102.0
2025-03-28 13:30:00,1097.8
2025-03-28 14:00:00,1084.5
2025-03-28 15:00:00,1092.4
2025-03-28 16:00:00,1092.8
2025-03-28 17:00:00,1090.8
2025-03-28 18:00:00,1093.0
2025-03-28 19:00:00,1095.2
2025-03-28 20:00:00,1095.7
2025-03-28 23:00:00,1095.4
2025-03-31 14:30:00,1110.5
2025-03-31 15:00:00,1119.3
2025-03-31 16:00:00,1117.9
2025-03-31 17:00:00,1123.0
2025-03-31 18:00:00,1125.1
2025-03-31 19:00:00,1125.7
2025-03-31 20:00:00,1127.4
2025-03-31 21:00:00,1124.6
2025-03-31 23:00:00,1124.6
2025-04-01 14:30:00,1111.3
2025-04-01 15:00:00,1108.0
2025-04-01 16:00:00,1105.5
2025-04-01 17:00:00,1100.5
2025-04-01 18:00:00,1102.8
2025-04-01 19:00:00,1103.9
2025-04-01 20:00:00,1103.8
2025-04-01 21:00:00,1103.3
2025-04-01 23:00:00,1103.3
2025-04-02 14:30:00,1090.0
2025-04-02 15:00:00,1088.8
2025-04-02 16:00:00,1090.1
2025-04-02 17:00:00,1091.8
2025-04-02 18:00:00,1091.3
2025-04-02 19:00:00,1090.1
2025-04-02 20:00:00,1090.2
2025-04-02 21:00:00,1103.5
2025-04-02 23:00:00,1103.5
2025-04-03 14:30:00,1050.6000000000001
2025-04-03 15:00:00,1057.3
2025-04-03 16:00:00,1052.5
2025-04-03 17:00:00,1052.2
2025-04-03 18:00:00,1052.0
2025-04-03 19:00:00,1052.3999999999999
2025-04-03 20:00:00,1052.0
2025-04-03 21:00:00,1051.3999999999999
2025-04-03 23:00:00,1051.3999999999999
2025-04-04 14:30:00,1023.0
2025-04-04 15:00:00,1017.4
2025-04-04 16:00:00,1013.5
2025-04-04 17:00:00,1010.8
2025-04-04 18:00:00,1012.5
2025-04-04 19:00:00,1011.5
2025-04-04 20:00:00,1011.6
2025-04-04 21:00:00,1011.8
2025-04-04 23:00:00,1011.8
2025-04-07 14:30:00,1010.6
2025-04-07 15:00:00,1006.6
2025-04-07 16:00:00,1004.3
2025-04-07 17:00:00,1001.0
2025-04-07 18:00:00,1007.4
2025-04-07 19:00:00,1003.2
2025-04-07 20:00:00,1003.8
2025-04-07 21:00:00,1010.8
2025-04-07 23:00:00,1010.8
2025-04-08 14:30:00,1013.3
2025-04-08 15:00:00,1014.0
2025-04-08 16:00:00,1011.7
2025-04-08 17:00:00,1008.3
2025-04-08 18:00:00,1008.0
2025-04-08 19:00:00,1011.0
2025-04-08 20:00:00,1010.5
2025-04-08 21:00:00,1008.5
2025-04-08 23:00:00,1008.5
2025-04-09 14:30:00,1013.9
2025-04-09 15:00:00,1010.9
2025-04-09 16:00:00,1012.7
2025-04-09 17:00:00,1015.9
2025-04-09 18:00:00,1027.7
2025-04-09 19:00:00,1025.6
2025-04-09 20:00:00,1024.1
2025-04-09 21:00:00,1031.3
2025-04-09 23:00:00,1031.3
2025-04-10 14:30:00,1032.9
2025-04-10 15:00:00,1033.6
2025-04-10 16:00:00,1031.2
2025-04-10 17:00:00,1027.9
2025-04-10 18:00:00,1028.4
2025-04-10 19:00:00,1027.7
2025-04-10 20:00:00,1028.4
2025-04-10 21:00:00,1027.3
2025-04-10 23:00:00,1027.3
2025-04-11 14:30:00,1040.8
2025-04-11 15:00:00,1042.7
2025-04-11 16:00:00,1046.8
2025-04-11 17:00:00,1040.4
2025-04-11 18:00:00,1038.5
2025-04-11 19:00:00,1038.8
2025-04-11 20:00:00,1039.2
2025-04-11 21:00:00,1044.8
2025-04-11 23:00:00,1044.8
2025-04-14 14:30:00,1048.5
2025-04-14 15:00:00,1057.3
2025-04-14 16:00:00,1053.0
2025-04-14 17:00:00,1055.7
2025-04-14 18:00:00,1056.8
2025-04-14 19:00:00,1056.2
2025-04-14 20:00:00,1056.3
2025-04-14 21:00:00,1053.3999999999999
2025-04-14 23:00:00,1053.3999999999999
2025-04-15 14:30:00,1065.3
2025-04-15 15:00:00,1067.2
2025-04-15 16:00:00,1066.8
2025-04-15 17:00:00,1065.8
2025-04-15 18:00:00,1066.0
2025-04-15 19:00:00,1066.7
2025-04-15 20:00:00,1066.5
2025-04-15 21:00:00,1066.7
2025-04-15 23:00:00,1066.7
2025-04-16 14:30:00,1078.8
2025-04-16 15:00:00,1077.7
2025-04-16 16:00:00,1073.9
2025-04-16 17:00:00,1077.7
2025-04-16 18:00:00,1072.9
2025-04-16 19:00:00,1073.4
2025-04-16 20:00:00,1073.3
2025-04-16 21:00:00,1073.0
2025-04-16 23:00:00,1073.0
2025-04-17 14:30:00,1064.8999999999999
2025-04-17 15:00:00,1063.8999999999999
2025-04-17 16:00:00,1068.6
2025-04-17 17:00:00,1075.5
2025-04-17 18:00:00,1073.3
2025-04-17 19:00:00,1072.7
2025-04-17 20:00:00,1072.5
2025-04-17 21:00:00,1073.4
2025-04-17 23:00:00,1073.4
2025-04-21 14:30:00,1068.3
2025-04-21 15:00:00,1066.3999999999999
2025-04-21 16:00:00,1064.8999999999999
2025-04-21 17:00:00,1063.0
2025-04-21 18:00:00,1063.1000000000001
2025-04-21 19:00:00,1063.2
2025-04-21 20:00:00,1063.1000000000001
2025-04-21 21:00:00,1063.3
2025-04-21 23:00:00,1063.3
2025-04-22 14:30:00,1056.0
2025-04-22 15:00:00,1059.2
2025-04-22 16:00:00,1061.0
2025-04-22 17:00:00,1058.0
2025-04-22 18:00:00,1057.5
2025-04-22 19:00:00,1054.6000000000001
2025-04-22 20:00:00,1054.8
2025-04-22 21:00:00,1052.1000000000001
2025-04-22 23:00:00,1052.1000000000001
2025-04-23 14:30:00,1072.5
2025-04-23 15:00:00,1078.4
2025-04-23 16:00:00,1076.0
2025-04-23 17:00:00,1075.8
2025-04-23 18:00:00,1073.6
2025-04-23 19:00:00,1074.2
2025-04-23 20:00:00,1074.0
2025-04-23 21:00:00,1075.7
2025-04-23 23:00:00,1075.7
2025-04-24 14:30:00,1074.0
2025-04-24 15:00:00,1074.7
2025-04-24 16:00:00,1074.0
2025-04-24 17:00:00,1078.8
2025-04-24 18:00:00,1075.4
2025-04-24 19:00:00,1074.6
2025-04-24 20:00:00,1074.4
2025-04-24 21:00:00,1074.3
2025-04-24 23:00:00,1074.3
2025-04-25 14:30:00,1068.1
2025-04-25 15:00:00,1068.5
2025-04-25 16:00:00,1068.9
2025-04-25 17:00:00,1069.5
2025-04-25 18:00:00,1067.8
2025-04-25 19:00:00,1066.9
2025-04-25 20:00:00,1067.0
2025-04-25 21:00:00,1072.8
2025-04-25 23:00:00,1072.8
2025-04-28 14:30:00,1088.8
2025-04-28 15:00:00,1093.7
2025-04-28 16:00:00,1088.8
2025-04-28 17:00:00,1092.1
2025-04-28 18:00:00,1089.5
2025-04-28 19:00:00,1091.2
2025-04-28 20:00:00,1091.3
2025-04-28 21:00:00,1090.8
2025-04-28 23:00:00,1090.8
2025-04-29 14:30:00,1085.3
2025-04-29 15:00:00,1079.1
2025-04-29 16:00:00,1082.6
2025-04-29 17:00:00,1083.1
2025-04-29 18:00:00,1080.3
2025-04-29 19:00:00,1080.0
2025-04-29 20:00:00,1080.1
2025-04-29 21:00:00,1079.5
2025-04-29 23:00:00,1079.5
2025-04-30 14:30:00,1061.8999999999999
2025-04-30 15:00:00,1068.6
2025-04-30 16:00:00,1069.2
2025-04-30 17:00:00,1066.5
2025-04-30 18:00:00,1066.6
2025-04-30 19:00:00,1065.8999999999999
2025-04-30 20:00:00,1066.2
2025-04-30 21:00:00,1066.5
2025-04-30 23:00:00,1066.5
2025-05-01 14:30:00,1068.2
2025-05-01 15:00:00,1066.3999999999999
2025-05-01 16:00:00,1064.6000000000001
2025-05-01 17:00:00,1063.8
2025-05-01 18:00:00,1066.9
2025-05-01 19:00:00,1069.0
2025-05-01 20:00:00,1069.0
2025-05-01 21:00:00,1069.7
2025-05-01 23:00:00,1069.7
2025-05-02 14:30:00,1071.8
2025-05-02 15:00:00,1077.2
2025-05-02 16:00:00,1062.3
2025-05-02 17:00:00,1062.6000000000001
2025-05-02 18:00:00,1062.3999999999999
2025-05-02 19:00:00,1063.3
2025-05-02 20:00:00,1062.8999999999999
2025-05-02 21:00:00,1063.3
2025-05-02 23:00:00,1063.3
2025-05-05 14:30:00,1064.3999999999999
2025-05-05 15:00:00,1056.8999999999999
2025-05-05 16:00:00,1055.8999999999999
2025-05-05 17:00:00,1056.0
2025-05-05 18:00:00,1057.3999999999999
2025-05-05 19:00:00,1057.8999999999999
2025-05-05 20:00:00,1059.2
2025-05-05 21:00:00,1061.1000000000001
2025-05-05 23:00:00,1061.1000000000001
2025-05-06 14:30:00,1085.3
2025-05-06 15:00:00,1081.5
2025-05-06 16:00:00,1086.2
2025-05-06 17:00:00,1087.3
2025-05-06 18:00:00,1089.2
2025-05-06 19:00:00,1089.7
2025-05-06 20:00:00,1089.2
2025-05-06 21:00:00,1088.4
2025-05-06 23:00:00,1088.4
2025-05-07 14:30:00,1086.0
2025-05-07 15:00:00,1084.6
2025-05-07 16:00:00,1083.0
2025-05-07 17:00:00,1080.6
2025-05-07 18:00:00,1080.1
2025-05-07 19:00:00,1078.6
2025-05-07 20:00:00,1075.6
2025-05-07 21:00:00,1075.2
2025-05-07 23:00:00,1075.2
2025-05-08 14:30:00,1083.7
2025-05-08 15:00:00,1081.1
2025-05-08 16:00:00,1082.2
2025-05-08 17:00:00,1077.1
2025-05-08 18:00:00,1078.2
2025-05-08 19:00:00,1077.6
2025-05-08 20:00:00,1077.6
2025-05-08 21:00:00,1077.8
2025-05-08 23:00:00,1077.8
2025-05-09 14:30:00,1088.0
2025-05-09 15:00:00,1093.2
2025-05-09 16:00:00,1099.4
2025-05-09 17:00:00,1097.7
2025-05-09 18:00:00,1099.2
2025-05-09 19:00:00,1098.4
2025-05-09 20:00:00,1098.4
2025-05-09 21:00:00,1096.6
2025-05-09 23:00:00,1096.6
2025-05-12 14:30:00,1075.2
2025-05-12 15:00:00,1072.9
2025-05-12 16:00:00,1074.5
2025-05-12 17:00:00,1073.2
2025-05-12 18:00:00,1073.9
2025-05-12 19:00:00,1074.8
2025-05-12 20:00:00,1074.6
2025-05-12 21:00:00,1074.3
2025-05-12 23:00:00,1074.3
2025-05-13 14:30:00,1082.9
2025-05-13 15:00:00,1085.0
2025-05-13 16:00:00,1087.6
2025-05-13 17:00:00,1087.6
2025-05-13 18:00:00,1086.7
2025-05-13 19:00:00,1086.8
2025-05-13 20:00:00,1087.0
2025-05-13 21:00:00,1087.5
2025-05-13 23:00:00,1087.5
2025-05-14 14:30:00,1082.6
2025-05-14 15:00:00,1077.5
2025-05-14 16:00:00,1078.0
2025-05-14 17:00:00,1078.0
2025-05-14 18:00:00,1078.0
2025-05-14 19:00:00,1076.5
2025-05-14 20:00:00,1076.2
2025-05-14 21:00:00,1078.5
2025-05-14 23:00:00,1078.5
2025-05-15 14:30:00,1086.8
2025-05-15 15:00:00,1089.0
2025-05-15 16:00:00,1091.3
2025-05-15 17:00:00,1091.2
2025-05-15 18:00:00,1089.2
2025-05-15 19:00:00,1089.1
2025-05-15 20:00:00,1089.4
2025-05-15 21:00:00,1091.0
2025-05-15 23:00:00,1091.0
2025-05-16 14:30:00,1083.2
2025-05-16 15:00:00,1080.2
2025-05-16 16:00:00,1083.5
2025-05-16 17:00:00,1087.6
2025-05-16 18:00:00,1085.0
2025-05-16 19:00:00,1084.5
2025-05-16 20:00:00,1084.5
2025-05-16 21:00:00,1085.6
2025-05-16 23:00:00,1085.6
2025-05-19 14:30:00,1087.1
2025-05-19 15:00:00,1094.3
2025-05-19 16:00:00,1098.5
2025-05-19 17:00:00,1101.6
2025-05-19 18:00:00,1100.8
2025-05-19 19:00:00,1102.0
2025-05-19 20:00:00,1102.1
2025-05-19 21:00:00,1102.8
2025-05-19 23:00:00,1102.8
2025-05-20 14:30:00,1135.4
2025-05-20 15:00:00,1141.0
2025-05-20 16:00:00,1145.1
2025-05-20 17:00:00,1151.4
2025-05-20 18:00:00,1152.2
2025-05-20 19:00:00,1154.0
2025-05-20 20:00:00,1153.8
2025-05-20 21:00:00,1157.2
2025-05-20 23:00:00,1157.2
2025-05-21 14:30:00,1166.8
2025-05-21 15:00:00,1182.7
2025-05-21 16:00:00,1176.9
2025-05-21 17:00:00,1180.0
2025-05-21 18:00:00,1173.3
2025-05-21 19:00:00,1176.8
2025-05-21 20:00:00,1176.8
2025-05-21 21:00:00,1174.8
2025-05-21 23:00:00,1174.8
2025-05-22 14:30:00,1172.7
2025-05-22 15:00:00,1181.0
2025-05-22 16:00:00,1180.4
2025-05-22 17:00:00,1177.4
2025-05-22 18:00:00,1179.6
2025-05-22 19:00:00,1178.1
2025-05-22 20:00:00,1178.2
2025-05-22 21:00:00,1181.7
2025-05-22 23:00:00,1181.7
2025-05-23 14:30:00,1176.3
2025-05-23 15:00:00,1187.2
2025-05-23 16:00:00,1186.0
2025-05-23 17:00:00,1184.8
2025-05-23 18:00:00,1186.5
2025-05-23 19:00:00,1184.7
2025-05-23 20:00:00,1184.2
2025-05-23 21:00:00,1186.7
2025-05-23 23:00:00,1186.7
2025-05-27 14:30:00,1175.5
2025-05-27 15:00:00,1179.8
2025-05-27 16:00:00,1176.2
2025-05-27 17:00:00,1177.3
2025-05-27 18:00:00,1178.1
2025-05-27 19:00:00,1177.9
2025-05-27 20:00:00,1178.1
2025-05-27 21:00:00,1176.7
2025-05-27 23:00:00,1176.7
2025-05-28 14:30:00,1182.1
2025-05-28 15:00:00,1179.7
2025-05-28 16:00:00,1174.9
2025-05-28 17:00:00,1171.6
2025-05-28 18:00:00,1175.9
2025-05-28 19:00:00,1175.7
2025-05-28 20:00:00,1175.7
2025-05-28 21:00:00,1174.2
2025-05-28 23:00:00,1174.2
2025-05-29 14:30:00,1183.5
2025-05-29 15:00:00,1176.2
2025-05-29 16:00:00,1175.3
2025-05-29 17:00:00,1174.6
2025-05-29 18:00:00,1172.8
2025-05-29 19:00:00,1174.8
2025-05-29 20:00:00,1175.0
2025-05-29 21:00:00,1177.8
2025-05-29 23:00:00,1177.8
2025-05-30 14:30:00,1151.9
2025-05-30 15:00:00,1150.8
2025-05-30 16:00:00,1153.1
2025-05-30 17:00:00,1150.3
2025-05-30 18:00:00,1149.6
2025-05-30 19:00:00,1151.8
2025-05-30 20:00:00,1152.3
2025-05-30 21:00:00,1150.0
2025-05-30 23:00:00,1150.0
2025-06-02 14:30:00,1161.3
2025-06-02 15:00:00,1161.1
2025-06-02 16:00:00,1164.7
2025-06-02 17:00:00,1157.5
2025-06-02 18:00:00,1159.1
2025-06-02 19:00:00,1160.3
2025-06-02 20:00:00,1160.3
2025-06-02 21:00:00,1160.9
2025-06-02 23:00:00,1160.9
2025-06-03 14:30:00,1150.0
2025-06-03 15:00:00,1159.9
2025-06-03 16:00:00,1169.7
2025-06-03 17:00:00,1168.0
2025-06-03 18:00:00,1171.2
2025-06-03 19:00:00,1170.7
2025-06-03 20:00:00,1170.4
2025-06-03 21:00:00,1171.8
2025-06-03 23:00:00,1171.8
2025-06-04 14:30:00,1176.4
2025-06-04 15:00:00,1184.3
2025-06-04 16:00:00,1184.8
2025-06-04 17:00:00,1186.3
2025-06-04 18:00:00,1186.0
2025-06-04 19:00:00,1185.2
2025-06-04 20:00:00,1185.8
2025-06-04 21:00:00,1182.8
2025-06-04 23:00:00,1182.8
2025-06-05 14:30:00,1240.4
2025-06-05 15:00:00,1235.3
2025-06-05 16:00:00,1233.9
2025-06-05 17:00:00,1232.8
2025-06-05 18:00:00,1237.9
2025-06-05 19:00:00,1236.2
2025-06-05 20:00:00,1236.5
2025-06-05 21:00:00,1239.7
2025-06-05 23:00:00,1239.7
2025-06-06 14:30:00,1274.0
2025-06-06 15:00:00,1266.9
2025-06-06 16:00:00,1272.0
2025-06-06 17:00:00,1261.9
2025-06-06 18:00:00,1266.3
2025-06-06 19:00:00,1265.9
2025-06-06 20:00:00,1266.2
2025-06-06 21:00:00,1272.6
2025-06-06 23:00:00,1272.6
2025-06-09 14:30:00,1311.4
2025-06-09 15:00:00,1317.7
2025-06-09 16:00:00,1315.5
2025-06-09 17:00:00,1313.2
2025-06-09 18:00:00,1314.6
2025-06-09 19:00:00,1316.9
2025-06-09 20:00:00,1316.7
2025-06-09 21:00:00,1322.2
2025-06-09 23:00:00,1322.2
2025-06-10 14:30:00,1318.7
2025-06-10 15:00:00,1311.8
2025-06-10 16:00:00,1310.0
2025-06-10 17:00:00,1308.0
2025-06-10 18:00:00,1313.0
2025-06-10 19:00:00,1311.3
2025-06-10 20:00:00,1311.8
2025-06-10 21:00:00,1316.7
2025-06-10 23:00:00,1316.7
2025-06-11 14:30:00,1368.9
2025-06-11 15:00:00,1366.7
2025-06-11 16:00:00,1364.9
2025-06-11 17:00:00,1353.3
2025-06-11 18:00:00,1342.0
2025-06-11 19:00:00,1336.5
2025-06-11 20:00:00,1333.1
2025-06-11 21:00:00,1338.6
2025-06-11 23:00:00,1338.6
2025-06-12 14:30:00,1352.4
2025-06-12 15:00:00,1363.3
2025-06-12 16:00:00,1370.5
2025-06-12 17:00:00,1373.3
2025-06-12 18:00:00,1383.0
2025-06-12 19:00:00,1380.8
2025-06-12 20:00:00,1379.8
2025-06-12 21:00:00,1389.3
2025-06-12 23:00:00,1389.3
2025-06-13 14:30:00,1305.0
2025-06-13 15:00:00,1302.9
2025-06-13 16:00:00,1304.8
2025-06-13 17:00:00,1308.0
2025-06-13 18:00:00,1308.6
2025-06-13 19:00:00,1308.8
2025-06-13 20:00:00,1309.9
2025-06-13 21:00:00,1308.5
2025-06-13 23:00:00,1308.5
2025-06-16 14:30:00,1354.4
2025-06-16 15:00:00,1360.8
2025-06-16 16:00:00,1354.4
2025-06-16 17:00:00,1349.3
2025-06-16 18:00:00,1341.7
2025-06-16 19:00:00,1337.0
2025-06-16 20:00:00,1336.4
2025-06-16 21:00:00,1337.9
2025-06-16 23:00:00,1337.9
2025-06-17 14:30:00,1347.1
2025-06-17 15:00:00,1355.6
2025-06-17 16:00:00,1356.1
2025-06-17 17:00:00,1358.2
2025-06-17 18:00:00,1359.5
2025-06-17 19:00:00,1359.3
2025-06-17 20:00:00,1359.3
2025-06-17 21:00:00,1360.5
2025-06-17 23:00:00,1360.5
2025-06-18 14:30:00,1407.5
2025-06-18 15:00:00,1403.6
2025-06-18 16:00:00,1407.2
2025-06-18 17:00:00,1406.3
2025-06-18 18:00:00,1421.9
2025-06-18 19:00:00,1414.2
2025-06-18 20:00:00,1410.3
2025-06-18 21:00:00,1417.0
2025-06-18 23:00:00,1417.0
2025-06-18 23:00:01,1417.0
2025-06-20 14:30:00,1362.0
2025-06-20 15:00:00,1363.6
2025-06-20 16:00:00,1364.9
2025-06-20 17:00:00,1365.5
2025-06-20 18:00:00,1358.9
2025-06-20 19:00:00,1358.5
2025-06-20 20:00:00,1358.3
2025-06-20 21:00:00,1361.0
2025-06-20 23:00:00,1361.0
2025-06-23 14:30:00,1393.0
2025-06-23 15:00:00,1401.8
2025-06-23 16:00:00,1392.9
2025-06-23 17:00:00,1386.4
2025-06-23 18:00:00,1396.1
2025-06-23 19:00:00,1392.9
2025-06-23 20:00:00,1393.6
2025-06-23 21:00:00,1397.9
2025-06-23 23:00:00,1397.9
2025-06-24 14:30:00,1385.4
2025-06-24 15:00:00,1397.4
2025-06-24 16:00:00,1407.0
2025-06-24 17:00:00,1414.6
2025-06-24 18:00:00,1419.7
2025-06-24 19:00:00,1421.5
2025-06-24 20:00:00,1421.1
2025-06-24 21:00:00,1424.8
2025-06-24 23:00:00,1424.8
2025-06-25 14:30:00,1411.4
2025-06-25 15:00:00,1421.9
2025-06-25 16:00:00,1427.0
2025-06-25 17:00:00,1433.2
2025-06-25 18:00:00,1450.5
2025-06-25 19:00:00,1449.2
2025-06-25 20:00:00,1450.3
2025-06-25 21:00:00,1457.3
2025-06-25 23:00:00,1457.3
2025-06-26 14:30:00,1477.0
2025-06-26 15:00:00,1486.5
2025-06-26 16:00:00,1508.9
2025-06-26 17:00:00,1509.0
2025-06-26 18:00:00,1531.6
2025-06-26 19:00:00,1522.4
2025-06-26 20:00:00,1522.5
2025-06-26 21:00:00,1520.1
2025-06-26 23:00:00,1520.1
2025-06-27 14:30:00,1438.3
2025-06-27 15:00:00,1453.1
2025-06-27 16:00:00,1442.1
2025-06-27 17:00:00,1446.2
2025-06-27 18:00:00,1443.3
2025-06-27 19:00:00,1445.5
2025-06-27 20:00:00,1444.6
2025-06-27 21:00:00,1445.4
2025-06-27 23:00:00,1445.4
2025-06-30 14:30:00,1444.6
2025-06-30 15:00:00,1432.9
2025-06-30 16:00:00,1444.4
2025-06-30 17:00:00,1437.1
2025-06-30 18:00:00,1442.6
2025-06-30 19:00:00,1449.5
2025-06-30 20:00:00,1449.3
2025-06-30 21:00:00,1458.4
2025-06-30 23:00:00,1458.4
2025-07-01 14:30:00,1465.5
2025-07-01 15:00:00,1457.5
2025-07-01 16:00:00,1447.4
2025-07-01 17:00:00,1449.9
2025-07-01 18:00:00,1452.7
2025-07-01 19:00:00,1455.6
2025-07-01 20:00:00,1453.9
2025-07-01 21:00:00,1460.7
2025-07-01 23:00:00,1460.7
2025-07-02 14:30:00,1499.9
2025-07-02 15:00:00,1516.0
2025-07-02 16:00:00,1517.9
2025-07-02 17:00:00,1523.9
2025-07-02 18:00:00,1527.6
2025-07-02 19:00:00,1531.0
2025-07-02 20:00:00,1532.0
2025-07-02 21:00:00,1529.2
2025-07-02 23:00:00,1529.2
2025-07-03 14:30:00,1474.1
2025-07-03 15:00:00,1466.8
2025-07-03 16:00:00,1477.4
2025-07-03 17:00:00,1474.3
2025-07-03 23:00:00,1474.3
2025-07-07 14:30:00,1468.0
2025-07-07 15:00:00,1469.9
2025-07-07 16:00:00,1471.4
2025-07-07 17:00:00,1465.5
2025-07-07 18:00:00,1471.9
2025-07-07 19:00:00,1475.7
2025-07-07 20:00:00,1476.0
2025-07-07 21:00:00,1475.9
2025-07-07 23:00:00,1475.9
2025-07-08 14:30:00,1464.7
2025-07-08 15:00:00,1452.7
2025-07-08 16:00:00,1457.3
2025-07-08 17:00:00,1480.9
2025-07-08 18:00:00,1479.0
2025-07-08 19:00:00,1486.3
2025-07-08 20:00:00,1482.9
2025-07-08 21:00:00,1484.3
2025-07-08 23:00:00,1484.3
2025-07-09 14:30:00,1472.2
2025-07-09 15:00:00,1464.2
2025-07-09 16:00:00,1468.9
2025-07-09 17:00:00,1476.9
2025-07-09 18:00:00,1475.7
2025-07-09 19:00:00,1475.9
2025-07-09 20:00:00,1475.5
2025-07-09 21:00:00,1477.0
2025-07-09 23:00:00,1477.0
2025-07-10 14:30:00,1514.8
2025-07-10 15:00:00,1509.2
2025-07-10 16:00:00,1514.3
2025-07-10 17:00:00,1504.2
2025-07-10 18:00:00,1506.9
2025-07-10 19:00:00,1512.6
2025-07-10 20:00:00,1514.6
2025-07-10 21:00:00,1508.9
2025-07-10 23:00:00,1508.9
2025-07-11 14:30:00,1551.0
2025-07-11 15:00:00,1554.0
2025-07-11 16:00:00,1559.6
2025-07-11 17:00:00,1563.2
2025-07-11 18:00:00,1568.3
2025-07-11 19:00:00,1565.7
2025-07-11 20:00:00,1565.1
2025-07-11 21:00:00,1566.1
2025-07-11 23:00:00,1566.1
2025-07-14 14:30:00,1517.6
2025-07-14 15:00:00,1513.6
2025-07-14 16:00:00,1507.1
2025-07-14 17:00:00,1512.0
2025-07-14 18:00:00,1509.3
2025-07-14 19:00:00,1509.4
2025-07-14 20:00:00,1509.7
2025-07-14 21:00:00,1510.8
2025-07-14 23:00:00,1510.8
2025-07-15 14:30:00,1519.7
2025-07-15 15:00:00,1509.2
2025-07-15 16:00:00,1505.9
2025-07-15 17:00:00,1507.4
2025-07-15 18:00:00,1508.9
2025-07-15 19:00:00,1509.7
2025-07-15 20:00:00,1509.8
2025-07-15 21:00:00,1505.9
2025-07-15 23:00:00,1505.9
2025-07-16 14:30:00,1512.7
2025-07-16 15:00:00,1525.8
2025-07-16 16:00:00,1531.4
2025-07-16 17:00:00,1527.0
2025-07-16 18:00:00,1530.6
2025-07-16 19:00:00,1528.0
2025-07-16 20:00:00,1528.2
2025-07-16 21:00:00,1530.8
2025-07-16 23:00:00,1530.8
2025-07-17 14:30:00,1528.2
2025-07-17 15:00:00,1553.2
2025-07-17 16:00:00,1552.7
2025-07-17 17:00:00,1565.9
2025-07-17 18:00:00,1588.4
2025-07-17 19:00:00,1579.3
2025-07-17 20:00:00,1580.4
2025-07-17 21:00:00,1576.8
2025-07-17 23:00:00,1576.8
2025-07-18 14:30:00,1561.6
2025-07-18 15:00:00,1557.8
2025-07-18 16:00:00,1559.1
2025-07-18 17:00:00,1552.8
2025-07-18 18:00:00,1554.1
2025-07-18 19:00:00,1555.4
2025-07-18 20:00:00,1554.1
2025-07-18 21:00:00,1549.6
2025-07-18 23:00:00,1549.6
2025-07-21 14:30:00,1597.7
2025-07-21 15:00:00,1582.0
2025-07-21 16:00:00,1579.7
2025-07-21 17:00:00,1585.2
2025-07-21 18:00:00,1585.9
2025-07-21 19:00:00,1587.3
2025-07-21 20:00:00,1587.0
2025-07-21 21:00:00,1586.6
2025-07-21 23:00:00,1586.6
2025-07-22 14:30:00,1571.4
2025-07-22 15:00:00,1571.3
2025-07-22 16:00:00,1579.1
2025-07-22 17:00:00,1574.6
2025-07-22 18:00:00,1569.5
2025-07-22 19:00:00,1569.1
2025-07-22 20:00:00,1569.1
2025-07-22 21:00:00,1575.1
2025-07-22 23:00:00,1575.1
2025-07-23 14:30:00,1559.8
2025-07-23 15:00:00,1566.1
2025-07-23 16:00:00,1554.9
2025-07-23 17:00:00,1549.1
2025-07-23 18:00:00,1547.5
2025-07-23 19:00:00,1548.6
2025-07-23 20:00:00,1549.8
2025-07-23 21:00:00,1549.0
2025-07-23 23:00:00,1549.0
2025-07-24 14:30:00,1538.4
2025-07-24 15:00:00,1541.3
2025-07-24 16:00:00,1540.3
2025-07-24 17:00:00,1531.7
2025-07-24 18:00:00,1537.6
2025-07-24 19:00:00,1540.7
2025-07-24 20:00:00,1540.6
2025-07-24 21:00:00,1542.1
2025-07-24 23:00:00,1542.1
2025-07-25 14:30:00,1515.7
2025-07-25 15:00:00,1514.1
2025-07-25 16:00:00,1509.9
2025-07-25 17:00:00,1513.7
2025-07-25 18:00:00,1517.4
2025-07-25 19:00:00,1522.5
2025-07-25 20:00:00,1522.7
2025-07-25 21:00:00,1527.1
2025-07-25 23:00:00,1527.1
2025-07-28 14:30:00,1514.5
2025-07-28 15:00:00,1516.8
2025-07-28 16:00:00,1522.1
2025-07-28 17:00:00,1512.5
2025-07-28 18:00:00,1515.9
2025-07-28 19:00:00,1515.5
2025-07-28 20:00:00,1515.7
2025-07-28 21:00:00,1518.1
2025-07-28 23:00:00,1518.1
2025-07-29 14:30:00,1515.4
2025-07-29 15:00:00,1512.4
2025-07-29 16:00:00,1514.6
2025-07-29 17:00:00,1511.8
2025-07-29 18:00:00,1515.1
2025-07-29 19:00:00,1516.1
2025-07-29 20:00:00,1516.0
2025-07-29 21:00:00,1513.4
2025-07-29 23:00:00,1513.4
2025-07-30 14:30:00,1506.2
2025-07-30 15:00:00,1485.9
2025-07-30 16:00:00,1468.7
2025-07-30 17:00:00,1466.1
2025-07-30 18:00:00,1467.0
2025-07-30 19:00:00,1416.3
2025-07-30 20:00:00,1398.3
2025-07-30 21:00:00,1409.9
2025-07-30 23:00:00,1409.9
2025-07-31 14:30:00,1402.5
2025-07-31 15:00:00,1390.3
2025-07-31 16:00:00,1386.7
2025-07-31 17:00:00,1390.6
2025-07-31 18:00:00,1388.1
2025-07-31 19:00:00,1393.9
2025-07-31 20:00:00,1394.2
2025-07-31 21:00:00,1389.6
2025-07-31 23:00:00,1389.6
2025-08-01 14:30:00,1394.9
2025-08-01 15:00:00,1408.0
2025-08-01 16:00:00,1417.1
2025-08-01 17:00:00,1411.9
2025-08-01 18:00:00,1413.8
2025-08-01 19:00:00,1416.5
2025-08-01 20:00:00,1418.1
2025-08-01 21:00:00,1424.3
2025-08-01 23:00:00,1424.3
2025-08-04 14:30:00,1450.5
2025-08-04 15:00:00,1446.7
2025-08-04 16:00:00,1443.5
2025-08-04 17:00:00,1434.3
2025-08-04 18:00:00,1436.1
2025-08-04 19:00:00,1436.0
2025-08-04 20:00:00,1436.9
2025-08-04 21:00:00,1435.9
2025-08-04 23:00:00,1435.9
2025-08-05 14:30:00,1411.9
2025-08-05 15:00:00,1421.0
2025-08-05 16:00:00,1428.0
2025-08-05 17:00:00,1424.1
2025-08-05 18:00:00,1426.3
2025-08-05 19:00:00,1424.2
2025-08-05 20:00:00,1423.4
2025-08-05 21:00:00,1425.9
2025-08-05 23:00:00,1425.9
2025-08-06 14:30:00,1441.6
2025-08-06 15:00:00,1440.1
2025-08-06 16:00:00,1438.8
2025-08-06 17:00:00,1432.7
2025-08-06 18:00:00,1445.4
2025-08-06 19:00:00,1445.5
2025-08-06 20:00:00,1445.2
2025-08-06 21:00:00,1448.5
2025-08-06 23:00:00,1448.5
2025-08-07 14:30:00,1448.8
2025-08-07 15:00:00,1445.6
2025-08-07 16:00:00,1444.5
2025-08-07 17:00:00,1449.2
2025-08-07 18:00:00,1449.0
2025-08-07 19:00:00,1444.0
2025-08-07 20:00:00,1444.1
2025-08-07 21:00:00,1450.2
2025-08-07 23:00:00,1450.2
2025-08-08 14:30:00,1436.3
2025-08-08 15:00:00,1440.0
2025-08-08 16:00:00,1435.2
2025-08-08 17:00:00,1432.5
2025-08-08 18:00:00,1432.1
2025-08-08 19:00:00,1435.9
2025-08-08 20:00:00,1436.0
2025-08-08 21:00:00,1435.0
2025-08-08 23:00:00,1435.0
2025-08-11 14:30:00,1433.3
2025-08-11 15:00:00,1431.1
2025-08-11 16:00:00,1437.7
2025-08-11 17:00:00,1436.5
2025-08-11 18:00:00,1439.3
2025-08-11 19:00:00,1439.9
2025-08-11 20:00:00,1440.1
2025-08-11 21:00:00,1435.2
2025-08-11 23:00:00,1435.2
2025-08-12 14:30:00,1430.2
2025-08-12 15:00:00,1431.1
2025-08-12 16:00:00,1445.9
2025-08-12 17:00:00,1449.0
2025-08-12 18:00:00,1447.9
2025-08-12 19:00:00,1445.0
2025-08-12 20:00:00,1444.7
2025-08-12 21:00:00,1445.5
2025-08-12 23:00:00,1445.5
2025-08-13 14:30:00,1440.7
2025-08-13 15:00:00,1438.6
2025-08-13 16:00:00,1434.5
2025-08-13 17:00:00,1434.7
2025-08-13 18:00:00,1437.5
2025-08-13 19:00:00,1438.7
2025-08-13 20:00:00,1438.6
2025-08-13 21:00:00,1442.4
2025-08-13 23:00:00,1442.4
2025-08-14 14:30:00,1449.1
2025-08-14 15:00:00,1452.9
2025-08-14 16:00:00,1456.6
2025-08-14 17:00:00,1454.4
2025-08-14 18:00:00,1457.5
2025-08-14 19:00:00,1457.7
2025-08-14 20:00:00,1458.1
2025-08-14 21:00:00,1458.4
2025-08-14 23:00:00,1458.4
2025-08-15 14:30:00,1433.3
2025-08-15 15:00:00,1441.5
2025-08-15 16:00:00,1443.2
2025-08-15 17:00:00,1438.2
2025-08-15 18:00:00,1439.0
2025-08-15 19:00:00,1440.8
2025-08-15 20:00:00,1440.6
2025-08-15 21:00:00,1438.7
2025-08-15 23:00:00,1438.7
2025-08-18 14:30:00,1436.4
2025-08-18 15:00:00,1433.3
2025-08-18 16:00:00,1439.2
2025-08-18 17:00:00,1429.3
2025-08-18 18:00:00,1432.7
2025-08-18 19:00:00,1432.3
2025-08-18 20:00:00,1432.2
2025-08-18 21:00:00,1431.7
2025-08-18 23:00:00,1431.7
2025-08-19 14:30:00,1440.4
2025-08-19 15:00:00,1421.0
2025-08-19 16:00:00,1417.1
2025-08-19 17:00:00,1403.6
2025-08-19 18:00:00,1403.0
2025-08-19 19:00:00,1403.7
2025-08-19 20:00:00,1402.7
2025-08-19 21:00:00,1405.6
2025-08-19 23:00:00,1405.6
2025-08-20 14:30:00,1428.2
2025-08-20 15:00:00,1429.3
2025-08-20 16:00:00,1432.9
2025-08-20 17:00:00,1431.6
2025-08-20 18:00:00,1434.2
2025-08-20 19:00:00,1433.9
2025-08-20 20:00:00,1433.5
2025-08-20 21:00:00,1437.5
2025-08-20 23:00:00,1437.5
2025-08-21 14:30:00,1434.5
2025-08-21 15:00:00,1437.6
2025-08-21 16:00:00,1443.3
2025-08-21 17:00:00,1451.6
2025-08-21 18:00:00,1451.5
2025-08-21 19:00:00,1452.4
2025-08-21 20:00:00,1452.0
2025-08-21 21:00:00,1451.7
2025-08-21 23:00:00,1451.7
2025-08-22 14:30:00,1432.1
2025-08-22 15:00:00,1465.8
2025-08-22 16:00:00,1453.8
2025-08-22 17:00:00,1453.8
2025-08-22 18:00:00,1457.2
2025-08-22 19:00:00,1456.6
2025-08-22 20:00:00,1456.3
2025-08-22 21:00:00,1457.4
2025-08-22 23:00:00,1457.4
2025-08-25 14:30:00,1437.4
2025-08-25 15:00:00,1440.6
2025-08-25 16:00:00,1428.5
2025-08-25 17:00:00,1434.8
2025-08-25 18:00:00,1431.3
2025-08-25 19:00:00,1432.8
2025-08-25 20:00:00,1432.7
2025-08-25 21:00:00,1429.9
2025-08-25 23:00:00,1429.9
2025-08-26 14:30:00,1439.2
2025-08-26 15:00:00,1432.4
2025-08-26 16:00:00,1440.0
2025-08-26 17:00:00,1439.9
2025-08-26 18:00:00,1442.0
2025-08-26 19:00:00,1443.5
2025-08-26 20:00:00,1443.6
2025-08-26 21:00:00,1447.8
2025-08-26 23:00:00,1447.8
2025-08-27 14:30:00,1436.3
2025-08-27 15:00:00,1437.3
2025-08-27 16:00:00,1440.0
2025-08-27 17:00:00,1442.6
2025-08-27 18:00:00,1441.6
2025-08-27 19:00:00,1443.4
2025-08-27 20:00:00,1442.9
2025-08-27 21:00:00,1440.6
2025-08-27 23:00:00,1440.6
2025-08-28 14:30:00,1442.6
2025-08-28 15:00:00,1447.5
2025-08-28 16:00:00,1443.4
2025-08-28 17:00:00,1455.4
2025-08-28 18:00:00,1458.7
2025-08-28 19:00:00,1460.8
2025-08-28 20:00:00,1460.8
2025-08-28 21:00:00,1458.0
2025-08-28 23:00:00,1458.0
2025-08-29 14:30:00,1446.2
2025-08-29 15:00:00,1450.4
2025-08-29 16:00:00,1454.5
2025-08-29 17:00:00,1467.0
2025-08-29 18:00:00,1463.6
2025-08-29 19:00:00,1466.2
2025-08-29 20:00:00,1465.6
2025-08-29 21:00:00,1463.8
2025-08-29 23:00:00,1463.8
2025-09-02 14:30:00,1490.4
2025-09-02 15:00:00,1505.8
2025-09-02 16:00:00,1505.4
2025-09-02 17:00:00,1504.5
2025-09-02 18:00:00,1509.1
2025-09-02 19:00:00,1505.6
2025-09-02 20:00:00,1505.1
2025-09-02 21:00:00,1512.2
2025-09-02 23:00:00,1512.2
2025-09-03 14:30:00,1544.4
2025-09-03 15:00:00,1549.5
2025-09-03 16:00:00,1552.0
2025-09-03 17:00:00,1546.6
2025-09-03 18:00:00,1548.6
2025-09-03 19:00:00,1539.4
2025-09-03 20:00:00,1538.4
2025-09-03 21:00:00,1537.0
2025-09-03 23:00:00,1537.0
2025-09-04 14:30:00,1475.3
2025-09-04 15:00:00,1469.0
2025-09-04 16:00:00,1477.2
2025-09-04 17:00:00,1471.7
2025-09-04 18:00:00,1471.0
2025-09-04 19:00:00,1473.8
2025-09-04 20:00:00,1474.0
2025-09-04 21:00:00,1474.1
2025-09-04 23:00:00,1474.1
2025-09-05 14:30:00,1503.2
2025-09-05 15:00:00,1481.0
2025-09-05 16:00:00,1478.2
2025-09-05 17:00:00,1481.3
2025-09-05 18:00:00,1478.7
2025-09-05 19:00:00,1479.4
2025-09-05 20:00:00,1479.0
2025-09-05 21:00:00,1476.3
2025-09-05 23:00:00,1476.3
2025-09-08 14:30:00,1491.6
2025-09-08 15:00:00,1491.2
2025-09-08 16:00:00,1486.0
2025-09-08 17:00:00,1482.3
2025-09-08 18:00:00,1480.1
2025-09-08 19:00:00,1484.6
2025-09-08 20:00:00,1484.4
2025-09-08 21:00:00,1482.0
2025-09-08 23:00:00,1482.0
2025-09-09 14:30:00,1484.9
2025-09-09 15:00:00,1474.0
2025-09-09 16:00:00,1465.8
2025-09-09 17:00:00,1463.7
2025-09-09 18:00:00,1465.1
2025-09-09 19:00:00,1471.8
2025-09-09 20:00:00,1471.8
2025-09-09 21:00:00,1470.1
2025-09-09 23:00:00,1470.1
2025-09-10 14:30:00,1487.8
2025-09-10 15:00:00,1489.1
2025-09-10 16:00:00,1488.3
2025-09-10 17:00:00,1487.9
2025-09-10 18:00:00,1495.5
2025-09-10 19:00:00,1494.2
2025-09-10 20:00:00,1493.8
2025-09-10 21:00:00,1492.4
2025-09-10 23:00:00,1492.4
2025-09-11 14:30:00,1488.7
2025-09-11 15:00:00,1483.8
2025-09-11 16:00:00,1492.0
2025-09-11 17:00:00,1493.7
2025-09-11 18:00:00,1493.3
2025-09-11 19:00:00,1488.1
2025-09-11 20:00:00,1488.6
2025-09-11 21:00:00,1486.3
2025-09-11 23:00:00,1486.3
2025-09-12 14:30:00,1510.5
2025-09-12 15:00:00,1504.8
2025-09-12 16:00:00,1505.4
2025-09-12 17:00:00,1507.0
2025-09-12 18:00:00,1503.9
2025-09-12 19:00:00,1501.9
2025-09-12 20:00:00,1501.3
2025-09-12 21:00:00,1496.2
2025-09-12 23:00:00,1496.2
2025-09-15 14:30:00,1499.0
2025-09-15 15:00:00,1517.0
2025-09-15 16:00:00,1507.6
2025-09-15 17:00:00,1508.7
2025-09-15 18:00:00,1512.8
2025-09-15 19:00:00,1511.5
2025-09-15 20:00:00,1512.2
2025-09-15 21:00:00,1510.8
2025-09-15 23:00:00,1510.8
2025-09-16 14:30:00,1499.1
2025-09-16 15:00:00,1499.9
2025-09-16 16:00:00,1493.4
2025-09-16 17:00:00,1495.9
2025-09-16 18:00:00,1496.1
2025-09-16 19:00:00,1498.3
2025-09-16 20:00:00,1498.0
2025-09-16 21:00:00,1498.4
2025-09-16 23:00:00,1498.4
2025-09-17 14:30:00,1475.8
2025-09-17 15:00:00,1475.6
2025-09-17 16:00:00,1475.7
2025-09-17 17:00:00,1470.6
2025-09-17 18:00:00,1470.8
2025-09-17 19:00:00,1454.1
2025-09-17 20:00:00,1456.5
2025-09-17 21:00:00,1463.1
2025-09-17 23:00:00,1463.1
2025-09-18 14:30:00,1481.1
2025-09-18 15:00:00,1487.0
2025-09-18 16:00:00,1489.7
2025-09-18 17:00:00,1490.6
2025-09-18 18:00:00,1495.3
2025-09-18 19:00:00,1495.8
2025-09-18 20:00:00,1495.3
2025-09-18 21:00:00,1491.6
2025-09-18 23:00:00,1491.6
2025-09-19 14:30:00,1493.1
2025-09-19 15:00:00,1500.3
2025-09-19 16:00:00,1508.9
2025-09-19 17:00:00,1508.6
2025-09-19 18:00:00,1513.7
2025-09-19 19:00:00,1515.0
2025-09-19 20:00:00,1515.9
2025-09-19 20:00:01,1515.9
2025-09-19 21:00:00,1512.7
2025-09-19 23:00:00,1512.7
2025-09-22 14:30:00,1510.1000000000001
2025-09-22 15:00:00,1512.2
2025-09-22 16:00:00,1513.5
2025-09-22 17:00:00,1524.6000000000001
2025-09-22 18:00:00,1524.5
2025-09-22 19:00:00,1527.0
2025-09-22 20:00:00,1527.5
2025-09-22 21:00:00,1522.1000000000001
2025-09-22 23:00:00,1522.1000000000001
2025-09-23 14:30:00,1591.7
2025-09-23 15:00:00,1589.9
2025-09-23 16:00:00,1595.8000000000002
2025-09-23 17:00:00,1606.4
2025-09-23 18:00:00,1594.4
2025-09-23 19:00:00,1585.0
2025-09-23 20:00:00,1588.1000000000001
2025-09-23 21:00:00,1586.2
2025-09-23 23:00:00,1586.2
2025-09-24 14:30:00,1587.4
2025-09-24 15:00:00,1584.9
2025-09-24 16:00:00,1578.5
2025-09-24 17:00:00,1584.8000000000002
2025-09-24 18:00:00,1580.4
2025-09-24 19:00:00,1580.3000000000002
2025-09-24 20:00:00,1578.7
2025-09-24 21:00:00,1584.5
2025-09-24 23:00:00,1584.5
2025-09-25 14:30:00,1612.6000000000001
2025-09-25 15:00:00,1636.9
2025-09-25 16:00:00,1630.9
2025-09-25 17:00:00,1636.7
2025-09-25 18:00:00,1647.4
2025-09-25 19:00:00,1647.2
2025-09-25 20:00:00,1645.5
2025-09-25 21:00:00,1644.9
2025-09-25 23:00:00,1644.9
2025-09-26 14:30:00,1689.1000000000001
2025-09-26 15:00:00,1679.5
2025-09-26 16:00:00,1680.5
2025-09-26 17:00:00,1681.5
2025-09-26 18:00:00,1689.8000000000002
2025-09-26 19:00:00,1691.2
2025-09-26 20:00:00,1691.3000000000002
2025-09-26 21:00:00,1689.6000000000001
2025-09-26 23:00:00,1689.6000000000001
2025-09-29 14:30:00,1701.8000000000002
2025-09-29 15:00:00,1706.4
2025-09-29 16:00:00,1706.9
2025-09-29 17:00:00,1710.8000000000002
2025-09-29 18:00:00,1709.1000000000001
2025-09-29 19:00:00,1713.3000000000002
2025-09-29 20:00:00,1713.2
2025-09-29 21:00:00,1717.5
2025-09-29 23:00:00,1717.5
2025-09-30 14:30:00,1672.2
2025-09-30 15:00:00,1698.7
2025-09-30 16:00:00,1683.7
2025-09-30 17:00:00,1683.9
2025-09-30 18:00:00,1682.6000000000001
2025-09-30 19:00:00,1689.4
2025-09-30 20:00:00,1688.1000000000001
2025-09-30 21:00:00,1695.8000000000002
2025-09-30 23:00:00,1695.8000000000002
2025-10-01 14:30:00,1683.5
2025-10-01 15:00:00,1669.8000000000002
2025-10-01 16:00:00,1660.5
2025-10-01 17:00:00,1669.6000000000001
2025-10-01 18:00:00,1665.5
2025-10-01 19:00:00,1672.3000000000002
2025-10-01 20:00:00,1671.3000000000002
2025-10-01 21:00:00,1674.9
2025-10-01 23:00:00,1674.9
2025-10-02 14:30:00,1679.0
2025-10-02 15:00:00,1645.1000000000001
2025-10-02 16:00:00,1649.8000000000002
2025-10-02 17:00:00,1668.0
2025-10-02 18:00:00,1666.0
2025-10-02 19:00:00,1670.6000000000001
2025-10-02 20:00:00,1670.2
2025-10-02 21:00:00,1677.4
2025-10-02 23:00:00,1677.4
2025-10-03 14:30:00,1719.7
2025-10-03 15:00:00,1720.8000000000002
2025-10-03 16:00:00,1726.2
2025-10-03 17:00:00,1721.3000000000002
2025-10-03 18:00:00,1714.5
2025-10-03 19:00:00,1717.0
2025-10-03 20:00:00,1716.5
2025-10-03 21:00:00,1723.2
2025-10-03 23:00:00,1723.2
2025-10-06 14:30:00,1755.4
2025-10-06 15:00:00,1747.2
2025-10-06 16:00:00,1744.3000000000002
2025-10-06 17:00:00,1736.0
2025-10-06 18:00:00,1739.2
2025-10-06 19:00:00,1738.0
2025-10-06 20:00:00,1734.4
2025-10-06 21:00:00,1734.1000000000001
2025-10-06 23:00:00,1734.1000000000001
2025-10-07 14:30:00,1734.1000000000001
2025-10-07 15:00:00,1744.2
2025-10-07 16:00:00,1721.9
2025-10-07 17:00:00,1728.8000000000002
2025-10-07 18:00:00,1726.5
2025-10-07 19:00:00,1729.8000000000002
2025-10-07 20:00:00,1730.1000000000001
2025-10-07 21:00:00,1732.4
2025-10-07 23:00:00,1732.4
2025-10-08 14:30:00,1783.7
2025-10-08 15:00:00,1775.3000000000002
2025-10-08 16:00:00,1771.5
2025-10-08 17:00:00,1778.8000000000002
2025-10-08 18:00:00,1781.1000000000001
2025-10-08 19:00:00,1776.9
2025-10-08 20:00:00,1778.5
2025-10-08 21:00:00,1769.9
2025-10-08 23:00:00,1769.9
2025-10-09 14:30:00,1777.1000000000001
2025-10-09 15:00:00,1782.2
2025-10-09 16:00:00,1772.5
2025-10-09 17:00:00,1738.9
2025-10-09 18:00:00,1736.0
2025-10-09 19:00:00,1735.4
2025-10-09 20:00:00,1735.2
2025-10-09 21:00:00,1741.3000000000002
2025-10-09 23:00:00,1741.3000000000002
2025-10-10 14:30:00,1743.8000000000002
2025-10-10 15:00:00,1740.3000000000002
2025-10-10 16:00:00,1714.3000000000002
2025-10-10 17:00:00,1708.9
2025-10-10 18:00:00,1708.0
2025-10-10 19:00:00,1705.8000000000002
2025-10-10 20:00:00,1707.7
2025-10-10 21:00:00,1699.2
2025-10-10 23:00:00,1701.4
2025-10-13 14:30:00,1764.7
2025-10-13 15:00:00,1775.9
2025-10-13 16:00:00,1779.3000000000002
2025-10-13 17:00:00,1769.9
2025-10-13 18:00:00,1764.0
2025-10-13 19:00:00,1761.6000000000001
2025-10-13 20:00:00,1761.6000000000001
2025-10-13 21:00:00,1761.7
2025-10-13 23:00:00,1761.7
2025-10-14 14:30:00,1729.4
2025-10-14 15:00:00,1739.4
2025-10-14 16:00:00,1756.0
2025-10-14 17:00:00,1756.6000000000001
2025-10-14 18:00:00,1755.0
2025-10-14 19:00:00,1757.8000000000002
2025-10-14 20:00:00,1759.6000000000001
2025-10-14 21:00:00,1743.4
2025-10-14 23:00:00,1743.4
2025-10-15 14:30:00,1762.8000000000002
2025-10-15 15:00:00,1769.9
2025-10-15 16:00:00,1775.3000000000002
2025-10-15 17:00:00,1768.8000000000002
2025-10-15 18:00:00,1762.4
2025-10-15 19:00:00,1767.9
2025-10-15 20:00:00,1767.4
2025-10-15 21:00:00,1775.1000000000001
2025-10-15 23:00:00,1775.1000000000001
2025-10-16 14:30:00,1826.7
2025-10-16 15:00:00,1837.2
2025-10-16 16:00:00,1835.6000000000001
2025-10-16 17:00:00,1834.9
2025-10-16 18:00:00,1820.0
2025-10-16 19:00:00,1816.3000000000002
2025-10-16 20:00:00,1815.0
2025-10-16 21:00:00,1831.6000000000001
2025-10-16 23:00:00,1831.6000000000001
2025-10-17 14:30:00,1715.9
2025-10-17 15:00:00,1727.1000000000001
2025-10-17 16:00:00,1720.1000000000001
2025-10-17 17:00:00,1704.1000000000001
2025-10-17 18:00:00,1711.8000000000002
2025-10-17 19:00:00,1711.9
2025-10-17 20:00:00,1710.6000000000001
2025-10-17 21:00:00,1708.2
2025-10-17 23:00:00,1708.2
2025-10-20 14:30:00,1709.9
2025-10-20 15:00:00,1722.6000000000001
2025-10-20 16:00:00,1728.8000000000002
2025-10-20 17:00:00,1729.4
2025-10-20 18:00:00,1735.8000000000002
2025-10-20 19:00:00,1738.6000000000001
2025-10-20 20:00:00,1740.4
2025-10-20 21:00:00,1730.2
2025-10-20 23:00:00,1730.2
2025-10-21 14:30:00,1602.4
2025-10-21 15:00:00,1612.2
2025-10-21 16:00:00,1623.8000000000002
2025-10-21 17:00:00,1600.3000000000002
2025-10-21 18:00:00,1611.9
2025-10-21 19:00:00,1612.9
2025-10-21 20:00:00,1614.1000000000001
2025-10-21 21:00:00,1616.2
2025-10-21 23:00:00,1616.2
2025-10-22 14:30:00,1623.5
2025-10-22 15:00:00,1613.4
2025-10-22 16:00:00,1620.6000000000001
2025-10-22 17:00:00,1634.7
2025-10-22 18:00:00,1644.5
2025-10-22 19:00:00,1649.2
2025-10-22 20:00:00,1650.4
2025-10-22 21:00:00,1656.3000000000002
2025-10-22 23:00:00,1656.3000000000002
2025-10-23 14:30:00,1688.2
2025-10-23 15:00:00,1671.9
2025-10-23 16:00:00,1675.5
2025-10-23 17:00:00,1674.3000000000002
2025-10-23 18:00:00,1682.1000000000001
2025-10-23 19:00:00,1676.6000000000001
2025-10-23 20:00:00,1676.9
2025-10-23 21:00:00,1673.4
2025-10-23 23:00:00,1673.4
2025-10-24 14:30:00,1666.0
2025-10-24 15:00:00,1677.6000000000001
2025-10-24 16:00:00,1685.2
2025-10-24 17:00:00,1677.7
2025-10-24 18:00:00,1674.3000000000002
2025-10-24 19:00:00,1678.3000000000002
2025-10-24 20:00:00,1679.1000000000001
2025-10-24 21:00:00,1673.5
2025-10-24 23:00:00,1673.5
2025-10-27 13:30:00,1664.6000000000001
2025-10-27 14:00:00,1646.3000000000002
2025-10-27 15:00:00,1654.3000000000002
2025-10-27 16:00:00,1663.1000000000001
2025-10-27 17:00:00,1664.9
2025-10-27 18:00:00,1659.0
2025-10-27 19:00:00,1658.0
2025-10-27 20:00:00,1656.9
2025-10-27 23:00:00,1660.0
2025-10-28 13:30:00,1658.3000000000002
2025-10-28 14:00:00,1659.4
2025-10-28 15:00:00,1666.6000000000001
2025-10-28 16:00:00,1664.7
2025-10-28 17:00:00,1667.5
2025-10-28 18:00:00,1666.6000000000001
2025-10-28 19:00:00,1666.0
2025-10-28 20:00:00,1666.1000000000001
2025-10-28 23:00:00,1664.4
2025-10-29 13:30:00,1686.2
2025-10-29 14:00:00,1687.0
2025-10-29 15:00:00,1675.4
2025-10-29 16:00:00,1679.1000000000001
2025-10-29 17:00:00,1676.0
2025-10-29 18:00:00,1671.5
2025-10-29 19:00:00,1665.2
2025-10-29 20:00:00,1662.3000000000002
2025-10-29 23:00:00,1661.8000000000002
2025-10-30 13:30:00,1672.6000000000001
2025-10-30 14:00:00,1673.7
2025-10-30 15:00:00,1682.7
2025-10-30 16:00:00,1695.0
2025-10-30 17:00:00,1689.0
2025-10-30 18:00:00,1693.0
2025-10-30 19:00:00,1690.4
2025-10-30 20:00:00,1690.5
2025-10-30 23:00:00,1689.1000000000001
2025-10-31 13:30:00,1671.6000000000001
2025-10-31 14:00:00,1675.2
2025-10-31 15:00:00,1668.2
2025-10-31 16:00:00,1652.2
2025-10-31 17:00:00,1656.6000000000001
2025-10-31 18:00:00,1660.2
2025-10-31 19:00:00,1658.1000000000001
2025-10-31 20:00:00,1655.7
2025-10-31 23:00:00,1650.4
2025-11-03 14:30:00,1673.1000000000001
2025-11-03 15:00:00,1659.2
2025-11-03 16:00:00,1660.6000000000001
2025-11-03 17:00:00,1659.7
2025-11-03 18:00:00,1655.5
2025-11-03 19:00:00,1655.3000000000002
2025-11-03 20:00:00,1656.5
2025-11-03 21:00:00,1657.4
2025-11-03 23:00:00,1657.4
2025-11-04 14:30:00,1624.1000000000001
2025-11-04 15:00:00,1630.0
2025-11-04 16:00:00,1638.2
2025-11-04 17:00:00,1630.1000000000001
2025-11-04 18:00:00,1622.7
2025-11-04 19:00:00,1618.2
2025-11-04 20:00:00,1619.0
2025-11-04 21:00:00,1618.2
2025-11-04 23:00:00,1618.2
2025-11-05 14:30:00,1632.3000000000002
2025-11-05 15:00:00,1636.7
2025-11-05 16:00:00,1633.9
2025-11-05 17:00:00,1639.1000000000001
2025-11-05 18:00:00,1645.1000000000001
2025-11-05 19:00:00,1647.2
2025-11-05 20:00:00,1647.4
2025-11-05 21:00:00,1642.3000000000002
2025-11-05 23:00:00,1642.3000000000002
2025-11-06 14:30:00,1634.4
2025-11-06 15:00:00,1620.0
2025-11-06 16:00:00,1603.5
2025-11-06 17:00:00,1618.0
2025-11-06 18:00:00,1616.4
2025-11-06 19:00:00,1621.3000000000002
2025-11-06 20:00:00,1622.2
2025-11-06 21:00:00,1616.4
2025-11-06 23:00:00,1616.4
2025-11-07 14:30:00,1629.6000000000001
2025-11-07 15:00:00,1624.9
2025-11-07 16:00:00,1633.5
2025-11-07 17:00:00,1626.9
2025-11-07 18:00:00,1625.7
2025-11-07 19:00:00,1633.1000000000001
2025-11-07 20:00:00,1632.1000000000001
2025-11-07 21:00:00,1633.0
2025-11-07 23:00:00,1633.0
2025-11-10 14:30:00,1656.4
2025-11-10 15:00:00,1655.0
2025-11-10 16:00:00,1669.8000000000002
2025-11-10 17:00:00,1677.6000000000001
2025-11-10 18:00:00,1680.4
2025-11-10 19:00:00,1676.3000000000002
2025-11-10 20:00:00,1676.9
2025-11-10 21:00:00,1675.2
2025-11-10 23:00:00,1675.2
2025-11-11 14:30:00,1673.6000000000001
2025-11-11 15:00:00,1670.4
2025-11-11 16:00:00,1675.5
2025-11-11 17:00:00,1680.1000000000001
2025-11-11 18:00:00,1677.8000000000002
2025-11-11 19:00:00,1678.1000000000001
2025-11-11 20:00:00,1678.7
2025-11-11 21:00:00,1677.6000000000001
2025-11-11 23:00:00,1677.6000000000001
2025-11-12 14:30:00,1687.0
2025-11-12 15:00:00,1712.5
2025-11-12 16:00:00,1712.0
2025-11-12 17:00:00,1711.8000000000002
2025-11-12 18:00:00,1715.9
2025-11-12 19:00:00,1713.0
2025-11-12 20:00:00,1713.6000000000001
2025-11-12 21:00:00,1712.5
2025-11-12 23:00:00,1712.5
2025-11-13 14:30:00,1692.5
2025-11-13 15:00:00,1690.2
2025-11-13 16:00:00,1696.6000000000001
2025-11-13 17:00:00,1695.6000000000001
2025-11-13 18:00:00,1668.8000000000002
2025-11-13 19:00:00,1669.3000000000002
2025-11-13 20:00:00,1669.4
2025-11-13 21:00:00,1676.2
2025-11-13 23:00:00,1676.2
2025-11-14 14:30:00,1651.1000000000001
2025-11-14 15:00:00,1659.7
2025-11-14 16:00:00,1652.0
2025-11-14 17:00:00,1648.5
2025-11-14 18:00:00,1641.0
2025-11-14 19:00:00,1642.2
2025-11-14 20:00:00,1642.0
2025-11-14 21:00:00,1636.8000000000002
2025-11-14 23:00:00,1636.8000000000002
2025-11-17 14:30:00,1631.1000000000001
2025-11-17 15:00:00,1624.4
2025-11-17 16:00:00,1632.1000000000001
2025-11-17 17:00:00,1640.9
2025-11-17 18:00:00,1626.8000000000002
2025-11-17 19:00:00,1611.3000000000002
2025-11-17 20:00:00,1612.2
2025-11-17 21:00:00,1625.4
2025-11-17 23:00:00,1625.4
2025-11-18 14:30:00,1612.1000000000001
2025-11-18 15:00:00,1612.3000000000002
2025-11-18 16:00:00,1632.4
2025-11-18 17:00:00,1634.0
2025-11-18 18:00:00,1631.8000000000002
2025-11-18 19:00:00,1636.7
2025-11-18 20:00:00,1636.2
2025-11-18 21:00:00,1626.2
2025-11-18 23:00:00,1626.2
2025-11-19 14:30:00,1651.9
2025-11-19 15:00:00,1644.9
2025-11-19 16:00:00,1629.4
2025-11-19 17:00:00,1633.3000000000002
2025-11-19 18:00:00,1638.9
2025-11-19 19:00:00,1634.2
2025-11-19 20:00:00,1634.5
2025-11-19 21:00:00,1628.7
2025-11-19 23:00:00,1628.7
2025-11-20 14:30:00,1641.4
2025-11-20 15:00:00,1625.0
2025-11-20 16:00:00,1596.6000000000001
2025-11-20 17:00:00,1594.6000000000001
2025-11-20 18:00:00,1590.7
2025-11-20 19:00:00,1602.9
2025-11-20 20:00:00,1601.2
2025-11-20 21:00:00,1596.0
2025-11-20 23:00:00,1596.0
2025-11-21 14:30:00,1595.0
2025-11-21 15:00:00,1601.2
2025-11-21 16:00:00,1618.0
2025-11-21 17:00:00,1603.7
2025-11-21 18:00:00,1605.8000000000002
2025-11-21 19:00:00,1604.6000000000001
2025-11-21 20:00:00,1605.3000000000002
2025-11-21 21:00:00,1601.8000000000002
2025-11-21 23:00:00,1601.8000000000002
2025-11-24 14:30:00,1626.5
2025-11-24 15:00:00,1631.6000000000001
2025-11-24 16:00:00,1631.4
2025-11-24 17:00:00,1629.6000000000001
2025-11-24 18:00:00,1639.3000000000002
2025-11-24 19:00:00,1637.6000000000001
2025-11-24 20:00:00,1638.6000000000001
2025-11-24 21:00:00,1637.1000000000001
2025-11-24 23:00:00,1637.1000000000001
2025-11-25 14:30:00,1636.6000000000001
2025-11-25 15:00:00,1626.2
2025-11-25 16:00:00,1634.3000000000002
2025-11-25 17:00:00,1641.1000000000001
2025-11-25 18:00:00,1637.7
2025-11-25 19:00:00,1642.0
2025-11-25 20:00:00,1642.4
2025-11-25 21:00:00,1643.4
2025-11-25 23:00:00,1643.4
2025-11-26 14:30:00,1651.3000000000002
2025-11-26 15:00:00,1665.5
2025-11-26 16:00:00,1659.6000000000001
2025-11-26 17:00:00,1658.4
2025-11-26 18:00:00,1665.3000000000002
2025-11-26 19:00:00,1678.4
2025-11-26 20:00:00,1677.9
2025-11-26 21:00:00,1677.2
2025-11-26 23:00:00,1677.2
2025-11-28 14:30:00,1741.8000000000002
2025-11-28 15:00:00,1752.8000000000002
2025-11-28 16:00:00,1760.9
2025-11-28 17:00:00,1765.9
2025-11-28 23:00:00,1765.9
2025-12-01 14:30:00,1779.4
2025-12-01 15:00:00,1756.6000000000001
2025-12-01 16:00:00,1751.7
2025-12-01 17:00:00,1757.5
2025-12-01 18:00:00,1752.5
2025-12-01 19:00:00,1746.0
2025-12-01 20:00:00,1745.5
2025-12-01 21:00:00,1749.6000000000001
2025-12-01 23:00:00,1749.6000000000001
2025-12-02 14:30:00,1721.4
2025-12-02 15:00:00,1712.8000000000002
2025-12-02 16:00:00,1726.1000000000001
2025-12-02 17:00:00,1730.7
2025-12-02 18:00:00,1725.2
2025-12-02 19:00:00,1733.1000000000001
2025-12-02 20:00:00,1732.1000000000001
2025-12-02 21:00:00,1732.0
2025-12-02 23:00:00,1732.0
2025-12-03 14:30:00,1728.9
2025-12-03 15:00:00,1741.0
2025-12-03 16:00:00,1735.4
2025-12-03 17:00:00,1741.6000000000001
2025-12-03 18:00:00,1741.9
2025-12-03 19:00:00,1750.2
2025-12-03 20:00:00,1750.9
2025-12-03 21:00:00,1761.9
2025-12-03 23:00:00,1761.9
2025-12-04 14:30:00,1731.2
2025-12-04 15:00:00,1744.1000000000001
2025-12-04 16:00:00,1743.5
2025-12-04 17:00:00,1737.7
2025-12-04 18:00:00,1734.4
2025-12-04 19:00:00,1737.2
2025-12-04 20:00:00,1736.8000000000002
2025-12-04 21:00:00,1738.8000000000002
2025-12-04 23:00:00,1738.8000000000002
2025-12-05 14:30:00,1744.7
2025-12-05 15:00:00,1733.4
2025-12-05 16:00:00,1739.5
2025-12-05 17:00:00,1738.1000000000001
2025-12-05 18:00:00,1734.0
2025-12-05 19:00:00,1739.2
2025-12-05 20:00:00,1738.7
2025-12-05 21:00:00,1733.5
2025-12-05 23:00:00,1733.5
2025-12-08 14:30:00,1751.5
2025-12-08 15:00:00,1732.3000000000002
2025-12-08 16:00:00,1733.5
2025-12-08 17:00:00,1740.6000000000001
2025-12-08 18:00:00,1735.7
2025-12-08 19:00:00,1740.0
2025-12-08 20:00:00,1739.5
2025-12-08 21:00:00,1740.4
2025-12-08 23:00:00,1740.4
2025-12-09 14:30:00,1756.6000000000001
2025-12-09 15:00:00,1786.3000000000002
2025-12-09 16:00:00,1786.6000000000001
2025-12-09 17:00:00,1776.1000000000001
2025-12-09 18:00:00,1786.8000000000002
2025-12-09 19:00:00,1785.3000000000002
2025-12-09 20:00:00,1786.0
2025-12-09 21:00:00,1786.5
2025-12-09 23:00:00,1786.5
2025-12-10 14:30:00,1734.3000000000002
2025-12-10 15:00:00,1726.3000000000002
2025-12-10 16:00:00,1728.3000000000002
2025-12-10 17:00:00,1724.9
2025-12-10 18:00:00,1722.7
2025-12-10 19:00:00,1743.0
2025-12-10 20:00:00,1739.9
2025-12-10 21:00:00,1751.3000000000002
2025-12-10 23:00:00,1751.3000000000002
2025-12-11 14:30:00,1766.0
2025-12-11 15:00:00,1790.0
2025-12-11 16:00:00,1798.4
2025-12-11 17:00:00,1791.2
2025-12-11 18:00:00,1789.8000000000002
2025-12-11 19:00:00,1790.9
2025-12-11 20:00:00,1790.7
2025-12-11 21:00:00,1792.3000000000002
2025-12-11 23:00:00,1792.3000000000002
2025-12-12 14:30:00,1870.9
2025-12-12 15:00:00,1830.3000000000002
2025-12-12 16:00:00,1831.8000000000002
2025-12-12 17:00:00,1841.4
2025-12-12 18:00:00,1842.6000000000001
2025-12-12 19:00:00,1844.7
2025-12-12 20:00:00,1843.7
2025-12-12 21:00:00,1842.6000000000001
2025-12-12 23:00:00,1842.6000000000001
2025-12-15 14:30:00,1896.7
2025-12-15 15:00:00,1911.6000000000001
2025-12-15 16:00:00,1893.7
2025-12-15 17:00:00,1895.2
2025-12-15 18:00:00,1893.4
2025-12-15 19:00:00,1895.9
2025-12-15 20:00:00,1893.6000000000001
2025-12-15 21:00:00,1894.3000000000002
2025-12-15 23:00:00,1894.3000000000002
2025-12-16 14:30:00,1942.4
2025-12-16 15:00:00,1953.5
2025-12-16 16:00:00,1961.2
2025-12-16 17:00:00,1956.8000000000002
2025-12-16 18:00:00,1958.7
2025-12-16 19:00:00,1956.8000000000002
2025-12-16 20:00:00,1957.8000000000002
2025-12-16 21:00:00,1952.7
2025-12-16 23:00:00,1952.7
2025-12-17 14:30:00,2015.2
2025-12-17 15:00:00,1992.7
2025-12-17 16:00:00,2009.0
2025-12-17 17:00:00,2016.6000000000001
2025-12-17 18:00:00,2002.2
2025-12-17 19:00:00,2007.7
2025-12-17 20:00:00,2006.2
2025-12-17 21:00:00,2009.9
2025-12-17 23:00:00,2009.9
2025-12-18 14:30:00,2017.6000000000001
2025-12-18 15:00:00,2022.3000000000002
2025-12-18 16:00:00,2052.2
2025-12-18 17:00:00,2043.0
2025-12-18 18:00:00,2048.4
2025-12-18 19:00:00,2036.7
2025-12-18 20:00:00,2037.8000000000002
2025-12-18 21:00:00,2037.6000000000001
2025-12-18 23:00:00,2037.6000000000001
2025-12-19 14:30:00,2066.7
2025-12-19 15:00:00,2076.7
2025-12-19 16:00:00,2097.4000000000005
2025-12-19 17:00:00,2095.7
2025-12-19 18:00:00,2097.5
2025-12-19 19:00:00,2098.6000000000004
2025-12-19 20:00:00,2098.3
2025-12-19 20:00:01,2098.3
2025-12-19 21:00:00,2096.1000000000004
2025-12-19 23:00:00,2096.1000000000004
2025-12-22 14:30:00,2187.0
2025-12-22 15:00:00,2173.3
2025-12-22 16:00:00,2179.7
2025-12-22 17:00:00,2164.9000000000005
2025-12-22 18:00:00,2182.3
2025-12-22 19:00:00,2189.4000000000005
2025-12-22 20:00:00,2192.1000000000004
2025-12-22 21:00:00,2220.2
2025-12-22 23:00:00,2220.2
2025-12-23 14:30:00,2309.6000000000004
2025-12-23 15:00:00,2330.8
2025-12-23 16:00:00,2340.9000000000005
2025-12-23 17:00:00,2360.3
2025-12-23 18:00:00,2361.1000000000004
2025-12-23 19:00:00,2365.3
2025-12-23 20:00:00,2366.4000000000005
2025-12-23 21:00:00,2385.7
2025-12-23 23:00:00,2385.7
2025-12-24 14:30:00,2305.5
2025-12-24 15:00:00,2261.5
2025-12-24 16:00:00,2310.5
2025-12-24 17:00:00,2330.7
2025-12-24 18:00:00,2338.7
2025-12-24 23:00:00,2338.7
2025-12-26 14:30:00,2511.8
2025-12-26 15:00:00,2560.4000000000005
2025-12-26 16:00:00,2540.7
2025-12-26 17:00:00,2543.5
2025-12-26 18:00:00,2535.1000000000004
2025-12-26 19:00:00,2517.7
2025-12-26 20:00:00,2520.8
2025-12-26 21:00:00,2577.2
2025-12-26 23:00:00,2577.2
2025-12-29 14:30:00,2223.9000000000005
2025-12-29 15:00:00,2166.1000000000004
2025-12-29 16:00:00,2214.4000000000005
2025-12-29 17:00:00,2166.5
2025-12-29 18:00:00,2169.7
2025-12-29 19:00:00,2186.0
2025-12-29 20:00:00,2188.7
2025-12-29 21:00:00,2181.4000000000005
2025-12-29 23:00:00,2181.4000000000005
2025-12-30 14:30:00,2282.7
2025-12-30 15:00:00,2290.5
2025-12-30 16:00:00,2295.3
2025-12-30 17:00:00,2297.7
2025-12-30 18:00:00,2300.5
2025-12-30 19:00:00,2255.6000000000004
2025-12-30 20:00:00,2252.7
2025-12-30 21:00:00,2262.5
2025-12-30 23:00:00,2262.5
2025-12-31 14:30:00,2126.9000000000005
2025-12-31 15:00:00,2113.5
2025-12-31 16:00:00,2103.0
2025-12-31 17:00:00,2087.2
2025-12-31 18:00:00,2076.6000000000004
2025-12-31 19:00:00,2055.7
2025-12-31 20:00:00,2049.6
2025-12-31 21:00:00,2112.5
2025-12-31 23:00:00,2112.5
2026-01-02 14:30:00,2218.5
2026-01-02 15:00:00,2183.0
2026-01-02 16:00:00,2185.8
2026-01-02 17:00:00,2179.2
2026-01-02 18:00:00,2172.7
2026-01-02 19:00:00,2181.0
2026-01-02 20:00:00,2178.6000000000004
2026-01-02 21:00:00,2204.3
2026-01-02 23:00:00,2204.3
2026-01-05 14:30:00,2339.2
2026-01-05 15:00:00,2333.2
2026-01-05 16:00:00,2344.9000000000005
2026-01-05 17:00:00,2324.4000000000005
2026-01-05 18:00:00,2330.3
2026-01-05 19:00:00,2315.5
2026-01-05 20:00:00,2318.0
2026-01-05 21:00:00,2330.5
2026-01-05 23:00:00,2330.5
2026-01-06 14:30:00,2438.0
2026-01-06 15:00:00,2447.5
2026-01-06 16:00:00,2470.5
2026-01-06 17:00:00,2498.6000000000004
2026-01-06 18:00:00,2489.4000000000005
2026-01-06 19:00:00,2459.7
2026-01-06 20:00:00,2457.4000000000005
2026-01-06 21:00:00,2498.5
2026-01-06 23:00:00,2498.5
2026-01-07 14:30:00,2308.7
2026-01-07 15:00:00,2310.8
2026-01-07 16:00:00,2343.9000000000005
2026-01-07 17:00:00,2316.7
2026-01-07 18:00:00,2323.3
2026-01-07 19:00:00,2330.5
2026-01-07 20:00:00,2331.4000000000005
2026-01-07 21:00:00,2332.9000000000005
2026-01-07 23:00:00,2332.9000000000005
2026-01-08 14:30:00,2261.6000000000004
2026-01-08 15:00:00,2298.8
2026-01-08 16:00:00,2306.5
2026-01-08 17:00:00,2312.8
2026-01-08 18:00:00,2295.7
2026-01-08 19:00:00,2302.1000000000004
2026-01-08 20:00:00,2307.5
2026-01-08 21:00:00,2325.1000000000004
2026-01-08 23:00:00,2325.1000000000004
2026-01-09 14:30:00,2351.1000000000004
2026-01-09 15:00:00,2362.0
2026-01-09 16:00:00,2356.5
2026-01-09 17:00:00,2325.1000000000004
2026-01-09 18:00:00,2338.1000000000004
2026-01-09 19:00:00,2326.2
2026-01-09 20:00:00,2327.3
2026-01-09 21:00:00,2320.3
2026-01-09 23:00:00,2320.3
2026-01-12 14:30:00,2385.3
2026-01-12 15:00:00,2401.9000000000005
2026-01-12 16:00:00,2409.9000000000005
2026-01-12 17:00:00,2415.9000000000005
2026-01-12 18:00:00,2406.2
2026-01-12 19:00:00,2407.4000000000005
2026-01-12 20:00:00,2404.2
2026-01-12 21:00:00,2403.8
2026-01-12 23:00:00,2403.8
2026-01-13 14:30:00,2429.4000000000005
2026-01-13 15:00:00,2419.0
2026-01-13 16:00:00,2420.0
2026-01-13 17:00:00,2395.6000000000004
2026-01-13 18:00:00,2401.8
2026-01-13 19:00:00,2400.8
2026-01-13 20:00:00,2399.8
2026-01-13 21:00:00,2380.5
2026-01-13 23:00:00,2380.5
2026-01-14 14:30:00,2437.3
2026-01-14 15:00:00,2441.4000000000005
2026-01-14 16:00:00,2434.9000000000005
2026-01-14 17:00:00,2424.1000000000004
2026-01-14 18:00:00,2450.5
2026-01-14 19:00:00,2468.0
2026-01-14 20:00:00,2470.2
2026-01-14 21:00:00,2445.2
2026-01-14 23:00:00,2445.2
2026-01-15 14:30:00,2428.4000000000005
2026-01-15 15:00:00,2427.8
2026-01-15 16:00:00,2432.6000000000004
2026-01-15 17:00:00,2447.6000000000004
2026-01-15 18:00:00,2478.3
2026-01-15 19:00:00,2468.9000000000005
2026-01-15 20:00:00,2462.6000000000004
2026-01-15 21:00:00,2458.3
2026-01-15 23:00:00,2458.3
2026-01-16 14:30:00,2340.2
2026-01-16 15:00:00,2325.9000000000005
2026-01-16 16:00:00,2351.2
2026-01-16 17:00:00,2353.9000000000005
2026-01-16 18:00:00,2351.4000000000005
2026-01-16 19:00:00,2360.9000000000005
2026-01-16 20:00:00,2357.7
2026-01-16 21:00:00,2385.4000000000005
2026-01-16 23:00:00,2385.4000000000005
2026-01-20 14:30:00,2502.8
2026-01-20 15:00:00,2464.2
2026-01-20 16:00:00,2472.2
2026-01-20 17:00:00,2489.0
2026-01-20 18:00:00,2487.3
2026-01-20 19:00:00,2501.1000000000004
2026-01-20 20:00:00,2499.9000000000005
2026-01-20 21:00:00,2522.5
2026-01-20 23:00:00,2522.5
2026-01-21 14:30:00,2557.9000000000005
2026-01-21 15:00:00,2577.5
2026-01-21 16:00:00,2571.3
2026-01-21 17:00:00,2538.5
2026-01-21 18:00:00,2553.0
2026-01-21 19:00:00,2514.6000000000004
2026-01-21 20:00:00,2523.3
2026-01-21 21:00:00,2521.3
2026-01-21 23:00:00,2521.3
2026-01-22 14:30:00,2543.8
2026-01-22 15:00:00,2594.3
2026-01-22 16:00:00,2598.3
2026-01-22 17:00:00,2619.0
2026-01-22 18:00:00,2637.7
2026-01-22 19:00:00,2653.1000000000004
2026-01-22 20:00:00,2655.7
2026-01-22 21:00:00,2669.6000000000004
2026-01-22 23:00:00,2669.6000000000004
2026-01-23 14:30:00,2752.2
2026-01-23 15:00:00,2760.5
2026-01-23 16:00:00,2780.3
2026-01-23 17:00:00,2780.9000000000005
2026-01-23 18:00:00,2782.6000000000004
2026-01-23 19:00:00,2800.4000000000005
2026-01-23 20:00:00,2797.2
2026-01-23 21:00:00,2815.7
2026-01-23 23:00:00,2815.7
2026-01-26 14:30:00,2894.8
2026-01-26 15:00:00,2877.6000000000004
2026-01-26 16:00:00,2891.2
2026-01-26 17:00:00,2915.0
2026-01-26 18:00:00,2816.2
2026-01-26 19:00:00,2700.9000000000005
2026-01-26 20:00:00,2713.8
2026-01-26 21:00:00,2618.1000000000004
2026-01-26 23:00:00,2618.1000000000004
2026-01-27 14:30:00,2617.9000000000005
2026-01-27 15:00:00,2618.4000000000005
2026-01-27 16:00:00,2564.7
2026-01-27 17:00:00,2559.6000000000004
2026-01-27 18:00:00,2588.0
2026-01-27 19:00:00,2615.4000000000005
2026-01-27 20:00:00,2616.6000000000004
2026-01-27 21:00:00,2687.6000000000004
2026-01-27 23:00:00,2687.6000000000004
2026-01-28 14:30:00,2696.8
2026-01-28 15:00:00,2661.5
2026-01-28 16:00:00,2686.9000000000005
2026-01-28 17:00:00,2674.9000000000005
2026-01-28 18:00:00,2635.1000000000004
2026-01-28 19:00:00,2671.5
2026-01-28 20:00:00,2676.4000000000005
2026-01-28 23:00:00,2747.6000000000004
2026-01-29 23:00:00,2679.4000000000005
2026-01-30 23:00:00,2220.7
2026-02-02 14:30:00,2156.6000000000004
2026-02-02 15:00:00,2132.1000000000004
2026-02-02 16:00:00,2164.5
2026-02-02 17:00:00,2158.5
2026-02-02 18:00:00,2170.7
2026-02-02 19:00:00,2192.3
2026-02-02 20:00:00,2181.2
2026-02-02 21:00:00,2161.2
2026-02-02 23:00:00,2161.2
2026-02-03 14:30:00,2281.5
2026-02-03 15:00:00,2294.7
2026-02-03 16:00:00,2276.2
2026-02-03 17:00:00,2233.5
2026-02-03 18:00:00,2233.3
2026-02-03 19:00:00,2246.0
2026-02-03 20:00:00,2265.4000000000005
2026-02-03 21:00:00,2255.0
2026-02-03 23:00:00,2255.0
2026-02-04 14:30:00,2311.4000000000005
2026-02-04 15:00:00,2265.8
2026-02-04 16:00:00,2265.5
2026-02-04 17:00:00,2216.2
2026-02-04 18:00:00,2237.9000000000005
2026-02-04 19:00:00,2254.8
2026-02-04 20:00:00,2251.2
2026-02-04 21:00:00,2267.7
2026-02-04 23:00:00,2267.7
2026-02-05 14:30:00,2087.1000000000004
2026-02-05 15:00:00,2056.4
2026-02-05 16:00:00,2113.5
2026-02-05 17:00:00,2105.8
2026-02-05 18:00:00,2082.8
2026-02-05 19:00:00,2060.8
2026-02-05 20:00:00,2034.6
2026-02-05 21:00:00,2013.5
2026-02-05 23:00:00,2013.5
2026-02-06 14:30:00,2113.1000000000004
2026-02-06 15:00:00,2108.6000000000004
2026-02-06 16:00:00,2124.7
2026-02-06 17:00:00,2147.0
2026-02-06 18:00:00,2139.9000000000005
2026-02-06 19:00:00,2142.9000000000005
2026-02-06 20:00:00,2145.8
2026-02-06 21:00:00,2139.9000000000005
2026-02-06 23:00:00,2139.9000000000005
2026-02-09 14:30:00,2154.7
2026-02-09 15:00:00,2161.9000000000005
2026-02-09 16:00:00,2168.3
2026-02-09 17:00:00,2153.1000000000004
2026-02-09 18:00:00,2161.2
2026-02-09 19:00:00,2172.4000000000005
2026-02-09 20:00:00,2182.6000000000004
2026-02-09 21:00:00,2164.6000000000004
2026-02-09 23:00:00,2164.6000000000004
2026-02-10 14:30:00,2147.7
2026-02-10 15:00:00,2142.7
2026-02-10 16:00:00,2131.2
2026-02-10 17:00:00,2139.2
2026-02-10 18:00:00,2125.9000000000005
2026-02-10 19:00:00,2144.1000000000004
2026-02-10 20:00:00,2131.9000000000005
2026-02-10 21:00:00,2131.0
2026-02-10 23:00:00,2131.0
2026-02-11 14:30:00,2192.5
2026-02-11 15:00:00,2167.2
2026-02-11 16:00:00,2174.4000000000005
2026-02-11 17:00:00,2182.8
2026-02-11 18:00:00,2182.7
2026-02-11 19:00:00,2185.2
2026-02-11 20:00:00,2184.2
2026-02-11 21:00:00,2180.4000000000005
2026-02-11 23:00:00,2180.4000000000005
2026-02-12 14:30:00,2155.7
2026-02-12 15:00:00,2161.5
2026-02-12 16:00:00,2052.3
2026-02-12 17:00:00,2061.5
2026-02-12 18:00:00,2073.0
2026-02-12 19:00:00,2074.6000000000004
2026-02-12 20:00:00,2041.9
2026-02-12 21:00:00,2041.3
2026-02-12 23:00:00,2041.3
2026-02-13 14:30:00,2097.6000000000004
2026-02-13 15:00:00,2109.1000000000004
2026-02-13 16:00:00,2114.0
2026-02-13 17:00:00,2123.0
2026-02-13 18:00:00,2124.8
2026-02-13 19:00:00,2117.7
2026-02-13 20:00:00,2110.5
2026-02-13 21:00:00,2110.2
2026-02-13 23:00:00,2110.2
2026-02-17 14:30:00,2040.1
2026-02-17 15:00:00,2057.8
2026-02-17 16:00:00,2067.9000000000005
2026-02-17 17:00:00,2046.4
2026-02-17 18:00:00,2074.0
2026-02-17 19:00:00,2082.3
2026-02-17 20:00:00,2066.7
2026-02-17 21:00:00,2064.6
2026-02-17 23:00:00,2064.6
2026-02-18 14:30:00,2159.9000000000005
2026-02-18 15:00:00,2148.0
2026-02-18 16:00:00,2138.8
2026-02-18 17:00:00,2154.7
2026-02-18 18:00:00,2137.8
2026-02-18 19:00:00,2130.4000000000005
2026-02-18 20:00:00,2136.2
2026-02-18 21:00:00,2130.3
2026-02-18 23:00:00,2130.3
2026-02-19 14:30:00,2109.6000000000004
2026-02-19 15:00:00,2133.6000000000004
2026-02-19 16:00:00,2117.0
2026-02-19 17:00:00,2112.0
2026-02-19 18:00:00,2109.9000000000005
2026-02-19 19:00:00,2107.1000000000004
2026-02-19 20:00:00,2125.1000000000004
2026-02-19 21:00:00,2128.4000000000005
2026-02-19 23:00:00,2128.4000000000005
2026-02-20 14:30:00,2188.5
2026-02-20 15:00:00,2197.5
2026-02-20 16:00:00,2211.5
2026-02-20 17:00:00,2219.8
2026-02-20 18:00:00,2213.0
2026-02-20 19:00:00,2218.3
2026-02-20 20:00:00,2218.7
2026-02-20 21:00:00,2213.9000000000005
2026-02-20 23:00:00,2213.9000000000005
2026-02-23 14:30:00,2219.0
2026-02-23 15:00:00,2179.8
2026-02-23 16:00:00,2193.6000000000004
2026-02-23 17:00:00,2192.0
2026-02-23 18:00:00,2204.8
2026-02-23 19:00:00,2198.9000000000005
2026-02-23 20:00:00,2225.3
2026-02-23 21:00:00,2208.2
2026-02-23 23:00:00,2208.2
2026-02-24 14:30:00,2206.9000000000005
2026-02-24 15:00:00,2219.2
2026-02-24 16:00:00,2205.8
2026-02-24 17:00:00,2229.4000000000005
2026-02-24 18:00:00,2229.3
2026-02-24 19:00:00,2220.8
2026-02-24 20:00:00,2227.3
2026-02-24 21:00:00,2221.1000000000004
2026-02-24 23:00:00,2221.1000000000004
2026-02-25 14:30:00,2354.2
2026-02-25 15:00:00,2351.8
2026-02-25 16:00:00,2374.3
2026-02-25 17:00:00,2376.8
2026-02-25 18:00:00,2375.8
2026-02-25 19:00:00,2373.3
2026-02-25 20:00:00,2331.3
2026-02-25 21:00:00,2332.5
2026-02-25 23:00:00,2332.5
2026-02-26 14:30:00,2294.8
2026-02-26 15:00:00,2301.5
2026-02-26 16:00:00,2288.0
2026-02-26 17:00:00,2276.5
2026-02-26 18:00:00,2301.4000000000005
2026-02-26 19:00:00,2312.7
2026-02-26 20:00:00,2330.1000000000004
2026-02-26 21:00:00,2327.9000000000005
2026-02-26 23:00:00,2327.9000000000005
2026-02-27 14:30:00,2403.8
2026-02-27 15:00:00,2424.0
2026-02-27 16:00:00,2409.8
2026-02-27 17:00:00,2416.8
2026-02-27 18:00:00,2410.6000000000004
2026-02-27 19:00:00,2410.9000000000005
2026-02-27 20:00:00,2420.5
2026-02-27 21:00:00,2418.7
2026-02-27 23:00:00,2418.7
2026-03-02 14:30:00,2339.4000000000005
2026-03-02 15:00:00,2335.6000000000004
2026-03-02 16:00:00,2338.2
2026-03-02 17:00:00,2358.0
2026-03-02 18:00:00,2356.1000000000004
2026-03-02 19:00:00,2365.6000000000004
2026-03-02 20:00:00,2363.9000000000005
2026-03-02 21:00:00,2361.1000000000004
2026-03-02 23:00:00,2361.1000000000004
2026-03-03 14:30:00,2057.1
2026-03-03 15:00:00,2112.0
2026-03-03 16:00:00,2122.5
2026-03-03 17:00:00,2114.1000000000004
2026-03-03 18:00:00,2156.5
2026-03-03 19:00:00,2151.4000000000005
2026-03-03 20:00:00,2155.4000000000005
2026-03-03 21:00:00,2132.2
2026-03-03 23:00:00,2132.2
2026-03-04 14:30:00,2178.1000000000004
2026-03-04 15:00:00,2211.5
2026-03-04 16:00:00,2200.6000000000004
2026-03-04 17:00:00,2196.1000000000004
2026-03-04 18:00:00,2206.7
2026-03-04 19:00:00,2212.7
2026-03-04 20:00:00,2204.1000000000004
2026-03-04 21:00:00,2208.3
2026-03-04 23:00:00,2208.3
2026-03-05 14:30:00,2188.3
2026-03-05 15:00:00,2177.8
2026-03-05 16:00:00,2190.2
2026-03-05 17:00:00,2167.8
2026-03-05 18:00:00,2165.4000000000005
2026-03-05 19:00:00,2150.6000000000004
2026-03-05 20:00:00,2147.9000000000005
2026-03-05 21:00:00,2170.7
2026-03-05 23:00:00,2170.7
2026-03-06 14:30:00,2158.2
2026-03-06 15:00:00,2168.6000000000004
2026-03-06 16:00:00,2173.1000000000004
2026-03-06 17:00:00,2173.1000000000004
2026-03-06 18:00:00,2190.9000000000005
2026-03-06 19:00:00,2192.2
2026-03-06 20:00:00,2180.8
2026-03-06 21:00:00,2194.3
2026-03-06 23:00:00,2194.3
2026-03-09 13:30:00,2173.1000000000004
2026-03-09 14:00:00,2202.6000000000004
2026-03-09 15:00:00,2200.7
2026-03-09 16:00:00,2206.0
2026-03-09 17:00:00,2207.5
2026-03-09 18:00:00,2222.0
2026-03-09 19:00:00,2233.4000000000005
2026-03-09 20:00:00,2234.9000000000005
2026-03-09 23:00:00,2231.7
2026-03-10 13:30:00,2253.8
2026-03-10 14:00:00,2276.3
2026-03-10 15:00:00,2273.1000000000004
2026-03-10 16:00:00,2279.9000000000005
2026-03-10 17:00:00,2279.6000000000004
2026-03-10 18:00:00,2245.5
2026-03-10 19:00:00,2249.1000000000004
2026-03-10 20:00:00,2247.6000000000004
2026-03-10 23:00:00,2250.5
2026-03-11 13:30:00,2241.1000000000004
2026-03-11 14:00:00,2247.8
2026-03-11 15:00:00,2224.4000000000005
2026-03-11 16:00:00,2246.7
2026-03-11 17:00:00,2225.7
2026-03-11 18:00:00,2221.2
2026-03-11 19:00:00,2229.2
2026-03-11 20:00:00,2225.0
2026-03-11 23:00:00,2215.7
2026-03-12 13:30:00,2190.4000000000005
2026-03-12 14:00:00,2198.6000000000004
2026-03-12 15:00:00,2193.8
2026-03-12 16:00:00,2202.0
2026-03-12 17:00:00,2186.8
2026-03-12 18:00:00,2187.9000000000005
2026-03-12 19:00:00,2181.2
2026-03-12 20:00:00,2180.3
2026-03-12 23:00:00,2173.2
2026-03-13 13:30:00,2115.9000000000005
2026-03-13 14:00:00,2076.1000000000004
2026-03-13 15:00:00,2079.1000000000004
2026-03-13 16:00:00,2084.5
2026-03-13 17:00:00,2085.6000000000004
2026-03-13 18:00:00,2082.4000000000005
2026-03-13 19:00:00,2065.0
2026-03-13 20:00:00,2064.1
2026-03-13 23:00:00,2067.0
2026-03-16 13:30:00,2152.7
2026-03-16 14:00:00,2143.9000000000005
2026-03-16 15:00:00,2129.0
2026-03-16 16:00:00,2139.9000000000005
2026-03-16 17:00:00,2142.1000000000004
2026-03-16 18:00:00,2158.8
2026-03-16 19:00:00,2158.1000000000004
2026-03-16 20:00:00,2156.5
2026-03-16 23:00:00,2155.7
2026-03-17 13:30:00,2201.1000000000004
2026-03-17 14:00:00,2175.3
2026-03-17 15:00:00,2175.1000000000004
2026-03-17 16:00:00,2176.6000000000004
2026-03-17 17:00:00,2170.0
2026-03-17 18:00:00,2166.9000000000005
2026-03-17 19:00:00,2166.0
2026-03-17 20:00:00,2167.1000000000004
2026-03-17 23:00:00,2165.8
2026-03-18 13:30:00,2104.0
2026-03-18 14:00:00,2092.0
2026-03-18 15:00:00,2092.1000000000004
2026-03-18 16:00:00,2100.0
2026-03-18 17:00:00,2103.6000000000004
2026-03-18 18:00:00,2082.1000000000004
2026-03-18 19:00:00,2070.8
2026-03-18 19:00:01,2070.8
2026-03-18 20:00:00,2063.3999999999996
2026-03-18 23:00:00,2063.3999999999996
2026-03-19 13:30:00,1961.7
2026-03-19 14:00:00,1971.6
2026-03-19 15:00:00,1984.3999999999999
2026-03-19 16:00:00,1982.5
2026-03-19 17:00:00,1989.2
2026-03-19 18:00:00,1995.7
2026-03-19 19:00:00,2006.8999999999999
2026-03-19 20:00:00,2009.3999999999999
2026-03-19 23:00:00,2009.3999999999999
2026-03-20 13:30:00,2013.2
2026-03-20 14:00:00,1992.3999999999999
2026-03-20 15:00:00,1999.6
2026-03-20 16:00:00,2013.5
2026-03-20 17:00:00,2003.3999999999999
2026-03-20 18:00:00,1964.7
2026-03-20 19:00:00,1963.3999999999999
2026-03-20 20:00:00,1959.3999999999999
2026-03-20 23:00:00,1959.3999999999999
2026-03-23 13:30:00,1924.3999999999999
2026-03-23 14:00:00,1935.3999999999999
2026-03-23 15:00:00,1878.1
2026-03-23 16:00:00,1898.8
2026-03-23 17:00:00,1911.0
2026-03-23 18:00:00,1921.8
2026-03-23 19:00:00,1908.8999999999999
2026-03-23 20:00:00,1913.6
2026-03-23 23:00:00,1913.6
2026-03-24 13:30:00,1912.8
2026-03-24 14:00:00,1926.3
2026-03-24 15:00:00,1929.8999999999999
2026-03-24 16:00:00,1939.1
2026-03-24 17:00:00,1923.7
2026-03-24 18:00:00,1925.8999999999999
2026-03-24 19:00:00,1925.1
2026-03-24 20:00:00,1959.5
2026-03-24 23:00:00,1959.5
2026-03-25 13:30:00,1971.3
2026-03-25 14:00:00,1990.7
2026-03-25 15:00:00,1974.0
2026-03-25 16:00:00,1956.1
2026-03-25 17:00:00,1967.0
2026-03-25 18:00:00,1954.2
2026-03-25 19:00:00,1959.8999999999999
2026-03-25 20:00:00,1945.8999999999999
2026-03-25 23:00:00,1945.8999999999999
2026-03-26 13:30:00,1888.5
2026-03-26 14:00:00,1890.3
2026-03-26 15:00:00,1883.6
2026-03-26 16:00:00,1872.6
2026-03-26 17:00:00,1857.3999999999999
2026-03-26 18:00:00,1850.8
2026-03-26 19:00:00,1843.2
2026-03-26 20:00:00,1847.8
2026-03-26 23:00:00,1847.8
2026-03-27 13:30:00,1851.5
2026-03-27 14:00:00,1898.5
2026-03-27 15:00:00,1907.8999999999999
2026-03-27 16:00:00,1907.6
2026-03-27 17:00:00,1890.3
2026-03-27 18:00:00,1896.8
2026-03-27 19:00:00,1895.0
2026-03-27 20:00:00,1884.7
2026-03-27 23:00:00,1884.7
2026-03-30 14:30:00,1905.7
2026-03-30 15:00:00,1924.3999999999999
2026-03-30 16:00:00,1932.5
2026-03-30 17:00:00,1922.3999999999999
2026-03-30 18:00:00,1913.8999999999999
2026-03-30 19:00:00,1914.5
2026-03-30 20:00:00,1913.8999999999999
2026-03-30 21:00:00,1911.2
2026-03-30 23:00:00,1911.2
2026-03-31 14:30:00,1946.3
2026-03-31 15:00:00,1941.8
2026-03-31 16:00:00,1948.8
2026-03-31 17:00:00,1974.0
2026-03-31 18:00:00,1980.6
2026-03-31 19:00:00,1985.8999999999999
2026-03-31 20:00:00,1985.8999999999999
2026-03-31 21:00:00,1980.6
2026-03-31 23:00:00,1980.6
2026-04-01 14:30:00,1973.7
2026-04-01 15:00:00,1997.8
2026-04-01 16:00:00,2006.2
2026-04-01 17:00:00,2003.1
2026-04-01 18:00:00,1999.1
2026-04-01 19:00:00,1977.7
2026-04-01 20:00:00,1984.5
2026-04-01 21:00:00,1983.8
2026-04-01 23:00:00,1983.8
2026-04-02 14:30:00,1966.3999999999999
2026-04-02 15:00:00,2003.3
2026-04-02 16:00:00,1997.3999999999999
2026-04-02 17:00:00,2005.6
2026-04-02 18:00:00,1999.0
2026-04-02 19:00:00,2009.2
2026-04-02 20:00:00,2018.3
2026-04-02 21:00:00,2018.2
2026-04-02 23:00:00,2018.2
2026-04-06 14:30:00,1993.6
2026-04-06 15:00:00,1998.3
2026-04-06 16:00:00,1998.1
2026-04-06 17:00:00,1999.0
2026-04-06 18:00:00,1995.1
2026-04-06 19:00:00,2001.3999999999999
2026-04-06 20:00:00,2005.8
2026-04-06 21:00:00,2003.8999999999999
2026-04-06 23:00:00,2003.8999999999999
2026-04-07 14:30:00,1946.8999999999999
2026-04-07 15:00:00,1935.1
2026-04-07 16:00:00,1949.8
2026-04-07 17:00:00,1959.8
2026-04-07 18:00:00,1969.7
2026-04-07 19:00:00,1960.5
2026-04-07 20:00:00,1981.8
2026-04-07 21:00:00,1985.0
2026-04-07 23:00:00,1985.0
2026-04-08 14:30:00,2088.8999999999996
2026-04-08 15:00:00,2070.2
2026-04-08 16:00:00,2077.8
2026-04-08 17:00:00,2084.8
2026-04-08 18:00:00,2091.2
2026-04-08 19:00:00,2064.0
2026-04-08 20:00:00,2075.6000000000004
2026-04-08 21:00:00,2064.8
2026-04-08 23:00:00,2064.8
2026-04-09 14:30:00,2084.5
2026-04-09 15:00:00,2088.3
2026-04-09 16:00:00,2135.5
2026-04-09 17:00:00,2132.6000000000004
2026-04-09 18:00:00,2147.0
2026-04-09 19:00:00,2138.1000000000004
2026-04-09 20:00:00,2140.1000000000004
2026-04-09 21:00:00,2133.8
2026-04-09 23:00:00,2133.8
2026-04-10 14:30:00,2088.3
2026-04-10 15:00:00,2090.5
2026-04-10 16:00:00,2075.3999999999996
2026-04-10 17:00:00,2082.2
2026-04-10 18:00:00,2085.1000000000004
2026-04-10 19:00:00,2086.6000000000004
2026-04-10 20:00:00,2076.3
2026-04-10 21:00:00,2073.6000000000004
2026-04-10 23:00:00,2073.6000000000004
2026-04-13 14:30:00,2062.1
2026-04-13 15:00:00,2067.5
2026-04-13 16:00:00,2073.1000000000004
2026-04-13 17:00:00,2088.0
2026-04-13 18:00:00,2088.8999999999996
2026-04-13 19:00:00,2103.7
2026-04-13 20:00:00,2101.8999999999996
2026-04-13 21:00:00,2106.0
2026-04-13 23:00:00,2106.0
2026-04-14 14:30:00,2114.8
2026-04-14 15:00:00,2118.0
2026-04-14 16:00:00,2119.7
2026-04-14 17:00:00,2117.0
2026-04-14 18:00:00,2129.8
2026-04-14 19:00:00,2128.8
2026-04-14 20:00:00,2135.6000000000004
2026-04-14 21:00:00,2135.3999999999996
2026-04-14 23:00:00,2135.3999999999996
2026-04-15 14:30:00,2157.6000000000004
2026-04-15 15:00:00,2152.3999999999996
2026-04-15 16:00:00,2139.1000000000004
2026-04-15 17:00:00,2149.7
2026-04-15 18:00:00,2146.7
2026-04-15 19:00:00,2155.0
2026-04-15 20:00:00,2153.8999999999996
2026-04-15 21:00:00,2139.3999999999996
2026-04-15 23:00:00,2139.3999999999996
2026-04-16 14:30:00,2128.5
2026-04-16 15:00:00,2124.0
2026-04-16 16:00:00,2143.0
2026-04-16 17:00:00,2128.6000000000004
2026-04-16 18:00:00,2124.8
2026-04-16 19:00:00,2124.3999999999996
2026-04-16 20:00:00,2120.8
2026-04-16 21:00:00,2115.7
2026-04-16 23:00:00,2115.7
2026-04-17 14:30:00,2159.6000000000004
2026-04-17 15:00:00,2162.3999999999996
2026-04-17 16:00:00,2152.2
2026-04-17 17:00:00,2161.3
2026-04-17 18:00:00,2152.2
2026-04-17 19:00:00,2146.0
2026-04-17 20:00:00,2145.5
2026-04-17 21:00:00,2132.7
2026-04-17 23:00:00,2132.7
2026-04-20 14:30:00,2099.6000000000004
2026-04-20 15:00:00,2098.3
2026-04-20 16:00:00,2101.8
2026-04-20 17:00:00,2105.1000000000004
2026-04-20 18:00:00,2101.2
2026-04-20 19:00:00,2111.3999999999996
2026-04-20 20:00:00,2113.1000000000004
2026-04-20 21:00:00,2115.2
2026-04-20 23:00:00,2115.2
2026-04-21 14:30:00,2106.0
2026-04-21 15:00:00,2070.3
2026-04-21 16:00:00,2069.7
2026-04-21 17:00:00,2055.8
2026-04-21 18:00:00,2062.1
2026-04-21 19:00:00,2063.0
2026-04-21 20:00:00,2039.8999999999999
2026-04-21 21:00:00,2063.8
2026-04-21 23:00:00,2063.8
2026-04-22 14:30:00,2116.8
2026-04-22 15:00:00,2101.1000000000004
2026-04-22 16:00:00,2104.6000000000004
2026-04-22 17:00:00,2102.2
2026-04-22 18:00:00,2111.2
2026-04-22 19:00:00,2112.3999999999996
2026-04-22 20:00:00,2106.8999999999996
2026-04-22 21:00:00,2106.0
2026-04-22 23:00:00,2106.0
2026-04-23 14:30:00,2056.0
2026-04-23 15:00:00,2060.3
2026-04-23 16:00:00,2048.5
2026-04-23 17:00:00,2056.3999999999996
2026-04-23 18:00:00,2046.2
2026-04-23 19:00:00,2044.0
2026-04-23 20:00:00,2035.3
2026-04-23 21:00:00,2036.0
2026-04-23 23:00:00,2036.0
2026-04-24 14:30:00,2038.8999999999999
2026-04-24 15:00:00,2045.0
2026-04-24 16:00:00,2048.3
2026-04-24 17:00:00,2049.7
2026-04-24 18:00:00,2044.0
2026-04-24 19:00:00,2044.7
2026-04-24 20:00:00,2040.2
2026-04-24 21:00:00,2039.3
2026-04-24 23:00:00,2039.3
2026-04-27 14:30:00,2021.7
2026-04-27 15:00:00,2019.8
2026-04-27 16:00:00,2013.2
2026-04-27 17:00:00,2019.0
2026-04-27 18:00:00,2018.8
2026-04-27 19:00:00,2017.1
2026-04-27 20:00:00,2010.8999999999999
2026-04-27 21:00:00,2011.3999999999999
2026-04-27 23:00:00,2011.3999999999999
2026-04-28 14:30:00,1975.6
2026-04-28 15:00:00,1971.5
2026-04-28 16:00:00,1975.8999999999999
2026-04-28 17:00:00,1978.0
2026-04-28 18:00:00,1975.3
2026-04-28 19:00:00,1973.6
2026-04-28 20:00:00,1967.6
2026-04-28 21:00:00,1967.3
2026-04-28 23:00:00,1967.3
2026-04-29 14:30:00,1915.1
2026-04-29 15:00:00,1920.5
2026-04-29 16:00:00,1913.1
2026-04-29 17:00:00,1919.2
2026-04-29 18:00:00,1917.3999999999999
2026-04-29 19:00:00,1906.5
2026-04-29 20:00:00,1903.8
2026-04-29 21:00:00,1903.2
2026-04-29 23:00:00,1903.2
2026-04-30 14:30:00,1975.2
2026-04-30 15:00:00,1980.2
2026-04-30 16:00:00,1984.8999999999999
2026-04-30 17:00:00,2011.5
2026-04-30 18:00:00,2004.5
2026-04-30 19:00:00,2009.3
2026-04-30 20:00:00,2009.3
2026-04-30 21:00:00,2014.1
2026-04-30 23:00:00,2014.1
2026-05-01 14:30:00,2041.1
2026-05-01 15:00:00,2021.6
2026-05-01 16:00:00,2028.3999999999999
2026-05-01 17:00:00,2029.3
2026-05-01 18:00:00,2026.0
2026-05-01 19:00:00,2020.1
2026-05-01 20:00:00,2016.6
2026-05-01 21:00:00,2019.0
2026-05-01 23:00:00,2019.0
2026-05-04 14:30:00,2007.0
2026-05-04 15:00:00,1990.5
2026-05-04 16:00:00,1976.8
2026-05-04 17:00:00,1974.0
2026-05-04 18:00:00,1983.3999999999999
2026-05-04 19:00:00,1976.2
2026-05-04 20:00:00,1976.8
2026-05-04 21:00:00,1974.2
2026-05-04 23:00:00,1974.2
2026-05-05 14:30:00,2009.6
2026-05-05 15:00:00,2004.3999999999999
2026-05-05 16:00:00,1996.3
2026-05-05 17:00:00,1996.0
2026-05-05 18:00:00,1992.6
2026-05-05 19:00:00,1992.7
2026-05-05 20:00:00,1982.1
2026-05-05 21:00:00,1985.0
2026-05-05 23:00:00,1985.0
2026-05-06 14:30:00,2052.8999999999996
2026-05-06 15:00:00,2077.3
2026-05-06 16:00:00,2085.8999999999996
2026-05-06 17:00:00,2079.6000000000004
2026-05-06 18:00:00,2079.1000000000004
2026-05-06 19:00:00,2081.6000000000004
2026-05-06 20:00:00,2093.2
2026-05-06 21:00:00,2095.0
2026-05-06 23:00:00,2095.0
2026-05-07 14:30:00,2094.2
2026-05-07 15:00:00,2107.5
2026-05-07 16:00:00,2073.6000000000004
2026-05-07 17:00:00,2074.0
2026-05-07 18:00:00,2075.6000000000004
2026-05-07 19:00:00,2062.7
2026-05-07 20:00:00,2061.3
2026-05-07 21:00:00,2050.8999999999996
2026-05-07 23:00:00,2050.8999999999996
2026-05-08 14:30:00,2072.3
2026-05-08 15:00:00,2074.6000000000004
2026-05-08 16:00:00,2067.8999999999996
2026-05-08 17:00:00,2072.1000000000004
2026-05-08 18:00:00,2083.7
2026-05-08 19:00:00,2084.5
2026-05-08 20:00:00,2086.3
2026-05-08 21:00:00,2087.6000000000004
2026-05-08 23:00:00,2087.6000000000004
2026-05-11 14:30:00,2149.2
2026-05-11 15:00:00,2146.8
2026-05-11 16:00:00,2164.8999999999996
2026-05-11 17:00:00,2147.5
2026-05-11 18:00:00,2156.1000000000004
2026-05-11 19:00:00,2165.6000000000004
2026-05-11 20:00:00,2169.3999999999996
2026-05-11 21:00:00,2171.7
2026-05-11 23:00:00,2171.7
2026-05-12 14:30:00,2142.5
2026-05-12 15:00:00,2131.8999999999996
2026-05-12 16:00:00,2134.5
2026-05-12 17:00:00,2131.1000000000004
2026-05-12 18:00:00,2140.1000000000004
2026-05-12 19:00:00,2157.8999999999996
2026-05-12 20:00:00,2167.8999999999996
2026-05-12 21:00:00,2165.3
2026-05-12 23:00:00,2165.3
2026-05-13 14:30:00,2185.8
2026-05-13 15:00:00,2206.3999999999996
2026-05-13 16:00:00,2225.3999999999996
2026-05-13 17:00:00,2216.6000000000004
2026-05-13 18:00:00,2201.1000000000004
2026-05-13 19:00:00,2193.8
2026-05-13 20:00:00,2193.5
2026-05-13 21:00:00,2178.8999999999996
2026-05-13 23:00:00,2178.8999999999996
2026-05-14 14:30:00,2089.5
2026-05-14 15:00:00,2097.1000000000004
2026-05-14 16:00:00,2103.5
2026-05-14 17:00:00,2101.5
2026-05-14 18:00:00,2103.2
2026-05-14 19:00:00,2097.3999999999996
2026-05-14 20:00:00,2090.6000000000004
2026-05-14 21:00:00,2088.0
2026-05-14 23:00:00,2088.0
2026-05-15 14:30:00,1997.3
2026-05-15 15:00:00,2015.3
2026-05-15 16:00:00,2008.5
2026-05-15 17:00:00,2008.0
2026-05-15 18:00:00,2012.8999999999999
2026-05-15 19:00:00,2013.8999999999999
2026-05-15 20:00:00,2003.5
2026-05-15 21:00:00,2003.5
2026-05-15 23:00:00,2003.5
2026-05-18 14:30:00,2007.8999999999999
2026-05-18 15:00:00,1993.5
2026-05-18 16:00:00,1994.7
2026-05-18 17:00:00,1994.8
2026-05-18 18:00:00,1997.8
2026-05-18 19:00:00,1992.0
2026-05-18 20:00:00,1995.8999999999999
2026-05-18 21:00:00,2007.1
2026-05-18 23:00:00,2007.1
2026-05-19 14:30:00,1967.3
2026-05-19 15:00:00,1952.2
2026-05-19 16:00:00,1955.5
2026-05-19 17:00:00,1961.0
2026-05-19 18:00:00,1959.5
2026-05-19 19:00:00,1953.8
2026-05-19 20:00:00,1947.8
2026-05-19 21:00:00,1949.3999999999999
2026-05-19 23:00:00,1949.3999999999999
2026-05-20 14:30:00,1949.5
2026-05-20 15:00:00,1968.8999999999999
2026-05-20 16:00:00,1976.2
2026-05-20 17:00:00,1980.5
2026-05-20 18:00:00,1979.6
2026-05-20 19:00:00,1984.5
2026-05-20 20:00:00,1980.8
2026-05-20 21:00:00,1978.1
2026-05-20 23:00:00,1978.1
2026-05-21 14:30:00,1954.7
2026-05-21 15:00:00,1962.6
2026-05-21 16:00:00,1979.3
2026-05-21 17:00:00,1984.6
2026-05-21 18:00:00,1995.5
2026-05-21 19:00:00,1980.7
2026-05-21 20:00:00,1997.3
2026-05-21 21:00:00,1998.8
2026-05-21 23:00:00,1983.1
2026-05-22 14:30:00,1958.8999999999999
2026-05-22 15:00:00,1943.1
2026-05-22 16:00:00,1955.2
2026-05-22 17:00:00,1952.8999999999999
2026-05-22 18:00:00,1954.3
2026-05-22 19:00:00,1954.2
2026-05-22 20:00:00,1950.5
2026-05-22 21:00:00,1949.7
2026-05-22 23:00:00,1958.0
2026-05-26 14:30:00,1973.2
2026-05-26 15:00:00,1973.2
2026-05-26 16:00:00,1966.5
2026-05-26 17:00:00,1970.1
2026-05-26 18:00:00,1964.1
2026-05-26 19:00:00,1971.8
2026-05-26 20:00:00,1982.7
2026-05-26 21:00:00,1989.1
2026-05-26 23:00:00,1969.8999999999999
2026-05-27 14:30:00,1941.2
2026-05-27 15:00:00,1935.3
2026-05-27 16:00:00,1938.7
2026-05-27 17:00:00,1947.3999999999999
2026-05-27 18:00:00,1945.0
2026-05-27 19:00:00,1947.3
2026-05-27 20:00:00,1947.3999999999999
2026-05-27 21:00:00,1950.8
2026-05-27 23:00:00,1946.3
2026-05-28 14:30:00,1898.8
2026-05-28 15:00:00,1922.3999999999999
2026-05-28 16:00:00,1932.3
2026-05-28 17:00:00,1947.7
2026-05-28 18:00:00,1946.8999999999999
2026-05-28 19:00:00,1943.8
2026-05-28 20:00:00,1944.5
2026-05-28 21:00:00,1944.8999999999999
2026-05-28 23:00:00,1945.6
2026-05-29 14:30:00,1950.8
2026-05-29 15:00:00,1943.7
2026-05-29 16:00:00,1941.3
2026-05-29 17:00:00,1944.7
2026-05-29 18:00:00,1937.6
2026-05-29 19:00:00,1945.8999999999999
2026-05-29 20:00:00,1946.5
2026-05-29 21:00:00,1941.2
2026-05-29 23:00:00,1947.8
2026-06-01 14:30:00,1936.3
2026-06-01 15:00:00,1943.1
2026-06-01 16:00:00,1952.7
2026-06-01 17:00:00,1950.3999999999999
2026-06-01 18:00:00,1957.8
2026-06-01 19:00:00,1956.6
2026-06-01 20:00:00,1948.7
2026-06-01 21:00:00,1951.3999999999999
2026-06-01 23:00:00,1946.7
2026-06-02 14:30:00,1960.1
2026-06-02 15:00:00,1965.6
2026-06-02 16:00:00,1970.2
2026-06-02 17:00:00,1958.5
2026-06-02 18:00:00,1956.0
2026-06-02 19:00:00,1957.6
2026-06-02 20:00:00,1958.2
2026-06-02 21:00:00,1956.5
2026-06-02 23:00:00,1961.6
2026-06-03 14:30:00,1920.7
2026-06-03 15:00:00,1919.7
2026-06-03 16:00:00,1895.3999999999999
2026-06-03 17:00:00,1890.6
2026-06-03 18:00:00,1887.7
2026-06-03 19:00:00,1884.3
2026-06-03 20:00:00,1881.0
2026-06-03 21:00:00,1880.3
2026-06-03 23:00:00,1892.8999999999999
2026-06-04 14:30:00,1916.3
2026-06-04 15:00:00,1907.8
2026-06-04 16:00:00,1915.5
2026-06-04 17:00:00,1918.1
2026-06-04 18:00:00,1918.0
2026-06-04 19:00:00,1919.6
2026-06-04 20:00:00,1919.1
2026-06-04 21:00:00,1916.8
2026-06-04 23:00:00,1918.2
2026-06-05 14:30:00,1859.5
2026-06-05 15:00:00,1847.3999999999999
2026-06-05 16:00:00,1820.6
2026-06-05 17:00:00,1816.3
2026-06-05 18:00:00,1811.3
2026-06-05 19:00:00,1798.1
2026-06-05 20:00:00,1802.8
2026-06-05 21:00:00,1795.7
2026-06-05 23:00:00,1816.2
2026-06-08 14:30:00,1768.8
2026-06-08 15:00:00,1772.8999999999999
2026-06-08 16:00:00,1772.5
2026-06-08 17:00:00,1772.3999999999999
2026-06-08 18:00:00,1773.3
2026-06-08 19:00:00,1773.1
2026-06-08 20:00:00,1773.2
2026-06-08 21:00:00,1777.6
2026-06-08 23:00:00,1773.6
2026-06-09 14:30:00,1781.7
2026-06-09 15:00:00,1756.6
2026-06-09 16:00:00,1733.5
2026-06-09 17:00:00,1726.5
2026-06-09 18:00:00,1735.8
2026-06-09 19:00:00,1742.8999999999999
2026-06-09 20:00:00,1741.3
2026-06-09 21:00:00,1743.8
2026-06-09 23:00:00,1729.8999999999999
2026-06-10 14:30:00,1714.3
2026-06-10 15:00:00,1701.8999999999999
2026-06-10 16:00:00,1716.3999999999999
2026-06-10 17:00:00,1710.3999999999999
2026-06-10 18:00:00,1701.2
2026-06-10 19:00:00,1698.5
2026-06-10 20:00:00,1690.0
2026-06-10 21:00:00,1683.3999999999999
2026-06-10 23:00:00,1709.2
2026-06-11 14:30:00,1703.2
2026-06-11 15:00:00,1695.6
2026-06-11 16:00:00,1696.1
2026-06-11 17:00:00,1683.6
2026-06-11 18:00:00,1730.1
2026-06-11 19:00:00,1731.3
2026-06-11 20:00:00,1744.8999999999999
2026-06-11 21:00:00,1743.1
2026-06-11 23:00:00,1684.0
2026-06-12 14:30:00,1724.8
2026-06-12 15:00:00,1726.8999999999999
2026-06-12 16:00:00,1726.8999999999999
2026-06-12 17:00:00,1734.5
2026-06-12 18:00:00,1726.8
2026-06-12 19:00:00,1733.1
2026-06-12 20:00:00,1731.8
2026-06-12 21:00:00,1738.8999999999999
2026-06-12 23:00:00,1730.5
2026-06-15 14:30:00,1827.8999999999999
2026-06-15 15:00:00,1809.7
2026-06-15 16:00:00,1802.8
2026-06-15 17:00:00,1792.2
2026-06-15 18:00:00,1794.1
2026-06-15 19:00:00,1796.0
2026-06-15 20:00:00,1793.8
2026-06-15 21:00:00,1792.5
2026-06-15 23:00:00,1791.1
2026-06-16 14:30:00,1828.8
2026-06-16 15:00:00,1821.3
2026-06-16 16:00:00,1825.1
2026-06-16 17:00:00,1836.0
2026-06-16 18:00:00,1840.3
2026-06-16 19:00:00,1838.2
2026-06-16 20:00:00,1834.1
2026-06-16 21:00:00,1828.2
2026-06-16 23:00:00,1833.0
2026-06-17 14:30:00,1806.3999999999999
2026-06-17 15:00:00,1804.7
2026-06-17 16:00:00,1810.2
2026-06-17 17:00:00,1810.7
2026-06-17 18:00:00,1825.3999999999999
2026-06-17 19:00:00,1781.1
2026-06-17 20:00:00,1747.3
2026-06-17 21:00:00,1755.5
2026-06-17 23:00:00,1811.2
2026-06-18 14:30:00,1738.8
2026-06-18 15:00:00,1742.3
2026-06-18 16:00:00,1733.8999999999999
2026-06-18 17:00:00,1722.8
2026-06-18 18:00:00,1722.8
2026-06-18 19:00:00,1717.8
2026-06-18 20:00:00,1716.3999999999999
2026-06-18 21:00:00,1714.2
2026-06-18 23:00:00,1725.6
2026-06-18 23:00:01,1725.6
2026-06-22 14:30:00,1714.9
2026-06-22 15:00:00,1698.4
2026-06-22 16:00:00,1689.1
2026-06-22 17:00:00,1689.0
2026-06-22 18:00:00,1685.3
2026-06-22 19:00:00,1694.2
2026-06-22 20:00:00,1694.3
2026-06-22 21:00:00,1696.1
2026-06-22 23:00:00,1690.4
2026-06-23 14:30:00,1672.4
2026-06-23 15:00:00,1676.4
2026-06-23 16:00:00,1683.9
2026-06-23 17:00:00,1675.4
2026-06-23 18:00:00,1673.0
2026-06-23 19:00:00,1665.4
2026-06-23 20:00:00,1667.8
2026-06-23 21:00:00,1668.6
2026-06-23 23:00:00,1676.7
2026-06-24 14:30:00,1611.3
2026-06-24 15:00:00,1595.5
2026-06-24 16:00:00,1598.6
2026-06-24 17:00:00,1596.7
2026-06-24 18:00:00,1575.7
2026-06-24 19:00:00,1583.8
2026-06-24 20:00:00,1587.0
2026-06-24 21:00:00,1597.4
2026-06-24 23:00:00,1598.1
2026-06-25 14:30:00,1592.8
2026-06-25 15:00:00,1615.6
2026-06-25 16:00:00,1627.0
2026-06-25 17:00:00,1620.8
2026-06-25 18:00:00,1620.1
2026-06-25 19:00:00,1620.0
2026-06-25 20:00:00,1612.0
2026-06-25 21:00:00,1613.2
2026-06-25 23:00:00,1618.8
2026-06-26 14:30:00,1636.2
2026-06-26 15:00:00,1639.6
2026-06-26 16:00:00,1647.5
2026-06-26 17:00:00,1647.3
2026-06-26 18:00:00,1645.8
2026-06-26 19:00:00,1642.5
2026-06-26 20:00:00,1639.1
2026-06-26 21:00:00,1629.1
2026-06-26 23:00:00,1647.3
2026-06-29 14:30:00,1591.5
2026-06-29 15:00:00,1592.4
2026-06-29 16:00:00,1590.2
2026-06-29 17:00:00,1585.9
2026-06-29 18:00:00,1592.1
2026-06-29 19:00:00,1595.4
2026-06-29 20:00:00,1592.2
2026-06-29 21:00:00,1592.9
2026-06-29 23:00:00,1592.3
2026-06-30 14:30:00,1579.1
2026-06-30 15:00:00,1574.8
2026-06-30 16:00:00,1566.2
2026-06-30 17:00:00,1564.7
2026-06-30 18:00:00,1566.0
2026-06-30 19:00:00,1569.8
2026-06-30 20:00:00,1566.4
2026-06-30 21:00:00,1559.2
2026-06-30 23:00:00,1565.8
2026-07-01 14:30:00,1613.7
2026-07-01 15:00:00,1603.6
2026-07-01 16:00:00,1597.6
2026-07-01 17:00:00,1597.5
2026-07-01 18:00:00,1596.0
2026-07-01 19:00:00,1593.3
2026-07-01 20:00:00,1586.5
2026-07-01 21:00:00,1586.6
2026-07-01 23:00:00,1599.9
2026-07-02 14:30:00,1641.8
2026-07-02 15:00:00,1635.9
2026-07-02 16:00:00,1633.7
2026-07-02 17:00:00,1629.8
2026-07-02 18:00:00,1622.6
2026-07-02 19:00:00,1631.2
