DATETIME,price
1999-03-11 00:00:00,3148.0
1999-03-12 00:00:00,3103.0
1999-03-15 00:00:00,3095.0
1999-03-16 00:00:00,3064.0
1999-03-17 00:00:00,3074.0
1999-03-18 00:00:00,3052.0
1999-03-19 00:00:00,3033.0
1999-03-22 00:00:00,2986.0
1999-03-23 00:00:00,2852.0
1999-03-24 00:00:00,2756.0
1999-03-25 00:00:00,2905.0
1999-03-26 00:00:00,2834.0
1999-03-29 00:00:00,2922.0
1999-03-30 00:00:00,2862.0
1999-03-31 00:00:00,2980.0
1999-04-01 00:00:00,2968.0
1999-04-06 00:00:00,3018.0
1999-04-07 00:00:00,3061.0
1999-04-08 00:00:00,3177.0
1999-04-09 00:00:00,3230.0
1999-04-12 00:00:00,3168.0
1999-04-13 00:00:00,3212.0
1999-04-14 00:00:00,3206.0
1999-04-15 00:00:00,3061.0
1999-04-16 00:00:00,3002.0
1999-04-19 00:00:00,3086.0
1999-04-20 00:00:00,2958.0
1999-04-21 00:00:00,2951.0
1999-04-22 00:00:00,3026.0
1999-04-23 00:00:00,2963.0
1999-04-26 00:00:00,3129.0
1999-04-27 00:00:00,3258.0
1999-04-28 00:00:00,3236.0
1999-04-29 00:00:00,3169.0
1999-04-30 00:00:00,3218.0
1999-05-03 00:00:00,3302.0
1999-05-04 00:00:00,3263.0
1999-05-05 00:00:00,3135.0
1999-05-06 00:00:00,3106.0
1999-05-07 00:00:00,3103.0
1999-05-10 00:00:00,3077.0
1999-05-11 00:00:00,3077.0
1999-05-12 00:00:00,3037.0
1999-05-14 00:00:00,2932.0
1999-05-17 00:00:00,2792.0
1999-05-18 00:00:00,2886.0
1999-05-19 00:00:00,2898.0
1999-05-20 00:00:00,2987.0
1999-05-21 00:00:00,2922.0
1999-05-25 00:00:00,2747.0
1999-05-26 00:00:00,2748.0
1999-05-27 00:00:00,2597.0
1999-05-28 00:00:00,2651.0
1999-05-31 00:00:00,2767.0
1999-06-01 00:00:00,2732.0
1999-06-02 00:00:00,2821.0
1999-06-03 00:00:00,2944.0
1999-06-04 00:00:00,3033.0
1999-06-07 00:00:00,3096.0
1999-06-08 00:00:00,3078.0
1999-06-09 00:00:00,3084.0
1999-06-10 00:00:00,2922.0
1999-06-11 00:00:00,2943.0
1999-06-14 00:00:00,2911.0
1999-06-15 00:00:00,2966.0
1999-06-16 00:00:00,3012.0
1999-06-17 00:00:00,3069.0
1999-06-18 00:00:00,3073.0
1999-06-21 00:00:00,3181.0
1999-06-22 00:00:00,3064.0
1999-06-23 00:00:00,2966.0
1999-06-24 00:00:00,2934.0
1999-06-25 00:00:00,2915.0
1999-06-28 00:00:00,2843.0
1999-06-29 00:00:00,2920.0
1999-06-30 00:00:00,2807.0
1999-07-01 00:00:00,3003.0
1999-07-02 00:00:00,3104.0
1999-07-05 00:00:00,3184.0
1999-07-06 00:00:00,3113.0
1999-07-07 00:00:00,3065.0
1999-07-08 00:00:00,3076.0
1999-07-09 00:00:00,3055.0
1999-07-12 00:00:00,3088.0
1999-07-13 00:00:00,2967.0
1999-07-14 00:00:00,3018.0
1999-07-15 00:00:00,3003.0
1999-07-16 00:00:00,2964.0
1999-07-19 00:00:00,3008.0
1999-07-20 00:00:00,2889.0
1999-07-21 00:00:00,2903.0
1999-07-22 00:00:00,2853.0
1999-07-23 00:00:00,2698.0
1999-07-26 00:00:00,2627.0
1999-07-27 00:00:00,2693.0
1999-07-28 00:00:00,2754.0
1999-07-29 00:00:00,2613.0
1999-07-30 00:00:00,2740.0
1999-08-02 00:00:00,2829.0
1999-08-03 00:00:00,2815.0
1999-08-04 00:00:00,2772.0
1999-08-05 00:00:00,2638.0
1999-08-06 00:00:00,2599.0
1999-08-09 00:00:00,2618.0
1999-08-10 00:00:00,2507.0
1999-08-11 00:00:00,2567.0
1999-08-12 00:00:00,2694.0
1999-08-13 00:00:00,2830.0
1999-08-16 00:00:00,2892.0
1999-08-17 00:00:00,2878.0
1999-08-18 00:00:00,2876.0
1999-08-19 00:00:00,2873.0
1999-08-20 00:00:00,2939.0
1999-08-23 00:00:00,3038.0
1999-08-24 00:00:00,2998.0
1999-08-25 00:00:00,3038.0
1999-08-26 00:00:00,3035.0
1999-08-27 00:00:00,3049.0
1999-08-30 00:00:00,3050.0
1999-08-31 00:00:00,2914.0
1999-09-01 00:00:00,2976.0
1999-09-02 00:00:00,2900.0
1999-09-03 00:00:00,3032.0
1999-09-06 00:00:00,3089.0
1999-09-07 00:00:00,3085.0
1999-09-08 00:00:00,3036.0
1999-09-09 00:00:00,3091.0
1999-09-10 00:00:00,3050.0
1999-09-13 00:00:00,2955.0
1999-09-14 00:00:00,2902.0
1999-09-15 00:00:00,2935.0
1999-09-16 00:00:00,2854.0
1999-09-17 00:00:00,2913.0
1999-09-20 00:00:00,2928.0
1999-09-21 00:00:00,2898.0
1999-09-22 00:00:00,2896.0
1999-09-23 00:00:00,2943.0
1999-09-24 00:00:00,2838.0
1999-09-27 00:00:00,2933.0
1999-09-28 00:00:00,2808.0
1999-09-29 00:00:00,2774.0
1999-09-30 00:00:00,2792.0
1999-10-01 00:00:00,2743.0
1999-10-04 00:00:00,2876.0
1999-10-05 00:00:00,2878.0
1999-10-06 00:00:00,2906.0
1999-10-07 00:00:00,2948.0
1999-10-08 00:00:00,2986.0
1999-10-11 00:00:00,2991.0
1999-10-12 00:00:00,2908.0
1999-10-13 00:00:00,2829.0
1999-10-14 00:00:00,2850.0
1999-10-15 00:00:00,2649.0
1999-10-18 00:00:00,2578.0
1999-10-19 00:00:00,2740.0
1999-10-20 00:00:00,2737.0
1999-10-21 00:00:00,2663.0
1999-10-22 00:00:00,2756.0
1999-10-25 00:00:00,2706.0
1999-10-26 00:00:00,2763.0
1999-10-27 00:00:00,2739.0
1999-10-28 00:00:00,2916.0
1999-10-29 00:00:00,3030.0
1999-11-01 00:00:00,3033.0
1999-11-02 00:00:00,3063.0
1999-11-03 00:00:00,3122.0
1999-11-04 00:00:00,3182.0
1999-11-05 00:00:00,3224.0
1999-11-08 00:00:00,3226.0
1999-11-09 00:00:00,3210.0
1999-11-10 00:00:00,3219.0
1999-11-11 00:00:00,3287.0
1999-11-12 00:00:00,3292.0
1999-11-15 00:00:00,3275.0
1999-11-16 00:00:00,3295.0
1999-11-17 00:00:00,3252.0
1999-11-18 00:00:00,3279.0
1999-11-19 00:00:00,3241.0
1999-11-22 00:00:00,3161.0
1999-11-23 00:00:00,3141.0
1999-11-24 00:00:00,3115.0
1999-11-25 00:00:00,3192.0
1999-11-26 00:00:00,3228.0
1999-11-29 00:00:00,3266.0
1999-11-30 00:00:00,3277.0
1999-12-01 00:00:00,3337.0
1999-12-02 00:00:00,3360.0
1999-12-03 00:00:00,3417.0
1999-12-06 00:00:00,3299.0
1999-12-07 00:00:00,3268.0
1999-12-08 00:00:00,3217.0
1999-12-09 00:00:00,3201.0
1999-12-10 00:00:00,3148.0
1999-12-13 00:00:00,3162.0
1999-12-14 00:00:00,3159.0
1999-12-15 00:00:00,3127.0
1999-12-16 00:00:00,3185.0
1999-12-17 00:00:00,3222.0
1999-12-20 00:00:00,3238.0
1999-12-21 00:00:00,3157.0
1999-12-22 00:00:00,3163.0
1999-12-23 00:00:00,3265.0
1999-12-27 00:00:00,3263.0
1999-12-28 00:00:00,3302.0
1999-12-29 00:00:00,3352.0
1999-12-30 00:00:00,3435.0
2000-01-04 00:00:00,3123.0
2000-01-05 00:00:00,3027.0
2000-01-06 00:00:00,3119.0
2000-01-07 00:00:00,3278.0
2000-01-10 00:00:00,3295.0
2000-01-11 00:00:00,3265.0
2000-01-12 00:00:00,3285.0
2000-01-13 00:00:00,3273.0
2000-01-14 00:00:00,3362.0
2000-01-17 00:00:00,3340.0
2000-01-18 00:00:00,3226.0
2000-01-19 00:00:00,3182.0
2000-01-20 00:00:00,3099.0
2000-01-21 00:00:00,3063.0
2000-01-24 00:00:00,2975.0
2000-01-25 00:00:00,2777.0
2000-01-26 00:00:00,2819.0
2000-01-27 00:00:00,2953.0
2000-01-28 00:00:00,2857.0
2000-01-31 00:00:00,2765.0
2000-02-01 00:00:00,2856.0
2000-02-02 00:00:00,2880.0
2000-02-03 00:00:00,3000.0
2000-02-04 00:00:00,3015.0
2000-02-07 00:00:00,2976.0
2000-02-08 00:00:00,2957.0
2000-02-09 00:00:00,2874.0
2000-02-10 00:00:00,2822.0
2000-02-11 00:00:00,2808.0
2000-02-14 00:00:00,2757.0
2000-02-15 00:00:00,2642.0
2000-02-16 00:00:00,2763.0
2000-02-17 00:00:00,2854.0
2000-02-18 00:00:00,2843.0
2000-02-21 00:00:00,2793.0
2000-02-22 00:00:00,2867.0
2000-02-23 00:00:00,2935.0
2000-02-24 00:00:00,2874.0
2000-02-25 00:00:00,2794.0
2000-02-28 00:00:00,2733.0
2000-02-29 00:00:00,2739.0
2000-03-01 00:00:00,2752.0
2000-03-02 00:00:00,2829.0
2000-03-03 00:00:00,2852.0
2000-03-06 00:00:00,2894.0
2000-03-07 00:00:00,2868.0
2000-03-08 00:00:00,2764.0
2000-03-09 00:00:00,2725.0
2000-03-10 00:00:00,2744.0
2000-03-13 00:00:00,2604.0
2000-03-14 00:00:00,2649.0
2000-03-15 00:00:00,2654.0
2000-03-16 00:00:00,2921.0
2000-03-17 00:00:00,2883.0
2000-03-20 00:00:00,2943.0
2000-03-21 00:00:00,3047.0
2000-03-22 00:00:00,3153.0
2000-03-23 00:00:00,3178.0
2000-03-24 00:00:00,3232.0
2000-03-27 00:00:00,3183.0
2000-03-28 00:00:00,3171.0
2000-03-29 00:00:00,3209.0
2000-03-30 00:00:00,3158.0
2000-03-31 00:00:00,3242.0
2000-04-03 00:00:00,3306.0
2000-04-04 00:00:00,3400.0
2000-04-05 00:00:00,3273.0
2000-04-06 00:00:00,3276.0
2000-04-07 00:00:00,3259.0
2000-04-10 00:00:00,3200.0
2000-04-11 00:00:00,3256.0
2000-04-12 00:00:00,3373.0
2000-04-13 00:00:00,3366.0
2000-04-14 00:00:00,3305.0
2000-04-17 00:00:00,3153.0
2000-04-18 00:00:00,3151.0
2000-04-19 00:00:00,3153.0
2000-04-20 00:00:00,3183.0
2000-04-25 00:00:00,3239.0
2000-04-26 00:00:00,3267.0
2000-04-27 00:00:00,3214.0
2000-04-28 00:00:00,3273.0
2000-05-02 00:00:00,3364.0
2000-05-03 00:00:00,3327.0
2000-05-04 00:00:00,3331.0
2000-05-05 00:00:00,3328.0
2000-05-08 00:00:00,3338.0
2000-05-09 00:00:00,3408.0
2000-05-10 00:00:00,3408.0
2000-05-11 00:00:00,3532.0
2000-05-12 00:00:00,3563.0
2000-05-15 00:00:00,3555.0
2000-05-16 00:00:00,3616.0
2000-05-17 00:00:00,3558.0
2000-05-18 00:00:00,3619.0
2000-05-19 00:00:00,3539.0
2000-05-22 00:00:00,3527.0
2000-05-23 00:00:00,3643.0
2000-05-24 00:00:00,3681.0
2000-05-25 00:00:00,3743.0
2000-05-26 00:00:00,3665.0
2000-05-29 00:00:00,3670.0
2000-05-30 00:00:00,3578.0
2000-05-31 00:00:00,3612.0
2000-06-02 00:00:00,3702.0
2000-06-05 00:00:00,3646.0
2000-06-06 00:00:00,3601.0
2000-06-07 00:00:00,3643.0
2000-06-08 00:00:00,3642.0
2000-06-09 00:00:00,3662.0
2000-06-13 00:00:00,3668.0
2000-06-14 00:00:00,3745.0
2000-06-15 00:00:00,3719.0
2000-06-16 00:00:00,3698.0
2000-06-19 00:00:00,3619.0
2000-06-20 00:00:00,3658.0
2000-06-21 00:00:00,3620.0
2000-06-22 00:00:00,3521.0
2000-06-23 00:00:00,3526.0
2000-06-26 00:00:00,3540.0
2000-06-27 00:00:00,3541.0
2000-06-28 00:00:00,3576.0
2000-06-29 00:00:00,3557.0
2000-06-30 00:00:00,3601.0
2000-07-03 00:00:00,3624.0
2000-07-04 00:00:00,3657.0
2000-07-05 00:00:00,3701.0
2000-07-06 00:00:00,3751.0
2000-07-07 00:00:00,3737.0
2000-07-10 00:00:00,3746.0
2000-07-11 00:00:00,3770.0
2000-07-12 00:00:00,3741.0
2000-07-13 00:00:00,3784.0
2000-07-14 00:00:00,3780.0
2000-07-17 00:00:00,3743.0
2000-07-18 00:00:00,3747.0
2000-07-19 00:00:00,3764.0
2000-07-20 00:00:00,3786.0
2000-07-21 00:00:00,3739.0
2000-07-24 00:00:00,3831.0
2000-07-25 00:00:00,3858.0
2000-07-26 00:00:00,3839.0
2000-07-27 00:00:00,3819.0
2000-07-28 00:00:00,3838.0
2000-07-31 00:00:00,3846.0
2000-08-02 00:00:00,3971.0
2000-08-03 00:00:00,3958.0
2000-08-04 00:00:00,3946.0
2000-08-07 00:00:00,4063.0
2000-08-08 00:00:00,4076.0
2000-08-09 00:00:00,4080.0
2000-08-10 00:00:00,3992.0
2000-08-11 00:00:00,4069.0
2000-08-14 00:00:00,4095.0
2000-08-15 00:00:00,4074.0
2000-08-16 00:00:00,4125.0
2000-08-17 00:00:00,4085.0
2000-08-18 00:00:00,4066.0
2000-08-21 00:00:00,4114.0
2000-08-22 00:00:00,4118.0
2000-08-23 00:00:00,4191.0
2000-08-24 00:00:00,4153.0
2000-08-25 00:00:00,4102.0
2000-08-28 00:00:00,4154.0
2000-08-29 00:00:00,4060.0
2000-08-30 00:00:00,4018.0
2000-08-31 00:00:00,4022.0
2000-09-01 00:00:00,4046.0
2000-09-04 00:00:00,3999.0
2000-09-05 00:00:00,3958.0
2000-09-06 00:00:00,3932.0
2000-09-07 00:00:00,3948.0
2000-09-08 00:00:00,3872.0
2000-09-11 00:00:00,3898.0
2000-09-12 00:00:00,3842.0
2000-09-13 00:00:00,3832.0
2000-09-14 00:00:00,3798.0
2000-09-15 00:00:00,3790.0
2000-09-18 00:00:00,3742.0
2000-09-19 00:00:00,3675.0
2000-09-20 00:00:00,3634.0
2000-09-21 00:00:00,3651.0
2000-09-22 00:00:00,3741.0
2000-09-25 00:00:00,3799.0
2000-09-26 00:00:00,3747.0
2000-09-27 00:00:00,3724.0
2000-09-28 00:00:00,3718.0
2000-09-29 00:00:00,3628.0
2000-10-02 00:00:00,3659.0
2000-10-03 00:00:00,3734.0
2000-10-04 00:00:00,3739.0
2000-10-05 00:00:00,3753.0
2000-10-06 00:00:00,3702.0
2000-10-09 00:00:00,3546.0
2000-10-10 00:00:00,3594.0
2000-10-11 00:00:00,3429.0
2000-10-12 00:00:00,3464.0
2000-10-13 00:00:00,3406.0
2000-10-16 00:00:00,3360.0
2000-10-17 00:00:00,3376.0
2000-10-18 00:00:00,3409.0
2000-10-19 00:00:00,3537.0
2000-10-20 00:00:00,3503.0
2000-10-23 00:00:00,3541.0
2000-10-24 00:00:00,3636.0
2000-10-25 00:00:00,3584.0
2000-10-26 00:00:00,3617.0
2000-10-27 00:00:00,3677.0
2000-10-30 00:00:00,3716.0
2000-10-31 00:00:00,3760.0
2000-11-01 00:00:00,3744.0
2000-11-02 00:00:00,3840.0
2000-11-03 00:00:00,3823.0
2000-11-06 00:00:00,3881.0
2000-11-07 00:00:00,3883.0
2000-11-08 00:00:00,3859.0
2000-11-09 00:00:00,3789.0
2000-11-10 00:00:00,3819.0
2000-11-13 00:00:00,3755.0
2000-11-14 00:00:00,3870.0
2000-11-15 00:00:00,3858.0
2000-11-16 00:00:00,3889.0
2000-11-17 00:00:00,3879.0
2000-11-20 00:00:00,3885.0
2000-11-21 00:00:00,3913.0
2000-11-22 00:00:00,3778.0
2000-11-23 00:00:00,3797.0
2000-11-24 00:00:00,3828.0
2000-11-27 00:00:00,3885.0
2000-11-28 00:00:00,3825.0
2000-11-29 00:00:00,3814.0
2000-11-30 00:00:00,3739.0
2000-12-01 00:00:00,3795.0
2000-12-04 00:00:00,3745.0
2000-12-05 00:00:00,3897.0
2000-12-06 00:00:00,3831.0
2000-12-07 00:00:00,3747.0
2000-12-08 00:00:00,3744.0
2000-12-11 00:00:00,3767.0
2000-12-12 00:00:00,3751.0
2000-12-13 00:00:00,3772.0
2000-12-14 00:00:00,3648.0
2000-12-15 00:00:00,3590.0
2000-12-18 00:00:00,3702.0
2000-12-19 00:00:00,3772.0
2000-12-20 00:00:00,3704.0
2000-12-21 00:00:00,3658.0
2000-12-22 00:00:00,3703.0
2000-12-27 00:00:00,3785.0
2000-12-28 00:00:00,3853.0
2000-12-29 00:00:00,3884.0
2001-01-03 00:00:00,3814.0
2001-01-04 00:00:00,3824.0
2001-01-05 00:00:00,3697.0
2001-01-08 00:00:00,3700.0
2001-01-09 00:00:00,3685.0
2001-01-10 00:00:00,3574.0
2001-01-11 00:00:00,3575.0
2001-01-12 00:00:00,3543.0
2001-01-15 00:00:00,3569.0
2001-01-16 00:00:00,3578.0
2001-01-17 00:00:00,3672.0
2001-01-18 00:00:00,3624.0
2001-01-19 00:00:00,3549.0
2001-01-22 00:00:00,3572.0
2001-01-23 00:00:00,3584.0
2001-01-24 00:00:00,3645.0
2001-01-25 00:00:00,3662.0
2001-01-26 00:00:00,3743.0
2001-01-29 00:00:00,3724.0
2001-01-30 00:00:00,3724.0
2001-01-31 00:00:00,3722.0
2001-02-01 00:00:00,3655.0
2001-02-02 00:00:00,3704.0
2001-02-05 00:00:00,3745.0
2001-02-06 00:00:00,3750.0
2001-02-07 00:00:00,3704.0
2001-02-08 00:00:00,3631.0
2001-02-09 00:00:00,3604.0
2001-02-12 00:00:00,3561.0
2001-02-13 00:00:00,3585.0
2001-02-14 00:00:00,3479.0
2001-02-15 00:00:00,3542.0
2001-02-16 00:00:00,3440.0
2001-02-19 00:00:00,3448.0
2001-02-20 00:00:00,3398.0
2001-02-21 00:00:00,3310.0
2001-02-22 00:00:00,3319.0
2001-02-23 00:00:00,3293.0
2001-02-26 00:00:00,3339.0
2001-02-27 00:00:00,3344.0
2001-02-28 00:00:00,3374.0
2001-03-01 00:00:00,3222.0
2001-03-02 00:00:00,3201.0
2001-03-05 00:00:00,3238.0
2001-03-06 00:00:00,3292.0
2001-03-07 00:00:00,3266.0
2001-03-08 00:00:00,3217.0
2001-03-09 00:00:00,3187.0
2001-03-12 00:00:00,3061.0
2001-03-13 00:00:00,3059.0
2001-03-14 00:00:00,2915.0
2001-03-15 00:00:00,2932.0
2001-03-16 00:00:00,2781.0
2001-03-19 00:00:00,2723.0
2001-03-20 00:00:00,2746.0
2001-03-21 00:00:00,2638.0
2001-03-22 00:00:00,2161.0
2001-03-23 00:00:00,2420.0
2001-03-26 00:00:00,2631.0
2001-03-27 00:00:00,2686.0
2001-03-28 00:00:00,2643.0
2001-03-29 00:00:00,2726.0
2001-03-30 00:00:00,2814.0
2001-04-02 00:00:00,2656.0
2001-04-03 00:00:00,2538.0
2001-04-04 00:00:00,2485.0
2001-04-05 00:00:00,2669.0
2001-04-06 00:00:00,2617.0
2001-04-09 00:00:00,2749.0
2001-04-10 00:00:00,2850.0
2001-04-11 00:00:00,2937.0
2001-04-12 00:00:00,2937.0
2001-04-17 00:00:00,2943.0
2001-04-18 00:00:00,2997.0
2001-04-19 00:00:00,2986.0
2001-04-20 00:00:00,2917.0
2001-04-23 00:00:00,2853.0
2001-04-24 00:00:00,2949.0
2001-04-25 00:00:00,2891.0
2001-04-26 00:00:00,2873.0
2001-04-27 00:00:00,2926.0
2001-04-30 00:00:00,3001.0
2001-05-02 00:00:00,3046.0
2001-05-03 00:00:00,2971.0
2001-05-04 00:00:00,3044.0
2001-05-07 00:00:00,3137.0
2001-05-08 00:00:00,3109.0
2001-05-09 00:00:00,3053.0
2001-05-10 00:00:00,3151.0
2001-05-11 00:00:00,3197.0
2001-05-14 00:00:00,3133.0
2001-05-15 00:00:00,3226.0
2001-05-16 00:00:00,3228.0
2001-05-17 00:00:00,3320.0
2001-05-18 00:00:00,3317.0
2001-05-21 00:00:00,3340.0
2001-05-22 00:00:00,3390.0
2001-05-23 00:00:00,3390.0
2001-05-25 00:00:00,3349.0
2001-05-28 00:00:00,3337.0
2001-05-29 00:00:00,3281.0
2001-05-30 00:00:00,3239.0
2001-05-31 00:00:00,3171.0
2001-06-01 00:00:00,3205.0
2001-06-05 00:00:00,3267.0
2001-06-06 00:00:00,3250.0
2001-06-07 00:00:00,3266.0
2001-06-08 00:00:00,3208.0
2001-06-11 00:00:00,3174.0
2001-06-12 00:00:00,3063.0
2001-06-13 00:00:00,3150.0
2001-06-14 00:00:00,3048.0
2001-06-15 00:00:00,2976.0
2001-06-18 00:00:00,2979.0
2001-06-19 00:00:00,2935.0
2001-06-20 00:00:00,2890.0
2001-06-21 00:00:00,2888.0
2001-06-22 00:00:00,2819.0
2001-06-25 00:00:00,2827.0
2001-06-26 00:00:00,2718.0
2001-06-27 00:00:00,2669.0
2001-06-28 00:00:00,2824.0
2001-06-29 00:00:00,2901.0
2001-07-02 00:00:00,2946.0
2001-07-03 00:00:00,2898.0
2001-07-04 00:00:00,2833.0
2001-07-05 00:00:00,2766.0
2001-07-06 00:00:00,2649.0
2001-07-09 00:00:00,2633.0
2001-07-10 00:00:00,2540.0
2001-07-11 00:00:00,2456.0
2001-07-12 00:00:00,2576.0
2001-07-13 00:00:00,2589.0
2001-07-16 00:00:00,2569.0
2001-07-17 00:00:00,2553.0
2001-07-18 00:00:00,2483.0
2001-07-19 00:00:00,2626.0
2001-07-20 00:00:00,2580.0
2001-07-23 00:00:00,2573.0
2001-07-24 00:00:00,2443.0
2001-07-25 00:00:00,2314.0
2001-07-26 00:00:00,2311.0
2001-07-27 00:00:00,2403.0
2001-07-30 00:00:00,2459.0
2001-07-31 00:00:00,2499.0
2001-08-01 00:00:00,2539.0
2001-08-02 00:00:00,2573.0
2001-08-03 00:00:00,2517.0
2001-08-06 00:00:00,2537.0
2001-08-07 00:00:00,2528.0
2001-08-08 00:00:00,2513.0
2001-08-09 00:00:00,2353.0
2001-08-10 00:00:00,2248.0
2001-08-13 00:00:00,2336.0
2001-08-14 00:00:00,2448.0
2001-08-15 00:00:00,2403.0
2001-08-16 00:00:00,2323.0
2001-08-17 00:00:00,2273.0
2001-08-20 00:00:00,2236.0
2001-08-21 00:00:00,2367.0
2001-08-22 00:00:00,2286.0
2001-08-23 00:00:00,2231.0
2001-08-24 00:00:00,2338.0
2001-08-27 00:00:00,2396.0
2001-08-28 00:00:00,2274.0
2001-08-29 00:00:00,2201.0
2001-08-30 00:00:00,2151.0
2001-08-31 00:00:00,2185.0
2001-09-03 00:00:00,2078.0
2001-09-04 00:00:00,2168.0
2001-09-05 00:00:00,2117.0
2001-09-06 00:00:00,2008.0
2001-09-07 00:00:00,1859.0
2001-09-10 00:00:00,1723.0
2001-09-11 00:00:00,1325.0
2001-09-12 00:00:00,1434.0
2001-09-13 00:00:00,1502.0
2001-09-14 00:00:00,1196.0
2001-09-17 00:00:00,1392.0
2001-09-18 00:00:00,1327.0
2001-09-19 00:00:00,1211.0
2001-09-20 00:00:00,980.0
2001-09-21 00:00:00,672.0
2001-09-24 00:00:00,1034.0
2001-09-25 00:00:00,1209.0
2001-09-26 00:00:00,1282.0
2001-09-27 00:00:00,1403.0
2001-09-28 00:00:00,1528.0
2001-10-01 00:00:00,1490.0
2001-10-02 00:00:00,1470.0
2001-10-03 00:00:00,1435.0
2001-10-04 00:00:00,1590.0
2001-10-05 00:00:00,1543.0
2001-10-08 00:00:00,1506.0
2001-10-09 00:00:00,1518.0
2001-10-10 00:00:00,1544.0
2001-10-11 00:00:00,1678.0
2001-10-12 00:00:00,1613.0
2001-10-15 00:00:00,1559.0
2001-10-16 00:00:00,1572.0
2001-10-17 00:00:00,1608.0
2001-10-18 00:00:00,1677.0
2001-10-19 00:00:00,1642.0
2001-10-22 00:00:00,1757.0
2001-10-23 00:00:00,1830.0
2001-10-24 00:00:00,1862.0
2001-10-25 00:00:00,1763.0
2001-10-26 00:00:00,1808.0
2001-10-29 00:00:00,1712.0
2001-10-30 00:00:00,1573.0
2001-10-31 00:00:00,1653.0
2001-11-01 00:00:00,1658.0
2001-11-02 00:00:00,1705.0
2001-11-05 00:00:00,1797.0
2001-11-06 00:00:00,1812.0
2001-11-07 00:00:00,1822.0
2001-11-08 00:00:00,1969.0
2001-11-09 00:00:00,1928.0
2001-11-12 00:00:00,1793.0
2001-11-13 00:00:00,1960.0
2001-11-14 00:00:00,1986.0
2001-11-15 00:00:00,2123.0
2001-11-16 00:00:00,2127.0
2001-11-19 00:00:00,2164.0
2001-11-20 00:00:00,2045.0
2001-11-21 00:00:00,2063.0
2001-11-22 00:00:00,2103.0
2001-11-23 00:00:00,2039.0
2001-11-26 00:00:00,2030.0
2001-11-27 00:00:00,1971.0
2001-11-28 00:00:00,1846.0
2001-11-29 00:00:00,1861.0
2001-11-30 00:00:00,1803.0
2001-12-03 00:00:00,1800.0
2001-12-04 00:00:00,1933.0
2001-12-05 00:00:00,2029.0
2001-12-06 00:00:00,2025.0
2001-12-07 00:00:00,2019.0
2001-12-10 00:00:00,1897.0
2001-12-11 00:00:00,1871.0
2001-12-12 00:00:00,1864.0
2001-12-13 00:00:00,1817.0
2001-12-14 00:00:00,1748.0
2001-12-17 00:00:00,1881.0
2001-12-18 00:00:00,1831.0
2001-12-19 00:00:00,1760.0
2001-12-20 00:00:00,1845.0
2001-12-21 00:00:00,1919.0
2001-12-27 00:00:00,1962.0
2001-12-28 00:00:00,1959.0
2002-01-02 00:00:00,1911.0
2002-01-03 00:00:00,1918.0
2002-01-04 00:00:00,1933.0
2002-01-07 00:00:00,1937.0
2002-01-08 00:00:00,1894.0
2002-01-09 00:00:00,1912.0
2002-01-10 00:00:00,1900.0
2002-01-11 00:00:00,1953.0
2002-01-14 00:00:00,1843.0
2002-01-15 00:00:00,1841.0
2002-01-16 00:00:00,1776.0
2002-01-17 00:00:00,1861.0
2002-01-18 00:00:00,1854.0
2002-01-21 00:00:00,1783.0
2002-01-22 00:00:00,1802.0
2002-01-23 00:00:00,1850.0
2002-01-24 00:00:00,1926.0
2002-01-25 00:00:00,1918.0
2002-01-28 00:00:00,1951.0
2002-01-29 00:00:00,1880.0
2002-01-30 00:00:00,1750.0
2002-01-31 00:00:00,1757.0
2002-02-01 00:00:00,1776.0
2002-02-04 00:00:00,1726.0
2002-02-05 00:00:00,1655.0
2002-02-06 00:00:00,1645.0
2002-02-07 00:00:00,1758.0
2002-02-08 00:00:00,1780.0
2002-02-11 00:00:00,1798.0
2002-02-12 00:00:00,1790.0
2002-02-13 00:00:00,1868.0
2002-02-14 00:00:00,1941.0
2002-02-15 00:00:00,1942.0
2002-02-18 00:00:00,1911.0
2002-02-19 00:00:00,1756.0
2002-02-20 00:00:00,1723.0
2002-02-21 00:00:00,1746.0
2002-02-22 00:00:00,1706.0
2002-02-25 00:00:00,1767.0
2002-02-26 00:00:00,1742.0
2002-02-27 00:00:00,1852.0
2002-02-28 00:00:00,1875.0
2002-03-01 00:00:00,1882.0
2002-03-04 00:00:00,1976.0
2002-03-05 00:00:00,1948.0
2002-03-06 00:00:00,1942.0
2002-03-07 00:00:00,1967.0
2002-03-08 00:00:00,2053.0
2002-03-11 00:00:00,2027.0
2002-03-12 00:00:00,1976.0
2002-03-13 00:00:00,2022.0
2002-03-14 00:00:00,2080.0
2002-03-15 00:00:00,2091.0
2002-03-18 00:00:00,2150.0
2002-03-19 00:00:00,2148.0
2002-03-20 00:00:00,2134.0
2002-03-21 00:00:00,2121.0
2002-03-22 00:00:00,2130.0
2002-03-25 00:00:00,2132.0
2002-03-26 00:00:00,2187.0
2002-03-27 00:00:00,2176.0
2002-03-28 00:00:00,2197.0
2002-04-02 00:00:00,2190.0
2002-04-03 00:00:00,2236.0
2002-04-04 00:00:00,2215.0
2002-04-05 00:00:00,2197.0
2002-04-08 00:00:00,2115.0
2002-04-09 00:00:00,2177.0
2002-04-10 00:00:00,2218.0
2002-04-11 00:00:00,2136.0
2002-04-12 00:00:00,2127.0
2002-04-15 00:00:00,2150.0
2002-04-16 00:00:00,2211.0
2002-04-17 00:00:00,2254.0
2002-04-18 00:00:00,2239.0
2002-04-19 00:00:00,2234.0
2002-04-22 00:00:00,2237.0
2002-04-23 00:00:00,2235.0
2002-04-24 00:00:00,2238.0
2002-04-25 00:00:00,2150.0
2002-04-26 00:00:00,2102.0
2002-04-29 00:00:00,2129.0
2002-04-30 00:00:00,2113.0
2002-05-02 00:00:00,2103.0
2002-05-03 00:00:00,2147.0
2002-05-06 00:00:00,2122.0
2002-05-07 00:00:00,2056.0
2002-05-08 00:00:00,2156.0
2002-05-09 00:00:00,2153.0
2002-05-10 00:00:00,2085.0
2002-05-13 00:00:00,2127.0
2002-05-14 00:00:00,2194.0
2002-05-15 00:00:00,2232.0
2002-05-16 00:00:00,2252.0
2002-05-17 00:00:00,2217.0
2002-05-20 00:00:00,2159.0
2002-05-21 00:00:00,2183.0
2002-05-22 00:00:00,2168.0
2002-05-23 00:00:00,2147.0
2002-05-24 00:00:00,2144.0
2002-05-27 00:00:00,2175.0
2002-05-28 00:00:00,2143.0
2002-05-29 00:00:00,2160.0
2002-05-30 00:00:00,2109.0
2002-05-31 00:00:00,2154.0
2002-06-03 00:00:00,2118.0
2002-06-04 00:00:00,1984.0
2002-06-05 00:00:00,1973.0
2002-06-06 00:00:00,1925.0
2002-06-07 00:00:00,1792.0
2002-06-10 00:00:00,1837.0
2002-06-11 00:00:00,1909.0
2002-06-12 00:00:00,1698.0
2002-06-13 00:00:00,1606.0
2002-06-14 00:00:00,1522.0
2002-06-17 00:00:00,1730.0
2002-06-18 00:00:00,1643.0
2002-06-19 00:00:00,1524.0
2002-06-20 00:00:00,1347.0
2002-06-21 00:00:00,1355.0
2002-06-24 00:00:00,1171.0
2002-06-25 00:00:00,1333.0
2002-06-26 00:00:00,1184.0
2002-06-27 00:00:00,1275.0
2002-06-28 00:00:00,1515.0
2002-07-01 00:00:00,1534.0
2002-07-02 00:00:00,1425.0
2002-07-03 00:00:00,1274.0
2002-07-04 00:00:00,1415.0
2002-07-05 00:00:00,1565.0
2002-07-08 00:00:00,1565.0
2002-07-09 00:00:00,1528.0
2002-07-10 00:00:00,1368.0
2002-07-11 00:00:00,1105.0
2002-07-12 00:00:00,1175.0
2002-07-15 00:00:00,927.0
2002-07-16 00:00:00,722.0
2002-07-17 00:00:00,872.0
2002-07-18 00:00:00,823.0
2002-07-19 00:00:00,574.0
2002-07-22 00:00:00,287.0
2002-07-23 00:00:00,166.0
2002-07-24 00:00:00,141.0
2002-07-25 00:00:00,491.0
2002-07-26 00:00:00,580.0
2002-07-29 00:00:00,884.0
2002-07-30 00:00:00,720.0
2002-07-31 00:00:00,776.0
2002-08-01 00:00:00,712.0
2002-08-02 00:00:00,580.0
2002-08-05 00:00:00,405.0
2002-08-06 00:00:00,699.0
2002-08-07 00:00:00,616.0
2002-08-08 00:00:00,827.0
2002-08-09 00:00:00,887.0
2002-08-12 00:00:00,802.0
2002-08-13 00:00:00,900.0
2002-08-14 00:00:00,856.0
2002-08-15 00:00:00,1018.0
2002-08-16 00:00:00,980.0
2002-08-19 00:00:00,1103.0
2002-08-20 00:00:00,937.0
2002-08-21 00:00:00,1067.0
2002-08-22 00:00:00,1078.0
2002-08-23 00:00:00,1076.0
2002-08-26 00:00:00,1005.0
2002-08-27 00:00:00,1066.0
2002-08-28 00:00:00,852.0
2002-08-29 00:00:00,719.0
2002-08-30 00:00:00,820.0
2002-09-02 00:00:00,671.0
2002-09-03 00:00:00,500.0
2002-09-04 00:00:00,542.0
2002-09-05 00:00:00,539.0
2002-09-06 00:00:00,680.0
2002-09-09 00:00:00,620.0
2002-09-10 00:00:00,695.0
2002-09-11 00:00:00,849.0
2002-09-12 00:00:00,656.0
2002-09-13 00:00:00,568.0
2002-09-16 00:00:00,569.0
2002-09-17 00:00:00,491.0
2002-09-18 00:00:00,380.0
2002-09-19 00:00:00,304.0
2002-09-20 00:00:00,321.0
2002-09-23 00:00:00,124.0
2002-09-24 00:00:00,152.0
2002-09-25 00:00:00,216.0
2002-09-26 00:00:00,464.0
2002-09-27 00:00:00,504.0
2002-09-30 00:00:00,299.0
2002-10-01 00:00:00,304.0
2002-10-02 00:00:00,409.0
2002-10-03 00:00:00,364.0
2002-10-04 00:00:00,231.0
2002-10-07 00:00:00,135.0
2002-10-08 00:00:00,77.0
2002-10-09 00:00:00,-7.0
2002-10-10 00:00:00,103.0
2002-10-11 00:00:00,344.0
2002-10-14 00:00:00,269.0
2002-10-15 00:00:00,563.0
2002-10-16 00:00:00,486.0
2002-10-17 00:00:00,550.0
2002-10-18 00:00:00,554.0
2002-10-21 00:00:00,484.0
2002-10-22 00:00:00,447.0
2002-10-23 00:00:00,348.0
2002-10-24 00:00:00,469.0
2002-10-25 00:00:00,489.0
2002-10-28 00:00:00,454.0
2002-10-29 00:00:00,332.0
2002-10-30 00:00:00,455.0
2002-10-31 00:00:00,510.0
2002-11-01 00:00:00,469.0
2002-11-04 00:00:00,608.0
2002-11-05 00:00:00,605.0
2002-11-06 00:00:00,594.0
2002-11-07 00:00:00,470.0
2002-11-08 00:00:00,424.0
2002-11-11 00:00:00,376.0
2002-11-12 00:00:00,440.0
2002-11-13 00:00:00,413.0
2002-11-14 00:00:00,543.0
2002-11-15 00:00:00,594.0
2002-11-18 00:00:00,610.0
2002-11-19 00:00:00,568.0
2002-11-20 00:00:00,618.0
2002-11-21 00:00:00,705.0
2002-11-22 00:00:00,743.0
2002-11-25 00:00:00,722.0
2002-11-26 00:00:00,659.0
2002-11-27 00:00:00,767.0
2002-11-28 00:00:00,737.0
2002-11-29 00:00:00,683.0
2002-12-02 00:00:00,711.0
2002-12-03 00:00:00,574.0
2002-12-04 00:00:00,574.0
2002-12-05 00:00:00,512.0
2002-12-06 00:00:00,506.0
2002-12-09 00:00:00,435.0
2002-12-10 00:00:00,482.0
2002-12-11 00:00:00,466.0
2002-12-12 00:00:00,453.0
2002-12-13 00:00:00,424.0
2002-12-16 00:00:00,521.0
2002-12-17 00:00:00,451.0
2002-12-18 00:00:00,396.0
2002-12-19 00:00:00,335.0
2002-12-20 00:00:00,379.0
2002-12-23 00:00:00,300.0
2002-12-27 00:00:00,152.0
2002-12-30 00:00:00,210.0
2003-01-03 00:00:00,478.0
2003-01-06 00:00:00,471.0
2003-01-07 00:00:00,433.0
2003-01-08 00:00:00,444.0
2003-01-09 00:00:00,417.0
2003-01-10 00:00:00,427.0
2003-01-13 00:00:00,463.0
2003-01-14 00:00:00,529.0
2003-01-15 00:00:00,434.0
2003-01-16 00:00:00,395.0
2003-01-17 00:00:00,323.0
2003-01-20 00:00:00,264.0
2003-01-21 00:00:00,234.0
2003-01-22 00:00:00,97.0
2003-01-23 00:00:00,93.0
2003-01-24 00:00:00,47.0
2003-01-27 00:00:00,-95.0
2003-01-28 00:00:00,-123.0
2003-01-29 00:00:00,-120.0
2003-01-30 00:00:00,-21.0
2003-01-31 00:00:00,-19.0
2003-02-03 00:00:00,32.0
2003-02-04 00:00:00,-68.0
2003-02-05 00:00:00,-48.0
2003-02-06 00:00:00,-203.0
2003-02-07 00:00:00,-198.0
2003-02-10 00:00:00,-270.0
2003-02-11 00:00:00,-175.0
2003-02-12 00:00:00,-264.0
2003-02-13 00:00:00,-258.0
2003-02-14 00:00:00,-177.0
2003-02-17 00:00:00,-48.0
2003-02-18 00:00:00,-108.0
2003-02-19 00:00:00,-200.0
2003-02-20 00:00:00,-234.0
2003-02-21 00:00:00,-222.0
2003-02-24 00:00:00,-244.0
2003-02-25 00:00:00,-336.0
2003-02-26 00:00:00,-353.0
2003-02-27 00:00:00,-350.0
2003-02-28 00:00:00,-288.0
2003-03-03 00:00:00,-248.0
2003-03-04 00:00:00,-375.0
2003-03-05 00:00:00,-457.0
2003-03-06 00:00:00,-453.0
2003-03-07 00:00:00,-544.0
2003-03-10 00:00:00,-672.0
2003-03-11 00:00:00,-678.0
2003-03-12 00:00:00,-748.0
2003-03-13 00:00:00,-625.0
2003-03-14 00:00:00,-409.0
2003-03-17 00:00:00,-241.0
2003-03-18 00:00:00,-273.0
2003-03-19 00:00:00,-159.0
2003-03-20 00:00:00,-107.0
2003-03-21 00:00:00,33.0
2003-03-24 00:00:00,-210.0
2003-03-25 00:00:00,-132.0
2003-03-26 00:00:00,-166.0
2003-03-27 00:00:00,-225.0
2003-03-28 00:00:00,-207.0
2003-03-31 00:00:00,-345.0
2003-04-01 00:00:00,-284.0
2003-04-02 00:00:00,-106.0
2003-04-03 00:00:00,-86.0
2003-04-04 00:00:00,-38.0
2003-04-07 00:00:00,118.0
2003-04-08 00:00:00,72.0
2003-04-09 00:00:00,94.0
2003-04-10 00:00:00,-4.0
2003-04-11 00:00:00,81.0
2003-04-14 00:00:00,117.0
2003-04-15 00:00:00,226.0
2003-04-16 00:00:00,161.0
2003-04-17 00:00:00,160.0
2003-04-22 00:00:00,167.0
2003-04-23 00:00:00,239.0
2003-04-24 00:00:00,163.0
2003-04-25 00:00:00,107.0
2003-04-28 00:00:00,209.0
2003-04-29 00:00:00,165.0
2003-04-30 00:00:00,186.0
2003-05-02 00:00:00,156.0
2003-05-05 00:00:00,209.0
2003-05-06 00:00:00,285.0
2003-05-07 00:00:00,289.0
2003-05-08 00:00:00,165.0
2003-05-09 00:00:00,151.0
2003-05-12 00:00:00,123.0
2003-05-13 00:00:00,180.0
2003-05-14 00:00:00,197.0
2003-05-15 00:00:00,206.0
2003-05-16 00:00:00,240.0
2003-05-19 00:00:00,132.0
2003-05-20 00:00:00,160.0
2003-05-21 00:00:00,85.0
2003-05-22 00:00:00,220.0
2003-05-23 00:00:00,215.0
2003-05-26 00:00:00,186.0
2003-05-27 00:00:00,221.0
2003-05-28 00:00:00,309.0
2003-05-30 00:00:00,300.0
2003-06-02 00:00:00,414.0
2003-06-03 00:00:00,360.0
2003-06-04 00:00:00,382.0
2003-06-05 00:00:00,351.0
2003-06-06 00:00:00,427.0
2003-06-10 00:00:00,448.0
2003-06-11 00:00:00,482.0
2003-06-12 00:00:00,517.0
2003-06-13 00:00:00,455.0
2003-06-16 00:00:00,537.0
2003-06-17 00:00:00,584.0
2003-06-18 00:00:00,621.0
2003-06-19 00:00:00,560.0
2003-06-20 00:00:00,591.0
2003-06-23 00:00:00,466.0
2003-06-24 00:00:00,477.0
2003-06-25 00:00:00,487.0
2003-06-26 00:00:00,485.0
2003-06-27 00:00:00,498.0
2003-06-30 00:00:00,468.0
2003-07-01 00:00:00,348.0
2003-07-02 00:00:00,444.0
2003-07-03 00:00:00,459.0
2003-07-04 00:00:00,465.0
2003-07-07 00:00:00,582.0
2003-07-08 00:00:00,559.0
2003-07-09 00:00:00,518.0
2003-07-10 00:00:00,500.0
2003-07-11 00:00:00,558.0
2003-07-14 00:00:00,634.0
2003-07-15 00:00:00,609.0
2003-07-16 00:00:00,584.0
2003-07-17 00:00:00,551.0
2003-07-18 00:00:00,557.0
2003-07-21 00:00:00,526.0
2003-07-22 00:00:00,509.0
2003-07-23 00:00:00,552.0
2003-07-24 00:00:00,614.0
2003-07-25 00:00:00,600.0
2003-07-28 00:00:00,662.0
2003-07-29 00:00:00,631.0
2003-07-30 00:00:00,676.0
2003-07-31 00:00:00,742.0
2003-08-01 00:00:00,687.0
2003-08-04 00:00:00,637.0
2003-08-05 00:00:00,702.0
2003-08-06 00:00:00,633.0
2003-08-07 00:00:00,634.0
2003-08-08 00:00:00,655.0
2003-08-11 00:00:00,661.0
2003-08-12 00:00:00,696.0
2003-08-13 00:00:00,678.0
2003-08-14 00:00:00,712.0
2003-08-15 00:00:00,776.0
2003-08-18 00:00:00,816.0
2003-08-19 00:00:00,832.0
2003-08-20 00:00:00,800.0
2003-08-21 00:00:00,860.0
2003-08-22 00:00:00,887.0
2003-08-25 00:00:00,811.0
2003-08-26 00:00:00,806.0
2003-08-27 00:00:00,827.0
2003-08-28 00:00:00,850.0
2003-08-29 00:00:00,806.0
2003-09-01 00:00:00,861.0
2003-09-02 00:00:00,829.0
2003-09-03 00:00:00,948.0
2003-09-04 00:00:00,953.0
2003-09-05 00:00:00,953.0
2003-09-08 00:00:00,992.0
2003-09-09 00:00:00,950.0
2003-09-10 00:00:00,955.0
2003-09-11 00:00:00,958.0
2003-09-12 00:00:00,940.0
2003-09-15 00:00:00,977.0
2003-09-16 00:00:00,1006.0
2003-09-17 00:00:00,1042.0
2003-09-18 00:00:00,1067.0
2003-09-19 00:00:00,1040.0
2003-09-22 00:00:00,911.0
2003-09-23 00:00:00,862.0
2003-09-24 00:00:00,883.0
2003-09-25 00:00:00,794.0
2003-09-26 00:00:00,755.0
2003-09-29 00:00:00,747.0
2003-09-30 00:00:00,681.0
2003-10-01 00:00:00,713.0
2003-10-02 00:00:00,733.0
2003-10-03 00:00:00,845.0
2003-10-06 00:00:00,806.0
2003-10-07 00:00:00,765.0
2003-10-08 00:00:00,798.0
2003-10-09 00:00:00,857.0
2003-10-10 00:00:00,845.0
2003-10-13 00:00:00,916.0
2003-10-14 00:00:00,899.0
2003-10-15 00:00:00,905.0
2003-10-16 00:00:00,901.0
2003-10-17 00:00:00,896.0
2003-10-20 00:00:00,910.0
2003-10-21 00:00:00,901.0
2003-10-22 00:00:00,825.0
2003-10-23 00:00:00,784.0
2003-10-24 00:00:00,771.0
2003-10-27 00:00:00,801.0
2003-10-28 00:00:00,831.0
2003-10-29 00:00:00,812.0
2003-10-30 00:00:00,860.0
2003-10-31 00:00:00,862.0
2003-11-03 00:00:00,951.0
2003-11-04 00:00:00,905.0
2003-11-05 00:00:00,853.0
2003-11-06 00:00:00,871.0
2003-11-07 00:00:00,935.0
2003-11-10 00:00:00,893.0
2003-11-11 00:00:00,904.0
2003-11-12 00:00:00,930.0
2003-11-13 00:00:00,962.0
2003-11-14 00:00:00,1020.0
2003-11-17 00:00:00,923.0
2003-11-18 00:00:00,898.0
2003-11-19 00:00:00,845.0
2003-11-20 00:00:00,850.0
2003-11-21 00:00:00,856.0
2003-11-24 00:00:00,947.0
2003-11-25 00:00:00,963.0
2003-11-26 00:00:00,954.0
2003-11-27 00:00:00,963.0
2003-11-28 00:00:00,952.0
2003-12-01 00:00:00,1013.0
2003-12-02 00:00:00,1024.0
2003-12-03 00:00:00,1082.0
2003-12-04 00:00:00,1075.0
2003-12-05 00:00:00,1017.0
2003-12-08 00:00:00,998.0
2003-12-09 00:00:00,1027.0
2003-12-10 00:00:00,997.0
2003-12-11 00:00:00,1038.0
2003-12-12 00:00:00,1036.0
2003-12-15 00:00:00,1063.0
2003-12-16 00:00:00,1031.0
2003-12-17 00:00:00,1004.0
2003-12-18 00:00:00,1055.0
2003-12-19 00:00:00,1057.0
2003-12-22 00:00:00,1041.0
2003-12-23 00:00:00,1052.0
2003-12-29 00:00:00,1089.0
2003-12-30 00:00:00,1125.0
2004-01-05 00:00:00,1207.0
2004-01-06 00:00:00,1227.0
2004-01-07 00:00:00,1215.0
2004-01-08 00:00:00,1251.0
2004-01-09 00:00:00,1226.0
2004-01-12 00:00:00,1159.0
2004-01-13 00:00:00,1199.0
2004-01-14 00:00:00,1257.0
2004-01-15 00:00:00,1262.0
2004-01-16 00:00:00,1314.0
2004-01-19 00:00:00,1335.0
2004-01-20 00:00:00,1309.0
2004-01-21 00:00:00,1326.0
2004-01-22 00:00:00,1365.0
2004-01-23 00:00:00,1395.0
2004-01-26 00:00:00,1390.0
2004-01-27 00:00:00,1443.0
2004-01-28 00:00:00,1444.0
2004-01-29 00:00:00,1407.0
2004-01-30 00:00:00,1389.0
2004-02-02 00:00:00,1427.0
2004-02-03 00:00:00,1365.0
2004-02-04 00:00:00,1420.0
2004-02-05 00:00:00,1411.0
2004-02-06 00:00:00,1438.0
2004-02-09 00:00:00,1508.0
2004-02-10 00:00:00,1521.0
2004-02-11 00:00:00,1527.0
2004-02-12 00:00:00,1505.0
2004-02-13 00:00:00,1490.0
2004-02-16 00:00:00,1490.0
2004-02-17 00:00:00,1521.0
2004-02-18 00:00:00,1472.0
2004-02-19 00:00:00,1521.0
2004-02-20 00:00:00,1480.0
2004-02-23 00:00:00,1520.0
2004-02-24 00:00:00,1446.0
2004-02-25 00:00:00,1448.0
2004-02-26 00:00:00,1441.0
2004-02-27 00:00:00,1472.0
2004-03-01 00:00:00,1500.0
2004-03-02 00:00:00,1558.0
2004-03-03 00:00:00,1541.0
2004-03-04 00:00:00,1580.0
2004-03-05 00:00:00,1568.0
2004-03-08 00:00:00,1561.0
2004-03-09 00:00:00,1517.0
2004-03-10 00:00:00,1549.0
2004-03-11 00:00:00,1379.0
2004-03-12 00:00:00,1354.0
2004-03-15 00:00:00,1286.0
2004-03-16 00:00:00,1309.0
2004-03-17 00:00:00,1361.0
2004-03-18 00:00:00,1269.0
2004-03-19 00:00:00,1283.0
2004-03-22 00:00:00,1133.0
2004-03-23 00:00:00,1171.0
2004-03-24 00:00:00,1157.0
2004-03-25 00:00:00,1243.0
2004-03-26 00:00:00,1253.0
2004-03-29 00:00:00,1300.0
2004-03-30 00:00:00,1278.0
2004-03-31 00:00:00,1284.0
2004-04-01 00:00:00,1367.0
2004-04-02 00:00:00,1442.0
2004-04-05 00:00:00,1463.0
2004-04-06 00:00:00,1432.0
2004-04-07 00:00:00,1437.0
2004-04-08 00:00:00,1473.0
2004-04-13 00:00:00,1480.0
2004-04-14 00:00:00,1440.0
2004-04-15 00:00:00,1462.0
2004-04-16 00:00:00,1465.0
2004-04-19 00:00:00,1479.0
2004-04-20 00:00:00,1511.0
2004-04-21 00:00:00,1501.0
2004-04-22 00:00:00,1482.0
2004-04-23 00:00:00,1497.0
2004-04-26 00:00:00,1571.0
2004-04-27 00:00:00,1570.0
2004-04-28 00:00:00,1530.0
2004-04-29 00:00:00,1513.0
2004-04-30 00:00:00,1475.0
2004-05-03 00:00:00,1540.0
2004-05-04 00:00:00,1560.0
2004-05-05 00:00:00,1610.0
2004-05-06 00:00:00,1559.0
2004-05-07 00:00:00,1545.0
2004-05-10 00:00:00,1368.0
2004-05-11 00:00:00,1443.0
2004-05-12 00:00:00,1368.0
2004-05-13 00:00:00,1430.0
2004-05-14 00:00:00,1411.0
2004-05-17 00:00:00,1330.0
2004-05-18 00:00:00,1354.0
2004-05-19 00:00:00,1430.0
2004-05-21 00:00:00,1391.0
2004-05-24 00:00:00,1405.0
2004-05-25 00:00:00,1370.0
2004-05-26 00:00:00,1400.0
2004-05-27 00:00:00,1425.0
2004-05-28 00:00:00,1343.0
2004-06-01 00:00:00,1311.0
2004-06-02 00:00:00,1368.0
2004-06-03 00:00:00,1373.0
2004-06-04 00:00:00,1420.0
2004-06-07 00:00:00,1470.0
2004-06-08 00:00:00,1448.0
2004-06-09 00:00:00,1440.0
2004-06-10 00:00:00,1393.0
2004-06-11 00:00:00,1418.0
2004-06-14 00:00:00,1341.0
2004-06-15 00:00:00,1405.0
2004-06-16 00:00:00,1431.0
2004-06-17 00:00:00,1424.0
2004-06-18 00:00:00,1414.0
2004-06-21 00:00:00,1442.0
2004-06-22 00:00:00,1389.0
2004-06-23 00:00:00,1371.0
2004-06-24 00:00:00,1391.0
2004-06-25 00:00:00,1405.0
2004-06-28 00:00:00,1426.0
2004-06-29 00:00:00,1407.0
2004-06-30 00:00:00,1359.0
2004-07-01 00:00:00,1349.0
2004-07-02 00:00:00,1335.0
2004-07-05 00:00:00,1329.0
2004-07-06 00:00:00,1273.0
2004-07-07 00:00:00,1266.0
2004-07-08 00:00:00,1301.0
2004-07-09 00:00:00,1273.0
2004-07-12 00:00:00,1256.0
2004-07-13 00:00:00,1244.0
2004-07-14 00:00:00,1269.0
2004-07-15 00:00:00,1197.0
2004-07-16 00:00:00,1184.0
2004-07-19 00:00:00,1163.0
2004-07-20 00:00:00,1227.0
2004-07-21 00:00:00,1288.0
2004-07-22 00:00:00,1206.0
2004-07-23 00:00:00,1207.0
2004-07-26 00:00:00,1173.0
2004-07-27 00:00:00,1221.0
2004-07-28 00:00:00,1241.0
2004-07-29 00:00:00,1289.0
2004-07-30 00:00:00,1286.0
2004-08-02 00:00:00,1265.0
2004-08-03 00:00:00,1314.0
2004-08-04 00:00:00,1253.0
2004-08-05 00:00:00,1238.0
2004-08-06 00:00:00,1123.0
2004-08-09 00:00:00,1086.0
2004-08-10 00:00:00,1114.0
2004-08-11 00:00:00,1091.0
2004-08-12 00:00:00,1091.0
2004-08-13 00:00:00,1041.0
2004-08-16 00:00:00,1077.0
2004-08-17 00:00:00,1103.0
2004-08-18 00:00:00,1049.0
2004-08-19 00:00:00,1074.0
2004-08-20 00:00:00,1078.0
2004-08-23 00:00:00,1114.0
2004-08-24 00:00:00,1107.0
2004-08-25 00:00:00,1094.0
2004-08-26 00:00:00,1145.0
2004-08-27 00:00:00,1189.0
2004-08-30 00:00:00,1177.0
2004-08-31 00:00:00,1150.0
2004-09-01 00:00:00,1190.0
2004-09-02 00:00:00,1176.0
2004-09-03 00:00:00,1217.0
2004-09-06 00:00:00,1278.0
2004-09-07 00:00:00,1286.0
2004-09-08 00:00:00,1284.0
2004-09-09 00:00:00,1244.0
2004-09-10 00:00:00,1261.0
2004-09-13 00:00:00,1288.0
2004-09-14 00:00:00,1268.0
2004-09-15 00:00:00,1261.0
2004-09-16 00:00:00,1247.0
2004-09-17 00:00:00,1266.0
2004-09-20 00:00:00,1269.0
2004-09-21 00:00:00,1327.0
2004-09-22 00:00:00,1289.0
2004-09-23 00:00:00,1231.0
2004-09-24 00:00:00,1207.0
2004-09-27 00:00:00,1177.0
2004-09-28 00:00:00,1214.0
2004-09-29 00:00:00,1253.0
2004-09-30 00:00:00,1183.0
2004-10-01 00:00:00,1241.0
2004-10-04 00:00:00,1321.0
2004-10-05 00:00:00,1322.0
2004-10-06 00:00:00,1318.0
2004-10-07 00:00:00,1264.0
2004-10-08 00:00:00,1228.0
2004-10-11 00:00:00,1196.0
2004-10-12 00:00:00,1167.0
2004-10-13 00:00:00,1184.0
2004-10-14 00:00:00,1126.0
2004-10-15 00:00:00,1080.0
2004-10-18 00:00:00,1094.0
2004-10-19 00:00:00,1136.0
2004-10-20 00:00:00,1095.0
2004-10-21 00:00:00,1123.0
2004-10-22 00:00:00,1104.0
2004-10-25 00:00:00,1028.0
2004-10-26 00:00:00,1054.0
2004-10-27 00:00:00,1097.0
2004-10-28 00:00:00,1134.0
2004-10-29 00:00:00,1081.0
2004-11-01 00:00:00,1150.0
2004-11-02 00:00:00,1206.0
2004-11-03 00:00:00,1263.0
2004-11-04 00:00:00,1269.0
2004-11-05 00:00:00,1338.0
2004-11-08 00:00:00,1320.0
2004-11-09 00:00:00,1291.0
2004-11-10 00:00:00,1330.0
2004-11-11 00:00:00,1371.0
2004-11-12 00:00:00,1411.0
2004-11-15 00:00:00,1397.0
2004-11-16 00:00:00,1371.0
2004-11-17 00:00:00,1402.0
2004-11-18 00:00:00,1391.0
2004-11-19 00:00:00,1321.0
2004-11-22 00:00:00,1283.0
2004-11-23 00:00:00,1239.0
2004-11-24 00:00:00,1213.0
2004-11-25 00:00:00,1266.0
2004-11-26 00:00:00,1265.0
2004-11-29 00:00:00,1237.0
2004-11-30 00:00:00,1156.0
2004-12-01 00:00:00,1230.0
2004-12-02 00:00:00,1284.0
2004-12-03 00:00:00,1272.0
2004-12-06 00:00:00,1238.0
2004-12-07 00:00:00,1283.0
2004-12-08 00:00:00,1279.0
2004-12-09 00:00:00,1274.0
2004-12-10 00:00:00,1298.0
2004-12-13 00:00:00,1346.0
2004-12-14 00:00:00,1376.0
2004-12-15 00:00:00,1351.0
2004-12-16 00:00:00,1376.0
2004-12-17 00:00:00,1316.0
2004-12-20 00:00:00,1371.0
2004-12-21 00:00:00,1358.0
2004-12-22 00:00:00,1405.0
2004-12-23 00:00:00,1409.0
2004-12-27 00:00:00,1399.0
2004-12-28 00:00:00,1411.0
2004-12-29 00:00:00,1416.0
2004-12-30 00:00:00,1416.0
2005-01-03 00:00:00,1484.0
2005-01-04 00:00:00,1489.0
2005-01-05 00:00:00,1446.0
2005-01-06 00:00:00,1458.0
2005-01-07 00:00:00,1447.0
2005-01-10 00:00:00,1448.0
2005-01-11 00:00:00,1429.0
2005-01-12 00:00:00,1381.0
2005-01-13 00:00:00,1396.0
2005-01-14 00:00:00,1449.0
2005-01-17 00:00:00,1476.0
2005-01-18 00:00:00,1456.0
2005-01-19 00:00:00,1458.0
2005-01-20 00:00:00,1435.0
2005-01-21 00:00:00,1449.0
2005-01-24 00:00:00,1461.0
2005-01-25 00:00:00,1484.0
2005-01-26 00:00:00,1482.0
2005-01-27 00:00:00,1483.0
2005-01-28 00:00:00,1466.0
2005-01-31 00:00:00,1483.0
2005-02-01 00:00:00,1503.0
2005-02-02 00:00:00,1503.0
2005-02-03 00:00:00,1523.0
2005-02-04 00:00:00,1554.0
2005-02-07 00:00:00,1577.0
2005-02-08 00:00:00,1592.0
2005-02-09 00:00:00,1576.0
2005-02-10 00:00:00,1581.0
2005-02-11 00:00:00,1625.0
2005-02-14 00:00:00,1617.0
2005-02-15 00:00:00,1628.0
2005-02-16 00:00:00,1579.0
2005-02-17 00:00:00,1591.0
2005-02-18 00:00:00,1611.0
2005-02-21 00:00:00,1641.0
2005-02-22 00:00:00,1618.0
2005-02-23 00:00:00,1574.0
2005-02-24 00:00:00,1586.0
2005-02-25 00:00:00,1650.0
2005-02-28 00:00:00,1623.0
2005-03-01 00:00:00,1682.0
2005-03-02 00:00:00,1721.0
2005-03-03 00:00:00,1714.0
2005-03-04 00:00:00,1750.0
2005-03-07 00:00:00,1754.0
2005-03-08 00:00:00,1719.0
2005-03-09 00:00:00,1705.0
2005-03-10 00:00:00,1682.0
2005-03-11 00:00:00,1711.0
2005-03-14 00:00:00,1700.0
2005-03-15 00:00:00,1740.0
2005-03-16 00:00:00,1683.0
2005-03-17 00:00:00,1665.0
2005-03-18 00:00:00,1634.0
2005-03-21 00:00:00,1643.0
2005-03-22 00:00:00,1657.0
2005-03-23 00:00:00,1667.0
2005-03-24 00:00:00,1675.0
2005-03-29 00:00:00,1698.0
2005-03-30 00:00:00,1672.0
2005-03-31 00:00:00,1682.0
2005-04-01 00:00:00,1688.0
2005-04-04 00:00:00,1635.0
2005-04-05 00:00:00,1688.0
2005-04-06 00:00:00,1740.0
2005-04-07 00:00:00,1766.0
2005-04-08 00:00:00,1755.0
2005-04-11 00:00:00,1753.0
2005-04-12 00:00:00,1726.0
2005-04-13 00:00:00,1748.0
2005-04-14 00:00:00,1769.0
2005-04-15 00:00:00,1750.0
2005-04-18 00:00:00,1651.0
2005-04-19 00:00:00,1716.0
2005-04-20 00:00:00,1672.0
2005-04-21 00:00:00,1658.0
2005-04-22 00:00:00,1702.0
2005-04-25 00:00:00,1683.0
2005-04-26 00:00:00,1700.0
2005-04-27 00:00:00,1621.0
2005-04-28 00:00:00,1634.0
2005-04-29 00:00:00,1642.0
2005-05-02 00:00:00,1718.0
2005-05-03 00:00:00,1722.0
2005-05-04 00:00:00,1790.0
2005-05-06 00:00:00,1826.0
2005-05-09 00:00:00,1802.0
2005-05-10 00:00:00,1715.0
2005-05-11 00:00:00,1715.0
2005-05-12 00:00:00,1755.0
2005-05-13 00:00:00,1747.0
2005-05-17 00:00:00,1747.0
2005-05-18 00:00:00,1805.0
2005-05-19 00:00:00,1825.0
2005-05-20 00:00:00,1826.0
2005-05-23 00:00:00,1846.0
2005-05-24 00:00:00,1881.0
2005-05-25 00:00:00,1901.0
2005-05-26 00:00:00,1944.0
2005-05-27 00:00:00,1965.0
2005-05-30 00:00:00,1962.0
2005-05-31 00:00:00,1934.0
2005-06-01 00:00:00,2014.0
2005-06-02 00:00:00,2029.0
2005-06-03 00:00:00,2014.0
2005-06-06 00:00:00,1989.0
2005-06-07 00:00:00,2038.0
2005-06-08 00:00:00,2035.0
2005-06-09 00:00:00,2047.0
2005-06-10 00:00:00,2040.0
2005-06-13 00:00:00,2071.0
2005-06-14 00:00:00,2074.0
2005-06-15 00:00:00,2054.0
2005-06-16 00:00:00,2063.0
2005-06-17 00:00:00,2061.0
2005-06-20 00:00:00,2039.0
2005-06-21 00:00:00,2100.0
2005-06-22 00:00:00,2089.0
2005-06-23 00:00:00,2078.0
2005-06-24 00:00:00,2015.0
2005-06-27 00:00:00,1993.0
2005-06-28 00:00:00,2014.0
2005-06-29 00:00:00,2068.0
2005-06-30 00:00:00,2047.0
2005-07-01 00:00:00,2082.0
2005-07-04 00:00:00,2093.0
2005-07-05 00:00:00,2089.0
2005-07-06 00:00:00,2120.0
2005-07-07 00:00:00,2050.0
2005-07-08 00:00:00,2115.0
2005-07-11 00:00:00,2162.0
2005-07-12 00:00:00,2130.0
2005-07-13 00:00:00,2198.0
2005-07-14 00:00:00,2247.0
2005-07-15 00:00:00,2262.0
2005-07-18 00:00:00,2269.0
2005-07-19 00:00:00,2275.0
2005-07-20 00:00:00,2319.0
2005-07-21 00:00:00,2291.0
2005-07-22 00:00:00,2308.0
2005-07-25 00:00:00,2304.0
2005-07-26 00:00:00,2328.0
2005-07-27 00:00:00,2359.0
2005-07-28 00:00:00,2413.0
2005-07-29 00:00:00,2398.0
2005-08-01 00:00:00,2408.0
2005-08-02 00:00:00,2469.0
2005-08-03 00:00:00,2459.0
2005-08-04 00:00:00,2417.0
2005-08-05 00:00:00,2408.0
2005-08-08 00:00:00,2434.0
2005-08-09 00:00:00,2445.0
2005-08-10 00:00:00,2485.0
2005-08-11 00:00:00,2481.0
2005-08-12 00:00:00,2446.0
2005-08-15 00:00:00,2433.0
2005-08-16 00:00:00,2433.0
2005-08-17 00:00:00,2430.0
2005-08-18 00:00:00,2392.0
2005-08-19 00:00:00,2431.0
2005-08-22 00:00:00,2423.0
2005-08-23 00:00:00,2363.0
2005-08-24 00:00:00,2329.0
2005-08-25 00:00:00,2282.0
2005-08-26 00:00:00,2242.0
2005-08-29 00:00:00,2259.0
2005-08-30 00:00:00,2265.0
2005-08-31 00:00:00,2320.0
2005-09-01 00:00:00,2350.0
2005-09-02 00:00:00,2325.0
2005-09-05 00:00:00,2338.0
2005-09-06 00:00:00,2410.0
2005-09-07 00:00:00,2481.0
2005-09-08 00:00:00,2482.0
2005-09-09 00:00:00,2500.0
2005-09-12 00:00:00,2527.0
2005-09-13 00:00:00,2494.0
2005-09-14 00:00:00,2532.0
2005-09-15 00:00:00,2550.0
2005-09-16 00:00:00,2606.0
2005-09-19 00:00:00,2604.0
2005-09-20 00:00:00,2638.0
2005-09-21 00:00:00,2556.0
2005-09-22 00:00:00,2532.0
2005-09-23 00:00:00,2583.0
2005-09-26 00:00:00,2648.0
2005-09-27 00:00:00,2650.0
2005-09-28 00:00:00,2705.0
2005-09-29 00:00:00,2662.0
2005-09-30 00:00:00,2698.0
2005-10-03 00:00:00,2803.0
2005-10-04 00:00:00,2837.0
2005-10-05 00:00:00,2818.0
2005-10-06 00:00:00,2733.0
2005-10-07 00:00:00,2743.0
2005-10-10 00:00:00,2742.0
2005-10-11 00:00:00,2762.0
2005-10-12 00:00:00,2712.0
2005-10-13 00:00:00,2661.0
2005-10-14 00:00:00,2666.0
2005-10-17 00:00:00,2680.0
2005-10-18 00:00:00,2736.0
2005-10-19 00:00:00,2619.0
2005-10-20 00:00:00,2685.0
2005-10-21 00:00:00,2644.0
2005-10-24 00:00:00,2704.0
2005-10-25 00:00:00,2736.0
2005-10-26 00:00:00,2770.0
2005-10-27 00:00:00,2714.0
2005-10-28 00:00:00,2658.0
2005-10-31 00:00:00,2840.0
2005-11-01 00:00:00,2896.0
2005-11-02 00:00:00,2912.0
2005-11-03 00:00:00,3005.0
2005-11-04 00:00:00,3003.0
2005-11-07 00:00:00,3045.0
2005-11-08 00:00:00,3053.0
2005-11-09 00:00:00,3028.0
2005-11-10 00:00:00,3039.0
2005-11-11 00:00:00,3147.0
2005-11-14 00:00:00,3124.0
2005-11-15 00:00:00,3115.0
2005-11-16 00:00:00,3064.0
2005-11-17 00:00:00,3115.0
2005-11-18 00:00:00,3223.0
2005-11-21 00:00:00,3245.0
2005-11-22 00:00:00,3258.0
2005-11-23 00:00:00,3290.0
2005-11-24 00:00:00,3261.0
2005-11-25 00:00:00,3293.0
2005-11-28 00:00:00,3221.0
2005-11-29 00:00:00,3224.0
2005-11-30 00:00:00,3199.0
2005-12-01 00:00:00,3332.0
2005-12-02 00:00:00,3376.0
2005-12-05 00:00:00,3371.0
2005-12-06 00:00:00,3409.0
2005-12-07 00:00:00,3386.0
2005-12-08 00:00:00,3352.0
2005-12-09 00:00:00,3358.0
2005-12-12 00:00:00,3358.0
2005-12-13 00:00:00,3372.0
2005-12-14 00:00:00,3308.0
2005-12-15 00:00:00,3244.0
2005-12-16 00:00:00,3291.0
2005-12-19 00:00:00,3323.0
2005-12-20 00:00:00,3308.0
2005-12-21 00:00:00,3333.0
2005-12-22 00:00:00,3303.0
2005-12-23 00:00:00,3281.0
2005-12-27 00:00:00,3337.0
2005-12-28 00:00:00,3343.0
2005-12-29 00:00:00,3414.0
2005-12-30 00:00:00,3353.0
2006-01-03 00:00:00,3414.0
2006-01-04 00:00:00,3511.0
2006-01-05 00:00:00,3493.0
2006-01-06 00:00:00,3503.0
2006-01-09 00:00:00,3497.0
2006-01-10 00:00:00,3444.0
2006-01-11 00:00:00,3536.0
2006-01-12 00:00:00,3582.0
2006-01-13 00:00:00,3563.0
2006-01-16 00:00:00,3621.0
2006-01-17 00:00:00,3572.0
2006-01-18 00:00:00,3488.0
2006-01-19 00:00:00,3549.0
2006-01-20 00:00:00,3471.0
2006-01-23 00:00:00,3483.0
2006-01-24 00:00:00,3473.0
2006-01-25 00:00:00,3463.0
2006-01-26 00:00:00,3528.0
2006-01-27 00:00:00,3589.0
2006-01-30 00:00:00,3570.0
2006-01-31 00:00:00,3588.0
2006-02-01 00:00:00,3615.0
2006-02-02 00:00:00,3561.0
2006-02-03 00:00:00,3613.0
2006-02-06 00:00:00,3613.0
2006-02-07 00:00:00,3614.0
2006-02-08 00:00:00,3603.0
2006-02-09 00:00:00,3648.0
2006-02-10 00:00:00,3640.0
2006-02-13 00:00:00,3668.0
2006-02-14 00:00:00,3655.0
2006-02-15 00:00:00,3570.0
2006-02-16 00:00:00,3679.0
2006-02-17 00:00:00,3689.0
2006-02-20 00:00:00,3724.0
2006-02-21 00:00:00,3772.0
2006-02-22 00:00:00,3813.0
2006-02-23 00:00:00,3755.0
2006-02-24 00:00:00,3718.0
2006-02-27 00:00:00,3773.0
2006-02-28 00:00:00,3662.0
2006-03-01 00:00:00,3753.0
2006-03-02 00:00:00,3715.0
2006-03-03 00:00:00,3719.0
2006-03-06 00:00:00,3719.0
2006-03-07 00:00:00,3666.0
2006-03-08 00:00:00,3633.0
2006-03-09 00:00:00,3669.0
2006-03-10 00:00:00,3778.0
2006-03-13 00:00:00,3842.0
2006-03-14 00:00:00,3845.0
2006-03-15 00:00:00,3825.0
2006-03-16 00:00:00,3830.0
2006-03-17 00:00:00,3848.0
2006-03-20 00:00:00,3858.0
2006-03-21 00:00:00,3858.0
2006-03-22 00:00:00,3863.0
2006-03-23 00:00:00,3823.0
2006-03-24 00:00:00,3847.0
2006-03-27 00:00:00,3782.0
2006-03-28 00:00:00,3776.0
2006-03-29 00:00:00,3785.0
2006-03-30 00:00:00,3840.0
2006-03-31 00:00:00,3818.0
2006-04-03 00:00:00,3882.0
2006-04-04 00:00:00,3845.0
2006-04-05 00:00:00,3892.0
2006-04-06 00:00:00,3894.0
2006-04-07 00:00:00,3905.0
2006-04-10 00:00:00,3916.0
2006-04-11 00:00:00,3823.0
2006-04-12 00:00:00,3800.0
2006-04-13 00:00:00,3837.0
2006-04-18 00:00:00,3781.0
2006-04-19 00:00:00,3880.0
2006-04-20 00:00:00,3909.0
2006-04-21 00:00:00,3944.0
2006-04-24 00:00:00,3916.0
2006-04-25 00:00:00,3892.0
2006-04-26 00:00:00,3922.0
2006-04-27 00:00:00,3936.0
2006-04-28 00:00:00,3898.0
2006-05-02 00:00:00,3933.0
2006-05-03 00:00:00,3823.0
2006-05-04 00:00:00,3833.0
2006-05-05 00:00:00,3935.0
2006-05-08 00:00:00,3984.0
2006-05-09 00:00:00,4001.0
2006-05-10 00:00:00,3986.0
2006-05-11 00:00:00,3968.0
2006-05-12 00:00:00,3821.0
2006-05-15 00:00:00,3714.0
2006-05-16 00:00:00,3764.0
2006-05-17 00:00:00,3498.0
2006-05-18 00:00:00,3478.0
2006-05-19 00:00:00,3487.0
2006-05-22 00:00:00,3307.0
2006-05-23 00:00:00,3444.0
2006-05-24 00:00:00,3356.0
2006-05-26 00:00:00,3552.0
2006-05-29 00:00:00,3554.0
2006-05-30 00:00:00,3413.0
2006-05-31 00:00:00,3478.0
2006-06-01 00:00:00,3483.0
2006-06-02 00:00:00,3529.0
2006-06-06 00:00:00,3363.0
2006-06-07 00:00:00,3418.0
2006-06-08 00:00:00,3217.0
2006-06-09 00:00:00,3308.0
2006-06-12 00:00:00,3221.0
2006-06-13 00:00:00,3033.0
2006-06-14 00:00:00,3035.0
2006-06-15 00:00:00,3192.0
2006-06-16 00:00:00,3159.0
2006-06-19 00:00:00,3226.0
2006-06-20 00:00:00,3261.0
2006-06-21 00:00:00,3295.0
2006-06-22 00:00:00,3350.0
2006-06-23 00:00:00,3359.0
2006-06-26 00:00:00,3334.0
2006-06-27 00:00:00,3269.0
2006-06-28 00:00:00,3293.0
2006-06-29 00:00:00,3397.0
2006-06-30 00:00:00,3515.0
2006-07-03 00:00:00,3582.0
2006-07-04 00:00:00,3603.0
2006-07-05 00:00:00,3532.0
2006-07-06 00:00:00,3576.0
2006-07-07 00:00:00,3529.0
2006-07-10 00:00:00,3567.0
2006-07-11 00:00:00,3539.0
2006-07-12 00:00:00,3584.0
2006-07-13 00:00:00,3459.0
2006-07-14 00:00:00,3371.0
2006-07-17 00:00:00,3365.0
2006-07-18 00:00:00,3322.0
2006-07-19 00:00:00,3466.0
2006-07-20 00:00:00,3533.0
2006-07-21 00:00:00,3477.0
2006-07-24 00:00:00,3644.0
2006-07-25 00:00:00,3652.0
2006-07-26 00:00:00,3676.0
2006-07-27 00:00:00,3722.0
2006-07-28 00:00:00,3789.0
2006-07-31 00:00:00,3807.0
2006-08-02 00:00:00,3766.0
2006-08-03 00:00:00,3673.0
2006-08-04 00:00:00,3755.0
2006-08-07 00:00:00,3653.0
2006-08-08 00:00:00,3660.0
2006-08-09 00:00:00,3744.0
2006-08-10 00:00:00,3702.0
2006-08-11 00:00:00,3718.0
2006-08-14 00:00:00,3786.0
2006-08-15 00:00:00,3914.0
2006-08-16 00:00:00,3949.0
2006-08-17 00:00:00,3977.0
2006-08-18 00:00:00,3942.0
2006-08-21 00:00:00,3916.0
2006-08-22 00:00:00,3945.0
2006-08-23 00:00:00,3931.0
2006-08-24 00:00:00,3952.0
2006-08-25 00:00:00,3955.0
2006-08-28 00:00:00,3971.0
2006-08-29 00:00:00,4019.0
2006-08-30 00:00:00,4040.0
2006-08-31 00:00:00,4005.0
2006-09-01 00:00:00,4041.0
2006-09-04 00:00:00,4085.0
2006-09-05 00:00:00,4079.0
2006-09-06 00:00:00,4024.0
2006-09-07 00:00:00,3983.0
2006-09-08 00:00:00,4027.0
2006-09-11 00:00:00,3956.0
2006-09-12 00:00:00,4044.0
2006-09-13 00:00:00,4072.0
2006-09-14 00:00:00,4032.0
2006-09-15 00:00:00,4068.0
2006-09-18 00:00:00,4117.0
2006-09-19 00:00:00,4081.0
2006-09-20 00:00:00,4196.0
2006-09-21 00:00:00,4225.0
2006-09-22 00:00:00,4149.0
2006-09-25 00:00:00,4115.0
2006-09-26 00:00:00,4229.0
2006-09-27 00:00:00,4269.0
2006-09-28 00:00:00,4274.0
2006-09-29 00:00:00,4277.0
2006-10-02 00:00:00,4232.0
2006-10-03 00:00:00,4242.0
2006-10-04 00:00:00,4290.0
2006-10-05 00:00:00,4357.0
2006-10-06 00:00:00,4371.0
2006-10-09 00:00:00,4395.0
2006-10-10 00:00:00,4467.0
2006-10-11 00:00:00,4482.0
2006-10-12 00:00:00,4514.0
2006-10-13 00:00:00,4496.0
2006-10-16 00:00:00,4490.0
2006-10-17 00:00:00,4377.0
2006-10-18 00:00:00,4454.0
2006-10-19 00:00:00,4459.0
2006-10-20 00:00:00,4482.0
2006-10-23 00:00:00,4533.0
2006-10-24 00:00:00,4506.0
2006-10-25 00:00:00,4520.0
2006-10-26 00:00:00,4510.0
2006-10-27 00:00:00,4533.0
2006-10-30 00:00:00,4489.0
2006-10-31 00:00:00,4401.0
2006-11-01 00:00:00,4443.0
2006-11-02 00:00:00,4480.0
2006-11-03 00:00:00,4534.0
2006-11-06 00:00:00,4630.0
2006-11-07 00:00:00,4670.0
2006-11-08 00:00:00,4613.0
2006-11-09 00:00:00,4599.0
2006-11-10 00:00:00,4578.0
2006-11-13 00:00:00,4586.0
2006-11-14 00:00:00,4575.0
2006-11-15 00:00:00,4614.0
2006-11-16 00:00:00,4625.0
2006-11-17 00:00:00,4577.0
2006-11-20 00:00:00,4595.0
2006-11-21 00:00:00,4602.0
2006-11-22 00:00:00,4604.0
2006-11-23 00:00:00,4578.0
2006-11-24 00:00:00,4465.0
2006-11-27 00:00:00,4337.0
2006-11-28 00:00:00,4283.0
2006-11-29 00:00:00,4390.0
2006-11-30 00:00:00,4293.0
2006-12-01 00:00:00,4252.0
2006-12-04 00:00:00,4299.0
2006-12-05 00:00:00,4288.0
2006-12-06 00:00:00,4327.0
2006-12-07 00:00:00,4386.0
2006-12-08 00:00:00,4357.0
2006-12-11 00:00:00,4409.0
2006-12-12 00:00:00,4484.0
2006-12-13 00:00:00,4496.0
2006-12-14 00:00:00,4608.0
2006-12-15 00:00:00,4612.0
2006-12-18 00:00:00,4645.0
2006-12-19 00:00:00,4596.0
2006-12-20 00:00:00,4595.0
2006-12-21 00:00:00,4591.0
2006-12-22 00:00:00,4540.0
2006-12-27 00:00:00,4636.0
2006-12-28 00:00:00,4627.0
2006-12-29 00:00:00,4593.0
2007-01-03 00:00:00,4736.0
2007-01-04 00:00:00,4746.0
2007-01-05 00:00:00,4708.0
2007-01-08 00:00:00,4662.0
2007-01-09 00:00:00,4685.0
2007-01-10 00:00:00,4664.0
2007-01-11 00:00:00,4796.0
2007-01-12 00:00:00,4846.0
2007-01-15 00:00:00,4911.0
2007-01-16 00:00:00,4878.0
2007-01-17 00:00:00,4910.0
2007-01-18 00:00:00,4903.0
2007-01-19 00:00:00,4962.0
2007-01-22 00:00:00,4908.0
2007-01-23 00:00:00,4911.0
2007-01-24 00:00:00,4949.0
2007-01-25 00:00:00,4939.0
2007-01-26 00:00:00,4834.0
2007-01-29 00:00:00,4901.0
2007-01-30 00:00:00,4946.0
2007-01-31 00:00:00,4934.0
2007-02-01 00:00:00,5012.0
2007-02-02 00:00:00,5061.0
2007-02-05 00:00:00,5047.0
2007-02-06 00:00:00,5067.0
2007-02-07 00:00:00,5076.0
2007-02-08 00:00:00,5025.0
2007-02-09 00:00:00,5076.0
2007-02-12 00:00:00,5055.0
2007-02-13 00:00:00,5042.0
2007-02-14 00:00:00,5088.0
2007-02-15 00:00:00,5093.0
2007-02-16 00:00:00,5120.0
2007-02-19 00:00:00,5133.0
2007-02-20 00:00:00,5101.0
2007-02-21 00:00:00,4986.0
2007-02-22 00:00:00,5040.0
2007-02-23 00:00:00,5040.0
2007-02-26 00:00:00,5007.0
2007-02-27 00:00:00,4682.0
2007-02-28 00:00:00,4561.0
2007-03-01 00:00:00,4567.0
2007-03-02 00:00:00,4581.0
2007-03-05 00:00:00,4451.0
2007-03-06 00:00:00,4552.0
2007-03-07 00:00:00,4653.0
2007-03-08 00:00:00,4752.0
2007-03-09 00:00:00,4754.0
2007-03-12 00:00:00,4716.0
2007-03-13 00:00:00,4648.0
2007-03-14 00:00:00,4393.0
2007-03-15 00:00:00,4526.0
2007-03-16 00:00:00,4536.0
2007-03-19 00:00:00,4646.0
2007-03-20 00:00:00,4710.0
2007-03-21 00:00:00,4756.0
2007-03-22 00:00:00,4896.0
2007-03-23 00:00:00,4911.0
2007-03-26 00:00:00,4816.0
2007-03-27 00:00:00,4781.0
2007-03-28 00:00:00,4666.0
2007-03-29 00:00:00,4790.0
2007-03-30 00:00:00,4772.0
2007-04-02 00:00:00,4771.0
2007-04-03 00:00:00,4878.0
2007-04-04 00:00:00,4866.0
2007-04-05 00:00:00,4911.0
2007-04-10 00:00:00,4975.0
2007-04-11 00:00:00,4953.0
2007-04-12 00:00:00,4919.0
2007-04-13 00:00:00,4998.0
2007-04-16 00:00:00,5091.0
2007-04-17 00:00:00,5039.0
2007-04-18 00:00:00,5090.0
2007-04-19 00:00:00,5100.0
2007-04-20 00:00:00,5248.0
2007-04-23 00:00:00,5284.0
2007-04-24 00:00:00,5246.0
2007-04-25 00:00:00,5321.0
2007-04-26 00:00:00,5366.0
2007-04-27 00:00:00,5306.0
2007-04-30 00:00:00,5305.0
2007-05-02 00:00:00,5306.0
2007-05-03 00:00:00,5281.0
2007-05-04 00:00:00,5341.0
2007-05-07 00:00:00,5336.0
2007-05-08 00:00:00,5270.0
2007-05-09 00:00:00,5313.0
2007-05-10 00:00:00,5276.0
2007-05-11 00:00:00,5325.0
2007-05-14 00:00:00,5298.0
2007-05-15 00:00:00,5294.0
2007-05-16 00:00:00,5254.0
2007-05-18 00:00:00,5322.0
2007-05-21 00:00:00,5308.0
2007-05-22 00:00:00,5273.0
2007-05-23 00:00:00,5337.0
2007-05-24 00:00:00,5252.0
2007-05-25 00:00:00,5278.0
2007-05-29 00:00:00,5300.0
2007-05-30 00:00:00,5284.0
2007-05-31 00:00:00,5348.0
2007-06-01 00:00:00,5426.0
2007-06-04 00:00:00,5386.0
2007-06-05 00:00:00,5302.0
2007-06-06 00:00:00,5165.0
2007-06-07 00:00:00,5039.0
2007-06-08 00:00:00,5048.0
2007-06-11 00:00:00,5117.0
2007-06-12 00:00:00,5060.0
2007-06-13 00:00:00,5040.0
2007-06-14 00:00:00,5181.0
2007-06-15 00:00:00,5276.0
2007-06-18 00:00:00,5240.0
2007-06-19 00:00:00,5210.0
2007-06-20 00:00:00,5240.0
2007-06-21 00:00:00,5106.0
2007-06-22 00:00:00,5044.0
2007-06-25 00:00:00,5029.0
2007-06-26 00:00:00,4951.0
2007-06-27 00:00:00,4902.0
2007-06-28 00:00:00,5024.0
2007-06-29 00:00:00,5102.0
2007-07-02 00:00:00,5061.0
2007-07-03 00:00:00,5120.0
2007-07-04 00:00:00,5174.0
2007-07-05 00:00:00,5096.0
2007-07-06 00:00:00,5125.0
2007-07-09 00:00:00,5161.0
2007-07-10 00:00:00,5125.0
2007-07-11 00:00:00,5084.0
2007-07-12 00:00:00,5125.0
2007-07-13 00:00:00,5134.0
2007-07-16 00:00:00,5168.0
2007-07-17 00:00:00,5078.0
2007-07-18 00:00:00,4925.0
2007-07-19 00:00:00,5062.0
2007-07-20 00:00:00,4975.0
2007-07-23 00:00:00,4993.0
2007-07-24 00:00:00,4917.0
2007-07-25 00:00:00,4790.0
2007-07-26 00:00:00,4565.0
2007-07-27 00:00:00,4545.0
2007-07-30 00:00:00,4560.0
2007-07-31 00:00:00,4731.0
2007-08-02 00:00:00,4628.0
2007-08-03 00:00:00,4525.0
2007-08-06 00:00:00,4503.0
2007-08-07 00:00:00,4602.0
2007-08-08 00:00:00,4800.0
2007-08-09 00:00:00,4675.0
2007-08-10 00:00:00,4418.0
2007-08-13 00:00:00,4534.0
2007-08-14 00:00:00,4385.0
2007-08-15 00:00:00,4501.0
2007-08-16 00:00:00,4270.0
2007-08-17 00:00:00,4390.0
2007-08-20 00:00:00,4434.0
2007-08-21 00:00:00,4452.0
2007-08-22 00:00:00,4563.0
2007-08-23 00:00:00,4592.0
2007-08-24 00:00:00,4622.0
2007-08-27 00:00:00,4694.0
2007-08-28 00:00:00,4558.0
2007-08-29 00:00:00,4570.0
2007-08-30 00:00:00,4620.0
2007-08-31 00:00:00,4730.0
2007-09-03 00:00:00,4710.0
2007-09-04 00:00:00,4811.0
2007-09-05 00:00:00,4682.0
2007-09-06 00:00:00,4668.0
2007-09-07 00:00:00,4501.0
2007-09-10 00:00:00,4448.0
2007-09-11 00:00:00,4551.0
2007-09-12 00:00:00,4615.0
2007-09-13 00:00:00,4705.0
2007-09-14 00:00:00,4598.0
2007-09-17 00:00:00,4515.0
2007-09-18 00:00:00,4592.0
2007-09-19 00:00:00,4813.0
2007-09-20 00:00:00,4723.0
2007-09-21 00:00:00,4726.0
2007-09-24 00:00:00,4733.0
2007-09-25 00:00:00,4670.0
2007-09-26 00:00:00,4675.0
2007-09-27 00:00:00,4730.0
2007-09-28 00:00:00,4765.0
2007-10-01 00:00:00,4839.0
2007-10-02 00:00:00,4888.0
2007-10-03 00:00:00,4909.0
2007-10-04 00:00:00,4866.0
2007-10-05 00:00:00,4885.0
2007-10-08 00:00:00,4912.0
2007-10-09 00:00:00,4957.0
2007-10-10 00:00:00,4995.0
2007-10-11 00:00:00,5026.0
2007-10-12 00:00:00,5018.0
2007-10-15 00:00:00,4980.0
2007-10-16 00:00:00,4875.0
2007-10-17 00:00:00,4877.0
2007-10-18 00:00:00,4837.0
2007-10-19 00:00:00,4745.0
2007-10-22 00:00:00,4646.0
2007-10-23 00:00:00,4696.0
2007-10-24 00:00:00,4653.0
2007-10-25 00:00:00,4710.0
2007-10-26 00:00:00,4764.0
2007-10-29 00:00:00,4808.0
2007-10-30 00:00:00,4721.0
2007-10-31 00:00:00,4813.0
2007-11-01 00:00:00,4699.0
2007-11-02 00:00:00,4573.0
2007-11-05 00:00:00,4500.0
2007-11-06 00:00:00,4561.0
2007-11-07 00:00:00,4502.0
2007-11-08 00:00:00,4395.0
2007-11-09 00:00:00,4215.0
2007-11-12 00:00:00,4222.0
2007-11-13 00:00:00,4280.0
2007-11-14 00:00:00,4399.0
2007-11-15 00:00:00,4380.0
2007-11-16 00:00:00,4265.0
2007-11-19 00:00:00,4057.0
2007-11-20 00:00:00,4105.0
2007-11-21 00:00:00,3917.0
2007-11-22 00:00:00,3998.0
2007-11-23 00:00:00,4145.0
2007-11-26 00:00:00,4150.0
2007-11-27 00:00:00,4203.0
2007-11-28 00:00:00,4425.0
2007-11-29 00:00:00,4513.0
2007-11-30 00:00:00,4613.0
2007-12-03 00:00:00,4492.0
2007-12-04 00:00:00,4424.0
2007-12-05 00:00:00,4530.0
2007-12-06 00:00:00,4513.0
2007-12-07 00:00:00,4573.0
2007-12-10 00:00:00,4663.0
2007-12-11 00:00:00,4628.0
2007-12-12 00:00:00,4621.0
2007-12-13 00:00:00,4421.0
2007-12-14 00:00:00,4435.0
2007-12-17 00:00:00,4297.0
2007-12-18 00:00:00,4235.0
2007-12-19 00:00:00,4161.0
2007-12-20 00:00:00,4169.0
2007-12-21 00:00:00,4244.0
2007-12-27 00:00:00,4260.0
2007-12-28 00:00:00,4229.0
2008-01-03 00:00:00,4081.0
2008-01-04 00:00:00,3881.0
2008-01-07 00:00:00,3850.0
2008-01-08 00:00:00,4074.0
2008-01-09 00:00:00,4097.0
2008-01-10 00:00:00,4047.0
2008-01-11 00:00:00,3909.0
2008-01-14 00:00:00,3939.0
2008-01-15 00:00:00,3722.0
2008-01-16 00:00:00,3599.0
2008-01-17 00:00:00,3533.0
2008-01-18 00:00:00,3449.0
2008-01-21 00:00:00,3035.0
2008-01-22 00:00:00,3222.0
2008-01-23 00:00:00,3109.0
2008-01-24 00:00:00,3427.0
2008-01-25 00:00:00,3420.0
2008-01-28 00:00:00,3323.0
2008-01-29 00:00:00,3436.0
2008-01-30 00:00:00,3401.0
2008-01-31 00:00:00,3399.0
2008-02-01 00:00:00,3514.0
2008-02-04 00:00:00,3480.0
2008-02-05 00:00:00,3254.0
2008-02-06 00:00:00,3297.0
2008-02-07 00:00:00,3149.0
2008-02-08 00:00:00,3199.0
2008-02-11 00:00:00,3062.0
2008-02-12 00:00:00,3265.0
2008-02-13 00:00:00,3254.0
2008-02-14 00:00:00,3229.0
2008-02-15 00:00:00,3111.0
2008-02-18 00:00:00,3207.0
2008-02-19 00:00:00,3209.0
2008-02-20 00:00:00,3108.0
2008-02-21 00:00:00,3214.0
2008-02-22 00:00:00,3160.0
2008-02-25 00:00:00,3328.0
2008-02-26 00:00:00,3449.0
2008-02-27 00:00:00,3500.0
2008-02-28 00:00:00,3388.0
2008-02-29 00:00:00,3289.0
2008-03-03 00:00:00,3139.0
2008-03-04 00:00:00,3024.0
2008-03-05 00:00:00,3074.0
2008-03-06 00:00:00,3020.0
2008-03-07 00:00:00,2934.0
2008-03-10 00:00:00,2827.0
2008-03-11 00:00:00,2895.0
2008-03-12 00:00:00,3012.0
2008-03-13 00:00:00,3007.0
2008-03-14 00:00:00,2908.0
2008-03-17 00:00:00,2528.0
2008-03-18 00:00:00,2779.0
2008-03-19 00:00:00,2819.0
2008-03-20 00:00:00,2763.0
2008-03-25 00:00:00,3000.0
2008-03-26 00:00:00,2937.0
2008-03-27 00:00:00,3014.0
2008-03-28 00:00:00,2994.0
2008-03-31 00:00:00,2983.0
2008-04-01 00:00:00,3257.0
2008-04-02 00:00:00,3352.0
2008-04-03 00:00:00,3271.0
2008-04-04 00:00:00,3327.0
2008-04-07 00:00:00,3397.0
2008-04-08 00:00:00,3335.0
2008-04-09 00:00:00,3182.0
2008-04-10 00:00:00,3080.0
2008-04-11 00:00:00,3027.0
2008-04-14 00:00:00,2912.0
2008-04-15 00:00:00,2952.0
2008-04-16 00:00:00,3055.0
2008-04-17 00:00:00,2968.0
2008-04-18 00:00:00,3208.0
2008-04-21 00:00:00,3218.0
2008-04-22 00:00:00,3123.0
2008-04-23 00:00:00,3131.0
2008-04-24 00:00:00,3252.0
2008-04-25 00:00:00,3325.0
2008-04-28 00:00:00,3376.0
2008-04-29 00:00:00,3281.0
2008-04-30 00:00:00,3342.0
2008-05-02 00:00:00,3500.0
2008-05-05 00:00:00,3512.0
2008-05-06 00:00:00,3397.0
2008-05-07 00:00:00,3489.0
2008-05-08 00:00:00,3442.0
2008-05-09 00:00:00,3332.0
2008-05-13 00:00:00,3432.0
2008-05-14 00:00:00,3440.0
2008-05-15 00:00:00,3518.0
2008-05-16 00:00:00,3501.0
2008-05-19 00:00:00,3622.0
2008-05-20 00:00:00,3480.0
2008-05-21 00:00:00,3427.0
2008-05-22 00:00:00,3417.0
2008-05-23 00:00:00,3312.0
2008-05-26 00:00:00,3222.0
2008-05-27 00:00:00,3262.0
2008-05-28 00:00:00,3320.0
2008-05-29 00:00:00,3377.0
2008-05-30 00:00:00,3362.0
2008-06-02 00:00:00,3402.0
2008-06-03 00:00:00,3431.0
2008-06-04 00:00:00,3345.0
2008-06-05 00:00:00,3407.0
2008-06-06 00:00:00,3217.0
2008-06-09 00:00:00,3175.0
2008-06-10 00:00:00,3127.0
2008-06-11 00:00:00,3011.0
2008-06-12 00:00:00,3050.0
2008-06-13 00:00:00,3096.0
2008-06-16 00:00:00,3079.0
2008-06-17 00:00:00,3087.0
2008-06-18 00:00:00,3015.0
2008-06-19 00:00:00,2963.0
2008-06-20 00:00:00,2894.0
2008-06-23 00:00:00,2853.0
2008-06-24 00:00:00,2848.0
2008-06-25 00:00:00,2908.0
2008-06-26 00:00:00,2765.0
2008-06-27 00:00:00,2690.0
2008-06-30 00:00:00,2783.0
2008-07-01 00:00:00,2659.0
2008-07-02 00:00:00,2659.0
2008-07-03 00:00:00,2664.0
2008-07-04 00:00:00,2598.0
2008-07-07 00:00:00,2628.0
2008-07-08 00:00:00,2601.0
2008-07-09 00:00:00,2733.0
2008-07-10 00:00:00,2621.0
2008-07-11 00:00:00,2443.0
2008-07-14 00:00:00,2485.0
2008-07-15 00:00:00,2383.0
2008-07-16 00:00:00,2408.0
2008-07-17 00:00:00,2543.0
2008-07-18 00:00:00,2634.0
2008-07-21 00:00:00,2671.0
2008-07-22 00:00:00,2725.0
2008-07-23 00:00:00,2868.0
2008-07-24 00:00:00,2863.0
2008-07-25 00:00:00,2823.0
2008-07-28 00:00:00,2779.0
2008-07-29 00:00:00,2810.0
2008-07-30 00:00:00,2933.0
2008-07-31 00:00:00,2965.0
2008-08-04 00:00:00,2893.0
2008-08-05 00:00:00,3013.0
2008-08-06 00:00:00,3021.0
2008-08-07 00:00:00,2993.0
2008-08-08 00:00:00,3066.0
2008-08-11 00:00:00,3153.0
2008-08-12 00:00:00,3119.0
2008-08-13 00:00:00,3009.0
2008-08-14 00:00:00,3021.0
2008-08-15 00:00:00,3042.0
2008-08-18 00:00:00,3061.0
2008-08-19 00:00:00,2915.0
2008-08-20 00:00:00,2904.0
2008-08-21 00:00:00,2810.0
2008-08-22 00:00:00,2912.0
2008-08-25 00:00:00,2862.0
2008-08-26 00:00:00,2898.0
2008-08-27 00:00:00,2900.0
2008-08-28 00:00:00,2992.0
2008-08-29 00:00:00,3037.0
2008-09-01 00:00:00,3037.0
2008-09-02 00:00:00,3104.0
2008-09-03 00:00:00,3055.0
2008-09-04 00:00:00,2887.0
2008-09-05 00:00:00,2780.0
2008-09-08 00:00:00,2963.0
2008-09-09 00:00:00,2985.0
2008-09-10 00:00:00,2921.0
2008-09-11 00:00:00,2872.0
2008-09-12 00:00:00,3016.0
2008-09-15 00:00:00,2757.0
2008-09-16 00:00:00,2522.0
2008-09-17 00:00:00,2446.0
2008-09-18 00:00:00,2423.0
2008-09-19 00:00:00,2784.0
2008-09-22 00:00:00,2708.0
2008-09-23 00:00:00,2611.0
2008-09-24 00:00:00,2586.0
2008-09-25 00:00:00,2736.0
2008-09-26 00:00:00,2636.0
2008-09-29 00:00:00,2310.0
2008-09-30 00:00:00,2471.0
2008-10-01 00:00:00,2544.0
2008-10-02 00:00:00,2518.0
2008-10-03 00:00:00,2656.0
2008-10-06 00:00:00,2276.0
2008-10-07 00:00:00,2212.0
2008-10-08 00:00:00,1874.0
2008-10-09 00:00:00,1660.0
2008-10-10 00:00:00,1155.0
2008-10-13 00:00:00,1746.0
2008-10-14 00:00:00,2041.0
2008-10-15 00:00:00,1714.0
2008-10-16 00:00:00,1514.0
2008-10-17 00:00:00,1868.0
2008-10-20 00:00:00,1998.0
2008-10-21 00:00:00,1968.0
2008-10-22 00:00:00,1709.0
2008-10-23 00:00:00,1676.0
2008-10-24 00:00:00,1439.0
2008-10-27 00:00:00,1242.0
2008-10-28 00:00:00,1329.0
2008-10-29 00:00:00,1651.0
2008-10-30 00:00:00,1637.0
2008-10-31 00:00:00,1904.0
2008-11-03 00:00:00,2006.0
2008-11-04 00:00:00,2156.0
2008-11-05 00:00:00,1951.0
2008-11-06 00:00:00,1703.0
2008-11-07 00:00:00,1783.0
2008-11-10 00:00:00,1856.0
2008-11-11 00:00:00,1673.0
2008-11-12 00:00:00,1453.0
2008-11-13 00:00:00,1513.0
2008-11-14 00:00:00,1596.0
2008-11-17 00:00:00,1411.0
2008-11-18 00:00:00,1446.0
2008-11-19 00:00:00,1284.0
2008-11-20 00:00:00,1086.0
2008-11-21 00:00:00,909.0
2008-11-24 00:00:00,1216.0
2008-11-25 00:00:00,1216.0
2008-11-26 00:00:00,1255.0
2008-11-27 00:00:00,1388.0
2008-11-28 00:00:00,1576.0
2008-12-01 00:00:00,1291.0
2008-12-02 00:00:00,1296.0
2008-12-03 00:00:00,1368.0
2008-12-04 00:00:00,1406.0
2008-12-05 00:00:00,1301.0
2008-12-08 00:00:00,1571.0
2008-12-09 00:00:00,1591.0
2008-12-10 00:00:00,1514.0
2008-12-11 00:00:00,1494.0
2008-12-12 00:00:00,1396.0
2008-12-15 00:00:00,1277.0
2008-12-16 00:00:00,1337.0
2008-12-17 00:00:00,1340.0
2008-12-18 00:00:00,1279.0
2008-12-19 00:00:00,1232.0
2008-12-22 00:00:00,1162.0
2008-12-23 00:00:00,1149.0
2008-12-29 00:00:00,1210.0
2008-12-30 00:00:00,1263.0
2009-01-05 00:00:00,1503.0
2009-01-06 00:00:00,1549.0
2009-01-07 00:00:00,1500.0
2009-01-08 00:00:00,1512.0
2009-01-09 00:00:00,1451.0
2009-01-12 00:00:00,1342.0
2009-01-13 00:00:00,1283.0
2009-01-14 00:00:00,1117.0
2009-01-15 00:00:00,1132.0
2009-01-16 00:00:00,1188.0
2009-01-19 00:00:00,1129.0
2009-01-20 00:00:00,1058.0
2009-01-21 00:00:00,1077.0
2009-01-22 00:00:00,1076.0
2009-01-23 00:00:00,1058.0
2009-01-26 00:00:00,1172.0
2009-01-27 00:00:00,1095.0
2009-01-28 00:00:00,1164.0
2009-01-29 00:00:00,1012.0
2009-01-30 00:00:00,1045.0
2009-02-02 00:00:00,932.0
2009-02-03 00:00:00,966.0
2009-02-04 00:00:00,976.0
2009-02-05 00:00:00,845.0
2009-02-06 00:00:00,874.0
2009-02-09 00:00:00,908.0
2009-02-10 00:00:00,897.0
2009-02-11 00:00:00,862.0
2009-02-12 00:00:00,852.0
2009-02-13 00:00:00,872.0
2009-02-16 00:00:00,817.0
2009-02-17 00:00:00,681.0
2009-02-18 00:00:00,682.0
2009-02-19 00:00:00,740.0
2009-02-20 00:00:00,592.0
2009-02-23 00:00:00,542.0
2009-02-24 00:00:00,473.0
2009-02-25 00:00:00,459.0
2009-02-26 00:00:00,518.0
2009-02-27 00:00:00,480.0
2009-03-02 00:00:00,232.0
2009-03-03 00:00:00,147.0
2009-03-04 00:00:00,247.0
2009-03-05 00:00:00,186.0
2009-03-06 00:00:00,84.0
2009-03-09 00:00:00,93.0
2009-03-10 00:00:00,303.0
2009-03-11 00:00:00,362.0
2009-03-12 00:00:00,405.0
2009-03-13 00:00:00,521.0
2009-03-16 00:00:00,625.0
2009-03-17 00:00:00,592.0
2009-03-18 00:00:00,607.0
2009-03-19 00:00:00,601.0
2009-03-20 00:00:00,602.0
2009-03-23 00:00:00,754.0
2009-03-24 00:00:00,737.0
2009-03-25 00:00:00,782.0
2009-03-26 00:00:00,785.0
2009-03-27 00:00:00,692.0
2009-03-30 00:00:00,560.0
2009-03-31 00:00:00,746.0
2009-04-01 00:00:00,834.0
2009-04-02 00:00:00,998.0
2009-04-03 00:00:00,866.0
2009-04-06 00:00:00,815.0
2009-04-07 00:00:00,799.0
2009-04-08 00:00:00,833.0
2009-04-09 00:00:00,897.0
2009-04-14 00:00:00,922.0
2009-04-15 00:00:00,881.0
2009-04-16 00:00:00,995.0
2009-04-17 00:00:00,1006.0
2009-04-20 00:00:00,886.0
2009-04-21 00:00:00,905.0
2009-04-22 00:00:00,907.0
2009-04-23 00:00:00,856.0
2009-04-24 00:00:00,942.0
2009-04-27 00:00:00,1012.0
2009-04-28 00:00:00,939.0
2009-04-29 00:00:00,1031.0
2009-04-30 00:00:00,1093.0
2009-05-04 00:00:00,1197.0
2009-05-05 00:00:00,1164.0
2009-05-06 00:00:00,1197.0
2009-05-07 00:00:00,1206.0
2009-05-08 00:00:00,1280.0
2009-05-11 00:00:00,1232.0
2009-05-12 00:00:00,1218.0
2009-05-13 00:00:00,1137.0
2009-05-14 00:00:00,1237.0
2009-05-15 00:00:00,1228.0
2009-05-18 00:00:00,1312.0
2009-05-19 00:00:00,1378.0
2009-05-20 00:00:00,1384.0
2009-05-22 00:00:00,1288.0
2009-05-25 00:00:00,1320.0
2009-05-26 00:00:00,1306.0
2009-05-27 00:00:00,1310.0
2009-05-28 00:00:00,1218.0
2009-05-29 00:00:00,1230.0
2009-06-02 00:00:00,1322.0
2009-06-03 00:00:00,1260.0
2009-06-04 00:00:00,1297.0
2009-06-05 00:00:00,1287.0
2009-06-08 00:00:00,1277.0
2009-06-09 00:00:00,1268.0
2009-06-10 00:00:00,1315.0
2009-06-11 00:00:00,1359.0
2009-06-12 00:00:00,1396.0
2009-06-15 00:00:00,1270.0
2009-06-16 00:00:00,1257.0
2009-06-17 00:00:00,1174.0
2009-06-18 00:00:00,1245.0
2009-06-19 00:00:00,1299.0
2009-06-22 00:00:00,1185.0
2009-06-23 00:00:00,1185.0
2009-06-24 00:00:00,1317.0
2009-06-25 00:00:00,1236.0
2009-06-26 00:00:00,1260.0
2009-06-29 00:00:00,1319.0
2009-06-30 00:00:00,1273.0
2009-07-01 00:00:00,1347.0
2009-07-02 00:00:00,1225.0
2009-07-03 00:00:00,1213.0
2009-07-06 00:00:00,1227.0
2009-07-07 00:00:00,1215.0
2009-07-08 00:00:00,1164.0
2009-07-09 00:00:00,1167.0
2009-07-10 00:00:00,1112.0
2009-07-13 00:00:00,1191.0
2009-07-14 00:00:00,1244.0
2009-07-15 00:00:00,1350.0
2009-07-16 00:00:00,1420.0
2009-07-17 00:00:00,1467.0
2009-07-20 00:00:00,1505.0
2009-07-21 00:00:00,1509.0
2009-07-22 00:00:00,1508.0
2009-07-23 00:00:00,1635.0
2009-07-24 00:00:00,1639.0
2009-07-27 00:00:00,1659.0
2009-07-28 00:00:00,1645.0
2009-07-29 00:00:00,1671.0
2009-07-30 00:00:00,1825.0
2009-07-31 00:00:00,1837.0
2009-08-03 00:00:00,1852.0
2009-08-04 00:00:00,1839.0
2009-08-05 00:00:00,1795.0
2009-08-06 00:00:00,1850.0
2009-08-07 00:00:00,1915.0
2009-08-10 00:00:00,1899.0
2009-08-11 00:00:00,1840.0
2009-08-12 00:00:00,1848.0
2009-08-13 00:00:00,1871.0
2009-08-14 00:00:00,1868.0
2009-08-17 00:00:00,1764.0
2009-08-18 00:00:00,1841.0
2009-08-19 00:00:00,1861.0
2009-08-20 00:00:00,1925.0
2009-08-21 00:00:00,2026.0
2009-08-24 00:00:00,2077.0
2009-08-25 00:00:00,2089.0
2009-08-26 00:00:00,2063.0
2009-08-27 00:00:00,2051.0
2009-08-28 00:00:00,2079.0
2009-08-31 00:00:00,2105.0
2009-09-01 00:00:00,2008.0
2009-09-02 00:00:00,1978.0
2009-09-03 00:00:00,1955.0
2009-09-04 00:00:00,1998.0
2009-09-07 00:00:00,2062.0
2009-09-08 00:00:00,2077.0
2009-09-09 00:00:00,2095.0
2009-09-10 00:00:00,2091.0
2009-09-11 00:00:00,2121.0
2009-09-14 00:00:00,2094.0
2009-09-15 00:00:00,2102.0
2009-09-16 00:00:00,2181.0
2009-09-17 00:00:00,2199.0
2009-09-18 00:00:00,2214.0
2009-09-21 00:00:00,2184.0
2009-09-22 00:00:00,2225.0
2009-09-23 00:00:00,2230.0
2009-09-24 00:00:00,2164.0
2009-09-25 00:00:00,2120.0
2009-09-28 00:00:00,2171.0
2009-09-29 00:00:00,2198.0
2009-09-30 00:00:00,2217.0
2009-10-01 00:00:00,2146.0
2009-10-02 00:00:00,2027.0
2009-10-05 00:00:00,2050.0
2009-10-06 00:00:00,2160.0
2009-10-07 00:00:00,2157.0
2009-10-08 00:00:00,2177.0
2009-10-09 00:00:00,2178.0
2009-10-12 00:00:00,2261.0
2009-10-13 00:00:00,2207.0
2009-10-14 00:00:00,2288.0
2009-10-15 00:00:00,2271.0
2009-10-16 00:00:00,2236.0
2009-10-19 00:00:00,2316.0
2009-10-20 00:00:00,2312.0
2009-10-21 00:00:00,2318.0
2009-10-22 00:00:00,2289.0
2009-10-23 00:00:00,2263.0
2009-10-26 00:00:00,2190.0
2009-10-27 00:00:00,2253.0
2009-10-28 00:00:00,2159.0
2009-10-29 00:00:00,2239.0
2009-10-30 00:00:00,2164.0
2009-11-02 00:00:00,2172.0
2009-11-03 00:00:00,2084.0
2009-11-04 00:00:00,2154.0
2009-11-05 00:00:00,2165.0
2009-11-06 00:00:00,2177.0
2009-11-09 00:00:00,2266.0
2009-11-10 00:00:00,2254.0
2009-11-11 00:00:00,2258.0
2009-11-12 00:00:00,2226.0
2009-11-13 00:00:00,2235.0
2009-11-16 00:00:00,2309.0
2009-11-17 00:00:00,2254.0
2009-11-18 00:00:00,2245.0
2009-11-19 00:00:00,2164.0
2009-11-20 00:00:00,2161.0
2009-11-23 00:00:00,2289.0
2009-11-24 00:00:00,2284.0
2009-11-25 00:00:00,2307.0
2009-11-26 00:00:00,2163.0
2009-11-27 00:00:00,2226.0
2009-11-30 00:00:00,2130.0
2009-12-01 00:00:00,2253.0
2009-12-02 00:00:00,2269.0
2009-12-03 00:00:00,2325.0
2009-12-04 00:00:00,2383.0
2009-12-07 00:00:00,2366.0
2009-12-08 00:00:00,2282.0
2009-12-09 00:00:00,2239.0
2009-12-10 00:00:00,2291.0
2009-12-11 00:00:00,2290.0
2009-12-14 00:00:00,2316.0
2009-12-15 00:00:00,2318.0
2009-12-16 00:00:00,2417.0
2009-12-17 00:00:00,2372.0
2009-12-18 00:00:00,2343.0
2009-12-21 00:00:00,2392.0
2009-12-22 00:00:00,2468.0
2009-12-23 00:00:00,2448.0
2009-12-28 00:00:00,2473.0
2009-12-29 00:00:00,2491.0
2009-12-30 00:00:00,2438.0
2010-01-04 00:00:00,2524.0
2010-01-05 00:00:00,2467.0
2010-01-06 00:00:00,2441.0
2010-01-07 00:00:00,2434.0
2010-01-08 00:00:00,2500.0
2010-01-11 00:00:00,2473.0
2010-01-12 00:00:00,2414.0
2010-01-13 00:00:00,2443.0
2010-01-14 00:00:00,2505.0
2010-01-15 00:00:00,2449.0
2010-01-18 00:00:00,2484.0
2010-01-19 00:00:00,2518.0
2010-01-20 00:00:00,2464.0
2010-01-21 00:00:00,2457.0
2010-01-22 00:00:00,2372.0
2010-01-25 00:00:00,2323.0
2010-01-26 00:00:00,2375.0
2010-01-27 00:00:00,2362.0
2010-01-28 00:00:00,2321.0
2010-01-29 00:00:00,2338.0
2010-02-01 00:00:00,2382.0
2010-02-02 00:00:00,2426.0
2010-02-03 00:00:00,2436.0
2010-02-04 00:00:00,2274.0
2010-02-05 00:00:00,2128.0
2010-02-08 00:00:00,2234.0
2010-02-09 00:00:00,2198.0
2010-02-10 00:00:00,2226.0
2010-02-11 00:00:00,2288.0
2010-02-12 00:00:00,2312.0
2010-02-15 00:00:00,2327.0
2010-02-16 00:00:00,2385.0
2010-02-17 00:00:00,2458.0
2010-02-18 00:00:00,2526.0
2010-02-19 00:00:00,2598.0
2010-02-22 00:00:00,2574.0
2010-02-23 00:00:00,2538.0
2010-02-24 00:00:00,2577.0
2010-02-25 00:00:00,2529.0
2010-02-26 00:00:00,2592.0
2010-03-01 00:00:00,2678.0
2010-03-02 00:00:00,2738.0
2010-03-03 00:00:00,2737.0
2010-03-04 00:00:00,2752.0
2010-03-05 00:00:00,2797.0
2010-03-08 00:00:00,2800.0
2010-03-09 00:00:00,2814.0
2010-03-10 00:00:00,2828.0
2010-03-11 00:00:00,2791.0
2010-03-12 00:00:00,2777.0
2010-03-15 00:00:00,2766.0
2010-03-16 00:00:00,2812.0
2010-03-17 00:00:00,2833.0
2010-03-18 00:00:00,2838.0
2010-03-19 00:00:00,2820.0
2010-03-22 00:00:00,2803.0
2010-03-23 00:00:00,2811.0
2010-03-24 00:00:00,2823.0
2010-03-25 00:00:00,2832.0
2010-03-26 00:00:00,2781.0
2010-03-29 00:00:00,2789.0
2010-03-30 00:00:00,2814.0
2010-03-31 00:00:00,2808.0
2010-04-01 00:00:00,2847.0
2010-04-06 00:00:00,2836.0
2010-04-07 00:00:00,2801.0
2010-04-08 00:00:00,2755.0
2010-04-09 00:00:00,2846.0
2010-04-12 00:00:00,2873.0
2010-04-13 00:00:00,2851.0
2010-04-14 00:00:00,2875.0
2010-04-15 00:00:00,2928.0
2010-04-16 00:00:00,2870.0
2010-04-19 00:00:00,2798.0
2010-04-20 00:00:00,2846.0
2010-04-21 00:00:00,2813.0
2010-04-22 00:00:00,2719.0
2010-04-23 00:00:00,2769.0
2010-04-26 00:00:00,2811.0
2010-04-27 00:00:00,2660.0
2010-04-28 00:00:00,2575.0
2010-04-29 00:00:00,2664.0
2010-04-30 00:00:00,2609.0
2010-05-03 00:00:00,2609.0
2010-05-04 00:00:00,2501.0
2010-05-05 00:00:00,2464.0
2010-05-06 00:00:00,2411.0
2010-05-07 00:00:00,2221.0
2010-05-10 00:00:00,2496.0
2010-05-11 00:00:00,2524.0
2010-05-12 00:00:00,2584.0
2010-05-14 00:00:00,2450.0
2010-05-17 00:00:00,2447.0
2010-05-18 00:00:00,2490.0
2010-05-19 00:00:00,2385.0
2010-05-20 00:00:00,2278.0
2010-05-21 00:00:00,2233.0
2010-05-25 00:00:00,2111.0
2010-05-26 00:00:00,2179.0
2010-05-27 00:00:00,2329.0
2010-05-28 00:00:00,2342.0
2010-05-31 00:00:00,2341.0
2010-06-01 00:00:00,2339.0
2010-06-02 00:00:00,2388.0
2010-06-03 00:00:00,2438.0
2010-06-04 00:00:00,2317.0
2010-06-07 00:00:00,2305.0
2010-06-08 00:00:00,2270.0
2010-06-09 00:00:00,2340.0
2010-06-10 00:00:00,2400.0
2010-06-11 00:00:00,2451.0
2010-06-14 00:00:00,2493.0
2010-06-15 00:00:00,2510.0
2010-06-16 00:00:00,2525.0
2010-06-17 00:00:00,2498.0
2010-06-18 00:00:00,2467.0
2010-06-21 00:00:00,2543.0
2010-06-22 00:00:00,2484.0
2010-06-23 00:00:00,2403.0
2010-06-24 00:00:00,2344.0
2010-06-25 00:00:00,2299.0
2010-06-28 00:00:00,2336.0
2010-06-29 00:00:00,2160.0
2010-06-30 00:00:00,2129.0
2010-07-01 00:00:00,1997.0
2010-07-02 00:00:00,1993.0
2010-07-05 00:00:00,1951.0
2010-07-06 00:00:00,2091.0
2010-07-07 00:00:00,2117.0
2010-07-08 00:00:00,2185.0
2010-07-09 00:00:00,2230.0
2010-07-12 00:00:00,2257.0
2010-07-13 00:00:00,2312.0
2010-07-14 00:00:00,2349.0
2010-07-15 00:00:00,2318.0
2010-07-16 00:00:00,2209.0
2010-07-19 00:00:00,2192.0
2010-07-20 00:00:00,2147.0
2010-07-21 00:00:00,2169.0
2010-07-22 00:00:00,2229.0
2010-07-23 00:00:00,2233.0
2010-07-26 00:00:00,2234.0
2010-07-27 00:00:00,2305.0
2010-07-28 00:00:00,2295.0
2010-07-29 00:00:00,2255.0
2010-07-30 00:00:00,2232.0
2010-08-02 00:00:00,2358.0
2010-08-03 00:00:00,2365.0
2010-08-04 00:00:00,2406.0
2010-08-05 00:00:00,2409.0
2010-08-06 00:00:00,2343.0
2010-08-09 00:00:00,2431.0
2010-08-10 00:00:00,2422.0
2010-08-11 00:00:00,2293.0
2010-08-12 00:00:00,2316.0
2010-08-13 00:00:00,2329.0
2010-08-16 00:00:00,2322.0
2010-08-17 00:00:00,2400.0
2010-08-18 00:00:00,2400.0
2010-08-19 00:00:00,2312.0
2010-08-20 00:00:00,2212.0
2010-08-23 00:00:00,2237.0
2010-08-24 00:00:00,2170.0
2010-08-25 00:00:00,2127.0
2010-08-26 00:00:00,2163.0
2010-08-27 00:00:00,2206.0
2010-08-30 00:00:00,2242.0
2010-08-31 00:00:00,2206.0
2010-09-01 00:00:00,2367.0
2010-09-02 00:00:00,2357.0
2010-09-03 00:00:00,2429.0
2010-09-06 00:00:00,2447.0
2010-09-07 00:00:00,2391.0
2010-09-08 00:00:00,2418.0
2010-09-09 00:00:00,2456.0
2010-09-10 00:00:00,2494.0
2010-09-13 00:00:00,2505.0
2010-09-14 00:00:00,2500.0
2010-09-15 00:00:00,2470.0
2010-09-16 00:00:00,2460.0
2010-09-17 00:00:00,2423.0
2010-09-20 00:00:00,2502.0
2010-09-21 00:00:00,2464.0
2010-09-22 00:00:00,2368.0
2010-09-23 00:00:00,2334.0
2010-09-24 00:00:00,2398.0
2010-09-27 00:00:00,2371.0
2010-09-28 00:00:00,2368.0
2010-09-29 00:00:00,2345.0
2010-09-30 00:00:00,2328.0
2010-10-01 00:00:00,2317.0
2010-10-04 00:00:00,2275.0
2010-10-05 00:00:00,2347.0
2010-10-06 00:00:00,2378.0
2010-10-07 00:00:00,2409.0
2010-10-08 00:00:00,2393.0
2010-10-11 00:00:00,2416.0
2010-10-12 00:00:00,2410.0
2010-10-13 00:00:00,2493.0
2010-10-14 00:00:00,2469.0
2010-10-15 00:00:00,2471.0
2010-10-18 00:00:00,2503.0
2010-10-19 00:00:00,2504.0
2010-10-20 00:00:00,2506.0
2010-10-21 00:00:00,2545.0
2010-10-22 00:00:00,2511.0
2010-10-25 00:00:00,2548.0
2010-10-26 00:00:00,2515.0
2010-10-27 00:00:00,2514.0
2010-10-28 00:00:00,2526.0
2010-10-29 00:00:00,2510.0
2010-11-01 00:00:00,2537.0
2010-11-02 00:00:00,2584.0
2010-11-03 00:00:00,2547.0
2010-11-04 00:00:00,2631.0
2010-11-05 00:00:00,2622.0
2010-11-08 00:00:00,2638.0
2010-11-09 00:00:00,2617.0
2010-11-10 00:00:00,2565.0
2010-11-11 00:00:00,2555.0
2010-11-12 00:00:00,2537.0
2010-11-15 00:00:00,2595.0
2010-11-16 00:00:00,2501.0
2010-11-17 00:00:00,2531.0
2010-11-18 00:00:00,2650.0
2010-11-19 00:00:00,2623.0
2010-11-22 00:00:00,2567.0
2010-11-23 00:00:00,2432.0
2010-11-24 00:00:00,2487.0
2010-11-25 00:00:00,2535.0
2010-11-26 00:00:00,2517.0
2010-11-29 00:00:00,2428.0
2010-11-30 00:00:00,2336.0
2010-12-01 00:00:00,2450.0
2010-12-02 00:00:00,2522.0
2010-12-03 00:00:00,2470.0
2010-12-06 00:00:00,2447.0
2010-12-07 00:00:00,2493.0
2010-12-08 00:00:00,2542.0
2010-12-09 00:00:00,2573.0
2010-12-10 00:00:00,2546.0
2010-12-13 00:00:00,2550.0
2010-12-14 00:00:00,2579.0
2010-12-15 00:00:00,2591.0
2010-12-16 00:00:00,2595.0
2010-12-17 00:00:00,2556.0
2010-12-20 00:00:00,2561.0
2010-12-21 00:00:00,2585.0
2010-12-22 00:00:00,2599.0
2010-12-23 00:00:00,2636.0
2010-12-27 00:00:00,2600.0
2010-12-28 00:00:00,2608.0
2010-12-29 00:00:00,2605.0
2010-12-30 00:00:00,2460.0
2011-01-03 00:00:00,2533.0
2011-01-04 00:00:00,2527.0
2011-01-05 00:00:00,2550.0
2011-01-06 00:00:00,2563.0
2011-01-07 00:00:00,2525.0
2011-01-10 00:00:00,2473.0
2011-01-11 00:00:00,2565.0
2011-01-12 00:00:00,2642.0
2011-01-13 00:00:00,2603.0
2011-01-14 00:00:00,2584.0
2011-01-17 00:00:00,2612.0
2011-01-18 00:00:00,2661.0
2011-01-19 00:00:00,2594.0
2011-01-20 00:00:00,2550.0
2011-01-21 00:00:00,2597.0
2011-01-24 00:00:00,2625.0
2011-01-25 00:00:00,2610.0
2011-01-26 00:00:00,2620.0
2011-01-27 00:00:00,2598.0
2011-01-28 00:00:00,2574.0
2011-01-31 00:00:00,2518.0
2011-02-01 00:00:00,2582.0
2011-02-02 00:00:00,2579.0
2011-02-03 00:00:00,2570.0
2011-02-04 00:00:00,2611.0
2011-02-07 00:00:00,2641.0
2011-02-08 00:00:00,2669.0
2011-02-09 00:00:00,2669.0
2011-02-10 00:00:00,2649.0
2011-02-11 00:00:00,2696.0
2011-02-14 00:00:00,2697.0
2011-02-15 00:00:00,2726.0
2011-02-16 00:00:00,2751.0
2011-02-17 00:00:00,2738.0
2011-02-18 00:00:00,2752.0
2011-02-21 00:00:00,2713.0
2011-02-22 00:00:00,2661.0
2011-02-23 00:00:00,2661.0
2011-02-24 00:00:00,2578.0
2011-02-25 00:00:00,2616.0
2011-02-28 00:00:00,2692.0
2011-03-01 00:00:00,2690.0
2011-03-02 00:00:00,2675.0
2011-03-03 00:00:00,2700.0
2011-03-04 00:00:00,2626.0
2011-03-07 00:00:00,2602.0
2011-03-08 00:00:00,2617.0
2011-03-09 00:00:00,2549.0
2011-03-10 00:00:00,2514.0
2011-03-11 00:00:00,2461.0
2011-03-14 00:00:00,2379.0
2011-03-15 00:00:00,2191.0
2011-03-16 00:00:00,2120.0
2011-03-17 00:00:00,2178.0
2011-03-18 00:00:00,2195.0
2011-03-21 00:00:00,2324.0
2011-03-22 00:00:00,2323.0
2011-03-23 00:00:00,2352.0
2011-03-24 00:00:00,2420.0
2011-03-25 00:00:00,2444.0
2011-03-28 00:00:00,2455.0
2011-03-29 00:00:00,2458.0
2011-03-30 00:00:00,2497.0
2011-03-31 00:00:00,2467.0
2011-04-01 00:00:00,2545.0
2011-04-04 00:00:00,2536.0
2011-04-05 00:00:00,2547.0
2011-04-06 00:00:00,2568.0
2011-04-07 00:00:00,2583.0
2011-04-08 00:00:00,2578.0
2011-04-11 00:00:00,2565.0
2011-04-12 00:00:00,2472.0
2011-04-13 00:00:00,2490.0
2011-04-14 00:00:00,2476.0
2011-04-15 00:00:00,2521.0
2011-04-18 00:00:00,2405.0
2011-04-19 00:00:00,2492.0
2011-04-20 00:00:00,2593.0
2011-04-21 00:00:00,2630.0
2011-04-26 00:00:00,2659.0
2011-04-27 00:00:00,2650.0
2011-04-28 00:00:00,2695.0
2011-04-29 00:00:00,2729.0
2011-05-02 00:00:00,2725.0
2011-05-03 00:00:00,2704.0
2011-05-04 00:00:00,2670.0
2011-05-05 00:00:00,2640.0
2011-05-06 00:00:00,2729.0
2011-05-09 00:00:00,2676.0
2011-05-10 00:00:00,2727.0
2011-05-11 00:00:00,2771.0
2011-05-12 00:00:00,2769.0
2011-05-13 00:00:00,2768.0
2011-05-16 00:00:00,2773.0
2011-05-17 00:00:00,2710.0
2011-05-18 00:00:00,2737.0
2011-05-19 00:00:00,2761.0
2011-05-20 00:00:00,2742.0
2011-05-23 00:00:00,2648.0
2011-05-24 00:00:00,2659.0
2011-05-25 00:00:00,2678.0
2011-05-26 00:00:00,2677.0
2011-05-27 00:00:00,2700.0
2011-05-30 00:00:00,2686.0
2011-05-31 00:00:00,2766.0
2011-06-01 00:00:00,2697.0
2011-06-03 00:00:00,2613.0
2011-06-06 00:00:00,2575.0
2011-06-07 00:00:00,2545.0
2011-06-08 00:00:00,2472.0
2011-06-09 00:00:00,2485.0
2011-06-10 00:00:00,2419.0
2011-06-14 00:00:00,2465.0
2011-06-15 00:00:00,2404.0
2011-06-16 00:00:00,2370.0
2011-06-17 00:00:00,2346.0
2011-06-20 00:00:00,2321.0
2011-06-21 00:00:00,2383.0
2011-06-22 00:00:00,2319.0
2011-06-23 00:00:00,2184.0
2011-06-24 00:00:00,2209.0
2011-06-27 00:00:00,2193.0
2011-06-28 00:00:00,2221.0
2011-06-29 00:00:00,2309.0
2011-06-30 00:00:00,2395.0
2011-07-01 00:00:00,2439.0
2011-07-04 00:00:00,2454.0
2011-07-05 00:00:00,2446.0
2011-07-06 00:00:00,2383.0
2011-07-07 00:00:00,2431.0
2011-07-08 00:00:00,2356.0
2011-07-11 00:00:00,2248.0
2011-07-12 00:00:00,2220.0
2011-07-13 00:00:00,2232.0
2011-07-14 00:00:00,2180.0
2011-07-15 00:00:00,2143.0
2011-07-18 00:00:00,2036.0
2011-07-19 00:00:00,2102.0
2011-07-20 00:00:00,2167.0
2011-07-21 00:00:00,2242.0
2011-07-22 00:00:00,2232.0
2011-07-25 00:00:00,2230.0
2011-07-26 00:00:00,2195.0
2011-07-27 00:00:00,2102.0
2011-07-28 00:00:00,2077.0
2011-07-29 00:00:00,2007.0
2011-08-02 00:00:00,1744.0
2011-08-03 00:00:00,1692.0
2011-08-04 00:00:00,1506.0
2011-08-05 00:00:00,1408.0
2011-08-08 00:00:00,1201.0
2011-08-09 00:00:00,1204.0
2011-08-10 00:00:00,978.0
2011-08-11 00:00:00,1228.0
2011-08-12 00:00:00,1442.0
2011-08-15 00:00:00,1520.0
2011-08-16 00:00:00,1563.0
2011-08-17 00:00:00,1621.0
2011-08-18 00:00:00,1390.0
2011-08-19 00:00:00,1306.0
2011-08-22 00:00:00,1353.0
2011-08-23 00:00:00,1415.0
2011-08-24 00:00:00,1537.0
2011-08-25 00:00:00,1495.0
2011-08-26 00:00:00,1533.0
2011-08-29 00:00:00,1646.0
2011-08-30 00:00:00,1634.0
2011-08-31 00:00:00,1707.0
2011-09-01 00:00:00,1734.0
2011-09-02 00:00:00,1562.0
2011-09-05 00:00:00,1344.0
2011-09-06 00:00:00,1571.0
2011-09-07 00:00:00,1686.0
2011-09-08 00:00:00,1733.0
2011-09-09 00:00:00,1640.0
2011-09-12 00:00:00,1503.0
2011-09-13 00:00:00,1556.0
2011-09-14 00:00:00,1612.0
2011-09-15 00:00:00,1630.0
2011-09-16 00:00:00,1655.0
2011-09-19 00:00:00,1579.0
2011-09-20 00:00:00,1664.0
2011-09-21 00:00:00,1671.0
2011-09-22 00:00:00,1493.0
2011-09-23 00:00:00,1505.0
2011-09-26 00:00:00,1609.0
2011-09-27 00:00:00,1757.0
2011-09-28 00:00:00,1759.0
2011-09-29 00:00:00,1803.0
2011-09-30 00:00:00,1725.0
2011-10-03 00:00:00,1698.0
2011-10-04 00:00:00,1637.0
2011-10-05 00:00:00,1693.0
2011-10-06 00:00:00,1839.0
2011-10-07 00:00:00,1858.0
2011-10-10 00:00:00,1913.0
2011-10-11 00:00:00,1943.0
2011-10-12 00:00:00,1986.0
2011-10-13 00:00:00,1922.0
2011-10-14 00:00:00,1967.0
2011-10-17 00:00:00,1926.0
2011-10-18 00:00:00,1884.0
2011-10-19 00:00:00,1911.0
2011-10-20 00:00:00,1876.0
2011-10-21 00:00:00,1968.0
2011-10-24 00:00:00,1999.0
2011-10-25 00:00:00,1911.0
2011-10-26 00:00:00,1909.0
2011-10-27 00:00:00,2019.0
2011-10-28 00:00:00,2068.0
2011-10-31 00:00:00,1946.0
2011-11-01 00:00:00,1806.0
2011-11-02 00:00:00,1819.0
2011-11-03 00:00:00,1879.0
2011-11-04 00:00:00,1875.0
2011-11-07 00:00:00,1853.0
2011-11-08 00:00:00,1887.0
2011-11-09 00:00:00,1825.0
2011-11-10 00:00:00,1778.0
2011-11-11 00:00:00,1859.0
2011-11-14 00:00:00,1878.0
2011-11-15 00:00:00,1879.0
2011-11-16 00:00:00,1905.0
2011-11-17 00:00:00,1855.0
2011-11-18 00:00:00,1830.0
2011-11-21 00:00:00,1693.0
2011-11-22 00:00:00,1663.0
2011-11-23 00:00:00,1604.0
2011-11-24 00:00:00,1576.0
2011-11-25 00:00:00,1602.0
2011-11-28 00:00:00,1724.0
2011-11-29 00:00:00,1751.0
2011-11-30 00:00:00,1845.0
2011-12-01 00:00:00,1897.0
2011-12-02 00:00:00,1925.0
2011-12-05 00:00:00,1944.0
2011-12-06 00:00:00,1988.0
2011-12-07 00:00:00,1984.0
2011-12-08 00:00:00,1939.0
2011-12-09 00:00:00,2007.0
2011-12-12 00:00:00,1967.0
2011-12-13 00:00:00,1983.0
2011-12-14 00:00:00,1941.0
2011-12-15 00:00:00,1994.0
2011-12-16 00:00:00,1926.0
2011-12-19 00:00:00,1974.0
2011-12-20 00:00:00,2015.0
2011-12-21 00:00:00,2011.0
2011-12-22 00:00:00,2029.0
2011-12-23 00:00:00,2111.0
2011-12-27 00:00:00,2099.0
2011-12-28 00:00:00,2113.0
2011-12-29 00:00:00,2101.0
2011-12-30 00:00:00,2177.0
2012-01-03 00:00:00,2272.0
2012-01-04 00:00:00,2265.0
2012-01-05 00:00:00,2226.0
2012-01-06 00:00:00,2223.0
2012-01-09 00:00:00,2204.0
2012-01-10 00:00:00,2274.0
2012-01-11 00:00:00,2221.0
2012-01-12 00:00:00,2226.0
2012-01-13 00:00:00,2207.0
2012-01-16 00:00:00,2252.0
2012-01-17 00:00:00,2270.0
2012-01-18 00:00:00,2337.0
2012-01-19 00:00:00,2406.0
2012-01-20 00:00:00,2336.0
2012-01-23 00:00:00,2345.0
2012-01-24 00:00:00,2347.0
2012-01-25 00:00:00,2287.0
2012-01-26 00:00:00,2304.0
2012-01-27 00:00:00,2249.0
2012-01-30 00:00:00,2192.0
2012-01-31 00:00:00,2173.0
2012-02-01 00:00:00,2287.0
2012-02-02 00:00:00,2285.0
2012-02-03 00:00:00,2372.0
2012-02-06 00:00:00,2361.0
2012-02-07 00:00:00,2379.0
2012-02-08 00:00:00,2372.0
2012-02-09 00:00:00,2386.0
2012-02-10 00:00:00,2348.0
2012-02-13 00:00:00,2389.0
2012-02-14 00:00:00,2378.0
2012-02-15 00:00:00,2419.0
2012-02-16 00:00:00,2435.0
2012-02-17 00:00:00,2456.0
2012-02-20 00:00:00,2455.0
2012-02-21 00:00:00,2452.0
2012-02-22 00:00:00,2417.0
2012-02-23 00:00:00,2413.0
2012-02-24 00:00:00,2403.0
2012-02-27 00:00:00,2405.0
2012-02-28 00:00:00,2384.0
2012-02-29 00:00:00,2370.0
2012-03-01 00:00:00,2388.0
2012-03-02 00:00:00,2412.0
2012-03-05 00:00:00,2408.0
2012-03-06 00:00:00,2310.0
2012-03-07 00:00:00,2364.0
2012-03-08 00:00:00,2437.0
2012-03-09 00:00:00,2474.0
2012-03-12 00:00:00,2476.0
2012-03-13 00:00:00,2544.0
2012-03-14 00:00:00,2593.0
2012-03-15 00:00:00,2618.0
2012-03-16 00:00:00,2627.0
2012-03-19 00:00:00,2622.0
2012-03-20 00:00:00,2580.0
2012-03-21 00:00:00,2579.0
2012-03-22 00:00:00,2532.0
2012-03-23 00:00:00,2532.0
2012-03-26 00:00:00,2566.0
2012-03-27 00:00:00,2551.0
2012-03-28 00:00:00,2538.0
2012-03-29 00:00:00,2464.0
2012-03-30 00:00:00,2517.0
2012-04-02 00:00:00,2605.0
2012-04-03 00:00:00,2576.0
2012-04-04 00:00:00,2460.0
2012-04-05 00:00:00,2471.0
2012-04-10 00:00:00,2379.0
2012-04-11 00:00:00,2368.0
2012-04-12 00:00:00,2442.0
2012-04-13 00:00:00,2378.0
2012-04-16 00:00:00,2429.0
2012-04-17 00:00:00,2511.0
2012-04-18 00:00:00,2491.0
2012-04-19 00:00:00,2526.0
2012-04-20 00:00:00,2550.0
2012-04-23 00:00:00,2476.0
2012-04-24 00:00:00,2488.0
2012-04-25 00:00:00,2515.0
2012-04-26 00:00:00,2481.0
2012-04-27 00:00:00,2484.0
2012-04-30 00:00:00,2465.0
2012-05-02 00:00:00,2497.0
2012-05-03 00:00:00,2473.0
2012-05-04 00:00:00,2432.0
2012-05-07 00:00:00,2421.0
2012-05-08 00:00:00,2364.0
2012-05-09 00:00:00,2329.0
2012-05-10 00:00:00,2314.0
2012-05-11 00:00:00,2348.0
2012-05-14 00:00:00,2262.0
2012-05-15 00:00:00,2263.0
2012-05-16 00:00:00,2264.0
2012-05-18 00:00:00,2195.0
2012-05-21 00:00:00,2213.0
2012-05-22 00:00:00,2300.0
2012-05-23 00:00:00,2218.0
2012-05-24 00:00:00,2254.0
2012-05-25 00:00:00,2267.0
2012-05-29 00:00:00,2309.0
2012-05-30 00:00:00,2296.0
2012-05-31 00:00:00,2227.0
2012-06-01 00:00:00,2170.0
2012-06-04 00:00:00,2105.0
2012-06-05 00:00:00,2106.0
2012-06-06 00:00:00,2223.0
2012-06-07 00:00:00,2264.0
2012-06-08 00:00:00,2264.0
2012-06-11 00:00:00,2254.0
2012-06-12 00:00:00,2326.0
2012-06-13 00:00:00,2323.0
2012-06-14 00:00:00,2306.0
2012-06-15 00:00:00,2285.0
2012-06-18 00:00:00,2326.0
2012-06-19 00:00:00,2429.0
2012-06-20 00:00:00,2407.0
2012-06-21 00:00:00,2411.0
2012-06-22 00:00:00,2381.0
2012-06-25 00:00:00,2331.0
2012-06-26 00:00:00,2354.0
2012-06-27 00:00:00,2389.0
2012-06-28 00:00:00,2371.0
2012-06-29 00:00:00,2455.0
2012-07-02 00:00:00,2505.0
2012-07-03 00:00:00,2579.0
2012-07-04 00:00:00,2596.0
2012-07-05 00:00:00,2595.0
2012-07-06 00:00:00,2580.0
2012-07-09 00:00:00,2547.0
2012-07-10 00:00:00,2593.0
2012-07-11 00:00:00,2568.0
2012-07-12 00:00:00,2543.0
2012-07-13 00:00:00,2579.0
2012-07-16 00:00:00,2589.0
2012-07-17 00:00:00,2599.0
2012-07-18 00:00:00,2661.0
2012-07-19 00:00:00,2722.0
2012-07-20 00:00:00,2674.0
2012-07-23 00:00:00,2573.0
2012-07-24 00:00:00,2572.0
2012-07-25 00:00:00,2571.0
2012-07-26 00:00:00,2670.0
2012-07-27 00:00:00,2754.0
2012-07-30 00:00:00,2799.0
2012-07-31 00:00:00,2796.0
2012-08-02 00:00:00,2786.0
2012-08-03 00:00:00,2851.0
2012-08-06 00:00:00,2859.0
2012-08-07 00:00:00,2851.0
2012-08-08 00:00:00,2844.0
2012-08-09 00:00:00,2899.0
2012-08-10 00:00:00,2878.0
2012-08-13 00:00:00,2856.0
2012-08-14 00:00:00,2900.0
2012-08-15 00:00:00,2902.0
2012-08-16 00:00:00,2914.0
2012-08-17 00:00:00,2923.0
2012-08-20 00:00:00,2899.0
2012-08-21 00:00:00,2914.0
2012-08-22 00:00:00,2860.0
2012-08-23 00:00:00,2841.0
2012-08-24 00:00:00,2874.0
2012-08-27 00:00:00,2885.0
2012-08-28 00:00:00,2821.0
2012-08-29 00:00:00,2810.0
2012-08-30 00:00:00,2778.0
2012-08-31 00:00:00,2794.0
2012-09-03 00:00:00,2832.0
2012-09-04 00:00:00,2757.0
2012-09-05 00:00:00,2823.0
2012-09-06 00:00:00,2922.0
2012-09-07 00:00:00,2923.0
2012-09-10 00:00:00,2905.0
2012-09-11 00:00:00,2904.0
2012-09-12 00:00:00,2890.0
2012-09-13 00:00:00,2912.0
2012-09-14 00:00:00,2955.0
2012-09-17 00:00:00,2954.0
2012-09-18 00:00:00,2938.0
2012-09-19 00:00:00,2967.0
2012-09-20 00:00:00,2959.0
2012-09-21 00:00:00,3004.0
2012-09-24 00:00:00,2992.0
2012-09-25 00:00:00,3018.0
2012-09-26 00:00:00,2942.0
2012-09-27 00:00:00,2949.0
2012-09-28 00:00:00,2906.0
2012-10-01 00:00:00,3004.0
2012-10-02 00:00:00,3016.0
2012-10-03 00:00:00,2996.0
2012-10-04 00:00:00,3028.0
2012-10-05 00:00:00,3071.0
2012-10-08 00:00:00,3054.0
2012-10-09 00:00:00,3051.0
2012-10-10 00:00:00,3030.0
2012-10-11 00:00:00,3057.0
2012-10-12 00:00:00,3057.0
2012-10-15 00:00:00,3104.0
2012-10-16 00:00:00,3169.0
2012-10-17 00:00:00,3194.0
2012-10-18 00:00:00,3178.0
2012-10-19 00:00:00,3147.0
2012-10-22 00:00:00,3138.0
2012-10-23 00:00:00,3027.0
2012-10-24 00:00:00,3021.0
2012-10-25 00:00:00,3005.0
2012-10-26 00:00:00,3003.0
2012-10-29 00:00:00,2993.0
2012-10-30 00:00:00,3043.0
2012-10-31 00:00:00,2993.0
2012-11-01 00:00:00,3048.0
2012-11-02 00:00:00,3093.0
2012-11-05 00:00:00,3104.0
2012-11-06 00:00:00,3141.0
2012-11-07 00:00:00,3094.0
2012-11-08 00:00:00,3115.0
2012-11-09 00:00:00,3115.0
2012-11-12 00:00:00,3097.0
2012-11-13 00:00:00,3126.0
2012-11-14 00:00:00,3073.0
2012-11-15 00:00:00,2973.0
2012-11-16 00:00:00,2906.0
2012-11-19 00:00:00,3043.0
2012-11-20 00:00:00,3021.0
2012-11-21 00:00:00,3042.0
2012-11-22 00:00:00,3078.0
2012-11-23 00:00:00,3115.0
2012-11-26 00:00:00,3073.0
2012-11-27 00:00:00,3108.0
2012-11-28 00:00:00,3156.0
2012-11-29 00:00:00,3222.0
2012-11-30 00:00:00,3216.0
2012-12-03 00:00:00,3240.0
2012-12-04 00:00:00,3251.0
2012-12-05 00:00:00,3240.0
2012-12-06 00:00:00,3308.0
2012-12-07 00:00:00,3319.0
2012-12-10 00:00:00,3345.0
2012-12-11 00:00:00,3380.0
2012-12-12 00:00:00,3357.0
2012-12-13 00:00:00,3323.0
2012-12-14 00:00:00,3309.0
2012-12-17 00:00:00,3309.0
2012-12-18 00:00:00,3325.0
2012-12-19 00:00:00,3360.0
2012-12-20 00:00:00,3312.0
2012-12-21 00:00:00,3294.0
2012-12-27 00:00:00,3273.0
2012-12-28 00:00:00,3226.0
2013-01-03 00:00:00,3431.0
2013-01-04 00:00:00,3448.0
2013-01-07 00:00:00,3448.0
2013-01-08 00:00:00,3475.0
2013-01-09 00:00:00,3545.0
2013-01-10 00:00:00,3544.0
2013-01-11 00:00:00,3589.0
2013-01-14 00:00:00,3601.0
2013-01-15 00:00:00,3675.0
2013-01-16 00:00:00,3716.0
2013-01-17 00:00:00,3824.0
2013-01-18 00:00:00,3770.0
2013-01-21 00:00:00,3739.0
2013-01-22 00:00:00,3709.0
2013-01-23 00:00:00,3790.0
2013-01-24 00:00:00,3860.0
2013-01-25 00:00:00,3857.0
2013-01-28 00:00:00,3886.0
2013-01-29 00:00:00,3866.0
2013-01-30 00:00:00,3789.0
2013-01-31 00:00:00,3819.0
2013-02-01 00:00:00,3827.0
2013-02-04 00:00:00,3761.0
2013-02-05 00:00:00,3807.0
2013-02-06 00:00:00,3829.0
2013-02-07 00:00:00,3740.0
2013-02-08 00:00:00,3790.0
2013-02-11 00:00:00,3816.0
2013-02-12 00:00:00,3822.0
2013-02-13 00:00:00,3884.0
2013-02-14 00:00:00,3885.0
2013-02-15 00:00:00,3911.0
2013-02-18 00:00:00,3893.0
2013-02-19 00:00:00,3981.0
2013-02-20 00:00:00,4028.0
2013-02-21 00:00:00,3898.0
2013-02-22 00:00:00,3956.0
2013-02-25 00:00:00,3997.0
2013-02-26 00:00:00,3900.0
2013-02-27 00:00:00,3939.0
2013-02-28 00:00:00,4040.0
2013-03-01 00:00:00,4053.0
2013-03-04 00:00:00,4036.0
2013-03-05 00:00:00,4175.0
2013-03-06 00:00:00,4140.0
2013-03-07 00:00:00,4179.0
2013-03-08 00:00:00,4214.0
2013-03-11 00:00:00,4228.0
2013-03-12 00:00:00,4285.0
2013-03-13 00:00:00,4247.0
2013-03-14 00:00:00,4308.0
2013-03-15 00:00:00,4336.0
2013-03-18 00:00:00,4311.0
2013-03-19 00:00:00,4268.0
2013-03-20 00:00:00,4328.0
2013-03-21 00:00:00,4239.0
2013-03-22 00:00:00,4223.0
2013-03-25 00:00:00,4247.0
2013-03-26 00:00:00,4262.0
2013-03-27 00:00:00,4254.0
2013-03-28 00:00:00,4277.0
2013-04-02 00:00:00,4386.0
2013-04-03 00:00:00,4350.0
2013-04-04 00:00:00,4230.0
2013-04-05 00:00:00,4104.0
2013-04-08 00:00:00,4196.0
2013-04-09 00:00:00,4147.0
2013-04-10 00:00:00,4282.0
2013-04-11 00:00:00,4324.0
2013-04-12 00:00:00,4272.0
2013-04-15 00:00:00,4303.0
2013-04-16 00:00:00,4269.0
2013-04-17 00:00:00,4085.0
2013-04-18 00:00:00,4132.0
2013-04-19 00:00:00,4170.0
2013-04-22 00:00:00,4172.0
2013-04-23 00:00:00,4349.0
2013-04-24 00:00:00,4415.0
2013-04-25 00:00:00,4453.0
2013-04-26 00:00:00,4415.0
2013-04-29 00:00:00,4478.0
2013-04-30 00:00:00,4463.0
2013-05-02 00:00:00,4479.0
2013-05-03 00:00:00,4511.0
2013-05-06 00:00:00,4507.0
2013-05-07 00:00:00,4558.0
2013-05-08 00:00:00,4688.0
2013-05-10 00:00:00,4762.0
2013-05-13 00:00:00,4720.0
2013-05-14 00:00:00,4767.0
2013-05-15 00:00:00,4899.0
2013-05-16 00:00:00,4835.0
2013-05-17 00:00:00,4844.0
2013-05-21 00:00:00,4885.0
2013-05-22 00:00:00,4983.0
2013-05-23 00:00:00,4767.0
2013-05-24 00:00:00,4757.0
2013-05-27 00:00:00,4746.0
2013-05-28 00:00:00,4816.0
2013-05-29 00:00:00,4605.0
2013-05-30 00:00:00,4609.0
2013-05-31 00:00:00,4557.0
2013-06-03 00:00:00,4378.0
2013-06-04 00:00:00,4455.0
2013-06-05 00:00:00,4331.0
2013-06-06 00:00:00,4210.0
2013-06-07 00:00:00,4368.0
2013-06-10 00:00:00,4380.0
2013-06-11 00:00:00,4248.0
2013-06-12 00:00:00,4250.0
2013-06-13 00:00:00,4204.0
2013-06-14 00:00:00,4216.0
2013-06-17 00:00:00,4319.0
2013-06-18 00:00:00,4283.0
2013-06-19 00:00:00,4316.0
2013-06-20 00:00:00,4070.0
2013-06-21 00:00:00,3993.0
2013-06-24 00:00:00,3845.0
2013-06-25 00:00:00,3967.0
2013-06-26 00:00:00,4136.0
2013-06-27 00:00:00,4272.0
2013-06-28 00:00:00,4246.0
2013-07-01 00:00:00,4311.0
2013-07-02 00:00:00,4296.0
2013-07-03 00:00:00,4249.0
2013-07-04 00:00:00,4421.0
2013-07-05 00:00:00,4363.0
2013-07-08 00:00:00,4441.0
2013-07-09 00:00:00,4518.0
2013-07-10 00:00:00,4544.0
2013-07-11 00:00:00,4568.0
2013-07-12 00:00:00,4564.0
2013-07-15 00:00:00,4580.0
2013-07-16 00:00:00,4520.0
2013-07-17 00:00:00,4504.0
2013-07-18 00:00:00,4518.0
2013-07-19 00:00:00,4504.0
2013-07-22 00:00:00,4516.0
2013-07-23 00:00:00,4480.0
2013-07-24 00:00:00,4512.0
2013-07-25 00:00:00,4443.0
2013-07-26 00:00:00,4375.0
2013-07-29 00:00:00,4390.0
2013-07-30 00:00:00,4389.0
2013-07-31 00:00:00,4412.0
2013-08-02 00:00:00,4537.0
2013-08-05 00:00:00,4549.0
2013-08-06 00:00:00,4604.0
2013-08-07 00:00:00,4556.0
2013-08-08 00:00:00,4533.0
2013-08-09 00:00:00,4546.0
2013-08-12 00:00:00,4580.0
2013-08-13 00:00:00,4619.0
2013-08-14 00:00:00,4664.0
2013-08-15 00:00:00,4553.0
2013-08-16 00:00:00,4541.0
2013-08-19 00:00:00,4521.0
2013-08-20 00:00:00,4520.0
2013-08-21 00:00:00,4455.0
2013-08-22 00:00:00,4571.0
2013-08-23 00:00:00,4589.0
2013-08-26 00:00:00,4615.0
2013-08-27 00:00:00,4485.0
2013-08-28 00:00:00,4354.0
2013-08-29 00:00:00,4350.0
2013-08-30 00:00:00,4355.0
2013-09-02 00:00:00,4474.0
2013-09-03 00:00:00,4449.0
2013-09-04 00:00:00,4454.0
2013-09-05 00:00:00,4499.0
2013-09-06 00:00:00,4530.0
2013-09-09 00:00:00,4517.0
2013-09-10 00:00:00,4631.0
2013-09-11 00:00:00,4635.0
2013-09-12 00:00:00,4614.0
2013-09-13 00:00:00,4622.0
2013-09-16 00:00:00,4618.0
2013-09-17 00:00:00,4600.0
2013-09-18 00:00:00,4634.0
2013-09-19 00:00:00,4687.0
2013-09-20 00:00:00,4681.0
2013-09-23 00:00:00,4650.0
2013-09-24 00:00:00,4640.0
2013-09-25 00:00:00,4648.0
2013-09-26 00:00:00,4645.0
2013-09-27 00:00:00,4635.0
2013-09-30 00:00:00,4605.0
2013-10-01 00:00:00,4645.0
2013-10-02 00:00:00,4539.0
2013-10-03 00:00:00,4515.0
2013-10-04 00:00:00,4533.0
2013-10-07 00:00:00,4464.0
2013-10-08 00:00:00,4407.0
2013-10-09 00:00:00,4327.0
2013-10-10 00:00:00,4428.0
2013-10-11 00:00:00,4526.0
2013-10-14 00:00:00,4508.0
2013-10-15 00:00:00,4576.0
2013-10-16 00:00:00,4568.0
2013-10-17 00:00:00,4601.0
2013-10-18 00:00:00,4658.0
2013-10-21 00:00:00,4708.0
2013-10-22 00:00:00,4794.0
2013-10-23 00:00:00,4792.0
2013-10-24 00:00:00,4819.0
2013-10-25 00:00:00,4818.0
2013-10-28 00:00:00,4866.0
2013-10-29 00:00:00,4816.0
2013-10-30 00:00:00,4808.0
2013-10-31 00:00:00,4835.0
2013-11-01 00:00:00,4795.0
2013-11-04 00:00:00,4776.0
2013-11-05 00:00:00,4730.0
2013-11-06 00:00:00,4817.0
2013-11-07 00:00:00,4806.0
2013-11-08 00:00:00,4814.0
2013-11-11 00:00:00,4856.0
2013-11-12 00:00:00,4848.0
2013-11-13 00:00:00,4818.0
2013-11-14 00:00:00,4894.0
2013-11-15 00:00:00,4914.0
2013-11-18 00:00:00,4931.0
2013-11-19 00:00:00,4888.0
2013-11-20 00:00:00,4868.0
2013-11-21 00:00:00,4859.0
2013-11-22 00:00:00,4844.0
2013-11-25 00:00:00,4892.0
2013-11-26 00:00:00,4842.0
2013-11-27 00:00:00,4845.0
2013-11-28 00:00:00,4839.0
2013-11-29 00:00:00,4862.0
2013-12-02 00:00:00,4848.0
2013-12-03 00:00:00,4684.0
2013-12-04 00:00:00,4621.0
2013-12-05 00:00:00,4609.0
2013-12-06 00:00:00,4663.0
2013-12-09 00:00:00,4653.0
2013-12-10 00:00:00,4563.0
2013-12-11 00:00:00,4533.0
2013-12-12 00:00:00,4430.0
2013-12-13 00:00:00,4420.0
2013-12-16 00:00:00,4443.0
2013-12-17 00:00:00,4431.0
2013-12-18 00:00:00,4476.0
2013-12-19 00:00:00,4601.0
2013-12-20 00:00:00,4672.0
2013-12-23 00:00:00,4688.0
2013-12-27 00:00:00,4817.0
2013-12-30 00:00:00,4770.0
2014-01-03 00:00:00,4864.0
2014-01-06 00:00:00,4845.0
2014-01-07 00:00:00,4913.0
2014-01-08 00:00:00,4919.0
2014-01-09 00:00:00,4871.0
2014-01-10 00:00:00,4952.0
2014-01-13 00:00:00,5002.0
2014-01-14 00:00:00,4971.0
2014-01-15 00:00:00,5012.0
2014-01-16 00:00:00,5039.0
2014-01-17 00:00:00,5058.0
2014-01-20 00:00:00,5058.0
2014-01-21 00:00:00,5044.0
2014-01-22 00:00:00,5043.0
2014-01-23 00:00:00,4996.0
2014-01-24 00:00:00,4766.0
2014-01-27 00:00:00,4707.0
2014-01-28 00:00:00,4760.0
2014-01-29 00:00:00,4707.0
2014-01-30 00:00:00,4777.0
2014-01-31 00:00:00,4746.0
2014-02-03 00:00:00,4680.0
2014-02-04 00:00:00,4677.0
2014-02-05 00:00:00,4692.0
2014-02-06 00:00:00,4797.0
2014-02-07 00:00:00,4893.0
2014-02-10 00:00:00,4896.0
2014-02-11 00:00:00,4935.0
2014-02-12 00:00:00,4984.0
2014-02-13 00:00:00,4964.0
2014-02-14 00:00:00,5004.0
2014-02-17 00:00:00,4998.0
2014-02-18 00:00:00,4993.0
2014-02-19 00:00:00,4980.0
2014-02-20 00:00:00,4966.0
2014-02-21 00:00:00,5008.0
2014-02-24 00:00:00,5051.0
2014-02-25 00:00:00,5082.0
2014-02-26 00:00:00,5103.0
2014-02-27 00:00:00,5096.0
2014-02-28 00:00:00,5091.0
2014-03-03 00:00:00,4908.0
2014-03-04 00:00:00,5070.0
2014-03-05 00:00:00,5083.0
2014-03-06 00:00:00,5146.0
2014-03-07 00:00:00,5044.0
2014-03-10 00:00:00,5023.0
2014-03-11 00:00:00,5012.0
2014-03-12 00:00:00,4964.0
2014-03-13 00:00:00,4879.0
2014-03-14 00:00:00,4785.0
2014-03-17 00:00:00,4829.0
2014-03-18 00:00:00,4911.0
2014-03-19 00:00:00,4894.0
2014-03-20 00:00:00,4913.0
2014-03-21 00:00:00,4973.0
2014-03-24 00:00:00,4873.0
2014-03-25 00:00:00,4966.0
2014-03-26 00:00:00,4998.0
2014-03-27 00:00:00,4983.0
2014-03-28 00:00:00,5030.0
2014-03-31 00:00:00,5115.0
2014-04-01 00:00:00,5117.0
2014-04-02 00:00:00,5177.0
2014-04-03 00:00:00,5186.0
2014-04-04 00:00:00,5181.0
2014-04-07 00:00:00,5095.0
2014-04-08 00:00:00,5108.0
2014-04-09 00:00:00,5088.0
2014-04-10 00:00:00,5109.0
2014-04-11 00:00:00,4996.0
2014-04-14 00:00:00,5036.0
2014-04-15 00:00:00,5014.0
2014-04-16 00:00:00,5055.0
2014-04-17 00:00:00,5104.0
2014-04-22 00:00:00,5213.0
2014-04-23 00:00:00,5191.0
2014-04-24 00:00:00,5153.0
2014-04-25 00:00:00,5110.0
2014-04-28 00:00:00,5134.0
2014-04-29 00:00:00,5200.0
2014-04-30 00:00:00,5211.0
2014-05-02 00:00:00,5181.0
2014-05-05 00:00:00,5163.0
2014-05-06 00:00:00,5153.0
2014-05-07 00:00:00,5177.0
2014-05-08 00:00:00,5228.0
2014-05-09 00:00:00,5255.0
2014-05-12 00:00:00,5315.0
2014-05-13 00:00:00,5315.0
2014-05-14 00:00:00,5382.0
2014-05-15 00:00:00,5413.0
2014-05-16 00:00:00,5448.0
2014-05-19 00:00:00,5442.0
2014-05-20 00:00:00,5422.0
2014-05-21 00:00:00,5443.0
2014-05-22 00:00:00,5475.0
2014-05-23 00:00:00,5505.0
2014-05-26 00:00:00,5488.0
2014-05-27 00:00:00,5499.0
2014-05-28 00:00:00,5499.0
2014-05-30 00:00:00,5449.0
2014-06-02 00:00:00,5477.0
2014-06-03 00:00:00,5449.0
2014-06-04 00:00:00,5428.0
2014-06-05 00:00:00,5437.0
2014-06-06 00:00:00,5436.0
2014-06-10 00:00:00,5538.0
2014-06-11 00:00:00,5476.0
2014-06-12 00:00:00,5458.0
2014-06-13 00:00:00,5435.0
2014-06-16 00:00:00,5438.0
2014-06-17 00:00:00,5458.0
2014-06-18 00:00:00,5438.0
2014-06-19 00:00:00,5449.0
2014-06-20 00:00:00,5504.0
2014-06-23 00:00:00,5423.0
2014-06-24 00:00:00,5454.0
2014-06-25 00:00:00,5382.0
2014-06-26 00:00:00,5322.0
2014-06-27 00:00:00,5338.0
2014-06-30 00:00:00,5337.0
2014-07-01 00:00:00,5405.0
2014-07-02 00:00:00,5390.0
2014-07-03 00:00:00,5480.0
2014-07-04 00:00:00,5467.0
2014-07-07 00:00:00,5389.0
2014-07-08 00:00:00,5344.0
2014-07-09 00:00:00,5320.0
2014-07-10 00:00:00,5266.0
2014-07-11 00:00:00,5246.0
2014-07-14 00:00:00,5364.0
2014-07-15 00:00:00,5360.0
2014-07-16 00:00:00,5400.0
2014-07-17 00:00:00,5353.0
2014-07-18 00:00:00,5310.0
2014-07-21 00:00:00,5291.0
2014-07-22 00:00:00,5379.0
2014-07-23 00:00:00,5372.0
2014-07-24 00:00:00,5420.0
2014-07-25 00:00:00,5347.0
2014-07-28 00:00:00,5305.0
2014-07-29 00:00:00,5320.0
2014-07-30 00:00:00,5276.0
2014-07-31 00:00:00,5203.0
2014-08-04 00:00:00,5080.0
2014-08-05 00:00:00,5136.0
2014-08-06 00:00:00,5073.0
2014-08-07 00:00:00,5077.0
2014-08-08 00:00:00,5056.0
2014-08-11 00:00:00,5114.0
2014-08-12 00:00:00,5110.0
2014-08-13 00:00:00,5162.0
2014-08-14 00:00:00,5214.0
2014-08-15 00:00:00,5188.0
2014-08-18 00:00:00,5231.0
2014-08-19 00:00:00,5306.0
2014-08-20 00:00:00,5305.0
2014-08-21 00:00:00,5359.0
2014-08-22 00:00:00,5329.0
2014-08-25 00:00:00,5402.0
2014-08-26 00:00:00,5461.0
2014-08-27 00:00:00,5455.0
2014-08-28 00:00:00,5411.0
2014-08-29 00:00:00,5426.0
2014-09-01 00:00:00,5530.0
2014-09-02 00:00:00,5542.0
2014-09-03 00:00:00,5611.0
2014-09-04 00:00:00,5620.0
2014-09-05 00:00:00,5572.0
2014-09-08 00:00:00,5592.0
2014-09-09 00:00:00,5617.0
2014-09-10 00:00:00,5597.0
2014-09-11 00:00:00,5605.0
2014-09-12 00:00:00,5567.0
2014-09-15 00:00:00,5577.0
2014-09-16 00:00:00,5571.0
2014-09-17 00:00:00,5606.0
2014-09-18 00:00:00,5611.0
2014-09-19 00:00:00,5615.0
2014-09-22 00:00:00,5598.0
2014-09-23 00:00:00,5558.0
2014-09-24 00:00:00,5588.0
2014-09-25 00:00:00,5548.0
2014-09-26 00:00:00,5569.0
2014-09-29 00:00:00,5566.0
2014-09-30 00:00:00,5629.0
2014-10-01 00:00:00,5576.0
2014-10-02 00:00:00,5447.0
2014-10-03 00:00:00,5476.0
2014-10-06 00:00:00,5514.0
2014-10-07 00:00:00,5350.0
2014-10-08 00:00:00,5285.0
2014-10-09 00:00:00,5271.0
2014-10-10 00:00:00,5165.0
2014-10-13 00:00:00,5123.0
2014-10-14 00:00:00,5138.0
2014-10-15 00:00:00,4943.0
2014-10-16 00:00:00,4817.0
2014-10-17 00:00:00,5060.0
2014-10-20 00:00:00,5068.0
2014-10-21 00:00:00,5175.0
2014-10-22 00:00:00,5291.0
2014-10-23 00:00:00,5326.0
2014-10-24 00:00:00,5305.0
2014-10-27 00:00:00,5308.0
2014-10-28 00:00:00,5421.0
2014-10-29 00:00:00,5433.0
2014-10-30 00:00:00,5506.0
2014-10-31 00:00:00,5618.0
2014-11-03 00:00:00,5536.0
2014-11-04 00:00:00,5501.0
2014-11-05 00:00:00,5637.0
2014-11-06 00:00:00,5646.0
2014-11-07 00:00:00,5593.0
2014-11-10 00:00:00,5647.0
2014-11-11 00:00:00,5693.0
2014-11-12 00:00:00,5645.0
2014-11-13 00:00:00,5733.0
2014-11-14 00:00:00,5691.0
2014-11-17 00:00:00,5721.0
2014-11-18 00:00:00,5762.0
2014-11-19 00:00:00,5763.0
2014-11-20 00:00:00,5774.0
2014-11-21 00:00:00,5870.0
2014-11-24 00:00:00,5848.0
2014-11-25 00:00:00,5836.0
2014-11-26 00:00:00,5848.0
2014-11-27 00:00:00,5914.0
2014-11-28 00:00:00,5945.0
2014-12-01 00:00:00,5927.0
2014-12-02 00:00:00,5938.0
2014-12-03 00:00:00,5952.0
2014-12-04 00:00:00,5910.0
2014-12-05 00:00:00,6002.0
2014-12-08 00:00:00,5990.0
2014-12-09 00:00:00,5832.0
2014-12-10 00:00:00,5818.0
2014-12-11 00:00:00,5852.0
2014-12-12 00:00:00,5697.0
2014-12-15 00:00:00,5512.0
2014-12-16 00:00:00,5571.0
2014-12-17 00:00:00,5572.0
2014-12-18 00:00:00,5797.0
2014-12-19 00:00:00,5792.0
2014-12-22 00:00:00,5821.0
2014-12-23 00:00:00,5814.0
2014-12-29 00:00:00,5810.0
2014-12-30 00:00:00,5774.0
2015-01-05 00:00:00,5746.0
2015-01-06 00:00:00,5655.0
2015-01-07 00:00:00,5680.0
2015-01-08 00:00:00,5934.0
2015-01-09 00:00:00,5877.0
2015-01-12 00:00:00,5925.0
2015-01-13 00:00:00,6051.0
2015-01-14 00:00:00,5969.0
2015-01-15 00:00:00,5170.0
2015-01-16 00:00:00,4686.0
2015-01-19 00:00:00,4907.0
2015-01-20 00:00:00,4954.0
2015-01-21 00:00:00,4770.0
2015-01-22 00:00:00,4768.0
2015-01-23 00:00:00,4925.0
2015-01-26 00:00:00,5075.0
2015-01-27 00:00:00,5159.0
2015-01-28 00:00:00,5124.0
2015-01-29 00:00:00,5183.0
2015-01-30 00:00:00,5173.0
2015-02-02 00:00:00,5191.0
2015-02-03 00:00:00,5202.0
2015-02-04 00:00:00,5386.0
2015-02-05 00:00:00,5299.0
2015-02-06 00:00:00,5371.0
2015-02-09 00:00:00,5388.0
2015-02-10 00:00:00,5379.0
2015-02-11 00:00:00,5339.0
2015-02-12 00:00:00,5385.0
2015-02-13 00:00:00,5428.0
2015-02-16 00:00:00,5490.0
2015-02-17 00:00:00,5520.0
2015-02-18 00:00:00,5577.0
2015-02-19 00:00:00,5682.0
2015-02-20 00:00:00,5650.0
2015-02-23 00:00:00,5762.0
2015-02-24 00:00:00,5759.0
2015-02-25 00:00:00,5754.0
2015-02-26 00:00:00,5836.0
2015-02-27 00:00:00,5800.0
2015-03-02 00:00:00,5825.0
2015-03-03 00:00:00,5781.0
2015-03-04 00:00:00,5825.0
2015-03-05 00:00:00,5896.0
2015-03-06 00:00:00,5945.0
2015-03-09 00:00:00,5904.0
2015-03-10 00:00:00,5891.0
2015-03-11 00:00:00,5981.0
2015-03-12 00:00:00,5988.0
2015-03-13 00:00:00,6019.0
2015-03-16 00:00:00,6114.0
2015-03-17 00:00:00,6074.0
2015-03-18 00:00:00,6139.0
2015-03-19 00:00:00,6182.0
2015-03-20 00:00:00,6263.0
2015-03-23 00:00:00,6233.0
2015-03-24 00:00:00,6188.0
2015-03-25 00:00:00,6073.0
2015-03-26 00:00:00,5951.0
2015-03-27 00:00:00,5961.0
2015-03-30 00:00:00,6101.0
2015-03-31 00:00:00,6027.0
2015-04-01 00:00:00,6029.0
2015-04-02 00:00:00,6005.0
2015-04-07 00:00:00,6160.0
2015-04-08 00:00:00,6146.0
2015-04-09 00:00:00,6285.0
2015-04-10 00:00:00,6381.0
2015-04-13 00:00:00,6335.0
2015-04-14 00:00:00,6314.0
2015-04-15 00:00:00,6347.0
2015-04-16 00:00:00,6313.0
2015-04-17 00:00:00,6157.0
2015-04-20 00:00:00,6205.0
2015-04-21 00:00:00,6265.0
2015-04-22 00:00:00,6300.0
2015-04-23 00:00:00,6280.0
2015-04-24 00:00:00,6267.0
2015-04-27 00:00:00,6303.0
2015-04-28 00:00:00,6216.0
2015-04-29 00:00:00,6103.0
2015-04-30 00:00:00,6045.0
2015-05-04 00:00:00,6080.0
2015-05-05 00:00:00,6037.0
2015-05-06 00:00:00,5865.0
2015-05-07 00:00:00,5872.0
2015-05-08 00:00:00,6089.0
2015-05-11 00:00:00,6121.0
2015-05-12 00:00:00,6055.0
2015-05-13 00:00:00,6049.0
2015-05-15 00:00:00,6125.0
2015-05-18 00:00:00,6198.0
2015-05-19 00:00:00,6316.0
2015-05-20 00:00:00,6345.0
2015-05-21 00:00:00,6386.0
2015-05-22 00:00:00,6379.0
2015-05-26 00:00:00,6269.0
2015-05-27 00:00:00,6426.0
2015-05-28 00:00:00,6408.0
2015-05-29 00:00:00,6298.0
2015-06-01 00:00:00,6297.0
2015-06-02 00:00:00,6215.0
2015-06-03 00:00:00,6281.0
2015-06-04 00:00:00,6259.0
2015-06-05 00:00:00,6127.0
2015-06-08 00:00:00,6089.0
2015-06-09 00:00:00,6006.0
2015-06-10 00:00:00,6134.0
2015-06-11 00:00:00,6156.0
2015-06-12 00:00:00,6055.0
2015-06-15 00:00:00,5970.0
2015-06-16 00:00:00,6006.0
2015-06-17 00:00:00,5954.0
2015-06-18 00:00:00,5904.0
2015-06-19 00:00:00,5913.0
2015-06-22 00:00:00,6045.0
2015-06-23 00:00:00,6175.0
2015-06-24 00:00:00,6101.0
2015-06-25 00:00:00,6076.0
2015-06-26 00:00:00,6045.0
2015-06-29 00:00:00,5890.0
2015-06-30 00:00:00,5843.0
2015-07-01 00:00:00,5933.0
2015-07-02 00:00:00,5991.0
2015-07-03 00:00:00,5947.0
2015-07-06 00:00:00,5885.0
2015-07-07 00:00:00,5801.0
2015-07-08 00:00:00,5882.0
2015-07-09 00:00:00,6011.0
2015-07-10 00:00:00,6155.0
2015-07-13 00:00:00,6279.0
2015-07-14 00:00:00,6348.0
2015-07-15 00:00:00,6377.0
2015-07-16 00:00:00,6465.0
2015-07-17 00:00:00,6464.0
2015-07-20 00:00:00,6508.0
2015-07-21 00:00:00,6398.0
2015-07-22 00:00:00,6315.0
2015-07-23 00:00:00,6419.0
2015-07-24 00:00:00,6348.0
2015-07-27 00:00:00,6211.0
2015-07-28 00:00:00,6297.0
2015-07-29 00:00:00,6422.0
2015-07-30 00:00:00,6428.0
2015-07-31 00:00:00,6462.0
2015-08-03 00:00:00,6498.0
2015-08-04 00:00:00,6505.0
2015-08-05 00:00:00,6575.0
2015-08-06 00:00:00,6498.0
2015-08-07 00:00:00,6441.0
2015-08-10 00:00:00,6558.0
2015-08-11 00:00:00,6465.0
2015-08-12 00:00:00,6195.0
2015-08-13 00:00:00,6384.0
2015-08-14 00:00:00,6385.0
2015-08-17 00:00:00,6440.0
2015-08-18 00:00:00,6447.0
2015-08-19 00:00:00,6293.0
2015-08-20 00:00:00,6133.0
2015-08-21 00:00:00,5879.0
2015-08-24 00:00:00,5540.0
2015-08-25 00:00:00,5808.0
2015-08-26 00:00:00,5601.0
2015-08-27 00:00:00,5859.0
2015-08-28 00:00:00,5829.0
2015-08-31 00:00:00,5818.0
2015-09-01 00:00:00,5668.0
2015-09-02 00:00:00,5686.0
2015-09-03 00:00:00,5839.0
2015-09-04 00:00:00,5690.0
2015-09-07 00:00:00,5746.0
2015-09-08 00:00:00,5817.0
2015-09-09 00:00:00,5924.0
2015-09-10 00:00:00,5814.0
2015-09-11 00:00:00,5815.0
2015-09-14 00:00:00,5739.0
2015-09-15 00:00:00,5836.0
2015-09-16 00:00:00,5900.0
2015-09-17 00:00:00,5912.0
2015-09-18 00:00:00,5810.0
2015-09-21 00:00:00,5853.0
2015-09-22 00:00:00,5534.0
2015-09-23 00:00:00,5538.0
2015-09-24 00:00:00,5343.0
2015-09-25 00:00:00,5573.0
2015-09-28 00:00:00,5432.0
2015-09-29 00:00:00,5377.0
2015-09-30 00:00:00,5558.0
2015-10-01 00:00:00,5563.0
2015-10-02 00:00:00,5559.0
2015-10-05 00:00:00,5781.0
2015-10-06 00:00:00,5817.0
2015-10-07 00:00:00,5693.0
2015-10-08 00:00:00,5717.0
2015-10-09 00:00:00,5734.0
2015-10-12 00:00:00,5748.0
2015-10-13 00:00:00,5721.0
2015-10-14 00:00:00,5613.0
2015-10-15 00:00:00,5708.0
2015-10-16 00:00:00,5777.0
2015-10-19 00:00:00,5771.0
2015-10-20 00:00:00,5708.0
2015-10-21 00:00:00,5661.0
2015-10-22 00:00:00,5856.0
2015-10-23 00:00:00,5976.0
2015-10-26 00:00:00,5971.0
2015-10-27 00:00:00,5919.0
2015-10-28 00:00:00,5997.0
2015-10-29 00:00:00,6008.0
2015-10-30 00:00:00,6001.0
2015-11-02 00:00:00,5984.0
2015-11-03 00:00:00,5996.0
2015-11-04 00:00:00,6015.0
2015-11-05 00:00:00,6056.0
2015-11-06 00:00:00,6032.0
2015-11-09 00:00:00,5947.0
2015-11-10 00:00:00,5910.0
2015-11-11 00:00:00,5945.0
2015-11-12 00:00:00,5900.0
2015-11-13 00:00:00,5794.0
2015-11-16 00:00:00,5791.0
2015-11-17 00:00:00,6007.0
2015-11-18 00:00:00,6051.0
2015-11-19 00:00:00,6059.0
2015-11-20 00:00:00,6084.0
2015-11-23 00:00:00,5996.0
2015-11-24 00:00:00,5857.0
2015-11-25 00:00:00,6037.0
2015-11-26 00:00:00,6034.0
2015-11-27 00:00:00,6074.0
2015-11-30 00:00:00,6076.0
2015-12-01 00:00:00,6045.0
2015-12-02 00:00:00,6101.0
2015-12-03 00:00:00,5917.0
2015-12-04 00:00:00,5868.0
2015-12-07 00:00:00,5890.0
2015-12-08 00:00:00,5780.0
2015-12-09 00:00:00,5688.0
2015-12-10 00:00:00,5700.0
2015-12-11 00:00:00,5591.0
2015-12-14 00:00:00,5454.0
2015-12-15 00:00:00,5654.0
2015-12-16 00:00:00,5666.0
2015-12-17 00:00:00,5719.0
2015-12-18 00:00:00,5706.0
2015-12-21 00:00:00,5651.0
2015-12-22 00:00:00,5604.0
2015-12-23 00:00:00,5785.0
2015-12-28 00:00:00,5809.0
2015-12-29 00:00:00,5959.0
2015-12-30 00:00:00,5913.0
2016-01-04 00:00:00,5680.0
2016-01-05 00:00:00,5766.0
2016-01-06 00:00:00,5675.0
2016-01-07 00:00:00,5516.0
2016-01-08 00:00:00,5349.0
2016-01-11 00:00:00,5302.0
2016-01-12 00:00:00,5406.0
2016-01-13 00:00:00,5495.0
2016-01-14 00:00:00,5374.0
2016-01-15 00:00:00,5154.0
2016-01-18 00:00:00,5172.0
2016-01-19 00:00:00,5271.0
2016-01-20 00:00:00,5042.0
2016-01-21 00:00:00,5117.0
2016-01-22 00:00:00,5340.0
2016-01-25 00:00:00,5294.0
2016-01-26 00:00:00,5385.0
2016-01-27 00:00:00,5369.0
2016-01-28 00:00:00,5232.0
2016-01-29 00:00:00,5365.0
2016-02-01 00:00:00,5376.0
2016-02-02 00:00:00,5264.0
2016-02-03 00:00:00,5200.0
2016-02-04 00:00:00,5077.0
2016-02-05 00:00:00,5052.0
2016-02-08 00:00:00,4841.0
2016-02-09 00:00:00,4655.0
2016-02-10 00:00:00,4825.0
2016-02-11 00:00:00,4597.0
2016-02-12 00:00:00,4694.0
2016-02-15 00:00:00,4921.0
2016-02-16 00:00:00,4882.0
2016-02-17 00:00:00,5020.0
2016-02-18 00:00:00,4979.0
2016-02-19 00:00:00,4939.0
2016-02-22 00:00:00,5040.0
2016-02-23 00:00:00,4882.0
2016-02-24 00:00:00,4757.0
2016-02-25 00:00:00,4900.0
2016-02-26 00:00:00,5029.0
2016-02-29 00:00:00,4971.0
2016-03-01 00:00:00,5083.0
2016-03-02 00:00:00,5140.0
2016-03-03 00:00:00,5126.0
2016-03-04 00:00:00,5142.0
2016-03-07 00:00:00,5175.0
2016-03-08 00:00:00,5131.0
2016-03-09 00:00:00,5129.0
2016-03-10 00:00:00,5095.0
2016-03-11 00:00:00,5166.0
2016-03-14 00:00:00,5187.0
2016-03-15 00:00:00,5108.0
2016-03-16 00:00:00,5081.0
2016-03-17 00:00:00,5024.0
2016-03-18 00:00:00,4976.0
2016-03-21 00:00:00,5012.0
2016-03-22 00:00:00,5015.0
2016-03-23 00:00:00,5066.0
2016-03-24 00:00:00,4944.0
2016-03-29 00:00:00,4970.0
2016-03-30 00:00:00,5035.0
2016-03-31 00:00:00,4992.0
2016-04-01 00:00:00,4872.0
2016-04-04 00:00:00,4934.0
2016-04-05 00:00:00,4856.0
2016-04-06 00:00:00,4964.0
2016-04-07 00:00:00,4945.0
2016-04-08 00:00:00,5016.0
2016-04-11 00:00:00,4983.0
2016-04-12 00:00:00,5037.0
2016-04-13 00:00:00,5170.0
2016-04-14 00:00:00,5262.0
2016-04-15 00:00:00,5250.0
2016-04-18 00:00:00,5293.0
2016-04-19 00:00:00,5407.0
2016-04-20 00:00:00,5432.0
2016-04-21 00:00:00,5413.0
2016-04-22 00:00:00,5358.0
2016-04-25 00:00:00,5346.0
2016-04-26 00:00:00,5357.0
2016-04-27 00:00:00,5351.0
2016-04-28 00:00:00,5374.0
2016-04-29 00:00:00,5225.0
2016-05-02 00:00:00,5261.0
2016-05-03 00:00:00,5129.0
2016-05-04 00:00:00,5037.0
2016-05-06 00:00:00,4998.0
2016-05-09 00:00:00,5109.0
2016-05-10 00:00:00,5223.0
2016-05-11 00:00:00,5215.0
2016-05-12 00:00:00,5175.0
2016-05-13 00:00:00,5225.0
2016-05-17 00:00:00,5209.0
2016-05-18 00:00:00,5260.0
2016-05-19 00:00:00,5220.0
2016-05-20 00:00:00,5325.0
2016-05-23 00:00:00,5349.0
2016-05-24 00:00:00,5456.0
2016-05-25 00:00:00,5496.0
2016-05-26 00:00:00,5547.0
2016-05-27 00:00:00,5611.0
2016-05-30 00:00:00,5605.0
2016-05-31 00:00:00,5501.0
2016-06-01 00:00:00,5509.0
2016-06-02 00:00:00,5539.0
2016-06-03 00:00:00,5465.0
2016-06-06 00:00:00,5498.0
2016-06-07 00:00:00,5524.0
2016-06-08 00:00:00,5449.0
2016-06-09 00:00:00,5389.0
2016-06-10 00:00:00,5241.0
2016-06-13 00:00:00,5117.0
2016-06-14 00:00:00,4976.0
2016-06-15 00:00:00,5025.0
2016-06-16 00:00:00,4931.0
2016-06-17 00:00:00,5053.0
2016-06-20 00:00:00,5217.0
2016-06-21 00:00:00,5270.0
2016-06-22 00:00:00,5301.0
2016-06-23 00:00:00,5334.0
2016-06-24 00:00:00,5107.0
2016-06-27 00:00:00,4896.0
2016-06-28 00:00:00,5103.0
2016-06-29 00:00:00,5273.0
2016-06-30 00:00:00,5333.0
2016-07-01 00:00:00,5399.0
2016-07-04 00:00:00,5370.0
2016-07-05 00:00:00,5251.0
2016-07-06 00:00:00,5236.0
2016-07-07 00:00:00,5291.0
2016-07-08 00:00:00,5357.0
2016-07-11 00:00:00,5459.0
2016-07-12 00:00:00,5476.0
2016-07-13 00:00:00,5470.0
2016-07-14 00:00:00,5516.0
2016-07-15 00:00:00,5484.0
2016-07-18 00:00:00,5523.0
2016-07-19 00:00:00,5450.0
2016-07-20 00:00:00,5536.0
2016-07-21 00:00:00,5529.0
2016-07-22 00:00:00,5530.0
2016-07-25 00:00:00,5532.0
2016-07-26 00:00:00,5571.0
2016-07-27 00:00:00,5571.0
2016-07-28 00:00:00,5442.0
2016-07-29 00:00:00,5486.0
2016-08-02 00:00:00,5354.0
2016-08-03 00:00:00,5352.0
2016-08-04 00:00:00,5428.0
2016-08-05 00:00:00,5547.0
2016-08-08 00:00:00,5511.0
2016-08-09 00:00:00,5579.0
2016-08-10 00:00:00,5545.0
2016-08-11 00:00:00,5634.0
2016-08-12 00:00:00,5634.0
2016-08-15 00:00:00,5644.0
2016-08-16 00:00:00,5567.0
2016-08-17 00:00:00,5496.0
2016-08-18 00:00:00,5536.0
2016-08-19 00:00:00,5469.0
2016-08-22 00:00:00,5501.0
2016-08-23 00:00:00,5555.0
2016-08-24 00:00:00,5533.0
2016-08-25 00:00:00,5489.0
2016-08-26 00:00:00,5513.0
2016-08-29 00:00:00,5526.0
2016-08-30 00:00:00,5594.0
2016-08-31 00:00:00,5534.0
2016-09-01 00:00:00,5484.0
2016-09-02 00:00:00,5627.0
2016-09-05 00:00:00,5661.0
2016-09-06 00:00:00,5653.0
2016-09-07 00:00:00,5669.0
2016-09-08 00:00:00,5665.0
2016-09-09 00:00:00,5602.0
2016-09-12 00:00:00,5545.0
2016-09-13 00:00:00,5537.0
2016-09-14 00:00:00,5512.0
2016-09-15 00:00:00,5525.0
2016-09-16 00:00:00,5481.0
2016-09-19 00:00:00,5547.0
2016-09-20 00:00:00,5601.0
2016-09-21 00:00:00,5583.0
2016-09-22 00:00:00,5680.0
2016-09-23 00:00:00,5617.0
2016-09-26 00:00:00,5536.0
2016-09-27 00:00:00,5520.0
2016-09-28 00:00:00,5584.0
2016-09-29 00:00:00,5508.0
2016-09-30 00:00:00,5492.0
2016-10-03 00:00:00,5513.0
2016-10-04 00:00:00,5572.0
2016-10-05 00:00:00,5567.0
2016-10-06 00:00:00,5530.0
2016-10-07 00:00:00,5480.0
2016-10-10 00:00:00,5543.0
2016-10-11 00:00:00,5502.0
2016-10-12 00:00:00,5443.0
2016-10-13 00:00:00,5358.0
2016-10-14 00:00:00,5466.0
2016-10-17 00:00:00,5377.0
2016-10-18 00:00:00,5438.0
2016-10-19 00:00:00,5457.0
2016-10-20 00:00:00,5445.0
2016-10-21 00:00:00,5399.0
2016-10-24 00:00:00,5361.0
2016-10-25 00:00:00,5297.0
2016-10-26 00:00:00,5245.0
2016-10-27 00:00:00,5295.0
2016-10-28 00:00:00,5272.0
2016-10-31 00:00:00,5206.0
2016-11-01 00:00:00,5136.0
2016-11-02 00:00:00,5074.0
2016-11-03 00:00:00,5017.0
2016-11-04 00:00:00,4966.0
2016-11-07 00:00:00,5093.0
2016-11-08 00:00:00,5100.0
2016-11-09 00:00:00,5259.0
2016-11-10 00:00:00,5257.0
2016-11-11 00:00:00,5227.0
2016-11-14 00:00:00,5251.0
2016-11-15 00:00:00,5257.0
2016-11-16 00:00:00,5286.0
2016-11-17 00:00:00,5329.0
2016-11-18 00:00:00,5298.0
2016-11-21 00:00:00,5238.0
2016-11-22 00:00:00,5134.0
2016-11-23 00:00:00,5131.0
2016-11-24 00:00:00,5166.0
2016-11-25 00:00:00,5260.0
2016-11-28 00:00:00,5189.0
2016-11-29 00:00:00,5212.0
2016-11-30 00:00:00,5255.0
2016-12-01 00:00:00,5132.0
2016-12-02 00:00:00,5165.0
2016-12-05 00:00:00,5230.0
2016-12-06 00:00:00,5283.0
2016-12-07 00:00:00,5294.0
2016-12-08 00:00:00,5329.0
2016-12-09 00:00:00,5489.0
2016-12-12 00:00:00,5412.0
2016-12-13 00:00:00,5546.0
2016-12-14 00:00:00,5508.0
2016-12-15 00:00:00,5594.0
2016-12-16 00:00:00,5609.0
2016-12-19 00:00:00,5613.0
2016-12-20 00:00:00,5639.0
2016-12-21 00:00:00,5602.0
2016-12-22 00:00:00,5620.0
2016-12-23 00:00:00,5613.0
2016-12-27 00:00:00,5654.0
2016-12-28 00:00:00,5641.0
2016-12-29 00:00:00,5631.0
2016-12-30 00:00:00,5649.0
2017-01-03 00:00:00,5685.0
2017-01-04 00:00:00,5725.0
2017-01-05 00:00:00,5768.0
2017-01-06 00:00:00,5805.0
2017-01-09 00:00:00,5818.0
2017-01-10 00:00:00,5830.0
2017-01-11 00:00:00,5855.0
2017-01-12 00:00:00,5752.0
2017-01-13 00:00:00,5831.0
2017-01-16 00:00:00,5758.0
2017-01-17 00:00:00,5689.0
2017-01-18 00:00:00,5685.0
2017-01-19 00:00:00,5642.0
2017-01-20 00:00:00,5656.0
2017-01-23 00:00:00,5601.0
2017-01-24 00:00:00,5636.0
2017-01-25 00:00:00,5759.0
2017-01-26 00:00:00,5818.0
2017-01-27 00:00:00,5756.0
2017-01-30 00:00:00,5722.0
2017-01-31 00:00:00,5693.0
2017-02-01 00:00:00,5741.0
2017-02-02 00:00:00,5688.0
2017-02-03 00:00:00,5764.0
2017-02-06 00:00:00,5722.0
2017-02-07 00:00:00,5774.0
2017-02-08 00:00:00,5764.0
2017-02-09 00:00:00,5821.0
2017-02-10 00:00:00,5844.0
2017-02-13 00:00:00,5870.0
2017-02-14 00:00:00,5824.0
2017-02-15 00:00:00,5883.0
2017-02-16 00:00:00,5856.0
2017-02-17 00:00:00,5900.0
2017-02-20 00:00:00,5918.0
2017-02-21 00:00:00,5982.0
2017-02-22 00:00:00,5984.0
2017-02-23 00:00:00,5977.0
2017-02-24 00:00:00,5920.0
2017-02-27 00:00:00,5918.0
2017-02-28 00:00:00,5919.0
2017-03-01 00:00:00,6023.0
2017-03-02 00:00:00,6104.0
2017-03-03 00:00:00,6100.0
2017-03-06 00:00:00,6100.0
2017-03-07 00:00:00,6071.0
2017-03-08 00:00:00,6075.0
2017-03-09 00:00:00,6078.0
2017-03-10 00:00:00,6098.0
2017-03-13 00:00:00,6125.0
2017-03-14 00:00:00,6110.0
2017-03-15 00:00:00,6126.0
2017-03-16 00:00:00,6126.0
2017-03-17 00:00:00,6167.0
2017-03-20 00:00:00,6167.0
2017-03-21 00:00:00,6090.0
2017-03-22 00:00:00,6046.0
2017-03-23 00:00:00,6100.0
2017-03-24 00:00:00,6089.0
2017-03-27 00:00:00,6067.0
2017-03-28 00:00:00,6097.0
2017-03-29 00:00:00,6146.0
2017-03-30 00:00:00,6194.0
2017-03-31 00:00:00,6167.0
2017-04-03 00:00:00,6139.0
2017-04-04 00:00:00,6157.0
2017-04-05 00:00:00,6170.0
2017-04-06 00:00:00,6145.0
2017-04-07 00:00:00,6149.0
2017-04-10 00:00:00,6160.0
2017-04-11 00:00:00,6183.0
2017-04-12 00:00:00,6210.0
2017-04-13 00:00:00,6170.0
2017-04-18 00:00:00,6085.0
2017-04-19 00:00:00,6083.0
2017-04-20 00:00:00,6117.0
2017-04-21 00:00:00,6118.0
2017-04-24 00:00:00,6268.0
2017-04-25 00:00:00,6357.0
2017-04-26 00:00:00,6402.0
2017-04-27 00:00:00,6430.0
2017-04-28 00:00:00,6376.0
2017-05-02 00:00:00,6432.0
2017-05-03 00:00:00,6467.0
2017-05-04 00:00:00,6538.0
2017-05-05 00:00:00,6592.0
2017-05-08 00:00:00,6644.0
2017-05-09 00:00:00,6734.0
2017-05-10 00:00:00,6690.0
2017-05-11 00:00:00,6685.0
2017-05-12 00:00:00,6727.0
2017-05-15 00:00:00,6722.0
2017-05-16 00:00:00,6752.0
2017-05-17 00:00:00,6606.0
2017-05-18 00:00:00,6549.0
2017-05-19 00:00:00,6639.0
2017-05-22 00:00:00,6711.0
2017-05-23 00:00:00,6677.0
2017-05-24 00:00:00,6660.0
2017-05-26 00:00:00,6672.0
2017-05-29 00:00:00,6668.0
2017-05-30 00:00:00,6643.0
2017-05-31 00:00:00,6648.0
2017-06-01 00:00:00,6657.0
2017-06-02 00:00:00,6663.0
2017-06-06 00:00:00,6535.0
2017-06-07 00:00:00,6529.0
2017-06-08 00:00:00,6445.0
2017-06-09 00:00:00,6477.0
2017-06-12 00:00:00,6444.0
2017-06-13 00:00:00,6495.0
2017-06-14 00:00:00,6495.0
2017-06-15 00:00:00,6465.0
2017-06-16 00:00:00,6576.0
2017-06-19 00:00:00,6648.0
2017-06-20 00:00:00,6659.0
2017-06-21 00:00:00,6593.0
2017-06-22 00:00:00,6665.0
2017-06-23 00:00:00,6665.0
2017-06-26 00:00:00,6742.0
2017-06-27 00:00:00,6704.0
2017-06-28 00:00:00,6700.0
2017-06-29 00:00:00,6578.0
2017-06-30 00:00:00,6533.0
2017-07-03 00:00:00,6652.0
2017-07-04 00:00:00,6628.0
2017-07-05 00:00:00,6582.0
2017-07-06 00:00:00,6506.0
2017-07-07 00:00:00,6507.0
2017-07-10 00:00:00,6582.0
2017-07-11 00:00:00,6515.0
2017-07-12 00:00:00,6653.0
2017-07-13 00:00:00,6643.0
2017-07-14 00:00:00,6659.0
2017-07-17 00:00:00,6670.0
2017-07-18 00:00:00,6598.0
2017-07-19 00:00:00,6674.0
2017-07-20 00:00:00,6648.0
2017-07-21 00:00:00,6581.0
2017-07-24 00:00:00,6541.0
2017-07-25 00:00:00,6582.0
2017-07-26 00:00:00,6635.0
2017-07-27 00:00:00,6665.0
2017-07-28 00:00:00,6656.0
2017-07-31 00:00:00,6682.0
2017-08-02 00:00:00,6752.0
2017-08-03 00:00:00,6789.0
2017-08-04 00:00:00,6817.0
2017-08-07 00:00:00,6797.0
2017-08-08 00:00:00,6819.0
2017-08-09 00:00:00,6654.0
2017-08-10 00:00:00,6589.0
2017-08-11 00:00:00,6525.0
2017-08-14 00:00:00,6665.0
2017-08-15 00:00:00,6645.0
2017-08-16 00:00:00,6682.0
2017-08-17 00:00:00,6594.0
2017-08-18 00:00:00,6507.0
2017-08-21 00:00:00,6526.0
2017-08-22 00:00:00,6604.0
2017-08-23 00:00:00,6586.0
2017-08-24 00:00:00,6597.0
2017-08-25 00:00:00,6558.0
2017-08-28 00:00:00,6507.0
2017-08-29 00:00:00,6470.0
2017-08-30 00:00:00,6495.0
2017-08-31 00:00:00,6565.0
2017-09-01 00:00:00,6587.0
2017-09-04 00:00:00,6507.0
2017-09-05 00:00:00,6512.0
2017-09-06 00:00:00,6504.0
2017-09-07 00:00:00,6561.0
2017-09-08 00:00:00,6550.0
2017-09-11 00:00:00,6628.0
2017-09-12 00:00:00,6698.0
2017-09-13 00:00:00,6704.0
2017-09-14 00:00:00,6708.0
2017-09-15 00:00:00,6658.0
2017-09-18 00:00:00,6689.0
2017-09-19 00:00:00,6741.0
2017-09-20 00:00:00,6746.0
2017-09-21 00:00:00,6783.0
2017-09-22 00:00:00,6788.0
2017-09-25 00:00:00,6794.0
2017-09-26 00:00:00,6765.0
2017-09-27 00:00:00,6759.0
2017-09-28 00:00:00,6763.0
2017-09-29 00:00:00,6802.0
2017-10-02 00:00:00,6880.0
2017-10-03 00:00:00,6933.0
2017-10-04 00:00:00,6932.0
2017-10-05 00:00:00,6918.0
2017-10-06 00:00:00,6902.0
2017-10-09 00:00:00,6910.0
2017-10-10 00:00:00,6930.0
2017-10-11 00:00:00,6915.0
2017-10-12 00:00:00,6956.0
2017-10-13 00:00:00,6965.0
2017-10-16 00:00:00,6929.0
2017-10-17 00:00:00,6941.0
2017-10-18 00:00:00,6963.0
2017-10-19 00:00:00,6893.0
2017-10-20 00:00:00,6883.0
2017-10-23 00:00:00,6919.0
2017-10-24 00:00:00,6859.0
2017-10-25 00:00:00,6733.0
2017-10-26 00:00:00,6848.0
2017-10-27 00:00:00,6841.0
2017-10-30 00:00:00,6829.0
2017-10-31 00:00:00,6914.0
2017-11-01 00:00:00,6925.0
2017-11-02 00:00:00,6937.0
2017-11-03 00:00:00,6984.0
2017-11-06 00:00:00,6963.0
2017-11-07 00:00:00,6893.0
2017-11-08 00:00:00,6917.0
2017-11-09 00:00:00,6837.0
2017-11-10 00:00:00,6803.0
2017-11-13 00:00:00,6834.0
2017-11-14 00:00:00,6799.0
2017-11-15 00:00:00,6755.0
2017-11-16 00:00:00,6824.0
2017-11-17 00:00:00,6813.0
2017-11-20 00:00:00,6969.0
2017-11-21 00:00:00,6996.0
2017-11-22 00:00:00,6967.0
2017-11-23 00:00:00,6981.0
2017-11-24 00:00:00,6998.0
2017-11-27 00:00:00,6960.0
2017-11-28 00:00:00,6991.0
2017-11-29 00:00:00,6986.0
2017-11-30 00:00:00,7009.0
2017-12-01 00:00:00,6979.0
2017-12-04 00:00:00,6999.0
2017-12-05 00:00:00,6965.0
2017-12-06 00:00:00,6981.0
2017-12-07 00:00:00,6942.0
2017-12-08 00:00:00,7002.0
2017-12-11 00:00:00,6980.0
2017-12-12 00:00:00,7019.0
2017-12-13 00:00:00,7065.0
2017-12-14 00:00:00,7066.0
2017-12-15 00:00:00,7070.0
2017-12-18 00:00:00,7131.0
2017-12-19 00:00:00,7089.0
2017-12-20 00:00:00,6999.0
2017-12-21 00:00:00,7097.0
2017-12-22 00:00:00,7070.0
2017-12-27 00:00:00,7119.0
2017-12-28 00:00:00,7077.0
2017-12-29 00:00:00,7036.0
2018-01-03 00:00:00,7148.0
2018-01-04 00:00:00,7196.0
2018-01-05 00:00:00,7211.0
2018-01-08 00:00:00,7214.0
2018-01-09 00:00:00,7271.0
2018-01-10 00:00:00,7192.0
2018-01-11 00:00:00,7185.0
2018-01-12 00:00:00,7222.0
2018-01-15 00:00:00,7216.0
2018-01-16 00:00:00,7146.0
2018-01-17 00:00:00,7102.0
2018-01-18 00:00:00,7126.0
2018-01-19 00:00:00,7171.0
2018-01-22 00:00:00,7196.0
2018-01-23 00:00:00,7228.0
2018-01-24 00:00:00,7237.0
2018-01-25 00:00:00,7163.0
2018-01-26 00:00:00,7179.0
2018-01-29 00:00:00,7135.0
2018-01-30 00:00:00,7115.0
2018-01-31 00:00:00,7025.0
2018-02-01 00:00:00,6975.0
2018-02-02 00:00:00,6900.0
2018-02-05 00:00:00,6781.0
2018-02-06 00:00:00,6557.0
2018-02-07 00:00:00,6649.0
2018-02-08 00:00:00,6482.0
2018-02-09 00:00:00,6341.0
2018-02-12 00:00:00,6482.0
2018-02-13 00:00:00,6442.0
2018-02-14 00:00:00,6553.0
2018-02-15 00:00:00,6573.0
2018-02-16 00:00:00,6664.0
2018-02-19 00:00:00,6579.0
2018-02-20 00:00:00,6631.0
2018-02-21 00:00:00,6647.0
2018-02-22 00:00:00,6635.0
2018-02-23 00:00:00,6633.0
2018-02-26 00:00:00,6701.0
2018-02-27 00:00:00,6675.0
2018-02-28 00:00:00,6591.0
2018-03-01 00:00:00,6478.0
2018-03-02 00:00:00,6292.0
2018-03-05 00:00:00,6471.0
2018-03-06 00:00:00,6520.0
2018-03-07 00:00:00,6506.0
2018-03-08 00:00:00,6620.0
2018-03-09 00:00:00,6652.0
2018-03-12 00:00:00,6693.0
2018-03-13 00:00:00,6607.0
2018-03-14 00:00:00,6598.0
2018-03-15 00:00:00,6655.0
2018-03-16 00:00:00,6668.0
2018-03-19 00:00:00,6572.0
2018-03-20 00:00:00,6612.0
2018-03-21 00:00:00,6553.0
2018-03-22 00:00:00,6411.0
2018-03-23 00:00:00,6322.0
2018-03-26 00:00:00,6271.0
2018-03-27 00:00:00,6386.0
2018-03-28 00:00:00,6511.0
2018-03-29 00:00:00,6529.0
2018-04-03 00:00:00,6417.0
2018-04-04 00:00:00,6328.0
2018-04-05 00:00:00,6502.0
2018-04-06 00:00:00,6483.0
2018-04-09 00:00:00,6491.0
2018-04-10 00:00:00,6560.0
2018-04-11 00:00:00,6524.0
2018-04-12 00:00:00,6585.0
2018-04-13 00:00:00,6575.0
2018-04-16 00:00:00,6578.0
2018-04-17 00:00:00,6675.0
2018-04-18 00:00:00,6685.0
2018-04-19 00:00:00,6677.0
2018-04-20 00:00:00,6672.0
2018-04-23 00:00:00,6655.0
2018-04-24 00:00:00,6649.0
2018-04-25 00:00:00,6599.0
2018-04-26 00:00:00,6713.0
2018-04-27 00:00:00,6713.0
2018-04-30 00:00:00,6769.0
2018-05-02 00:00:00,6758.0
2018-05-03 00:00:00,6727.0
2018-05-04 00:00:00,6781.0
2018-05-07 00:00:00,6883.0
2018-05-08 00:00:00,6854.0
2018-05-09 00:00:00,6875.0
2018-05-11 00:00:00,6916.0
2018-05-14 00:00:00,6917.0
2018-05-15 00:00:00,6912.0
2018-05-16 00:00:00,6904.0
2018-05-17 00:00:00,6898.0
2018-05-18 00:00:00,6862.0
2018-05-22 00:00:00,6867.0
2018-05-23 00:00:00,6710.0
2018-05-24 00:00:00,6689.0
2018-05-25 00:00:00,6688.0
2018-05-28 00:00:00,6715.0
2018-05-29 00:00:00,6561.0
2018-05-30 00:00:00,6519.0
2018-05-31 00:00:00,6385.0
2018-06-01 00:00:00,6553.0
2018-06-04 00:00:00,6559.0
2018-06-05 00:00:00,6484.0
2018-06-06 00:00:00,6452.0
2018-06-07 00:00:00,6478.0
2018-06-08 00:00:00,6452.0
2018-06-11 00:00:00,6552.0
2018-06-12 00:00:00,6557.0
2018-06-13 00:00:00,6571.0
2018-06-14 00:00:00,6626.0
2018-06-15 00:00:00,6575.0
2018-06-18 00:00:00,6458.0
2018-06-19 00:00:00,6392.0
2018-06-20 00:00:00,6494.0
2018-06-21 00:00:00,6400.0
2018-06-22 00:00:00,6547.0
2018-06-25 00:00:00,6396.0
2018-06-26 00:00:00,6410.0
2018-06-27 00:00:00,6453.0
2018-06-28 00:00:00,6405.0
2018-06-29 00:00:00,6537.0
2018-07-02 00:00:00,6472.0
2018-07-03 00:00:00,6550.0
2018-07-04 00:00:00,6591.0
2018-07-05 00:00:00,6616.0
2018-07-06 00:00:00,6622.0
2018-07-09 00:00:00,6701.0
2018-07-10 00:00:00,6717.0
2018-07-11 00:00:00,6632.0
2018-07-12 00:00:00,6757.0
2018-07-13 00:00:00,6799.0
2018-07-16 00:00:00,6794.0
2018-07-17 00:00:00,6765.0
2018-07-18 00:00:00,6881.0
2018-07-19 00:00:00,6855.0
2018-07-20 00:00:00,6920.0
2018-07-23 00:00:00,6901.0
2018-07-24 00:00:00,6939.0
2018-07-25 00:00:00,6943.0
2018-07-26 00:00:00,7081.0
2018-07-27 00:00:00,7115.0
2018-07-30 00:00:00,7108.0
2018-07-31 00:00:00,7137.0
2018-08-02 00:00:00,7087.0
2018-08-03 00:00:00,7089.0
2018-08-06 00:00:00,7096.0
2018-08-07 00:00:00,7155.0
2018-08-08 00:00:00,7116.0
2018-08-09 00:00:00,7089.0
2018-08-10 00:00:00,6969.0
2018-08-13 00:00:00,6948.0
2018-08-14 00:00:00,6943.0
2018-08-15 00:00:00,6863.0
2018-08-16 00:00:00,6944.0
2018-08-17 00:00:00,6948.0
2018-08-20 00:00:00,7018.0
2018-08-21 00:00:00,7035.0
2018-08-22 00:00:00,6993.0
2018-08-23 00:00:00,7000.0
2018-08-24 00:00:00,6997.0
2018-08-27 00:00:00,7054.0
2018-08-28 00:00:00,7038.0
2018-08-29 00:00:00,7028.0
2018-08-30 00:00:00,6999.0
2018-08-31 00:00:00,6916.0
2018-09-03 00:00:00,6944.0
2018-09-04 00:00:00,6889.0
2018-09-05 00:00:00,6833.0
2018-09-06 00:00:00,6775.0
2018-09-07 00:00:00,6787.0
2018-09-10 00:00:00,6890.0
2018-09-11 00:00:00,6859.0
2018-09-12 00:00:00,6914.0
2018-09-13 00:00:00,6919.0
2018-09-14 00:00:00,6921.0
2018-09-17 00:00:00,6887.0
2018-09-18 00:00:00,6872.0
2018-09-19 00:00:00,6907.0
2018-09-20 00:00:00,6955.0
2018-09-21 00:00:00,6960.0
2018-09-24 00:00:00,6901.0
2018-09-25 00:00:00,6978.0
2018-09-26 00:00:00,7042.0
2018-09-27 00:00:00,7080.0
2018-09-28 00:00:00,7049.0
2018-10-01 00:00:00,7092.0
2018-10-02 00:00:00,7041.0
2018-10-03 00:00:00,7135.0
2018-10-04 00:00:00,7059.0
2018-10-05 00:00:00,7007.0
2018-10-08 00:00:00,6926.0
2018-10-09 00:00:00,6914.0
2018-10-10 00:00:00,6863.0
2018-10-11 00:00:00,6601.0
2018-10-12 00:00:00,6624.0
2018-10-15 00:00:00,6615.0
2018-10-16 00:00:00,6760.0
2018-10-17 00:00:00,6707.0
2018-10-18 00:00:00,6743.0
2018-10-19 00:00:00,6847.0
2018-10-22 00:00:00,6837.0
2018-10-23 00:00:00,6738.0
2018-10-24 00:00:00,6702.0
2018-10-25 00:00:00,6647.0
2018-10-26 00:00:00,6587.0
2018-10-29 00:00:00,6728.0
2018-10-30 00:00:00,6827.0
2018-10-31 00:00:00,6975.0
2018-11-01 00:00:00,6978.0
2018-11-02 00:00:00,6963.0
2018-11-05 00:00:00,6987.0
2018-11-06 00:00:00,6968.0
2018-11-07 00:00:00,7026.0
2018-11-08 00:00:00,7082.0
2018-11-09 00:00:00,7037.0
2018-11-12 00:00:00,6960.0
2018-11-13 00:00:00,6997.0
2018-11-14 00:00:00,6917.0
2018-11-15 00:00:00,6840.0
2018-11-16 00:00:00,6880.0
2018-11-19 00:00:00,6788.0
2018-11-20 00:00:00,6735.0
2018-11-21 00:00:00,6811.0
2018-11-22 00:00:00,6768.0
2018-11-23 00:00:00,6819.0
2018-11-26 00:00:00,6899.0
2018-11-27 00:00:00,6867.0
2018-11-28 00:00:00,6881.0
2018-11-29 00:00:00,6970.0
2018-11-30 00:00:00,7018.0
2018-12-03 00:00:00,7092.0
2018-12-04 00:00:00,7068.0
2018-12-05 00:00:00,6920.0
2018-12-06 00:00:00,6663.0
2018-12-07 00:00:00,6725.0
2018-12-10 00:00:00,6539.0
2018-12-11 00:00:00,6699.0
2018-12-12 00:00:00,6839.0
2018-12-13 00:00:00,6802.0
2018-12-14 00:00:00,6706.0
2018-12-17 00:00:00,6607.0
2018-12-18 00:00:00,6522.0
2018-12-19 00:00:00,6504.0
2018-12-20 00:00:00,6402.0
2018-12-21 00:00:00,6378.0
2018-12-27 00:00:00,6137.0
2018-12-28 00:00:00,6389.0
2019-01-03 00:00:00,6469.0
2019-01-04 00:00:00,6597.0
2019-01-07 00:00:00,6507.0
2019-01-08 00:00:00,6637.0
2019-01-09 00:00:00,6657.0
2019-01-10 00:00:00,6795.0
2019-01-11 00:00:00,6801.0
2019-01-14 00:00:00,6748.0
2019-01-15 00:00:00,6815.0
2019-01-16 00:00:00,6853.0
2019-01-17 00:00:00,6906.0
2019-01-18 00:00:00,7001.0
2019-01-21 00:00:00,7004.0
2019-01-22 00:00:00,6961.0
2019-01-23 00:00:00,6953.0
2019-01-24 00:00:00,6936.0
2019-01-25 00:00:00,6930.0
2019-01-28 00:00:00,6873.0
2019-01-29 00:00:00,6952.0
2019-01-30 00:00:00,6957.0
2019-01-31 00:00:00,6946.0
2019-02-01 00:00:00,6988.0
2019-02-04 00:00:00,7000.0
2019-02-05 00:00:00,7150.0
2019-02-06 00:00:00,7133.0
2019-02-07 00:00:00,7038.0
2019-02-08 00:00:00,6987.0
2019-02-11 00:00:00,7065.0
2019-02-12 00:00:00,7139.0
2019-02-13 00:00:00,7167.0
2019-02-14 00:00:00,7142.0
2019-02-15 00:00:00,7230.0
2019-02-18 00:00:00,7276.0
2019-02-19 00:00:00,7258.0
2019-02-20 00:00:00,7316.0
2019-02-21 00:00:00,7323.0
2019-02-22 00:00:00,7353.0
2019-02-25 00:00:00,7416.0
2019-02-26 00:00:00,7465.0
2019-02-27 00:00:00,7395.0
2019-02-28 00:00:00,7400.0
2019-03-01 00:00:00,7407.0
2019-03-04 00:00:00,7437.0
2019-03-05 00:00:00,7455.0
2019-03-06 00:00:00,7422.0
2019-03-07 00:00:00,7390.0
2019-03-08 00:00:00,7339.0
2019-03-11 00:00:00,7429.0
2019-03-12 00:00:00,7410.0
2019-03-13 00:00:00,7461.0
2019-03-14 00:00:00,7579.0
2019-03-15 00:00:00,7569.0
2019-03-18 00:00:00,7563.0
2019-03-19 00:00:00,7613.0
2019-03-20 00:00:00,7549.0
2019-03-21 00:00:00,7526.0
2019-03-22 00:00:00,7401.0
2019-03-25 00:00:00,7384.0
2019-03-26 00:00:00,7478.0
2019-03-27 00:00:00,7457.0
2019-03-28 00:00:00,7492.0
2019-03-29 00:00:00,7564.0
2019-04-01 00:00:00,7641.0
2019-04-02 00:00:00,7623.0
2019-04-03 00:00:00,7649.0
2019-04-04 00:00:00,7648.0
2019-04-05 00:00:00,7681.0
2019-04-08 00:00:00,7667.0
2019-04-09 00:00:00,7704.0
2019-04-10 00:00:00,7683.0
2019-04-11 00:00:00,7693.0
2019-04-12 00:00:00,7609.0
2019-04-15 00:00:00,7678.0
2019-04-16 00:00:00,7757.0
2019-04-17 00:00:00,7771.0
2019-04-18 00:00:00,7743.0
2019-04-23 00:00:00,7831.0
2019-04-24 00:00:00,7839.0
2019-04-25 00:00:00,7863.0
2019-04-26 00:00:00,7907.0
2019-04-29 00:00:00,7938.0
2019-04-30 00:00:00,7970.0
2019-05-02 00:00:00,7944.0
2019-05-03 00:00:00,7942.0
2019-05-06 00:00:00,7871.0
2019-05-07 00:00:00,7811.0
2019-05-08 00:00:00,7865.0
2019-05-09 00:00:00,7674.0
2019-05-10 00:00:00,7707.0
2019-05-13 00:00:00,7594.0
2019-05-14 00:00:00,7634.0
2019-05-15 00:00:00,7685.0
2019-05-16 00:00:00,7879.0
2019-05-17 00:00:00,7904.0
2019-05-20 00:00:00,7822.0
2019-05-21 00:00:00,7876.0
2019-05-22 00:00:00,7892.0
2019-05-23 00:00:00,7839.0
2019-05-24 00:00:00,7915.0
2019-05-27 00:00:00,7972.0
2019-05-28 00:00:00,7951.0
2019-05-29 00:00:00,7814.0
2019-05-31 00:00:00,7780.0
2019-06-03 00:00:00,7840.0
2019-06-04 00:00:00,7858.0
2019-06-05 00:00:00,7901.0
2019-06-06 00:00:00,7948.0
2019-06-07 00:00:00,8015.0
2019-06-11 00:00:00,8107.0
2019-06-12 00:00:00,8128.0
2019-06-13 00:00:00,8117.0
2019-06-14 00:00:00,8111.0
2019-06-17 00:00:00,8132.0
2019-06-18 00:00:00,8271.0
2019-06-19 00:00:00,8206.0
2019-06-20 00:00:00,8247.0
2019-06-21 00:00:00,8219.0
2019-06-24 00:00:00,8153.0
2019-06-25 00:00:00,8170.0
2019-06-26 00:00:00,8123.0
2019-06-27 00:00:00,8126.0
2019-06-28 00:00:00,8150.0
2019-07-01 00:00:00,8264.0
2019-07-02 00:00:00,8303.0
2019-07-03 00:00:00,8334.0
2019-07-04 00:00:00,8342.0
2019-07-05 00:00:00,8265.0
2019-07-08 00:00:00,8261.0
2019-07-09 00:00:00,8233.0
2019-07-10 00:00:00,8204.0
2019-07-11 00:00:00,8160.0
2019-07-12 00:00:00,8047.0
2019-07-15 00:00:00,8105.0
2019-07-16 00:00:00,8137.0
2019-07-17 00:00:00,8229.0
2019-07-18 00:00:00,8283.0
2019-07-19 00:00:00,8208.0
2019-07-22 00:00:00,8196.0
2019-07-23 00:00:00,8262.0
2019-07-24 00:00:00,8186.0
2019-07-25 00:00:00,8168.0
2019-07-26 00:00:00,8251.0
2019-07-29 00:00:00,8258.0
2019-07-30 00:00:00,8156.0
2019-07-31 00:00:00,8207.0
2019-08-02 00:00:00,8067.0
2019-08-05 00:00:00,7883.0
2019-08-06 00:00:00,7827.0
2019-08-07 00:00:00,7822.0
2019-08-08 00:00:00,8024.0
2019-08-09 00:00:00,8033.0
2019-08-12 00:00:00,8029.0
2019-08-13 00:00:00,8058.0
2019-08-14 00:00:00,7885.0
2019-08-15 00:00:00,7861.0
2019-08-16 00:00:00,8009.0
2019-08-19 00:00:00,8114.0
2019-08-20 00:00:00,8065.0
2019-08-21 00:00:00,8127.0
2019-08-22 00:00:00,8087.0
2019-08-23 00:00:00,8045.0
2019-08-26 00:00:00,7992.0
2019-08-27 00:00:00,8048.0
2019-08-28 00:00:00,8028.0
2019-08-29 00:00:00,8123.0
2019-08-30 00:00:00,8176.0
2019-09-02 00:00:00,8211.0
2019-09-03 00:00:00,8118.0
2019-09-04 00:00:00,8182.0
2019-09-05 00:00:00,8282.0
2019-09-06 00:00:00,8351.0
2019-09-09 00:00:00,8347.0
2019-09-10 00:00:00,8308.0
2019-09-11 00:00:00,8383.0
2019-09-12 00:00:00,8391.0
2019-09-13 00:00:00,8354.0
2019-09-16 00:00:00,8269.0
2019-09-17 00:00:00,8301.0
2019-09-18 00:00:00,8309.0
2019-09-19 00:00:00,8363.0
2019-09-20 00:00:00,8373.0
2019-09-23 00:00:00,8280.0
2019-09-24 00:00:00,8278.0
2019-09-25 00:00:00,8199.0
2019-09-26 00:00:00,8303.0
2019-09-27 00:00:00,8335.0
2019-09-30 00:00:00,8378.0
2019-10-01 00:00:00,8229.0
2019-10-02 00:00:00,8055.0
2019-10-03 00:00:00,8074.0
2019-10-04 00:00:00,8130.0
2019-10-07 00:00:00,8230.0
2019-10-08 00:00:00,8109.0
2019-10-09 00:00:00,8133.0
2019-10-10 00:00:00,8212.0
2019-10-11 00:00:00,8323.0
2019-10-14 00:00:00,8274.0
2019-10-15 00:00:00,8362.0
2019-10-16 00:00:00,8325.0
2019-10-17 00:00:00,8326.0
2019-10-18 00:00:00,8275.0
2019-10-21 00:00:00,8308.0
2019-10-22 00:00:00,8322.0
2019-10-23 00:00:00,8331.0
2019-10-24 00:00:00,8415.0
2019-10-25 00:00:00,8484.0
2019-10-28 00:00:00,8547.0
2019-10-29 00:00:00,8564.0
2019-10-30 00:00:00,8565.0
2019-10-31 00:00:00,8533.0
2019-11-01 00:00:00,8557.0
2019-11-04 00:00:00,8653.0
2019-11-05 00:00:00,8596.0
2019-11-06 00:00:00,8632.0
2019-11-07 00:00:00,8647.0
2019-11-08 00:00:00,8616.0
2019-11-11 00:00:00,8615.0
2019-11-12 00:00:00,8632.0
2019-11-13 00:00:00,8608.0
2019-11-14 00:00:00,8560.0
2019-11-15 00:00:00,8625.0
2019-11-18 00:00:00,8650.0
2019-11-19 00:00:00,8674.0
2019-11-20 00:00:00,8692.0
2019-11-21 00:00:00,8656.0
2019-11-22 00:00:00,8700.0
2019-11-25 00:00:00,8784.0
2019-11-26 00:00:00,8850.0
2019-11-27 00:00:00,8837.0
2019-11-28 00:00:00,8848.0
2019-11-29 00:00:00,8820.0
2019-12-02 00:00:00,8666.0
2019-12-03 00:00:00,8556.0
2019-12-04 00:00:00,8644.0
2019-12-05 00:00:00,8676.0
2019-12-06 00:00:00,8783.0
2019-12-09 00:00:00,8759.0
2019-12-10 00:00:00,8699.0
2019-12-11 00:00:00,8728.0
2019-12-12 00:00:00,8800.0
2019-12-13 00:00:00,8761.0
2019-12-16 00:00:00,8880.0
2019-12-17 00:00:00,8857.0
2019-12-18 00:00:00,8904.0
2019-12-19 00:00:00,8906.0
2019-12-20 00:00:00,8987.0
2019-12-23 00:00:00,9057.0
2019-12-27 00:00:00,9057.0
2019-12-30 00:00:00,8952.0
2020-01-03 00:00:00,9022.0
2020-01-06 00:00:00,9000.0
2020-01-07 00:00:00,9017.0
2020-01-08 00:00:00,8987.0
2020-01-09 00:00:00,8995.0
2020-01-10 00:00:00,8986.0
2020-01-13 00:00:00,8949.0
2020-01-14 00:00:00,8979.0
2020-01-15 00:00:00,9009.0
2020-01-16 00:00:00,9017.0
2020-01-17 00:00:00,9159.0
2020-01-20 00:00:00,9185.0
2020-01-21 00:00:00,9207.0
2020-01-22 00:00:00,9232.0
2020-01-23 00:00:00,9143.0
2020-01-24 00:00:00,9197.0
2020-01-27 00:00:00,9011.0
2020-01-28 00:00:00,9119.0
2020-01-29 00:00:00,9204.0
2020-01-30 00:00:00,9079.0
2020-01-31 00:00:00,8980.0
2020-02-03 00:00:00,9001.0
2020-02-04 00:00:00,9135.0
2020-02-05 00:00:00,9317.0
2020-02-06 00:00:00,9367.0
2020-02-07 00:00:00,9330.0
2020-02-10 00:00:00,9378.0
2020-02-11 00:00:00,9446.0
2020-02-12 00:00:00,9425.0
2020-02-13 00:00:00,9424.0
2020-02-14 00:00:00,9487.0
2020-02-17 00:00:00,9513.0
2020-02-18 00:00:00,9480.0
2020-02-19 00:00:00,9602.0
2020-02-20 00:00:00,9531.0
2020-02-21 00:00:00,9425.0
2020-02-24 00:00:00,9071.0
2020-02-25 00:00:00,8818.0
2020-02-26 00:00:00,8853.0
2020-02-27 00:00:00,8582.0
2020-02-28 00:00:00,8147.0
2020-03-02 00:00:00,8283.0
2020-03-03 00:00:00,8519.0
2020-03-04 00:00:00,8604.0
2020-03-05 00:00:00,8516.0
2020-03-06 00:00:00,8114.0
2020-03-09 00:00:00,7626.0
2020-03-10 00:00:00,7644.0
2020-03-11 00:00:00,7556.0
2020-03-12 00:00:00,6560.0
2020-03-13 00:00:00,6710.0
2020-03-16 00:00:00,6609.0
2020-03-17 00:00:00,6898.0
2020-03-18 00:00:00,6632.0
2020-03-19 00:00:00,7142.0
2020-03-20 00:00:00,7119.0
2020-03-23 00:00:00,6684.0
2020-03-24 00:00:00,7096.0
2020-03-25 00:00:00,7375.0
2020-03-26 00:00:00,7529.0
2020-03-27 00:00:00,7428.0
2020-03-30 00:00:00,7575.0
2020-03-31 00:00:00,7731.0
2020-04-01 00:00:00,7658.0
2020-04-02 00:00:00,7717.0
2020-04-03 00:00:00,7717.0
2020-04-06 00:00:00,7948.0
2020-04-07 00:00:00,7969.0
2020-04-08 00:00:00,7907.0
2020-04-09 00:00:00,7936.0
2020-04-14 00:00:00,8014.0
2020-04-15 00:00:00,7815.0
2020-04-16 00:00:00,7957.0
2020-04-17 00:00:00,8100.0
2020-04-20 00:00:00,8251.0
2020-04-21 00:00:00,8074.0
2020-04-22 00:00:00,8156.0
2020-04-23 00:00:00,8184.0
2020-04-24 00:00:00,8154.0
2020-04-27 00:00:00,8302.0
2020-04-28 00:00:00,8426.0
2020-04-29 00:00:00,8442.0
2020-04-30 00:00:00,8239.0
2020-05-04 00:00:00,7996.0
2020-05-05 00:00:00,8088.0
2020-05-06 00:00:00,8152.0
2020-05-07 00:00:00,8201.0
2020-05-08 00:00:00,8239.0
2020-05-11 00:00:00,8286.0
2020-05-12 00:00:00,8318.0
2020-05-13 00:00:00,8229.0
2020-05-14 00:00:00,8071.0
2020-05-15 00:00:00,8092.0
2020-05-18 00:00:00,8343.0
2020-05-19 00:00:00,8362.0
2020-05-20 00:00:00,8395.0
2020-05-22 00:00:00,8308.0
2020-05-25 00:00:00,8441.0
2020-05-26 00:00:00,8464.0
2020-05-27 00:00:00,8324.0
2020-05-28 00:00:00,8552.0
2020-05-29 00:00:00,8443.0
2020-06-02 00:00:00,8579.0
2020-06-03 00:00:00,8791.0
2020-06-04 00:00:00,8669.0
2020-06-05 00:00:00,8778.0
2020-06-08 00:00:00,8775.0
2020-06-09 00:00:00,8790.0
2020-06-10 00:00:00,8782.0
2020-06-11 00:00:00,8478.0
2020-06-12 00:00:00,8398.0
2020-06-15 00:00:00,8468.0
2020-06-16 00:00:00,8652.0
2020-06-17 00:00:00,8813.0
2020-06-18 00:00:00,8816.0
2020-06-19 00:00:00,8873.0
2020-06-22 00:00:00,8774.0
2020-06-23 00:00:00,8833.0
2020-06-24 00:00:00,8659.0
2020-06-25 00:00:00,8692.0
2020-06-26 00:00:00,8667.0
2020-06-29 00:00:00,8681.0
2020-06-30 00:00:00,8656.0
2020-07-01 00:00:00,8713.0
2020-07-02 00:00:00,8794.0
2020-07-03 00:00:00,8731.0
2020-07-06 00:00:00,8864.0
2020-07-07 00:00:00,8824.0
2020-07-08 00:00:00,8781.0
2020-07-09 00:00:00,8743.0
2020-07-10 00:00:00,8850.0
2020-07-13 00:00:00,8911.0
2020-07-14 00:00:00,8869.0
2020-07-15 00:00:00,9107.0
2020-07-16 00:00:00,9046.0
2020-07-17 00:00:00,9048.0
2020-07-20 00:00:00,9083.0
2020-07-21 00:00:00,9066.0
2020-07-22 00:00:00,9051.0
2020-07-23 00:00:00,9009.0
2020-07-24 00:00:00,8848.0
2020-07-27 00:00:00,8927.0
2020-07-28 00:00:00,8910.0
2020-07-29 00:00:00,8895.0
2020-07-30 00:00:00,8743.0
2020-07-31 00:00:00,8655.0
2020-08-03 00:00:00,8885.0
2020-08-04 00:00:00,8781.0
2020-08-05 00:00:00,8743.0
2020-08-06 00:00:00,8694.0
2020-08-07 00:00:00,8718.0
2020-08-10 00:00:00,8721.0
2020-08-11 00:00:00,8779.0
2020-08-12 00:00:00,8903.0
2020-08-13 00:00:00,8905.0
2020-08-14 00:00:00,8790.0
2020-08-17 00:00:00,8858.0
2020-08-18 00:00:00,8792.0
2020-08-19 00:00:00,8935.0
2020-08-20 00:00:00,8856.0
2020-08-21 00:00:00,8854.0
2020-08-24 00:00:00,8936.0
2020-08-25 00:00:00,8893.0
2020-08-26 00:00:00,8927.0
2020-08-27 00:00:00,8894.0
2020-08-28 00:00:00,8811.0
2020-08-31 00:00:00,8812.0
2020-09-01 00:00:00,8841.0
2020-09-02 00:00:00,9041.0
2020-09-03 00:00:00,8847.0
2020-09-04 00:00:00,8789.0
2020-09-07 00:00:00,8977.0
2020-09-08 00:00:00,8891.0
2020-09-09 00:00:00,9046.0
2020-09-10 00:00:00,9013.0
2020-09-11 00:00:00,9113.0
2020-09-14 00:00:00,9095.0
2020-09-15 00:00:00,9176.0
2020-09-16 00:00:00,9172.0
2020-09-17 00:00:00,9179.0
2020-09-18 00:00:00,9180.0
2020-09-21 00:00:00,8952.0
2020-09-22 00:00:00,8994.0
2020-09-23 00:00:00,8998.0
2020-09-24 00:00:00,8839.0
2020-09-25 00:00:00,8873.0
2020-09-28 00:00:00,8952.0
2020-09-29 00:00:00,8882.0
2020-09-30 00:00:00,8866.0
2020-10-01 00:00:00,8881.0
2020-10-02 00:00:00,8887.0
2020-10-05 00:00:00,8958.0
2020-10-06 00:00:00,8879.0
2020-10-07 00:00:00,8819.0
2020-10-08 00:00:00,8936.0
2020-10-09 00:00:00,8976.0
2020-10-12 00:00:00,9027.0
2020-10-13 00:00:00,8979.0
2020-10-14 00:00:00,8931.0
2020-10-15 00:00:00,8723.0
2020-10-16 00:00:00,8876.0
2020-10-19 00:00:00,8848.0
2020-10-20 00:00:00,8798.0
2020-10-21 00:00:00,8673.0
2020-10-22 00:00:00,8648.0
2020-10-23 00:00:00,8665.0
2020-10-26 00:00:00,8640.0
2020-10-27 00:00:00,8544.0
2020-10-28 00:00:00,8305.0
2020-10-29 00:00:00,8232.0
2020-10-30 00:00:00,8220.0
2020-11-02 00:00:00,8430.0
2020-11-03 00:00:00,8644.0
2020-11-04 00:00:00,8923.0
2020-11-05 00:00:00,8950.0
2020-11-06 00:00:00,8971.0
2020-11-09 00:00:00,9084.0
2020-11-10 00:00:00,9002.0
2020-11-11 00:00:00,9199.0
2020-11-12 00:00:00,9156.0
2020-11-13 00:00:00,9166.0
2020-11-16 00:00:00,9237.0
2020-11-17 00:00:00,9246.0
2020-11-18 00:00:00,9218.0
2020-11-19 00:00:00,9173.0
2020-11-20 00:00:00,9151.0
2020-11-23 00:00:00,9147.0
2020-11-24 00:00:00,9159.0
2020-11-25 00:00:00,9172.0
2020-11-26 00:00:00,9187.0
2020-11-27 00:00:00,9158.0
2020-11-30 00:00:00,9188.0
2020-12-01 00:00:00,9137.0
2020-12-02 00:00:00,9127.0
2020-12-03 00:00:00,9036.0
2020-12-04 00:00:00,9047.0
2020-12-07 00:00:00,9046.0
2020-12-08 00:00:00,9063.0
2020-12-09 00:00:00,9103.0
2020-12-10 00:00:00,9102.0
2020-12-11 00:00:00,9083.0
2020-12-14 00:00:00,9072.0
2020-12-15 00:00:00,9021.0
2020-12-16 00:00:00,9125.0
2020-12-17 00:00:00,9241.0
2020-12-18 00:00:00,9210.0
2020-12-21 00:00:00,8976.0
2020-12-22 00:00:00,9097.0
2020-12-23 00:00:00,9096.0
2020-12-28 00:00:00,9286.0
2020-12-29 00:00:00,9362.0
2020-12-30 00:00:00,9437.0
2021-01-04 00:00:00,9405.0
2021-01-05 00:00:00,9363.0
2021-01-06 00:00:00,9438.0
2021-01-07 00:00:00,9484.0
2021-01-08 00:00:00,9472.0
2021-01-11 00:00:00,9565.0
2021-01-12 00:00:00,9570.0
2021-01-13 00:00:00,9547.0
2021-01-14 00:00:00,9549.0
2021-01-15 00:00:00,9568.0
2021-01-18 00:00:00,9568.0
2021-01-19 00:00:00,9563.0
2021-01-20 00:00:00,9641.0
2021-01-21 00:00:00,9610.0
2021-01-22 00:00:00,9619.0
2021-01-25 00:00:00,9637.0
2021-01-26 00:00:00,9642.0
2021-01-27 00:00:00,9605.0
2021-01-28 00:00:00,9566.0
2021-01-29 00:00:00,9316.0
2021-02-01 00:00:00,9430.0
2021-02-02 00:00:00,9515.0
2021-02-03 00:00:00,9475.0
2021-02-04 00:00:00,9555.0
2021-02-05 00:00:00,9451.0
2021-02-08 00:00:00,9489.0
2021-02-09 00:00:00,9499.0
2021-02-10 00:00:00,9526.0
2021-02-11 00:00:00,9545.0
2021-02-12 00:00:00,9587.0
2021-02-15 00:00:00,9637.0
2021-02-16 00:00:00,9625.0
2021-02-17 00:00:00,9484.0
2021-02-18 00:00:00,9435.0
2021-02-19 00:00:00,9419.0
2021-02-22 00:00:00,9411.0
2021-02-23 00:00:00,9301.0
2021-02-24 00:00:00,9441.0
2021-02-25 00:00:00,9368.0
2021-02-26 00:00:00,9232.0
2021-03-01 00:00:00,9407.0
2021-03-02 00:00:00,9512.0
2021-03-03 00:00:00,9449.0
2021-03-04 00:00:00,9489.0
2021-03-05 00:00:00,9390.0
2021-03-08 00:00:00,9576.0
2021-03-09 00:00:00,9608.0
2021-03-10 00:00:00,9654.0
2021-03-11 00:00:00,9635.0
2021-03-12 00:00:00,9592.0
2021-03-15 00:00:00,9611.0
2021-03-16 00:00:00,9691.0
2021-03-17 00:00:00,9671.0
2021-03-18 00:00:00,9773.0
2021-03-19 00:00:00,9736.0
2021-03-22 00:00:00,9831.0
2021-03-23 00:00:00,9898.0
2021-03-24 00:00:00,9863.0
2021-03-25 00:00:00,9886.0
2021-03-26 00:00:00,9922.0
2021-03-29 00:00:00,9912.0
2021-03-30 00:00:00,9952.0
2021-03-31 00:00:00,9887.0
2021-04-01 00:00:00,9943.0
2021-04-06 00:00:00,10022.0
2021-04-07 00:00:00,9971.0
2021-04-08 00:00:00,10023.0
2021-04-09 00:00:00,10080.0
2021-04-12 00:00:00,10031.0
2021-04-13 00:00:00,9967.0
2021-04-14 00:00:00,10021.0
2021-04-15 00:00:00,10082.0
2021-04-16 00:00:00,10088.0
2021-04-19 00:00:00,10097.0
2021-04-20 00:00:00,9996.0
2021-04-21 00:00:00,10135.0
2021-04-22 00:00:00,10148.0
2021-04-23 00:00:00,10106.0
2021-04-26 00:00:00,10095.0
2021-04-27 00:00:00,10010.0
2021-04-28 00:00:00,10037.0
2021-04-29 00:00:00,10012.0
2021-04-30 00:00:00,9967.0
2021-05-03 00:00:00,10040.0
2021-05-04 00:00:00,9894.0
2021-05-05 00:00:00,10038.0
2021-05-06 00:00:00,10028.0
2021-05-07 00:00:00,10100.0
2021-05-10 00:00:00,10048.0
2021-05-11 00:00:00,9914.0
2021-05-12 00:00:00,9990.0
2021-05-14 00:00:00,10070.0
2021-05-17 00:00:00,10089.0
2021-05-18 00:00:00,10090.0
2021-05-19 00:00:00,9991.0
2021-05-20 00:00:00,10095.0
2021-05-21 00:00:00,10175.0
2021-05-25 00:00:00,10276.0
2021-05-26 00:00:00,10298.0
2021-05-27 00:00:00,10291.0
2021-05-28 00:00:00,10385.0
2021-05-31 00:00:00,10331.0
2021-06-01 00:00:00,10389.0
2021-06-02 00:00:00,10423.0
2021-06-03 00:00:00,10456.0
2021-06-04 00:00:00,10520.0
2021-06-07 00:00:00,10588.0
2021-06-08 00:00:00,10610.0
2021-06-09 00:00:00,10739.0
2021-06-10 00:00:00,10778.0
2021-06-11 00:00:00,10809.0
2021-06-14 00:00:00,10825.0
2021-06-15 00:00:00,10899.0
2021-06-16 00:00:00,10955.0
2021-06-17 00:00:00,10968.0
2021-06-18 00:00:00,10913.0
2021-06-21 00:00:00,10953.0
2021-06-22 00:00:00,10951.0
2021-06-23 00:00:00,10868.0
2021-06-24 00:00:00,10961.0
2021-06-25 00:00:00,10955.0
2021-06-28 00:00:00,10977.0
2021-06-29 00:00:00,11006.0
2021-06-30 00:00:00,10909.0
2021-07-01 00:00:00,10942.0
2021-07-02 00:00:00,10927.0
2021-07-05 00:00:00,10921.0
2021-07-06 00:00:00,10920.0
2021-07-07 00:00:00,11035.0
2021-07-08 00:00:00,10872.0
2021-07-09 00:00:00,10962.0
2021-07-12 00:00:00,11041.0
2021-07-13 00:00:00,11028.0
2021-07-14 00:00:00,10996.0
2021-07-15 00:00:00,10934.0
2021-07-16 00:00:00,10970.0
2021-07-19 00:00:00,10851.0
2021-07-20 00:00:00,10935.0
2021-07-21 00:00:00,10997.0
2021-07-22 00:00:00,10937.0
2021-07-23 00:00:00,11101.0
2021-07-26 00:00:00,11015.0
2021-07-27 00:00:00,10997.0
2021-07-28 00:00:00,11028.0
2021-07-29 00:00:00,11044.0
2021-07-30 00:00:00,11084.0
2021-08-02 00:00:00,11131.0
2021-08-03 00:00:00,11136.0
2021-08-04 00:00:00,11163.0
2021-08-05 00:00:00,11166.0
2021-08-06 00:00:00,11143.0
2021-08-09 00:00:00,11271.0
2021-08-10 00:00:00,11328.0
2021-08-11 00:00:00,11367.0
2021-08-12 00:00:00,11410.0
2021-08-13 00:00:00,11427.0
2021-08-16 00:00:00,11380.0
2021-08-17 00:00:00,11456.0
2021-08-18 00:00:00,11523.0
2021-08-19 00:00:00,11370.0
2021-08-20 00:00:00,11390.0
2021-08-23 00:00:00,11461.0
2021-08-24 00:00:00,11417.0
2021-08-25 00:00:00,11344.0
2021-08-26 00:00:00,11377.0
2021-08-27 00:00:00,11411.0
2021-08-30 00:00:00,11416.0
2021-08-31 00:00:00,11395.0
2021-09-01 00:00:00,11415.0
2021-09-02 00:00:00,11410.0
2021-09-03 00:00:00,11330.0
2021-09-06 00:00:00,11418.0
2021-09-07 00:00:00,11332.0
2021-09-08 00:00:00,11203.0
2021-09-09 00:00:00,11122.0
2021-09-10 00:00:00,11043.0
2021-09-13 00:00:00,11063.0
2021-09-14 00:00:00,11077.0
2021-09-15 00:00:00,10976.0
2021-09-16 00:00:00,11017.0
2021-09-17 00:00:00,10931.0
2021-09-20 00:00:00,10743.0
2021-09-21 00:00:00,10776.0
2021-09-22 00:00:00,10833.0
2021-09-23 00:00:00,10945.0
2021-09-24 00:00:00,10822.0
2021-09-27 00:00:00,10711.0
2021-09-28 00:00:00,10505.0
2021-09-29 00:00:00,10652.0
2021-09-30 00:00:00,10615.0
2021-10-01 00:00:00,10566.0
2021-10-04 00:00:00,10592.0
2021-10-05 00:00:00,10593.0
2021-10-06 00:00:00,10568.0
2021-10-07 00:00:00,10759.0
2021-10-08 00:00:00,10754.0
2021-10-11 00:00:00,10759.0
2021-10-12 00:00:00,10753.0
2021-10-13 00:00:00,10818.0
2021-10-14 00:00:00,10884.0
2021-10-15 00:00:00,10953.0
2021-10-18 00:00:00,10972.0
2021-10-19 00:00:00,10928.0
2021-10-20 00:00:00,11011.0
2021-10-21 00:00:00,11035.0
2021-10-22 00:00:00,11060.0
2021-10-25 00:00:00,11049.0
2021-10-26 00:00:00,11126.0
2021-10-27 00:00:00,11081.0
2021-10-28 00:00:00,11137.0
2021-10-29 00:00:00,11107.0
2021-11-01 00:00:00,11197.0
2021-11-02 00:00:00,11307.0
2021-11-03 00:00:00,11366.0
2021-11-04 00:00:00,11411.0
2021-11-05 00:00:00,11333.0
2021-11-08 00:00:00,11365.0
2021-11-09 00:00:00,11377.0
2021-11-10 00:00:00,11419.0
2021-11-11 00:00:00,11448.0
2021-11-12 00:00:00,11502.0
2021-11-15 00:00:00,11509.0
2021-11-16 00:00:00,11575.0
2021-11-17 00:00:00,11607.0
2021-11-18 00:00:00,11559.0
2021-11-19 00:00:00,11563.0
2021-11-22 00:00:00,11535.0
2021-11-23 00:00:00,11383.0
2021-11-24 00:00:00,11410.0
2021-11-25 00:00:00,11464.0
2021-11-26 00:00:00,11198.0
2021-11-29 00:00:00,11253.0
2021-11-30 00:00:00,11213.0
2021-12-01 00:00:00,11297.0
2021-12-02 00:00:00,11187.0
2021-12-03 00:00:00,11160.0
2021-12-06 00:00:00,11403.0
2021-12-07 00:00:00,11544.0
2021-12-08 00:00:00,11619.0
2021-12-09 00:00:00,11622.0
2021-12-10 00:00:00,11608.0
2021-12-13 00:00:00,11579.0
2021-12-14 00:00:00,11446.0
2021-12-15 00:00:00,11539.0
2021-12-16 00:00:00,11816.0
2021-12-17 00:00:00,11733.0
2021-12-20 00:00:00,11597.0
2021-12-21 00:00:00,11687.0
2021-12-22 00:00:00,11698.0
2021-12-23 00:00:00,11794.0
2021-12-27 00:00:00,11893.0
2021-12-28 00:00:00,11985.0
2021-12-29 00:00:00,11929.0
2021-12-30 00:00:00,11927.0
2022-01-03 00:00:00,11923.0
2022-01-04 00:00:00,11929.0
2022-01-05 00:00:00,11906.0
2022-01-06 00:00:00,11803.0
2022-01-07 00:00:00,11784.0
2022-01-10 00:00:00,11604.0
2022-01-11 00:00:00,11730.0
2022-01-12 00:00:00,11704.0
2022-01-13 00:00:00,11633.0
2022-01-14 00:00:00,11538.0
2022-01-17 00:00:00,11658.0
2022-01-18 00:00:00,11573.0
2022-01-19 00:00:00,11520.0
2022-01-20 00:00:00,11572.0
2022-01-21 00:00:00,11363.0
2022-01-24 00:00:00,10924.0
2022-01-25 00:00:00,10974.0
2022-01-26 00:00:00,11109.0
2022-01-27 00:00:00,11188.0
2022-01-28 00:00:00,11117.0
2022-01-31 00:00:00,11279.0
2022-02-01 00:00:00,11373.0
2022-02-02 00:00:00,11386.0
2022-02-03 00:00:00,11265.0
2022-02-04 00:00:00,11163.0
2022-02-07 00:00:00,11230.0
2022-02-08 00:00:00,11195.0
2022-02-09 00:00:00,11421.0
2022-02-10 00:00:00,11326.0
2022-02-11 00:00:00,11261.0
2022-02-14 00:00:00,11053.0
2022-02-15 00:00:00,11216.0
2022-02-16 00:00:00,11220.0
2022-02-17 00:00:00,11095.0
2022-02-18 00:00:00,11032.0
2022-02-21 00:00:00,10941.0
2022-02-22 00:00:00,10963.0
2022-02-23 00:00:00,10985.0
2022-02-24 00:00:00,10693.0
2022-02-25 00:00:00,11021.0
2022-02-28 00:00:00,11001.0
2022-03-01 00:00:00,10888.0
2022-03-02 00:00:00,10914.0
2022-03-03 00:00:00,10687.0
2022-03-04 00:00:00,10361.0
2022-03-07 00:00:00,10223.0
2022-03-08 00:00:00,10141.0
2022-03-09 00:00:00,10557.0
2022-03-10 00:00:00,10479.0
2022-03-11 00:00:00,10586.0
2022-03-14 00:00:00,10748.0
2022-03-15 00:00:00,10740.0
2022-03-16 00:00:00,10971.0
2022-03-17 00:00:00,11151.0
2022-03-18 00:00:00,11285.0
2022-03-21 00:00:00,11284.0
2022-03-22 00:00:00,11354.0
2022-03-23 00:00:00,11242.0
2022-03-24 00:00:00,11260.0
2022-03-25 00:00:00,11248.0
2022-03-28 00:00:00,11308.0
2022-03-29 00:00:00,11447.0
2022-03-30 00:00:00,11390.0
2022-03-31 00:00:00,11343.0
2022-04-01 00:00:00,11357.0
2022-04-04 00:00:00,11493.0
2022-04-05 00:00:00,11503.0
2022-04-06 00:00:00,11477.0
2022-04-07 00:00:00,11540.0
2022-04-08 00:00:00,11673.0
2022-04-11 00:00:00,11727.0
2022-04-12 00:00:00,11608.0
2022-04-13 00:00:00,11603.0
2022-04-14 00:00:00,11701.0
2022-04-19 00:00:00,11561.0
2022-04-20 00:00:00,11569.0
2022-04-21 00:00:00,11575.0
2022-04-22 00:00:00,11534.0
2022-04-25 00:00:00,11354.0
2022-04-26 00:00:00,11220.0
2022-04-27 00:00:00,11299.0
2022-04-28 00:00:00,11323.0
2022-04-29 00:00:00,11399.0
2022-05-02 00:00:00,11254.0
2022-05-03 00:00:00,11277.0
2022-05-04 00:00:00,11173.0
2022-05-05 00:00:00,11142.0
2022-05-06 00:00:00,11031.0
2022-05-09 00:00:00,10764.0
2022-05-10 00:00:00,10855.0
2022-05-11 00:00:00,10827.0
2022-05-12 00:00:00,10837.0
2022-05-13 00:00:00,10933.0
2022-05-16 00:00:00,10994.0
2022-05-17 00:00:00,11007.0
2022-05-18 00:00:00,10886.0
2022-05-19 00:00:00,10614.0
2022-05-19 07:00:00,10753.0
2022-05-19 08:00:00,10665.0
2022-05-19 09:00:00,10573.0
2022-05-19 10:00:00,10553.0
2022-05-19 11:00:00,10572.0
2022-05-19 12:00:00,10585.0
2022-05-19 13:00:00,10543.0
2022-05-19 14:00:00,10558.0
2022-05-19 15:00:00,10635.0
2022-05-19 16:00:00,10659.0
2022-05-19 17:00:00,10628.0
2022-05-19 18:00:00,10664.0
2022-05-19 19:00:00,10687.0
2022-05-19 20:00:00,10661.0
2022-05-20 07:00:00,10668.0
2022-05-20 08:00:00,10688.0
2022-05-20 09:00:00,10667.0
2022-05-20 10:00:00,10664.0
2022-05-20 11:00:00,10664.0
2022-05-20 12:00:00,10671.0
2022-05-20 13:00:00,10639.0
2022-05-20 14:00:00,10657.0
2022-05-20 15:00:00,10604.0
2022-05-20 16:00:00,10610.0
2022-05-20 17:00:00,10560.0
2022-05-20 18:00:00,10576.0
2022-05-20 19:00:00,10583.0
2022-05-20 20:00:00,10646.0
2022-05-23 07:00:00,10742.0
2022-05-23 08:00:00,10728.0
2022-05-23 09:00:00,10663.0
2022-05-23 10:00:00,10671.0
2022-05-23 11:00:00,10707.0
2022-05-23 12:00:00,10690.0
2022-05-23 13:00:00,10675.0
2022-05-23 14:00:00,10699.0
2022-05-23 15:00:00,10734.0
2022-05-23 16:00:00,10790.0
2022-05-23 17:00:00,10766.0
2022-05-23 18:00:00,10773.0
2022-05-23 19:00:00,10765.0
2022-05-23 20:00:00,10771.0
2022-05-24 07:00:00,10693.0
2022-05-24 08:00:00,10715.0
2022-05-24 09:00:00,10737.0
2022-05-24 10:00:00,10773.0
2022-05-24 11:00:00,10797.0
2022-05-24 12:00:00,10802.0
2022-05-24 13:00:00,10800.0
2022-05-24 14:00:00,10821.0
2022-05-24 15:00:00,10767.0
2022-05-24 16:00:00,10804.0
2022-05-24 17:00:00,10810.0
2022-05-24 18:00:00,10822.0
2022-05-24 19:00:00,10806.0
2022-05-24 20:00:00,10835.0
2022-05-25 07:00:00,10876.0
2022-05-25 08:00:00,10838.0
2022-05-25 09:00:00,10813.0
2022-05-25 10:00:00,10814.0
2022-05-25 11:00:00,10783.0
2022-05-25 12:00:00,10775.0
2022-05-25 13:00:00,10795.0
2022-05-25 14:00:00,10809.0
2022-05-25 15:00:00,10815.0
2022-05-25 16:00:00,10785.0
2022-05-25 17:00:00,10762.0
2022-05-25 18:00:00,10762.0
2022-05-25 19:00:00,10805.0
2022-05-25 20:00:00,10768.0
2022-05-27 07:00:00,10895.0
2022-05-27 08:00:00,10823.0
2022-05-27 09:00:00,10864.0
2022-05-27 10:00:00,10865.0
2022-05-27 11:00:00,10896.0
2022-05-27 12:00:00,10888.0
2022-05-27 13:00:00,10918.0
2022-05-27 14:00:00,10930.0
2022-05-27 15:00:00,10928.0
2022-05-27 16:00:00,10977.0
2022-05-27 17:00:00,10970.0
2022-05-27 18:00:00,10970.0
2022-05-27 19:00:00,10971.0
2022-05-27 20:00:00,10985.0
2022-05-30 07:00:00,11009.0
2022-05-30 08:00:00,10994.0
2022-05-30 09:00:00,11004.0
2022-05-30 10:00:00,11039.0
2022-05-30 11:00:00,11036.0
2022-05-30 12:00:00,11034.0
2022-05-30 13:00:00,11030.0
2022-05-30 14:00:00,11038.0
2022-05-30 15:00:00,11048.0
2022-05-30 16:00:00,11041.0
2022-05-30 17:00:00,11024.0
2022-05-30 18:00:00,11027.0
2022-05-30 19:00:00,11034.0
2022-05-30 20:00:00,11032.0
2022-05-31 07:00:00,10992.0
2022-05-31 08:00:00,10975.0
2022-05-31 09:00:00,10994.0
2022-05-31 10:00:00,10962.0
2022-05-31 11:00:00,10962.0
2022-05-31 12:00:00,10950.0
2022-05-31 13:00:00,10927.0
2022-05-31 14:00:00,10920.0
2022-05-31 15:00:00,10947.0
2022-05-31 16:00:00,10982.0
2022-05-31 17:00:00,10978.0
2022-05-31 18:00:00,10973.0
2022-05-31 19:00:00,10945.0
2022-05-31 20:00:00,10946.0
2022-06-01 07:00:00,11001.0
2022-06-01 08:00:00,10941.0
2022-06-01 09:00:00,10924.0
2022-06-01 10:00:00,10919.0
2022-06-01 11:00:00,10899.0
2022-06-01 12:00:00,10903.0
2022-06-01 13:00:00,10907.0
2022-06-01 14:00:00,10898.0
2022-06-01 15:00:00,10834.0
2022-06-01 16:00:00,10778.0
2022-06-01 17:00:00,10787.0
2022-06-01 18:00:00,10812.0
2022-06-01 19:00:00,10825.0
2022-06-01 20:00:00,10781.0
2022-06-02 07:00:00,10808.0
2022-06-02 08:00:00,10818.0
2022-06-02 09:00:00,10852.0
2022-06-02 10:00:00,10861.0
2022-06-02 11:00:00,10862.0
2022-06-02 12:00:00,10858.0
2022-06-02 13:00:00,10855.0
2022-06-02 14:00:00,10822.0
2022-06-02 15:00:00,10847.0
2022-06-02 16:00:00,10893.0
2022-06-02 17:00:00,10905.0
2022-06-02 18:00:00,10898.0
2022-06-02 19:00:00,10898.0
2022-06-02 20:00:00,10940.0
2022-06-03 07:00:00,10919.0
2022-06-03 08:00:00,10869.0
2022-06-03 09:00:00,10882.0
2022-06-03 10:00:00,10893.0
2022-06-03 11:00:00,10882.0
2022-06-03 12:00:00,10867.0
2022-06-03 13:00:00,10876.0
2022-06-03 14:00:00,10867.0
2022-06-03 15:00:00,10861.0
2022-06-03 16:00:00,10845.0
2022-06-03 17:00:00,10857.0
2022-06-03 18:00:00,10851.0
2022-06-03 19:00:00,10866.0
2022-06-03 20:00:00,10835.0
2022-06-07 07:00:00,10862.0
2022-06-07 08:00:00,10865.0
2022-06-07 09:00:00,10845.0
2022-06-07 10:00:00,10846.0
2022-06-07 11:00:00,10840.0
2022-06-07 12:00:00,10831.0
2022-06-07 13:00:00,10811.0
2022-06-07 14:00:00,10809.0
2022-06-07 15:00:00,10848.0
2022-06-07 16:00:00,10850.0
2022-06-07 17:00:00,10859.0
2022-06-07 18:00:00,10861.0
2022-06-07 19:00:00,10844.0
2022-06-07 20:00:00,10868.0
2022-06-08 07:00:00,10867.0
2022-06-08 08:00:00,10760.0
2022-06-08 09:00:00,10799.0
2022-06-08 10:00:00,10785.0
2022-06-08 11:00:00,10764.0
2022-06-08 12:00:00,10762.0
2022-06-08 13:00:00,10727.0
2022-06-08 14:00:00,10775.0
2022-06-08 15:00:00,10763.0
2022-06-08 16:00:00,10773.0
2022-06-08 17:00:00,10757.0
2022-06-08 18:00:00,10747.0
2022-06-08 19:00:00,10739.0
2022-06-08 20:00:00,10736.0
2022-06-09 07:00:00,10751.0
2022-06-09 08:00:00,10734.0
2022-06-09 09:00:00,10778.0
2022-06-09 10:00:00,10748.0
2022-06-09 11:00:00,10760.0
2022-06-09 12:00:00,10734.0
2022-06-09 13:00:00,10666.0
2022-06-09 14:00:00,10704.0
2022-06-09 15:00:00,10664.0
2022-06-09 16:00:00,10651.0
2022-06-09 17:00:00,10636.0
2022-06-09 18:00:00,10631.0
2022-06-09 19:00:00,10612.0
2022-06-09 20:00:00,10547.0
2022-06-10 07:00:00,10557.0
2022-06-10 08:00:00,10462.0
2022-06-10 09:00:00,10461.0
2022-06-10 10:00:00,10456.0
2022-06-10 11:00:00,10446.0
2022-06-10 12:00:00,10450.0
2022-06-10 13:00:00,10390.0
2022-06-10 14:00:00,10369.0
2022-06-10 15:00:00,10403.0
2022-06-10 16:00:00,10368.0
2022-06-10 17:00:00,10364.0
2022-06-10 18:00:00,10383.0
2022-06-10 19:00:00,10411.0
2022-06-10 20:00:00,10371.0
2022-06-13 07:00:00,10257.0
2022-06-13 08:00:00,10292.0
2022-06-13 09:00:00,10196.0
2022-06-13 10:00:00,10197.0
2022-06-13 11:00:00,10201.0
2022-06-13 12:00:00,10212.0
2022-06-13 13:00:00,10214.0
2022-06-13 14:00:00,10204.0
2022-06-13 15:00:00,10185.0
2022-06-13 16:00:00,10211.0
2022-06-13 17:00:00,10207.0
2022-06-13 18:00:00,10238.0
2022-06-13 19:00:00,10216.0
2022-06-13 20:00:00,10177.0
2022-06-14 07:00:00,10219.0
2022-06-14 08:00:00,10160.0
2022-06-14 09:00:00,10127.0
2022-06-14 10:00:00,10075.0
2022-06-14 11:00:00,10062.0
2022-06-14 12:00:00,10034.0
2022-06-14 13:00:00,10099.0
2022-06-14 14:00:00,10118.0
2022-06-14 15:00:00,10056.0
2022-06-14 16:00:00,9998.0
2022-06-14 17:00:00,10002.0
2022-06-14 18:00:00,9981.0
2022-06-14 19:00:00,9972.0
2022-06-14 20:00:00,10014.0
2022-06-15 07:00:00,10044.0
2022-06-15 08:00:00,10026.0
2022-06-15 09:00:00,10067.0
2022-06-15 10:00:00,10079.0
2022-06-15 11:00:00,10081.0
2022-06-15 12:00:00,10103.0
2022-06-15 13:00:00,10091.0
2022-06-15 14:00:00,10116.0
2022-06-15 15:00:00,10127.0
2022-06-15 16:00:00,10097.0
2022-06-15 17:00:00,10061.0
2022-06-15 18:00:00,10104.0
2022-06-15 19:00:00,10079.0
2022-06-15 20:00:00,10083.0
2022-06-16 07:00:00,10012.0
2022-06-16 08:00:00,9818.0
2022-06-16 09:00:00,9801.0
2022-06-16 10:00:00,9810.0
2022-06-16 11:00:00,9756.0
2022-06-16 12:00:00,9756.0
2022-06-16 13:00:00,9813.0
2022-06-16 14:00:00,9765.0
2022-06-16 15:00:00,9751.0
2022-06-16 16:00:00,9787.0
2022-06-16 17:00:00,9727.0
2022-06-16 18:00:00,9719.0
2022-06-16 19:00:00,9696.0
2022-06-16 20:00:00,9720.0
2022-06-16 20:00:01,9720.0
2022-06-17 07:00:00,9763.0
2022-06-17 08:00:00,9821.0
2022-06-17 09:00:00,9867.0
2022-06-17 10:00:00,9868.0
2022-06-17 11:00:00,9844.0
2022-06-17 12:00:00,9818.0
2022-06-17 13:00:00,9770.0
2022-06-17 14:00:00,9783.0
2022-06-17 15:00:00,9735.0
2022-06-17 16:00:00,9700.0
2022-06-17 17:00:00,9730.0
2022-06-17 18:00:00,9735.0
2022-06-17 19:00:00,9750.0
2022-06-17 20:00:00,9733.0
2022-06-20 07:00:00,9752.0
2022-06-20 08:00:00,9734.0
2022-06-20 09:00:00,9751.0
2022-06-20 10:00:00,9729.0
2022-06-20 11:00:00,9741.0
2022-06-20 12:00:00,9754.0
2022-06-20 13:00:00,9757.0
2022-06-20 14:00:00,9751.0
2022-06-20 15:00:00,9760.0
2022-06-20 16:00:00,9821.0
2022-06-20 17:00:00,9812.0
2022-06-20 18:00:00,9804.0
2022-06-20 19:00:00,9812.0
2022-06-20 20:00:00,9803.0
2022-06-20 23:00:00,
2022-06-21 07:00:00,9847.0
2022-06-21 08:00:00,9866.0
2022-06-21 09:00:00,9869.0
2022-06-21 10:00:00,9867.0
2022-06-21 11:00:00,9852.0
2022-06-21 12:00:00,9826.0
2022-06-21 13:00:00,9817.0
2022-06-21 14:00:00,9822.0
2022-06-21 15:00:00,9805.0
2022-06-21 16:00:00,9763.0
2022-06-21 17:00:00,9794.0
2022-06-21 18:00:00,9771.0
2022-06-21 19:00:00,9798.0
2022-06-21 20:00:00,9802.0
2022-06-22 07:00:00,9722.0
2022-06-22 08:00:00,9716.0
2022-06-22 09:00:00,9714.0
2022-06-22 10:00:00,9689.0
2022-06-22 11:00:00,9720.0
2022-06-22 12:00:00,9729.0
2022-06-22 13:00:00,9739.0
2022-06-22 14:00:00,9768.0
2022-06-22 15:00:00,9830.0
2022-06-22 16:00:00,9794.0
2022-06-22 17:00:00,9817.0
2022-06-22 18:00:00,9838.0
2022-06-22 19:00:00,9845.0
2022-06-22 20:00:00,9835.0
2022-06-23 07:00:00,9777.0
2022-06-23 08:00:00,9710.0
2022-06-23 09:00:00,9724.0
2022-06-23 10:00:00,9758.0
2022-06-23 11:00:00,9801.0
2022-06-23 12:00:00,9808.0
2022-06-23 13:00:00,9774.0
2022-06-23 14:00:00,9773.0
2022-06-23 15:00:00,9754.0
2022-06-23 16:00:00,9743.0
2022-06-23 17:00:00,9717.0
2022-06-23 18:00:00,9738.0
2022-06-23 19:00:00,9762.0
2022-06-23 20:00:00,9766.0
2022-06-24 07:00:00,9806.0
2022-06-24 08:00:00,9925.0
2022-06-24 09:00:00,9972.0
2022-06-24 10:00:00,10020.0
2022-06-24 11:00:00,10008.0
2022-06-24 12:00:00,10012.0
2022-06-24 13:00:00,10013.0
2022-06-24 14:00:00,10057.0
2022-06-24 15:00:00,10098.0
2022-06-24 16:00:00,10143.0
2022-06-24 17:00:00,10157.0
2022-06-24 18:00:00,10158.0
2022-06-24 19:00:00,10161.0
2022-06-24 20:00:00,10162.0
2022-06-27 07:00:00,10184.0
2022-06-27 08:00:00,10212.0
2022-06-27 09:00:00,10180.0
2022-06-27 10:00:00,10172.0
2022-06-27 11:00:00,10173.0
2022-06-27 12:00:00,10155.0
2022-06-27 13:00:00,10155.0
2022-06-27 14:00:00,10136.0
2022-06-27 15:00:00,10198.0
2022-06-27 16:00:00,10197.0
2022-06-27 17:00:00,10194.0
2022-06-27 18:00:00,10178.0
2022-06-27 19:00:00,10180.0
2022-06-27 20:00:00,10188.0
2022-06-28 07:00:00,10230.0
2022-06-28 08:00:00,10202.0
2022-06-28 09:00:00,10204.0
2022-06-28 10:00:00,10177.0
2022-06-28 11:00:00,10210.0
2022-06-28 12:00:00,10178.0
2022-06-28 13:00:00,10165.0
2022-06-28 14:00:00,10185.0
2022-06-28 15:00:00,10132.0
2022-06-28 16:00:00,10070.0
2022-06-28 17:00:00,10065.0
2022-06-28 18:00:00,10037.0
2022-06-28 19:00:00,10029.0
2022-06-28 20:00:00,10023.0
2022-06-29 07:00:00,10000.0
2022-06-29 08:00:00,10065.0
2022-06-29 09:00:00,10064.0
2022-06-29 10:00:00,9977.0
2022-06-29 11:00:00,9995.0
2022-06-29 12:00:00,10043.0
2022-06-29 13:00:00,10051.0
2022-06-29 14:00:00,10086.0
2022-06-29 15:00:00,10090.0
2022-06-29 16:00:00,10108.0
2022-06-29 17:00:00,10090.0
2022-06-29 18:00:00,10107.0
2022-06-29 19:00:00,10095.0
2022-06-29 20:00:00,10101.0
2022-06-30 07:00:00,9994.0
2022-06-30 08:00:00,9965.0
2022-06-30 09:00:00,9982.0
2022-06-30 10:00:00,9979.0
2022-06-30 11:00:00,9933.0
2022-06-30 12:00:00,9946.0
2022-06-30 13:00:00,9949.0
2022-06-30 14:00:00,9946.0
2022-06-30 15:00:00,10028.0
2022-06-30 16:00:00,10057.0
2022-06-30 17:00:00,10071.0
2022-06-30 18:00:00,10070.0
2022-06-30 19:00:00,10044.0
2022-06-30 20:00:00,10032.0
2022-07-01 07:00:00,9997.0
2022-07-01 08:00:00,9955.0
2022-07-01 09:00:00,9992.0
2022-07-01 10:00:00,10021.0
2022-07-01 11:00:00,10016.0
2022-07-01 12:00:00,9974.0
2022-07-01 13:00:00,10044.0
2022-07-01 14:00:00,10114.0
2022-07-01 15:00:00,10050.0
2022-07-01 16:00:00,10061.0
2022-07-01 17:00:00,10072.0
2022-07-01 18:00:00,10114.0
2022-07-01 19:00:00,10129.0
2022-07-01 20:00:00,10141.0
2022-07-04 07:00:00,10126.0
2022-07-04 08:00:00,10164.0
2022-07-04 09:00:00,10189.0
2022-07-04 10:00:00,10219.0
2022-07-04 11:00:00,10197.0
2022-07-04 12:00:00,10196.0
2022-07-04 13:00:00,10216.0
2022-07-04 14:00:00,10195.0
2022-07-04 15:00:00,10190.0
2022-07-04 16:00:00,10160.0
2022-07-04 17:00:00,10154.0
2022-07-04 18:00:00,10153.0
2022-07-04 19:00:00,10154.0
2022-07-04 20:00:00,10151.0
2022-07-05 07:00:00,10213.0
2022-07-05 08:00:00,10192.0
2022-07-05 09:00:00,10101.0
2022-07-05 10:00:00,10121.0
2022-07-05 11:00:00,10110.0
2022-07-05 12:00:00,10099.0
2022-07-05 13:00:00,10013.0
2022-07-05 14:00:00,10051.0
2022-07-05 15:00:00,10040.0
2022-07-05 16:00:00,10023.0
2022-07-05 17:00:00,10022.0
2022-07-05 18:00:00,10053.0
2022-07-05 19:00:00,10092.0
2022-07-05 20:00:00,10100.0
2022-07-06 07:00:00,10100.0
2022-07-06 08:00:00,10175.0
2022-07-06 09:00:00,10121.0
2022-07-06 10:00:00,10115.0
2022-07-06 11:00:00,10135.0
2022-07-06 12:00:00,10117.0
2022-07-06 13:00:00,10129.0
2022-07-06 14:00:00,10153.0
2022-07-06 15:00:00,10163.0
2022-07-06 16:00:00,10150.0
2022-07-06 17:00:00,10151.0
2022-07-06 18:00:00,10155.0
2022-07-06 19:00:00,10190.0
2022-07-06 20:00:00,10188.0
2022-07-06 23:00:00,
2022-07-07 07:00:00,10200.0
2022-07-07 08:00:00,10255.0
2022-07-07 09:00:00,10230.0
2022-07-07 10:00:00,10228.0
2022-07-07 11:00:00,10265.0
2022-07-07 12:00:00,10289.0
2022-07-07 13:00:00,10268.0
2022-07-07 14:00:00,10251.0
2022-07-07 15:00:00,10235.0
2022-07-07 16:00:00,10254.0
2022-07-07 17:00:00,10247.0
2022-07-07 18:00:00,10257.0
2022-07-07 19:00:00,10251.0
2022-07-07 20:00:00,10269.0
2022-07-08 07:00:00,10267.0
2022-07-08 08:00:00,10308.0
2022-07-08 09:00:00,10270.0
2022-07-08 10:00:00,10276.0
2022-07-08 11:00:00,10266.0
2022-07-08 12:00:00,10251.0
2022-07-08 13:00:00,10234.0
2022-07-08 14:00:00,10265.0
2022-07-08 15:00:00,10318.0
2022-07-08 16:00:00,10312.0
2022-07-08 17:00:00,10279.0
2022-07-08 18:00:00,10291.0
2022-07-08 19:00:00,10305.0
2022-07-08 20:00:00,10303.0
2022-07-11 07:00:00,10225.0
2022-07-11 08:00:00,10253.0
2022-07-11 09:00:00,10297.0
2022-07-11 10:00:00,10306.0
2022-07-11 11:00:00,10297.0
2022-07-11 12:00:00,10291.0
2022-07-11 13:00:00,10302.0
2022-07-11 14:00:00,10307.0
2022-07-11 15:00:00,10312.0
2022-07-11 16:00:00,10327.0
2022-07-11 17:00:00,10342.0
2022-07-11 18:00:00,10351.0
2022-07-11 19:00:00,10323.0
2022-07-11 20:00:00,10318.0
2022-07-12 07:00:00,10289.0
2022-07-12 08:00:00,10242.0
2022-07-12 09:00:00,10297.0
2022-07-12 10:00:00,10270.0
2022-07-12 11:00:00,10284.0
2022-07-12 12:00:00,10312.0
2022-07-12 13:00:00,10304.0
2022-07-12 14:00:00,10317.0
2022-07-12 15:00:00,10348.0
2022-07-12 16:00:00,10382.0
2022-07-12 17:00:00,10386.0
2022-07-12 18:00:00,10382.0
2022-07-12 19:00:00,10360.0
2022-07-12 20:00:00,10331.0
2022-07-13 07:00:00,10309.0
2022-07-13 08:00:00,10234.0
2022-07-13 09:00:00,10234.0
2022-07-13 10:00:00,10214.0
2022-07-13 11:00:00,10210.0
2022-07-13 12:00:00,10204.0
2022-07-13 13:00:00,10172.0
2022-07-13 14:00:00,10188.0
2022-07-13 15:00:00,10202.0
2022-07-13 16:00:00,10216.0
2022-07-13 17:00:00,10232.0
2022-07-13 18:00:00,10228.0
2022-07-13 19:00:00,10250.0
2022-07-13 20:00:00,10243.0
2022-07-14 07:00:00,10190.0
2022-07-14 08:00:00,10153.0
2022-07-14 09:00:00,10141.0
2022-07-14 10:00:00,10142.0
2022-07-14 11:00:00,10122.0
2022-07-14 12:00:00,10144.0
2022-07-14 13:00:00,10097.0
2022-07-14 14:00:00,10070.0
2022-07-14 15:00:00,10091.0
2022-07-14 16:00:00,10117.0
2022-07-14 17:00:00,10095.0
2022-07-14 18:00:00,10118.0
2022-07-14 19:00:00,10149.0
2022-07-14 20:00:00,10140.0
2022-07-15 07:00:00,10153.0
2022-07-15 08:00:00,10121.0
2022-07-15 09:00:00,10154.0
2022-07-15 10:00:00,10115.0
2022-07-15 11:00:00,10152.0
2022-07-15 12:00:00,10142.0
2022-07-15 13:00:00,10189.0
2022-07-15 14:00:00,10204.0
2022-07-15 15:00:00,10245.0
2022-07-15 16:00:00,10275.0
2022-07-15 17:00:00,10262.0
2022-07-15 18:00:00,10271.0
2022-07-15 19:00:00,10273.0
2022-07-15 20:00:00,10271.0
2022-07-18 07:00:00,10318.0
2022-07-18 08:00:00,10359.0
2022-07-18 09:00:00,10403.0
2022-07-18 10:00:00,10384.0
2022-07-18 11:00:00,10399.0
2022-07-18 12:00:00,10419.0
2022-07-18 13:00:00,10375.0
2022-07-18 14:00:00,10359.0
2022-07-18 15:00:00,10335.0
2022-07-18 16:00:00,10330.0
2022-07-18 17:00:00,10309.0
2022-07-18 18:00:00,10266.0
2022-07-18 19:00:00,10251.0
2022-07-18 20:00:00,10250.0
2022-07-18 23:00:00,
2022-07-19 07:00:00,10244.0
2022-07-19 08:00:00,10258.0
2022-07-19 09:00:00,10300.0
2022-07-19 10:00:00,10323.0
2022-07-19 11:00:00,10342.0
2022-07-19 12:00:00,10349.0
2022-07-19 13:00:00,10379.0
2022-07-19 14:00:00,10410.0
2022-07-19 15:00:00,10428.0
2022-07-19 16:00:00,10423.0
2022-07-19 17:00:00,10433.0
2022-07-19 18:00:00,10445.0
2022-07-19 19:00:00,10435.0
2022-07-19 20:00:00,10442.0
2022-07-20 07:00:00,10459.0
2022-07-20 08:00:00,10442.0
2022-07-20 09:00:00,10435.0
2022-07-20 10:00:00,10430.0
2022-07-20 11:00:00,10404.0
2022-07-20 12:00:00,10407.0
2022-07-20 13:00:00,10395.0
2022-07-20 14:00:00,10364.0
2022-07-20 15:00:00,10380.0
2022-07-20 16:00:00,10385.0
2022-07-20 17:00:00,10370.0
2022-07-20 18:00:00,10330.0
2022-07-20 19:00:00,10368.0
2022-07-20 20:00:00,10373.0
2022-07-21 07:00:00,10352.0
2022-07-21 08:00:00,10350.0
2022-07-21 09:00:00,10373.0
2022-07-21 10:00:00,10387.0
2022-07-21 11:00:00,10387.0
2022-07-21 12:00:00,10384.0
2022-07-21 13:00:00,10401.0
2022-07-21 14:00:00,10408.0
2022-07-21 15:00:00,10426.0
2022-07-21 16:00:00,10435.0
2022-07-21 17:00:00,10465.0
2022-07-21 18:00:00,10430.0
2022-07-21 19:00:00,10434.0
2022-07-21 20:00:00,10447.0
2022-07-22 07:00:00,10428.0
2022-07-22 08:00:00,10438.0
2022-07-22 09:00:00,10467.0
2022-07-22 10:00:00,10441.0
2022-07-22 11:00:00,10464.0
2022-07-22 12:00:00,10454.0
2022-07-22 13:00:00,10462.0
2022-07-22 14:00:00,10424.0
2022-07-22 15:00:00,10416.0
2022-07-22 16:00:00,10391.0
2022-07-22 17:00:00,10369.0
2022-07-22 18:00:00,10350.0
2022-07-22 19:00:00,10341.0
2022-07-22 20:00:00,10338.0
2022-07-25 07:00:00,10350.0
2022-07-25 08:00:00,10414.0
2022-07-25 09:00:00,10422.0
2022-07-25 10:00:00,10441.0
2022-07-25 11:00:00,10458.0
2022-07-25 12:00:00,10447.0
2022-07-25 13:00:00,10441.0
2022-07-25 14:00:00,10438.0
2022-07-25 15:00:00,10436.0
2022-07-25 16:00:00,10449.0
2022-07-25 17:00:00,10444.0
2022-07-25 18:00:00,10439.0
2022-07-25 19:00:00,10421.0
2022-07-25 20:00:00,10447.0
2022-07-26 07:00:00,10415.0
2022-07-26 08:00:00,10416.0
2022-07-26 09:00:00,10416.0
2022-07-26 10:00:00,10423.0
2022-07-26 11:00:00,10407.0
2022-07-26 12:00:00,10423.0
2022-07-26 13:00:00,10430.0
2022-07-26 14:00:00,10416.0
2022-07-26 15:00:00,10425.0
2022-07-26 16:00:00,10380.0
2022-07-26 17:00:00,10400.0
2022-07-26 18:00:00,10398.0
2022-07-26 19:00:00,10389.0
2022-07-26 20:00:00,10367.0
2022-07-27 07:00:00,10428.0
2022-07-27 08:00:00,10449.0
2022-07-27 09:00:00,10422.0
2022-07-27 10:00:00,10396.0
2022-07-27 11:00:00,10398.0
2022-07-27 12:00:00,10399.0
2022-07-27 13:00:00,10406.0
2022-07-27 14:00:00,10405.0
2022-07-27 15:00:00,10374.0
2022-07-27 16:00:00,10371.0
2022-07-27 17:00:00,10365.0
2022-07-27 18:00:00,10371.0
2022-07-27 19:00:00,10402.0
2022-07-27 20:00:00,10427.0
2022-07-28 07:00:00,10393.0
2022-07-28 08:00:00,10377.0
2022-07-28 09:00:00,10371.0
2022-07-28 10:00:00,10393.0
2022-07-28 11:00:00,10395.0
2022-07-28 12:00:00,10401.0
2022-07-28 13:00:00,10392.0
2022-07-28 14:00:00,10398.0
2022-07-28 15:00:00,10408.0
2022-07-28 16:00:00,10449.0
2022-07-28 17:00:00,10470.0
2022-07-28 18:00:00,10493.0
2022-07-28 19:00:00,10490.0
2022-07-28 20:00:00,10478.0
2022-07-29 07:00:00,10518.0
2022-07-29 08:00:00,10482.0
2022-07-29 09:00:00,10498.0
2022-07-29 10:00:00,10507.0
2022-07-29 11:00:00,10510.0
2022-07-29 12:00:00,10508.0
2022-07-29 13:00:00,10508.0
2022-07-29 14:00:00,10499.0
2022-07-29 15:00:00,10480.0
2022-07-29 16:00:00,10465.0
2022-07-29 17:00:00,10456.0
2022-07-29 18:00:00,10445.0
2022-07-29 19:00:00,10456.0
2022-07-29 20:00:00,10511.0
2022-07-29 23:00:00,10481.0
2022-08-02 07:00:00,10406.0
2022-08-02 08:00:00,10405.0
2022-08-02 09:00:00,10391.0
2022-08-02 10:00:00,10395.0
2022-08-02 11:00:00,10349.0
2022-08-02 12:00:00,10380.0
2022-08-02 13:00:00,10423.0
2022-08-02 14:00:00,10428.0
2022-08-02 15:00:00,10430.0
2022-08-02 16:00:00,10428.0
2022-08-02 17:00:00,10454.0
2022-08-02 18:00:00,10410.0
2022-08-02 19:00:00,10418.0
2022-08-02 20:00:00,10392.0
2022-08-02 23:00:00,10419.0
2022-08-03 07:00:00,10399.0
2022-08-03 08:00:00,10374.0
2022-08-03 09:00:00,10400.0
2022-08-03 10:00:00,10413.0
2022-08-03 11:00:00,10416.0
2022-08-03 12:00:00,10426.0
2022-08-03 13:00:00,10452.0
2022-08-03 14:00:00,10468.0
2022-08-03 15:00:00,10499.0
2022-08-03 16:00:00,10494.0
2022-08-03 17:00:00,10498.0
2022-08-03 18:00:00,10495.0
2022-08-03 19:00:00,10489.0
2022-08-03 20:00:00,10492.0
2022-08-04 07:00:00,10479.0
2022-08-04 08:00:00,10519.0
2022-08-04 09:00:00,10493.0
2022-08-04 10:00:00,10513.0
2022-08-04 11:00:00,10520.0
2022-08-04 12:00:00,10522.0
2022-08-04 13:00:00,10516.0
2022-08-04 14:00:00,10515.0
2022-08-04 15:00:00,10496.0
2022-08-04 16:00:00,10518.0
2022-08-04 17:00:00,10497.0
2022-08-04 18:00:00,10494.0
2022-08-04 19:00:00,10491.0
2022-08-04 20:00:00,10499.0
2022-08-05 07:00:00,10494.0
2022-08-05 08:00:00,10518.0
2022-08-05 09:00:00,10506.0
2022-08-05 10:00:00,10514.0
2022-08-05 11:00:00,10516.0
2022-08-05 12:00:00,10529.0
2022-08-05 13:00:00,10461.0
2022-08-05 14:00:00,10429.0
2022-08-05 15:00:00,10467.0
2022-08-05 16:00:00,10431.0
2022-08-05 17:00:00,10463.0
2022-08-05 18:00:00,10464.0
2022-08-05 19:00:00,10460.0
2022-08-05 20:00:00,10471.0
2022-08-08 07:00:00,10487.0
2022-08-08 08:00:00,10490.0
2022-08-08 09:00:00,10465.0
2022-08-08 10:00:00,10471.0
2022-08-08 11:00:00,10491.0
2022-08-08 12:00:00,10482.0
2022-08-08 13:00:00,10512.0
2022-08-08 14:00:00,10516.0
2022-08-08 15:00:00,10499.0
2022-08-08 16:00:00,10462.0
2022-08-08 17:00:00,10443.0
2022-08-08 18:00:00,10448.0
2022-08-08 19:00:00,10442.0
2022-08-08 20:00:00,10442.0
2022-08-08 23:00:00,
2022-08-09 07:00:00,10455.0
2022-08-09 08:00:00,10454.0
2022-08-09 09:00:00,10458.0
2022-08-09 10:00:00,10434.0
2022-08-09 11:00:00,10437.0
2022-08-09 12:00:00,10421.0
2022-08-09 13:00:00,10442.0
2022-08-09 14:00:00,10461.0
2022-08-09 15:00:00,10455.0
2022-08-09 16:00:00,10446.0
2022-08-09 17:00:00,10430.0
2022-08-09 18:00:00,10435.0
2022-08-09 19:00:00,10428.0
2022-08-09 20:00:00,10422.0
2022-08-10 07:00:00,10409.0
2022-08-10 08:00:00,10389.0
2022-08-10 09:00:00,10394.0
2022-08-10 10:00:00,10408.0
2022-08-10 11:00:00,10405.0
2022-08-10 12:00:00,10393.0
2022-08-10 13:00:00,10453.0
2022-08-10 14:00:00,10465.0
2022-08-10 15:00:00,10450.0
2022-08-10 16:00:00,10458.0
2022-08-10 17:00:00,10449.0
2022-08-10 18:00:00,10447.0
2022-08-10 19:00:00,10443.0
2022-08-10 20:00:00,10444.0
2022-08-11 07:00:00,10507.0
2022-08-11 08:00:00,10501.0
2022-08-11 09:00:00,10486.0
2022-08-11 10:00:00,10499.0
2022-08-11 11:00:00,10494.0
2022-08-11 12:00:00,10471.0
2022-08-11 13:00:00,10436.0
2022-08-11 14:00:00,10477.0
2022-08-11 15:00:00,10481.0
2022-08-11 16:00:00,10448.0
2022-08-11 17:00:00,10459.0
2022-08-11 18:00:00,10457.0
2022-08-11 19:00:00,10441.0
2022-08-11 20:00:00,10430.0
2022-08-12 07:00:00,10449.0
2022-08-12 08:00:00,10468.0
2022-08-12 09:00:00,10477.0
2022-08-12 10:00:00,10477.0
2022-08-12 11:00:00,10470.0
2022-08-12 12:00:00,10473.0
2022-08-12 13:00:00,10472.0
2022-08-12 14:00:00,10444.0
2022-08-12 15:00:00,10448.0
2022-08-12 16:00:00,10457.0
2022-08-12 17:00:00,10471.0
2022-08-12 18:00:00,10484.0
2022-08-12 19:00:00,10493.0
2022-08-12 20:00:00,10497.0
2022-08-15 07:00:00,10476.0
2022-08-15 08:00:00,10463.0
2022-08-15 09:00:00,10466.0
2022-08-15 10:00:00,10463.0
2022-08-15 11:00:00,10471.0
2022-08-15 12:00:00,10460.0
2022-08-15 13:00:00,10439.0
2022-08-15 14:00:00,10498.0
2022-08-15 15:00:00,10478.0
2022-08-15 16:00:00,10503.0
2022-08-15 17:00:00,10515.0
2022-08-15 18:00:00,10505.0
2022-08-15 19:00:00,10520.0
2022-08-15 20:00:00,10524.0
2022-08-16 07:00:00,10509.0
2022-08-16 08:00:00,10452.0
2022-08-16 09:00:00,10465.0
2022-08-16 10:00:00,10449.0
2022-08-16 11:00:00,10447.0
2022-08-16 12:00:00,10438.0
2022-08-16 13:00:00,10419.0
2022-08-16 14:00:00,10425.0
2022-08-16 15:00:00,10440.0
2022-08-16 16:00:00,10454.0
2022-08-16 17:00:00,10462.0
2022-08-16 18:00:00,10481.0
2022-08-16 19:00:00,10468.0
2022-08-16 20:00:00,10467.0
2022-08-17 07:00:00,10474.0
2022-08-17 08:00:00,10490.0
2022-08-17 09:00:00,10468.0
2022-08-17 10:00:00,10476.0
2022-08-17 11:00:00,10467.0
2022-08-17 12:00:00,10460.0
2022-08-17 13:00:00,10445.0
2022-08-17 14:00:00,10460.0
2022-08-17 15:00:00,10435.0
2022-08-17 16:00:00,10427.0
2022-08-17 17:00:00,10467.0
2022-08-17 18:00:00,10472.0
2022-08-17 19:00:00,10476.0
2022-08-17 20:00:00,10455.0
2022-08-18 07:00:00,10425.0
2022-08-18 08:00:00,10443.0
2022-08-18 09:00:00,10443.0
2022-08-18 10:00:00,10473.0
2022-08-18 11:00:00,10486.0
2022-08-18 12:00:00,10491.0
2022-08-18 13:00:00,10481.0
2022-08-18 14:00:00,10469.0
2022-08-18 15:00:00,10463.0
2022-08-18 16:00:00,10489.0
2022-08-18 17:00:00,10476.0
2022-08-18 18:00:00,10482.0
2022-08-18 19:00:00,10492.0
2022-08-18 20:00:00,10496.0
2022-08-19 07:00:00,10452.0
2022-08-19 08:00:00,10509.0
2022-08-19 09:00:00,10508.0
2022-08-19 10:00:00,10536.0
2022-08-19 11:00:00,10511.0
2022-08-19 12:00:00,10531.0
2022-08-19 13:00:00,10506.0
2022-08-19 14:00:00,10480.0
2022-08-19 15:00:00,10469.0
2022-08-19 16:00:00,10468.0
2022-08-19 17:00:00,10494.0
2022-08-19 18:00:00,10490.0
2022-08-19 19:00:00,10482.0
2022-08-19 20:00:00,10474.0
2022-08-22 07:00:00,10445.0
2022-08-22 08:00:00,10415.0
2022-08-22 09:00:00,10382.0
2022-08-22 10:00:00,10397.0
2022-08-22 11:00:00,10395.0
2022-08-22 12:00:00,10404.0
2022-08-22 13:00:00,10399.0
2022-08-22 14:00:00,10407.0
2022-08-22 15:00:00,10384.0
2022-08-22 16:00:00,10413.0
2022-08-22 17:00:00,10397.0
2022-08-22 18:00:00,10372.0
2022-08-22 19:00:00,10366.0
2022-08-22 20:00:00,10371.0
2022-08-23 07:00:00,10332.0
2022-08-23 08:00:00,10331.0
2022-08-23 09:00:00,10328.0
2022-08-23 10:00:00,10330.0
2022-08-23 11:00:00,10308.0
2022-08-23 12:00:00,10319.0
2022-08-23 13:00:00,10286.0
2022-08-23 14:00:00,10265.0
2022-08-23 15:00:00,10248.0
2022-08-23 16:00:00,10261.0
2022-08-23 17:00:00,10254.0
2022-08-23 18:00:00,10247.0
2022-08-23 19:00:00,10249.0
2022-08-23 20:00:00,10253.0
2022-08-24 07:00:00,10239.0
2022-08-24 08:00:00,10214.0
2022-08-24 09:00:00,10270.0
2022-08-24 10:00:00,10263.0
2022-08-24 11:00:00,10278.0
2022-08-24 12:00:00,10302.0
2022-08-24 13:00:00,10299.0
2022-08-24 14:00:00,10307.0
2022-08-24 15:00:00,10323.0
2022-08-24 16:00:00,10347.0
2022-08-24 17:00:00,10320.0
2022-08-24 18:00:00,10316.0
2022-08-24 19:00:00,10319.0
2022-08-24 20:00:00,10325.0
2022-08-25 07:00:00,10369.0
2022-08-25 08:00:00,10435.0
2022-08-25 09:00:00,10399.0
2022-08-25 10:00:00,10333.0
2022-08-25 11:00:00,10325.0
2022-08-25 12:00:00,10328.0
2022-08-25 13:00:00,10328.0
2022-08-25 14:00:00,10317.0
2022-08-25 15:00:00,10393.0
2022-08-25 16:00:00,10379.0
2022-08-25 17:00:00,10370.0
2022-08-25 18:00:00,10383.0
2022-08-25 19:00:00,10391.0
2022-08-25 20:00:00,10388.0
2022-08-26 07:00:00,10411.0
2022-08-26 08:00:00,10352.0
2022-08-26 09:00:00,10369.0
2022-08-26 10:00:00,10382.0
2022-08-26 11:00:00,10361.0
2022-08-26 12:00:00,10359.0
2022-08-26 13:00:00,10381.0
2022-08-26 14:00:00,10357.0
2022-08-26 15:00:00,10274.0
2022-08-26 16:00:00,10259.0
2022-08-26 17:00:00,10258.0
2022-08-26 18:00:00,10237.0
2022-08-26 19:00:00,10210.0
2022-08-26 20:00:00,10204.0
2022-08-29 07:00:00,10179.0
2022-08-29 08:00:00,10219.0
2022-08-29 09:00:00,10221.0
2022-08-29 10:00:00,10210.0
2022-08-29 11:00:00,10202.0
2022-08-29 12:00:00,10195.0
2022-08-29 13:00:00,10219.0
2022-08-29 14:00:00,10202.0
2022-08-29 15:00:00,10209.0
2022-08-29 16:00:00,10234.0
2022-08-29 17:00:00,10245.0
2022-08-29 18:00:00,10247.0
2022-08-29 19:00:00,10242.0
2022-08-29 20:00:00,10246.0
2022-08-30 07:00:00,10219.0
2022-08-30 08:00:00,10275.0
2022-08-30 09:00:00,10298.0
2022-08-30 10:00:00,10308.0
2022-08-30 11:00:00,10289.0
2022-08-30 12:00:00,10302.0
2022-08-30 13:00:00,10270.0
2022-08-30 14:00:00,10255.0
2022-08-30 15:00:00,10212.0
2022-08-30 16:00:00,10205.0
2022-08-30 17:00:00,10188.0
2022-08-30 18:00:00,10182.0
2022-08-30 19:00:00,10165.0
2022-08-30 20:00:00,10186.0
2022-08-31 07:00:00,10212.0
2022-08-31 08:00:00,10165.0
2022-08-31 09:00:00,10168.0
2022-08-31 10:00:00,10132.0
2022-08-31 11:00:00,10190.0
2022-08-31 12:00:00,10212.0
2022-08-31 13:00:00,10216.0
2022-08-31 14:00:00,10237.0
2022-08-31 15:00:00,10205.0
2022-08-31 16:00:00,10177.0
2022-08-31 17:00:00,10155.0
2022-08-31 18:00:00,10145.0
2022-08-31 19:00:00,10140.0
2022-08-31 20:00:00,10150.0
2022-09-01 07:00:00,10095.0
2022-09-01 08:00:00,10051.0
2022-09-01 09:00:00,10014.0
2022-09-01 10:00:00,10025.0
2022-09-01 11:00:00,10046.0
2022-09-01 12:00:00,10066.0
2022-09-01 13:00:00,10046.0
2022-09-01 14:00:00,10044.0
2022-09-01 15:00:00,9976.0
2022-09-01 16:00:00,9984.0
2022-09-01 17:00:00,9988.0
2022-09-01 18:00:00,10006.0
2022-09-01 19:00:00,10037.0
2022-09-01 20:00:00,10048.0
2022-09-02 07:00:00,10048.0
2022-09-02 08:00:00,10036.0
2022-09-02 09:00:00,10047.0
2022-09-02 10:00:00,10051.0
2022-09-02 11:00:00,10060.0
2022-09-02 12:00:00,10072.0
2022-09-02 13:00:00,10139.0
2022-09-02 14:00:00,10128.0
2022-09-02 15:00:00,10196.0
2022-09-02 16:00:00,10205.0
2022-09-02 17:00:00,10113.0
2022-09-02 18:00:00,10054.0
2022-09-02 19:00:00,10044.0
2022-09-02 20:00:00,10052.0
2022-09-05 07:00:00,10056.0
2022-09-05 08:00:00,10027.0
2022-09-05 09:00:00,10053.0
2022-09-05 10:00:00,10093.0
2022-09-05 11:00:00,10067.0
2022-09-05 12:00:00,10078.0
2022-09-05 13:00:00,10104.0
2022-09-05 14:00:00,10132.0
2022-09-05 15:00:00,10151.0
2022-09-05 16:00:00,10120.0
2022-09-05 17:00:00,10122.0
2022-09-05 18:00:00,10119.0
2022-09-05 19:00:00,10117.0
2022-09-05 20:00:00,10117.0
2022-09-06 07:00:00,10123.0
2022-09-06 08:00:00,10194.0
2022-09-06 09:00:00,10224.0
2022-09-06 10:00:00,10238.0
2022-09-06 11:00:00,10210.0
2022-09-06 12:00:00,10192.0
2022-09-06 13:00:00,10199.0
2022-09-06 14:00:00,10191.0
2022-09-06 15:00:00,10187.0
2022-09-06 16:00:00,10160.0
2022-09-06 17:00:00,10132.0
2022-09-06 18:00:00,10105.0
2022-09-06 19:00:00,10101.0
2022-09-06 20:00:00,10101.0
2022-09-07 07:00:00,10096.0
2022-09-07 08:00:00,10137.0
2022-09-07 09:00:00,10139.0
2022-09-07 10:00:00,10117.0
2022-09-07 11:00:00,10096.0
2022-09-07 12:00:00,10086.0
2022-09-07 13:00:00,10058.0
2022-09-07 14:00:00,10084.0
2022-09-07 15:00:00,10102.0
2022-09-07 16:00:00,10108.0
2022-09-07 17:00:00,10116.0
2022-09-07 18:00:00,10139.0
2022-09-07 19:00:00,10152.0
2022-09-07 20:00:00,10156.0
2022-09-08 07:00:00,10160.0
2022-09-08 08:00:00,10142.0
2022-09-08 09:00:00,10141.0
2022-09-08 10:00:00,10148.0
2022-09-08 11:00:00,10161.0
2022-09-08 12:00:00,10116.0
2022-09-08 13:00:00,10062.0
2022-09-08 14:00:00,10040.0
2022-09-08 15:00:00,10103.0
2022-09-08 16:00:00,10098.0
2022-09-08 17:00:00,10071.0
2022-09-08 18:00:00,10089.0
2022-09-08 19:00:00,10081.0
2022-09-08 20:00:00,10085.0
2022-09-09 07:00:00,10124.0
2022-09-09 08:00:00,10134.0
2022-09-09 09:00:00,10207.0
2022-09-09 10:00:00,10206.0
2022-09-09 11:00:00,10218.0
2022-09-09 12:00:00,10228.0
2022-09-09 13:00:00,10249.0
2022-09-09 14:00:00,10221.0
2022-09-09 15:00:00,10249.0
2022-09-09 16:00:00,10235.0
2022-09-09 17:00:00,10232.0
2022-09-09 18:00:00,10249.0
2022-09-09 19:00:00,10254.0
2022-09-09 20:00:00,10263.0
2022-09-09 20:00:01,10263.0
2022-09-12 07:00:00,10263.0
2022-09-12 08:00:00,10252.0
2022-09-12 09:00:00,10262.0
2022-09-12 10:00:00,10261.0
2022-09-12 11:00:00,10272.0
2022-09-12 12:00:00,10277.0
2022-09-12 13:00:00,10289.0
2022-09-12 14:00:00,10332.0
2022-09-12 15:00:00,10316.0
2022-09-12 16:00:00,10291.0
2022-09-12 17:00:00,10304.0
2022-09-12 18:00:00,10312.0
2022-09-12 19:00:00,10303.0
2022-09-12 20:00:00,10308.0
2022-09-13 07:00:00,10316.0
2022-09-13 08:00:00,10368.0
2022-09-13 09:00:00,10367.0
2022-09-13 10:00:00,10371.0
2022-09-13 11:00:00,10381.0
2022-09-13 12:00:00,10399.0
2022-09-13 13:00:00,10302.0
2022-09-13 14:00:00,10258.0
2022-09-13 15:00:00,10221.0
2022-09-13 16:00:00,10201.0
2022-09-13 17:00:00,10221.0
2022-09-13 18:00:00,10211.0
2022-09-13 19:00:00,10180.0
2022-09-13 20:00:00,10161.0
2022-09-13 23:00:00,
2022-09-14 07:00:00,10169.0
2022-09-14 08:00:00,10174.0
2022-09-14 09:00:00,10164.0
2022-09-14 10:00:00,10140.0
2022-09-14 11:00:00,10105.0
2022-09-14 12:00:00,10050.0
2022-09-14 13:00:00,10070.0
2022-09-14 14:00:00,10102.0
2022-09-14 15:00:00,10101.0
2022-09-14 16:00:00,10090.0
2022-09-14 17:00:00,10089.0
2022-09-14 18:00:00,10056.0
2022-09-14 19:00:00,10058.0
2022-09-14 20:00:00,10056.0
2022-09-14 23:00:00,
2022-09-15 07:00:00,10067.0
2022-09-15 08:00:00,10132.0
2022-09-15 09:00:00,10140.0
2022-09-15 10:00:00,10114.0
2022-09-15 11:00:00,10097.0
2022-09-15 12:00:00,10096.0
2022-09-15 13:00:00,10090.0
2022-09-15 14:00:00,10084.0
2022-09-15 15:00:00,10064.0
2022-09-15 16:00:00,10049.0
2022-09-15 17:00:00,10073.0
2022-09-15 18:00:00,10076.0
2022-09-15 19:00:00,10049.0
2022-09-15 20:00:00,10045.0
2022-09-16 07:00:00,10011.0
2022-09-16 08:00:00,10043.0
2022-09-16 09:00:00,10014.0
2022-09-16 10:00:00,10037.0
2022-09-16 11:00:00,10033.0
2022-09-16 12:00:00,10023.0
2022-09-16 13:00:00,9972.0
2022-09-16 14:00:00,9964.0
2022-09-16 15:00:00,9952.0
2022-09-16 16:00:00,9946.0
2022-09-16 17:00:00,9928.0
2022-09-16 18:00:00,9917.0
2022-09-16 19:00:00,9946.0
2022-09-16 20:00:00,9936.0
2022-09-16 23:00:00,
2022-09-19 07:00:00,9931.0
2022-09-19 08:00:00,9877.0
2022-09-19 09:00:00,9862.0
2022-09-19 10:00:00,9853.0
2022-09-19 11:00:00,9856.0
2022-09-19 12:00:00,9867.0
2022-09-19 13:00:00,9906.0
2022-09-19 14:00:00,9900.0
2022-09-19 15:00:00,9955.0
2022-09-19 16:00:00,9931.0
2022-09-19 17:00:00,9944.0
2022-09-19 18:00:00,9943.0
2022-09-19 19:00:00,9945.0
2022-09-19 20:00:00,9968.0
2022-09-20 07:00:00,9958.0
2022-09-20 08:00:00,9934.0
2022-09-20 09:00:00,9916.0
2022-09-20 10:00:00,9888.0
2022-09-20 11:00:00,9879.0
2022-09-20 12:00:00,9860.0
2022-09-20 13:00:00,9856.0
2022-09-20 14:00:00,9813.0
2022-09-20 15:00:00,9823.0
2022-09-20 16:00:00,9824.0
2022-09-20 17:00:00,9788.0
2022-09-20 18:00:00,9735.0
2022-09-20 19:00:00,9761.0
2022-09-20 20:00:00,9763.0
2022-09-21 07:00:00,9737.0
2022-09-21 08:00:00,9740.0
2022-09-21 09:00:00,9734.0
2022-09-21 10:00:00,9750.0
2022-09-21 11:00:00,9745.0
2022-09-21 12:00:00,9738.0
2022-09-21 13:00:00,9746.0
2022-09-21 14:00:00,9723.0
2022-09-21 15:00:00,9755.0
2022-09-21 16:00:00,9759.0
2022-09-21 17:00:00,9754.0
2022-09-21 18:00:00,9744.0
2022-09-21 19:00:00,9765.0
2022-09-21 20:00:00,9715.0
2022-09-22 07:00:00,9601.0
2022-09-22 08:00:00,9779.0
2022-09-22 09:00:00,9756.0
2022-09-22 10:00:00,9709.0
2022-09-22 11:00:00,9754.0
2022-09-22 12:00:00,9722.0
2022-09-22 13:00:00,9744.0
2022-09-22 14:00:00,9670.0
2022-09-22 15:00:00,9641.0
2022-09-22 16:00:00,9626.0
2022-09-22 17:00:00,9634.0
2022-09-22 18:00:00,9638.0
2022-09-22 19:00:00,9650.0
2022-09-22 20:00:00,9638.0
2022-09-23 07:00:00,9622.0
2022-09-23 08:00:00,9613.0
2022-09-23 09:00:00,9523.0
2022-09-23 10:00:00,9510.0
2022-09-23 11:00:00,9431.0
2022-09-23 12:00:00,9457.0
2022-09-23 13:00:00,9483.0
2022-09-23 14:00:00,9457.0
2022-09-23 15:00:00,9497.0
2022-09-23 16:00:00,9449.0
2022-09-23 17:00:00,9461.0
2022-09-23 18:00:00,9480.0
2022-09-23 19:00:00,9431.0
2022-09-23 20:00:00,9452.0
2022-09-23 23:00:00,9480.0
2022-09-26 07:00:00,9433.0
2022-09-26 08:00:00,9426.0
2022-09-26 09:00:00,9412.0
2022-09-26 10:00:00,9355.0
2022-09-26 11:00:00,9374.0
2022-09-26 12:00:00,9404.0
2022-09-26 13:00:00,9396.0
2022-09-26 14:00:00,9396.0
2022-09-26 15:00:00,9443.0
2022-09-26 16:00:00,9413.0
2022-09-26 17:00:00,9407.0
2022-09-26 18:00:00,9375.0
2022-09-26 19:00:00,9404.0
2022-09-26 20:00:00,9410.0
2022-09-26 23:00:00,9416.0
2022-09-27 07:00:00,9451.0
2022-09-27 08:00:00,9512.0
2022-09-27 09:00:00,9457.0
2022-09-27 10:00:00,9452.0
2022-09-27 11:00:00,9482.0
2022-09-27 12:00:00,9489.0
2022-09-27 13:00:00,9468.0
2022-09-27 14:00:00,9466.0
2022-09-27 15:00:00,9504.0
2022-09-27 16:00:00,9403.0
2022-09-27 17:00:00,9397.0
2022-09-27 18:00:00,9380.0
2022-09-27 19:00:00,9403.0
2022-09-27 20:00:00,9392.0
2022-09-27 23:00:00,9479.0
2022-09-28 07:00:00,9455.0
2022-09-28 08:00:00,9502.0
2022-09-28 09:00:00,9472.0
2022-09-28 10:00:00,9416.0
2022-09-28 11:00:00,9491.0
2022-09-28 12:00:00,9438.0
2022-09-28 13:00:00,9493.0
2022-09-28 14:00:00,9497.0
2022-09-28 15:00:00,9538.0
2022-09-28 16:00:00,9554.0
2022-09-28 17:00:00,9553.0
2022-09-28 18:00:00,9567.0
2022-09-28 19:00:00,9564.0
2022-09-28 20:00:00,9580.0
2022-09-28 23:00:00,9533.0
2022-09-29 07:00:00,9516.0
2022-09-29 08:00:00,9393.0
2022-09-29 09:00:00,9375.0
2022-09-29 10:00:00,9400.0
2022-09-29 11:00:00,9418.0
2022-09-29 12:00:00,9425.0
2022-09-29 13:00:00,9448.0
2022-09-29 14:00:00,9418.0
2022-09-29 15:00:00,9444.0
2022-09-29 16:00:00,9471.0
2022-09-29 17:00:00,9455.0
2022-09-29 18:00:00,9430.0
2022-09-29 19:00:00,9421.0
2022-09-29 20:00:00,9433.0
2022-09-29 23:00:00,9449.0
2022-09-30 07:00:00,9477.0
2022-09-30 08:00:00,9524.0
2022-09-30 09:00:00,9536.0
2022-09-30 10:00:00,9524.0
2022-09-30 11:00:00,9501.0
2022-09-30 12:00:00,9497.0
2022-09-30 13:00:00,9516.0
2022-09-30 14:00:00,9542.0
2022-09-30 15:00:00,9582.0
2022-09-30 16:00:00,9543.0
2022-09-30 17:00:00,9541.0
2022-09-30 18:00:00,9521.0
2022-09-30 19:00:00,9491.0
2022-09-30 20:00:00,9503.0
2022-09-30 23:00:00,9582.0
2022-10-03 07:00:00,9503.0
2022-10-03 08:00:00,9447.0
2022-10-03 09:00:00,9473.0
2022-10-03 10:00:00,9474.0
2022-10-03 11:00:00,9507.0
2022-10-03 12:00:00,9549.0
2022-10-03 13:00:00,9561.0
2022-10-03 14:00:00,9547.0
2022-10-03 15:00:00,9599.0
2022-10-03 16:00:00,9603.0
2022-10-03 17:00:00,9606.0
2022-10-03 18:00:00,9612.0
2022-10-03 19:00:00,9652.0
2022-10-03 20:00:00,9607.0
2022-10-03 23:00:00,9606.0
2022-10-04 07:00:00,9690.0
2022-10-04 08:00:00,9774.0
2022-10-04 09:00:00,9791.0
2022-10-04 10:00:00,9815.0
2022-10-04 11:00:00,9831.0
2022-10-04 12:00:00,9881.0
2022-10-04 13:00:00,9871.0
2022-10-04 14:00:00,9886.0
2022-10-04 15:00:00,9868.0
2022-10-04 16:00:00,9893.0
2022-10-04 17:00:00,9879.0
2022-10-04 18:00:00,9875.0
2022-10-04 19:00:00,9867.0
2022-10-04 20:00:00,9901.0
2022-10-04 23:00:00,9887.0
2022-10-05 07:00:00,9889.0
2022-10-05 08:00:00,9895.0
2022-10-05 09:00:00,9870.0
2022-10-05 10:00:00,9860.0
2022-10-05 11:00:00,9866.0
2022-10-05 12:00:00,9863.0
2022-10-05 13:00:00,9839.0
2022-10-05 14:00:00,9830.0
2022-10-05 15:00:00,9780.0
2022-10-05 16:00:00,9796.0
2022-10-05 17:00:00,9814.0
2022-10-05 18:00:00,9808.0
2022-10-05 19:00:00,9836.0
2022-10-05 20:00:00,9824.0
2022-10-05 23:00:00,9801.0
2022-10-06 07:00:00,9811.0
2022-10-06 08:00:00,9822.0
2022-10-06 09:00:00,9808.0
2022-10-06 10:00:00,9780.0
2022-10-06 11:00:00,9755.0
2022-10-06 12:00:00,9752.0
2022-10-06 13:00:00,9740.0
2022-10-06 14:00:00,9726.0
2022-10-06 15:00:00,9727.0
2022-10-06 16:00:00,9695.0
2022-10-06 17:00:00,9720.0
2022-10-06 18:00:00,9707.0
2022-10-06 19:00:00,9687.0
2022-10-06 20:00:00,9681.0
2022-10-06 23:00:00,9720.0
2022-10-07 07:00:00,9669.0
2022-10-07 08:00:00,9686.0
2022-10-07 09:00:00,9714.0
2022-10-07 10:00:00,9756.0
2022-10-07 11:00:00,9746.0
2022-10-07 12:00:00,9725.0
2022-10-07 13:00:00,9668.0
2022-10-07 14:00:00,9625.0
2022-10-07 15:00:00,9639.0
2022-10-07 16:00:00,9613.0
2022-10-07 17:00:00,9615.0
2022-10-07 18:00:00,9615.0
2022-10-07 19:00:00,9615.0
2022-10-07 20:00:00,9612.0
2022-10-07 23:00:00,9631.0
2022-10-10 07:00:00,9557.0
2022-10-10 08:00:00,9561.0
2022-10-10 09:00:00,9535.0
2022-10-10 10:00:00,9582.0
2022-10-10 11:00:00,9555.0
2022-10-10 12:00:00,9574.0
2022-10-10 13:00:00,9601.0
2022-10-10 14:00:00,9576.0
2022-10-10 15:00:00,9576.0
2022-10-10 16:00:00,9577.0
2022-10-10 17:00:00,9547.0
2022-10-10 18:00:00,9587.0
2022-10-10 19:00:00,9584.0
2022-10-10 20:00:00,9591.0
2022-10-10 23:00:00,9564.0
2022-10-11 07:00:00,9531.0
2022-10-11 08:00:00,9505.0
2022-10-11 09:00:00,9478.0
2022-10-11 10:00:00,9467.0
2022-10-11 11:00:00,9513.0
2022-10-11 12:00:00,9535.0
2022-10-11 13:00:00,9529.0
2022-10-11 14:00:00,9477.0
2022-10-11 15:00:00,9517.0
2022-10-11 16:00:00,9556.0
2022-10-11 17:00:00,9561.0
2022-10-11 18:00:00,9556.0
2022-10-11 19:00:00,9500.0
2022-10-11 20:00:00,9490.0
2022-10-11 23:00:00,9541.0
2022-10-12 07:00:00,9524.0
2022-10-12 08:00:00,9528.0
2022-10-12 09:00:00,9545.0
2022-10-12 10:00:00,9555.0
2022-10-12 11:00:00,9544.0
2022-10-12 12:00:00,9515.0
2022-10-12 13:00:00,9491.0
2022-10-12 14:00:00,9520.0
2022-10-12 15:00:00,9519.0
2022-10-12 16:00:00,9524.0
2022-10-12 17:00:00,9523.0
2022-10-12 18:00:00,9497.0
2022-10-12 19:00:00,9507.0
2022-10-12 20:00:00,9508.0
2022-10-12 23:00:00,9536.0
2022-10-13 07:00:00,9464.0
2022-10-13 08:00:00,9455.0
2022-10-13 09:00:00,9470.0
2022-10-13 10:00:00,9500.0
2022-10-13 11:00:00,9497.0
2022-10-13 12:00:00,9529.0
2022-10-13 13:00:00,9381.0
2022-10-13 14:00:00,9424.0
2022-10-13 15:00:00,9489.0
2022-10-13 16:00:00,9603.0
2022-10-13 17:00:00,9598.0
2022-10-13 18:00:00,9626.0
2022-10-13 19:00:00,9631.0
2022-10-13 20:00:00,9635.0
2022-10-13 23:00:00,9543.0
2022-10-14 07:00:00,9636.0
2022-10-14 08:00:00,9653.0
2022-10-14 09:00:00,9650.0
2022-10-14 10:00:00,9667.0
2022-10-14 11:00:00,9697.0
2022-10-14 12:00:00,9679.0
2022-10-14 13:00:00,9755.0
2022-10-14 14:00:00,9724.0
2022-10-14 15:00:00,9673.0
2022-10-14 16:00:00,9613.0
2022-10-14 17:00:00,9628.0
2022-10-14 18:00:00,9646.0
2022-10-14 19:00:00,9612.0
2022-10-14 20:00:00,9618.0
2022-10-14 23:00:00,9646.0
2022-10-17 07:00:00,9647.0
2022-10-17 08:00:00,9696.0
2022-10-17 09:00:00,9712.0
2022-10-17 10:00:00,9735.0
2022-10-17 11:00:00,9748.0
2022-10-17 12:00:00,9767.0
2022-10-17 13:00:00,9783.0
2022-10-17 14:00:00,9830.0
2022-10-17 15:00:00,9823.0
2022-10-17 16:00:00,9815.0
2022-10-17 17:00:00,9813.0
2022-10-17 18:00:00,9823.0
2022-10-17 19:00:00,9813.0
2022-10-17 20:00:00,9811.0
2022-10-17 23:00:00,9812.0
2022-10-18 07:00:00,9870.0
2022-10-18 08:00:00,9899.0
2022-10-18 09:00:00,9871.0
2022-10-18 10:00:00,9864.0
2022-10-18 11:00:00,9873.0
2022-10-18 12:00:00,9919.0
2022-10-18 13:00:00,9964.0
2022-10-18 14:00:00,9929.0
2022-10-18 15:00:00,9923.0
2022-10-18 16:00:00,9900.0
2022-10-18 17:00:00,9906.0
2022-10-18 18:00:00,9913.0
2022-10-18 19:00:00,9883.0
2022-10-18 20:00:00,9900.0
2022-10-18 23:00:00,9903.0
2022-10-19 07:00:00,9897.0
2022-10-19 08:00:00,9898.0
2022-10-19 09:00:00,9901.0
2022-10-19 10:00:00,9910.0
2022-10-19 11:00:00,9882.0
2022-10-19 12:00:00,9868.0
2022-10-19 13:00:00,9860.0
2022-10-19 14:00:00,9815.0
2022-10-19 15:00:00,9818.0
2022-10-19 16:00:00,9805.0
2022-10-19 17:00:00,9776.0
2022-10-19 18:00:00,9785.0
2022-10-19 19:00:00,9800.0
2022-10-19 20:00:00,9806.0
2022-10-19 23:00:00,9824.0
2022-10-20 07:00:00,9796.0
2022-10-20 08:00:00,9779.0
2022-10-20 09:00:00,9771.0
2022-10-20 10:00:00,9770.0
2022-10-20 11:00:00,9783.0
2022-10-20 12:00:00,9779.0
2022-10-20 13:00:00,9769.0
2022-10-20 14:00:00,9779.0
2022-10-20 15:00:00,9822.0
2022-10-20 16:00:00,9787.0
2022-10-20 17:00:00,9765.0
2022-10-20 18:00:00,9757.0
2022-10-20 19:00:00,9758.0
2022-10-20 20:00:00,9753.0
2022-10-20 23:00:00,9811.0
2022-10-21 07:00:00,9730.0
2022-10-21 08:00:00,9684.0
2022-10-21 09:00:00,9686.0
2022-10-21 10:00:00,9684.0
2022-10-21 11:00:00,9686.0
2022-10-21 12:00:00,9681.0
2022-10-21 13:00:00,9671.0
2022-10-21 14:00:00,9769.0
2022-10-21 15:00:00,9732.0
2022-10-21 16:00:00,9774.0
2022-10-21 17:00:00,9782.0
2022-10-21 18:00:00,9800.0
2022-10-21 19:00:00,9797.0
2022-10-21 20:00:00,9803.0
2022-10-21 23:00:00,9740.0
2022-10-24 07:00:00,9800.0
2022-10-24 08:00:00,9848.0
2022-10-24 09:00:00,9822.0
2022-10-24 10:00:00,9853.0
2022-10-24 11:00:00,9879.0
2022-10-24 12:00:00,9915.0
2022-10-24 13:00:00,9935.0
2022-10-24 14:00:00,9946.0
2022-10-24 15:00:00,9914.0
2022-10-24 16:00:00,9939.0
2022-10-24 17:00:00,9933.0
2022-10-24 18:00:00,9925.0
2022-10-24 19:00:00,9944.0
2022-10-24 20:00:00,9944.0
2022-10-24 23:00:00,9901.0
2022-10-25 07:00:00,9969.0
2022-10-25 08:00:00,9991.0
2022-10-25 09:00:00,10008.0
2022-10-25 10:00:00,10006.0
2022-10-25 11:00:00,10010.0
2022-10-25 12:00:00,10011.0
2022-10-25 13:00:00,9982.0
2022-10-25 14:00:00,10041.0
2022-10-25 15:00:00,10077.0
2022-10-25 16:00:00,10096.0
2022-10-25 17:00:00,10104.0
2022-10-25 18:00:00,10091.0
2022-10-25 19:00:00,10094.0
2022-10-25 20:00:00,10106.0
2022-10-25 23:00:00,10092.0
2022-10-26 07:00:00,10086.0
2022-10-26 08:00:00,10112.0
2022-10-26 09:00:00,10113.0
2022-10-26 10:00:00,10088.0
2022-10-26 11:00:00,10075.0
2022-10-26 12:00:00,10035.0
2022-10-26 13:00:00,10029.0
2022-10-26 14:00:00,10064.0
2022-10-26 15:00:00,10128.0
2022-10-26 16:00:00,10150.0
2022-10-26 17:00:00,10123.0
2022-10-26 18:00:00,10130.0
2022-10-26 19:00:00,10119.0
2022-10-26 20:00:00,10106.0
2022-10-26 23:00:00,10143.0
2022-10-27 07:00:00,10101.0
2022-10-27 08:00:00,10088.0
2022-10-27 09:00:00,10093.0
2022-10-27 10:00:00,10067.0
2022-10-27 11:00:00,10064.0
2022-10-27 12:00:00,10045.0
2022-10-27 13:00:00,10072.0
2022-10-27 14:00:00,10030.0
2022-10-27 15:00:00,10052.0
2022-10-27 16:00:00,10027.0
2022-10-27 17:00:00,10041.0
2022-10-27 18:00:00,10028.0
2022-10-27 19:00:00,10015.0
2022-10-27 20:00:00,10013.0
2022-10-27 23:00:00,10049.0
2022-10-28 07:00:00,9950.0
2022-10-28 08:00:00,9986.0
2022-10-28 09:00:00,10006.0
2022-10-28 10:00:00,10014.0
2022-10-28 11:00:00,10025.0
2022-10-28 12:00:00,10021.0
2022-10-28 13:00:00,10023.0
2022-10-28 14:00:00,10068.0
2022-10-28 15:00:00,10095.0
2022-10-28 16:00:00,10103.0
2022-10-28 17:00:00,10126.0
2022-10-28 18:00:00,10133.0
2022-10-28 19:00:00,10144.0
2022-10-28 20:00:00,10145.0
2022-10-28 23:00:00,10090.0
2022-10-31 07:00:00,10128.0
2022-10-31 08:00:00,10082.0
2022-10-31 09:00:00,10102.0
2022-10-31 10:00:00,10109.0
2022-10-31 11:00:00,10111.0
2022-10-31 12:00:00,10131.0
2022-10-31 13:00:00,10135.0
2022-10-31 14:00:00,10144.0
2022-10-31 15:00:00,10140.0
2022-10-31 16:00:00,10150.0
2022-10-31 17:00:00,10155.0
2022-10-31 18:00:00,10164.0
2022-10-31 19:00:00,10160.0
2022-10-31 20:00:00,10159.0
2022-10-31 23:00:00,10142.0
2022-11-01 07:00:00,10193.0
2022-11-01 08:00:00,10237.0
2022-11-01 09:00:00,10200.0
2022-11-01 10:00:00,10231.0
2022-11-01 11:00:00,10198.0
2022-11-01 12:00:00,10196.0
2022-11-01 13:00:00,10182.0
2022-11-01 14:00:00,10109.0
2022-11-01 15:00:00,10099.0
2022-11-01 16:00:00,10112.0
2022-11-01 17:00:00,10123.0
2022-11-01 18:00:00,10133.0
2022-11-01 19:00:00,10125.0
2022-11-01 20:00:00,10117.0
2022-11-01 23:00:00,10084.0
2022-11-02 07:00:00,10140.0
2022-11-02 08:00:00,10168.0
2022-11-02 09:00:00,10173.0
2022-11-02 10:00:00,10141.0
2022-11-02 11:00:00,10132.0
2022-11-02 12:00:00,10123.0
2022-11-02 13:00:00,10111.0
2022-11-02 14:00:00,10126.0
2022-11-02 15:00:00,10136.0
2022-11-02 16:00:00,10134.0
2022-11-02 17:00:00,10146.0
2022-11-02 18:00:00,10111.0
2022-11-02 19:00:00,10056.0
2022-11-02 20:00:00,10050.0
2022-11-02 23:00:00,10117.0
2022-11-03 07:00:00,10064.0
2022-11-03 08:00:00,10039.0
2022-11-03 09:00:00,10061.0
2022-11-03 10:00:00,10024.0
2022-11-03 11:00:00,9996.0
2022-11-03 12:00:00,9956.0
2022-11-03 13:00:00,9982.0
2022-11-03 14:00:00,10021.0
2022-11-03 15:00:00,10007.0
2022-11-03 16:00:00,10034.0
2022-11-03 17:00:00,10022.0
2022-11-03 18:00:00,10041.0
2022-11-03 19:00:00,10016.0
2022-11-03 20:00:00,10033.0
2022-11-03 23:00:00,10023.0
2022-11-04 07:00:00,10049.0
2022-11-04 08:00:00,10064.0
2022-11-04 09:00:00,10076.0
2022-11-04 10:00:00,10092.0
2022-11-04 11:00:00,10112.0
2022-11-04 12:00:00,10112.0
2022-11-04 13:00:00,10116.0
2022-11-04 14:00:00,10161.0
2022-11-04 15:00:00,10102.0
2022-11-04 16:00:00,10098.0
2022-11-04 17:00:00,10084.0
2022-11-04 18:00:00,10109.0
2022-11-04 19:00:00,10137.0
2022-11-04 20:00:00,10123.0
2022-11-04 23:00:00,10124.0
2022-11-07 07:00:00,10085.0
2022-11-07 08:00:00,10109.0
2022-11-07 09:00:00,10094.0
2022-11-07 10:00:00,10105.0
2022-11-07 11:00:00,10102.0
2022-11-07 12:00:00,10090.0
2022-11-07 13:00:00,10062.0
2022-11-07 14:00:00,10050.0
2022-11-07 15:00:00,10064.0
2022-11-07 16:00:00,10056.0
2022-11-07 17:00:00,10052.0
2022-11-07 18:00:00,10064.0
2022-11-07 19:00:00,10083.0
2022-11-07 20:00:00,10079.0
2022-11-07 23:00:00,10062.0
2022-11-08 07:00:00,10051.0
2022-11-08 08:00:00,10093.0
2022-11-08 09:00:00,10120.0
2022-11-08 10:00:00,10083.0
2022-11-08 11:00:00,10097.0
2022-11-08 12:00:00,10091.0
2022-11-08 13:00:00,10115.0
2022-11-08 14:00:00,10117.0
2022-11-08 15:00:00,10156.0
2022-11-08 16:00:00,10153.0
2022-11-08 17:00:00,10150.0
2022-11-08 18:00:00,10117.0
2022-11-08 19:00:00,10120.0
2022-11-08 20:00:00,10132.0
2022-11-08 23:00:00,10149.0
2022-11-09 07:00:00,10128.0
2022-11-09 08:00:00,10143.0
2022-11-09 09:00:00,10150.0
2022-11-09 10:00:00,10155.0
2022-11-09 11:00:00,10157.0
2022-11-09 12:00:00,10184.0
2022-11-09 13:00:00,10194.0
2022-11-09 14:00:00,10196.0
2022-11-09 15:00:00,10211.0
2022-11-09 16:00:00,10226.0
2022-11-09 17:00:00,10230.0
2022-11-09 18:00:00,10199.0
2022-11-09 19:00:00,10183.0
2022-11-09 20:00:00,10191.0
2022-11-09 23:00:00,10230.0
2022-11-10 07:00:00,10188.0
2022-11-10 08:00:00,10181.0
2022-11-10 09:00:00,10191.0
2022-11-10 10:00:00,10217.0
2022-11-10 11:00:00,10215.0
2022-11-10 12:00:00,10240.0
2022-11-10 13:00:00,10406.0
2022-11-10 14:00:00,10413.0
2022-11-10 15:00:00,10446.0
2022-11-10 16:00:00,10442.0
2022-11-10 17:00:00,10414.0
2022-11-10 18:00:00,10436.0
2022-11-10 19:00:00,10434.0
2022-11-10 20:00:00,10438.0
2022-11-10 23:00:00,10426.0
2022-11-11 07:00:00,10546.0
2022-11-11 08:00:00,10562.0
2022-11-11 09:00:00,10503.0
2022-11-11 10:00:00,10476.0
2022-11-11 11:00:00,10466.0
2022-11-11 12:00:00,10456.0
2022-11-11 13:00:00,10447.0
2022-11-11 14:00:00,10454.0
2022-11-11 15:00:00,10449.0
2022-11-11 16:00:00,10447.0
2022-11-11 17:00:00,10449.0
2022-11-11 18:00:00,10467.0
2022-11-11 19:00:00,10484.0
2022-11-11 20:00:00,10468.0
2022-11-11 23:00:00,10443.0
2022-11-14 07:00:00,10391.0
2022-11-14 08:00:00,10409.0
2022-11-14 09:00:00,10403.0
2022-11-14 10:00:00,10378.0
2022-11-14 11:00:00,10361.0
2022-11-14 12:00:00,10365.0
2022-11-14 13:00:00,10366.0
2022-11-14 14:00:00,10367.0
2022-11-14 15:00:00,10330.0
2022-11-14 16:00:00,10326.0
2022-11-14 17:00:00,10340.0
2022-11-14 18:00:00,10348.0
2022-11-14 19:00:00,10340.0
2022-11-14 20:00:00,10339.0
2022-11-14 23:00:00,10322.0
2022-11-15 07:00:00,10333.0
2022-11-15 08:00:00,10341.0
2022-11-15 09:00:00,10343.0
2022-11-15 10:00:00,10330.0
2022-11-15 11:00:00,10364.0
2022-11-15 12:00:00,10373.0
2022-11-15 13:00:00,10397.0
2022-11-15 14:00:00,10365.0
2022-11-15 15:00:00,10360.0
2022-11-15 16:00:00,10362.0
2022-11-15 17:00:00,10340.0
2022-11-15 18:00:00,10263.0
2022-11-15 19:00:00,10302.0
2022-11-15 20:00:00,10313.0
2022-11-15 23:00:00,10363.0
2022-11-16 07:00:00,10325.0
2022-11-16 08:00:00,10308.0
2022-11-16 09:00:00,10274.0
2022-11-16 10:00:00,10276.0
2022-11-16 11:00:00,10273.0
2022-11-16 12:00:00,10259.0
2022-11-16 13:00:00,10280.0
2022-11-16 14:00:00,10256.0
2022-11-16 15:00:00,10261.0
2022-11-16 16:00:00,10257.0
2022-11-16 17:00:00,10257.0
2022-11-16 18:00:00,10236.0
2022-11-16 19:00:00,10244.0
2022-11-16 20:00:00,10238.0
2022-11-16 23:00:00,10263.0
2022-11-17 07:00:00,10278.0
2022-11-17 08:00:00,10283.0
2022-11-17 09:00:00,10234.0
2022-11-17 10:00:00,10222.0
2022-11-17 11:00:00,10209.0
2022-11-17 12:00:00,10187.0
2022-11-17 13:00:00,10172.0
2022-11-17 14:00:00,10200.0
2022-11-17 15:00:00,10235.0
2022-11-17 16:00:00,10277.0
2022-11-17 17:00:00,10277.0
2022-11-17 18:00:00,10272.0
2022-11-17 19:00:00,10273.0
2022-11-17 20:00:00,10253.0
2022-11-17 23:00:00,10243.0
2022-11-18 07:00:00,10296.0
2022-11-18 08:00:00,10308.0
2022-11-18 09:00:00,10305.0
2022-11-18 10:00:00,10352.0
2022-11-18 11:00:00,10347.0
2022-11-18 12:00:00,10352.0
2022-11-18 13:00:00,10380.0
2022-11-18 14:00:00,10371.0
2022-11-18 15:00:00,10349.0
2022-11-18 16:00:00,10366.0
2022-11-18 17:00:00,10354.0
2022-11-18 18:00:00,10355.0
2022-11-18 19:00:00,10374.0
2022-11-18 20:00:00,10383.0
2022-11-18 23:00:00,10361.0
2022-11-21 07:00:00,10349.0
2022-11-21 08:00:00,10362.0
2022-11-21 09:00:00,10368.0
2022-11-21 10:00:00,10372.0
2022-11-21 11:00:00,10348.0
2022-11-21 12:00:00,10377.0
2022-11-21 13:00:00,10390.0
2022-11-21 14:00:00,10423.0
2022-11-21 15:00:00,10410.0
2022-11-21 16:00:00,10404.0
2022-11-21 17:00:00,10416.0
2022-11-21 18:00:00,10430.0
2022-11-21 19:00:00,10431.0
2022-11-21 20:00:00,10437.0
2022-11-21 23:00:00,10415.0
2022-11-22 07:00:00,10408.0
2022-11-22 08:00:00,10392.0
2022-11-22 09:00:00,10414.0
2022-11-22 10:00:00,10398.0
2022-11-22 11:00:00,10376.0
2022-11-22 12:00:00,10385.0
2022-11-22 13:00:00,10386.0
2022-11-22 14:00:00,10403.0
2022-11-22 15:00:00,10411.0
2022-11-22 16:00:00,10404.0
2022-11-22 17:00:00,10394.0
2022-11-22 18:00:00,10406.0
2022-11-22 19:00:00,10409.0
2022-11-22 20:00:00,10415.0
2022-11-22 23:00:00,10403.0
2022-11-23 07:00:00,10406.0
2022-11-23 08:00:00,10407.0
2022-11-23 09:00:00,10412.0
2022-11-23 10:00:00,10400.0
2022-11-23 11:00:00,10419.0
2022-11-23 12:00:00,10420.0
2022-11-23 13:00:00,10406.0
2022-11-23 14:00:00,10414.0
2022-11-23 15:00:00,10404.0
2022-11-23 16:00:00,10391.0
2022-11-23 17:00:00,10384.0
2022-11-23 18:00:00,10406.0
2022-11-23 19:00:00,10406.0
2022-11-23 20:00:00,10407.0
2022-11-23 23:00:00,10414.0
2022-11-24 07:00:00,10418.0
2022-11-24 08:00:00,10462.0
2022-11-24 09:00:00,10466.0
2022-11-24 10:00:00,10496.0
2022-11-24 11:00:00,10478.0
2022-11-24 12:00:00,10483.0
2022-11-24 13:00:00,10458.0
2022-11-24 14:00:00,10473.0
2022-11-24 15:00:00,10489.0
2022-11-24 16:00:00,10490.0
2022-11-24 17:00:00,10476.0
2022-11-24 18:00:00,10484.0
2022-11-24 19:00:00,10484.0
2022-11-24 20:00:00,10482.0
2022-11-24 23:00:00,10495.0
2022-11-25 07:00:00,10495.0
2022-11-25 08:00:00,10482.0
2022-11-25 09:00:00,10472.0
2022-11-25 10:00:00,10498.0
2022-11-25 11:00:00,10491.0
2022-11-25 12:00:00,10498.0
2022-11-25 13:00:00,10485.0
2022-11-25 14:00:00,10487.0
2022-11-25 15:00:00,10481.0
2022-11-25 16:00:00,10507.0
2022-11-25 17:00:00,10498.0
2022-11-25 18:00:00,10511.0
2022-11-25 20:00:00,10516.0
2022-11-25 23:00:00,10497.0
2022-11-28 07:00:00,10466.0
2022-11-28 08:00:00,10442.0
2022-11-28 09:00:00,10447.0
2022-11-28 10:00:00,10490.0
2022-11-28 11:00:00,10475.0
2022-11-28 12:00:00,10502.0
2022-11-28 13:00:00,10493.0
2022-11-28 14:00:00,10509.0
2022-11-28 15:00:00,10502.0
2022-11-28 16:00:00,10490.0
2022-11-28 17:00:00,10477.0
2022-11-28 18:00:00,10473.0
2022-11-28 19:00:00,10468.0
2022-11-28 20:00:00,10468.0
2022-11-28 23:00:00,10494.0
2022-11-29 07:00:00,10478.0
2022-11-29 08:00:00,10470.0
2022-11-29 09:00:00,10455.0
2022-11-29 10:00:00,10478.0
2022-11-29 11:00:00,10474.0
2022-11-29 12:00:00,10489.0
2022-11-29 13:00:00,10472.0
2022-11-29 14:00:00,10449.0
2022-11-29 15:00:00,10443.0
2022-11-29 16:00:00,10430.0
2022-11-29 17:00:00,10441.0
2022-11-29 18:00:00,10442.0
2022-11-29 19:00:00,10443.0
2022-11-29 20:00:00,10440.0
2022-11-29 23:00:00,10400.0
2022-11-30 07:00:00,10457.0
2022-11-30 08:00:00,10480.0
2022-11-30 09:00:00,10503.0
2022-11-30 10:00:00,10493.0
2022-11-30 11:00:00,10497.0
2022-11-30 12:00:00,10510.0
2022-11-30 13:00:00,10507.0
2022-11-30 14:00:00,10510.0
2022-11-30 15:00:00,10467.0
2022-11-30 16:00:00,10428.0
2022-11-30 17:00:00,10422.0
2022-11-30 18:00:00,10487.0
2022-11-30 19:00:00,10510.0
2022-11-30 20:00:00,10529.0
2022-11-30 23:00:00,10485.0
2022-12-01 07:00:00,10546.0
2022-12-01 08:00:00,10584.0
2022-12-01 09:00:00,10556.0
2022-12-01 10:00:00,10558.0
2022-12-01 11:00:00,10579.0
2022-12-01 12:00:00,10600.0
2022-12-01 13:00:00,10593.0
2022-12-01 14:00:00,10598.0
2022-12-01 15:00:00,10566.0
2022-12-01 16:00:00,10573.0
2022-12-01 17:00:00,10573.0
2022-12-01 18:00:00,10577.0
2022-12-01 19:00:00,10575.0
2022-12-01 20:00:00,10558.0
2022-12-01 23:00:00,10551.0
2022-12-02 07:00:00,10529.0
2022-12-02 08:00:00,10521.0
2022-12-02 09:00:00,10548.0
2022-12-02 10:00:00,10541.0
2022-12-02 11:00:00,10543.0
2022-12-02 12:00:00,10542.0
2022-12-02 13:00:00,10500.0
2022-12-02 14:00:00,10526.0
2022-12-02 15:00:00,10529.0
2022-12-02 16:00:00,10540.0
2022-12-02 17:00:00,10532.0
2022-12-02 18:00:00,10535.0
2022-12-02 19:00:00,10553.0
2022-12-02 20:00:00,10540.0
2022-12-02 23:00:00,10526.0
2022-12-05 07:00:00,10526.0
2022-12-05 08:00:00,10543.0
2022-12-05 09:00:00,10538.0
2022-12-05 10:00:00,10519.0
2022-12-05 11:00:00,10516.0
2022-12-05 12:00:00,10507.0
2022-12-05 13:00:00,10509.0
2022-12-05 14:00:00,10522.0
2022-12-05 15:00:00,10527.0
2022-12-05 16:00:00,10507.0
2022-12-05 17:00:00,10503.0
2022-12-05 18:00:00,10485.0
2022-12-05 19:00:00,10487.0
2022-12-05 20:00:00,10498.0
2022-12-05 20:00:01,10498.0
2022-12-05 20:00:02,10498.0
2022-12-05 23:00:00,10515.0
2022-12-06 12:00:00,10480.0
2022-12-06 14:00:00,10438.0
2022-12-06 15:00:00,10407.0
2022-12-06 16:00:00,10431.0
2022-12-06 23:00:00,10418.0
2022-12-07 08:00:00,10385.0
2022-12-07 09:00:00,10362.0
2022-12-07 10:00:00,10346.0
2022-12-07 11:00:00,10340.0
2022-12-07 12:00:00,10332.0
2022-12-07 13:00:00,10351.0
2022-12-07 14:00:00,10367.0
2022-12-07 15:00:00,10380.0
2022-12-07 16:00:00,10339.0
2022-12-07 18:00:00,10365.0
2022-12-07 23:00:00,10372.0
2022-12-08 07:00:00,10356.0
2022-12-08 08:00:00,10323.0
2022-12-08 09:00:00,10338.0
2022-12-08 10:00:00,10328.0
2022-12-08 11:00:00,10304.0
2022-12-08 12:00:00,10312.0
2022-12-08 13:00:00,10305.0
2022-12-08 14:00:00,10295.0
2022-12-08 15:00:00,10302.0
2022-12-08 16:00:00,10319.0
2022-12-08 17:00:00,10336.0
2022-12-08 18:00:00,10351.0
2022-12-08 23:00:00,10311.0
2022-12-09 07:00:00,10364.0
2022-12-09 08:00:00,10317.0
2022-12-09 09:00:00,10343.0
2022-12-09 10:00:00,10370.0
2022-12-09 11:00:00,10372.0
2022-12-09 12:00:00,10398.0
2022-12-09 13:00:00,10369.0
2022-12-09 14:00:00,10405.0
2022-12-09 15:00:00,10381.0
2022-12-09 16:00:00,10388.0
2022-12-09 17:00:00,10391.0
2022-12-09 18:00:00,10380.0
2022-12-09 19:00:00,10389.0
2022-12-09 20:00:00,10361.0
2022-12-09 23:00:00,10371.0
2022-12-12 07:00:00,10354.0
2022-12-12 08:00:00,10314.0
2022-12-12 09:00:00,10340.0
2022-12-12 10:00:00,10357.0
2022-12-12 11:00:00,10338.0
2022-12-12 12:00:00,10327.0
2022-12-12 13:00:00,10317.0
2022-12-12 14:00:00,10330.0
2022-12-12 15:00:00,10355.0
2022-12-12 16:00:00,10355.0
2022-12-12 17:00:00,10353.0
2022-12-12 18:00:00,10363.0
2022-12-12 19:00:00,10374.0
2022-12-12 20:00:00,10378.0
2022-12-12 23:00:00,10352.0
2022-12-13 07:00:00,10369.0
2022-12-13 08:00:00,10350.0
2022-12-13 09:00:00,10376.0
2022-12-13 10:00:00,10404.0
2022-12-13 11:00:00,10431.0
2022-12-13 12:00:00,10449.0
2022-12-13 13:00:00,10524.0
2022-12-13 14:00:00,10531.0
2022-12-13 15:00:00,10434.0
2022-12-13 16:00:00,10450.0
2022-12-13 17:00:00,10432.0
2022-12-13 18:00:00,10448.0
2022-12-13 19:00:00,10469.0
2022-12-13 20:00:00,10442.0
2022-12-13 23:00:00,10445.0
2022-12-14 07:00:00,10458.0
2022-12-14 08:00:00,10407.0
2022-12-14 09:00:00,10414.0
2022-12-14 10:00:00,10413.0
2022-12-14 11:00:00,10416.0
2022-12-14 12:00:00,10412.0
2022-12-14 13:00:00,10448.0
2022-12-14 14:00:00,10466.0
2022-12-14 15:00:00,10481.0
2022-12-14 16:00:00,10481.0
2022-12-14 17:00:00,10479.0
2022-12-14 18:00:00,10482.0
2022-12-14 19:00:00,10432.0
2022-12-14 20:00:00,10408.0
2022-12-14 23:00:00,10477.0
2022-12-15 07:00:00,10393.0
2022-12-15 08:00:00,10374.0
2022-12-15 09:00:00,10354.0
2022-12-15 10:00:00,10369.0
2022-12-15 11:00:00,10379.0
2022-12-15 12:00:00,10365.0
2022-12-15 13:00:00,10314.0
2022-12-15 14:00:00,10210.0
2022-12-15 15:00:00,10221.0
2022-12-15 16:00:00,10184.0
2022-12-15 17:00:00,10179.0
2022-12-15 18:00:00,10172.0
2022-12-15 19:00:00,10173.0
2022-12-15 20:00:00,10167.0
2022-12-15 23:00:00,10210.0
2022-12-16 07:00:00,10202.0
2022-12-16 08:00:00,10143.0
2022-12-16 09:00:00,10154.0
2022-12-16 10:00:00,10095.0
2022-12-16 11:00:00,10113.0
2022-12-16 12:00:00,10138.0
2022-12-16 13:00:00,10117.0
2022-12-16 14:00:00,10132.0
2022-12-16 15:00:00,10091.0
2022-12-16 16:00:00,10058.0
2022-12-16 17:00:00,10057.0
2022-12-16 18:00:00,10069.0
2022-12-16 19:00:00,10090.0
2022-12-16 20:00:00,10085.0
2022-12-16 23:00:00,10096.0
2022-12-19 07:00:00,10095.0
2022-12-19 08:00:00,10100.0
2022-12-19 09:00:00,10091.0
2022-12-19 10:00:00,10110.0
2022-12-19 11:00:00,10108.0
2022-12-19 12:00:00,10118.0
2022-12-19 13:00:00,10115.0
2022-12-19 14:00:00,10112.0
2022-12-19 15:00:00,10102.0
2022-12-19 16:00:00,10072.0
2022-12-19 17:00:00,10072.0
2022-12-19 18:00:00,10055.0
2022-12-19 19:00:00,10035.0
2022-12-19 20:00:00,10034.0
2022-12-19 23:00:00,10102.0
2022-12-20 07:00:00,9992.0
2022-12-20 08:00:00,10034.0
2022-12-20 09:00:00,10019.0
2022-12-20 10:00:00,10011.0
2022-12-20 11:00:00,10017.0
2022-12-20 12:00:00,10020.0
2022-12-20 13:00:00,10028.0
2022-12-20 14:00:00,10007.0
2022-12-20 15:00:00,10009.0
2022-12-20 16:00:00,9985.0
2022-12-20 17:00:00,9994.0
2022-12-20 18:00:00,10002.0
2022-12-20 19:00:00,9993.0
2022-12-20 20:00:00,9985.0
2022-12-20 23:00:00,9982.0
2022-12-21 07:00:00,10002.0
2022-12-21 08:00:00,10055.0
2022-12-21 09:00:00,10056.0
2022-12-21 10:00:00,10062.0
2022-12-21 11:00:00,10071.0
2022-12-21 12:00:00,10070.0
2022-12-21 13:00:00,10070.0
2022-12-21 14:00:00,10085.0
2022-12-21 15:00:00,10145.0
2022-12-21 16:00:00,10141.0
2022-12-21 17:00:00,10155.0
2022-12-21 18:00:00,10147.0
2022-12-21 19:00:00,10146.0
2022-12-21 20:00:00,10147.0
2022-12-21 23:00:00,10147.0
2022-12-22 07:00:00,10146.0
2022-12-22 08:00:00,10186.0
2022-12-22 09:00:00,10154.0
2022-12-22 10:00:00,10153.0
2022-12-22 11:00:00,10162.0
2022-12-22 12:00:00,10151.0
2022-12-22 13:00:00,10137.0
2022-12-22 14:00:00,10096.0
2022-12-22 15:00:00,10082.0
2022-12-22 16:00:00,10073.0
2022-12-22 17:00:00,10048.0
2022-12-22 18:00:00,10043.0
2022-12-22 19:00:00,10079.0
2022-12-22 20:00:00,10078.0
2022-12-22 23:00:00,10087.0
2022-12-23 07:00:00,10109.0
2022-12-23 08:00:00,10136.0
2022-12-23 09:00:00,10146.0
2022-12-23 10:00:00,10140.0
2022-12-23 11:00:00,10116.0
2022-12-23 12:00:00,10107.0
2022-12-23 13:00:00,10093.0
2022-12-23 14:00:00,10096.0
2022-12-23 15:00:00,10132.0
2022-12-23 16:00:00,10120.0
2022-12-23 17:00:00,10125.0
2022-12-23 18:00:00,10116.0
2022-12-23 19:00:00,10127.0
2022-12-23 20:00:00,10134.0
2022-12-23 23:00:00,10123.0
2022-12-27 07:00:00,10169.0
2022-12-27 08:00:00,10157.0
2022-12-27 09:00:00,10171.0
2022-12-27 10:00:00,10180.0
2022-12-27 11:00:00,10183.0
2022-12-27 12:00:00,10183.0
2022-12-27 13:00:00,10165.0
2022-12-27 14:00:00,10133.0
2022-12-27 15:00:00,10154.0
2022-12-27 16:00:00,10155.0
2022-12-27 17:00:00,10159.0
2022-12-27 18:00:00,10158.0
2022-12-27 19:00:00,10153.0
2022-12-27 20:00:00,10155.0
2022-12-27 23:00:00,10146.0
2022-12-28 07:00:00,10166.0
2022-12-28 08:00:00,10139.0
2022-12-28 09:00:00,10149.0
2022-12-28 10:00:00,10150.0
2022-12-28 11:00:00,10159.0
2022-12-28 12:00:00,10159.0
2022-12-28 13:00:00,10137.0
2022-12-28 14:00:00,10156.0
2022-12-28 15:00:00,10127.0
2022-12-28 16:00:00,10120.0
2022-12-28 17:00:00,10125.0
2022-12-28 18:00:00,10115.0
2022-12-28 19:00:00,10108.0
2022-12-28 20:00:00,10094.0
2022-12-28 23:00:00,10117.0
2022-12-29 07:00:00,10086.0
2022-12-29 08:00:00,10083.0
2022-12-29 09:00:00,10120.0
2022-12-29 10:00:00,10130.0
2022-12-29 11:00:00,10104.0
2022-12-29 12:00:00,10119.0
2022-12-29 13:00:00,10142.0
2022-12-29 14:00:00,10155.0
2022-12-29 15:00:00,10177.0
2022-12-29 16:00:00,10187.0
2022-12-29 17:00:00,10178.0
2022-12-29 18:00:00,10174.0
2022-12-29 19:00:00,10165.0
2022-12-29 20:00:00,10166.0
2022-12-29 23:00:00,10180.0
2022-12-30 07:00:00,10153.0
2022-12-30 08:00:00,10129.0
2022-12-30 09:00:00,10140.0
2022-12-30 10:00:00,10131.0
2022-12-30 11:00:00,10121.0
2022-12-30 12:00:00,10107.0
2022-12-30 13:00:00,10112.0
2022-12-30 14:00:00,10097.0
2022-12-30 15:00:00,10086.0
2022-12-30 16:00:00,10047.0
2022-12-30 17:00:00,10043.0
2022-12-30 18:00:00,10007.0
2022-12-30 19:00:00,10006.0
2022-12-30 20:00:00,10021.0
2022-12-30 23:00:00,10061.0
2023-01-03 07:00:00,10144.0
2023-01-03 08:00:00,10243.0
2023-01-03 09:00:00,10304.0
2023-01-03 10:00:00,10314.0
2023-01-03 11:00:00,10256.0
2023-01-03 12:00:00,10249.0
2023-01-03 13:00:00,10281.0
2023-01-03 14:00:00,10270.0
2023-01-03 15:00:00,10316.0
2023-01-03 16:00:00,10257.0
2023-01-03 17:00:00,10273.0
2023-01-03 18:00:00,10293.0
2023-01-03 19:00:00,10295.0
2023-01-03 20:00:00,10296.0
2023-01-03 23:00:00,10283.0
2023-01-04 07:00:00,10319.0
2023-01-04 08:00:00,10393.0
2023-01-04 09:00:00,10393.0
2023-01-04 10:00:00,10406.0
2023-01-04 11:00:00,10431.0
2023-01-04 12:00:00,10413.0
2023-01-04 13:00:00,10438.0
2023-01-04 14:00:00,10433.0
2023-01-04 15:00:00,10448.0
2023-01-04 16:00:00,10474.0
2023-01-04 17:00:00,10473.0
2023-01-04 18:00:00,10468.0
2023-01-04 19:00:00,10460.0
2023-01-04 20:00:00,10464.0
2023-01-04 23:00:00,10442.0
2023-01-05 07:00:00,10421.0
2023-01-05 08:00:00,10409.0
2023-01-05 09:00:00,10420.0
2023-01-05 10:00:00,10407.0
2023-01-05 11:00:00,10398.0
2023-01-05 12:00:00,10404.0
2023-01-05 13:00:00,10385.0
2023-01-05 14:00:00,10388.0
2023-01-05 15:00:00,10378.0
2023-01-05 16:00:00,10374.0
2023-01-05 17:00:00,10378.0
2023-01-05 18:00:00,10392.0
2023-01-05 19:00:00,10395.0
2023-01-05 20:00:00,10385.0
2023-01-05 23:00:00,10381.0
2023-01-06 07:00:00,10384.0
2023-01-06 08:00:00,10414.0
2023-01-06 09:00:00,10411.0
2023-01-06 10:00:00,10380.0
2023-01-06 11:00:00,10402.0
2023-01-06 12:00:00,10391.0
2023-01-06 13:00:00,10431.0
2023-01-06 14:00:00,10403.0
2023-01-06 15:00:00,10452.0
2023-01-06 16:00:00,10467.0
2023-01-06 17:00:00,10451.0
2023-01-06 18:00:00,10472.0
2023-01-06 19:00:00,10487.0
2023-01-06 20:00:00,10495.0
2023-01-06 23:00:00,10462.0
2023-01-09 07:00:00,10494.0
2023-01-09 08:00:00,10492.0
2023-01-09 09:00:00,10480.0
2023-01-09 10:00:00,10489.0
2023-01-09 11:00:00,10483.0
2023-01-09 12:00:00,10506.0
2023-01-09 13:00:00,10511.0
2023-01-09 14:00:00,10529.0
2023-01-09 15:00:00,10542.0
2023-01-09 16:00:00,10495.0
2023-01-09 17:00:00,10479.0
2023-01-09 18:00:00,10464.0
2023-01-09 19:00:00,10446.0
2023-01-09 20:00:00,10439.0
2023-01-09 23:00:00,10544.0
2023-01-10 07:00:00,10443.0
2023-01-10 08:00:00,10443.0
2023-01-10 09:00:00,10447.0
2023-01-10 10:00:00,10447.0
2023-01-10 11:00:00,10434.0
2023-01-10 12:00:00,10437.0
2023-01-10 13:00:00,10444.0
2023-01-10 14:00:00,10464.0
2023-01-10 15:00:00,10494.0
2023-01-10 16:00:00,10491.0
2023-01-10 17:00:00,10501.0
2023-01-10 18:00:00,10505.0
2023-01-10 19:00:00,10505.0
2023-01-10 20:00:00,10498.0
2023-01-10 23:00:00,10487.0
2023-01-11 07:00:00,10492.0
2023-01-11 08:00:00,10507.0
2023-01-11 09:00:00,10541.0
2023-01-11 10:00:00,10543.0
2023-01-11 11:00:00,10573.0
2023-01-11 12:00:00,10567.0
2023-01-11 13:00:00,10600.0
2023-01-11 14:00:00,10613.0
2023-01-11 15:00:00,10579.0
2023-01-11 16:00:00,10586.0
2023-01-11 17:00:00,10600.0
2023-01-11 18:00:00,10600.0
2023-01-11 19:00:00,10611.0
2023-01-11 20:00:00,10620.0
2023-01-11 23:00:00,10582.0
2023-01-12 07:00:00,10605.0
2023-01-12 08:00:00,10638.0
2023-01-12 09:00:00,10611.0
2023-01-12 10:00:00,10626.0
2023-01-12 11:00:00,10645.0
2023-01-12 12:00:00,10637.0
2023-01-12 13:00:00,10628.0
2023-01-12 14:00:00,10584.0
2023-01-12 15:00:00,10620.0
2023-01-12 16:00:00,10607.0
2023-01-12 17:00:00,10634.0
2023-01-12 18:00:00,10632.0
2023-01-12 19:00:00,10623.0
2023-01-12 20:00:00,10616.0
2023-01-12 23:00:00,10618.0
2023-01-13 07:00:00,10607.0
2023-01-13 08:00:00,10655.0
2023-01-13 09:00:00,10654.0
2023-01-13 10:00:00,10609.0
2023-01-13 11:00:00,10602.0
2023-01-13 12:00:00,10572.0
2023-01-13 13:00:00,10596.0
2023-01-13 14:00:00,10609.0
2023-01-13 15:00:00,10608.0
2023-01-13 16:00:00,10613.0
2023-01-13 17:00:00,10617.0
2023-01-13 18:00:00,10628.0
2023-01-13 19:00:00,10622.0
2023-01-13 20:00:00,10624.0
2023-01-13 23:00:00,10606.0
2023-01-16 07:00:00,10632.0
2023-01-16 08:00:00,10641.0
2023-01-16 09:00:00,10639.0
2023-01-16 10:00:00,10671.0
2023-01-16 11:00:00,10685.0
2023-01-16 12:00:00,10681.0
2023-01-16 13:00:00,10711.0
2023-01-16 14:00:00,10737.0
2023-01-16 15:00:00,10731.0
2023-01-16 16:00:00,10734.0
2023-01-16 17:00:00,10722.0
2023-01-16 18:00:00,10736.0
2023-01-16 19:00:00,10734.0
2023-01-16 20:00:00,10731.0
2023-01-16 23:00:00,10746.0
2023-01-17 07:00:00,10729.0
2023-01-17 08:00:00,10720.0
2023-01-17 09:00:00,10725.0
2023-01-17 10:00:00,10709.0
2023-01-17 11:00:00,10723.0
2023-01-17 12:00:00,10709.0
2023-01-17 13:00:00,10704.0
2023-01-17 14:00:00,10719.0
2023-01-17 15:00:00,10722.0
2023-01-17 16:00:00,10738.0
2023-01-17 17:00:00,10735.0
2023-01-17 18:00:00,10736.0
2023-01-17 19:00:00,10726.0
2023-01-17 20:00:00,10726.0
2023-01-17 23:00:00,10717.0
2023-01-18 07:00:00,10715.0
2023-01-18 08:00:00,10704.0
2023-01-18 09:00:00,10719.0
2023-01-18 10:00:00,10722.0
2023-01-18 11:00:00,10715.0
2023-01-18 12:00:00,10716.0
2023-01-18 13:00:00,10732.0
2023-01-18 14:00:00,10705.0
2023-01-18 15:00:00,10685.0
2023-01-18 16:00:00,10664.0
2023-01-18 17:00:00,10652.0
2023-01-18 18:00:00,10658.0
2023-01-18 19:00:00,10657.0
2023-01-18 20:00:00,10658.0
2023-01-18 23:00:00,10685.0
2023-01-19 07:00:00,10615.0
2023-01-19 08:00:00,10655.0
2023-01-19 09:00:00,10678.0
2023-01-19 10:00:00,10652.0
2023-01-19 11:00:00,10625.0
2023-01-19 12:00:00,10610.0
2023-01-19 13:00:00,10642.0
2023-01-19 14:00:00,10610.0
2023-01-19 15:00:00,10599.0
2023-01-19 16:00:00,10592.0
2023-01-19 17:00:00,10594.0
2023-01-19 18:00:00,10605.0
2023-01-19 19:00:00,10614.0
2023-01-19 20:00:00,10609.0
2023-01-19 23:00:00,10594.0
2023-01-20 07:00:00,10633.0
2023-01-20 08:00:00,10630.0
2023-01-20 09:00:00,10615.0
2023-01-20 10:00:00,10614.0
2023-01-20 11:00:00,10600.0
2023-01-20 12:00:00,10621.0
2023-01-20 13:00:00,10603.0
2023-01-20 14:00:00,10604.0
2023-01-20 15:00:00,10599.0
2023-01-20 16:00:00,10607.0
2023-01-20 17:00:00,10615.0
2023-01-20 18:00:00,10622.0
2023-01-20 19:00:00,10626.0
2023-01-20 20:00:00,10635.0
2023-01-20 23:00:00,10609.0
2023-01-23 07:00:00,10640.0
2023-01-23 08:00:00,10626.0
2023-01-23 09:00:00,10619.0
2023-01-23 10:00:00,10631.0
2023-01-23 11:00:00,10638.0
2023-01-23 12:00:00,10658.0
2023-01-23 13:00:00,10662.0
2023-01-23 14:00:00,10676.0
2023-01-23 15:00:00,10701.0
2023-01-23 16:00:00,10725.0
2023-01-23 17:00:00,10726.0
2023-01-23 18:00:00,10738.0
2023-01-23 19:00:00,10714.0
2023-01-23 20:00:00,10720.0
2023-01-23 23:00:00,10723.0
2023-01-24 07:00:00,10734.0
2023-01-24 08:00:00,10719.0
2023-01-24 09:00:00,10716.0
2023-01-24 10:00:00,10702.0
2023-01-24 11:00:00,10711.0
2023-01-24 12:00:00,10721.0
2023-01-24 13:00:00,10710.0
2023-01-24 14:00:00,10710.0
2023-01-24 15:00:00,10734.0
2023-01-24 16:00:00,10729.0
2023-01-24 17:00:00,10730.0
2023-01-24 18:00:00,10737.0
2023-01-24 19:00:00,10744.0
2023-01-24 20:00:00,10739.0
2023-01-24 23:00:00,10732.0
2023-01-25 07:00:00,10712.0
2023-01-25 08:00:00,10702.0
2023-01-25 09:00:00,10666.0
2023-01-25 10:00:00,10663.0
2023-01-25 11:00:00,10675.0
2023-01-25 12:00:00,10663.0
2023-01-25 13:00:00,10676.0
2023-01-25 14:00:00,10670.0
2023-01-25 15:00:00,10678.0
2023-01-25 16:00:00,10726.0
2023-01-25 17:00:00,10729.0
2023-01-25 18:00:00,10745.0
2023-01-25 19:00:00,10748.0
2023-01-25 20:00:00,10744.0
2023-01-25 23:00:00,10708.0
2023-01-26 07:00:00,10742.0
2023-01-26 08:00:00,10729.0
2023-01-26 09:00:00,10715.0
2023-01-26 10:00:00,10713.0
2023-01-26 11:00:00,10714.0
2023-01-26 12:00:00,10718.0
2023-01-26 13:00:00,10714.0
2023-01-26 14:00:00,10681.0
2023-01-26 15:00:00,10649.0
2023-01-26 16:00:00,10642.0
2023-01-26 17:00:00,10642.0
2023-01-26 18:00:00,10642.0
2023-01-26 19:00:00,10655.0
2023-01-26 20:00:00,10661.0
2023-01-26 23:00:00,10650.0
2023-01-27 07:00:00,10668.0
2023-01-27 08:00:00,10656.0
2023-01-27 09:00:00,10643.0
2023-01-27 10:00:00,10637.0
2023-01-27 11:00:00,10640.0
2023-01-27 12:00:00,10631.0
2023-01-27 13:00:00,10615.0
2023-01-27 14:00:00,10651.0
2023-01-27 15:00:00,10641.0
2023-01-27 16:00:00,10668.0
2023-01-27 17:00:00,10675.0
2023-01-27 18:00:00,10663.0
2023-01-27 19:00:00,10670.0
2023-01-27 20:00:00,10673.0
2023-01-27 23:00:00,10639.0
2023-01-30 07:00:00,10633.0
2023-01-30 08:00:00,10656.0
2023-01-30 09:00:00,10634.0
2023-01-30 10:00:00,10631.0
2023-01-30 11:00:00,10638.0
2023-01-30 12:00:00,10645.0
2023-01-30 13:00:00,10672.0
2023-01-30 14:00:00,10701.0
2023-01-30 15:00:00,10694.0
2023-01-30 16:00:00,10689.0
2023-01-30 17:00:00,10675.0
2023-01-30 18:00:00,10691.0
2023-01-30 19:00:00,10684.0
2023-01-30 20:00:00,10683.0
2023-01-30 23:00:00,10702.0
2023-01-31 07:00:00,10680.0
2023-01-31 08:00:00,10623.0
2023-01-31 09:00:00,10593.0
2023-01-31 10:00:00,10575.0
2023-01-31 11:00:00,10569.0
2023-01-31 12:00:00,10604.0
2023-01-31 13:00:00,10627.0
2023-01-31 14:00:00,10587.0
2023-01-31 15:00:00,10601.0
2023-01-31 16:00:00,10618.0
2023-01-31 17:00:00,10619.0
2023-01-31 18:00:00,10622.0
2023-01-31 19:00:00,10624.0
2023-01-31 20:00:00,10621.0
2023-01-31 23:00:00,10606.0
2023-02-01 07:00:00,10641.0
2023-02-01 08:00:00,10586.0
2023-02-01 09:00:00,10575.0
2023-02-01 10:00:00,10529.0
2023-02-01 11:00:00,10547.0
2023-02-01 12:00:00,10553.0
2023-02-01 13:00:00,10545.0
2023-02-01 14:00:00,10567.0
2023-02-01 15:00:00,10500.0
2023-02-01 16:00:00,10525.0
2023-02-01 17:00:00,10516.0
2023-02-01 18:00:00,10529.0
2023-02-01 19:00:00,10555.0
2023-02-01 20:00:00,10565.0
2023-02-01 23:00:00,10513.0
2023-02-02 07:00:00,10545.0
2023-02-02 08:00:00,10569.0
2023-02-02 09:00:00,10538.0
2023-02-02 10:00:00,10518.0
2023-02-02 11:00:00,10506.0
2023-02-02 12:00:00,10484.0
2023-02-02 13:00:00,10522.0
2023-02-02 14:00:00,10481.0
2023-02-02 15:00:00,10489.0
2023-02-02 16:00:00,10504.0
2023-02-02 17:00:00,10514.0
2023-02-02 18:00:00,10532.0
2023-02-02 19:00:00,10490.0
2023-02-02 20:00:00,10498.0
2023-02-02 23:00:00,10508.0
2023-02-03 07:00:00,10507.0
2023-02-03 08:00:00,10556.0
2023-02-03 09:00:00,10585.0
2023-02-03 10:00:00,10587.0
2023-02-03 11:00:00,10592.0
2023-02-03 12:00:00,10606.0
2023-02-03 13:00:00,10580.0
2023-02-03 14:00:00,10624.0
2023-02-03 15:00:00,10659.0
2023-02-03 16:00:00,10658.0
2023-02-03 17:00:00,10652.0
2023-02-03 18:00:00,10645.0
2023-02-03 19:00:00,10637.0
2023-02-03 20:00:00,10644.0
2023-02-03 23:00:00,10660.0
2023-02-06 07:00:00,10624.0
2023-02-06 08:00:00,10592.0
2023-02-06 09:00:00,10550.0
2023-02-06 10:00:00,10562.0
2023-02-06 11:00:00,10582.0
2023-02-06 12:00:00,10612.0
2023-02-06 13:00:00,10567.0
2023-02-06 14:00:00,10588.0
2023-02-06 15:00:00,10586.0
2023-02-06 16:00:00,10582.0
2023-02-06 17:00:00,10598.0
2023-02-06 18:00:00,10603.0
2023-02-06 19:00:00,10609.0
2023-02-06 20:00:00,10605.0
2023-02-06 23:00:00,10586.0
2023-02-07 07:00:00,10600.0
2023-02-07 08:00:00,10609.0
2023-02-07 09:00:00,10590.0
2023-02-07 10:00:00,10571.0
2023-02-07 11:00:00,10564.0
2023-02-07 12:00:00,10581.0
2023-02-07 13:00:00,10554.0
2023-02-07 14:00:00,10541.0
2023-02-07 15:00:00,10530.0
2023-02-07 16:00:00,10552.0
2023-02-07 17:00:00,10595.0
2023-02-07 18:00:00,10558.0
2023-02-07 19:00:00,10598.0
2023-02-07 20:00:00,10596.0
2023-02-07 23:00:00,10540.0
2023-02-08 07:00:00,10618.0
2023-02-08 08:00:00,10615.0
2023-02-08 09:00:00,10631.0
2023-02-08 10:00:00,10656.0
2023-02-08 11:00:00,10631.0
2023-02-08 12:00:00,10642.0
2023-02-08 13:00:00,10632.0
2023-02-08 14:00:00,10626.0
2023-02-08 15:00:00,10599.0
2023-02-08 16:00:00,10588.0
2023-02-08 17:00:00,10602.0
2023-02-08 18:00:00,10599.0
2023-02-08 19:00:00,10601.0
2023-02-08 20:00:00,10587.0
2023-02-08 23:00:00,10590.0
2023-02-09 07:00:00,10619.0
2023-02-09 08:00:00,10584.0
2023-02-09 09:00:00,10636.0
2023-02-09 10:00:00,10647.0
2023-02-09 11:00:00,10623.0
2023-02-09 12:00:00,10609.0
2023-02-09 13:00:00,10592.0
2023-02-09 14:00:00,10557.0
2023-02-09 15:00:00,10543.0
2023-02-09 16:00:00,10520.0
2023-02-09 17:00:00,10503.0
2023-02-09 18:00:00,10497.0
2023-02-09 19:00:00,10482.0
2023-02-09 20:00:00,10476.0
2023-02-09 23:00:00,10530.0
2023-02-10 07:00:00,10457.0
2023-02-10 08:00:00,10467.0
2023-02-10 09:00:00,10409.0
2023-02-10 10:00:00,10398.0
2023-02-10 11:00:00,10348.0
2023-02-10 12:00:00,10363.0
2023-02-10 13:00:00,10407.0
2023-02-10 14:00:00,10427.0
2023-02-10 15:00:00,10430.0
2023-02-10 16:00:00,10435.0
2023-02-10 17:00:00,10446.0
2023-02-10 18:00:00,10448.0
2023-02-10 19:00:00,10457.0
2023-02-10 20:00:00,10459.0
2023-02-10 23:00:00,10433.0
2023-02-13 07:00:00,10459.0
2023-02-13 08:00:00,10484.0
2023-02-13 09:00:00,10485.0
2023-02-13 10:00:00,10478.0
2023-02-13 11:00:00,10481.0
2023-02-13 12:00:00,10491.0
2023-02-13 13:00:00,10487.0
2023-02-13 14:00:00,10500.0
2023-02-13 15:00:00,10518.0
2023-02-13 16:00:00,10530.0
2023-02-13 17:00:00,10536.0
2023-02-13 18:00:00,10536.0
2023-02-13 19:00:00,10523.0
2023-02-13 20:00:00,10530.0
2023-02-13 23:00:00,10517.0
2023-02-14 07:00:00,10550.0
2023-02-14 08:00:00,10565.0
2023-02-14 09:00:00,10576.0
2023-02-14 10:00:00,10587.0
2023-02-14 11:00:00,10594.0
2023-02-14 12:00:00,10586.0
2023-02-14 13:00:00,10573.0
2023-02-14 14:00:00,10577.0
2023-02-14 15:00:00,10549.0
2023-02-14 16:00:00,10538.0
2023-02-14 17:00:00,10561.0
2023-02-14 18:00:00,10571.0
2023-02-14 19:00:00,10578.0
2023-02-14 20:00:00,10579.0
2023-02-14 23:00:00,10560.0
2023-02-15 07:00:00,10526.0
2023-02-15 08:00:00,10560.0
2023-02-15 09:00:00,10574.0
2023-02-15 10:00:00,10575.0
2023-02-15 11:00:00,10586.0
2023-02-15 12:00:00,10587.0
2023-02-15 13:00:00,10574.0
2023-02-15 14:00:00,10574.0
2023-02-15 15:00:00,10580.0
2023-02-15 16:00:00,10590.0
2023-02-15 17:00:00,10590.0
2023-02-15 18:00:00,10609.0
2023-02-15 19:00:00,10612.0
2023-02-15 20:00:00,10614.0
2023-02-15 23:00:00,10593.0
2023-02-16 07:00:00,10609.0
2023-02-16 08:00:00,10604.0
2023-02-16 09:00:00,10592.0
2023-02-16 10:00:00,10570.0
2023-02-16 11:00:00,10572.0
2023-02-16 12:00:00,10566.0
2023-02-16 13:00:00,10516.0
2023-02-16 14:00:00,10487.0
2023-02-16 15:00:00,10512.0
2023-02-16 16:00:00,10518.0
2023-02-16 17:00:00,10526.0
2023-02-16 18:00:00,10529.0
2023-02-16 19:00:00,10535.0
2023-02-16 20:00:00,10529.0
2023-02-16 23:00:00,10525.0
2023-02-17 07:00:00,10472.0
2023-02-17 08:00:00,10455.0
2023-02-17 09:00:00,10484.0
2023-02-17 10:00:00,10500.0
2023-02-17 11:00:00,10499.0
2023-02-17 12:00:00,10529.0
2023-02-17 13:00:00,10532.0
2023-02-17 14:00:00,10554.0
2023-02-17 15:00:00,10561.0
2023-02-17 16:00:00,10574.0
2023-02-17 17:00:00,10582.0
2023-02-17 18:00:00,10594.0
2023-02-17 19:00:00,10600.0
2023-02-17 20:00:00,10600.0
2023-02-17 23:00:00,10571.0
2023-02-20 07:00:00,10605.0
2023-02-20 08:00:00,10588.0
2023-02-20 09:00:00,10578.0
2023-02-20 10:00:00,10584.0
2023-02-20 11:00:00,10588.0
2023-02-20 12:00:00,10588.0
2023-02-20 13:00:00,10584.0
2023-02-20 14:00:00,10577.0
2023-02-20 15:00:00,10568.0
2023-02-20 16:00:00,10572.0
2023-02-20 17:00:00,10582.0
2023-02-20 18:00:00,10582.0
2023-02-20 19:00:00,10582.0
2023-02-20 20:00:00,10578.0
2023-02-20 23:00:00,10573.0
2023-02-21 07:00:00,10555.0
2023-02-21 08:00:00,10492.0
2023-02-21 09:00:00,10556.0
2023-02-21 10:00:00,10549.0
2023-02-21 11:00:00,10546.0
2023-02-21 12:00:00,10548.0
2023-02-21 13:00:00,10557.0
2023-02-21 14:00:00,10552.0
2023-02-21 15:00:00,10572.0
2023-02-21 16:00:00,10585.0
2023-02-21 17:00:00,10590.0
2023-02-21 18:00:00,10580.0
2023-02-21 19:00:00,10578.0
2023-02-21 20:00:00,10578.0
2023-02-21 23:00:00,10588.0
2023-02-22 07:00:00,10570.0
2023-02-22 08:00:00,10534.0
2023-02-22 09:00:00,10555.0
2023-02-22 10:00:00,10532.0
2023-02-22 11:00:00,10542.0
2023-02-22 12:00:00,10613.0
2023-02-22 13:00:00,10638.0
2023-02-22 14:00:00,10594.0
2023-02-22 15:00:00,10612.0
2023-02-22 16:00:00,10608.0
2023-02-22 17:00:00,10626.0
2023-02-22 18:00:00,10627.0
2023-02-22 19:00:00,10598.0
2023-02-22 20:00:00,10598.0
2023-02-22 23:00:00,10618.0
2023-02-23 07:00:00,10614.0
2023-02-23 08:00:00,10583.0
2023-02-23 09:00:00,10570.0
2023-02-23 10:00:00,10576.0
2023-02-23 11:00:00,10574.0
2023-02-23 12:00:00,10577.0
2023-02-23 13:00:00,10592.0
2023-02-23 14:00:00,10611.0
2023-02-23 15:00:00,10572.0
2023-02-23 16:00:00,10544.0
2023-02-23 17:00:00,10558.0
2023-02-23 18:00:00,10557.0
2023-02-23 19:00:00,10600.0
2023-02-23 20:00:00,10605.0
2023-02-23 23:00:00,10568.0
2023-02-24 07:00:00,10591.0
2023-02-24 08:00:00,10608.0
2023-02-24 09:00:00,10606.0
2023-02-24 10:00:00,10600.0
2023-02-24 11:00:00,10572.0
2023-02-24 12:00:00,10551.0
2023-02-24 13:00:00,10526.0
2023-02-24 14:00:00,10478.0
2023-02-24 15:00:00,10474.0
2023-02-24 16:00:00,10493.0
2023-02-24 17:00:00,10473.0
2023-02-24 18:00:00,10497.0
2023-02-24 19:00:00,10514.0
2023-02-24 20:00:00,10512.0
2023-02-24 23:00:00,10483.0
2023-02-27 07:00:00,10526.0
2023-02-27 08:00:00,10554.0
2023-02-27 09:00:00,10557.0
2023-02-27 10:00:00,10554.0
2023-02-27 11:00:00,10574.0
2023-02-27 12:00:00,10560.0
2023-02-27 13:00:00,10578.0
2023-02-27 14:00:00,10565.0
2023-02-27 15:00:00,10537.0
2023-02-27 16:00:00,10545.0
2023-02-27 17:00:00,10548.0
2023-02-27 18:00:00,10544.0
2023-02-27 19:00:00,10532.0
2023-02-27 20:00:00,10532.0
2023-02-27 23:00:00,10538.0
2023-02-28 07:00:00,10499.0
2023-02-28 08:00:00,10506.0
2023-02-28 09:00:00,10505.0
2023-02-28 10:00:00,10516.0
2023-02-28 11:00:00,10522.0
2023-02-28 12:00:00,10523.0
2023-02-28 13:00:00,10491.0
2023-02-28 14:00:00,10434.0
2023-02-28 15:00:00,10434.0
2023-02-28 16:00:00,10414.0
2023-02-28 17:00:00,10433.0
2023-02-28 18:00:00,10429.0
2023-02-28 19:00:00,10422.0
2023-02-28 20:00:00,10425.0
2023-02-28 23:00:00,10428.0
2023-03-01 07:00:00,10425.0
2023-03-01 08:00:00,10435.0
2023-03-01 09:00:00,10417.0
2023-03-01 10:00:00,10434.0
2023-03-01 11:00:00,10439.0
2023-03-01 12:00:00,10448.0
2023-03-01 13:00:00,10416.0
2023-03-01 14:00:00,10424.0
2023-03-01 15:00:00,10401.0
2023-03-01 16:00:00,10391.0
2023-03-01 17:00:00,10400.0
2023-03-01 18:00:00,10394.0
2023-03-01 19:00:00,10381.0
2023-03-01 20:00:00,10388.0
2023-03-01 23:00:00,10356.0
2023-03-02 07:00:00,10335.0
2023-03-02 08:00:00,10387.0
2023-03-02 09:00:00,10366.0
2023-03-02 10:00:00,10388.0
2023-03-02 11:00:00,10405.0
2023-03-02 12:00:00,10404.0
2023-03-02 13:00:00,10400.0
2023-03-02 14:00:00,10439.0
2023-03-02 15:00:00,10464.0
2023-03-02 16:00:00,10470.0
2023-03-02 17:00:00,10473.0
2023-03-02 18:00:00,10491.0
2023-03-02 19:00:00,10495.0
2023-03-02 20:00:00,10491.0
2023-03-02 23:00:00,10473.0
2023-03-03 07:00:00,10491.0
2023-03-03 08:00:00,10476.0
2023-03-03 09:00:00,10472.0
2023-03-03 10:00:00,10458.0
2023-03-03 11:00:00,10471.0
2023-03-03 12:00:00,10458.0
2023-03-03 13:00:00,10465.0
2023-03-03 14:00:00,10486.0
2023-03-03 15:00:00,10489.0
2023-03-03 16:00:00,10518.0
2023-03-03 17:00:00,10522.0
2023-03-03 18:00:00,10516.0
2023-03-03 19:00:00,10519.0
2023-03-03 20:00:00,10527.0
2023-03-03 23:00:00,10498.0
2023-03-06 07:00:00,10498.0
2023-03-06 08:00:00,10511.0
2023-03-06 09:00:00,10477.0
2023-03-06 10:00:00,10489.0
2023-03-06 11:00:00,10450.0
2023-03-06 12:00:00,10463.0
2023-03-06 13:00:00,10469.0
2023-03-06 14:00:00,10458.0
2023-03-06 15:00:00,10451.0
2023-03-06 16:00:00,10457.0
2023-03-06 17:00:00,10461.0
2023-03-06 18:00:00,10454.0
2023-03-06 19:00:00,10445.0
2023-03-06 20:00:00,10448.0
2023-03-06 23:00:00,10463.0
2023-03-07 07:00:00,10434.0
2023-03-07 08:00:00,10481.0
2023-03-07 09:00:00,10468.0
2023-03-07 10:00:00,10461.0
2023-03-07 11:00:00,10452.0
2023-03-07 12:00:00,10438.0
2023-03-07 13:00:00,10453.0
2023-03-07 14:00:00,10431.0
2023-03-07 15:00:00,10379.0
2023-03-07 16:00:00,10375.0
2023-03-07 17:00:00,10372.0
2023-03-07 18:00:00,10342.0
2023-03-07 19:00:00,10344.0
2023-03-07 20:00:00,10351.0
2023-03-07 23:00:00,10378.0
2023-03-08 07:00:00,10330.0
2023-03-08 08:00:00,10321.0
2023-03-08 09:00:00,10320.0
2023-03-08 10:00:00,10338.0
2023-03-08 11:00:00,10334.0
2023-03-08 12:00:00,10341.0
2023-03-08 13:00:00,10343.0
2023-03-08 14:00:00,10332.0
2023-03-08 15:00:00,10317.0
2023-03-08 16:00:00,10343.0
2023-03-08 17:00:00,10326.0
2023-03-08 18:00:00,10314.0
2023-03-08 19:00:00,10310.0
2023-03-08 20:00:00,10314.0
2023-03-08 23:00:00,10325.0
2023-03-09 07:00:00,10319.0
2023-03-09 08:00:00,10311.0
2023-03-09 09:00:00,10276.0
2023-03-09 10:00:00,10305.0
2023-03-09 11:00:00,10302.0
2023-03-09 12:00:00,10280.0
2023-03-09 13:00:00,10290.0
2023-03-09 14:00:00,10320.0
2023-03-09 15:00:00,10306.0
2023-03-09 16:00:00,10302.0
2023-03-09 17:00:00,10297.0
2023-03-09 18:00:00,10256.0
2023-03-09 19:00:00,10237.0
2023-03-09 20:00:00,10222.0
2023-03-09 23:00:00,10312.0
2023-03-10 07:00:00,10176.0
2023-03-10 08:00:00,10149.0
2023-03-10 09:00:00,10170.0
2023-03-10 10:00:00,10149.0
2023-03-10 11:00:00,10182.0
2023-03-10 12:00:00,10178.0
2023-03-10 13:00:00,10187.0
2023-03-10 14:00:00,10097.0
2023-03-10 15:00:00,10121.0
2023-03-10 16:00:00,10095.0
2023-03-10 17:00:00,10063.0
2023-03-10 18:00:00,10028.0
2023-03-10 19:00:00,10061.0
2023-03-10 20:00:00,10068.0
2023-03-10 23:00:00,10117.0
2023-03-13 07:00:00,10121.0
2023-03-13 08:00:00,9995.0
2023-03-13 09:00:00,9929.0
2023-03-13 10:00:00,9999.0
2023-03-13 11:00:00,9965.0
2023-03-13 12:00:00,9935.0
2023-03-13 13:00:00,9976.0
2023-03-13 14:00:00,10007.0
2023-03-13 15:00:00,10013.0
2023-03-13 16:00:00,9945.0
2023-03-13 17:00:00,9988.0
2023-03-13 18:00:00,9993.0
2023-03-13 19:00:00,9958.0
2023-03-13 20:00:00,9967.0
2023-03-13 23:00:00,10005.0
2023-03-14 07:00:00,10004.0
2023-03-14 08:00:00,10002.0
2023-03-14 09:00:00,9966.0
2023-03-14 10:00:00,9958.0
2023-03-14 11:00:00,9990.0
2023-03-14 12:00:00,10048.0
2023-03-14 13:00:00,10068.0
2023-03-14 14:00:00,10068.0
2023-03-14 15:00:00,10059.0
2023-03-14 16:00:00,10058.0
2023-03-14 17:00:00,10038.0
2023-03-14 18:00:00,10038.0
2023-03-14 19:00:00,10089.0
2023-03-14 20:00:00,10074.0
2023-03-14 20:00:01,10074.0
2023-03-14 23:00:00,10076.0
2023-03-15 07:00:00,10091.0
2023-03-15 08:00:00,10007.0
2023-03-15 09:00:00,9950.0
2023-03-15 10:00:00,9854.0
2023-03-15 11:00:00,9880.0
2023-03-15 12:00:00,9839.0
2023-03-15 13:00:00,9880.0
2023-03-15 14:00:00,9908.0
2023-03-15 15:00:00,9894.0
2023-03-15 16:00:00,9877.0
2023-03-15 17:00:00,9929.0
2023-03-15 18:00:00,9958.0
2023-03-15 19:00:00,9974.0
2023-03-15 20:00:00,9976.0
2023-03-15 23:00:00,9883.0
2023-03-16 07:00:00,10061.0
2023-03-16 08:00:00,9999.0
2023-03-16 09:00:00,10009.0
2023-03-16 10:00:00,10005.0
2023-03-16 11:00:00,10010.0
2023-03-16 12:00:00,9977.0
2023-03-16 13:00:00,10012.0
2023-03-16 14:00:00,10080.0
2023-03-16 15:00:00,10112.0
2023-03-16 16:00:00,10128.0
2023-03-16 17:00:00,10125.0
2023-03-16 18:00:00,10127.0
2023-03-16 19:00:00,10155.0
2023-03-16 20:00:00,10161.0
2023-03-16 23:00:00,10116.0
2023-03-17 07:00:00,10182.0
2023-03-17 08:00:00,10146.0
2023-03-17 09:00:00,10130.0
2023-03-17 10:00:00,10094.0
2023-03-17 11:00:00,10070.0
2023-03-17 12:00:00,10018.0
2023-03-17 13:00:00,10008.0
2023-03-17 14:00:00,9989.0
2023-03-17 15:00:00,9989.0
2023-03-17 16:00:00,10003.0
2023-03-17 17:00:00,9995.0
2023-03-17 18:00:00,9975.0
2023-03-17 19:00:00,9974.0
2023-03-17 20:00:00,9985.0
2023-03-17 23:00:00,10002.0
2023-03-20 07:00:00,9860.0
2023-03-20 08:00:00,9878.0
2023-03-20 09:00:00,9954.0
2023-03-20 10:00:00,9993.0
2023-03-20 11:00:00,9991.0
2023-03-20 12:00:00,10041.0
2023-03-20 13:00:00,10052.0
2023-03-20 14:00:00,10061.0
2023-03-20 15:00:00,10070.0
2023-03-20 16:00:00,10066.0
2023-03-20 17:00:00,10068.0
2023-03-20 18:00:00,10066.0
2023-03-20 19:00:00,10065.0
2023-03-20 20:00:00,10069.0
2023-03-20 23:00:00,10040.0
2023-03-21 07:00:00,10121.0
2023-03-21 08:00:00,10161.0
2023-03-21 09:00:00,10158.0
2023-03-21 10:00:00,10160.0
2023-03-21 11:00:00,10171.0
2023-03-21 12:00:00,10186.0
2023-03-21 13:00:00,10191.0
2023-03-21 14:00:00,10170.0
2023-03-21 15:00:00,10186.0
2023-03-21 16:00:00,10180.0
2023-03-21 17:00:00,10179.0
2023-03-21 18:00:00,10196.0
2023-03-21 19:00:00,10215.0
2023-03-21 20:00:00,10215.0
2023-03-21 23:00:00,10189.0
2023-03-22 07:00:00,10198.0
2023-03-22 08:00:00,10180.0
2023-03-22 09:00:00,10172.0
2023-03-22 10:00:00,10194.0
2023-03-22 11:00:00,10201.0
2023-03-22 12:00:00,10202.0
2023-03-22 13:00:00,10213.0
2023-03-22 14:00:00,10223.0
2023-03-22 15:00:00,10191.0
2023-03-22 16:00:00,10173.0
2023-03-22 17:00:00,10164.0
2023-03-22 18:00:00,10141.0
2023-03-22 19:00:00,10061.0
2023-03-22 20:00:00,10068.0
2023-03-22 23:00:00,10185.0
2023-03-23 07:00:00,10116.0
2023-03-23 08:00:00,10083.0
2023-03-23 09:00:00,10089.0
2023-03-23 10:00:00,10068.0
2023-03-23 11:00:00,10088.0
2023-03-23 12:00:00,10109.0
2023-03-23 13:00:00,10100.0
2023-03-23 14:00:00,10114.0
2023-03-23 15:00:00,10127.0
2023-03-23 16:00:00,10080.0
2023-03-23 17:00:00,10054.0
2023-03-23 18:00:00,10013.0
2023-03-23 19:00:00,10023.0
2023-03-23 20:00:00,10027.0
2023-03-23 23:00:00,10115.0
2023-03-24 07:00:00,10063.0
2023-03-24 08:00:00,10039.0
2023-03-24 09:00:00,10012.0
2023-03-24 10:00:00,9982.0
2023-03-24 11:00:00,9984.0
2023-03-24 12:00:00,10024.0
2023-03-24 13:00:00,10028.0
2023-03-24 14:00:00,10036.0
2023-03-24 15:00:00,10048.0
2023-03-24 16:00:00,10068.0
2023-03-24 17:00:00,10075.0
2023-03-24 18:00:00,10095.0
2023-03-24 19:00:00,10116.0
2023-03-24 20:00:00,10108.0
2023-03-24 23:00:00,10031.0
2023-03-27 07:00:00,10200.0
2023-03-27 08:00:00,10147.0
2023-03-27 09:00:00,10190.0
2023-03-27 10:00:00,10205.0
2023-03-27 11:00:00,10214.0
2023-03-27 12:00:00,10190.0
2023-03-27 13:00:00,10191.0
2023-03-27 14:00:00,10213.0
2023-03-27 15:00:00,10205.0
2023-03-27 16:00:00,10192.0
2023-03-27 17:00:00,10214.0
2023-03-27 18:00:00,10223.0
2023-03-27 19:00:00,10242.0
2023-03-27 20:00:00,10236.0
2023-03-27 23:00:00,10199.0
2023-03-28 07:00:00,10252.0
2023-03-28 08:00:00,10259.0
2023-03-28 09:00:00,10257.0
2023-03-28 10:00:00,10241.0
2023-03-28 11:00:00,10225.0
2023-03-28 12:00:00,10231.0
2023-03-28 13:00:00,10231.0
2023-03-28 14:00:00,10243.0
2023-03-28 15:00:00,10252.0
2023-03-28 16:00:00,10250.0
2023-03-28 17:00:00,10245.0
2023-03-28 18:00:00,10218.0
2023-03-28 19:00:00,10223.0
2023-03-28 20:00:00,10227.0
2023-03-28 23:00:00,10245.0
2023-03-29 07:00:00,10290.0
2023-03-29 08:00:00,10308.0
2023-03-29 09:00:00,10344.0
2023-03-29 10:00:00,10354.0
2023-03-29 11:00:00,10339.0
2023-03-29 12:00:00,10350.0
2023-03-29 13:00:00,10375.0
2023-03-29 14:00:00,10379.0
2023-03-29 15:00:00,10366.0
2023-03-29 16:00:00,10386.0
2023-03-29 17:00:00,10382.0
2023-03-29 18:00:00,10370.0
2023-03-29 19:00:00,10376.0
2023-03-29 20:00:00,10379.0
2023-03-29 23:00:00,10373.0
2023-03-30 07:00:00,10421.0
2023-03-30 08:00:00,10413.0
2023-03-30 09:00:00,10435.0
2023-03-30 10:00:00,10448.0
2023-03-30 11:00:00,10456.0
2023-03-30 12:00:00,10469.0
2023-03-30 13:00:00,10443.0
2023-03-30 14:00:00,10468.0
2023-03-30 15:00:00,10458.0
2023-03-30 16:00:00,10455.0
2023-03-30 17:00:00,10437.0
2023-03-30 18:00:00,10433.0
2023-03-30 19:00:00,10436.0
2023-03-30 20:00:00,10433.0
2023-03-30 23:00:00,10458.0
2023-03-31 07:00:00,10468.0
2023-03-31 08:00:00,10486.0
2023-03-31 09:00:00,10504.0
2023-03-31 10:00:00,10521.0
2023-03-31 11:00:00,10518.0
2023-03-31 12:00:00,10507.0
2023-03-31 13:00:00,10512.0
2023-03-31 14:00:00,10531.0
2023-03-31 15:00:00,10534.0
2023-03-31 16:00:00,10524.0
2023-03-31 17:00:00,10534.0
2023-03-31 18:00:00,10531.0
2023-03-31 19:00:00,10537.0
2023-03-31 20:00:00,10550.0
2023-03-31 23:00:00,10525.0
2023-04-03 07:00:00,10557.0
2023-04-03 08:00:00,10535.0
2023-04-03 09:00:00,10521.0
2023-04-03 10:00:00,10497.0
2023-04-03 11:00:00,10505.0
2023-04-03 12:00:00,10481.0
2023-04-03 13:00:00,10498.0
2023-04-03 14:00:00,10511.0
2023-04-03 15:00:00,10512.0
2023-04-03 16:00:00,10532.0
2023-04-03 17:00:00,10530.0
2023-04-03 18:00:00,10534.0
2023-04-03 19:00:00,10539.0
2023-04-03 20:00:00,10540.0
2023-04-03 23:00:00,10512.0
2023-04-04 07:00:00,10544.0
2023-04-04 08:00:00,10511.0
2023-04-04 09:00:00,10514.0
2023-04-04 10:00:00,10539.0
2023-04-04 11:00:00,10538.0
2023-04-04 12:00:00,10540.0
2023-04-04 13:00:00,10535.0
2023-04-04 14:00:00,10536.0
2023-04-04 15:00:00,10516.0
2023-04-04 16:00:00,10491.0
2023-04-04 17:00:00,10481.0
2023-04-04 18:00:00,10496.0
2023-04-04 19:00:00,10478.0
2023-04-04 20:00:00,10481.0
2023-04-04 23:00:00,10493.0
2023-04-05 07:00:00,10485.0
2023-04-05 08:00:00,10488.0
2023-04-05 09:00:00,10472.0
2023-04-05 10:00:00,10510.0
2023-04-05 11:00:00,10524.0
2023-04-05 12:00:00,10539.0
2023-04-05 13:00:00,10526.0
2023-04-05 14:00:00,10547.0
2023-04-05 15:00:00,10538.0
2023-04-05 16:00:00,10556.0
2023-04-05 17:00:00,10555.0
2023-04-05 18:00:00,10561.0
2023-04-05 19:00:00,10570.0
2023-04-05 20:00:00,10562.0
2023-04-05 23:00:00,10552.0
2023-04-06 07:00:00,10567.0
2023-04-06 08:00:00,10609.0
2023-04-06 09:00:00,10635.0
2023-04-06 10:00:00,10623.0
2023-04-06 11:00:00,10645.0
2023-04-06 12:00:00,10658.0
2023-04-06 13:00:00,10657.0
2023-04-06 14:00:00,10652.0
2023-04-06 15:00:00,10651.0
2023-04-06 16:00:00,10668.0
2023-04-06 17:00:00,10680.0
2023-04-06 18:00:00,10679.0
2023-04-06 19:00:00,10682.0
2023-04-06 20:00:00,10680.0
2023-04-06 23:00:00,10654.0
2023-04-11 07:00:00,10711.0
2023-04-11 08:00:00,10667.0
2023-04-11 09:00:00,10671.0
2023-04-11 10:00:00,10671.0
2023-04-11 11:00:00,10674.0
2023-04-11 12:00:00,10669.0
2023-04-11 13:00:00,10662.0
2023-04-11 14:00:00,10689.0
2023-04-11 15:00:00,10670.0
2023-04-11 16:00:00,10692.0
2023-04-11 17:00:00,10708.0
2023-04-11 18:00:00,10710.0
2023-04-11 19:00:00,10712.0
2023-04-11 20:00:00,10715.0
2023-04-11 23:00:00,10673.0
2023-04-12 07:00:00,10714.0
2023-04-12 08:00:00,10694.0
2023-04-12 09:00:00,10715.0
2023-04-12 10:00:00,10741.0
2023-04-12 11:00:00,10744.0
2023-04-12 12:00:00,10732.0
2023-04-12 13:00:00,10722.0
2023-04-12 14:00:00,10702.0
2023-04-12 15:00:00,10695.0
2023-04-12 16:00:00,10716.0
2023-04-12 17:00:00,10719.0
2023-04-12 18:00:00,10713.0
2023-04-12 19:00:00,10696.0
2023-04-12 20:00:00,10683.0
2023-04-12 23:00:00,10688.0
2023-04-13 07:00:00,10713.0
2023-04-13 08:00:00,10720.0
2023-04-13 09:00:00,10712.0
2023-04-13 10:00:00,10712.0
2023-04-13 11:00:00,10701.0
2023-04-13 12:00:00,10697.0
2023-04-13 13:00:00,10711.0
2023-04-13 14:00:00,10697.0
2023-04-13 15:00:00,10722.0
2023-04-13 16:00:00,10717.0
2023-04-13 17:00:00,10725.0
2023-04-13 18:00:00,10737.0
2023-04-13 19:00:00,10750.0
2023-04-13 20:00:00,10749.0
2023-04-13 23:00:00,10722.0
2023-04-14 07:00:00,10750.0
2023-04-14 08:00:00,10766.0
2023-04-14 09:00:00,10775.0
2023-04-14 10:00:00,10780.0
2023-04-14 11:00:00,10793.0
2023-04-14 12:00:00,10796.0
2023-04-14 13:00:00,10812.0
2023-04-14 14:00:00,10834.0
2023-04-14 15:00:00,10819.0
2023-04-14 16:00:00,10819.0
2023-04-14 17:00:00,10809.0
2023-04-14 18:00:00,10813.0
2023-04-14 19:00:00,10816.0
2023-04-14 20:00:00,10809.0
2023-04-14 23:00:00,10817.0
2023-04-17 07:00:00,10823.0
2023-04-17 08:00:00,10800.0
2023-04-17 09:00:00,10810.0
2023-04-17 10:00:00,10792.0
2023-04-17 11:00:00,10795.0
2023-04-17 12:00:00,10787.0
2023-04-17 13:00:00,10781.0
2023-04-17 14:00:00,10792.0
2023-04-17 15:00:00,10779.0
2023-04-17 16:00:00,10796.0
2023-04-17 17:00:00,10798.0
2023-04-17 18:00:00,10795.0
2023-04-17 19:00:00,10805.0
2023-04-17 20:00:00,10805.0
2023-04-17 23:00:00,10781.0
2023-04-18 07:00:00,10805.0
2023-04-18 08:00:00,10813.0
2023-04-18 09:00:00,10816.0
2023-04-18 10:00:00,10816.0
2023-04-18 11:00:00,10852.0
2023-04-18 12:00:00,10848.0
2023-04-18 13:00:00,10861.0
2023-04-18 14:00:00,10831.0
2023-04-18 15:00:00,10827.0
2023-04-18 16:00:00,10839.0
2023-04-18 17:00:00,10837.0
2023-04-18 18:00:00,10836.0
2023-04-18 19:00:00,10838.0
2023-04-18 20:00:00,10841.0
2023-04-18 23:00:00,10825.0
2023-04-19 07:00:00,10812.0
2023-04-19 08:00:00,10819.0
2023-04-19 09:00:00,10828.0
2023-04-19 10:00:00,10823.0
2023-04-19 11:00:00,10820.0
2023-04-19 12:00:00,10822.0
2023-04-19 13:00:00,10813.0
2023-04-19 14:00:00,10826.0
2023-04-19 15:00:00,10841.0
2023-04-19 16:00:00,10847.0
2023-04-19 17:00:00,10848.0
2023-04-19 18:00:00,10852.0
2023-04-19 19:00:00,10851.0
2023-04-19 20:00:00,10855.0
2023-04-19 23:00:00,10849.0
2023-04-20 07:00:00,10825.0
2023-04-20 08:00:00,10809.0
2023-04-20 09:00:00,10816.0
2023-04-20 10:00:00,10816.0
2023-04-20 11:00:00,10820.0
2023-04-20 12:00:00,10816.0
2023-04-20 13:00:00,10833.0
2023-04-20 14:00:00,10839.0
2023-04-20 15:00:00,10865.0
2023-04-20 16:00:00,10873.0
2023-04-20 17:00:00,10878.0
2023-04-20 18:00:00,10876.0
2023-04-20 19:00:00,10854.0
2023-04-20 20:00:00,10850.0
2023-04-20 23:00:00,10864.0
2023-04-21 07:00:00,10874.0
2023-04-21 08:00:00,10863.0
2023-04-21 09:00:00,10892.0
2023-04-21 10:00:00,10894.0
2023-04-21 11:00:00,10888.0
2023-04-21 12:00:00,10881.0
2023-04-21 13:00:00,10911.0
2023-04-21 14:00:00,10911.0
2023-04-21 15:00:00,10910.0
2023-04-21 16:00:00,10951.0
2023-04-21 17:00:00,10960.0
2023-04-21 18:00:00,10964.0
2023-04-21 19:00:00,10971.0
2023-04-21 20:00:00,10965.0
2023-04-21 23:00:00,10923.0
2023-04-24 07:00:00,10947.0
2023-04-24 08:00:00,10971.0
2023-04-24 09:00:00,10965.0
2023-04-24 10:00:00,10990.0
2023-04-24 11:00:00,10978.0
2023-04-24 12:00:00,10994.0
2023-04-24 13:00:00,10991.0
2023-04-24 14:00:00,10987.0
2023-04-24 15:00:00,10983.0
2023-04-24 16:00:00,10977.0
2023-04-24 17:00:00,10981.0
2023-04-24 18:00:00,10979.0
2023-04-24 19:00:00,10971.0
2023-04-24 20:00:00,10972.0
2023-04-24 23:00:00,10982.0
2023-04-25 07:00:00,11005.0
2023-04-25 08:00:00,10987.0
2023-04-25 09:00:00,11000.0
2023-04-25 10:00:00,11007.0
2023-04-25 11:00:00,11036.0
2023-04-25 12:00:00,11044.0
2023-04-25 13:00:00,11030.0
2023-04-25 14:00:00,11032.0
2023-04-25 15:00:00,11039.0
2023-04-25 16:00:00,11013.0
2023-04-25 17:00:00,11010.0
2023-04-25 18:00:00,10984.0
2023-04-25 19:00:00,10981.0
2023-04-25 20:00:00,10983.0
2023-04-25 23:00:00,11046.0
2023-04-26 07:00:00,10965.0
2023-04-26 08:00:00,10910.0
2023-04-26 09:00:00,10941.0
2023-04-26 10:00:00,10917.0
2023-04-26 11:00:00,10899.0
2023-04-26 12:00:00,10902.0
2023-04-26 13:00:00,10918.0
2023-04-26 14:00:00,10860.0
2023-04-26 15:00:00,10881.0
2023-04-26 16:00:00,10897.0
2023-04-26 17:00:00,10908.0
2023-04-26 18:00:00,10877.0
2023-04-26 19:00:00,10854.0
2023-04-26 20:00:00,10857.0
2023-04-26 23:00:00,10883.0
2023-04-27 07:00:00,10876.0
2023-04-27 08:00:00,10896.0
2023-04-27 09:00:00,10905.0
2023-04-27 10:00:00,10910.0
2023-04-27 11:00:00,10896.0
2023-04-27 12:00:00,10882.0
2023-04-27 13:00:00,10904.0
2023-04-27 14:00:00,10886.0
2023-04-27 15:00:00,10866.0
2023-04-27 16:00:00,10878.0
2023-04-27 17:00:00,10888.0
2023-04-27 18:00:00,10898.0
2023-04-27 19:00:00,10917.0
2023-04-27 20:00:00,10915.0
2023-04-27 23:00:00,10854.0
2023-04-28 07:00:00,10900.0
2023-04-28 08:00:00,10924.0
2023-04-28 09:00:00,10917.0
2023-04-28 10:00:00,10922.0
2023-04-28 11:00:00,10894.0
2023-04-28 12:00:00,10909.0
2023-04-28 13:00:00,10930.0
2023-04-28 14:00:00,10940.0
2023-04-28 15:00:00,10942.0
2023-04-28 16:00:00,10962.0
2023-04-28 17:00:00,10977.0
2023-04-28 18:00:00,10976.0
2023-04-28 19:00:00,10974.0
2023-04-28 20:00:00,10976.0
2023-04-28 23:00:00,10950.0
2023-05-02 07:00:00,10990.0
2023-05-02 08:00:00,11001.0
2023-05-02 09:00:00,10969.0
2023-05-02 10:00:00,10975.0
2023-05-02 11:00:00,10970.0
2023-05-02 12:00:00,10969.0
2023-05-02 13:00:00,10965.0
2023-05-02 14:00:00,10981.0
2023-05-02 15:00:00,10929.0
2023-05-02 16:00:00,10932.0
2023-05-02 17:00:00,10945.0
2023-05-02 18:00:00,10962.0
2023-05-02 19:00:00,10962.0
2023-05-02 20:00:00,10962.0
2023-05-02 23:00:00,10932.0
2023-05-03 07:00:00,10987.0
2023-05-03 08:00:00,10992.0
2023-05-03 09:00:00,10975.0
2023-05-03 10:00:00,10989.0
2023-05-03 11:00:00,10992.0
2023-05-03 12:00:00,11011.0
2023-05-03 13:00:00,11007.0
2023-05-03 14:00:00,11002.0
2023-05-03 15:00:00,11023.0
2023-05-03 16:00:00,11030.0
2023-05-03 17:00:00,11041.0
2023-05-03 18:00:00,11050.0
2023-05-03 19:00:00,11045.0
2023-05-03 20:00:00,11021.0
2023-05-03 23:00:00,11020.0
2023-05-04 07:00:00,10972.0
2023-05-04 08:00:00,10990.0
2023-05-04 09:00:00,10993.0
2023-05-04 10:00:00,10984.0
2023-05-04 11:00:00,10972.0
2023-05-04 12:00:00,10953.0
2023-05-04 13:00:00,10964.0
2023-05-04 14:00:00,10975.0
2023-05-04 15:00:00,10966.0
2023-05-04 16:00:00,10973.0
2023-05-04 17:00:00,10976.0
2023-05-04 18:00:00,10979.0
2023-05-04 19:00:00,10968.0
2023-05-04 20:00:00,10981.0
2023-05-04 23:00:00,10977.0
2023-05-05 07:00:00,11013.0
2023-05-05 08:00:00,10971.0
2023-05-05 09:00:00,11011.0
2023-05-05 10:00:00,11000.0
2023-05-05 11:00:00,11011.0
2023-05-05 12:00:00,11028.0
2023-05-05 13:00:00,11039.0
2023-05-05 14:00:00,11030.0
2023-05-05 15:00:00,11062.0
2023-05-05 16:00:00,11070.0
2023-05-05 17:00:00,11074.0
2023-05-05 18:00:00,11075.0
2023-05-05 19:00:00,11084.0
2023-05-05 20:00:00,11084.0
2023-05-05 23:00:00,11065.0
2023-05-08 07:00:00,11082.0
2023-05-08 08:00:00,11090.0
2023-05-08 09:00:00,11082.0
2023-05-08 10:00:00,11092.0
2023-05-08 11:00:00,11105.0
2023-05-08 12:00:00,11098.0
2023-05-08 13:00:00,11109.0
2023-05-08 14:00:00,11098.0
2023-05-08 15:00:00,11121.0
2023-05-08 16:00:00,11115.0
2023-05-08 17:00:00,11107.0
2023-05-08 18:00:00,11111.0
2023-05-08 19:00:00,11113.0
2023-05-08 20:00:00,11110.0
2023-05-08 23:00:00,11118.0
2023-05-09 07:00:00,11115.0
2023-05-09 08:00:00,11087.0
2023-05-09 09:00:00,11054.0
2023-05-09 10:00:00,11038.0
2023-05-09 11:00:00,11034.0
2023-05-09 12:00:00,11032.0
2023-05-09 13:00:00,11043.0
2023-05-09 14:00:00,11067.0
2023-05-09 15:00:00,11072.0
2023-05-09 16:00:00,11079.0
2023-05-09 17:00:00,11073.0
2023-05-09 18:00:00,11080.0
2023-05-09 19:00:00,11084.0
2023-05-09 20:00:00,11090.0
2023-05-09 23:00:00,11085.0
2023-05-10 07:00:00,11095.0
2023-05-10 08:00:00,11030.0
2023-05-10 09:00:00,11045.0
2023-05-10 10:00:00,11045.0
2023-05-10 11:00:00,11032.0
2023-05-10 12:00:00,11029.0
2023-05-10 13:00:00,11017.0
2023-05-10 14:00:00,10982.0
2023-05-10 15:00:00,10965.0
2023-05-10 16:00:00,10984.0
2023-05-10 17:00:00,10976.0
2023-05-10 18:00:00,10967.0
2023-05-10 19:00:00,10987.0
2023-05-10 20:00:00,10989.0
2023-05-10 23:00:00,10972.0
2023-05-11 07:00:00,10993.0
2023-05-11 08:00:00,11057.0
2023-05-11 09:00:00,11047.0
2023-05-11 10:00:00,11052.0
2023-05-11 11:00:00,11047.0
2023-05-11 12:00:00,11017.0
2023-05-11 13:00:00,11004.0
2023-05-11 14:00:00,10995.0
2023-05-11 15:00:00,11035.0
2023-05-11 16:00:00,11054.0
2023-05-11 17:00:00,11055.0
2023-05-11 18:00:00,11059.0
2023-05-11 19:00:00,11070.0
2023-05-11 20:00:00,11070.0
2023-05-11 23:00:00,11043.0
2023-05-12 07:00:00,11102.0
2023-05-12 08:00:00,11113.0
2023-05-12 09:00:00,11132.0
2023-05-12 10:00:00,11120.0
2023-05-12 11:00:00,11121.0
2023-05-12 12:00:00,11099.0
2023-05-12 13:00:00,11085.0
2023-05-12 14:00:00,11103.0
2023-05-12 15:00:00,11102.0
2023-05-12 16:00:00,11097.0
2023-05-12 17:00:00,11073.0
2023-05-12 18:00:00,11082.0
2023-05-12 19:00:00,11083.0
2023-05-12 20:00:00,11083.0
2023-05-12 23:00:00,11101.0
2023-05-15 07:00:00,11131.0
2023-05-15 08:00:00,11130.0
2023-05-15 09:00:00,11135.0
2023-05-15 10:00:00,11136.0
2023-05-15 11:00:00,11143.0
2023-05-15 12:00:00,11129.0
2023-05-15 13:00:00,11112.0
2023-05-15 14:00:00,11105.0
2023-05-15 15:00:00,11107.0
2023-05-15 16:00:00,11108.0
2023-05-15 17:00:00,11125.0
2023-05-15 18:00:00,11104.0
2023-05-15 19:00:00,11116.0
2023-05-15 20:00:00,11123.0
2023-05-15 23:00:00,11115.0
2023-05-16 07:00:00,11092.0
2023-05-16 08:00:00,11076.0
2023-05-16 09:00:00,11079.0
2023-05-16 10:00:00,11078.0
2023-05-16 11:00:00,11094.0
2023-05-16 12:00:00,11090.0
2023-05-16 13:00:00,11085.0
2023-05-16 14:00:00,11051.0
2023-05-16 15:00:00,11039.0
2023-05-16 16:00:00,11057.0
2023-05-16 17:00:00,11053.0
2023-05-16 18:00:00,11045.0
2023-05-16 19:00:00,11038.0
2023-05-16 20:00:00,11041.0
2023-05-16 23:00:00,11050.0
2023-05-17 07:00:00,11017.0
2023-05-17 08:00:00,11006.0
2023-05-17 09:00:00,11019.0
2023-05-17 10:00:00,11011.0
2023-05-17 11:00:00,11018.0
2023-05-17 12:00:00,11021.0
2023-05-17 13:00:00,11030.0
2023-05-17 14:00:00,10989.0
2023-05-17 15:00:00,10969.0
2023-05-17 16:00:00,10984.0
2023-05-17 17:00:00,11002.0
2023-05-17 18:00:00,11019.0
2023-05-17 19:00:00,11011.0
2023-05-17 20:00:00,11015.0
2023-05-17 23:00:00,10981.0
2023-05-19 07:00:00,11042.0
2023-05-19 08:00:00,11047.0
2023-05-19 09:00:00,11072.0
2023-05-19 10:00:00,11078.0
2023-05-19 11:00:00,11086.0
2023-05-19 12:00:00,11108.0
2023-05-19 13:00:00,11092.0
2023-05-19 14:00:00,11128.0
2023-05-19 15:00:00,11133.0
2023-05-19 16:00:00,11101.0
2023-05-19 17:00:00,11109.0
2023-05-19 18:00:00,11108.0
2023-05-19 19:00:00,11123.0
2023-05-19 20:00:00,11123.0
2023-05-19 23:00:00,11108.0
2023-05-22 07:00:00,11102.0
2023-05-22 08:00:00,11110.0
2023-05-22 09:00:00,11092.0
2023-05-22 10:00:00,11083.0
2023-05-22 11:00:00,11072.0
2023-05-22 12:00:00,11090.0
2023-05-22 13:00:00,11082.0
2023-05-22 14:00:00,11089.0
2023-05-22 15:00:00,11080.0
2023-05-22 16:00:00,11089.0
2023-05-22 17:00:00,11085.0
2023-05-22 18:00:00,11073.0
2023-05-22 19:00:00,11075.0
2023-05-22 20:00:00,11070.0
2023-05-22 23:00:00,11085.0
2023-05-23 07:00:00,11041.0
2023-05-23 08:00:00,11069.0
2023-05-23 09:00:00,11072.0
2023-05-23 10:00:00,11082.0
2023-05-23 11:00:00,11081.0
2023-05-23 12:00:00,11065.0
2023-05-23 13:00:00,11079.0
2023-05-23 14:00:00,11038.0
2023-05-23 15:00:00,11022.0
2023-05-23 16:00:00,11034.0
2023-05-23 17:00:00,11023.0
2023-05-23 18:00:00,10999.0
2023-05-23 19:00:00,10987.0
2023-05-23 20:00:00,10988.0
2023-05-23 23:00:00,11021.0
2023-05-24 07:00:00,10962.0
2023-05-24 08:00:00,10946.0
2023-05-24 09:00:00,10970.0
2023-05-24 10:00:00,10925.0
2023-05-24 11:00:00,10928.0
2023-05-24 12:00:00,10913.0
2023-05-24 13:00:00,10904.0
2023-05-24 14:00:00,10897.0
2023-05-24 15:00:00,10916.0
2023-05-24 16:00:00,10919.0
2023-05-24 17:00:00,10917.0
2023-05-24 18:00:00,10919.0
2023-05-24 19:00:00,10899.0
2023-05-24 20:00:00,10897.0
2023-05-24 23:00:00,10908.0
2023-05-25 07:00:00,10917.0
2023-05-25 08:00:00,10876.0
2023-05-25 09:00:00,10889.0
2023-05-25 10:00:00,10893.0
2023-05-25 11:00:00,10886.0
2023-05-25 12:00:00,10886.0
2023-05-25 13:00:00,10898.0
2023-05-25 14:00:00,10860.0
2023-05-25 15:00:00,10867.0
2023-05-25 16:00:00,10848.0
2023-05-25 17:00:00,10858.0
2023-05-25 18:00:00,10874.0
2023-05-25 19:00:00,10871.0
2023-05-25 20:00:00,10890.0
2023-05-25 23:00:00,10864.0
2023-05-26 07:00:00,10894.0
2023-05-26 08:00:00,10886.0
2023-05-26 09:00:00,10876.0
2023-05-26 10:00:00,10858.0
2023-05-26 11:00:00,10886.0
2023-05-26 12:00:00,10912.0
2023-05-26 13:00:00,10920.0
2023-05-26 14:00:00,10957.0
2023-05-26 15:00:00,11000.0
2023-05-26 16:00:00,10971.0
2023-05-26 17:00:00,10978.0
2023-05-26 18:00:00,10970.0
2023-05-26 19:00:00,10979.0
2023-05-26 20:00:00,10980.0
2023-05-26 23:00:00,10990.0
2023-05-30 07:00:00,10949.0
2023-05-30 08:00:00,10955.0
2023-05-30 09:00:00,10940.0
2023-05-30 10:00:00,10931.0
2023-05-30 11:00:00,10897.0
2023-05-30 12:00:00,10905.0
2023-05-30 13:00:00,10908.0
2023-05-30 14:00:00,10887.0
2023-05-30 15:00:00,10838.0
2023-05-30 16:00:00,10839.0
2023-05-30 17:00:00,10840.0
2023-05-30 18:00:00,10835.0
2023-05-30 19:00:00,10846.0
2023-05-30 20:00:00,10837.0
2023-05-30 23:00:00,10823.0
2023-05-31 07:00:00,10784.0
2023-05-31 08:00:00,10833.0
2023-05-31 09:00:00,10869.0
2023-05-31 10:00:00,10865.0
2023-05-31 11:00:00,10863.0
2023-05-31 12:00:00,10853.0
2023-05-31 13:00:00,10836.0
2023-05-31 14:00:00,10822.0
2023-05-31 15:00:00,10762.0
2023-05-31 16:00:00,10759.0
2023-05-31 17:00:00,10773.0
2023-05-31 18:00:00,10778.0
2023-05-31 19:00:00,10779.0
2023-05-31 20:00:00,10784.0
2023-05-31 23:00:00,10748.0
2023-06-01 07:00:00,10803.0
2023-06-01 08:00:00,10827.0
2023-06-01 09:00:00,10855.0
2023-06-01 10:00:00,10835.0
2023-06-01 11:00:00,10841.0
2023-06-01 12:00:00,10820.0
2023-06-01 13:00:00,10794.0
2023-06-01 14:00:00,10782.0
2023-06-01 15:00:00,10823.0
2023-06-01 16:00:00,10832.0
2023-06-01 17:00:00,10832.0
2023-06-01 18:00:00,10828.0
2023-06-01 19:00:00,10833.0
2023-06-01 20:00:00,10834.0
2023-06-01 23:00:00,10822.0
2023-06-02 07:00:00,10850.0
2023-06-02 08:00:00,10893.0
2023-06-02 09:00:00,10903.0
2023-06-02 10:00:00,10911.0
2023-06-02 11:00:00,10926.0
2023-06-02 12:00:00,10911.0
2023-06-02 13:00:00,10952.0
2023-06-02 14:00:00,10962.0
2023-06-02 15:00:00,10965.0
2023-06-02 16:00:00,10981.0
2023-06-02 17:00:00,10990.0
2023-06-02 18:00:00,10992.0
2023-06-02 19:00:00,10999.0
2023-06-02 20:00:00,10998.0
2023-06-02 23:00:00,10974.0
2023-06-05 07:00:00,11013.0
2023-06-05 08:00:00,10999.0
2023-06-05 09:00:00,11013.0
2023-06-05 10:00:00,10994.0
2023-06-05 11:00:00,10996.0
2023-06-05 12:00:00,10996.0
2023-06-05 13:00:00,11005.0
2023-06-05 14:00:00,10986.0
2023-06-05 15:00:00,10949.0
2023-06-05 16:00:00,10950.0
2023-06-05 17:00:00,10941.0
2023-06-05 18:00:00,10933.0
2023-06-05 19:00:00,10924.0
2023-06-05 20:00:00,10922.0
2023-06-05 23:00:00,10948.0
2023-06-06 07:00:00,10931.0
2023-06-06 08:00:00,10963.0
2023-06-06 09:00:00,10957.0
2023-06-06 10:00:00,10988.0
2023-06-06 11:00:00,10987.0
2023-06-06 12:00:00,11006.0
2023-06-06 13:00:00,11012.0
2023-06-06 14:00:00,11018.0
2023-06-06 15:00:00,11012.0
2023-06-06 16:00:00,11005.0
2023-06-06 17:00:00,10987.0
2023-06-06 18:00:00,10985.0
2023-06-06 19:00:00,10988.0
2023-06-06 20:00:00,10989.0
2023-06-06 23:00:00,11011.0
2023-06-07 07:00:00,10975.0
2023-06-07 08:00:00,10964.0
2023-06-07 09:00:00,10935.0
2023-06-07 10:00:00,10942.0
2023-06-07 11:00:00,10956.0
2023-06-07 12:00:00,10962.0
2023-06-07 13:00:00,10945.0
2023-06-07 14:00:00,10935.0
2023-06-07 15:00:00,10885.0
2023-06-07 16:00:00,10883.0
2023-06-07 17:00:00,10890.0
2023-06-07 18:00:00,10890.0
2023-06-07 19:00:00,10893.0
2023-06-07 20:00:00,10890.0
2023-06-07 23:00:00,10884.0
2023-06-08 07:00:00,10875.0
2023-06-08 08:00:00,10877.0
2023-06-08 09:00:00,10866.0
2023-06-08 10:00:00,10878.0
2023-06-08 11:00:00,10888.0
2023-06-08 12:00:00,10899.0
2023-06-08 13:00:00,10848.0
2023-06-08 14:00:00,10841.0
2023-06-08 15:00:00,10850.0
2023-06-08 16:00:00,10847.0
2023-06-08 17:00:00,10847.0
2023-06-08 18:00:00,10841.0
2023-06-08 19:00:00,10849.0
2023-06-08 20:00:00,10851.0
2023-06-08 23:00:00,10841.0
2023-06-09 07:00:00,10855.0
2023-06-09 08:00:00,10830.0
2023-06-09 09:00:00,10823.0
2023-06-09 10:00:00,10796.0
2023-06-09 11:00:00,10778.0
2023-06-09 12:00:00,10783.0
2023-06-09 13:00:00,10792.0
2023-06-09 14:00:00,10797.0
2023-06-09 15:00:00,10799.0
2023-06-09 16:00:00,10786.0
2023-06-09 17:00:00,10793.0
2023-06-09 18:00:00,10812.0
2023-06-09 19:00:00,10816.0
2023-06-09 20:00:00,10815.0
2023-06-09 20:00:01,10815.0
2023-06-09 23:00:00,10790.0
2023-06-12 07:00:00,10852.0
2023-06-12 08:00:00,10832.0
2023-06-12 09:00:00,10840.0
2023-06-12 10:00:00,10838.0
2023-06-12 11:00:00,10843.0
2023-06-12 12:00:00,10856.0
2023-06-12 13:00:00,10868.0
2023-06-12 14:00:00,10864.0
2023-06-12 15:00:00,10860.0
2023-06-12 16:00:00,10838.0
2023-06-12 17:00:00,10855.0
2023-06-12 18:00:00,10855.0
2023-06-12 19:00:00,10851.0
2023-06-12 20:00:00,10869.0
2023-06-12 23:00:00,10849.0
2023-06-13 07:00:00,10862.0
2023-06-13 08:00:00,10846.0
2023-06-13 09:00:00,10841.0
2023-06-13 10:00:00,10834.0
2023-06-13 11:00:00,10826.0
2023-06-13 12:00:00,10820.0
2023-06-13 13:00:00,10858.0
2023-06-13 14:00:00,10860.0
2023-06-13 15:00:00,10865.0
2023-06-13 16:00:00,10852.0
2023-06-13 17:00:00,10853.0
2023-06-13 20:00:00,10864.0
2023-06-13 23:00:00,10867.0
2023-06-14 07:00:00,10851.0
2023-06-14 08:00:00,10867.0
2023-06-14 09:00:00,10866.0
2023-06-14 10:00:00,10857.0
2023-06-14 11:00:00,10844.0
2023-06-14 12:00:00,10837.0
2023-06-14 13:00:00,10818.0
2023-06-14 14:00:00,10803.0
2023-06-14 15:00:00,10799.0
2023-06-14 16:00:00,10800.0
2023-06-14 17:00:00,10799.0
2023-06-14 18:00:00,10807.0
2023-06-14 19:00:00,10803.0
2023-06-14 20:00:00,10811.0
2023-06-14 23:00:00,10814.0
2023-06-15 07:00:00,10811.0
2023-06-15 08:00:00,10823.0
2023-06-15 09:00:00,10826.0
2023-06-15 10:00:00,10819.0
2023-06-15 11:00:00,10805.0
2023-06-15 12:00:00,10799.0
2023-06-15 13:00:00,10808.0
2023-06-15 14:00:00,10828.0
2023-06-15 15:00:00,10828.0
2023-06-15 16:00:00,10825.0
2023-06-15 17:00:00,10830.0
2023-06-15 18:00:00,10831.0
2023-06-15 19:00:00,10837.0
2023-06-15 20:00:00,10842.0
2023-06-15 23:00:00,10832.0
2023-06-16 07:00:00,10842.0
2023-06-16 08:00:00,10898.0
2023-06-16 09:00:00,10917.0
2023-06-16 10:00:00,10929.0
2023-06-16 11:00:00,10939.0
2023-06-16 12:00:00,10943.0
2023-06-16 13:00:00,10972.0
2023-06-16 14:00:00,10949.0
2023-06-16 15:00:00,10953.0
2023-06-16 16:00:00,10917.0
2023-06-16 17:00:00,10924.0
2023-06-16 18:00:00,10917.0
2023-06-16 19:00:00,10906.0
2023-06-16 20:00:00,10898.0
2023-06-16 23:00:00,10948.0
2023-06-19 07:00:00,10894.0
2023-06-19 08:00:00,10880.0
2023-06-19 09:00:00,10867.0
2023-06-19 10:00:00,10881.0
2023-06-19 11:00:00,10863.0
2023-06-19 12:00:00,10861.0
2023-06-19 13:00:00,10866.0
2023-06-19 14:00:00,10839.0
2023-06-19 15:00:00,10826.0
2023-06-19 16:00:00,10844.0
2023-06-19 17:00:00,10849.0
2023-06-19 18:00:00,10850.0
2023-06-19 19:00:00,10847.0
2023-06-19 20:00:00,10846.0
2023-06-19 23:00:00,10827.0
2023-06-20 07:00:00,10828.0
2023-06-20 08:00:00,10836.0
2023-06-20 09:00:00,10816.0
2023-06-20 10:00:00,10816.0
2023-06-20 11:00:00,10810.0
2023-06-20 12:00:00,10803.0
2023-06-20 13:00:00,10817.0
2023-06-20 14:00:00,10812.0
2023-06-20 15:00:00,10785.0
2023-06-20 16:00:00,10761.0
2023-06-20 17:00:00,10778.0
2023-06-20 18:00:00,10777.0
2023-06-20 19:00:00,10773.0
2023-06-20 20:00:00,10773.0
2023-06-20 23:00:00,10779.0
2023-06-21 07:00:00,10743.0
2023-06-21 08:00:00,10756.0
2023-06-21 09:00:00,10747.0
2023-06-21 10:00:00,10766.0
2023-06-21 11:00:00,10750.0
2023-06-21 12:00:00,10745.0
2023-06-21 13:00:00,10723.0
2023-06-21 14:00:00,10708.0
2023-06-21 15:00:00,10706.0
2023-06-21 16:00:00,10713.0
2023-06-21 17:00:00,10703.0
2023-06-21 18:00:00,10708.0
2023-06-21 19:00:00,10711.0
2023-06-21 20:00:00,10705.0
2023-06-21 23:00:00,10699.0
2023-06-22 07:00:00,10647.0
2023-06-22 08:00:00,10632.0
2023-06-22 09:00:00,10647.0
2023-06-22 10:00:00,10652.0
2023-06-22 11:00:00,10638.0
2023-06-22 12:00:00,10667.0
2023-06-22 13:00:00,10671.0
2023-06-22 14:00:00,10686.0
2023-06-22 15:00:00,10702.0
2023-06-22 16:00:00,10720.0
2023-06-22 17:00:00,10724.0
2023-06-22 18:00:00,10725.0
2023-06-22 19:00:00,10728.0
2023-06-22 20:00:00,10721.0
2023-06-22 23:00:00,10707.0
2023-06-23 07:00:00,10702.0
2023-06-23 08:00:00,10732.0
2023-06-23 09:00:00,10760.0
2023-06-23 10:00:00,10766.0
2023-06-23 11:00:00,10765.0
2023-06-23 12:00:00,10750.0
2023-06-23 13:00:00,10710.0
2023-06-23 14:00:00,10745.0
2023-06-23 15:00:00,10779.0
2023-06-23 16:00:00,10758.0
2023-06-23 17:00:00,10767.0
2023-06-23 18:00:00,10760.0
2023-06-23 19:00:00,10737.0
2023-06-23 20:00:00,10739.0
2023-06-23 23:00:00,10766.0
2023-06-26 07:00:00,10742.0
2023-06-26 08:00:00,10708.0
2023-06-26 09:00:00,10673.0
2023-06-26 10:00:00,10710.0
2023-06-26 11:00:00,10694.0
2023-06-26 12:00:00,10695.0
2023-06-26 13:00:00,10691.0
2023-06-26 14:00:00,10672.0
2023-06-26 15:00:00,10683.0
2023-06-26 16:00:00,10681.0
2023-06-26 17:00:00,10686.0
2023-06-26 18:00:00,10692.0
2023-06-26 19:00:00,10688.0
2023-06-26 20:00:00,10687.0
2023-06-26 23:00:00,10680.0
2023-06-27 07:00:00,10702.0
2023-06-27 08:00:00,10677.0
2023-06-27 09:00:00,10664.0
2023-06-27 10:00:00,10661.0
2023-06-27 11:00:00,10664.0
2023-06-27 12:00:00,10654.0
2023-06-27 13:00:00,10653.0
2023-06-27 14:00:00,10651.0
2023-06-27 15:00:00,10670.0
2023-06-27 16:00:00,10673.0
2023-06-27 17:00:00,10682.0
2023-06-27 18:00:00,10694.0
2023-06-27 19:00:00,10776.0
2023-06-27 20:00:00,10773.0
2023-06-27 23:00:00,10665.0
2023-06-28 07:00:00,10767.0
2023-06-28 08:00:00,10701.0
2023-06-28 09:00:00,10711.0
2023-06-28 10:00:00,10728.0
2023-06-28 11:00:00,10731.0
2023-06-28 12:00:00,10711.0
2023-06-28 13:00:00,10703.0
2023-06-28 14:00:00,10714.0
2023-06-28 15:00:00,10698.0
2023-06-28 16:00:00,10715.0
2023-06-28 17:00:00,10709.0
2023-06-28 18:00:00,10715.0
2023-06-28 19:00:00,10718.0
2023-06-28 20:00:00,10718.0
2023-06-28 23:00:00,10708.0
2023-06-29 07:00:00,10717.0
2023-06-29 08:00:00,10688.0
2023-06-29 09:00:00,10696.0
2023-06-29 10:00:00,10706.0
2023-06-29 11:00:00,10722.0
2023-06-29 12:00:00,10714.0
2023-06-29 13:00:00,10719.0
2023-06-29 14:00:00,10705.0
2023-06-29 15:00:00,10690.0
2023-06-29 16:00:00,10699.0
2023-06-29 17:00:00,10708.0
2023-06-29 18:00:00,10707.0
2023-06-29 19:00:00,10713.0
2023-06-29 20:00:00,10717.0
2023-06-29 23:00:00,10692.0
2023-06-30 07:00:00,10715.0
2023-06-30 08:00:00,10771.0
2023-06-30 09:00:00,10774.0
2023-06-30 10:00:00,10790.0
2023-06-30 11:00:00,10806.0
2023-06-30 12:00:00,10800.0
2023-06-30 13:00:00,10814.0
2023-06-30 14:00:00,10827.0
2023-06-30 15:00:00,10809.0
2023-06-30 16:00:00,10809.0
2023-06-30 17:00:00,10821.0
2023-06-30 18:00:00,10823.0
2023-06-30 19:00:00,10823.0
2023-06-30 20:00:00,10827.0
2023-06-30 23:00:00,10811.0
2023-07-03 07:00:00,10812.0
2023-07-03 08:00:00,10849.0
2023-07-03 09:00:00,10849.0
2023-07-03 10:00:00,10819.0
2023-07-03 11:00:00,10828.0
2023-07-03 12:00:00,10827.0
2023-07-03 13:00:00,10802.0
2023-07-03 14:00:00,10774.0
2023-07-03 15:00:00,10752.0
2023-07-03 16:00:00,10750.0
2023-07-03 17:00:00,10750.0
2023-07-03 18:00:00,10756.0
2023-07-03 19:00:00,10758.0
2023-07-03 20:00:00,10757.0
2023-07-03 23:00:00,10744.0
2023-07-04 07:00:00,10756.0
2023-07-04 08:00:00,10770.0
2023-07-04 09:00:00,10773.0
2023-07-04 10:00:00,10777.0
2023-07-04 11:00:00,10766.0
2023-07-04 12:00:00,10769.0
2023-07-04 13:00:00,10766.0
2023-07-04 14:00:00,10754.0
2023-07-04 15:00:00,10741.0
2023-07-04 16:00:00,10741.0
2023-07-04 17:00:00,10740.0
2023-07-04 18:00:00,10739.0
2023-07-04 19:00:00,10741.0
2023-07-04 20:00:00,10738.0
2023-07-04 23:00:00,10735.0
2023-07-05 07:00:00,10706.0
2023-07-05 08:00:00,10716.0
2023-07-05 09:00:00,10728.0
2023-07-05 10:00:00,10716.0
2023-07-05 11:00:00,10730.0
2023-07-05 12:00:00,10730.0
2023-07-05 13:00:00,10724.0
2023-07-05 14:00:00,10700.0
2023-07-05 15:00:00,10694.0
2023-07-05 16:00:00,10712.0
2023-07-05 17:00:00,10711.0
2023-07-05 18:00:00,10709.0
2023-07-05 19:00:00,10711.0
2023-07-05 20:00:00,10718.0
2023-07-05 23:00:00,10695.0
2023-07-06 07:00:00,10654.0
2023-07-06 08:00:00,10597.0
2023-07-06 09:00:00,10593.0
2023-07-06 10:00:00,10583.0
2023-07-06 11:00:00,10563.0
2023-07-06 12:00:00,10573.0
2023-07-06 13:00:00,10540.0
2023-07-06 14:00:00,10541.0
2023-07-06 15:00:00,10492.0
2023-07-06 16:00:00,10513.0
2023-07-06 17:00:00,10523.0
2023-07-06 18:00:00,10526.0
2023-07-06 19:00:00,10526.0
2023-07-06 20:00:00,10525.0
2023-07-06 23:00:00,10486.0
2023-07-07 07:00:00,10492.0
2023-07-07 08:00:00,10464.0
2023-07-07 09:00:00,10472.0
2023-07-07 10:00:00,10469.0
2023-07-07 11:00:00,10473.0
2023-07-07 12:00:00,10477.0
2023-07-07 13:00:00,10482.0
2023-07-07 14:00:00,10455.0
2023-07-07 15:00:00,10450.0
2023-07-07 16:00:00,10395.0
2023-07-07 17:00:00,10433.0
2023-07-07 18:00:00,10414.0
2023-07-07 19:00:00,10410.0
2023-07-07 20:00:00,10406.0
2023-07-07 23:00:00,10391.0
2023-07-10 07:00:00,10368.0
2023-07-10 08:00:00,10417.0
2023-07-10 09:00:00,10435.0
2023-07-10 10:00:00,10429.0
2023-07-10 11:00:00,10441.0
2023-07-10 12:00:00,10463.0
2023-07-10 13:00:00,10457.0
2023-07-10 14:00:00,10465.0
2023-07-10 15:00:00,10452.0
2023-07-10 16:00:00,10433.0
2023-07-10 17:00:00,10437.0
2023-07-10 18:00:00,10443.0
2023-07-10 19:00:00,10438.0
2023-07-10 20:00:00,10431.0
2023-07-10 23:00:00,10438.0
2023-07-11 07:00:00,10453.0
2023-07-11 08:00:00,10436.0
2023-07-11 09:00:00,10439.0
2023-07-11 10:00:00,10454.0
2023-07-11 11:00:00,10447.0
2023-07-11 12:00:00,10460.0
2023-07-11 13:00:00,10477.0
2023-07-11 14:00:00,10487.0
2023-07-11 15:00:00,10470.0
2023-07-11 16:00:00,10477.0
2023-07-11 17:00:00,10475.0
2023-07-11 18:00:00,10473.0
2023-07-11 19:00:00,10475.0
2023-07-11 20:00:00,10474.0
2023-07-11 23:00:00,10479.0
2023-07-12 07:00:00,10493.0
2023-07-12 08:00:00,10493.0
2023-07-12 09:00:00,10515.0
2023-07-12 10:00:00,10528.0
2023-07-12 11:00:00,10512.0
2023-07-12 12:00:00,10528.0
2023-07-12 13:00:00,10527.0
2023-07-12 14:00:00,10508.0
2023-07-12 15:00:00,10520.0
2023-07-12 16:00:00,10525.0
2023-07-12 17:00:00,10529.0
2023-07-12 18:00:00,10533.0
2023-07-12 19:00:00,10522.0
2023-07-12 20:00:00,10523.0
2023-07-12 23:00:00,10536.0
2023-07-13 07:00:00,10537.0
2023-07-13 08:00:00,10562.0
2023-07-13 09:00:00,10567.0
2023-07-13 10:00:00,10571.0
2023-07-13 11:00:00,10583.0
2023-07-13 12:00:00,10581.0
2023-07-13 13:00:00,10575.0
2023-07-13 14:00:00,10558.0
2023-07-13 15:00:00,10542.0
2023-07-13 16:00:00,10551.0
2023-07-13 17:00:00,10548.0
2023-07-13 18:00:00,10544.0
2023-07-13 19:00:00,10543.0
2023-07-13 20:00:00,10550.0
2023-07-13 23:00:00,10546.0
2023-07-14 07:00:00,10513.0
2023-07-14 08:00:00,10592.0
2023-07-14 09:00:00,10597.0
2023-07-14 10:00:00,10585.0
2023-07-14 11:00:00,10603.0
2023-07-14 12:00:00,10602.0
2023-07-14 13:00:00,10622.0
2023-07-14 14:00:00,10630.0
2023-07-14 15:00:00,10608.0
2023-07-14 16:00:00,10623.0
2023-07-14 17:00:00,10618.0
2023-07-14 18:00:00,10627.0
2023-07-14 19:00:00,10630.0
2023-07-14 20:00:00,10629.0
2023-07-14 23:00:00,10617.0
2023-07-17 07:00:00,10586.0
2023-07-17 08:00:00,10574.0
2023-07-17 09:00:00,10533.0
2023-07-17 10:00:00,10509.0
2023-07-17 11:00:00,10517.0
2023-07-17 12:00:00,10504.0
2023-07-17 13:00:00,10507.0
2023-07-17 14:00:00,10511.0
2023-07-17 15:00:00,10503.0
2023-07-17 16:00:00,10497.0
2023-07-17 17:00:00,10502.0
2023-07-17 18:00:00,10493.0
2023-07-17 19:00:00,10497.0
2023-07-17 20:00:00,10500.0
2023-07-17 23:00:00,10500.0
2023-07-18 07:00:00,10499.0
2023-07-18 08:00:00,10557.0
2023-07-18 09:00:00,10569.0
2023-07-18 10:00:00,10585.0
2023-07-18 11:00:00,10572.0
2023-07-18 12:00:00,10559.0
2023-07-18 13:00:00,10550.0
2023-07-18 14:00:00,10580.0
2023-07-18 15:00:00,10623.0
2023-07-18 16:00:00,10617.0
2023-07-18 17:00:00,10609.0
2023-07-18 18:00:00,10605.0
2023-07-18 19:00:00,10616.0
2023-07-18 20:00:00,10617.0
2023-07-18 23:00:00,10627.0
2023-07-19 07:00:00,10624.0
2023-07-19 08:00:00,10640.0
2023-07-19 09:00:00,10664.0
2023-07-19 10:00:00,10656.0
2023-07-19 11:00:00,10668.0
2023-07-19 12:00:00,10651.0
2023-07-19 13:00:00,10643.0
2023-07-19 14:00:00,10672.0
2023-07-19 15:00:00,10650.0
2023-07-19 16:00:00,10637.0
2023-07-19 17:00:00,10631.0
2023-07-19 18:00:00,10638.0
2023-07-19 19:00:00,10641.0
2023-07-19 20:00:00,10643.0
2023-07-19 23:00:00,10641.0
2023-07-20 07:00:00,10611.0
2023-07-20 08:00:00,10634.0
2023-07-20 09:00:00,10661.0
2023-07-20 10:00:00,10650.0
2023-07-20 11:00:00,10663.0
2023-07-20 12:00:00,10666.0
2023-07-20 13:00:00,10682.0
2023-07-20 14:00:00,10704.0
2023-07-20 15:00:00,10723.0
2023-07-20 16:00:00,10713.0
2023-07-20 17:00:00,10723.0
2023-07-20 18:00:00,10722.0
2023-07-20 19:00:00,10723.0
2023-07-20 20:00:00,10716.0
2023-07-20 23:00:00,10727.0
2023-07-21 07:00:00,10700.0
2023-07-21 08:00:00,10711.0
2023-07-21 09:00:00,10729.0
2023-07-21 10:00:00,10718.0
2023-07-21 11:00:00,10709.0
2023-07-21 12:00:00,10691.0
2023-07-21 13:00:00,10707.0
2023-07-21 14:00:00,10695.0
2023-07-21 15:00:00,10724.0
2023-07-21 16:00:00,10724.0
2023-07-21 17:00:00,10729.0
2023-07-21 18:00:00,10734.0
2023-07-21 19:00:00,10731.0
2023-07-21 20:00:00,10727.0
2023-07-21 23:00:00,10726.0
2023-07-24 07:00:00,10704.0
2023-07-24 08:00:00,10741.0
2023-07-24 09:00:00,10747.0
2023-07-24 10:00:00,10739.0
2023-07-24 11:00:00,10705.0
2023-07-24 12:00:00,10687.0
2023-07-24 13:00:00,10688.0
2023-07-24 14:00:00,10687.0
2023-07-24 15:00:00,10694.0
2023-07-24 16:00:00,10696.0
2023-07-24 17:00:00,10693.0
2023-07-24 18:00:00,10691.0
2023-07-24 19:00:00,10684.0
2023-07-24 20:00:00,10684.0
2023-07-24 23:00:00,10695.0
2023-07-25 07:00:00,10699.0
2023-07-25 08:00:00,10684.0
2023-07-25 09:00:00,10702.0
2023-07-25 10:00:00,10719.0
2023-07-25 11:00:00,10704.0
2023-07-25 12:00:00,10711.0
2023-07-25 13:00:00,10703.0
2023-07-25 14:00:00,10756.0
2023-07-25 15:00:00,10751.0
2023-07-25 16:00:00,10737.0
2023-07-25 17:00:00,10741.0
2023-07-25 18:00:00,10735.0
2023-07-25 19:00:00,10726.0
2023-07-25 20:00:00,10734.0
2023-07-25 23:00:00,10741.0
2023-07-26 07:00:00,10732.0
2023-07-26 08:00:00,10724.0
2023-07-26 09:00:00,10689.0
2023-07-26 10:00:00,10688.0
2023-07-26 11:00:00,10666.0
2023-07-26 12:00:00,10662.0
2023-07-26 13:00:00,10641.0
2023-07-26 14:00:00,10656.0
2023-07-26 15:00:00,10674.0
2023-07-26 16:00:00,10702.0
2023-07-26 17:00:00,10706.0
2023-07-26 18:00:00,10705.0
2023-07-26 19:00:00,10700.0
2023-07-26 20:00:00,10686.0
2023-07-26 23:00:00,10689.0
2023-07-27 07:00:00,10718.0
2023-07-27 08:00:00,10809.0
2023-07-27 09:00:00,10837.0
2023-07-27 10:00:00,10825.0
2023-07-27 11:00:00,10807.0
2023-07-27 12:00:00,10828.0
2023-07-27 13:00:00,10878.0
2023-07-27 14:00:00,10911.0
2023-07-27 15:00:00,10872.0
2023-07-27 16:00:00,10884.0
2023-07-27 17:00:00,10894.0
2023-07-27 18:00:00,10867.0
2023-07-27 19:00:00,10846.0
2023-07-27 20:00:00,10850.0
2023-07-27 23:00:00,10878.0
2023-07-28 07:00:00,10832.0
2023-07-28 08:00:00,10860.0
2023-07-28 09:00:00,10853.0
2023-07-28 10:00:00,10844.0
2023-07-28 11:00:00,10844.0
2023-07-28 12:00:00,10850.0
2023-07-28 13:00:00,10865.0
2023-07-28 14:00:00,10843.0
2023-07-28 15:00:00,10836.0
2023-07-28 16:00:00,10834.0
2023-07-28 17:00:00,10826.0
2023-07-28 18:00:00,10812.0
2023-07-28 19:00:00,10815.0
2023-07-28 20:00:00,10819.0
2023-07-28 23:00:00,10839.0
2023-07-31 07:00:00,10819.0
2023-07-31 08:00:00,10837.0
2023-07-31 09:00:00,10843.0
2023-07-31 10:00:00,10842.0
2023-07-31 11:00:00,10835.0
2023-07-31 12:00:00,10845.0
2023-07-31 13:00:00,10851.0
2023-07-31 14:00:00,10834.0
2023-07-31 15:00:00,10824.0
2023-07-31 16:00:00,10817.0
2023-07-31 17:00:00,10814.0
2023-07-31 18:00:00,10813.0
2023-07-31 19:00:00,10823.0
2023-07-31 20:00:00,10817.0
2023-07-31 23:00:00,10822.0
2023-08-02 07:00:00,10648.0
2023-08-02 08:00:00,10692.0
2023-08-02 09:00:00,10668.0
2023-08-02 10:00:00,10688.0
2023-08-02 11:00:00,10725.0
2023-08-02 12:00:00,10725.0
2023-08-02 13:00:00,10720.0
2023-08-02 14:00:00,10752.0
2023-08-02 15:00:00,10700.0
2023-08-02 16:00:00,10726.0
2023-08-02 17:00:00,10732.0
2023-08-02 18:00:00,10721.0
2023-08-02 19:00:00,10717.0
2023-08-02 20:00:00,10713.0
2023-08-02 23:00:00,10703.0
2023-08-03 07:00:00,10662.0
2023-08-03 08:00:00,10626.0
2023-08-03 09:00:00,10597.0
2023-08-03 10:00:00,10607.0
2023-08-03 11:00:00,10603.0
2023-08-03 12:00:00,10602.0
2023-08-03 13:00:00,10584.0
2023-08-03 14:00:00,10604.0
2023-08-03 15:00:00,10580.0
2023-08-03 16:00:00,10601.0
2023-08-03 17:00:00,10604.0
2023-08-03 18:00:00,10598.0
2023-08-03 19:00:00,10599.0
2023-08-03 20:00:00,10596.0
2023-08-03 23:00:00,10577.0
2023-08-04 07:00:00,10600.0
2023-08-04 08:00:00,10578.0
2023-08-04 09:00:00,10572.0
2023-08-04 10:00:00,10579.0
2023-08-04 11:00:00,10534.0
2023-08-04 12:00:00,10530.0
2023-08-04 13:00:00,10530.0
2023-08-04 14:00:00,10553.0
2023-08-04 15:00:00,10601.0
2023-08-04 16:00:00,10608.0
2023-08-04 17:00:00,10609.0
2023-08-04 18:00:00,10602.0
2023-08-04 19:00:00,10567.0
2023-08-04 20:00:00,10567.0
2023-08-04 23:00:00,10601.0
2023-08-07 07:00:00,10586.0
2023-08-07 08:00:00,10618.0
2023-08-07 09:00:00,10568.0
2023-08-07 10:00:00,10599.0
2023-08-07 11:00:00,10577.0
2023-08-07 12:00:00,10605.0
2023-08-07 13:00:00,10609.0
2023-08-07 14:00:00,10586.0
2023-08-07 15:00:00,10607.0
2023-08-07 16:00:00,10627.0
2023-08-07 17:00:00,10625.0
2023-08-07 18:00:00,10627.0
2023-08-07 19:00:00,10622.0
2023-08-07 20:00:00,10618.0
2023-08-07 23:00:00,10610.0
2023-08-08 07:00:00,10580.0
2023-08-08 08:00:00,10634.0
2023-08-08 09:00:00,10609.0
2023-08-08 10:00:00,10595.0
2023-08-08 11:00:00,10583.0
2023-08-08 12:00:00,10578.0
2023-08-08 13:00:00,10566.0
2023-08-08 14:00:00,10579.0
2023-08-08 15:00:00,10556.0
2023-08-08 16:00:00,10560.0
2023-08-08 17:00:00,10562.0
2023-08-08 18:00:00,10564.0
2023-08-08 19:00:00,10578.0
2023-08-08 20:00:00,10579.0
2023-08-08 23:00:00,10559.0
2023-08-09 07:00:00,10614.0
2023-08-09 08:00:00,10623.0
2023-08-09 09:00:00,10633.0
2023-08-09 10:00:00,10648.0
2023-08-09 11:00:00,10638.0
2023-08-09 12:00:00,10641.0
2023-08-09 13:00:00,10607.0
2023-08-09 14:00:00,10615.0
2023-08-09 15:00:00,10608.0
2023-08-09 16:00:00,10580.0
2023-08-09 17:00:00,10584.0
2023-08-09 18:00:00,10600.0
2023-08-09 19:00:00,10608.0
2023-08-09 20:00:00,10603.0
2023-08-09 23:00:00,10590.0
2023-08-10 07:00:00,10625.0
2023-08-10 08:00:00,10656.0
2023-08-10 09:00:00,10643.0
2023-08-10 10:00:00,10637.0
2023-08-10 11:00:00,10637.0
2023-08-10 12:00:00,10625.0
2023-08-10 13:00:00,10639.0
2023-08-10 14:00:00,10661.0
2023-08-10 15:00:00,10665.0
2023-08-10 16:00:00,10642.0
2023-08-10 17:00:00,10629.0
2023-08-10 18:00:00,10624.0
2023-08-10 19:00:00,10640.0
2023-08-10 20:00:00,10634.0
2023-08-10 23:00:00,10657.0
2023-08-11 07:00:00,10626.0
2023-08-11 08:00:00,10631.0
2023-08-11 09:00:00,10614.0
2023-08-11 10:00:00,10623.0
2023-08-11 11:00:00,10619.0
2023-08-11 12:00:00,10608.0
2023-08-11 13:00:00,10564.0
2023-08-11 14:00:00,10582.0
2023-08-11 15:00:00,10585.0
2023-08-11 16:00:00,10587.0
2023-08-11 17:00:00,10585.0
2023-08-11 18:00:00,10591.0
2023-08-11 19:00:00,10602.0
2023-08-11 20:00:00,10600.0
2023-08-11 23:00:00,10582.0
2023-08-14 07:00:00,10590.0
2023-08-14 08:00:00,10613.0
2023-08-14 09:00:00,10603.0
2023-08-14 10:00:00,10618.0
2023-08-14 11:00:00,10617.0
2023-08-14 12:00:00,10602.0
2023-08-14 13:00:00,10596.0
2023-08-14 14:00:00,10596.0
2023-08-14 15:00:00,10611.0
2023-08-14 16:00:00,10612.0
2023-08-14 17:00:00,10604.0
2023-08-14 18:00:00,10604.0
2023-08-14 19:00:00,10609.0
2023-08-14 20:00:00,10616.0
2023-08-14 23:00:00,10607.0
2023-08-15 07:00:00,10591.0
2023-08-15 08:00:00,10533.0
2023-08-15 09:00:00,10503.0
2023-08-15 10:00:00,10490.0
2023-08-15 11:00:00,10473.0
2023-08-15 12:00:00,10473.0
2023-08-15 13:00:00,10490.0
2023-08-15 14:00:00,10501.0
2023-08-15 15:00:00,10461.0
2023-08-15 16:00:00,10492.0
2023-08-15 17:00:00,10478.0
2023-08-15 18:00:00,10483.0
2023-08-15 19:00:00,10487.0
2023-08-15 20:00:00,10487.0
2023-08-15 23:00:00,10484.0
2023-08-16 07:00:00,10460.0
2023-08-16 08:00:00,10515.0
2023-08-16 09:00:00,10519.0
2023-08-16 10:00:00,10497.0
2023-08-16 11:00:00,10482.0
2023-08-16 12:00:00,10491.0
2023-08-16 13:00:00,10479.0
2023-08-16 14:00:00,10485.0
2023-08-16 15:00:00,10493.0
2023-08-16 16:00:00,10482.0
2023-08-16 17:00:00,10479.0
2023-08-16 18:00:00,10467.0
2023-08-16 19:00:00,10464.0
2023-08-16 20:00:00,10455.0
2023-08-16 23:00:00,10484.0
2023-08-17 07:00:00,10439.0
2023-08-17 08:00:00,10408.0
2023-08-17 09:00:00,10414.0
2023-08-17 10:00:00,10436.0
2023-08-17 11:00:00,10440.0
2023-08-17 12:00:00,10443.0
2023-08-17 13:00:00,10424.0
2023-08-17 14:00:00,10390.0
2023-08-17 15:00:00,10392.0
2023-08-17 16:00:00,10394.0
2023-08-17 17:00:00,10396.0
2023-08-17 18:00:00,10385.0
2023-08-17 19:00:00,10361.0
2023-08-17 20:00:00,10351.0
2023-08-17 23:00:00,10375.0
2023-08-18 07:00:00,10364.0
2023-08-18 08:00:00,10291.0
2023-08-18 09:00:00,10288.0
2023-08-18 10:00:00,10303.0
2023-08-18 11:00:00,10285.0
2023-08-18 12:00:00,10271.0
2023-08-18 13:00:00,10261.0
2023-08-18 14:00:00,10263.0
2023-08-18 15:00:00,10319.0
2023-08-18 16:00:00,10338.0
2023-08-18 17:00:00,10330.0
2023-08-18 18:00:00,10325.0
2023-08-18 19:00:00,10329.0
2023-08-18 20:00:00,10325.0
2023-08-18 23:00:00,10326.0
2023-08-21 07:00:00,10323.0
2023-08-21 08:00:00,10396.0
2023-08-21 09:00:00,10401.0
2023-08-21 10:00:00,10414.0
2023-08-21 11:00:00,10407.0
2023-08-21 12:00:00,10402.0
2023-08-21 13:00:00,10381.0
2023-08-21 14:00:00,10372.0
2023-08-21 15:00:00,10355.0
2023-08-21 16:00:00,10343.0
2023-08-21 17:00:00,10357.0
2023-08-21 18:00:00,10366.0
2023-08-21 19:00:00,10363.0
2023-08-21 20:00:00,10370.0
2023-08-21 23:00:00,10349.0
2023-08-22 07:00:00,10392.0
2023-08-22 08:00:00,10411.0
2023-08-22 09:00:00,10422.0
2023-08-22 10:00:00,10418.0
2023-08-22 11:00:00,10428.0
2023-08-22 12:00:00,10429.0
2023-08-22 13:00:00,10421.0
2023-08-22 14:00:00,10381.0
2023-08-22 15:00:00,10386.0
2023-08-22 16:00:00,10358.0
2023-08-22 17:00:00,10357.0
2023-08-22 18:00:00,10349.0
2023-08-22 19:00:00,10353.0
2023-08-22 20:00:00,10357.0
2023-08-22 23:00:00,10380.0
2023-08-23 07:00:00,10422.0
2023-08-23 08:00:00,10482.0
2023-08-23 09:00:00,10488.0
2023-08-23 10:00:00,10498.0
2023-08-23 11:00:00,10492.0
2023-08-23 12:00:00,10475.0
2023-08-23 13:00:00,10458.0
2023-08-23 14:00:00,10459.0
2023-08-23 15:00:00,10476.0
2023-08-23 16:00:00,10462.0
2023-08-23 17:00:00,10457.0
2023-08-23 18:00:00,10478.0
2023-08-23 19:00:00,10469.0
2023-08-23 20:00:00,10471.0
2023-08-23 23:00:00,10475.0
2023-08-24 07:00:00,10516.0
2023-08-24 08:00:00,10520.0
2023-08-24 09:00:00,10511.0
2023-08-24 10:00:00,10500.0
2023-08-24 11:00:00,10515.0
2023-08-24 12:00:00,10494.0
2023-08-24 13:00:00,10485.0
2023-08-24 14:00:00,10496.0
2023-08-24 15:00:00,10469.0
2023-08-24 16:00:00,10450.0
2023-08-24 17:00:00,10463.0
2023-08-24 18:00:00,10457.0
2023-08-24 19:00:00,10455.0
2023-08-24 20:00:00,10455.0
2023-08-24 23:00:00,10465.0
2023-08-25 07:00:00,10446.0
2023-08-25 08:00:00,10465.0
2023-08-25 09:00:00,10471.0
2023-08-25 10:00:00,10468.0
2023-08-25 11:00:00,10474.0
2023-08-25 12:00:00,10477.0
2023-08-25 13:00:00,10497.0
2023-08-25 14:00:00,10465.0
2023-08-25 15:00:00,10428.0
2023-08-25 16:00:00,10452.0
2023-08-25 17:00:00,10469.0
2023-08-25 18:00:00,10460.0
2023-08-25 19:00:00,10480.0
2023-08-25 20:00:00,10480.0
2023-08-25 23:00:00,10435.0
2023-08-28 07:00:00,10505.0
2023-08-28 08:00:00,10527.0
2023-08-28 09:00:00,10531.0
2023-08-28 10:00:00,10530.0
2023-08-28 11:00:00,10522.0
2023-08-28 12:00:00,10536.0
2023-08-28 13:00:00,10548.0
2023-08-28 14:00:00,10546.0
2023-08-28 15:00:00,10539.0
2023-08-28 16:00:00,10529.0
2023-08-28 17:00:00,10533.0
2023-08-28 18:00:00,10528.0
2023-08-28 19:00:00,10531.0
2023-08-28 20:00:00,10536.0
2023-08-28 23:00:00,10533.0
2023-08-29 07:00:00,10556.0
2023-08-29 08:00:00,10529.0
2023-08-29 09:00:00,10539.0
2023-08-29 10:00:00,10565.0
2023-08-29 11:00:00,10553.0
2023-08-29 12:00:00,10556.0
2023-08-29 13:00:00,10549.0
2023-08-29 14:00:00,10586.0
2023-08-29 15:00:00,10590.0
2023-08-29 16:00:00,10609.0
2023-08-29 17:00:00,10614.0
2023-08-29 18:00:00,10613.0
2023-08-29 19:00:00,10622.0
2023-08-29 20:00:00,10623.0
2023-08-29 23:00:00,10601.0
2023-08-30 07:00:00,10617.0
2023-08-30 08:00:00,10590.0
2023-08-30 09:00:00,10563.0
2023-08-30 10:00:00,10570.0
2023-08-30 11:00:00,10587.0
2023-08-30 12:00:00,10603.0
2023-08-30 13:00:00,10622.0
2023-08-30 14:00:00,10615.0
2023-08-30 15:00:00,10592.0
2023-08-30 16:00:00,10590.0
2023-08-30 17:00:00,10598.0
2023-08-30 18:00:00,10584.0
2023-08-30 19:00:00,10587.0
2023-08-30 20:00:00,10589.0
2023-08-30 23:00:00,10593.0
2023-08-31 07:00:00,10617.0
2023-08-31 08:00:00,10627.0
2023-08-31 09:00:00,10636.0
2023-08-31 10:00:00,10625.0
2023-08-31 11:00:00,10624.0
2023-08-31 12:00:00,10644.0
2023-08-31 13:00:00,10655.0
2023-08-31 14:00:00,10661.0
2023-08-31 15:00:00,10620.0
2023-08-31 16:00:00,10608.0
2023-08-31 17:00:00,10588.0
2023-08-31 18:00:00,10597.0
2023-08-31 19:00:00,10585.0
2023-08-31 20:00:00,10588.0
2023-08-31 23:00:00,10605.0
2023-09-01 07:00:00,10591.0
2023-09-01 08:00:00,10623.0
2023-09-01 09:00:00,10607.0
2023-09-01 10:00:00,10591.0
2023-09-01 11:00:00,10591.0
2023-09-01 12:00:00,10584.0
2023-09-01 13:00:00,10592.0
2023-09-01 14:00:00,10575.0
2023-09-01 15:00:00,10571.0
2023-09-01 16:00:00,10555.0
2023-09-01 17:00:00,10568.0
2023-09-01 18:00:00,10570.0
2023-09-01 19:00:00,10574.0
2023-09-01 20:00:00,10573.0
2023-09-01 23:00:00,10564.0
2023-09-04 07:00:00,10581.0
2023-09-04 08:00:00,10617.0
2023-09-04 09:00:00,10606.0
2023-09-04 10:00:00,10592.0
2023-09-04 11:00:00,10588.0
2023-09-04 12:00:00,10577.0
2023-09-04 13:00:00,10562.0
2023-09-04 14:00:00,10567.0
2023-09-04 15:00:00,10537.0
2023-09-04 16:00:00,10540.0
2023-09-04 17:00:00,10542.0
2023-09-04 18:00:00,10538.0
2023-09-04 19:00:00,10535.0
2023-09-04 20:00:00,10537.0
2023-09-04 23:00:00,10543.0
2023-09-05 07:00:00,10517.0
2023-09-05 08:00:00,10474.0
2023-09-05 09:00:00,10493.0
2023-09-05 10:00:00,10491.0
2023-09-05 11:00:00,10505.0
2023-09-05 12:00:00,10501.0
2023-09-05 13:00:00,10504.0
2023-09-05 14:00:00,10462.0
2023-09-05 15:00:00,10457.0
2023-09-05 16:00:00,10452.0
2023-09-05 17:00:00,10441.0
2023-09-05 18:00:00,10442.0
2023-09-05 19:00:00,10438.0
2023-09-05 20:00:00,10428.0
2023-09-05 23:00:00,10457.0
2023-09-06 07:00:00,10401.0
2023-09-06 08:00:00,10352.0
2023-09-06 09:00:00,10358.0
2023-09-06 10:00:00,10380.0
2023-09-06 11:00:00,10391.0
2023-09-06 12:00:00,10391.0
2023-09-06 13:00:00,10409.0
2023-09-06 14:00:00,10416.0
2023-09-06 15:00:00,10411.0
2023-09-06 16:00:00,10410.0
2023-09-06 17:00:00,10391.0
2023-09-06 18:00:00,10405.0
2023-09-06 19:00:00,10413.0
2023-09-06 20:00:00,10411.0
2023-09-06 23:00:00,10410.0
2023-09-07 07:00:00,10390.0
2023-09-07 08:00:00,10413.0
2023-09-07 09:00:00,10458.0
2023-09-07 10:00:00,10469.0
2023-09-07 11:00:00,10451.0
2023-09-07 12:00:00,10463.0
2023-09-07 13:00:00,10444.0
2023-09-07 14:00:00,10467.0
2023-09-07 15:00:00,10472.0
2023-09-07 16:00:00,10476.0
2023-09-07 17:00:00,10483.0
2023-09-07 18:00:00,10483.0
2023-09-07 19:00:00,10477.0
2023-09-07 20:00:00,10477.0
2023-09-07 23:00:00,10472.0
2023-09-08 07:00:00,10481.0
2023-09-08 08:00:00,10467.0
2023-09-08 09:00:00,10419.0
2023-09-08 10:00:00,10404.0
2023-09-08 11:00:00,10439.0
2023-09-08 12:00:00,10433.0
2023-09-08 13:00:00,10448.0
2023-09-08 14:00:00,10447.0
2023-09-08 15:00:00,10439.0
2023-09-08 16:00:00,10431.0
2023-09-08 17:00:00,10437.0
2023-09-08 18:00:00,10432.0
2023-09-08 19:00:00,10430.0
2023-09-08 20:00:00,10428.0
2023-09-08 23:00:00,10446.0
2023-09-11 07:00:00,10455.0
2023-09-11 08:00:00,10504.0
2023-09-11 09:00:00,10472.0
2023-09-11 10:00:00,10470.0
2023-09-11 11:00:00,10460.0
2023-09-11 12:00:00,10426.0
2023-09-11 13:00:00,10440.0
2023-09-11 14:00:00,10428.0
2023-09-11 15:00:00,10473.0
2023-09-11 16:00:00,10469.0
2023-09-11 17:00:00,10477.0
2023-09-11 18:00:00,10471.0
2023-09-11 19:00:00,10471.0
2023-09-11 20:00:00,10471.0
2023-09-11 20:00:01,10471.0
2023-09-11 20:00:02,10471.0
2023-09-11 23:00:00,10460.0
2023-09-12 07:00:00,10480.0
2023-09-12 08:00:00,10504.0
2023-09-12 09:00:00,10501.0
2023-09-12 10:00:00,10507.0
2023-09-12 11:00:00,10519.0
2023-09-12 12:00:00,10494.0
2023-09-12 13:00:00,10535.0
2023-09-12 14:00:00,10502.0
2023-09-12 15:00:00,10486.0
2023-09-12 16:00:00,10473.0
2023-09-12 17:00:00,10485.0
2023-09-12 18:00:00,10489.0
2023-09-12 19:00:00,10474.0
2023-09-12 20:00:00,10469.0
2023-09-12 23:00:00,10482.0
2023-09-13 07:00:00,10436.0
2023-09-13 08:00:00,10419.0
2023-09-13 09:00:00,10403.0
2023-09-13 10:00:00,10421.0
2023-09-13 11:00:00,10401.0
2023-09-13 12:00:00,10433.0
2023-09-13 13:00:00,10458.0
2023-09-13 14:00:00,10484.0
2023-09-13 15:00:00,10483.0
2023-09-13 16:00:00,10459.0
2023-09-13 17:00:00,10455.0
2023-09-13 18:00:00,10459.0
2023-09-13 19:00:00,10450.0
2023-09-13 20:00:00,10452.0
2023-09-13 23:00:00,10470.0
2023-09-14 07:00:00,10480.0
2023-09-14 08:00:00,10483.0
2023-09-14 09:00:00,10479.0
2023-09-14 10:00:00,10493.0
2023-09-14 11:00:00,10499.0
2023-09-14 12:00:00,10467.0
2023-09-14 13:00:00,10531.0
2023-09-14 14:00:00,10544.0
2023-09-14 15:00:00,10583.0
2023-09-14 16:00:00,10581.0
2023-09-14 17:00:00,10593.0
2023-09-14 18:00:00,10596.0
2023-09-14 19:00:00,10599.0
2023-09-14 20:00:00,10607.0
2023-09-14 23:00:00,10592.0
2023-09-15 07:00:00,10652.0
2023-09-15 08:00:00,10710.0
2023-09-15 09:00:00,10716.0
2023-09-15 10:00:00,10696.0
2023-09-15 11:00:00,10719.0
2023-09-15 12:00:00,10729.0
2023-09-15 13:00:00,10693.0
2023-09-15 14:00:00,10711.0
2023-09-15 15:00:00,10687.0
2023-09-15 16:00:00,10694.0
2023-09-15 17:00:00,10700.0
2023-09-15 18:00:00,10692.0
2023-09-15 19:00:00,10693.0
2023-09-15 20:00:00,10688.0
2023-09-15 23:00:00,10687.0
2023-09-18 07:00:00,10652.0
2023-09-18 08:00:00,10640.0
2023-09-18 09:00:00,10625.0
2023-09-18 10:00:00,10621.0
2023-09-18 11:00:00,10628.0
2023-09-18 12:00:00,10605.0
2023-09-18 13:00:00,10600.0
2023-09-18 14:00:00,10570.0
2023-09-18 15:00:00,10570.0
2023-09-18 16:00:00,10589.0
2023-09-18 17:00:00,10586.0
2023-09-18 18:00:00,10583.0
2023-09-18 19:00:00,10581.0
2023-09-18 20:00:00,10583.0
2023-09-18 23:00:00,10568.0
2023-09-19 07:00:00,10545.0
2023-09-19 08:00:00,10601.0
2023-09-19 09:00:00,10596.0
2023-09-19 10:00:00,10583.0
2023-09-19 11:00:00,10570.0
2023-09-19 12:00:00,10556.0
2023-09-19 13:00:00,10541.0
2023-09-19 14:00:00,10554.0
2023-09-19 15:00:00,10536.0
2023-09-19 16:00:00,10565.0
2023-09-19 17:00:00,10562.0
2023-09-19 18:00:00,10578.0
2023-09-19 19:00:00,10580.0
2023-09-19 20:00:00,10578.0
2023-09-19 23:00:00,10534.0
2023-09-20 07:00:00,10611.0
2023-09-20 08:00:00,10601.0
2023-09-20 09:00:00,10622.0
2023-09-20 10:00:00,10624.0
2023-09-20 11:00:00,10624.0
2023-09-20 12:00:00,10637.0
2023-09-20 13:00:00,10658.0
2023-09-20 14:00:00,10655.0
2023-09-20 15:00:00,10645.0
2023-09-20 16:00:00,10653.0
2023-09-20 17:00:00,10655.0
2023-09-20 18:00:00,10658.0
2023-09-20 19:00:00,10655.0
2023-09-20 20:00:00,10653.0
2023-09-20 23:00:00,10651.0
2023-09-21 07:00:00,10599.0
2023-09-21 08:00:00,10698.0
2023-09-21 09:00:00,10690.0
2023-09-21 10:00:00,10656.0
2023-09-21 11:00:00,10632.0
2023-09-21 12:00:00,10626.0
2023-09-21 13:00:00,10607.0
2023-09-21 14:00:00,10607.0
2023-09-21 15:00:00,10570.0
2023-09-21 16:00:00,10570.0
2023-09-21 17:00:00,10568.0
2023-09-21 18:00:00,10576.0
2023-09-21 19:00:00,10557.0
2023-09-21 20:00:00,10554.0
2023-09-21 23:00:00,10566.0
2023-09-22 07:00:00,10536.0
2023-09-22 08:00:00,10504.0
2023-09-22 09:00:00,10501.0
2023-09-22 10:00:00,10526.0
2023-09-22 11:00:00,10521.0
2023-09-22 12:00:00,10515.0
2023-09-22 13:00:00,10500.0
2023-09-22 14:00:00,10491.0
2023-09-22 15:00:00,10514.0
2023-09-22 16:00:00,10492.0
2023-09-22 17:00:00,10497.0
2023-09-22 18:00:00,10484.0
2023-09-22 19:00:00,10478.0
2023-09-22 20:00:00,10496.0
2023-09-22 23:00:00,10493.0
2023-09-25 07:00:00,10481.0
2023-09-25 08:00:00,10545.0
2023-09-25 09:00:00,10485.0
2023-09-25 10:00:00,10495.0
2023-09-25 11:00:00,10490.0
2023-09-25 12:00:00,10478.0
2023-09-25 13:00:00,10476.0
2023-09-25 14:00:00,10474.0
2023-09-25 15:00:00,10473.0
2023-09-25 16:00:00,10495.0
2023-09-25 17:00:00,10498.0
2023-09-25 18:00:00,10501.0
2023-09-25 19:00:00,10500.0
2023-09-25 20:00:00,10493.0
2023-09-25 23:00:00,10505.0
2023-09-26 07:00:00,10456.0
2023-09-26 08:00:00,10464.0
2023-09-26 09:00:00,10483.0
2023-09-26 10:00:00,10437.0
2023-09-26 11:00:00,10456.0
2023-09-26 12:00:00,10449.0
2023-09-26 13:00:00,10428.0
2023-09-26 14:00:00,10432.0
2023-09-26 15:00:00,10460.0
2023-09-26 16:00:00,10437.0
2023-09-26 17:00:00,10450.0
2023-09-26 18:00:00,10438.0
2023-09-26 19:00:00,10431.0
2023-09-26 20:00:00,10431.0
2023-09-26 23:00:00,10450.0
2023-09-27 07:00:00,10460.0
2023-09-27 08:00:00,10476.0
2023-09-27 09:00:00,10477.0
2023-09-27 10:00:00,10461.0
2023-09-27 11:00:00,10421.0
2023-09-27 12:00:00,10444.0
2023-09-27 13:00:00,10421.0
2023-09-27 14:00:00,10409.0
2023-09-27 15:00:00,10358.0
2023-09-27 16:00:00,10350.0
2023-09-27 17:00:00,10338.0
2023-09-27 18:00:00,10337.0
2023-09-27 19:00:00,10362.0
2023-09-27 20:00:00,10371.0
2023-09-27 23:00:00,10366.0
2023-09-28 07:00:00,10366.0
2023-09-28 08:00:00,10369.0
2023-09-28 09:00:00,10331.0
2023-09-28 10:00:00,10345.0
2023-09-28 11:00:00,10365.0
2023-09-28 12:00:00,10364.0
2023-09-28 13:00:00,10371.0
2023-09-28 14:00:00,10368.0
2023-09-28 15:00:00,10392.0
2023-09-28 16:00:00,10414.0
2023-09-28 17:00:00,10413.0
2023-09-28 18:00:00,10402.0
2023-09-28 19:00:00,10399.0
2023-09-28 20:00:00,10406.0
2023-09-28 23:00:00,10397.0
2023-09-29 07:00:00,10424.0
2023-09-29 08:00:00,10461.0
2023-09-29 09:00:00,10495.0
2023-09-29 10:00:00,10506.0
2023-09-29 11:00:00,10508.0
2023-09-29 12:00:00,10500.0
2023-09-29 13:00:00,10511.0
2023-09-29 14:00:00,10501.0
2023-09-29 15:00:00,10462.0
2023-09-29 16:00:00,10432.0
2023-09-29 17:00:00,10427.0
2023-09-29 18:00:00,10410.0
2023-09-29 19:00:00,10426.0
2023-09-29 20:00:00,10420.0
2023-09-29 23:00:00,10446.0
2023-10-02 07:00:00,10450.0
2023-10-02 08:00:00,10436.0
2023-10-02 09:00:00,10384.0
2023-10-02 10:00:00,10348.0
2023-10-02 11:00:00,10350.0
2023-10-02 12:00:00,10371.0
2023-10-02 13:00:00,10377.0
2023-10-02 14:00:00,10334.0
2023-10-02 15:00:00,10308.0
2023-10-02 16:00:00,10318.0
2023-10-02 17:00:00,10313.0
2023-10-02 18:00:00,10313.0
2023-10-02 19:00:00,10315.0
2023-10-02 20:00:00,10319.0
2023-10-02 23:00:00,10335.0
2023-10-03 07:00:00,10321.0
2023-10-03 08:00:00,10325.0
2023-10-03 09:00:00,10342.0
2023-10-03 10:00:00,10310.0
2023-10-03 11:00:00,10306.0
2023-10-03 12:00:00,10270.0
2023-10-03 13:00:00,10234.0
2023-10-03 14:00:00,10288.0
2023-10-03 15:00:00,10238.0
2023-10-03 16:00:00,10236.0
2023-10-03 17:00:00,10239.0
2023-10-03 18:00:00,10226.0
2023-10-03 19:00:00,10224.0
2023-10-03 20:00:00,10224.0
2023-10-03 23:00:00,10239.0
2023-10-04 07:00:00,10194.0
2023-10-04 08:00:00,10245.0
2023-10-04 09:00:00,10256.0
2023-10-04 10:00:00,10261.0
2023-10-04 11:00:00,10289.0
2023-10-04 12:00:00,10299.0
2023-10-04 13:00:00,10299.0
2023-10-04 14:00:00,10262.0
2023-10-04 15:00:00,10221.0
2023-10-04 16:00:00,10246.0
2023-10-04 17:00:00,10255.0
2023-10-04 18:00:00,10248.0
2023-10-04 19:00:00,10252.0
2023-10-04 20:00:00,10261.0
2023-10-04 23:00:00,10234.0
2023-10-05 07:00:00,10261.0
2023-10-05 08:00:00,10245.0
2023-10-05 09:00:00,10232.0
2023-10-05 10:00:00,10259.0
2023-10-05 11:00:00,10270.0
2023-10-05 12:00:00,10277.0
2023-10-05 13:00:00,10265.0
2023-10-05 14:00:00,10312.0
2023-10-05 15:00:00,10270.0
2023-10-05 16:00:00,10265.0
2023-10-05 17:00:00,10263.0
2023-10-05 18:00:00,10280.0
2023-10-05 19:00:00,10289.0
2023-10-05 20:00:00,10283.0
2023-10-05 23:00:00,10261.0
2023-10-06 07:00:00,10288.0
2023-10-06 08:00:00,10297.0
2023-10-06 09:00:00,10284.0
2023-10-06 10:00:00,10322.0
2023-10-06 11:00:00,10309.0
2023-10-06 12:00:00,10312.0
2023-10-06 13:00:00,10251.0
2023-10-06 14:00:00,10265.0
2023-10-06 15:00:00,10282.0
2023-10-06 16:00:00,10340.0
2023-10-06 17:00:00,10329.0
2023-10-06 18:00:00,10345.0
2023-10-06 19:00:00,10350.0
2023-10-06 20:00:00,10348.0
2023-10-06 23:00:00,10292.0
2023-10-09 07:00:00,10303.0
2023-10-09 08:00:00,10301.0
2023-10-09 09:00:00,10340.0
2023-10-09 10:00:00,10331.0
2023-10-09 11:00:00,10316.0
2023-10-09 12:00:00,10297.0
2023-10-09 13:00:00,10295.0
2023-10-09 14:00:00,10336.0
2023-10-09 15:00:00,10293.0
2023-10-09 16:00:00,10301.0
2023-10-09 17:00:00,10301.0
2023-10-09 18:00:00,10334.0
2023-10-09 19:00:00,10343.0
2023-10-09 20:00:00,10343.0
2023-10-09 23:00:00,10299.0
2023-10-10 07:00:00,10369.0
2023-10-10 08:00:00,10400.0
2023-10-10 09:00:00,10428.0
2023-10-10 10:00:00,10431.0
2023-10-10 11:00:00,10438.0
2023-10-10 12:00:00,10440.0
2023-10-10 13:00:00,10439.0
2023-10-10 14:00:00,10440.0
2023-10-10 15:00:00,10470.0
2023-10-10 16:00:00,10481.0
2023-10-10 17:00:00,10472.0
2023-10-10 18:00:00,10468.0
2023-10-10 19:00:00,10459.0
2023-10-10 20:00:00,10460.0
2023-10-10 23:00:00,10489.0
2023-10-11 07:00:00,10446.0
2023-10-11 08:00:00,10489.0
2023-10-11 09:00:00,10513.0
2023-10-11 10:00:00,10524.0
2023-10-11 11:00:00,10527.0
2023-10-11 12:00:00,10537.0
2023-10-11 13:00:00,10522.0
2023-10-11 14:00:00,10517.0
2023-10-11 15:00:00,10516.0
2023-10-11 16:00:00,10513.0
2023-10-11 17:00:00,10505.0
2023-10-11 18:00:00,10507.0
2023-10-11 19:00:00,10511.0
2023-10-11 20:00:00,10514.0
2023-10-11 23:00:00,10517.0
2023-10-12 07:00:00,10542.0
2023-10-12 08:00:00,10519.0
2023-10-12 09:00:00,10522.0
2023-10-12 10:00:00,10526.0
2023-10-12 11:00:00,10528.0
2023-10-12 12:00:00,10524.0
2023-10-12 13:00:00,10517.0
2023-10-12 14:00:00,10484.0
2023-10-12 15:00:00,10470.0
2023-10-12 16:00:00,10469.0
2023-10-12 17:00:00,10467.0
2023-10-12 18:00:00,10432.0
2023-10-12 19:00:00,10438.0
2023-10-12 20:00:00,10438.0
2023-10-12 23:00:00,10470.0
2023-10-13 07:00:00,10440.0
2023-10-13 08:00:00,10457.0
2023-10-13 09:00:00,10436.0
2023-10-13 10:00:00,10385.0
2023-10-13 11:00:00,10416.0
2023-10-13 12:00:00,10397.0
2023-10-13 13:00:00,10435.0
2023-10-13 14:00:00,10442.0
2023-10-13 15:00:00,10387.0
2023-10-13 16:00:00,10365.0
2023-10-13 17:00:00,10377.0
2023-10-13 18:00:00,10371.0
2023-10-13 19:00:00,10377.0
2023-10-13 20:00:00,10385.0
2023-10-13 23:00:00,10375.0
2023-10-16 07:00:00,10396.0
2023-10-16 08:00:00,10352.0
2023-10-16 09:00:00,10351.0
2023-10-16 10:00:00,10344.0
2023-10-16 11:00:00,10349.0
2023-10-16 12:00:00,10340.0
2023-10-16 13:00:00,10330.0
2023-10-16 14:00:00,10337.0
2023-10-16 15:00:00,10387.0
2023-10-16 16:00:00,10364.0
2023-10-16 17:00:00,10365.0
2023-10-16 18:00:00,10363.0
2023-10-16 19:00:00,10359.0
2023-10-16 20:00:00,10361.0
2023-10-16 23:00:00,10368.0
2023-10-17 07:00:00,10315.0
2023-10-17 08:00:00,10355.0
2023-10-17 09:00:00,10328.0
2023-10-17 10:00:00,10348.0
2023-10-17 11:00:00,10327.0
2023-10-17 12:00:00,10315.0
2023-10-17 13:00:00,10282.0
2023-10-17 14:00:00,10257.0
2023-10-17 15:00:00,10297.0
2023-10-17 16:00:00,10303.0
2023-10-17 17:00:00,10291.0
2023-10-17 18:00:00,10274.0
2023-10-17 19:00:00,10264.0
2023-10-17 20:00:00,10268.0
2023-10-17 23:00:00,10283.0
2023-10-18 07:00:00,10229.0
2023-10-18 08:00:00,10227.0
2023-10-18 09:00:00,10257.0
2023-10-18 10:00:00,10225.0
2023-10-18 11:00:00,10199.0
2023-10-18 12:00:00,10204.0
2023-10-18 13:00:00,10172.0
2023-10-18 14:00:00,10167.0
2023-10-18 15:00:00,10147.0
2023-10-18 16:00:00,10134.0
2023-10-18 17:00:00,10117.0
2023-10-18 18:00:00,10122.0
2023-10-18 19:00:00,10111.0
2023-10-18 20:00:00,10103.0
2023-10-18 23:00:00,10154.0
2023-10-19 07:00:00,10038.0
2023-10-19 08:00:00,9971.0
2023-10-19 09:00:00,10007.0
2023-10-19 10:00:00,10023.0
2023-10-19 11:00:00,10018.0
2023-10-19 12:00:00,9990.0
2023-10-19 13:00:00,9973.0
2023-10-19 14:00:00,9956.0
2023-10-19 15:00:00,9901.0
2023-10-19 16:00:00,9928.0
2023-10-19 17:00:00,9931.0
2023-10-19 18:00:00,9908.0
2023-10-19 19:00:00,9892.0
2023-10-19 20:00:00,9872.0
2023-10-19 23:00:00,9916.0
2023-10-20 07:00:00,9843.0
2023-10-20 08:00:00,9874.0
2023-10-20 09:00:00,9873.0
2023-10-20 10:00:00,9858.0
2023-10-20 11:00:00,9846.0
2023-10-20 12:00:00,9850.0
2023-10-20 13:00:00,9836.0
2023-10-20 14:00:00,9861.0
2023-10-20 15:00:00,9828.0
2023-10-20 16:00:00,9841.0
2023-10-20 17:00:00,9851.0
2023-10-20 18:00:00,9842.0
2023-10-20 19:00:00,9827.0
2023-10-20 20:00:00,9822.0
2023-10-20 23:00:00,9825.0
2023-10-23 07:00:00,9835.0
2023-10-23 08:00:00,9773.0
2023-10-23 09:00:00,9778.0
2023-10-23 10:00:00,9737.0
2023-10-23 11:00:00,9764.0
2023-10-23 12:00:00,9762.0
2023-10-23 13:00:00,9770.0
2023-10-23 14:00:00,9785.0
2023-10-23 15:00:00,9794.0
2023-10-23 16:00:00,9806.0
2023-10-23 17:00:00,9811.0
2023-10-23 18:00:00,9792.0
2023-10-23 19:00:00,9776.0
2023-10-23 20:00:00,9772.0
2023-10-23 23:00:00,9800.0
2023-10-24 07:00:00,9812.0
2023-10-24 08:00:00,9756.0
2023-10-24 09:00:00,9776.0
2023-10-24 10:00:00,9778.0
2023-10-24 11:00:00,9785.0
2023-10-24 12:00:00,9788.0
2023-10-24 13:00:00,9809.0
2023-10-24 14:00:00,9812.0
2023-10-24 15:00:00,9856.0
2023-10-24 16:00:00,9853.0
2023-10-24 17:00:00,9838.0
2023-10-24 18:00:00,9849.0
2023-10-24 19:00:00,9851.0
2023-10-24 20:00:00,9847.0
2023-10-24 23:00:00,9851.0
2023-10-25 07:00:00,9829.0
2023-10-25 08:00:00,9809.0
2023-10-25 09:00:00,9816.0
2023-10-25 10:00:00,9811.0
2023-10-25 11:00:00,9826.0
2023-10-25 12:00:00,9839.0
2023-10-25 13:00:00,9835.0
2023-10-25 14:00:00,9775.0
2023-10-25 15:00:00,9845.0
2023-10-25 16:00:00,9855.0
2023-10-25 17:00:00,9838.0
2023-10-25 18:00:00,9831.0
2023-10-25 19:00:00,9831.0
2023-10-25 20:00:00,9826.0
2023-10-25 23:00:00,9862.0
2023-10-26 07:00:00,9806.0
2023-10-26 08:00:00,9804.0
2023-10-26 09:00:00,9791.0
2023-10-26 10:00:00,9790.0
2023-10-26 11:00:00,9807.0
2023-10-26 12:00:00,9804.0
2023-10-26 13:00:00,9862.0
2023-10-26 14:00:00,9850.0
2023-10-26 15:00:00,9857.0
2023-10-26 16:00:00,9835.0
2023-10-26 17:00:00,9808.0
2023-10-26 18:00:00,9817.0
2023-10-26 19:00:00,9840.0
2023-10-26 20:00:00,9836.0
2023-10-26 23:00:00,9845.0
2023-10-27 07:00:00,9822.0
2023-10-27 08:00:00,9847.0
2023-10-27 09:00:00,9873.0
2023-10-27 10:00:00,9843.0
2023-10-27 11:00:00,9828.0
2023-10-27 12:00:00,9792.0
2023-10-27 13:00:00,9828.0
2023-10-27 14:00:00,9812.0
2023-10-27 15:00:00,9786.0
2023-10-27 16:00:00,9784.0
2023-10-27 17:00:00,9776.0
2023-10-27 18:00:00,9756.0
2023-10-27 19:00:00,9732.0
2023-10-27 20:00:00,9733.0
2023-10-27 23:00:00,9795.0
2023-10-30 07:00:00,9813.0
2023-10-30 08:00:00,9829.0
2023-10-30 09:00:00,9856.0
2023-10-30 10:00:00,9861.0
2023-10-30 11:00:00,9858.0
2023-10-30 12:00:00,9844.0
2023-10-30 13:00:00,9865.0
2023-10-30 14:00:00,9856.0
2023-10-30 15:00:00,9859.0
2023-10-30 16:00:00,9853.0
2023-10-30 17:00:00,9874.0
2023-10-30 18:00:00,9873.0
2023-10-30 19:00:00,9876.0
2023-10-30 20:00:00,9870.0
2023-10-30 23:00:00,9853.0
2023-10-31 07:00:00,9845.0
2023-10-31 08:00:00,9845.0
2023-10-31 09:00:00,9861.0
2023-10-31 10:00:00,9880.0
2023-10-31 11:00:00,9872.0
2023-10-31 12:00:00,9854.0
2023-10-31 13:00:00,9838.0
2023-10-31 14:00:00,9878.0
2023-10-31 15:00:00,9866.0
2023-10-31 16:00:00,9869.0
2023-10-31 17:00:00,9874.0
2023-10-31 18:00:00,9887.0
2023-10-31 19:00:00,9898.0
2023-10-31 20:00:00,9886.0
2023-10-31 23:00:00,9835.0
2023-11-01 07:00:00,9908.0
2023-11-01 08:00:00,9916.0
2023-11-01 09:00:00,9915.0
2023-11-01 10:00:00,9906.0
2023-11-01 11:00:00,9903.0
2023-11-01 12:00:00,9929.0
2023-11-01 13:00:00,9956.0
2023-11-01 14:00:00,9973.0
2023-11-01 15:00:00,10010.0
2023-11-01 16:00:00,9975.0
2023-11-01 17:00:00,9979.0
2023-11-01 18:00:00,9992.0
2023-11-01 19:00:00,10004.0
2023-11-01 20:00:00,10002.0
2023-11-01 23:00:00,9985.0
2023-11-02 07:00:00,10015.0
2023-11-02 08:00:00,10069.0
2023-11-02 09:00:00,10046.0
2023-11-02 10:00:00,10039.0
2023-11-02 11:00:00,10035.0
2023-11-02 12:00:00,10045.0
2023-11-02 13:00:00,10034.0
2023-11-02 14:00:00,10065.0
2023-11-02 15:00:00,10059.0
2023-11-02 16:00:00,10073.0
2023-11-02 17:00:00,10088.0
2023-11-02 18:00:00,10092.0
2023-11-02 19:00:00,10099.0
2023-11-02 20:00:00,10096.0
2023-11-02 23:00:00,10051.0
2023-11-03 07:00:00,10093.0
2023-11-03 08:00:00,10093.0
2023-11-03 09:00:00,10066.0
2023-11-03 10:00:00,10060.0
2023-11-03 11:00:00,10055.0
2023-11-03 12:00:00,10063.0
2023-11-03 13:00:00,10081.0
2023-11-03 14:00:00,10064.0
2023-11-03 15:00:00,10039.0
2023-11-03 16:00:00,10049.0
2023-11-03 17:00:00,10046.0
2023-11-03 18:00:00,10058.0
2023-11-03 19:00:00,10053.0
2023-11-03 20:00:00,10051.0
2023-11-03 23:00:00,10055.0
2023-11-06 07:00:00,10058.0
2023-11-06 08:00:00,10028.0
2023-11-06 09:00:00,10014.0
2023-11-06 10:00:00,10007.0
2023-11-06 11:00:00,10015.0
2023-11-06 12:00:00,10018.0
2023-11-06 13:00:00,10017.0
2023-11-06 14:00:00,10014.0
2023-11-06 15:00:00,10036.0
2023-11-06 16:00:00,10034.0
2023-11-06 17:00:00,10026.0
2023-11-06 18:00:00,10021.0
2023-11-06 19:00:00,10035.0
2023-11-06 20:00:00,10040.0
2023-11-06 23:00:00,10030.0
2023-11-07 07:00:00,10014.0
2023-11-07 08:00:00,10072.0
2023-11-07 09:00:00,10033.0
2023-11-07 10:00:00,10054.0
2023-11-07 11:00:00,10041.0
2023-11-07 12:00:00,10037.0
2023-11-07 13:00:00,10069.0
2023-11-07 14:00:00,10053.0
2023-11-07 15:00:00,10058.0
2023-11-07 16:00:00,10037.0
2023-11-07 17:00:00,10038.0
2023-11-07 18:00:00,10039.0
2023-11-07 19:00:00,10044.0
2023-11-07 20:00:00,10043.0
2023-11-07 23:00:00,10042.0
2023-11-08 07:00:00,10010.0
2023-11-08 08:00:00,10033.0
2023-11-08 09:00:00,10028.0
2023-11-08 10:00:00,10024.0
2023-11-08 11:00:00,10026.0
2023-11-08 12:00:00,10045.0
2023-11-08 13:00:00,10061.0
2023-11-08 14:00:00,10110.0
2023-11-08 15:00:00,10061.0
2023-11-08 16:00:00,10052.0
2023-11-08 17:00:00,10040.0
2023-11-08 18:00:00,10042.0
2023-11-08 19:00:00,10046.0
2023-11-08 20:00:00,10049.0
2023-11-08 23:00:00,10064.0
2023-11-09 07:00:00,10074.0
2023-11-09 08:00:00,10102.0
2023-11-09 09:00:00,10112.0
2023-11-09 10:00:00,10126.0
2023-11-09 11:00:00,10125.0
2023-11-09 12:00:00,10149.0
2023-11-09 13:00:00,10139.0
2023-11-09 14:00:00,10133.0
2023-11-09 15:00:00,10098.0
2023-11-09 16:00:00,10110.0
2023-11-09 17:00:00,10109.0
2023-11-09 18:00:00,10082.0
2023-11-09 19:00:00,10079.0
2023-11-09 20:00:00,10085.0
2023-11-09 23:00:00,10114.0
2023-11-10 07:00:00,10062.0
2023-11-10 08:00:00,10073.0
2023-11-10 09:00:00,10063.0
2023-11-10 10:00:00,10034.0
2023-11-10 11:00:00,10018.0
2023-11-10 12:00:00,10028.0
2023-11-10 13:00:00,10048.0
2023-11-10 14:00:00,10007.0
2023-11-10 15:00:00,10010.0
2023-11-10 16:00:00,10026.0
2023-11-10 17:00:00,10049.0
2023-11-10 18:00:00,10060.0
2023-11-10 19:00:00,10062.0
2023-11-10 20:00:00,10066.0
2023-11-10 23:00:00,10018.0
2023-11-13 07:00:00,10042.0
2023-11-13 08:00:00,10051.0
2023-11-13 09:00:00,10052.0
2023-11-13 10:00:00,10059.0
2023-11-13 11:00:00,10049.0
2023-11-13 12:00:00,10032.0
2023-11-13 13:00:00,10028.0
2023-11-13 14:00:00,10016.0
2023-11-13 15:00:00,10039.0
2023-11-13 16:00:00,10063.0
2023-11-13 17:00:00,10064.0
2023-11-13 18:00:00,10065.0
2023-11-13 19:00:00,10066.0
2023-11-13 20:00:00,10069.0
2023-11-13 23:00:00,10043.0
2023-11-14 07:00:00,10069.0
2023-11-14 08:00:00,10086.0
2023-11-14 09:00:00,10097.0
2023-11-14 10:00:00,10091.0
2023-11-14 11:00:00,10089.0
2023-11-14 12:00:00,10074.0
2023-11-14 13:00:00,10138.0
2023-11-14 14:00:00,10144.0
2023-11-14 15:00:00,10156.0
2023-11-14 16:00:00,10168.0
2023-11-14 17:00:00,10162.0
2023-11-14 18:00:00,10158.0
2023-11-14 19:00:00,10168.0
2023-11-14 20:00:00,10171.0
2023-11-14 23:00:00,10166.0
2023-11-15 07:00:00,10164.0
2023-11-15 08:00:00,10220.0
2023-11-15 09:00:00,10188.0
2023-11-15 10:00:00,10204.0
2023-11-15 11:00:00,10219.0
2023-11-15 12:00:00,10213.0
2023-11-15 13:00:00,10182.0
2023-11-15 14:00:00,10163.0
2023-11-15 15:00:00,10173.0
2023-11-15 16:00:00,10162.0
2023-11-15 17:00:00,10174.0
2023-11-15 18:00:00,10179.0
2023-11-15 19:00:00,10173.0
2023-11-15 20:00:00,10172.0
2023-11-15 23:00:00,10164.0
2023-11-16 07:00:00,10154.0
2023-11-16 08:00:00,10167.0
2023-11-16 09:00:00,10150.0
2023-11-16 10:00:00,10140.0
2023-11-16 11:00:00,10139.0
2023-11-16 12:00:00,10133.0
2023-11-16 13:00:00,10134.0
2023-11-16 14:00:00,10136.0
2023-11-16 15:00:00,10128.0
2023-11-16 16:00:00,10116.0
2023-11-16 17:00:00,10125.0
2023-11-16 18:00:00,10118.0
2023-11-16 19:00:00,10125.0
2023-11-16 20:00:00,10121.0
2023-11-16 23:00:00,10117.0
2023-11-17 07:00:00,10126.0
2023-11-17 08:00:00,10166.0
2023-11-17 09:00:00,10208.0
2023-11-17 10:00:00,10214.0
2023-11-17 11:00:00,10207.0
2023-11-17 12:00:00,10190.0
2023-11-17 13:00:00,10201.0
2023-11-17 14:00:00,10204.0
2023-11-17 15:00:00,10205.0
2023-11-17 16:00:00,10212.0
2023-11-17 17:00:00,10206.0
2023-11-17 18:00:00,10204.0
2023-11-17 19:00:00,10198.0
2023-11-17 20:00:00,10198.0
2023-11-17 23:00:00,10202.0
2023-11-20 07:00:00,10176.0
2023-11-20 08:00:00,10182.0
2023-11-20 09:00:00,10192.0
2023-11-20 10:00:00,10186.0
2023-11-20 11:00:00,10172.0
2023-11-20 12:00:00,10166.0
2023-11-20 13:00:00,10187.0
2023-11-20 14:00:00,10193.0
2023-11-20 15:00:00,10197.0
2023-11-20 16:00:00,10199.0
2023-11-20 17:00:00,10196.0
2023-11-20 18:00:00,10204.0
2023-11-20 19:00:00,10207.0
2023-11-20 20:00:00,10210.0
2023-11-20 23:00:00,10201.0
2023-11-21 07:00:00,10191.0
2023-11-21 08:00:00,10228.0
2023-11-21 09:00:00,10217.0
2023-11-21 10:00:00,10227.0
2023-11-21 11:00:00,10233.0
2023-11-21 12:00:00,10222.0
2023-11-21 13:00:00,10203.0
2023-11-21 14:00:00,10241.0
2023-11-21 15:00:00,10239.0
2023-11-21 16:00:00,10257.0
2023-11-21 17:00:00,10256.0
2023-11-21 18:00:00,10255.0
2023-11-21 19:00:00,10251.0
2023-11-21 20:00:00,10252.0
2023-11-21 23:00:00,10236.0
2023-11-22 07:00:00,10258.0
2023-11-22 08:00:00,10300.0
2023-11-22 09:00:00,10296.0
2023-11-22 10:00:00,10304.0
2023-11-22 11:00:00,10287.0
2023-11-22 12:00:00,10305.0
2023-11-22 13:00:00,10314.0
2023-11-22 14:00:00,10291.0
2023-11-22 15:00:00,10294.0
2023-11-22 16:00:00,10303.0
2023-11-22 17:00:00,10288.0
2023-11-22 18:00:00,10282.0
2023-11-22 19:00:00,10278.0
2023-11-22 20:00:00,10279.0
2023-11-22 23:00:00,10295.0
2023-11-23 07:00:00,10276.0
2023-11-23 08:00:00,10283.0
2023-11-23 09:00:00,10270.0
2023-11-23 10:00:00,10280.0
2023-11-23 11:00:00,10285.0
2023-11-23 12:00:00,10284.0
2023-11-23 13:00:00,10296.0
2023-11-23 14:00:00,10297.0
2023-11-23 15:00:00,10305.0
2023-11-23 16:00:00,10326.0
2023-11-23 17:00:00,10322.0
2023-11-23 18:00:00,10325.0
2023-11-23 19:00:00,10323.0
2023-11-23 20:00:00,10324.0
2023-11-23 23:00:00,10311.0
2023-11-24 07:00:00,10315.0
2023-11-24 08:00:00,10313.0
2023-11-24 09:00:00,10321.0
2023-11-24 10:00:00,10332.0
2023-11-24 11:00:00,10330.0
2023-11-24 12:00:00,10327.0
2023-11-24 13:00:00,10319.0
2023-11-24 14:00:00,10325.0
2023-11-24 15:00:00,10328.0
2023-11-24 16:00:00,10334.0
2023-11-24 17:00:00,10338.0
2023-11-24 18:00:00,10335.0
2023-11-24 19:00:00,10337.0
2023-11-24 20:00:00,10337.0
2023-11-24 23:00:00,10333.0
2023-11-27 07:00:00,10319.0
2023-11-27 08:00:00,10313.0
2023-11-27 09:00:00,10295.0
2023-11-27 10:00:00,10317.0
2023-11-27 11:00:00,10307.0
2023-11-27 12:00:00,10301.0
2023-11-27 13:00:00,10312.0
2023-11-27 14:00:00,10293.0
2023-11-27 15:00:00,10284.0
2023-11-27 16:00:00,10272.0
2023-11-27 17:00:00,10280.0
2023-11-27 18:00:00,10278.0
2023-11-27 19:00:00,10266.0
2023-11-27 20:00:00,10265.0
2023-11-27 23:00:00,10283.0
2023-11-28 07:00:00,10246.0
2023-11-28 08:00:00,10225.0
2023-11-28 09:00:00,10214.0
2023-11-28 10:00:00,10207.0
2023-11-28 11:00:00,10187.0
2023-11-28 12:00:00,10189.0
2023-11-28 13:00:00,10183.0
2023-11-28 14:00:00,10200.0
2023-11-28 15:00:00,10217.0
2023-11-28 16:00:00,10216.0
2023-11-28 17:00:00,10210.0
2023-11-28 18:00:00,10208.0
2023-11-28 19:00:00,10208.0
2023-11-28 20:00:00,10211.0
2023-11-28 23:00:00,10226.0
2023-11-29 07:00:00,10207.0
2023-11-29 08:00:00,10256.0
2023-11-29 09:00:00,10280.0
2023-11-29 10:00:00,10283.0
2023-11-29 11:00:00,10270.0
2023-11-29 12:00:00,10276.0
2023-11-29 13:00:00,10264.0
2023-11-29 14:00:00,10244.0
2023-11-29 15:00:00,10251.0
2023-11-29 16:00:00,10261.0
2023-11-29 17:00:00,10268.0
2023-11-29 18:00:00,10266.0
2023-11-29 19:00:00,10261.0
2023-11-29 20:00:00,10262.0
2023-11-29 23:00:00,10251.0
2023-11-30 07:00:00,10247.0
2023-11-30 08:00:00,10231.0
2023-11-30 09:00:00,10277.0
2023-11-30 10:00:00,10280.0
2023-11-30 11:00:00,10298.0
2023-11-30 12:00:00,10300.0
2023-11-30 13:00:00,10310.0
2023-11-30 14:00:00,10294.0
2023-11-30 15:00:00,10298.0
2023-11-30 16:00:00,10305.0
2023-11-30 17:00:00,10328.0
2023-11-30 18:00:00,10330.0
2023-11-30 19:00:00,10333.0
2023-11-30 20:00:00,10324.0
2023-11-30 23:00:00,10316.0
2023-12-01 07:00:00,10344.0
2023-12-01 08:00:00,10350.0
2023-12-01 09:00:00,10373.0
2023-12-01 10:00:00,10363.0
2023-12-01 11:00:00,10355.0
2023-12-01 12:00:00,10340.0
2023-12-01 13:00:00,10319.0
2023-12-01 14:00:00,10348.0
2023-12-01 15:00:00,10336.0
2023-12-01 16:00:00,10364.0
2023-12-01 17:00:00,10366.0
2023-12-01 18:00:00,10351.0
2023-12-01 19:00:00,10355.0
2023-12-01 20:00:00,10355.0
2023-12-01 23:00:00,10334.0
2023-12-04 07:00:00,10359.0
2023-12-04 08:00:00,10380.0
2023-12-04 09:00:00,10391.0
2023-12-04 10:00:00,10391.0
2023-12-04 11:00:00,10390.0
2023-12-04 12:00:00,10376.0
2023-12-04 13:00:00,10375.0
2023-12-04 14:00:00,10396.0
2023-12-04 15:00:00,10384.0
2023-12-04 16:00:00,10415.0
2023-12-04 17:00:00,10417.0
2023-12-04 18:00:00,10412.0
2023-12-04 19:00:00,10415.0
2023-12-04 20:00:00,10415.0
2023-12-04 23:00:00,10395.0
2023-12-05 07:00:00,10402.0
2023-12-05 08:00:00,10384.0
2023-12-05 09:00:00,10417.0
2023-12-05 10:00:00,10387.0
2023-12-05 11:00:00,10405.0
2023-12-05 12:00:00,10418.0
2023-12-05 13:00:00,10398.0
2023-12-05 14:00:00,10398.0
2023-12-05 15:00:00,10421.0
2023-12-05 16:00:00,10420.0
2023-12-05 17:00:00,10420.0
2023-12-05 18:00:00,10413.0
2023-12-05 19:00:00,10417.0
2023-12-05 20:00:00,10415.0
2023-12-05 23:00:00,10416.0
2023-12-06 07:00:00,10420.0
2023-12-06 08:00:00,10431.0
2023-12-06 09:00:00,10422.0
2023-12-06 10:00:00,10436.0
2023-12-06 11:00:00,10446.0
2023-12-06 12:00:00,10437.0
2023-12-06 13:00:00,10451.0
2023-12-06 14:00:00,10449.0
2023-12-06 15:00:00,10463.0
2023-12-06 16:00:00,10445.0
2023-12-06 17:00:00,10442.0
2023-12-06 18:00:00,10452.0
2023-12-06 19:00:00,10460.0
2023-12-06 20:00:00,10456.0
2023-12-06 23:00:00,10463.0
2023-12-07 07:00:00,10430.0
2023-12-07 08:00:00,10423.0
2023-12-07 09:00:00,10425.0
2023-12-07 10:00:00,10431.0
2023-12-07 11:00:00,10427.0
2023-12-07 12:00:00,10422.0
2023-12-07 13:00:00,10426.0
2023-12-07 14:00:00,10420.0
2023-12-07 15:00:00,10426.0
2023-12-07 16:00:00,10427.0
2023-12-07 17:00:00,10415.0
2023-12-07 18:00:00,10416.0
2023-12-07 19:00:00,10413.0
2023-12-07 20:00:00,10415.0
2023-12-07 23:00:00,10422.0
2023-12-08 07:00:00,10419.0
2023-12-08 08:00:00,10438.0
2023-12-08 09:00:00,10455.0
2023-12-08 10:00:00,10460.0
2023-12-08 11:00:00,10443.0
2023-12-08 12:00:00,10442.0
2023-12-08 13:00:00,10475.0
2023-12-08 14:00:00,10505.0
2023-12-08 15:00:00,10536.0
2023-12-08 16:00:00,10517.0
2023-12-08 17:00:00,10520.0
2023-12-08 18:00:00,10524.0
2023-12-08 19:00:00,10532.0
2023-12-08 20:00:00,10540.0
2023-12-08 20:00:01,10540.0
2023-12-08 23:00:00,10512.0
2023-12-11 07:00:00,10520.0
2023-12-11 08:00:00,10518.0
2023-12-11 09:00:00,10517.0
2023-12-11 10:00:00,10503.0
2023-12-11 11:00:00,10514.0
2023-12-11 12:00:00,10533.0
2023-12-11 13:00:00,10538.0
2023-12-11 14:00:00,10579.0
2023-12-11 15:00:00,10581.0
2023-12-11 16:00:00,10572.0
2023-12-11 17:00:00,10577.0
2023-12-11 18:00:00,10573.0
2023-12-11 19:00:00,10571.0
2023-12-11 20:00:00,10575.0
2023-12-11 23:00:00,10584.0
2023-12-12 07:00:00,10573.0
2023-12-12 08:00:00,10590.0
2023-12-12 09:00:00,10617.0
2023-12-12 10:00:00,10589.0
2023-12-12 11:00:00,10590.0
2023-12-12 12:00:00,10583.0
2023-12-12 13:00:00,10602.0
2023-12-12 14:00:00,10601.0
2023-12-12 15:00:00,10605.0
2023-12-12 16:00:00,10596.0
2023-12-12 17:00:00,10601.0
2023-12-12 18:00:00,10614.0
2023-12-12 19:00:00,10612.0
2023-12-12 20:00:00,10618.0
2023-12-12 23:00:00,10591.0
2023-12-13 07:00:00,10595.0
2023-12-13 08:00:00,10662.0
2023-12-13 09:00:00,10662.0
2023-12-13 10:00:00,10658.0
2023-12-13 11:00:00,10696.0
2023-12-13 12:00:00,10686.0
2023-12-13 13:00:00,10686.0
2023-12-13 14:00:00,10675.0
2023-12-13 15:00:00,10675.0
2023-12-13 16:00:00,10652.0
2023-12-13 17:00:00,10656.0
2023-12-13 18:00:00,10629.0
2023-12-13 19:00:00,10692.0
2023-12-13 20:00:00,10693.0
2023-12-13 23:00:00,10667.0
2023-12-14 07:00:00,10714.0
2023-12-14 08:00:00,10753.0
2023-12-14 09:00:00,10738.0
2023-12-14 10:00:00,10785.0
2023-12-14 11:00:00,10751.0
2023-12-14 12:00:00,10731.0
2023-12-14 13:00:00,10715.0
2023-12-14 14:00:00,10662.0
2023-12-14 15:00:00,10672.0
2023-12-14 16:00:00,10670.0
2023-12-14 17:00:00,10666.0
2023-12-14 18:00:00,10660.0
2023-12-14 19:00:00,10669.0
2023-12-14 20:00:00,10670.0
2023-12-14 23:00:00,10672.0
2023-12-15 07:00:00,10683.0
2023-12-15 08:00:00,10656.0
2023-12-15 09:00:00,10661.0
2023-12-15 10:00:00,10644.0
2023-12-15 11:00:00,10655.0
2023-12-15 12:00:00,10651.0
2023-12-15 13:00:00,10633.0
2023-12-15 14:00:00,10640.0
2023-12-15 15:00:00,10656.0
2023-12-15 16:00:00,10653.0
2023-12-15 17:00:00,10642.0
2023-12-15 18:00:00,10635.0
2023-12-15 19:00:00,10618.0
2023-12-15 20:00:00,10621.0
2023-12-15 23:00:00,10670.0
2023-12-18 07:00:00,10606.0
2023-12-18 08:00:00,10618.0
2023-12-18 09:00:00,10652.0
2023-12-18 10:00:00,10635.0
2023-12-18 11:00:00,10622.0
2023-12-18 12:00:00,10637.0
2023-12-18 13:00:00,10642.0
2023-12-18 14:00:00,10622.0
2023-12-18 15:00:00,10613.0
2023-12-18 16:00:00,10617.0
2023-12-18 17:00:00,10613.0
2023-12-18 18:00:00,10618.0
2023-12-18 19:00:00,10621.0
2023-12-18 20:00:00,10626.0
2023-12-18 23:00:00,10624.0
2023-12-19 07:00:00,10617.0
2023-12-19 08:00:00,10617.0
2023-12-19 09:00:00,10637.0
2023-12-19 10:00:00,10620.0
2023-12-19 11:00:00,10614.0
2023-12-19 12:00:00,10623.0
2023-12-19 13:00:00,10610.0
2023-12-19 14:00:00,10604.0
2023-12-19 15:00:00,10598.0
2023-12-19 16:00:00,10608.0
2023-12-19 17:00:00,10621.0
2023-12-19 18:00:00,10624.0
2023-12-19 19:00:00,10625.0
2023-12-19 20:00:00,10624.0
2023-12-19 23:00:00,10604.0
2023-12-20 07:00:00,10615.0
2023-12-20 08:00:00,10603.0
2023-12-20 09:00:00,10603.0
2023-12-20 10:00:00,10618.0
2023-12-20 11:00:00,10630.0
2023-12-20 12:00:00,10629.0
2023-12-20 13:00:00,10612.0
2023-12-20 14:00:00,10585.0
2023-12-20 15:00:00,10585.0
2023-12-20 16:00:00,10605.0
2023-12-20 17:00:00,10622.0
2023-12-20 18:00:00,10608.0
2023-12-20 19:00:00,10559.0
2023-12-20 20:00:00,10557.0
2023-12-20 23:00:00,10598.0
2023-12-21 07:00:00,10556.0
2023-12-21 08:00:00,10544.0
2023-12-21 09:00:00,10539.0
2023-12-21 10:00:00,10521.0
2023-12-21 11:00:00,10534.0
2023-12-21 12:00:00,10560.0
2023-12-21 13:00:00,10580.0
2023-12-21 14:00:00,10572.0
2023-12-21 15:00:00,10572.0
2023-12-21 16:00:00,10577.0
2023-12-21 17:00:00,10562.0
2023-12-21 18:00:00,10566.0
2023-12-21 19:00:00,10563.0
2023-12-21 20:00:00,10571.0
2023-12-21 23:00:00,10572.0
2023-12-22 07:00:00,10545.0
2023-12-22 08:00:00,10563.0
2023-12-22 09:00:00,10581.0
2023-12-22 10:00:00,10571.0
2023-12-22 11:00:00,10548.0
2023-12-22 12:00:00,10570.0
2023-12-22 13:00:00,10582.0
2023-12-22 14:00:00,10588.0
2023-12-22 15:00:00,10602.0
2023-12-22 16:00:00,10609.0
2023-12-22 17:00:00,10615.0
2023-12-22 18:00:00,10613.0
2023-12-22 19:00:00,10604.0
2023-12-22 20:00:00,10601.0
2023-12-22 23:00:00,10599.0
2023-12-27 07:00:00,10579.0
2023-12-27 08:00:00,10604.0
2023-12-27 09:00:00,10573.0
2023-12-27 10:00:00,10573.0
2023-12-27 11:00:00,10579.0
2023-12-27 12:00:00,10591.0
2023-12-27 13:00:00,10576.0
2023-12-27 14:00:00,10560.0
2023-12-27 15:00:00,10559.0
2023-12-27 16:00:00,10567.0
2023-12-27 17:00:00,10570.0
2023-12-27 18:00:00,10571.0
2023-12-27 19:00:00,10563.0
2023-12-27 20:00:00,10564.0
2023-12-27 23:00:00,10558.0
2023-12-28 07:00:00,10566.0
2023-12-28 08:00:00,10538.0
2023-12-28 09:00:00,10522.0
2023-12-28 10:00:00,10524.0
2023-12-28 11:00:00,10513.0
2023-12-28 12:00:00,10503.0
2023-12-28 13:00:00,10532.0
2023-12-28 14:00:00,10543.0
2023-12-28 15:00:00,10515.0
2023-12-28 16:00:00,10514.0
2023-12-28 17:00:00,10523.0
2023-12-28 18:00:00,10531.0
2023-12-28 19:00:00,10534.0
2023-12-28 20:00:00,10531.0
2023-12-28 23:00:00,10512.0
2023-12-29 07:00:00,10566.0
2023-12-29 08:00:00,10542.0
2023-12-29 09:00:00,10550.0
2023-12-29 10:00:00,10539.0
2023-12-29 11:00:00,10540.0
2023-12-29 12:00:00,10539.0
2023-12-29 13:00:00,10540.0
2023-12-29 14:00:00,10561.0
2023-12-29 15:00:00,10584.0
2023-12-29 16:00:00,10587.0
2023-12-29 17:00:00,10584.0
2023-12-29 18:00:00,10586.0
2023-12-29 19:00:00,10593.0
2023-12-29 20:00:00,10594.0
2023-12-29 23:00:00,10575.0
2024-01-03 07:00:00,10610.0
2024-01-03 08:00:00,10731.0
2024-01-03 09:00:00,10683.0
2024-01-03 10:00:00,10656.0
2024-01-03 11:00:00,10638.0
2024-01-03 12:00:00,10636.0
2024-01-03 13:00:00,10634.0
2024-01-03 14:00:00,10617.0
2024-01-03 15:00:00,10591.0
2024-01-03 16:00:00,10616.0
2024-01-03 17:00:00,10627.0
2024-01-03 18:00:00,10624.0
2024-01-03 19:00:00,10632.0
2024-01-03 20:00:00,10617.0
2024-01-03 23:00:00,10584.0
2024-01-04 07:00:00,10603.0
2024-01-04 08:00:00,10642.0
2024-01-04 09:00:00,10623.0
2024-01-04 10:00:00,10606.0
2024-01-04 11:00:00,10597.0
2024-01-04 12:00:00,10596.0
2024-01-04 13:00:00,10589.0
2024-01-04 14:00:00,10622.0
2024-01-04 15:00:00,10647.0
2024-01-04 16:00:00,10653.0
2024-01-04 17:00:00,10653.0
2024-01-04 18:00:00,10655.0
2024-01-04 19:00:00,10654.0
2024-01-04 20:00:00,10658.0
2024-01-04 23:00:00,10660.0
2024-01-05 07:00:00,10608.0
2024-01-05 08:00:00,10623.0
2024-01-05 09:00:00,10594.0
2024-01-05 10:00:00,10590.0
2024-01-05 11:00:00,10573.0
2024-01-05 12:00:00,10557.0
2024-01-05 13:00:00,10575.0
2024-01-05 14:00:00,10599.0
2024-01-05 15:00:00,10634.0
2024-01-05 16:00:00,10620.0
2024-01-05 17:00:00,10610.0
2024-01-05 18:00:00,10614.0
2024-01-05 19:00:00,10603.0
2024-01-05 20:00:00,10603.0
2024-01-05 23:00:00,10620.0
2024-01-08 07:00:00,10619.0
2024-01-08 08:00:00,10600.0
2024-01-08 09:00:00,10591.0
2024-01-08 10:00:00,10611.0
2024-01-08 11:00:00,10624.0
2024-01-08 12:00:00,10634.0
2024-01-08 13:00:00,10644.0
2024-01-08 14:00:00,10669.0
2024-01-08 15:00:00,10657.0
2024-01-08 16:00:00,10674.0
2024-01-08 17:00:00,10674.0
2024-01-08 18:00:00,10682.0
2024-01-08 19:00:00,10693.0
2024-01-08 20:00:00,10692.0
2024-01-08 23:00:00,10667.0
2024-01-09 07:00:00,10676.0
2024-01-09 08:00:00,10664.0
2024-01-09 09:00:00,10662.0
2024-01-09 10:00:00,10660.0
2024-01-09 11:00:00,10631.0
2024-01-09 12:00:00,10642.0
2024-01-09 13:00:00,10652.0
2024-01-09 14:00:00,10668.0
2024-01-09 15:00:00,10690.0
2024-01-09 16:00:00,10684.0
2024-01-09 17:00:00,10679.0
2024-01-09 18:00:00,10679.0
2024-01-09 19:00:00,10668.0
2024-01-09 20:00:00,10669.0
2024-01-09 23:00:00,10695.0
2024-01-10 07:00:00,10649.0
2024-01-10 08:00:00,10667.0
2024-01-10 09:00:00,10703.0
2024-01-10 10:00:00,10668.0
2024-01-10 11:00:00,10666.0
2024-01-10 12:00:00,10675.0
2024-01-10 13:00:00,10689.0
2024-01-10 14:00:00,10696.0
2024-01-10 15:00:00,10705.0
2024-01-10 16:00:00,10686.0
2024-01-10 17:00:00,10682.0
2024-01-10 18:00:00,10684.0
2024-01-10 19:00:00,10699.0
2024-01-10 20:00:00,10698.0
2024-01-10 23:00:00,10696.0
2024-01-11 07:00:00,10729.0
2024-01-11 08:00:00,10735.0
2024-01-11 09:00:00,10691.0
2024-01-11 10:00:00,10675.0
2024-01-11 11:00:00,10663.0
2024-01-11 12:00:00,10653.0
2024-01-11 13:00:00,10633.0
2024-01-11 14:00:00,10633.0
2024-01-11 15:00:00,10589.0
2024-01-11 16:00:00,10586.0
2024-01-11 17:00:00,10606.0
2024-01-11 18:00:00,10622.0
2024-01-11 19:00:00,10624.0
2024-01-11 20:00:00,10621.0
2024-01-11 23:00:00,10588.0
2024-01-12 07:00:00,10624.0
2024-01-12 08:00:00,10676.0
2024-01-12 09:00:00,10650.0
2024-01-12 10:00:00,10653.0
2024-01-12 11:00:00,10619.0
2024-01-12 12:00:00,10620.0
2024-01-12 13:00:00,10649.0
2024-01-12 14:00:00,10661.0
2024-01-12 15:00:00,10650.0
2024-01-12 16:00:00,10657.0
2024-01-12 17:00:00,10671.0
2024-01-12 18:00:00,10678.0
2024-01-12 19:00:00,10671.0
2024-01-12 20:00:00,10669.0
2024-01-12 23:00:00,10649.0
2024-01-15 07:00:00,10679.0
2024-01-15 08:00:00,10661.0
2024-01-15 09:00:00,10661.0
2024-01-15 10:00:00,10656.0
2024-01-15 11:00:00,10651.0
2024-01-15 12:00:00,10649.0
2024-01-15 13:00:00,10641.0
2024-01-15 14:00:00,10652.0
2024-01-15 15:00:00,10639.0
2024-01-15 16:00:00,10632.0
2024-01-15 17:00:00,10647.0
2024-01-15 18:00:00,10647.0
2024-01-15 19:00:00,10647.0
2024-01-15 20:00:00,10649.0
2024-01-15 23:00:00,10636.0
2024-01-16 07:00:00,10607.0
2024-01-16 08:00:00,10606.0
2024-01-16 09:00:00,10601.0
2024-01-16 10:00:00,10589.0
2024-01-16 11:00:00,10624.0
2024-01-16 12:00:00,10643.0
2024-01-16 13:00:00,10638.0
2024-01-16 14:00:00,10652.0
2024-01-16 15:00:00,10667.0
2024-01-16 16:00:00,10649.0
2024-01-16 17:00:00,10636.0
2024-01-16 18:00:00,10636.0
2024-01-16 19:00:00,10636.0
2024-01-16 20:00:00,10636.0
2024-01-16 23:00:00,10658.0
2024-01-17 07:00:00,10581.0
2024-01-17 08:00:00,10568.0
2024-01-17 09:00:00,10553.0
2024-01-17 10:00:00,10545.0
2024-01-17 11:00:00,10549.0
2024-01-17 12:00:00,10553.0
2024-01-17 13:00:00,10545.0
2024-01-17 14:00:00,10525.0
2024-01-17 15:00:00,10559.0
2024-01-17 16:00:00,10575.0
2024-01-17 17:00:00,10568.0
2024-01-17 18:00:00,10551.0
2024-01-17 19:00:00,10559.0
2024-01-17 20:00:00,10552.0
2024-01-17 23:00:00,10566.0
2024-01-18 07:00:00,10595.0
2024-01-18 08:00:00,10584.0
2024-01-18 09:00:00,10602.0
2024-01-18 10:00:00,10604.0
2024-01-18 11:00:00,10619.0
2024-01-18 12:00:00,10639.0
2024-01-18 13:00:00,10611.0
2024-01-18 14:00:00,10626.0
2024-01-18 15:00:00,10614.0
2024-01-18 16:00:00,10624.0
2024-01-18 17:00:00,10613.0
2024-01-18 18:00:00,10625.0
2024-01-18 19:00:00,10649.0
2024-01-18 20:00:00,10654.0
2024-01-18 23:00:00,10622.0
2024-01-19 07:00:00,10652.0
2024-01-19 08:00:00,10650.0
2024-01-19 09:00:00,10617.0
2024-01-19 10:00:00,10610.0
2024-01-19 11:00:00,10609.0
2024-01-19 12:00:00,10612.0
2024-01-19 13:00:00,10594.0
2024-01-19 14:00:00,10577.0
2024-01-19 15:00:00,10577.0
2024-01-19 16:00:00,10576.0
2024-01-19 17:00:00,10596.0
2024-01-19 18:00:00,10611.0
2024-01-19 19:00:00,10613.0
2024-01-19 20:00:00,10616.0
2024-01-19 23:00:00,10594.0
2024-01-22 07:00:00,10646.0
2024-01-22 08:00:00,10648.0
2024-01-22 09:00:00,10664.0
2024-01-22 10:00:00,10637.0
2024-01-22 11:00:00,10649.0
2024-01-22 12:00:00,10639.0
2024-01-22 13:00:00,10661.0
2024-01-22 14:00:00,10686.0
2024-01-22 15:00:00,10698.0
2024-01-22 16:00:00,10697.0
2024-01-22 17:00:00,10699.0
2024-01-22 18:00:00,10696.0
2024-01-22 19:00:00,10692.0
2024-01-22 20:00:00,10693.0
2024-01-22 23:00:00,10695.0
2024-01-23 07:00:00,10714.0
2024-01-23 08:00:00,10669.0
2024-01-23 09:00:00,10674.0
2024-01-23 10:00:00,10644.0
2024-01-23 11:00:00,10636.0
2024-01-23 12:00:00,10642.0
2024-01-23 13:00:00,10617.0
2024-01-23 14:00:00,10604.0
2024-01-23 15:00:00,10579.0
2024-01-23 16:00:00,10580.0
2024-01-23 17:00:00,10590.0
2024-01-23 18:00:00,10595.0
2024-01-23 19:00:00,10597.0
2024-01-23 20:00:00,10602.0
2024-01-23 23:00:00,10579.0
2024-01-24 07:00:00,10598.0
2024-01-24 08:00:00,10598.0
2024-01-24 09:00:00,10604.0
2024-01-24 10:00:00,10601.0
2024-01-24 11:00:00,10609.0
2024-01-24 12:00:00,10590.0
2024-01-24 13:00:00,10583.0
2024-01-24 14:00:00,10623.0
2024-01-24 15:00:00,10605.0
2024-01-24 16:00:00,10622.0
2024-01-24 17:00:00,10621.0
2024-01-24 18:00:00,10605.0
2024-01-24 19:00:00,10601.0
2024-01-24 20:00:00,10597.0
2024-01-24 23:00:00,10612.0
2024-01-25 07:00:00,10600.0
2024-01-25 08:00:00,10604.0
2024-01-25 09:00:00,10608.0
2024-01-25 10:00:00,10573.0
2024-01-25 11:00:00,10588.0
2024-01-25 12:00:00,10571.0
2024-01-25 13:00:00,10610.0
2024-01-25 14:00:00,10626.0
2024-01-25 15:00:00,10612.0
2024-01-25 16:00:00,10653.0
2024-01-25 17:00:00,10650.0
2024-01-25 18:00:00,10656.0
2024-01-25 19:00:00,10665.0
2024-01-25 20:00:00,10668.0
2024-01-25 23:00:00,10626.0
2024-01-26 07:00:00,10658.0
2024-01-26 08:00:00,10768.0
2024-01-26 09:00:00,10813.0
2024-01-26 10:00:00,10777.0
2024-01-26 11:00:00,10792.0
2024-01-26 12:00:00,10819.0
2024-01-26 13:00:00,10828.0
2024-01-26 14:00:00,10797.0
2024-01-26 15:00:00,10802.0
2024-01-26 16:00:00,10824.0
2024-01-26 17:00:00,10817.0
2024-01-26 18:00:00,10817.0
2024-01-26 19:00:00,10815.0
2024-01-26 20:00:00,10809.0
2024-01-26 23:00:00,10805.0
2024-01-29 07:00:00,10818.0
2024-01-29 08:00:00,10825.0
2024-01-29 09:00:00,10821.0
2024-01-29 10:00:00,10836.0
2024-01-29 11:00:00,10859.0
2024-01-29 12:00:00,10837.0
2024-01-29 13:00:00,10826.0
2024-01-29 14:00:00,10859.0
2024-01-29 15:00:00,10856.0
2024-01-29 16:00:00,10863.0
2024-01-29 17:00:00,10856.0
2024-01-29 18:00:00,10856.0
2024-01-29 19:00:00,10864.0
2024-01-29 20:00:00,10872.0
2024-01-29 23:00:00,10853.0
2024-01-30 07:00:00,10867.0
2024-01-30 08:00:00,10886.0
2024-01-30 09:00:00,10880.0
2024-01-30 10:00:00,10867.0
2024-01-30 11:00:00,10863.0
2024-01-30 12:00:00,10865.0
2024-01-30 13:00:00,10872.0
2024-01-30 14:00:00,10865.0
2024-01-30 15:00:00,10848.0
2024-01-30 16:00:00,10863.0
2024-01-30 17:00:00,10860.0
2024-01-30 18:00:00,10866.0
2024-01-30 19:00:00,10873.0
2024-01-30 20:00:00,10872.0
2024-01-30 23:00:00,10860.0
2024-01-31 07:00:00,10822.0
2024-01-31 08:00:00,10828.0
2024-01-31 09:00:00,10794.0
2024-01-31 10:00:00,10823.0
2024-01-31 11:00:00,10817.0
2024-01-31 12:00:00,10810.0
2024-01-31 13:00:00,10839.0
2024-01-31 14:00:00,10799.0
2024-01-31 15:00:00,10766.0
2024-01-31 16:00:00,10760.0
2024-01-31 17:00:00,10766.0
2024-01-31 18:00:00,10760.0
2024-01-31 19:00:00,10750.0
2024-01-31 20:00:00,10728.0
2024-01-31 23:00:00,10783.0
2024-02-01 07:00:00,10694.0
2024-02-01 08:00:00,10715.0
2024-02-01 09:00:00,10674.0
2024-02-01 10:00:00,10694.0
2024-02-01 11:00:00,10688.0
2024-02-01 12:00:00,10701.0
2024-02-01 13:00:00,10682.0
2024-02-01 14:00:00,10668.0
2024-02-01 15:00:00,10628.0
2024-02-01 16:00:00,10656.0
2024-02-01 17:00:00,10690.0
2024-02-01 18:00:00,10687.0
2024-02-01 19:00:00,10694.0
2024-02-01 20:00:00,10689.0
2024-02-01 23:00:00,10628.0
2024-02-02 07:00:00,10702.0
2024-02-02 08:00:00,10682.0
2024-02-02 09:00:00,10689.0
2024-02-02 10:00:00,10689.0
2024-02-02 11:00:00,10696.0
2024-02-02 12:00:00,10702.0
2024-02-02 13:00:00,10682.0
2024-02-02 14:00:00,10667.0
2024-02-02 15:00:00,10693.0
2024-02-02 16:00:00,10673.0
2024-02-02 17:00:00,10679.0
2024-02-02 18:00:00,10686.0
2024-02-02 19:00:00,10695.0
2024-02-02 20:00:00,10700.0
2024-02-02 23:00:00,10675.0
2024-02-05 07:00:00,10664.0
2024-02-05 08:00:00,10668.0
2024-02-05 09:00:00,10668.0
2024-02-05 10:00:00,10686.0
2024-02-05 11:00:00,10705.0
2024-02-05 12:00:00,10712.0
2024-02-05 13:00:00,10683.0
2024-02-05 14:00:00,10698.0
2024-02-05 15:00:00,10676.0
2024-02-05 16:00:00,10705.0
2024-02-05 17:00:00,10702.0
2024-02-05 18:00:00,10705.0
2024-02-05 19:00:00,10720.0
2024-02-05 20:00:00,10710.0
2024-02-05 23:00:00,10676.0
2024-02-06 07:00:00,10732.0
2024-02-06 08:00:00,10649.0
2024-02-06 09:00:00,10635.0
2024-02-06 10:00:00,10642.0
2024-02-06 11:00:00,10630.0
2024-02-06 12:00:00,10625.0
2024-02-06 13:00:00,10643.0
2024-02-06 14:00:00,10654.0
2024-02-06 15:00:00,10672.0
2024-02-06 16:00:00,10660.0
2024-02-06 17:00:00,10676.0
2024-02-06 18:00:00,10679.0
2024-02-06 19:00:00,10677.0
2024-02-06 20:00:00,10678.0
2024-02-06 23:00:00,10676.0
2024-02-07 07:00:00,10677.0
2024-02-07 08:00:00,10681.0
2024-02-07 09:00:00,10664.0
2024-02-07 10:00:00,10648.0
2024-02-07 11:00:00,10666.0
2024-02-07 12:00:00,10674.0
2024-02-07 13:00:00,10668.0
2024-02-07 14:00:00,10663.0
2024-02-07 15:00:00,10644.0
2024-02-07 16:00:00,10643.0
2024-02-07 17:00:00,10645.0
2024-02-07 18:00:00,10653.0
2024-02-07 19:00:00,10650.0
2024-02-07 20:00:00,10651.0
2024-02-07 23:00:00,10629.0
2024-02-08 07:00:00,10634.0
2024-02-08 08:00:00,10634.0
2024-02-08 09:00:00,10672.0
2024-02-08 10:00:00,10639.0
2024-02-08 11:00:00,10643.0
2024-02-08 12:00:00,10626.0
2024-02-08 13:00:00,10640.0
2024-02-08 14:00:00,10592.0
2024-02-08 15:00:00,10577.0
2024-02-08 16:00:00,10568.0
2024-02-08 17:00:00,10562.0
2024-02-08 18:00:00,10564.0
2024-02-08 19:00:00,10568.0
2024-02-08 20:00:00,10568.0
2024-02-08 23:00:00,10563.0
2024-02-09 07:00:00,10561.0
2024-02-09 08:00:00,10559.0
2024-02-09 09:00:00,10546.0
2024-02-09 10:00:00,10558.0
2024-02-09 11:00:00,10537.0
2024-02-09 12:00:00,10553.0
2024-02-09 13:00:00,10529.0
2024-02-09 14:00:00,10492.0
2024-02-09 15:00:00,10507.0
2024-02-09 16:00:00,10508.0
2024-02-09 17:00:00,10532.0
2024-02-09 18:00:00,10541.0
2024-02-09 19:00:00,10549.0
2024-02-09 20:00:00,10549.0
2024-02-09 23:00:00,10512.0
2024-02-12 07:00:00,10551.0
2024-02-12 08:00:00,10544.0
2024-02-12 09:00:00,10562.0
2024-02-12 10:00:00,10568.0
2024-02-12 11:00:00,10549.0
2024-02-12 12:00:00,10547.0
2024-02-12 13:00:00,10546.0
2024-02-12 14:00:00,10581.0
2024-02-12 15:00:00,10601.0
2024-02-12 16:00:00,10606.0
2024-02-12 17:00:00,10605.0
2024-02-12 18:00:00,10605.0
2024-02-12 19:00:00,10600.0
2024-02-12 20:00:00,10602.0
2024-02-12 23:00:00,10601.0
2024-02-13 07:00:00,10630.0
2024-02-13 08:00:00,10637.0
2024-02-13 09:00:00,10646.0
2024-02-13 10:00:00,10607.0
2024-02-13 11:00:00,10612.0
2024-02-13 12:00:00,10605.0
2024-02-13 13:00:00,10539.0
2024-02-13 14:00:00,10529.0
2024-02-13 15:00:00,10543.0
2024-02-13 16:00:00,10559.0
2024-02-13 17:00:00,10552.0
2024-02-13 18:00:00,10539.0
2024-02-13 19:00:00,10524.0
2024-02-13 20:00:00,10519.0
2024-02-13 23:00:00,10553.0
2024-02-14 07:00:00,10564.0
2024-02-14 08:00:00,10594.0
2024-02-14 09:00:00,10604.0
2024-02-14 10:00:00,10615.0
2024-02-14 11:00:00,10622.0
2024-02-14 12:00:00,10620.0
2024-02-14 13:00:00,10625.0
2024-02-14 14:00:00,10616.0
2024-02-14 15:00:00,10634.0
2024-02-14 16:00:00,10617.0
2024-02-14 17:00:00,10633.0
2024-02-14 18:00:00,10632.0
2024-02-14 19:00:00,10642.0
2024-02-14 20:00:00,10647.0
2024-02-14 23:00:00,10631.0
2024-02-15 07:00:00,10658.0
2024-02-15 08:00:00,10662.0
2024-02-15 09:00:00,10668.0
2024-02-15 10:00:00,10686.0
2024-02-15 11:00:00,10692.0
2024-02-15 12:00:00,10700.0
2024-02-15 13:00:00,10687.0
2024-02-15 14:00:00,10697.0
2024-02-15 15:00:00,10704.0
2024-02-15 16:00:00,10699.0
2024-02-15 17:00:00,10693.0
2024-02-15 18:00:00,10704.0
2024-02-15 19:00:00,10708.0
2024-02-15 20:00:00,10709.0
2024-02-15 23:00:00,10695.0
2024-02-16 07:00:00,10691.0
2024-02-16 08:00:00,10735.0
2024-02-16 09:00:00,10729.0
2024-02-16 10:00:00,10736.0
2024-02-16 11:00:00,10753.0
2024-02-16 12:00:00,10770.0
2024-02-16 13:00:00,10753.0
2024-02-16 14:00:00,10715.0
2024-02-16 15:00:00,10721.0
2024-02-16 16:00:00,10735.0
2024-02-16 17:00:00,10729.0
2024-02-16 18:00:00,10729.0
2024-02-16 19:00:00,10711.0
2024-02-16 20:00:00,10714.0
2024-02-16 23:00:00,10726.0
2024-02-19 07:00:00,10708.0
2024-02-19 08:00:00,10730.0
2024-02-19 09:00:00,10757.0
2024-02-19 10:00:00,10771.0
2024-02-19 11:00:00,10781.0
2024-02-19 12:00:00,10779.0
2024-02-19 13:00:00,10794.0
2024-02-19 14:00:00,10807.0
2024-02-19 15:00:00,10822.0
2024-02-19 16:00:00,10829.0
2024-02-19 17:00:00,10835.0
2024-02-19 18:00:00,10832.0
2024-02-19 19:00:00,10831.0
2024-02-19 20:00:00,10829.0
2024-02-19 23:00:00,10817.0
2024-02-20 07:00:00,10803.0
2024-02-20 08:00:00,10828.0
2024-02-20 09:00:00,10846.0
2024-02-20 10:00:00,10845.0
2024-02-20 11:00:00,10875.0
2024-02-20 12:00:00,10885.0
2024-02-20 13:00:00,10860.0
2024-02-20 14:00:00,10853.0
2024-02-20 15:00:00,10885.0
2024-02-20 16:00:00,10860.0
2024-02-20 17:00:00,10856.0
2024-02-20 18:00:00,10858.0
2024-02-20 19:00:00,10860.0
2024-02-20 20:00:00,10859.0
2024-02-20 23:00:00,10878.0
2024-02-21 07:00:00,10845.0
2024-02-21 08:00:00,10831.0
2024-02-21 09:00:00,10839.0
2024-02-21 10:00:00,10842.0
2024-02-21 11:00:00,10847.0
2024-02-21 12:00:00,10830.0
2024-02-21 13:00:00,10832.0
2024-02-21 14:00:00,10861.0
2024-02-21 15:00:00,10835.0
2024-02-21 16:00:00,10837.0
2024-02-21 17:00:00,10838.0
2024-02-21 18:00:00,10833.0
2024-02-21 19:00:00,10826.0
2024-02-21 20:00:00,10822.0
2024-02-21 23:00:00,10842.0
2024-02-22 07:00:00,10843.0
2024-02-22 08:00:00,10811.0
2024-02-22 09:00:00,10813.0
2024-02-22 10:00:00,10813.0
2024-02-22 11:00:00,10797.0
2024-02-22 12:00:00,10795.0
2024-02-22 13:00:00,10800.0
2024-02-22 14:00:00,10818.0
2024-02-22 15:00:00,10815.0
2024-02-22 16:00:00,10798.0
2024-02-22 17:00:00,10814.0
2024-02-22 18:00:00,10816.0
2024-02-22 19:00:00,10816.0
2024-02-22 20:00:00,10815.0
2024-02-22 23:00:00,10823.0
2024-02-23 07:00:00,10813.0
2024-02-23 08:00:00,10841.0
2024-02-23 09:00:00,10845.0
2024-02-23 10:00:00,10835.0
2024-02-23 11:00:00,10855.0
2024-02-23 12:00:00,10858.0
2024-02-23 13:00:00,10867.0
2024-02-23 14:00:00,10907.0
2024-02-23 15:00:00,10908.0
2024-02-23 16:00:00,10912.0
2024-02-23 17:00:00,10911.0
2024-02-23 18:00:00,10907.0
2024-02-23 19:00:00,10907.0
2024-02-23 20:00:00,10909.0
2024-02-23 23:00:00,10903.0
2024-02-26 07:00:00,10880.0
2024-02-26 08:00:00,10893.0
2024-02-26 09:00:00,10888.0
2024-02-26 10:00:00,10912.0
2024-02-26 11:00:00,10915.0
2024-02-26 12:00:00,10915.0
2024-02-26 13:00:00,10938.0
2024-02-26 14:00:00,10915.0
2024-02-26 15:00:00,10873.0
2024-02-26 16:00:00,10864.0
2024-02-26 17:00:00,10867.0
2024-02-26 18:00:00,10852.0
2024-02-26 19:00:00,10855.0
2024-02-26 20:00:00,10857.0
2024-02-26 23:00:00,10875.0
2024-02-27 07:00:00,10845.0
2024-02-27 08:00:00,10833.0
2024-02-27 09:00:00,10837.0
2024-02-27 10:00:00,10835.0
2024-02-27 11:00:00,10838.0
2024-02-27 12:00:00,10857.0
2024-02-27 13:00:00,10854.0
2024-02-27 14:00:00,10866.0
2024-02-27 15:00:00,10873.0
2024-02-27 16:00:00,10853.0
2024-02-27 17:00:00,10845.0
2024-02-27 18:00:00,10856.0
2024-02-27 19:00:00,10858.0
2024-02-27 20:00:00,10859.0
2024-02-27 23:00:00,10873.0
2024-02-28 07:00:00,10858.0
2024-02-28 08:00:00,10894.0
2024-02-28 09:00:00,10880.0
2024-02-28 10:00:00,10882.0
2024-02-28 11:00:00,10863.0
2024-02-28 12:00:00,10863.0
2024-02-28 13:00:00,10849.0
2024-02-28 14:00:00,10841.0
2024-02-28 15:00:00,10840.0
2024-02-28 16:00:00,10816.0
2024-02-28 17:00:00,10819.0
2024-02-28 18:00:00,10827.0
2024-02-28 19:00:00,10818.0
2024-02-28 20:00:00,10820.0
2024-02-28 23:00:00,10841.0
2024-02-29 07:00:00,10845.0
2024-02-29 08:00:00,10858.0
2024-02-29 09:00:00,10849.0
2024-02-29 10:00:00,10842.0
2024-02-29 11:00:00,10860.0
2024-02-29 12:00:00,10863.0
2024-02-29 13:00:00,10880.0
2024-02-29 14:00:00,10884.0
2024-02-29 15:00:00,10849.0
2024-02-29 16:00:00,10838.0
2024-02-29 17:00:00,10850.0
2024-02-29 18:00:00,10859.0
2024-02-29 19:00:00,10861.0
2024-02-29 20:00:00,10857.0
2024-02-29 23:00:00,10859.0
2024-03-01 07:00:00,10879.0
2024-03-01 08:00:00,10894.0
2024-03-01 09:00:00,10909.0
2024-03-01 10:00:00,10882.0
2024-03-01 11:00:00,10917.0
2024-03-01 12:00:00,10922.0
2024-03-01 13:00:00,10913.0
2024-03-01 14:00:00,10887.0
2024-03-01 15:00:00,10928.0
2024-03-01 16:00:00,10902.0
2024-03-01 17:00:00,10910.0
2024-03-01 18:00:00,10914.0
2024-03-01 19:00:00,10913.0
2024-03-01 20:00:00,10910.0
2024-03-01 23:00:00,10914.0
2024-03-04 07:00:00,10892.0
2024-03-04 08:00:00,10879.0
2024-03-04 09:00:00,10896.0
2024-03-04 10:00:00,10892.0
2024-03-04 11:00:00,10877.0
2024-03-04 12:00:00,10863.0
2024-03-04 13:00:00,10855.0
2024-03-04 14:00:00,10846.0
2024-03-04 15:00:00,10861.0
2024-03-04 16:00:00,10876.0
2024-03-04 17:00:00,10882.0
2024-03-04 18:00:00,10876.0
2024-03-04 19:00:00,10883.0
2024-03-04 20:00:00,10883.0
2024-03-04 23:00:00,10866.0
2024-03-05 07:00:00,10871.0
2024-03-05 08:00:00,10864.0
2024-03-05 09:00:00,10870.0
2024-03-05 10:00:00,10877.0
2024-03-05 11:00:00,10876.0
2024-03-05 12:00:00,10885.0
2024-03-05 13:00:00,10897.0
2024-03-05 14:00:00,10872.0
2024-03-05 15:00:00,10860.0
2024-03-05 16:00:00,10872.0
2024-03-05 17:00:00,10880.0
2024-03-05 18:00:00,10869.0
2024-03-05 19:00:00,10859.0
2024-03-05 20:00:00,10862.0
2024-03-05 23:00:00,10874.0
2024-03-06 07:00:00,10870.0
2024-03-06 08:00:00,10911.0
2024-03-06 09:00:00,10929.0
2024-03-06 10:00:00,10933.0
2024-03-06 11:00:00,10920.0
2024-03-06 12:00:00,10941.0
2024-03-06 13:00:00,10935.0
2024-03-06 14:00:00,10945.0
2024-03-06 15:00:00,10941.0
2024-03-06 16:00:00,10962.0
2024-03-06 17:00:00,10967.0
2024-03-06 18:00:00,10962.0
2024-03-06 19:00:00,10958.0
2024-03-06 20:00:00,10962.0
2024-03-06 20:00:01,10962.0
2024-03-06 20:00:02,10962.0
2024-03-06 23:00:00,10941.0
2024-03-07 07:00:00,10948.0
2024-03-07 08:00:00,10942.0
2024-03-07 09:00:00,10951.0
2024-03-07 10:00:00,10971.0
2024-03-07 11:00:00,10973.0
2024-03-07 12:00:00,11000.0
2024-03-07 13:00:00,11037.0
2024-03-07 14:00:00,11046.0
2024-03-07 15:00:00,11032.0
2024-03-07 16:00:00,11047.0
2024-03-07 17:00:00,11040.0
2024-03-07 23:00:00,11031.0
2024-03-08 07:00:00,11044.0
2024-03-08 08:00:00,11081.0
2024-03-08 09:00:00,11086.0
2024-03-08 10:00:00,11096.0
2024-03-08 11:00:00,11089.0
2024-03-08 12:00:00,11085.0
2024-03-08 13:00:00,11085.0
2024-03-08 14:00:00,11098.0
2024-03-08 15:00:00,11116.0
2024-03-08 16:00:00,11111.0
2024-03-08 17:00:00,11116.0
2024-03-08 18:00:00,11096.0
2024-03-08 20:00:00,11111.0
2024-03-08 23:00:00,11110.0
2024-03-11 07:00:00,11089.0
2024-03-11 08:00:00,11118.0
2024-03-11 09:00:00,11114.0
2024-03-11 10:00:00,11123.0
2024-03-11 11:00:00,11124.0
2024-03-11 12:00:00,11133.0
2024-03-11 13:00:00,11143.0
2024-03-11 14:00:00,11129.0
2024-03-11 15:00:00,11132.0
2024-03-11 16:00:00,11167.0
2024-03-11 17:00:00,11171.0
2024-03-11 18:00:00,11178.0
2024-03-11 19:00:00,11183.0
2024-03-11 20:00:00,11188.0
2024-03-11 23:00:00,11138.0
2024-03-12 07:00:00,11203.0
2024-03-12 08:00:00,11184.0
2024-03-12 09:00:00,11158.0
2024-03-12 10:00:00,11163.0
2024-03-12 11:00:00,11171.0
2024-03-12 12:00:00,11169.0
2024-03-12 13:00:00,11208.0
2024-03-12 14:00:00,11212.0
2024-03-12 15:00:00,11249.0
2024-03-12 16:00:00,11242.0
2024-03-12 17:00:00,11252.0
2024-03-12 18:00:00,11254.0
2024-03-12 19:00:00,11255.0
2024-03-12 20:00:00,11255.0
2024-03-12 23:00:00,11247.0
2024-03-13 07:00:00,11250.0
2024-03-13 08:00:00,11227.0
2024-03-13 09:00:00,11253.0
2024-03-13 10:00:00,11244.0
2024-03-13 11:00:00,11251.0
2024-03-13 12:00:00,11242.0
2024-03-13 13:00:00,11262.0
2024-03-13 14:00:00,11241.0
2024-03-13 15:00:00,11250.0
2024-03-13 16:00:00,11262.0
2024-03-13 17:00:00,11258.0
2024-03-13 18:00:00,11252.0
2024-03-13 19:00:00,11257.0
2024-03-13 20:00:00,11258.0
2024-03-13 23:00:00,11253.0
2024-03-14 07:00:00,11268.0
2024-03-14 08:00:00,11295.0
2024-03-14 09:00:00,11287.0
2024-03-14 10:00:00,11278.0
2024-03-14 11:00:00,11273.0
2024-03-14 12:00:00,11260.0
2024-03-14 13:00:00,11222.0
2024-03-14 14:00:00,11209.0
2024-03-14 15:00:00,11223.0
2024-03-14 16:00:00,11233.0
2024-03-14 17:00:00,11236.0
2024-03-14 18:00:00,11226.0
2024-03-14 19:00:00,11227.0
2024-03-14 20:00:00,11226.0
2024-03-14 23:00:00,11227.0
2024-03-15 07:00:00,11248.0
2024-03-15 08:00:00,11216.0
2024-03-15 09:00:00,11229.0
2024-03-15 10:00:00,11235.0
2024-03-15 11:00:00,11261.0
2024-03-15 12:00:00,11257.0
2024-03-15 13:00:00,11223.0
2024-03-15 14:00:00,11218.0
2024-03-15 15:00:00,11202.0
2024-03-15 16:00:00,11181.0
2024-03-15 17:00:00,11196.0
2024-03-15 18:00:00,11198.0
2024-03-15 19:00:00,11201.0
2024-03-15 20:00:00,11198.0
2024-03-15 23:00:00,11194.0
2024-03-18 07:00:00,11180.0
2024-03-18 08:00:00,11129.0
2024-03-18 09:00:00,11133.0
2024-03-18 10:00:00,11135.0
2024-03-18 11:00:00,11135.0
2024-03-18 12:00:00,11126.0
2024-03-18 13:00:00,11127.0
2024-03-18 14:00:00,11129.0
2024-03-18 15:00:00,11131.0
2024-03-18 16:00:00,11138.0
2024-03-18 17:00:00,11137.0
2024-03-18 18:00:00,11137.0
2024-03-18 19:00:00,11123.0
2024-03-18 20:00:00,11128.0
2024-03-18 23:00:00,11145.0
2024-03-19 07:00:00,11112.0
2024-03-19 08:00:00,11085.0
2024-03-19 09:00:00,11077.0
2024-03-19 10:00:00,11064.0
2024-03-19 11:00:00,11059.0
2024-03-19 12:00:00,11075.0
2024-03-19 13:00:00,11085.0
2024-03-19 14:00:00,11064.0
2024-03-19 15:00:00,11086.0
2024-03-19 16:00:00,11102.0
2024-03-19 17:00:00,11073.0
2024-03-19 18:00:00,11072.0
2024-03-19 19:00:00,11063.0
2024-03-19 20:00:00,11068.0
2024-03-19 23:00:00,11094.0
2024-03-20 07:00:00,11087.0
2024-03-20 08:00:00,11108.0
2024-03-20 09:00:00,11105.0
2024-03-20 10:00:00,11130.0
2024-03-20 11:00:00,11129.0
2024-03-20 12:00:00,11136.0
2024-03-20 13:00:00,11137.0
2024-03-20 14:00:00,11139.0
2024-03-20 15:00:00,11128.0
2024-03-20 16:00:00,11128.0
2024-03-20 17:00:00,11123.0
2024-03-20 18:00:00,11151.0
2024-03-20 19:00:00,11168.0
2024-03-20 20:00:00,11173.0
2024-03-20 23:00:00,11133.0
2024-03-21 07:00:00,11168.0
2024-03-21 08:00:00,11260.0
2024-03-21 09:00:00,11215.0
2024-03-21 10:00:00,11195.0
2024-03-21 11:00:00,11216.0
2024-03-21 12:00:00,11217.0
2024-03-21 13:00:00,11241.0
2024-03-21 14:00:00,11214.0
2024-03-21 15:00:00,11219.0
2024-03-21 16:00:00,11206.0
2024-03-21 17:00:00,11198.0
2024-03-21 18:00:00,11197.0
2024-03-21 19:00:00,11197.0
2024-03-21 20:00:00,11196.0
2024-03-21 23:00:00,11211.0
2024-03-22 07:00:00,11193.0
2024-03-22 08:00:00,11208.0
2024-03-22 09:00:00,11204.0
2024-03-22 10:00:00,11190.0
2024-03-22 11:00:00,11168.0
2024-03-22 12:00:00,11191.0
2024-03-22 13:00:00,11173.0
2024-03-22 14:00:00,11165.0
2024-03-22 15:00:00,11162.0
2024-03-22 16:00:00,11168.0
2024-03-22 17:00:00,11174.0
2024-03-22 18:00:00,11171.0
2024-03-22 19:00:00,11160.0
2024-03-22 20:00:00,11159.0
2024-03-22 23:00:00,11165.0
2024-03-25 07:00:00,11128.0
2024-03-25 08:00:00,11150.0
2024-03-25 09:00:00,11114.0
2024-03-25 10:00:00,11118.0
2024-03-25 11:00:00,11105.0
2024-03-25 12:00:00,11106.0
2024-03-25 13:00:00,11134.0
2024-03-25 14:00:00,11145.0
2024-03-25 15:00:00,11134.0
2024-03-25 16:00:00,11158.0
2024-03-25 17:00:00,11154.0
2024-03-25 18:00:00,11152.0
2024-03-25 19:00:00,11142.0
2024-03-25 20:00:00,11145.0
2024-03-25 23:00:00,11138.0
2024-03-26 07:00:00,11153.0
2024-03-26 08:00:00,11163.0
2024-03-26 09:00:00,11183.0
2024-03-26 10:00:00,11194.0
2024-03-26 11:00:00,11206.0
2024-03-26 12:00:00,11197.0
2024-03-26 13:00:00,11183.0
2024-03-26 14:00:00,11204.0
2024-03-26 15:00:00,11189.0
2024-03-26 16:00:00,11203.0
2024-03-26 17:00:00,11197.0
2024-03-26 18:00:00,11202.0
2024-03-26 19:00:00,11180.0
2024-03-26 20:00:00,11187.0
2024-03-26 23:00:00,11201.0
2024-03-27 07:00:00,11198.0
2024-03-27 08:00:00,11214.0
2024-03-27 09:00:00,11200.0
2024-03-27 10:00:00,11205.0
2024-03-27 11:00:00,11226.0
2024-03-27 12:00:00,11231.0
2024-03-27 13:00:00,11223.0
2024-03-27 14:00:00,11215.0
2024-03-27 15:00:00,11221.0
2024-03-27 16:00:00,11227.0
2024-03-27 17:00:00,11227.0
2024-03-27 18:00:00,11229.0
2024-03-27 19:00:00,11245.0
2024-03-27 20:00:00,11249.0
2024-03-27 23:00:00,11220.0
2024-03-28 07:00:00,11235.0
2024-03-28 08:00:00,11240.0
2024-03-28 09:00:00,11242.0
2024-03-28 10:00:00,11239.0
2024-03-28 11:00:00,11231.0
2024-03-28 12:00:00,11219.0
2024-03-28 13:00:00,11214.0
2024-03-28 14:00:00,11238.0
2024-03-28 15:00:00,11235.0
2024-03-28 16:00:00,11247.0
2024-03-28 17:00:00,11242.0
2024-03-28 18:00:00,11256.0
2024-03-28 19:00:00,11256.0
2024-03-28 20:00:00,11257.0
2024-03-28 23:00:00,11242.0
2024-04-02 07:00:00,11255.0
2024-04-02 08:00:00,11254.0
2024-04-02 09:00:00,11216.0
2024-04-02 10:00:00,11227.0
2024-04-02 11:00:00,11203.0
2024-04-02 12:00:00,11189.0
2024-04-02 13:00:00,11162.0
2024-04-02 14:00:00,11118.0
2024-04-02 15:00:00,11105.0
2024-04-02 16:00:00,11117.0
2024-04-02 17:00:00,11122.0
2024-04-02 18:00:00,11114.0
2024-04-02 19:00:00,11117.0
2024-04-02 20:00:00,11122.0
2024-04-02 23:00:00,11119.0
2024-04-03 07:00:00,11123.0
2024-04-03 08:00:00,11113.0
2024-04-03 09:00:00,11132.0
2024-04-03 10:00:00,11127.0
2024-04-03 11:00:00,11124.0
2024-04-03 12:00:00,11120.0
2024-04-03 13:00:00,11116.0
2024-04-03 14:00:00,11126.0
2024-04-03 15:00:00,11140.0
2024-04-03 16:00:00,11126.0
2024-04-03 17:00:00,11123.0
2024-04-03 18:00:00,11131.0
2024-04-03 19:00:00,11126.0
2024-04-03 20:00:00,11123.0
2024-04-03 23:00:00,11136.0
2024-04-04 07:00:00,11149.0
2024-04-04 08:00:00,11164.0
2024-04-04 09:00:00,11158.0
2024-04-04 10:00:00,11149.0
2024-04-04 11:00:00,11154.0
2024-04-04 12:00:00,11148.0
2024-04-04 13:00:00,11151.0
2024-04-04 14:00:00,11194.0
2024-04-04 15:00:00,11206.0
2024-04-04 16:00:00,11211.0
2024-04-04 17:00:00,11206.0
2024-04-04 18:00:00,11192.0
2024-04-04 19:00:00,11100.0
2024-04-04 20:00:00,11099.0
2024-04-04 23:00:00,11204.0
2024-04-05 07:00:00,11082.0
2024-04-05 08:00:00,11051.0
2024-04-05 09:00:00,11046.0
2024-04-05 10:00:00,11049.0
2024-04-05 11:00:00,11048.0
2024-04-05 12:00:00,11027.0
2024-04-05 13:00:00,11024.0
2024-04-05 14:00:00,11035.0
2024-04-05 15:00:00,11016.0
2024-04-05 16:00:00,11018.0
2024-04-05 17:00:00,11033.0
2024-04-05 18:00:00,11005.0
2024-04-05 19:00:00,11010.0
2024-04-05 20:00:00,11015.0
2024-04-05 23:00:00,11003.0
2024-04-08 07:00:00,11019.0
2024-04-08 08:00:00,11048.0
2024-04-08 09:00:00,11036.0
2024-04-08 10:00:00,11027.0
2024-04-08 11:00:00,11035.0
2024-04-08 12:00:00,11033.0
2024-04-08 13:00:00,11064.0
2024-04-08 14:00:00,11064.0
2024-04-08 15:00:00,11056.0
2024-04-08 16:00:00,11059.0
2024-04-08 17:00:00,11065.0
2024-04-08 18:00:00,11065.0
2024-04-08 19:00:00,11057.0
2024-04-08 20:00:00,11055.0
2024-04-08 23:00:00,11069.0
2024-04-09 07:00:00,11040.0
2024-04-09 08:00:00,11059.0
2024-04-09 09:00:00,11055.0
2024-04-09 10:00:00,11070.0
2024-04-09 11:00:00,11054.0
2024-04-09 12:00:00,11075.0
2024-04-09 13:00:00,11077.0
2024-04-09 14:00:00,11041.0
2024-04-09 15:00:00,11008.0
2024-04-09 16:00:00,11021.0
2024-04-09 17:00:00,11018.0
2024-04-09 18:00:00,11016.0
2024-04-09 19:00:00,11013.0
2024-04-09 20:00:00,11008.0
2024-04-09 23:00:00,11023.0
2024-04-10 07:00:00,11069.0
2024-04-10 08:00:00,11046.0
2024-04-10 09:00:00,11028.0
2024-04-10 10:00:00,11014.0
2024-04-10 11:00:00,11031.0
2024-04-10 12:00:00,11045.0
2024-04-10 13:00:00,10932.0
2024-04-10 14:00:00,10954.0
2024-04-10 15:00:00,11008.0
2024-04-10 16:00:00,11000.0
2024-04-10 17:00:00,11012.0
2024-04-10 18:00:00,10999.0
2024-04-10 19:00:00,10989.0
2024-04-10 20:00:00,11004.0
2024-04-10 23:00:00,10995.0
2024-04-11 07:00:00,10989.0
2024-04-11 08:00:00,11032.0
2024-04-11 09:00:00,10990.0
2024-04-11 10:00:00,10993.0
2024-04-11 11:00:00,11005.0
2024-04-11 12:00:00,10991.0
2024-04-11 13:00:00,11031.0
2024-04-11 14:00:00,10996.0
2024-04-11 15:00:00,10951.0
2024-04-11 16:00:00,10989.0
2024-04-11 17:00:00,10992.0
2024-04-11 18:00:00,11016.0
2024-04-11 19:00:00,11017.0
2024-04-11 20:00:00,11021.0
2024-04-11 23:00:00,10967.0
2024-04-12 07:00:00,11025.0
2024-04-12 08:00:00,11040.0
2024-04-12 09:00:00,11056.0
2024-04-12 10:00:00,11028.0
2024-04-12 11:00:00,11005.0
2024-04-12 12:00:00,11011.0
2024-04-12 13:00:00,10923.0
2024-04-12 14:00:00,10957.0
2024-04-12 15:00:00,10895.0
2024-04-12 16:00:00,10927.0
2024-04-12 17:00:00,10896.0
2024-04-12 18:00:00,10889.0
2024-04-12 19:00:00,10876.0
2024-04-12 20:00:00,10875.0
2024-04-12 23:00:00,10905.0
2024-04-15 07:00:00,10929.0
2024-04-15 08:00:00,10927.0
2024-04-15 09:00:00,10936.0
2024-04-15 10:00:00,10951.0
2024-04-15 11:00:00,10950.0
2024-04-15 12:00:00,10975.0
2024-04-15 13:00:00,10975.0
2024-04-15 14:00:00,10990.0
2024-04-15 15:00:00,10925.0
2024-04-15 16:00:00,10936.0
2024-04-15 17:00:00,10912.0
2024-04-15 18:00:00,10883.0
2024-04-15 19:00:00,10866.0
2024-04-15 20:00:00,10864.0
2024-04-15 23:00:00,10916.0
2024-04-16 07:00:00,10824.0
2024-04-16 08:00:00,10791.0
2024-04-16 09:00:00,10779.0
2024-04-16 10:00:00,10767.0
2024-04-16 11:00:00,10763.0
2024-04-16 12:00:00,10800.0
2024-04-16 13:00:00,10790.0
2024-04-16 14:00:00,10741.0
2024-04-16 15:00:00,10731.0
2024-04-16 16:00:00,10735.0
2024-04-16 17:00:00,10740.0
2024-04-16 18:00:00,10741.0
2024-04-16 19:00:00,10754.0
2024-04-16 20:00:00,10750.0
2024-04-16 23:00:00,10747.0
2024-04-17 07:00:00,10739.0
2024-04-17 08:00:00,10743.0
2024-04-17 09:00:00,10777.0
2024-04-17 10:00:00,10780.0
2024-04-17 11:00:00,10787.0
2024-04-17 12:00:00,10782.0
2024-04-17 13:00:00,10811.0
2024-04-17 14:00:00,10800.0
2024-04-17 15:00:00,10769.0
2024-04-17 16:00:00,10777.0
2024-04-17 17:00:00,10757.0
2024-04-17 18:00:00,10779.0
2024-04-17 19:00:00,10768.0
2024-04-17 20:00:00,10767.0
2024-04-17 23:00:00,10770.0
2024-04-18 07:00:00,10807.0
2024-04-18 08:00:00,10801.0
2024-04-18 09:00:00,10780.0
2024-04-18 10:00:00,10782.0
2024-04-18 11:00:00,10779.0
2024-04-18 12:00:00,10771.0
2024-04-18 13:00:00,10738.0
2024-04-18 14:00:00,10749.0
2024-04-18 15:00:00,10765.0
2024-04-18 16:00:00,10757.0
2024-04-18 17:00:00,10735.0
2024-04-18 18:00:00,10725.0
2024-04-18 19:00:00,10723.0
2024-04-18 20:00:00,10734.0
2024-04-18 23:00:00,10769.0
2024-04-19 07:00:00,10666.0
2024-04-19 08:00:00,10708.0
2024-04-19 09:00:00,10703.0
2024-04-19 10:00:00,10736.0
2024-04-19 11:00:00,10752.0
2024-04-19 12:00:00,10764.0
2024-04-19 13:00:00,10773.0
2024-04-19 14:00:00,10781.0
2024-04-19 15:00:00,10811.0
2024-04-19 16:00:00,10834.0
2024-04-19 17:00:00,10834.0
2024-04-19 18:00:00,10839.0
2024-04-19 19:00:00,10823.0
2024-04-19 20:00:00,10827.0
2024-04-19 23:00:00,10808.0
2024-04-22 07:00:00,10895.0
2024-04-22 08:00:00,10868.0
2024-04-22 09:00:00,10854.0
2024-04-22 10:00:00,10871.0
2024-04-22 11:00:00,10864.0
2024-04-22 12:00:00,10873.0
2024-04-22 13:00:00,10887.0
2024-04-22 14:00:00,10895.0
2024-04-22 15:00:00,10912.0
2024-04-22 16:00:00,10933.0
2024-04-22 17:00:00,10941.0
2024-04-22 18:00:00,10959.0
2024-04-22 19:00:00,10953.0
2024-04-22 20:00:00,10948.0
2024-04-22 23:00:00,10902.0
2024-04-23 07:00:00,10987.0
2024-04-23 08:00:00,11054.0
2024-04-23 09:00:00,11068.0
2024-04-23 10:00:00,11076.0
2024-04-23 11:00:00,11095.0
2024-04-23 12:00:00,11072.0
2024-04-23 13:00:00,11062.0
2024-04-23 14:00:00,11064.0
2024-04-23 15:00:00,11070.0
2024-04-23 16:00:00,11046.0
2024-04-23 17:00:00,11056.0
2024-04-23 18:00:00,11055.0
2024-04-23 19:00:00,11051.0
2024-04-23 20:00:00,11050.0
2024-04-23 23:00:00,11057.0
2024-04-24 07:00:00,11054.0
2024-04-24 08:00:00,11027.0
2024-04-24 09:00:00,11006.0
2024-04-24 10:00:00,11025.0
2024-04-24 11:00:00,11028.0
2024-04-24 12:00:00,11024.0
2024-04-24 13:00:00,11009.0
2024-04-24 14:00:00,10981.0
2024-04-24 15:00:00,10964.0
2024-04-24 16:00:00,10950.0
2024-04-24 17:00:00,10961.0
2024-04-24 18:00:00,10987.0
2024-04-24 19:00:00,10981.0
2024-04-24 20:00:00,10981.0
2024-04-24 23:00:00,10961.0
2024-04-25 07:00:00,10937.0
2024-04-25 08:00:00,10873.0
2024-04-25 09:00:00,10883.0
2024-04-25 10:00:00,10878.0
2024-04-25 11:00:00,10874.0
2024-04-25 12:00:00,10879.0
2024-04-25 13:00:00,10833.0
2024-04-25 14:00:00,10794.0
2024-04-25 15:00:00,10837.0
2024-04-25 16:00:00,10847.0
2024-04-25 17:00:00,10861.0
2024-04-25 18:00:00,10887.0
2024-04-25 19:00:00,10869.0
2024-04-25 20:00:00,10871.0
2024-04-25 23:00:00,10845.0
2024-04-26 07:00:00,10931.0
2024-04-26 08:00:00,10896.0
2024-04-26 09:00:00,10880.0
2024-04-26 10:00:00,10891.0
2024-04-26 11:00:00,10891.0
2024-04-26 12:00:00,10905.0
2024-04-26 13:00:00,10889.0
2024-04-26 14:00:00,10927.0
2024-04-26 15:00:00,10933.0
2024-04-26 16:00:00,10925.0
2024-04-26 17:00:00,10927.0
2024-04-26 18:00:00,10933.0
2024-04-26 19:00:00,10934.0
2024-04-26 20:00:00,10933.0
2024-04-26 23:00:00,10941.0
2024-04-29 07:00:00,10941.0
2024-04-29 08:00:00,10938.0
2024-04-29 09:00:00,10947.0
2024-04-29 10:00:00,10953.0
2024-04-29 11:00:00,10977.0
2024-04-29 12:00:00,10973.0
2024-04-29 13:00:00,10971.0
2024-04-29 14:00:00,10946.0
2024-04-29 15:00:00,10929.0
2024-04-29 16:00:00,10918.0
2024-04-29 17:00:00,10916.0
2024-04-29 18:00:00,10920.0
2024-04-29 19:00:00,10914.0
2024-04-29 20:00:00,10899.0
2024-04-29 23:00:00,10921.0
2024-04-30 07:00:00,10952.0
2024-04-30 08:00:00,10915.0
2024-04-30 09:00:00,10895.0
2024-04-30 10:00:00,10896.0
2024-04-30 11:00:00,10920.0
2024-04-30 12:00:00,10904.0
2024-04-30 13:00:00,10882.0
2024-04-30 14:00:00,10887.0
2024-04-30 15:00:00,10898.0
2024-04-30 16:00:00,10872.0
2024-04-30 17:00:00,10870.0
2024-04-30 18:00:00,10886.0
2024-04-30 19:00:00,10869.0
2024-04-30 20:00:00,10875.0
2024-04-30 23:00:00,10872.0
2024-05-02 07:00:00,10834.0
2024-05-02 08:00:00,10878.0
2024-05-02 09:00:00,10842.0
2024-05-02 10:00:00,10841.0
2024-05-02 11:00:00,10853.0
2024-05-02 12:00:00,10845.0
2024-05-02 13:00:00,10812.0
2024-05-02 14:00:00,10795.0
2024-05-02 15:00:00,10800.0
2024-05-02 16:00:00,10811.0
2024-05-02 17:00:00,10803.0
2024-05-02 18:00:00,10821.0
2024-05-02 19:00:00,10836.0
2024-05-02 20:00:00,10838.0
2024-05-02 23:00:00,10794.0
2024-05-03 07:00:00,10840.0
2024-05-03 08:00:00,10838.0
2024-05-03 09:00:00,10845.0
2024-05-03 10:00:00,10848.0
2024-05-03 11:00:00,10855.0
2024-05-03 12:00:00,10859.0
2024-05-03 13:00:00,10908.0
2024-05-03 14:00:00,10897.0
2024-05-03 15:00:00,10864.0
2024-05-03 16:00:00,10884.0
2024-05-03 17:00:00,10883.0
2024-05-03 18:00:00,10881.0
2024-05-03 19:00:00,10879.0
2024-05-03 20:00:00,10877.0
2024-05-03 23:00:00,10863.0
2024-05-06 07:00:00,10899.0
2024-05-06 08:00:00,10897.0
2024-05-06 09:00:00,10922.0
2024-05-06 10:00:00,10946.0
2024-05-06 11:00:00,10963.0
2024-05-06 12:00:00,10965.0
2024-05-06 13:00:00,10952.0
2024-05-06 14:00:00,10926.0
2024-05-06 15:00:00,10922.0
2024-05-06 16:00:00,10927.0
2024-05-06 17:00:00,10933.0
2024-05-06 18:00:00,10943.0
2024-05-06 19:00:00,10944.0
2024-05-06 20:00:00,10944.0
2024-05-06 23:00:00,10925.0
2024-05-07 07:00:00,10988.0
2024-05-07 08:00:00,11015.0
2024-05-07 09:00:00,11033.0
2024-05-07 10:00:00,11058.0
2024-05-07 11:00:00,11069.0
2024-05-07 12:00:00,11061.0
2024-05-07 13:00:00,11076.0
2024-05-07 14:00:00,11089.0
2024-05-07 15:00:00,11102.0
2024-05-07 16:00:00,11116.0
2024-05-07 17:00:00,11105.0
2024-05-07 18:00:00,11098.0
2024-05-07 19:00:00,11103.0
2024-05-07 20:00:00,11104.0
2024-05-07 23:00:00,11117.0
2024-05-08 07:00:00,11135.0
2024-05-08 08:00:00,11165.0
2024-05-08 09:00:00,11160.0
2024-05-08 10:00:00,11173.0
2024-05-08 11:00:00,11167.0
2024-05-08 12:00:00,11173.0
2024-05-08 13:00:00,11163.0
2024-05-08 14:00:00,11190.0
2024-05-08 15:00:00,11188.0
2024-05-08 16:00:00,11186.0
2024-05-08 17:00:00,11199.0
2024-05-08 18:00:00,11196.0
2024-05-08 19:00:00,11185.0
2024-05-08 20:00:00,11187.0
2024-05-08 23:00:00,11181.0
2024-05-10 07:00:00,11269.0
2024-05-10 08:00:00,11304.0
2024-05-10 09:00:00,11322.0
2024-05-10 10:00:00,11323.0
2024-05-10 11:00:00,11320.0
2024-05-10 12:00:00,11326.0
2024-05-10 13:00:00,11324.0
2024-05-10 14:00:00,11338.0
2024-05-10 15:00:00,11351.0
2024-05-10 16:00:00,11352.0
2024-05-10 17:00:00,11351.0
2024-05-10 18:00:00,11357.0
2024-05-10 19:00:00,11351.0
2024-05-10 20:00:00,11351.0
2024-05-10 23:00:00,11347.0
2024-05-13 07:00:00,11367.0
2024-05-13 08:00:00,11383.0
2024-05-13 09:00:00,11354.0
2024-05-13 10:00:00,11376.0
2024-05-13 11:00:00,11366.0
2024-05-13 12:00:00,11363.0
2024-05-13 13:00:00,11351.0
2024-05-13 14:00:00,11376.0
2024-05-13 15:00:00,11369.0
2024-05-13 16:00:00,11323.0
2024-05-13 17:00:00,11333.0
2024-05-13 18:00:00,11328.0
2024-05-13 19:00:00,11323.0
2024-05-13 20:00:00,11324.0
2024-05-13 23:00:00,11361.0
2024-05-14 07:00:00,11350.0
2024-05-14 08:00:00,11337.0
2024-05-14 09:00:00,11345.0
2024-05-14 10:00:00,11361.0
2024-05-14 11:00:00,11352.0
2024-05-14 12:00:00,11355.0
2024-05-14 13:00:00,11386.0
2024-05-14 14:00:00,11387.0
2024-05-14 15:00:00,11401.0
2024-05-14 16:00:00,11401.0
2024-05-14 17:00:00,11391.0
2024-05-14 18:00:00,11395.0
2024-05-14 19:00:00,11419.0
2024-05-14 20:00:00,11420.0
2024-05-14 23:00:00,11401.0
2024-05-15 07:00:00,11421.0
2024-05-15 08:00:00,11437.0
2024-05-15 09:00:00,11423.0
2024-05-15 10:00:00,11433.0
2024-05-15 11:00:00,11450.0
2024-05-15 12:00:00,11445.0
2024-05-15 13:00:00,11466.0
2024-05-15 14:00:00,11503.0
2024-05-15 15:00:00,11506.0
2024-05-15 16:00:00,11514.0
2024-05-15 17:00:00,11518.0
2024-05-15 18:00:00,11507.0
2024-05-15 19:00:00,11501.0
2024-05-15 20:00:00,11500.0
2024-05-15 23:00:00,11517.0
2024-05-16 07:00:00,11556.0
2024-05-16 08:00:00,11565.0
2024-05-16 09:00:00,11551.0
2024-05-16 10:00:00,11553.0
2024-05-16 11:00:00,11551.0
2024-05-16 12:00:00,11578.0
2024-05-16 13:00:00,11584.0
2024-05-16 14:00:00,11566.0
2024-05-16 15:00:00,11572.0
2024-05-16 16:00:00,11582.0
2024-05-16 17:00:00,11578.0
2024-05-16 18:00:00,11575.0
2024-05-16 19:00:00,11576.0
2024-05-16 20:00:00,11576.0
2024-05-16 23:00:00,11562.0
2024-05-17 07:00:00,11594.0
2024-05-17 08:00:00,11623.0
2024-05-17 09:00:00,11633.0
2024-05-17 10:00:00,11635.0
2024-05-17 11:00:00,11636.0
2024-05-17 12:00:00,11625.0
2024-05-17 13:00:00,11629.0
2024-05-17 14:00:00,11636.0
2024-05-17 15:00:00,11644.0
2024-05-17 16:00:00,11658.0
2024-05-17 17:00:00,11670.0
2024-05-17 18:00:00,11667.0
2024-05-17 19:00:00,11665.0
2024-05-17 20:00:00,11666.0
2024-05-17 23:00:00,11645.0
2024-05-21 07:00:00,11660.0
2024-05-21 08:00:00,11649.0
2024-05-21 09:00:00,11647.0
2024-05-21 10:00:00,11624.0
2024-05-21 11:00:00,11628.0
2024-05-21 12:00:00,11612.0
2024-05-21 13:00:00,11602.0
2024-05-21 14:00:00,11612.0
2024-05-21 15:00:00,11615.0
2024-05-21 16:00:00,11624.0
2024-05-21 17:00:00,11625.0
2024-05-21 18:00:00,11631.0
2024-05-21 19:00:00,11627.0
2024-05-21 20:00:00,11634.0
2024-05-21 23:00:00,11625.0
2024-05-22 07:00:00,11604.0
2024-05-22 08:00:00,11599.0
2024-05-22 09:00:00,11595.0
2024-05-22 10:00:00,11610.0
2024-05-22 11:00:00,11579.0
2024-05-22 12:00:00,11562.0
2024-05-22 13:00:00,11564.0
2024-05-22 14:00:00,11569.0
2024-05-22 15:00:00,11554.0
2024-05-22 16:00:00,11565.0
2024-05-22 17:00:00,11571.0
2024-05-22 18:00:00,11568.0
2024-05-22 19:00:00,11562.0
2024-05-22 20:00:00,11566.0
2024-05-22 23:00:00,11565.0
2024-05-23 07:00:00,11564.0
2024-05-23 08:00:00,11604.0
2024-05-23 09:00:00,11604.0
2024-05-23 10:00:00,11609.0
2024-05-23 11:00:00,11622.0
2024-05-23 12:00:00,11620.0
2024-05-23 13:00:00,11616.0
2024-05-23 14:00:00,11576.0
2024-05-23 15:00:00,11562.0
2024-05-23 16:00:00,11590.0
2024-05-23 17:00:00,11573.0
2024-05-23 18:00:00,11543.0
2024-05-23 19:00:00,11523.0
2024-05-23 20:00:00,11523.0
2024-05-23 23:00:00,11581.0
2024-05-24 07:00:00,11525.0
2024-05-24 08:00:00,11515.0
2024-05-24 09:00:00,11526.0
2024-05-24 10:00:00,11528.0
2024-05-24 11:00:00,11522.0
2024-05-24 12:00:00,11531.0
2024-05-24 13:00:00,11521.0
2024-05-24 14:00:00,11535.0
2024-05-24 15:00:00,11547.0
2024-05-24 16:00:00,11548.0
2024-05-24 17:00:00,11561.0
2024-05-24 18:00:00,11560.0
2024-05-24 19:00:00,11560.0
2024-05-24 20:00:00,11560.0
2024-05-24 23:00:00,11562.0
2024-05-27 07:00:00,11559.0
2024-05-27 08:00:00,11550.0
2024-05-27 09:00:00,11555.0
2024-05-27 10:00:00,11562.0
2024-05-27 11:00:00,11543.0
2024-05-27 12:00:00,11553.0
2024-05-27 13:00:00,11570.0
2024-05-27 14:00:00,11565.0
2024-05-27 15:00:00,11579.0
2024-05-27 16:00:00,11598.0
2024-05-27 17:00:00,11599.0
2024-05-27 18:00:00,11598.0
2024-05-27 19:00:00,11598.0
2024-05-27 20:00:00,11598.0
2024-05-27 23:00:00,11578.0
2024-05-28 07:00:00,11594.0
2024-05-28 08:00:00,11584.0
2024-05-28 09:00:00,11579.0
2024-05-28 10:00:00,11568.0
2024-05-28 11:00:00,11542.0
2024-05-28 12:00:00,11529.0
2024-05-28 13:00:00,11510.0
2024-05-28 14:00:00,11486.0
2024-05-28 15:00:00,11462.0
2024-05-28 16:00:00,11474.0
2024-05-28 17:00:00,11467.0
2024-05-28 18:00:00,11454.0
2024-05-28 19:00:00,11448.0
2024-05-28 20:00:00,11449.0
2024-05-28 23:00:00,11468.0
2024-05-29 07:00:00,11425.0
2024-05-29 08:00:00,11420.0
2024-05-29 09:00:00,11448.0
2024-05-29 10:00:00,11438.0
2024-05-29 11:00:00,11445.0
2024-05-29 12:00:00,11449.0
2024-05-29 13:00:00,11422.0
2024-05-29 14:00:00,11436.0
2024-05-29 15:00:00,11412.0
2024-05-29 16:00:00,11427.0
2024-05-29 17:00:00,11433.0
2024-05-29 18:00:00,11434.0
2024-05-29 19:00:00,11423.0
2024-05-29 20:00:00,11427.0
2024-05-29 23:00:00,11412.0
2024-05-30 07:00:00,11380.0
2024-05-30 08:00:00,11406.0
2024-05-30 09:00:00,11407.0
2024-05-30 10:00:00,11409.0
2024-05-30 11:00:00,11406.0
2024-05-30 12:00:00,11403.0
2024-05-30 13:00:00,11412.0
2024-05-30 14:00:00,11472.0
2024-05-30 15:00:00,11490.0
2024-05-30 16:00:00,11510.0
2024-05-30 17:00:00,11524.0
2024-05-30 18:00:00,11524.0
2024-05-30 19:00:00,11512.0
2024-05-30 20:00:00,11509.0
2024-05-30 23:00:00,11500.0
2024-05-31 07:00:00,11518.0
2024-05-31 08:00:00,11535.0
2024-05-31 09:00:00,11553.0
2024-05-31 10:00:00,11542.0
2024-05-31 11:00:00,11572.0
2024-05-31 12:00:00,11583.0
2024-05-31 13:00:00,11606.0
2024-05-31 14:00:00,11591.0
2024-05-31 15:00:00,11613.0
2024-05-31 16:00:00,11614.0
2024-05-31 17:00:00,11607.0
2024-05-31 18:00:00,11615.0
2024-05-31 19:00:00,11615.0
2024-05-31 20:00:00,11616.0
2024-05-31 23:00:00,11632.0
2024-06-03 07:00:00,11702.0
2024-06-03 08:00:00,11636.0
2024-06-03 09:00:00,11653.0
2024-06-03 10:00:00,11650.0
2024-06-03 11:00:00,11620.0
2024-06-03 12:00:00,11645.0
2024-06-03 13:00:00,11649.0
2024-06-03 14:00:00,11639.0
2024-06-03 15:00:00,11602.0
2024-06-03 16:00:00,11613.0
2024-06-03 17:00:00,11594.0
2024-06-03 18:00:00,11601.0
2024-06-03 19:00:00,11599.0
2024-06-03 20:00:00,11604.0
2024-06-03 23:00:00,11615.0
2024-06-04 07:00:00,11616.0
2024-06-04 08:00:00,11631.0
2024-06-04 09:00:00,11598.0
2024-06-04 10:00:00,11607.0
2024-06-04 11:00:00,11628.0
2024-06-04 12:00:00,11670.0
2024-06-04 13:00:00,11678.0
2024-06-04 14:00:00,11657.0
2024-06-04 15:00:00,11625.0
2024-06-04 16:00:00,11621.0
2024-06-04 17:00:00,11637.0
2024-06-04 18:00:00,11637.0
2024-06-04 19:00:00,11654.0
2024-06-04 20:00:00,11656.0
2024-06-04 23:00:00,11635.0
2024-06-05 07:00:00,11692.0
2024-06-05 08:00:00,11714.0
2024-06-05 09:00:00,11714.0
2024-06-05 10:00:00,11723.0
2024-06-05 11:00:00,11736.0
2024-06-05 12:00:00,11740.0
2024-06-05 13:00:00,11766.0
2024-06-05 14:00:00,11725.0
2024-06-05 15:00:00,11754.0
2024-06-05 16:00:00,11776.0
2024-06-05 17:00:00,11762.0
2024-06-05 18:00:00,11767.0
2024-06-05 19:00:00,11776.0
2024-06-05 20:00:00,11787.0
2024-06-05 23:00:00,11767.0
2024-06-06 07:00:00,11795.0
2024-06-06 08:00:00,11817.0
2024-06-06 09:00:00,11838.0
2024-06-06 10:00:00,11835.0
2024-06-06 11:00:00,11849.0
2024-06-06 12:00:00,11850.0
2024-06-06 13:00:00,11847.0
2024-06-06 14:00:00,11848.0
2024-06-06 15:00:00,11845.0
2024-06-06 16:00:00,11856.0
2024-06-06 17:00:00,11844.0
2024-06-06 18:00:00,11851.0
2024-06-06 19:00:00,11850.0
2024-06-06 20:00:00,11850.0
2024-06-06 23:00:00,11860.0
2024-06-07 07:00:00,11871.0
2024-06-07 08:00:00,11852.0
2024-06-07 09:00:00,11837.0
2024-06-07 10:00:00,11854.0
2024-06-07 11:00:00,11859.0
2024-06-07 12:00:00,11870.0
2024-06-07 13:00:00,11840.0
2024-06-07 14:00:00,11881.0
2024-06-07 15:00:00,11891.0
2024-06-07 16:00:00,11865.0
2024-06-07 17:00:00,11867.0
2024-06-07 18:00:00,11854.0
2024-06-07 19:00:00,11848.0
2024-06-07 20:00:00,11846.0
2024-06-07 23:00:00,11876.0
2024-06-10 07:00:00,11772.0
2024-06-10 08:00:00,11812.0
2024-06-10 09:00:00,11759.0
2024-06-10 10:00:00,11738.0
2024-06-10 11:00:00,11769.0
2024-06-10 12:00:00,11771.0
2024-06-10 13:00:00,11758.0
2024-06-10 14:00:00,11730.0
2024-06-10 15:00:00,11711.0
2024-06-10 16:00:00,11752.0
2024-06-10 17:00:00,11754.0
2024-06-10 18:00:00,11761.0
2024-06-10 19:00:00,11767.0
2024-06-10 20:00:00,11772.0
2024-06-10 23:00:00,11740.0
2024-06-11 07:00:00,11774.0
2024-06-11 08:00:00,11756.0
2024-06-11 09:00:00,11717.0
2024-06-11 10:00:00,11687.0
2024-06-11 11:00:00,11697.0
2024-06-11 12:00:00,11669.0
2024-06-11 13:00:00,11679.0
2024-06-11 14:00:00,11673.0
2024-06-11 15:00:00,11693.0
2024-06-11 16:00:00,11681.0
2024-06-11 17:00:00,11685.0
2024-06-11 18:00:00,11693.0
2024-06-11 19:00:00,11700.0
2024-06-11 20:00:00,11680.0
2024-06-11 23:00:00,11682.0
2024-06-12 07:00:00,11707.0
2024-06-12 08:00:00,11701.0
2024-06-12 09:00:00,11716.0
2024-06-12 10:00:00,11719.0
2024-06-12 11:00:00,11716.0
2024-06-12 12:00:00,11732.0
2024-06-12 13:00:00,11758.0
2024-06-12 14:00:00,11779.0
2024-06-12 15:00:00,11785.0
2024-06-12 16:00:00,11775.0
2024-06-12 17:00:00,11782.0
2024-06-12 18:00:00,11775.0
2024-06-12 19:00:00,11780.0
2024-06-12 19:00:01,11780.0
2024-06-12 23:00:00,11799.0
2024-06-13 07:00:00,11780.0
2024-06-13 08:00:00,11801.0
2024-06-13 09:00:00,11763.0
2024-06-13 10:00:00,11751.0
2024-06-13 11:00:00,11737.0
2024-06-13 12:00:00,11731.0
2024-06-13 13:00:00,11758.0
2024-06-13 14:00:00,11715.0
2024-06-13 15:00:00,11714.0
2024-06-13 16:00:00,11723.0
2024-06-13 18:00:00,11739.0
2024-06-13 23:00:00,11717.0
2024-06-14 07:00:00,11742.0
2024-06-14 08:00:00,11707.0
2024-06-14 09:00:00,11696.0
2024-06-14 10:00:00,11649.0
2024-06-14 11:00:00,11641.0
2024-06-14 12:00:00,11669.0
2024-06-14 13:00:00,11696.0
2024-06-14 14:00:00,11675.0
2024-06-14 15:00:00,11653.0
2024-06-14 16:00:00,11662.0
2024-06-14 17:00:00,11668.0
2024-06-14 18:00:00,11664.0
2024-06-14 20:00:00,11644.0
2024-06-14 23:00:00,11669.0
2024-06-17 07:00:00,11688.0
2024-06-17 08:00:00,11649.0
2024-06-17 09:00:00,11629.0
2024-06-17 10:00:00,11620.0
2024-06-17 11:00:00,11619.0
2024-06-17 12:00:00,11629.0
2024-06-17 13:00:00,11603.0
2024-06-17 14:00:00,11616.0
2024-06-17 15:00:00,11631.0
2024-06-17 16:00:00,11624.0
2024-06-17 17:00:00,11640.0
2024-06-17 18:00:00,11660.0
2024-06-17 19:00:00,11657.0
2024-06-17 20:00:00,11664.0
2024-06-17 23:00:00,11640.0
2024-06-18 07:00:00,11682.0
2024-06-18 08:00:00,11638.0
2024-06-18 09:00:00,11645.0
2024-06-18 10:00:00,11654.0
2024-06-18 11:00:00,11663.0
2024-06-18 12:00:00,11649.0
2024-06-18 13:00:00,11659.0
2024-06-18 14:00:00,11646.0
2024-06-18 15:00:00,11669.0
2024-06-18 16:00:00,11694.0
2024-06-18 17:00:00,11698.0
2024-06-18 18:00:00,11691.0
2024-06-18 19:00:00,11684.0
2024-06-18 20:00:00,11690.0
2024-06-18 23:00:00,11669.0
2024-06-19 07:00:00,11685.0
2024-06-19 08:00:00,11690.0
2024-06-19 09:00:00,11662.0
2024-06-19 10:00:00,11684.0
2024-06-19 11:00:00,11687.0
2024-06-19 12:00:00,11689.0
2024-06-19 13:00:00,11684.0
2024-06-19 14:00:00,11671.0
2024-06-19 15:00:00,11692.0
2024-06-19 16:00:00,11698.0
2024-06-19 17:00:00,11690.0
2024-06-19 18:00:00,11687.0
2024-06-19 19:00:00,11686.0
2024-06-19 20:00:00,11696.0
2024-06-19 23:00:00,11689.0
2024-06-20 07:00:00,11689.0
2024-06-20 08:00:00,11721.0
2024-06-20 09:00:00,11715.0
2024-06-20 10:00:00,11723.0
2024-06-20 11:00:00,11700.0
2024-06-20 12:00:00,11689.0
2024-06-20 13:00:00,11674.0
2024-06-20 14:00:00,11702.0
2024-06-20 15:00:00,11727.0
2024-06-20 16:00:00,11759.0
2024-06-20 17:00:00,11756.0
2024-06-20 18:00:00,11745.0
2024-06-20 19:00:00,11759.0
2024-06-20 20:00:00,11759.0
2024-06-20 23:00:00,11738.0
2024-06-21 07:00:00,11733.0
2024-06-21 08:00:00,11684.0
2024-06-21 09:00:00,11657.0
2024-06-21 10:00:00,11634.0
2024-06-21 11:00:00,11652.0
2024-06-21 12:00:00,11620.0
2024-06-21 13:00:00,11635.0
2024-06-21 14:00:00,11655.0
2024-06-21 15:00:00,11665.0
2024-06-21 16:00:00,11643.0
2024-06-21 17:00:00,11649.0
2024-06-21 18:00:00,11646.0
2024-06-21 19:00:00,11649.0
2024-06-21 20:00:00,11654.0
2024-06-21 23:00:00,11649.0
2024-06-24 07:00:00,11626.0
2024-06-24 08:00:00,11685.0
2024-06-24 09:00:00,11706.0
2024-06-24 10:00:00,11704.0
2024-06-24 11:00:00,11722.0
2024-06-24 12:00:00,11732.0
2024-06-24 13:00:00,11732.0
2024-06-24 14:00:00,11784.0
2024-06-24 15:00:00,11794.0
2024-06-24 16:00:00,11771.0
2024-06-24 17:00:00,11767.0
2024-06-24 18:00:00,11762.0
2024-06-24 19:00:00,11773.0
2024-06-24 20:00:00,11755.0
2024-06-24 23:00:00,11785.0
2024-06-25 07:00:00,11734.0
2024-06-25 08:00:00,11705.0
2024-06-25 09:00:00,11708.0
2024-06-25 10:00:00,11717.0
2024-06-25 11:00:00,11720.0
2024-06-25 12:00:00,11722.0
2024-06-25 13:00:00,11721.0
2024-06-25 14:00:00,11676.0
2024-06-25 15:00:00,11690.0
2024-06-25 16:00:00,11710.0
2024-06-25 17:00:00,11724.0
2024-06-25 18:00:00,11749.0
2024-06-25 19:00:00,11755.0
2024-06-25 20:00:00,11745.0
2024-06-25 23:00:00,11697.0
2024-06-26 07:00:00,11767.0
2024-06-26 08:00:00,11775.0
2024-06-26 09:00:00,11764.0
2024-06-26 10:00:00,11741.0
2024-06-26 11:00:00,11709.0
2024-06-26 12:00:00,11659.0
2024-06-26 13:00:00,11620.0
2024-06-26 14:00:00,11630.0
2024-06-26 15:00:00,11643.0
2024-06-26 16:00:00,11657.0
2024-06-26 17:00:00,11655.0
2024-06-26 18:00:00,11644.0
2024-06-26 19:00:00,11648.0
2024-06-26 20:00:00,11636.0
2024-06-26 23:00:00,11631.0
2024-06-27 07:00:00,11654.0
2024-06-27 08:00:00,11659.0
2024-06-27 09:00:00,11649.0
2024-06-27 10:00:00,11628.0
2024-06-27 11:00:00,11619.0
2024-06-27 12:00:00,11630.0
2024-06-27 13:00:00,11624.0
2024-06-27 14:00:00,11640.0
2024-06-27 15:00:00,11645.0
2024-06-27 16:00:00,11633.0
2024-06-27 17:00:00,11640.0
2024-06-27 18:00:00,11639.0
2024-06-27 19:00:00,11636.0
2024-06-27 20:00:00,11649.0
2024-06-27 23:00:00,11636.0
2024-06-28 07:00:00,11662.0
2024-06-28 08:00:00,11637.0
2024-06-28 09:00:00,11647.0
2024-06-28 10:00:00,11668.0
2024-06-28 11:00:00,11674.0
2024-06-28 12:00:00,11638.0
2024-06-28 13:00:00,11614.0
2024-06-28 14:00:00,11616.0
2024-06-28 15:00:00,11624.0
2024-06-28 16:00:00,11609.0
2024-06-28 17:00:00,11602.0
2024-06-28 18:00:00,11603.0
2024-06-28 19:00:00,11593.0
2024-06-28 20:00:00,11624.0
2024-06-28 23:00:00,11603.0
2024-07-01 07:00:00,11683.0
2024-07-01 08:00:00,11664.0
2024-07-01 09:00:00,11656.0
2024-07-01 10:00:00,11675.0
2024-07-01 11:00:00,11670.0
2024-07-01 12:00:00,11671.0
2024-07-01 13:00:00,11658.0
2024-07-01 14:00:00,11700.0
2024-07-01 15:00:00,11658.0
2024-07-01 16:00:00,11644.0
2024-07-01 17:00:00,11659.0
2024-07-01 18:00:00,11662.0
2024-07-01 19:00:00,11652.0
2024-07-01 20:00:00,11663.0
2024-07-01 23:00:00,11669.0
2024-07-02 07:00:00,11613.0
2024-07-02 08:00:00,11569.0
2024-07-02 09:00:00,11575.0
2024-07-02 10:00:00,11544.0
2024-07-02 11:00:00,11556.0
2024-07-02 12:00:00,11547.0
2024-07-02 13:00:00,11573.0
2024-07-02 14:00:00,11593.0
2024-07-02 15:00:00,11612.0
2024-07-02 16:00:00,11620.0
2024-07-02 17:00:00,11620.0
2024-07-02 18:00:00,11634.0
2024-07-02 19:00:00,11640.0
2024-07-02 20:00:00,11647.0
2024-07-02 23:00:00,11623.0
2024-07-03 07:00:00,11657.0
2024-07-03 08:00:00,11626.0
2024-07-03 09:00:00,11616.0
2024-07-03 10:00:00,11656.0
2024-07-03 11:00:00,11673.0
2024-07-03 12:00:00,11667.0
2024-07-03 13:00:00,11644.0
2024-07-03 14:00:00,11644.0
2024-07-03 15:00:00,11640.0
2024-07-03 16:00:00,11641.0
2024-07-03 17:00:00,11652.0
2024-07-03 18:00:00,11656.0
2024-07-03 19:00:00,11656.0
2024-07-03 20:00:00,11655.0
2024-07-03 23:00:00,11644.0
2024-07-04 07:00:00,11622.0
2024-07-04 08:00:00,11630.0
2024-07-04 09:00:00,11649.0
2024-07-04 10:00:00,11671.0
2024-07-04 11:00:00,11697.0
2024-07-04 12:00:00,11707.0
2024-07-04 13:00:00,11704.0
2024-07-04 14:00:00,11685.0
2024-07-04 15:00:00,11683.0
2024-07-04 16:00:00,11688.0
2024-07-04 17:00:00,11686.0
2024-07-04 18:00:00,11684.0
2024-07-04 19:00:00,11685.0
2024-07-04 20:00:00,11682.0
2024-07-04 23:00:00,11698.0
2024-07-05 07:00:00,11713.0
2024-07-05 08:00:00,11706.0
2024-07-05 09:00:00,11712.0
2024-07-05 10:00:00,11716.0
2024-07-05 11:00:00,11715.0
2024-07-05 12:00:00,11700.0
2024-07-05 13:00:00,11701.0
2024-07-05 14:00:00,11642.0
2024-07-05 15:00:00,11628.0
2024-07-05 16:00:00,11623.0
2024-07-05 17:00:00,11625.0
2024-07-05 18:00:00,11639.0
2024-07-05 19:00:00,11643.0
2024-07-05 20:00:00,11641.0
2024-07-05 23:00:00,11630.0
2024-07-08 07:00:00,11613.0
2024-07-08 08:00:00,11621.0
2024-07-08 09:00:00,11653.0
2024-07-08 10:00:00,11686.0
2024-07-08 11:00:00,11661.0
2024-07-08 12:00:00,11691.0
2024-07-08 13:00:00,11710.0
2024-07-08 14:00:00,11700.0
2024-07-08 15:00:00,11672.0
2024-07-08 16:00:00,11657.0
2024-07-08 17:00:00,11655.0
2024-07-08 18:00:00,11651.0
2024-07-08 19:00:00,11659.0
2024-07-08 20:00:00,11655.0
2024-07-08 23:00:00,11674.0
2024-07-09 07:00:00,11634.0
2024-07-09 08:00:00,11696.0
2024-07-09 09:00:00,11742.0
2024-07-09 10:00:00,11754.0
2024-07-09 11:00:00,11736.0
2024-07-09 12:00:00,11737.0
2024-07-09 13:00:00,11705.0
2024-07-09 14:00:00,11679.0
2024-07-09 15:00:00,11660.0
2024-07-09 16:00:00,11669.0
2024-07-09 17:00:00,11688.0
2024-07-09 18:00:00,11674.0
2024-07-09 19:00:00,11669.0
2024-07-09 20:00:00,11672.0
2024-07-09 23:00:00,11653.0
2024-07-10 07:00:00,11656.0
2024-07-10 08:00:00,11666.0
2024-07-10 09:00:00,11673.0
2024-07-10 10:00:00,11695.0
2024-07-10 11:00:00,11686.0
2024-07-10 12:00:00,11683.0
2024-07-10 13:00:00,11686.0
2024-07-10 14:00:00,11697.0
2024-07-10 15:00:00,11742.0
2024-07-10 16:00:00,11777.0
2024-07-10 17:00:00,11779.0
2024-07-10 18:00:00,11786.0
2024-07-10 19:00:00,11787.0
2024-07-10 20:00:00,11799.0
2024-07-10 23:00:00,11757.0
2024-07-11 07:00:00,11822.0
2024-07-11 08:00:00,11872.0
2024-07-11 09:00:00,11891.0
2024-07-11 10:00:00,11882.0
2024-07-11 11:00:00,11864.0
2024-07-11 12:00:00,11844.0
2024-07-11 13:00:00,11811.0
2024-07-11 14:00:00,11865.0
2024-07-11 15:00:00,11871.0
2024-07-11 16:00:00,11861.0
2024-07-11 17:00:00,11863.0
2024-07-11 18:00:00,11859.0
2024-07-11 19:00:00,11861.0
2024-07-11 20:00:00,11855.0
2024-07-11 23:00:00,11874.0
2024-07-12 07:00:00,11877.0
2024-07-12 08:00:00,11898.0
2024-07-12 09:00:00,11922.0
2024-07-12 10:00:00,11919.0
2024-07-12 11:00:00,11948.0
2024-07-12 12:00:00,11956.0
2024-07-12 13:00:00,11946.0
2024-07-12 14:00:00,11965.0
2024-07-12 15:00:00,11974.0
2024-07-12 16:00:00,11972.0
2024-07-12 17:00:00,11976.0
2024-07-12 18:00:00,11987.0
2024-07-12 19:00:00,11980.0
2024-07-12 20:00:00,11959.0
2024-07-12 23:00:00,11982.0
2024-07-15 07:00:00,11964.0
2024-07-15 08:00:00,11990.0
2024-07-15 09:00:00,12004.0
2024-07-15 10:00:00,12021.0
2024-07-15 11:00:00,12012.0
2024-07-15 12:00:00,11994.0
2024-07-15 13:00:00,11963.0
2024-07-15 14:00:00,11940.0
2024-07-15 15:00:00,11891.0
2024-07-15 16:00:00,11894.0
2024-07-15 17:00:00,11889.0
2024-07-15 18:00:00,11876.0
2024-07-15 19:00:00,11894.0
2024-07-15 20:00:00,11876.0
2024-07-15 23:00:00,11903.0
2024-07-16 07:00:00,11837.0
2024-07-16 08:00:00,11830.0
2024-07-16 09:00:00,11829.0
2024-07-16 10:00:00,11817.0
2024-07-16 11:00:00,11815.0
2024-07-16 12:00:00,11821.0
2024-07-16 13:00:00,11850.0
2024-07-16 14:00:00,11845.0
2024-07-16 15:00:00,11868.0
2024-07-16 16:00:00,11869.0
2024-07-16 17:00:00,11876.0
2024-07-16 18:00:00,11881.0
2024-07-16 19:00:00,11892.0
2024-07-16 20:00:00,11896.0
2024-07-16 23:00:00,11875.0
2024-07-17 07:00:00,11927.0
2024-07-17 08:00:00,11907.0
2024-07-17 09:00:00,11881.0
2024-07-17 10:00:00,11900.0
2024-07-17 11:00:00,11903.0
2024-07-17 12:00:00,11902.0
2024-07-17 13:00:00,11894.0
2024-07-17 14:00:00,11942.0
2024-07-17 15:00:00,11944.0
2024-07-17 16:00:00,11932.0
2024-07-17 17:00:00,11929.0
2024-07-17 18:00:00,11929.0
2024-07-17 19:00:00,11931.0
2024-07-17 20:00:00,11934.0
2024-07-17 23:00:00,11937.0
2024-07-18 07:00:00,11918.0
2024-07-18 08:00:00,11854.0
2024-07-18 09:00:00,11886.0
2024-07-18 10:00:00,11895.0
2024-07-18 11:00:00,11906.0
2024-07-18 12:00:00,11881.0
2024-07-18 13:00:00,11896.0
2024-07-18 14:00:00,11892.0
2024-07-18 15:00:00,11867.0
2024-07-18 16:00:00,11842.0
2024-07-18 17:00:00,11855.0
2024-07-18 18:00:00,11841.0
2024-07-18 19:00:00,11823.0
2024-07-18 20:00:00,11828.0
2024-07-18 23:00:00,11867.0
2024-07-19 07:00:00,11831.0
2024-07-19 08:00:00,11799.0
2024-07-19 09:00:00,11788.0
2024-07-19 10:00:00,11801.0
2024-07-19 11:00:00,11797.0
2024-07-19 12:00:00,11821.0
2024-07-19 13:00:00,11828.0
2024-07-19 14:00:00,11803.0
2024-07-19 15:00:00,11782.0
2024-07-19 16:00:00,11806.0
2024-07-19 17:00:00,11798.0
2024-07-19 18:00:00,11797.0
2024-07-19 19:00:00,11789.0
2024-07-19 20:00:00,11789.0
2024-07-19 23:00:00,11775.0
2024-07-22 07:00:00,11822.0
2024-07-22 08:00:00,11821.0
2024-07-22 09:00:00,11866.0
2024-07-22 10:00:00,11878.0
2024-07-22 11:00:00,11892.0
2024-07-22 12:00:00,11907.0
2024-07-22 13:00:00,11917.0
2024-07-22 14:00:00,11895.0
2024-07-22 15:00:00,11911.0
2024-07-22 16:00:00,11905.0
2024-07-22 17:00:00,11920.0
2024-07-22 18:00:00,11934.0
2024-07-22 19:00:00,11934.0
2024-07-22 20:00:00,11940.0
2024-07-22 23:00:00,11906.0
2024-07-23 07:00:00,11907.0
2024-07-23 08:00:00,11860.0
2024-07-23 09:00:00,11885.0
2024-07-23 10:00:00,11920.0
2024-07-23 11:00:00,11936.0
2024-07-23 12:00:00,11923.0
2024-07-23 13:00:00,11882.0
2024-07-23 14:00:00,11859.0
2024-07-23 15:00:00,11870.0
2024-07-23 16:00:00,11879.0
2024-07-23 17:00:00,11862.0
2024-07-23 18:00:00,11862.0
2024-07-23 19:00:00,11867.0
2024-07-23 20:00:00,11853.0
2024-07-23 23:00:00,11890.0
2024-07-24 07:00:00,11803.0
2024-07-24 08:00:00,11796.0
2024-07-24 09:00:00,11805.0
2024-07-24 10:00:00,11818.0
2024-07-24 11:00:00,11816.0
2024-07-24 12:00:00,11823.0
2024-07-24 13:00:00,11811.0
2024-07-24 14:00:00,11815.0
2024-07-24 15:00:00,11808.0
2024-07-24 16:00:00,11808.0
2024-07-24 17:00:00,11806.0
2024-07-24 18:00:00,11804.0
2024-07-24 19:00:00,11783.0
2024-07-24 20:00:00,11774.0
2024-07-24 23:00:00,11799.0
2024-07-25 07:00:00,11741.0
2024-07-25 08:00:00,11701.0
2024-07-25 09:00:00,11678.0
2024-07-25 10:00:00,11666.0
2024-07-25 11:00:00,11646.0
2024-07-25 12:00:00,11639.0
2024-07-25 13:00:00,11665.0
2024-07-25 14:00:00,11694.0
2024-07-25 15:00:00,11696.0
2024-07-25 16:00:00,11720.0
2024-07-25 17:00:00,11735.0
2024-07-25 18:00:00,11730.0
2024-07-25 19:00:00,11697.0
2024-07-25 20:00:00,11688.0
2024-07-25 23:00:00,11709.0
2024-07-26 07:00:00,11661.0
2024-07-26 08:00:00,11684.0
2024-07-26 09:00:00,11733.0
2024-07-26 10:00:00,11725.0
2024-07-26 11:00:00,11752.0
2024-07-26 12:00:00,11780.0
2024-07-26 13:00:00,11782.0
2024-07-26 14:00:00,11801.0
2024-07-26 15:00:00,11845.0
2024-07-26 16:00:00,11863.0
2024-07-26 17:00:00,11884.0
2024-07-26 18:00:00,11870.0
2024-07-26 19:00:00,11868.0
2024-07-26 20:00:00,11887.0
2024-07-26 23:00:00,11841.0
2024-07-29 07:00:00,11903.0
2024-07-29 08:00:00,11840.0
2024-07-29 09:00:00,11858.0
2024-07-29 10:00:00,11886.0
2024-07-29 11:00:00,11878.0
2024-07-29 12:00:00,11876.0
2024-07-29 13:00:00,11872.0
2024-07-29 14:00:00,11856.0
2024-07-29 15:00:00,11809.0
2024-07-29 16:00:00,11836.0
2024-07-29 17:00:00,11831.0
2024-07-29 18:00:00,11824.0
2024-07-29 19:00:00,11818.0
2024-07-29 20:00:00,11830.0
2024-07-29 23:00:00,11805.0
2024-07-30 07:00:00,11831.0
2024-07-30 08:00:00,11828.0
2024-07-30 09:00:00,11809.0
2024-07-30 10:00:00,11853.0
2024-07-30 11:00:00,11872.0
2024-07-30 12:00:00,11878.0
2024-07-30 13:00:00,11883.0
2024-07-30 14:00:00,11891.0
2024-07-30 15:00:00,11880.0
2024-07-30 16:00:00,11868.0
2024-07-30 17:00:00,11848.0
2024-07-30 18:00:00,11867.0
2024-07-30 19:00:00,11872.0
2024-07-30 20:00:00,11906.0
2024-07-30 23:00:00,11878.0
2024-07-31 07:00:00,11932.0
2024-07-31 08:00:00,11948.0
2024-07-31 09:00:00,11941.0
2024-07-31 10:00:00,11936.0
2024-07-31 11:00:00,11966.0
2024-07-31 12:00:00,11956.0
2024-07-31 13:00:00,11942.0
2024-07-31 14:00:00,11892.0
2024-07-31 15:00:00,11918.0
2024-07-31 16:00:00,11920.0
2024-07-31 17:00:00,11923.0
2024-07-31 18:00:00,11909.0
2024-07-31 19:00:00,11935.0
2024-07-31 20:00:00,11883.0
2024-07-31 23:00:00,11919.0
2024-08-02 07:00:00,11658.0
2024-08-02 08:00:00,11623.0
2024-08-02 09:00:00,11626.0
2024-08-02 10:00:00,11580.0
2024-08-02 11:00:00,11566.0
2024-08-02 12:00:00,11594.0
2024-08-02 13:00:00,11572.0
2024-08-02 14:00:00,11555.0
2024-08-02 15:00:00,11441.0
2024-08-02 16:00:00,11468.0
2024-08-02 17:00:00,11460.0
2024-08-02 18:00:00,11431.0
2024-08-02 19:00:00,11461.0
2024-08-02 20:00:00,11470.0
2024-08-02 23:00:00,11451.0
2024-08-05 07:00:00,11152.0
2024-08-05 08:00:00,11166.0
2024-08-05 09:00:00,11156.0
2024-08-05 10:00:00,11163.0
2024-08-05 11:00:00,11131.0
2024-08-05 12:00:00,11075.0
2024-08-05 13:00:00,11030.0
2024-08-05 14:00:00,11106.0
2024-08-05 15:00:00,11103.0
2024-08-05 16:00:00,11094.0
2024-08-05 17:00:00,11118.0
2024-08-05 18:00:00,11109.0
2024-08-05 19:00:00,11116.0
2024-08-05 20:00:00,11078.0
2024-08-05 23:00:00,11156.0
2024-08-06 07:00:00,11168.0
2024-08-06 08:00:00,11155.0
2024-08-06 09:00:00,11098.0
2024-08-06 10:00:00,11058.0
2024-08-06 11:00:00,11093.0
2024-08-06 12:00:00,11086.0
2024-08-06 13:00:00,11007.0
2024-08-06 14:00:00,11115.0
2024-08-06 15:00:00,11109.0
2024-08-06 16:00:00,11113.0
2024-08-06 17:00:00,11144.0
2024-08-06 18:00:00,11158.0
2024-08-06 19:00:00,11178.0
2024-08-06 20:00:00,11130.0
2024-08-06 23:00:00,11109.0
2024-08-07 07:00:00,11191.0
2024-08-07 08:00:00,11225.0
2024-08-07 09:00:00,11284.0
2024-08-07 10:00:00,11347.0
2024-08-07 11:00:00,11369.0
2024-08-07 12:00:00,11374.0
2024-08-07 13:00:00,11386.0
2024-08-07 14:00:00,11441.0
2024-08-07 15:00:00,11456.0
2024-08-07 16:00:00,11442.0
2024-08-07 17:00:00,11401.0
2024-08-07 18:00:00,11352.0
2024-08-07 19:00:00,11323.0
2024-08-07 20:00:00,11331.0
2024-08-07 23:00:00,11437.0
2024-08-08 07:00:00,11366.0
2024-08-08 08:00:00,11255.0
2024-08-08 09:00:00,11266.0
2024-08-08 10:00:00,11239.0
2024-08-08 11:00:00,11261.0
2024-08-08 12:00:00,11267.0
2024-08-08 13:00:00,11318.0
2024-08-08 14:00:00,11362.0
2024-08-08 15:00:00,11419.0
2024-08-08 16:00:00,11421.0
2024-08-08 17:00:00,11421.0
2024-08-08 18:00:00,11441.0
2024-08-08 19:00:00,11452.0
2024-08-08 20:00:00,11450.0
2024-08-08 23:00:00,11395.0
2024-08-09 07:00:00,11476.0
2024-08-09 08:00:00,11466.0
2024-08-09 09:00:00,11513.0
2024-08-09 10:00:00,11496.0
2024-08-09 11:00:00,11479.0
2024-08-09 12:00:00,11461.0
2024-08-09 13:00:00,11432.0
2024-08-09 14:00:00,11445.0
2024-08-09 15:00:00,11471.0
2024-08-09 16:00:00,11438.0
2024-08-09 17:00:00,11461.0
2024-08-09 18:00:00,11485.0
2024-08-09 19:00:00,11482.0
2024-08-09 20:00:00,11501.0
2024-08-09 23:00:00,11466.0
2024-08-12 07:00:00,11507.0
2024-08-12 08:00:00,11517.0
2024-08-12 09:00:00,11465.0
2024-08-12 10:00:00,11467.0
2024-08-12 11:00:00,11472.0
2024-08-12 12:00:00,11492.0
2024-08-12 13:00:00,11483.0
2024-08-12 14:00:00,11459.0
2024-08-12 15:00:00,11498.0
2024-08-12 16:00:00,11490.0
2024-08-12 17:00:00,11459.0
2024-08-12 18:00:00,11449.0
2024-08-12 19:00:00,11455.0
2024-08-12 20:00:00,11452.0
2024-08-12 23:00:00,11481.0
2024-08-13 07:00:00,11492.0
2024-08-13 08:00:00,11487.0
2024-08-13 09:00:00,11481.0
2024-08-13 10:00:00,11463.0
2024-08-13 11:00:00,11411.0
2024-08-13 12:00:00,11436.0
2024-08-13 13:00:00,11461.0
2024-08-13 14:00:00,11486.0
2024-08-13 15:00:00,11501.0
2024-08-13 16:00:00,11525.0
2024-08-13 17:00:00,11534.0
2024-08-13 18:00:00,11528.0
2024-08-13 19:00:00,11535.0
2024-08-13 20:00:00,11547.0
2024-08-13 23:00:00,11512.0
2024-08-14 07:00:00,11608.0
2024-08-14 08:00:00,11589.0
2024-08-14 09:00:00,11607.0
2024-08-14 10:00:00,11589.0
2024-08-14 11:00:00,11583.0
2024-08-14 12:00:00,11570.0
2024-08-14 13:00:00,11595.0
2024-08-14 14:00:00,11618.0
2024-08-14 15:00:00,11646.0
2024-08-14 16:00:00,11672.0
2024-08-14 17:00:00,11671.0
2024-08-14 18:00:00,11680.0
2024-08-14 19:00:00,11681.0
2024-08-14 20:00:00,11684.0
2024-08-14 23:00:00,11661.0
2024-08-15 07:00:00,11700.0
2024-08-15 08:00:00,11713.0
2024-08-15 09:00:00,11685.0
2024-08-15 10:00:00,11670.0
2024-08-15 11:00:00,11657.0
2024-08-15 12:00:00,11661.0
2024-08-15 13:00:00,11768.0
2024-08-15 14:00:00,11764.0
2024-08-15 15:00:00,11762.0
2024-08-15 16:00:00,11765.0
2024-08-15 17:00:00,11769.0
2024-08-15 18:00:00,11774.0
2024-08-15 19:00:00,11764.0
2024-08-15 20:00:00,11772.0
2024-08-15 23:00:00,11759.0
2024-08-16 07:00:00,11758.0
2024-08-16 08:00:00,11784.0
2024-08-16 09:00:00,11801.0
2024-08-16 10:00:00,11787.0
2024-08-16 11:00:00,11775.0
2024-08-16 12:00:00,11753.0
2024-08-16 13:00:00,11735.0
2024-08-16 14:00:00,11754.0
2024-08-16 15:00:00,11766.0
2024-08-16 16:00:00,11777.0
2024-08-16 17:00:00,11783.0
2024-08-16 18:00:00,11780.0
2024-08-16 19:00:00,11784.0
2024-08-16 20:00:00,11778.0
2024-08-16 23:00:00,11775.0
2024-08-19 07:00:00,11748.0
2024-08-19 08:00:00,11800.0
2024-08-19 09:00:00,11796.0
2024-08-19 10:00:00,11814.0
2024-08-19 11:00:00,11819.0
2024-08-19 12:00:00,11812.0
2024-08-19 13:00:00,11824.0
2024-08-19 14:00:00,11847.0
2024-08-19 15:00:00,11877.0
2024-08-19 16:00:00,11869.0
2024-08-19 17:00:00,11878.0
2024-08-19 18:00:00,11875.0
2024-08-19 19:00:00,11871.0
2024-08-19 20:00:00,11865.0
2024-08-19 23:00:00,11874.0
2024-08-20 07:00:00,11878.0
2024-08-20 08:00:00,11891.0
2024-08-20 09:00:00,11897.0
2024-08-20 10:00:00,11888.0
2024-08-20 11:00:00,11904.0
2024-08-20 12:00:00,11870.0
2024-08-20 13:00:00,11872.0
2024-08-20 14:00:00,11878.0
2024-08-20 15:00:00,11865.0
2024-08-20 16:00:00,11861.0
2024-08-20 17:00:00,11833.0
2024-08-20 18:00:00,11836.0
2024-08-20 19:00:00,11841.0
2024-08-20 20:00:00,11830.0
2024-08-20 23:00:00,11863.0
2024-08-21 07:00:00,11802.0
2024-08-21 08:00:00,11830.0
2024-08-21 09:00:00,11844.0
2024-08-21 10:00:00,11849.0
2024-08-21 11:00:00,11851.0
2024-08-21 12:00:00,11853.0
2024-08-21 13:00:00,11842.0
2024-08-21 14:00:00,11843.0
2024-08-21 15:00:00,11818.0
2024-08-21 16:00:00,11821.0
2024-08-21 17:00:00,11832.0
2024-08-21 18:00:00,11828.0
2024-08-21 19:00:00,11844.0
2024-08-21 20:00:00,11848.0
2024-08-21 23:00:00,11839.0
2024-08-22 07:00:00,11846.0
2024-08-22 08:00:00,11880.0
2024-08-22 09:00:00,11912.0
2024-08-22 10:00:00,11913.0
2024-08-22 11:00:00,11915.0
2024-08-22 12:00:00,11902.0
2024-08-22 13:00:00,11919.0
2024-08-22 14:00:00,11919.0
2024-08-22 15:00:00,11906.0
2024-08-22 16:00:00,11874.0
2024-08-22 17:00:00,11880.0
2024-08-22 18:00:00,11853.0
2024-08-22 19:00:00,11827.0
2024-08-22 20:00:00,11787.0
2024-08-22 23:00:00,11916.0
2024-08-23 07:00:00,11812.0
2024-08-23 08:00:00,11848.0
2024-08-23 09:00:00,11872.0
2024-08-23 10:00:00,11885.0
2024-08-23 11:00:00,11898.0
2024-08-23 12:00:00,11883.0
2024-08-23 13:00:00,11894.0
2024-08-23 14:00:00,11883.0
2024-08-23 15:00:00,11931.0
2024-08-23 16:00:00,11908.0
2024-08-23 17:00:00,11902.0
2024-08-23 18:00:00,11892.0
2024-08-23 19:00:00,11899.0
2024-08-23 20:00:00,11929.0
2024-08-23 23:00:00,11937.0
2024-08-26 07:00:00,11911.0
2024-08-26 08:00:00,11927.0
2024-08-26 09:00:00,11933.0
2024-08-26 10:00:00,11931.0
2024-08-26 11:00:00,11941.0
2024-08-26 12:00:00,11933.0
2024-08-26 13:00:00,11944.0
2024-08-26 14:00:00,11954.0
2024-08-26 15:00:00,11932.0
2024-08-26 16:00:00,11939.0
2024-08-26 17:00:00,11950.0
2024-08-26 18:00:00,11930.0
2024-08-26 19:00:00,11944.0
2024-08-26 20:00:00,11947.0
2024-08-26 23:00:00,11945.0
2024-08-27 07:00:00,11938.0
2024-08-27 08:00:00,11941.0
2024-08-27 09:00:00,11936.0
2024-08-27 10:00:00,11898.0
2024-08-27 11:00:00,11896.0
2024-08-27 12:00:00,11909.0
2024-08-27 13:00:00,11877.0
2024-08-27 14:00:00,11883.0
2024-08-27 15:00:00,11889.0
2024-08-27 16:00:00,11886.0
2024-08-27 17:00:00,11893.0
2024-08-27 18:00:00,11900.0
2024-08-27 19:00:00,11893.0
2024-08-27 20:00:00,11888.0
2024-08-27 23:00:00,11886.0
2024-08-28 07:00:00,11906.0
2024-08-28 08:00:00,11906.0
2024-08-28 09:00:00,11933.0
2024-08-28 10:00:00,11956.0
2024-08-28 11:00:00,11973.0
2024-08-28 12:00:00,11960.0
2024-08-28 13:00:00,11945.0
2024-08-28 14:00:00,11963.0
2024-08-28 15:00:00,11939.0
2024-08-28 16:00:00,11940.0
2024-08-28 17:00:00,11927.0
2024-08-28 18:00:00,11884.0
2024-08-28 19:00:00,11902.0
2024-08-28 20:00:00,11910.0
2024-08-28 23:00:00,11927.0
2024-08-29 07:00:00,11903.0
2024-08-29 08:00:00,11947.0
2024-08-29 09:00:00,11983.0
2024-08-29 10:00:00,11990.0
2024-08-29 11:00:00,11994.0
2024-08-29 12:00:00,11986.0
2024-08-29 13:00:00,12000.0
2024-08-29 14:00:00,11972.0
2024-08-29 15:00:00,11996.0
2024-08-29 16:00:00,12026.0
2024-08-29 17:00:00,12034.0
2024-08-29 18:00:00,12030.0
2024-08-29 19:00:00,11994.0
2024-08-29 20:00:00,11994.0
2024-08-29 23:00:00,12006.0
2024-08-30 07:00:00,12001.0
2024-08-30 08:00:00,12029.0
2024-08-30 09:00:00,12035.0
2024-08-30 10:00:00,12042.0
2024-08-30 11:00:00,12048.0
2024-08-30 12:00:00,12041.0
2024-08-30 13:00:00,12027.0
2024-08-30 14:00:00,12058.0
2024-08-30 15:00:00,12032.0
2024-08-30 16:00:00,12025.0
2024-08-30 17:00:00,12026.0
2024-08-30 18:00:00,12025.0
2024-08-30 19:00:00,12038.0
2024-08-30 20:00:00,12044.0
2024-08-30 23:00:00,12028.0
2024-09-02 07:00:00,12021.0
2024-09-02 08:00:00,11977.0
2024-09-02 09:00:00,11964.0
2024-09-02 10:00:00,11977.0
2024-09-02 11:00:00,11956.0
2024-09-02 12:00:00,11981.0
2024-09-02 13:00:00,11988.0
2024-09-02 14:00:00,12010.0
2024-09-02 15:00:00,12026.0
2024-09-02 16:00:00,12045.0
2024-09-02 17:00:00,12039.0
2024-09-02 18:00:00,12035.0
2024-09-02 19:00:00,12032.0
2024-09-02 20:00:00,12033.0
2024-09-02 23:00:00,12041.0
2024-09-03 07:00:00,11997.0
2024-09-03 08:00:00,12000.0
2024-09-03 09:00:00,11976.0
2024-09-03 10:00:00,11947.0
2024-09-03 11:00:00,11957.0
2024-09-03 12:00:00,11948.0
2024-09-03 13:00:00,11935.0
2024-09-03 14:00:00,11918.0
2024-09-03 15:00:00,11906.0
2024-09-03 16:00:00,11919.0
2024-09-03 17:00:00,11916.0
2024-09-03 18:00:00,11910.0
2024-09-03 19:00:00,11885.0
2024-09-03 20:00:00,11864.0
2024-09-03 23:00:00,11912.0
2024-09-04 07:00:00,11755.0
2024-09-04 08:00:00,11790.0
2024-09-04 09:00:00,11774.0
2024-09-04 10:00:00,11801.0
2024-09-04 11:00:00,11776.0
2024-09-04 12:00:00,11779.0
2024-09-04 13:00:00,11763.0
2024-09-04 14:00:00,11762.0
2024-09-04 15:00:00,11756.0
2024-09-04 16:00:00,11742.0
2024-09-04 17:00:00,11749.0
2024-09-04 18:00:00,11733.0
2024-09-04 19:00:00,11721.0
2024-09-04 20:00:00,11735.0
2024-09-04 23:00:00,11743.0
2024-09-05 07:00:00,11689.0
2024-09-05 08:00:00,11725.0
2024-09-05 09:00:00,11703.0
2024-09-05 10:00:00,11677.0
2024-09-05 11:00:00,11669.0
2024-09-05 12:00:00,11661.0
2024-09-05 13:00:00,11646.0
2024-09-05 14:00:00,11659.0
2024-09-05 15:00:00,11651.0
2024-09-05 16:00:00,11570.0
2024-09-05 17:00:00,11592.0
2024-09-05 18:00:00,11615.0
2024-09-05 19:00:00,11613.0
2024-09-05 20:00:00,11595.0
2024-09-05 23:00:00,11626.0
2024-09-06 07:00:00,11576.0
2024-09-06 08:00:00,11546.0
2024-09-06 09:00:00,11542.0
2024-09-06 10:00:00,11573.0
2024-09-06 11:00:00,11569.0
2024-09-06 12:00:00,11596.0
2024-09-06 13:00:00,11632.0
2024-09-06 14:00:00,11619.0
2024-09-06 15:00:00,11519.0
2024-09-06 16:00:00,11450.0
2024-09-06 17:00:00,11468.0
2024-09-06 18:00:00,11481.0
2024-09-06 19:00:00,11477.0
2024-09-06 20:00:00,11466.0
2024-09-06 23:00:00,11491.0
2024-09-09 07:00:00,11523.0
2024-09-09 08:00:00,11574.0
2024-09-09 09:00:00,11560.0
2024-09-09 10:00:00,11591.0
2024-09-09 11:00:00,11522.0
2024-09-09 12:00:00,11516.0
2024-09-09 13:00:00,11522.0
2024-09-09 14:00:00,11520.0
2024-09-09 15:00:00,11551.0
2024-09-09 16:00:00,11584.0
2024-09-09 17:00:00,11604.0
2024-09-09 18:00:00,11568.0
2024-09-09 19:00:00,11563.0
2024-09-09 20:00:00,11558.0
2024-09-09 23:00:00,11543.0
2024-09-10 07:00:00,11540.0
2024-09-10 08:00:00,11607.0
2024-09-10 09:00:00,11583.0
2024-09-10 10:00:00,11586.0
2024-09-10 11:00:00,11572.0
2024-09-10 12:00:00,11580.0
2024-09-10 13:00:00,11595.0
2024-09-10 14:00:00,11525.0
2024-09-10 15:00:00,11525.0
2024-09-10 16:00:00,11489.0
2024-09-10 17:00:00,11509.0
2024-09-10 18:00:00,11532.0
2024-09-10 19:00:00,11563.0
2024-09-10 19:00:01,11563.0
2024-09-10 19:00:02,11563.0
2024-09-10 23:00:00,11553.0
2024-09-11 08:00:00,11527.0
2024-09-11 09:00:00,11487.0
2024-09-11 11:00:00,11543.0
2024-09-11 12:00:00,11573.0
2024-09-11 13:00:00,11577.0
2024-09-11 14:00:00,11528.0
2024-09-11 15:00:00,11480.0
2024-09-11 16:00:00,11446.0
2024-09-11 17:00:00,11469.0
2024-09-11 19:00:00,11512.0
2024-09-11 20:00:00,11516.0
2024-09-11 23:00:00,11513.0
2024-09-12 07:00:00,11550.0
2024-09-12 08:00:00,11546.0
2024-09-12 09:00:00,11520.0
2024-09-12 10:00:00,11558.0
2024-09-12 11:00:00,11557.0
2024-09-12 12:00:00,11571.0
2024-09-12 13:00:00,11553.0
2024-09-12 14:00:00,11522.0
2024-09-12 15:00:00,11575.0
2024-09-12 16:00:00,11561.0
2024-09-12 17:00:00,11589.0
2024-09-12 18:00:00,11606.0
2024-09-12 19:00:00,11593.0
2024-09-12 20:00:00,11605.0
2024-09-12 23:00:00,11574.0
2024-09-13 07:00:00,11595.0
2024-09-13 08:00:00,11631.0
2024-09-13 09:00:00,11629.0
2024-09-13 10:00:00,11639.0
2024-09-13 11:00:00,11635.0
2024-09-13 12:00:00,11634.0
2024-09-13 13:00:00,11614.0
2024-09-13 14:00:00,11641.0
2024-09-13 15:00:00,11638.0
2024-09-13 16:00:00,11630.0
2024-09-13 17:00:00,11624.0
2024-09-13 18:00:00,11631.0
2024-09-13 19:00:00,11618.0
2024-09-13 20:00:00,11641.0
2024-09-13 23:00:00,11619.0
2024-09-16 07:00:00,11565.0
2024-09-16 08:00:00,11609.0
2024-09-16 09:00:00,11608.0
2024-09-16 10:00:00,11602.0
2024-09-16 11:00:00,11633.0
2024-09-16 12:00:00,11622.0
2024-09-16 13:00:00,11593.0
2024-09-16 14:00:00,11603.0
2024-09-16 15:00:00,11603.0
2024-09-16 16:00:00,11589.0
2024-09-16 17:00:00,11591.0
2024-09-16 18:00:00,11615.0
2024-09-16 19:00:00,11624.0
2024-09-16 20:00:00,11639.0
2024-09-16 23:00:00,11585.0
2024-09-17 07:00:00,11625.0
2024-09-17 08:00:00,11637.0
2024-09-17 09:00:00,11631.0
2024-09-17 10:00:00,11644.0
2024-09-17 11:00:00,11649.0
2024-09-17 12:00:00,11663.0
2024-09-17 13:00:00,11691.0
2024-09-17 14:00:00,11626.0
2024-09-17 15:00:00,11622.0
2024-09-17 16:00:00,11610.0
2024-09-17 17:00:00,11566.0
2024-09-17 18:00:00,11598.0
2024-09-17 19:00:00,11592.0
2024-09-17 20:00:00,11602.0
2024-09-17 23:00:00,11617.0
2024-09-18 07:00:00,11611.0
2024-09-18 08:00:00,11595.0
2024-09-18 09:00:00,11546.0
2024-09-18 10:00:00,11534.0
2024-09-18 11:00:00,11518.0
2024-09-18 12:00:00,11554.0
2024-09-18 13:00:00,11574.0
2024-09-18 14:00:00,11541.0
2024-09-18 15:00:00,11553.0
2024-09-18 16:00:00,11547.0
2024-09-18 17:00:00,11561.0
2024-09-18 18:00:00,11571.0
2024-09-18 19:00:00,11580.0
2024-09-18 20:00:00,11567.0
2024-09-18 23:00:00,11549.0
2024-09-19 07:00:00,11658.0
2024-09-19 08:00:00,11633.0
2024-09-19 09:00:00,11654.0
2024-09-19 10:00:00,11667.0
2024-09-19 11:00:00,11691.0
2024-09-19 12:00:00,11703.0
2024-09-19 13:00:00,11687.0
2024-09-19 14:00:00,11669.0
2024-09-19 15:00:00,11643.0
2024-09-19 16:00:00,11650.0
2024-09-19 17:00:00,11658.0
2024-09-19 18:00:00,11678.0
2024-09-19 19:00:00,11654.0
2024-09-19 20:00:00,11656.0
2024-09-19 23:00:00,11653.0
2024-09-20 07:00:00,11600.0
2024-09-20 08:00:00,11625.0
2024-09-20 09:00:00,11620.0
2024-09-20 10:00:00,11588.0
2024-09-20 11:00:00,11590.0
2024-09-20 12:00:00,11585.0
2024-09-20 13:00:00,11553.0
2024-09-20 14:00:00,11524.0
2024-09-20 15:00:00,11514.0
2024-09-20 16:00:00,11508.0
2024-09-20 17:00:00,11518.0
2024-09-20 18:00:00,11527.0
2024-09-20 19:00:00,11521.0
2024-09-20 20:00:00,11512.0
2024-09-20 23:00:00,11513.0
2024-09-23 07:00:00,11502.0
2024-09-23 08:00:00,11559.0
2024-09-23 09:00:00,11550.0
2024-09-23 10:00:00,11549.0
2024-09-23 11:00:00,11546.0
2024-09-23 12:00:00,11545.0
2024-09-23 13:00:00,11552.0
2024-09-23 14:00:00,11578.0
2024-09-23 15:00:00,11563.0
2024-09-23 16:00:00,11540.0
2024-09-23 17:00:00,11532.0
2024-09-23 18:00:00,11540.0
2024-09-23 19:00:00,11557.0
2024-09-23 20:00:00,11549.0
2024-09-23 23:00:00,11546.0
2024-09-24 07:00:00,11610.0
2024-09-24 08:00:00,11644.0
2024-09-24 09:00:00,11639.0
2024-09-24 10:00:00,11625.0
2024-09-24 11:00:00,11627.0
2024-09-24 12:00:00,11594.0
2024-09-24 13:00:00,11615.0
2024-09-24 14:00:00,11600.0
2024-09-24 15:00:00,11596.0
2024-09-24 16:00:00,11635.0
2024-09-24 17:00:00,11630.0
2024-09-24 18:00:00,11624.0
2024-09-24 19:00:00,11628.0
2024-09-24 20:00:00,11628.0
2024-09-24 23:00:00,11608.0
2024-09-25 07:00:00,11618.0
2024-09-25 08:00:00,11667.0
2024-09-25 09:00:00,11693.0
2024-09-25 10:00:00,11685.0
2024-09-25 11:00:00,11726.0
2024-09-25 12:00:00,11717.0
2024-09-25 13:00:00,11725.0
2024-09-25 14:00:00,11716.0
2024-09-25 15:00:00,11718.0
2024-09-25 16:00:00,11735.0
2024-09-25 17:00:00,11733.0
2024-09-25 18:00:00,11731.0
2024-09-25 19:00:00,11730.0
2024-09-25 20:00:00,11721.0
2024-09-25 23:00:00,11721.0
2024-09-26 07:00:00,11819.0
2024-09-26 08:00:00,11789.0
2024-09-26 09:00:00,11779.0
2024-09-26 10:00:00,11776.0
2024-09-26 11:00:00,11746.0
2024-09-26 12:00:00,11737.0
2024-09-26 13:00:00,11771.0
2024-09-26 14:00:00,11800.0
2024-09-26 15:00:00,11764.0
2024-09-26 16:00:00,11806.0
2024-09-26 17:00:00,11807.0
2024-09-26 18:00:00,11818.0
2024-09-26 19:00:00,11821.0
2024-09-26 20:00:00,11822.0
2024-09-26 23:00:00,11780.0
2024-09-27 07:00:00,11805.0
2024-09-27 08:00:00,11787.0
2024-09-27 09:00:00,11800.0
2024-09-27 10:00:00,11808.0
2024-09-27 11:00:00,11811.0
2024-09-27 12:00:00,11830.0
2024-09-27 13:00:00,11820.0
2024-09-27 14:00:00,11812.0
2024-09-27 15:00:00,11830.0
2024-09-27 16:00:00,11798.0
2024-09-27 17:00:00,11780.0
2024-09-27 18:00:00,11780.0
2024-09-27 19:00:00,11771.0
2024-09-27 20:00:00,11767.0
2024-09-27 23:00:00,11820.0
2024-09-30 07:00:00,11745.0
2024-09-30 08:00:00,11795.0
2024-09-30 09:00:00,11772.0
2024-09-30 10:00:00,11783.0
2024-09-30 11:00:00,11771.0
2024-09-30 12:00:00,11760.0
2024-09-30 13:00:00,11763.0
2024-09-30 14:00:00,11778.0
2024-09-30 15:00:00,11772.0
2024-09-30 16:00:00,11744.0
2024-09-30 17:00:00,11742.0
2024-09-30 18:00:00,11747.0
2024-09-30 19:00:00,11756.0
2024-09-30 20:00:00,11770.0
2024-09-30 23:00:00,11753.0
2024-10-01 07:00:00,11809.0
2024-10-01 08:00:00,11785.0
2024-10-01 09:00:00,11804.0
2024-10-01 10:00:00,11781.0
2024-10-01 11:00:00,11796.0
2024-10-01 12:00:00,11793.0
2024-10-01 13:00:00,11796.0
2024-10-01 14:00:00,11695.0
2024-10-01 15:00:00,11679.0
2024-10-01 16:00:00,11661.0
2024-10-01 17:00:00,11666.0
2024-10-01 18:00:00,11687.0
2024-10-01 19:00:00,11718.0
2024-10-01 20:00:00,11695.0
2024-10-01 23:00:00,11655.0
2024-10-02 07:00:00,11657.0
2024-10-02 08:00:00,11723.0
2024-10-02 09:00:00,11710.0
2024-10-02 10:00:00,11664.0
2024-10-02 11:00:00,11667.0
2024-10-02 12:00:00,11648.0
2024-10-02 13:00:00,11684.0
2024-10-02 14:00:00,11670.0
2024-10-02 15:00:00,11680.0
2024-10-02 16:00:00,11710.0
2024-10-02 17:00:00,11688.0
2024-10-02 18:00:00,11699.0
2024-10-02 19:00:00,11700.0
2024-10-02 20:00:00,11688.0
2024-10-02 23:00:00,11692.0
2024-10-03 07:00:00,11697.0
2024-10-03 08:00:00,11627.0
2024-10-03 09:00:00,11630.0
2024-10-03 10:00:00,11637.0
2024-10-03 11:00:00,11633.0
2024-10-03 12:00:00,11639.0
2024-10-03 13:00:00,11601.0
2024-10-03 14:00:00,11587.0
2024-10-03 15:00:00,11585.0
2024-10-03 16:00:00,11600.0
2024-10-03 17:00:00,11581.0
2024-10-03 18:00:00,11578.0
2024-10-03 19:00:00,11578.0
2024-10-03 20:00:00,11587.0
2024-10-03 23:00:00,11573.0
2024-10-04 07:00:00,11567.0
2024-10-04 08:00:00,11581.0
2024-10-04 09:00:00,11543.0
2024-10-04 10:00:00,11559.0
2024-10-04 11:00:00,11537.0
2024-10-04 12:00:00,11548.0
2024-10-04 13:00:00,11606.0
2024-10-04 14:00:00,11581.0
2024-10-04 15:00:00,11593.0
2024-10-04 16:00:00,11604.0
2024-10-04 17:00:00,11617.0
2024-10-04 18:00:00,11608.0
2024-10-04 19:00:00,11616.0
2024-10-04 20:00:00,11638.0
2024-10-04 23:00:00,11579.0
2024-10-07 07:00:00,11615.0
2024-10-07 08:00:00,11568.0
2024-10-07 09:00:00,11552.0
2024-10-07 10:00:00,11570.0
2024-10-07 11:00:00,11573.0
2024-10-07 12:00:00,11594.0
2024-10-07 13:00:00,11602.0
2024-10-07 14:00:00,11575.0
2024-10-07 15:00:00,11586.0
2024-10-07 16:00:00,11567.0
2024-10-07 17:00:00,11563.0
2024-10-07 18:00:00,11564.0
2024-10-07 19:00:00,11521.0
2024-10-07 20:00:00,11536.0
2024-10-07 23:00:00,11572.0
2024-10-08 07:00:00,11491.0
2024-10-08 08:00:00,11496.0
2024-10-08 09:00:00,11519.0
2024-10-08 10:00:00,11554.0
2024-10-08 11:00:00,11588.0
2024-10-08 12:00:00,11595.0
2024-10-08 13:00:00,11609.0
2024-10-08 14:00:00,11609.0
2024-10-08 15:00:00,11592.0
2024-10-08 16:00:00,11599.0
2024-10-08 17:00:00,11600.0
2024-10-08 18:00:00,11586.0
2024-10-08 19:00:00,11595.0
2024-10-08 20:00:00,11586.0
2024-10-08 23:00:00,11594.0
2024-10-09 07:00:00,11568.0
2024-10-09 08:00:00,11609.0
2024-10-09 09:00:00,11580.0
2024-10-09 10:00:00,11606.0
2024-10-09 11:00:00,11620.0
2024-10-09 12:00:00,11628.0
2024-10-09 13:00:00,11605.0
2024-10-09 14:00:00,11660.0
2024-10-09 15:00:00,11672.0
2024-10-09 16:00:00,11700.0
2024-10-09 17:00:00,11706.0
2024-10-09 18:00:00,11707.0
2024-10-09 19:00:00,11715.0
2024-10-09 20:00:00,11716.0
2024-10-09 23:00:00,11685.0
2024-10-10 07:00:00,11696.0
2024-10-10 08:00:00,11691.0
2024-10-10 09:00:00,11690.0
2024-10-10 10:00:00,11704.0
2024-10-10 11:00:00,11674.0
2024-10-10 12:00:00,11712.0
2024-10-10 13:00:00,11683.0
2024-10-10 14:00:00,11657.0
2024-10-10 15:00:00,11647.0
2024-10-10 16:00:00,11659.0
2024-10-10 17:00:00,11647.0
2024-10-10 18:00:00,11647.0
2024-10-10 19:00:00,11629.0
2024-10-10 20:00:00,11654.0
2024-10-10 23:00:00,11652.0
2024-10-11 07:00:00,11651.0
2024-10-11 08:00:00,11660.0
2024-10-11 09:00:00,11653.0
2024-10-11 10:00:00,11647.0
2024-10-11 11:00:00,11656.0
2024-10-11 12:00:00,11665.0
2024-10-11 13:00:00,11680.0
2024-10-11 14:00:00,11730.0
2024-10-11 15:00:00,11725.0
2024-10-11 16:00:00,11736.0
2024-10-11 17:00:00,11735.0
2024-10-11 18:00:00,11748.0
2024-10-11 19:00:00,11753.0
2024-10-11 20:00:00,11765.0
2024-10-11 23:00:00,11731.0
2024-10-14 07:00:00,11756.0
2024-10-14 08:00:00,11824.0
2024-10-14 09:00:00,11774.0
2024-10-14 10:00:00,11771.0
2024-10-14 11:00:00,11767.0
2024-10-14 12:00:00,11781.0
2024-10-14 13:00:00,11809.0
2024-10-14 14:00:00,11830.0
2024-10-14 15:00:00,11829.0
2024-10-14 16:00:00,11861.0
2024-10-14 17:00:00,11868.0
2024-10-14 18:00:00,11865.0
2024-10-14 19:00:00,11881.0
2024-10-14 20:00:00,11874.0
2024-10-14 23:00:00,11839.0
2024-10-15 07:00:00,11869.0
2024-10-15 08:00:00,11861.0
2024-10-15 09:00:00,11826.0
2024-10-15 10:00:00,11820.0
2024-10-15 11:00:00,11841.0
2024-10-15 12:00:00,11836.0
2024-10-15 13:00:00,11822.0
2024-10-15 14:00:00,11835.0
2024-10-15 15:00:00,11800.0
2024-10-15 16:00:00,11784.0
2024-10-15 17:00:00,11787.0
2024-10-15 18:00:00,11789.0
2024-10-15 19:00:00,11773.0
2024-10-15 20:00:00,11767.0
2024-10-15 23:00:00,11816.0
2024-10-16 07:00:00,11713.0
2024-10-16 08:00:00,11757.0
2024-10-16 09:00:00,11751.0
2024-10-16 10:00:00,11750.0
2024-10-16 11:00:00,11745.0
2024-10-16 12:00:00,11749.0
2024-10-16 13:00:00,11746.0
2024-10-16 14:00:00,11780.0
2024-10-16 15:00:00,11780.0
2024-10-16 16:00:00,11763.0
2024-10-16 17:00:00,11769.0
2024-10-16 18:00:00,11801.0
2024-10-16 19:00:00,11794.0
2024-10-16 20:00:00,11795.0
2024-10-16 23:00:00,11770.0
2024-10-17 07:00:00,11725.0
2024-10-17 08:00:00,11709.0
2024-10-17 09:00:00,11811.0
2024-10-17 10:00:00,11831.0
2024-10-17 11:00:00,11878.0
2024-10-17 12:00:00,11863.0
2024-10-17 13:00:00,11900.0
2024-10-17 14:00:00,11883.0
2024-10-17 15:00:00,11883.0
2024-10-17 16:00:00,11886.0
2024-10-17 17:00:00,11892.0
2024-10-17 18:00:00,11889.0
2024-10-17 19:00:00,11873.0
2024-10-17 20:00:00,11884.0
2024-10-17 23:00:00,11881.0
2024-10-18 07:00:00,11856.0
2024-10-18 08:00:00,11919.0
2024-10-18 09:00:00,11874.0
2024-10-18 10:00:00,11894.0
2024-10-18 11:00:00,11876.0
2024-10-18 12:00:00,11884.0
2024-10-18 13:00:00,11866.0
2024-10-18 14:00:00,11871.0
2024-10-18 15:00:00,11903.0
2024-10-18 16:00:00,11911.0
2024-10-18 17:00:00,11907.0
2024-10-18 18:00:00,11915.0
2024-10-18 19:00:00,11918.0
2024-10-18 20:00:00,11913.0
2024-10-18 23:00:00,11910.0
2024-10-21 07:00:00,11874.0
2024-10-21 08:00:00,11909.0
2024-10-21 09:00:00,11898.0
2024-10-21 10:00:00,11879.0
2024-10-21 11:00:00,11841.0
2024-10-21 12:00:00,11832.0
2024-10-21 13:00:00,11845.0
2024-10-21 14:00:00,11861.0
2024-10-21 15:00:00,11852.0
2024-10-21 16:00:00,11843.0
2024-10-21 17:00:00,11835.0
2024-10-21 18:00:00,11827.0
2024-10-21 19:00:00,11810.0
2024-10-21 20:00:00,11819.0
2024-10-21 23:00:00,11825.0
2024-10-22 07:00:00,11800.0
2024-10-22 08:00:00,11760.0
2024-10-22 09:00:00,11743.0
2024-10-22 10:00:00,11711.0
2024-10-22 11:00:00,11705.0
2024-10-22 12:00:00,11698.0
2024-10-22 13:00:00,11710.0
2024-10-22 14:00:00,11737.0
2024-10-22 15:00:00,11749.0
2024-10-22 16:00:00,11742.0
2024-10-22 17:00:00,11727.0
2024-10-22 18:00:00,11737.0
2024-10-22 19:00:00,11727.0
2024-10-22 20:00:00,11730.0
2024-10-22 23:00:00,11738.0
2024-10-23 07:00:00,11737.0
2024-10-23 08:00:00,11739.0
2024-10-23 09:00:00,11702.0
2024-10-23 10:00:00,11713.0
2024-10-23 11:00:00,11678.0
2024-10-23 12:00:00,11709.0
2024-10-23 13:00:00,11719.0
2024-10-23 14:00:00,11753.0
2024-10-23 15:00:00,11748.0
2024-10-23 16:00:00,11733.0
2024-10-23 17:00:00,11716.0
2024-10-23 18:00:00,11694.0
2024-10-23 19:00:00,11699.0
2024-10-23 20:00:00,11710.0
2024-10-23 23:00:00,11726.0
2024-10-24 07:00:00,11745.0
2024-10-24 08:00:00,11776.0
2024-10-24 09:00:00,11782.0
2024-10-24 10:00:00,11779.0
2024-10-24 11:00:00,11767.0
2024-10-24 12:00:00,11772.0
2024-10-24 13:00:00,11758.0
2024-10-24 14:00:00,11785.0
2024-10-24 15:00:00,11755.0
2024-10-24 16:00:00,11739.0
2024-10-24 17:00:00,11729.0
2024-10-24 18:00:00,11719.0
2024-10-24 19:00:00,11720.0
2024-10-24 20:00:00,11741.0
2024-10-24 23:00:00,11746.0
2024-10-25 07:00:00,11723.0
2024-10-25 08:00:00,11735.0
2024-10-25 09:00:00,11750.0
2024-10-25 10:00:00,11750.0
2024-10-25 11:00:00,11725.0
2024-10-25 12:00:00,11731.0
2024-10-25 13:00:00,11739.0
2024-10-25 14:00:00,11729.0
2024-10-25 15:00:00,11754.0
2024-10-25 16:00:00,11747.0
2024-10-25 17:00:00,11750.0
2024-10-25 18:00:00,11717.0
2024-10-25 19:00:00,11730.0
2024-10-25 20:00:00,11731.0
2024-10-25 23:00:00,11747.0
2024-10-28 07:00:00,11779.0
2024-10-28 08:00:00,11792.0
2024-10-28 09:00:00,11774.0
2024-10-28 10:00:00,11740.0
2024-10-28 11:00:00,11742.0
2024-10-28 12:00:00,11775.0
2024-10-28 13:00:00,11789.0
2024-10-28 14:00:00,11808.0
2024-10-28 15:00:00,11801.0
2024-10-28 16:00:00,11815.0
2024-10-28 17:00:00,11827.0
2024-10-28 18:00:00,11829.0
2024-10-28 19:00:00,11824.0
2024-10-28 20:00:00,11819.0
2024-10-28 23:00:00,11816.0
2024-10-29 07:00:00,11805.0
2024-10-29 08:00:00,11769.0
2024-10-29 09:00:00,11782.0
2024-10-29 10:00:00,11745.0
2024-10-29 11:00:00,11742.0
2024-10-29 12:00:00,11740.0
2024-10-29 13:00:00,11733.0
2024-10-29 14:00:00,11694.0
2024-10-29 15:00:00,11683.0
2024-10-29 16:00:00,11679.0
2024-10-29 17:00:00,11667.0
2024-10-29 18:00:00,11673.0
2024-10-29 19:00:00,11669.0
2024-10-29 20:00:00,11660.0
2024-10-29 23:00:00,11675.0
2024-10-30 07:00:00,11640.0
2024-10-30 08:00:00,11625.0
2024-10-30 09:00:00,11608.0
2024-10-30 10:00:00,11584.0
2024-10-30 11:00:00,11543.0
2024-10-30 12:00:00,11540.0
2024-10-30 13:00:00,11558.0
2024-10-30 14:00:00,11564.0
2024-10-30 15:00:00,11545.0
2024-10-30 16:00:00,11526.0
2024-10-30 17:00:00,11520.0
2024-10-30 18:00:00,11520.0
2024-10-30 19:00:00,11508.0
2024-10-30 20:00:00,11497.0
2024-10-30 23:00:00,11531.0
2024-10-31 07:00:00,11464.0
2024-10-31 08:00:00,11436.0
2024-10-31 09:00:00,11421.0
2024-10-31 10:00:00,11409.0
2024-10-31 11:00:00,11396.0
2024-10-31 12:00:00,11406.0
2024-10-31 13:00:00,11356.0
2024-10-31 14:00:00,11317.0
2024-10-31 15:00:00,11334.0
2024-10-31 16:00:00,11369.0
2024-10-31 17:00:00,11375.0
2024-10-31 18:00:00,11371.0
2024-10-31 19:00:00,11369.0
2024-10-31 20:00:00,11372.0
2024-10-31 23:00:00,11344.0
2024-11-01 07:00:00,11393.0
2024-11-01 08:00:00,11424.0
2024-11-01 09:00:00,11436.0
2024-11-01 10:00:00,11463.0
2024-11-01 11:00:00,11498.0
2024-11-01 12:00:00,11506.0
2024-11-01 13:00:00,11502.0
2024-11-01 14:00:00,11539.0
2024-11-01 15:00:00,11551.0
2024-11-01 16:00:00,11531.0
2024-11-01 17:00:00,11531.0
2024-11-01 18:00:00,11538.0
2024-11-01 19:00:00,11531.0
2024-11-01 20:00:00,11539.0
2024-11-01 23:00:00,11552.0
2024-11-04 07:00:00,11497.0
2024-11-04 08:00:00,11520.0
2024-11-04 09:00:00,11522.0
2024-11-04 10:00:00,11535.0
2024-11-04 11:00:00,11535.0
2024-11-04 12:00:00,11539.0
2024-11-04 13:00:00,11503.0
2024-11-04 14:00:00,11478.0
2024-11-04 15:00:00,11499.0
2024-11-04 16:00:00,11438.0
2024-11-04 17:00:00,11459.0
2024-11-04 18:00:00,11472.0
2024-11-04 19:00:00,11480.0
2024-11-04 20:00:00,11458.0
2024-11-04 23:00:00,11478.0
2024-11-05 07:00:00,11482.0
2024-11-05 08:00:00,11485.0
2024-11-05 09:00:00,11473.0
2024-11-05 10:00:00,11462.0
2024-11-05 11:00:00,11445.0
2024-11-05 12:00:00,11433.0
2024-11-05 13:00:00,11440.0
2024-11-05 14:00:00,11421.0
2024-11-05 15:00:00,11439.0
2024-11-05 16:00:00,11436.0
2024-11-05 17:00:00,11458.0
2024-11-05 18:00:00,11450.0
2024-11-05 19:00:00,11439.0
2024-11-05 20:00:00,11455.0
2024-11-05 23:00:00,11433.0
2024-11-06 07:00:00,11587.0
2024-11-06 08:00:00,11686.0
2024-11-06 09:00:00,11615.0
2024-11-06 10:00:00,11627.0
2024-11-06 11:00:00,11587.0
2024-11-06 12:00:00,11583.0
2024-11-06 13:00:00,11516.0
2024-11-06 14:00:00,11415.0
2024-11-06 15:00:00,11422.0
2024-11-06 16:00:00,11412.0
2024-11-06 17:00:00,11423.0
2024-11-06 18:00:00,11447.0
2024-11-06 19:00:00,11442.0
2024-11-06 20:00:00,11448.0
2024-11-06 23:00:00,11414.0
2024-11-07 07:00:00,11428.0
2024-11-07 08:00:00,11500.0
2024-11-07 09:00:00,11512.0
2024-11-07 10:00:00,11509.0
2024-11-07 11:00:00,11546.0
2024-11-07 12:00:00,11525.0
2024-11-07 13:00:00,11518.0
2024-11-07 14:00:00,11541.0
2024-11-07 15:00:00,11520.0
2024-11-07 16:00:00,11495.0
2024-11-07 17:00:00,11508.0
2024-11-07 18:00:00,11494.0
2024-11-07 19:00:00,11511.0
2024-11-07 20:00:00,11514.0
2024-11-07 23:00:00,11504.0
2024-11-08 07:00:00,11476.0
2024-11-08 08:00:00,11455.0
2024-11-08 09:00:00,11393.0
2024-11-08 10:00:00,11367.0
2024-11-08 11:00:00,11374.0
2024-11-08 12:00:00,11398.0
2024-11-08 13:00:00,11390.0
2024-11-08 14:00:00,11381.0
2024-11-08 15:00:00,11382.0
2024-11-08 16:00:00,11342.0
2024-11-08 17:00:00,11358.0
2024-11-08 18:00:00,11371.0
2024-11-08 19:00:00,11392.0
2024-11-08 20:00:00,11383.0
2024-11-08 23:00:00,11367.0
2024-11-11 07:00:00,11434.0
2024-11-11 08:00:00,11494.0
2024-11-11 09:00:00,11492.0
2024-11-11 10:00:00,11472.0
2024-11-11 11:00:00,11481.0
2024-11-11 12:00:00,11484.0
2024-11-11 13:00:00,11507.0
2024-11-11 14:00:00,11482.0
2024-11-11 15:00:00,11492.0
2024-11-11 16:00:00,11489.0
2024-11-11 17:00:00,11474.0
2024-11-11 18:00:00,11466.0
2024-11-11 19:00:00,11470.0
2024-11-11 20:00:00,11453.0
2024-11-11 23:00:00,11480.0
2024-11-12 07:00:00,11393.0
2024-11-12 08:00:00,11374.0
2024-11-12 09:00:00,11385.0
2024-11-12 10:00:00,11352.0
2024-11-12 11:00:00,11352.0
2024-11-12 12:00:00,11347.0
2024-11-12 13:00:00,11366.0
2024-11-12 14:00:00,11348.0
2024-11-12 15:00:00,11288.0
2024-11-12 16:00:00,11230.0
2024-11-12 17:00:00,11227.0
2024-11-12 18:00:00,11263.0
2024-11-12 19:00:00,11281.0
2024-11-12 20:00:00,11275.0
2024-11-12 23:00:00,11265.0
2024-11-13 07:00:00,11248.0
2024-11-13 08:00:00,11264.0
2024-11-13 09:00:00,11279.0
2024-11-13 10:00:00,11252.0
2024-11-13 11:00:00,11221.0
2024-11-13 12:00:00,11206.0
2024-11-13 13:00:00,11240.0
2024-11-13 14:00:00,11209.0
2024-11-13 15:00:00,11232.0
2024-11-13 16:00:00,11257.0
2024-11-13 17:00:00,11277.0
2024-11-13 18:00:00,11282.0
2024-11-13 19:00:00,11258.0
2024-11-13 20:00:00,11274.0
2024-11-13 23:00:00,11250.0
2024-11-14 07:00:00,11240.0
2024-11-14 08:00:00,11222.0
2024-11-14 09:00:00,11240.0
2024-11-14 10:00:00,11264.0
2024-11-14 11:00:00,11289.0
2024-11-14 12:00:00,11310.0
2024-11-14 13:00:00,11325.0
2024-11-14 14:00:00,11342.0
2024-11-14 15:00:00,11336.0
2024-11-14 16:00:00,11337.0
2024-11-14 17:00:00,11332.0
2024-11-14 18:00:00,11323.0
2024-11-14 19:00:00,11331.0
2024-11-14 20:00:00,11309.0
2024-11-14 23:00:00,11349.0
2024-11-15 07:00:00,11217.0
2024-11-15 08:00:00,11251.0
2024-11-15 09:00:00,11271.0
2024-11-15 10:00:00,11263.0
2024-11-15 11:00:00,11224.0
2024-11-15 12:00:00,11231.0
2024-11-15 13:00:00,11206.0
2024-11-15 14:00:00,11198.0
2024-11-15 15:00:00,11171.0
2024-11-15 16:00:00,11161.0
2024-11-15 17:00:00,11152.0
2024-11-15 18:00:00,11147.0
2024-11-15 19:00:00,11159.0
2024-11-15 20:00:00,11182.0
2024-11-15 23:00:00,11182.0
2024-11-18 07:00:00,11174.0
2024-11-18 08:00:00,11179.0
2024-11-18 09:00:00,11166.0
2024-11-18 10:00:00,11189.0
2024-11-18 11:00:00,11169.0
2024-11-18 12:00:00,11154.0
2024-11-18 13:00:00,11142.0
2024-11-18 14:00:00,11157.0
2024-11-18 15:00:00,11194.0
2024-11-18 16:00:00,11199.0
2024-11-18 17:00:00,11206.0
2024-11-18 18:00:00,11195.0
2024-11-18 19:00:00,11184.0
2024-11-18 20:00:00,11180.0
2024-11-18 23:00:00,11194.0
2024-11-19 07:00:00,11228.0
2024-11-19 08:00:00,11162.0
2024-11-19 09:00:00,11074.0
2024-11-19 10:00:00,11086.0
2024-11-19 11:00:00,11084.0
2024-11-19 12:00:00,11093.0
2024-11-19 13:00:00,10999.0
2024-11-19 14:00:00,11030.0
2024-11-19 15:00:00,11078.0
2024-11-19 16:00:00,11108.0
2024-11-19 17:00:00,11113.0
2024-11-19 18:00:00,11131.0
2024-11-19 19:00:00,11110.0
2024-11-19 20:00:00,11117.0
2024-11-19 23:00:00,11088.0
2024-11-20 07:00:00,11164.0
2024-11-20 08:00:00,11178.0
2024-11-20 09:00:00,11178.0
2024-11-20 10:00:00,11155.0
2024-11-20 11:00:00,11145.0
2024-11-20 12:00:00,11161.0
2024-11-20 13:00:00,11146.0
2024-11-20 14:00:00,11092.0
2024-11-20 15:00:00,11115.0
2024-11-20 16:00:00,11122.0
2024-11-20 17:00:00,11116.0
2024-11-20 18:00:00,11104.0
2024-11-20 19:00:00,11111.0
2024-11-20 20:00:00,11139.0
2024-11-20 23:00:00,11098.0
2024-11-21 07:00:00,11096.0
2024-11-21 08:00:00,11086.0
2024-11-21 09:00:00,11091.0
2024-11-21 10:00:00,11094.0
2024-11-21 11:00:00,11123.0
2024-11-21 12:00:00,11116.0
2024-11-21 13:00:00,11107.0
2024-11-21 14:00:00,11123.0
2024-11-21 15:00:00,11163.0
2024-11-21 16:00:00,11143.0
2024-11-21 17:00:00,11172.0
2024-11-21 18:00:00,11180.0
2024-11-21 19:00:00,11175.0
2024-11-21 20:00:00,11173.0
2024-11-21 23:00:00,11158.0
2024-11-22 07:00:00,11188.0
2024-11-22 08:00:00,11227.0
2024-11-22 09:00:00,11208.0
2024-11-22 10:00:00,11220.0
2024-11-22 11:00:00,11232.0
2024-11-22 12:00:00,11250.0
2024-11-22 13:00:00,11283.0
2024-11-22 14:00:00,11316.0
2024-11-22 15:00:00,11293.0
2024-11-22 16:00:00,11295.0
2024-11-22 17:00:00,11296.0
2024-11-22 18:00:00,11298.0
2024-11-22 19:00:00,11299.0
2024-11-22 20:00:00,11289.0
2024-11-22 23:00:00,11282.0
2024-11-25 07:00:00,11276.0
2024-11-25 08:00:00,11280.0
2024-11-25 09:00:00,11284.0
2024-11-25 10:00:00,11253.0
2024-11-25 11:00:00,11239.0
2024-11-25 12:00:00,11253.0
2024-11-25 13:00:00,11261.0
2024-11-25 14:00:00,11250.0
2024-11-25 15:00:00,11250.0
2024-11-25 16:00:00,11202.0
2024-11-25 17:00:00,11213.0
2024-11-25 18:00:00,11223.0
2024-11-25 19:00:00,11222.0
2024-11-25 20:00:00,11208.0
2024-11-25 23:00:00,11251.0
2024-11-26 07:00:00,11187.0
2024-11-26 08:00:00,11154.0
2024-11-26 09:00:00,11184.0
2024-11-26 10:00:00,11189.0
2024-11-26 11:00:00,11217.0
2024-11-26 12:00:00,11244.0
2024-11-26 13:00:00,11224.0
2024-11-26 14:00:00,11214.0
2024-11-26 15:00:00,11191.0
2024-11-26 16:00:00,11184.0
2024-11-26 17:00:00,11183.0
2024-11-26 18:00:00,11183.0
2024-11-26 19:00:00,11183.0
2024-11-26 20:00:00,11187.0
2024-11-26 23:00:00,11186.0
2024-11-27 07:00:00,11189.0
2024-11-27 08:00:00,11195.0
2024-11-27 09:00:00,11186.0
2024-11-27 10:00:00,11179.0
2024-11-27 11:00:00,11165.0
2024-11-27 12:00:00,11172.0
2024-11-27 13:00:00,11186.0
2024-11-27 14:00:00,11189.0
2024-11-27 15:00:00,11178.0
2024-11-27 16:00:00,11194.0
2024-11-27 17:00:00,11195.0
2024-11-27 18:00:00,11202.0
2024-11-27 19:00:00,11190.0
2024-11-27 20:00:00,11201.0
2024-11-27 23:00:00,11182.0
2024-11-28 07:00:00,11206.0
2024-11-28 08:00:00,11245.0
2024-11-28 09:00:00,11277.0
2024-11-28 10:00:00,11246.0
2024-11-28 11:00:00,11229.0
2024-11-28 12:00:00,11220.0
2024-11-28 13:00:00,11227.0
2024-11-28 14:00:00,11239.0
2024-11-28 15:00:00,11242.0
2024-11-28 16:00:00,11278.0
2024-11-28 17:00:00,11279.0
2024-11-28 18:00:00,11272.0
2024-11-28 19:00:00,11275.0
2024-11-28 20:00:00,11277.0
2024-11-28 23:00:00,11252.0
2024-11-29 07:00:00,11262.0
2024-11-29 08:00:00,11263.0
2024-11-29 09:00:00,11270.0
2024-11-29 10:00:00,11268.0
2024-11-29 11:00:00,11277.0
2024-11-29 12:00:00,11260.0
2024-11-29 13:00:00,11218.0
2024-11-29 14:00:00,11241.0
2024-11-29 15:00:00,11276.0
2024-11-29 16:00:00,11324.0
2024-11-29 17:00:00,11344.0
2024-11-29 18:00:00,11336.0
2024-11-29 19:00:00,11335.0
2024-11-29 20:00:00,11330.0
2024-11-29 23:00:00,11302.0
2024-12-02 07:00:00,11279.0
2024-12-02 08:00:00,11319.0
2024-12-02 09:00:00,11339.0
2024-12-02 10:00:00,11356.0
2024-12-02 11:00:00,11381.0
2024-12-02 12:00:00,11403.0
2024-12-02 13:00:00,11394.0
2024-12-02 14:00:00,11348.0
2024-12-02 15:00:00,11362.0
2024-12-02 16:00:00,11387.0
2024-12-02 17:00:00,11393.0
2024-12-02 18:00:00,11391.0
2024-12-02 19:00:00,11400.0
2024-12-02 20:00:00,11396.0
2024-12-02 23:00:00,11390.0
2024-12-03 07:00:00,11380.0
2024-12-03 08:00:00,11423.0
2024-12-03 09:00:00,11420.0
2024-12-03 10:00:00,11388.0
2024-12-03 11:00:00,11382.0
2024-12-03 12:00:00,11390.0
2024-12-03 13:00:00,11376.0
2024-12-03 14:00:00,11368.0
2024-12-03 15:00:00,11372.0
2024-12-03 16:00:00,11368.0
2024-12-03 17:00:00,11384.0
2024-12-03 18:00:00,11374.0
2024-12-03 19:00:00,11381.0
2024-12-03 20:00:00,11376.0
2024-12-03 23:00:00,11380.0
2024-12-04 07:00:00,11367.0
2024-12-04 08:00:00,11370.0
2024-12-04 09:00:00,11347.0
2024-12-04 10:00:00,11329.0
2024-12-04 11:00:00,11342.0
2024-12-04 12:00:00,11340.0
2024-12-04 13:00:00,11353.0
2024-12-04 14:00:00,11327.0
2024-12-04 15:00:00,11332.0
2024-12-04 16:00:00,11346.0
2024-12-04 17:00:00,11331.0
2024-12-04 18:00:00,11324.0
2024-12-04 19:00:00,11333.0
2024-12-04 20:00:00,11329.0
2024-12-04 23:00:00,11332.0
2024-12-05 07:00:00,11346.0
2024-12-05 08:00:00,11369.0
2024-12-05 09:00:00,11336.0
2024-12-05 10:00:00,11335.0
2024-12-05 11:00:00,11351.0
2024-12-05 12:00:00,11326.0
2024-12-05 13:00:00,11328.0
2024-12-05 14:00:00,11324.0
2024-12-05 15:00:00,11335.0
2024-12-05 16:00:00,11329.0
2024-12-05 17:00:00,11342.0
2024-12-05 18:00:00,11323.0
2024-12-05 19:00:00,11325.0
2024-12-05 20:00:00,11308.0
2024-12-05 23:00:00,11331.0
2024-12-06 07:00:00,11305.0
2024-12-06 08:00:00,11328.0
2024-12-06 09:00:00,11329.0
2024-12-06 10:00:00,11336.0
2024-12-06 11:00:00,11328.0
2024-12-06 12:00:00,11331.0
2024-12-06 13:00:00,11350.0
2024-12-06 14:00:00,11334.0
2024-12-06 15:00:00,11324.0
2024-12-06 16:00:00,11335.0
2024-12-06 17:00:00,11327.0
2024-12-06 18:00:00,11336.0
2024-12-06 19:00:00,11326.0
2024-12-06 20:00:00,11325.0
2024-12-06 23:00:00,11327.0
2024-12-09 07:00:00,11373.0
2024-12-09 08:00:00,11329.0
2024-12-09 09:00:00,11316.0
2024-12-09 10:00:00,11301.0
2024-12-09 11:00:00,11301.0
2024-12-09 12:00:00,11310.0
2024-12-09 13:00:00,11341.0
2024-12-09 14:00:00,11352.0
2024-12-09 15:00:00,11311.0
2024-12-09 16:00:00,11319.0
2024-12-09 17:00:00,11313.0
2024-12-09 18:00:00,11327.0
2024-12-09 19:00:00,11317.0
2024-12-09 20:00:00,11286.0
2024-12-09 23:00:00,11308.0
2024-12-10 07:00:00,11275.0
2024-12-10 08:00:00,11263.0
2024-12-10 09:00:00,11249.0
2024-12-10 10:00:00,11264.0
2024-12-10 11:00:00,11276.0
2024-12-10 12:00:00,11259.0
2024-12-10 13:00:00,11252.0
2024-12-10 14:00:00,11235.0
2024-12-10 15:00:00,11220.0
2024-12-10 16:00:00,11178.0
2024-12-10 17:00:00,11181.0
2024-12-10 18:00:00,11179.0
2024-12-10 19:00:00,11178.0
2024-12-10 20:00:00,11155.0
2024-12-10 23:00:00,11197.0
2024-12-11 07:00:00,11171.0
2024-12-11 08:00:00,11201.0
2024-12-11 09:00:00,11209.0
2024-12-11 10:00:00,11215.0
2024-12-11 11:00:00,11221.0
2024-12-11 12:00:00,11228.0
2024-12-11 13:00:00,11238.0
2024-12-11 14:00:00,11238.0
2024-12-11 15:00:00,11228.0
2024-12-11 16:00:00,11232.0
2024-12-11 17:00:00,11239.0
2024-12-11 18:00:00,11232.0
2024-12-11 19:00:00,11241.0
2024-12-11 20:00:00,11245.0
2024-12-11 23:00:00,11232.0
2024-12-12 07:00:00,11229.0
2024-12-12 08:00:00,11317.0
2024-12-12 09:00:00,11269.0
2024-12-12 10:00:00,11251.0
2024-12-12 11:00:00,11233.0
2024-12-12 12:00:00,11239.0
2024-12-12 13:00:00,11274.0
2024-12-12 14:00:00,11293.0
2024-12-12 15:00:00,11280.0
2024-12-12 16:00:00,11261.0
2024-12-12 17:00:00,11256.0
2024-12-12 18:00:00,11250.0
2024-12-12 19:00:00,11248.0
2024-12-12 20:00:00,11245.0
2024-12-12 23:00:00,11265.0
2024-12-13 07:00:00,11253.0
2024-12-13 08:00:00,11266.0
2024-12-13 09:00:00,11252.0
2024-12-13 10:00:00,11272.0
2024-12-13 11:00:00,11277.0
2024-12-13 12:00:00,11266.0
2024-12-13 13:00:00,11282.0
2024-12-13 14:00:00,11251.0
2024-12-13 15:00:00,11230.0
2024-12-13 16:00:00,11242.0
2024-12-13 17:00:00,11245.0
2024-12-13 18:00:00,11244.0
2024-12-13 19:00:00,11244.0
2024-12-13 20:00:00,11244.0
2024-12-13 23:00:00,11233.0
2024-12-16 07:00:00,11230.0
2024-12-16 08:00:00,11212.0
2024-12-16 09:00:00,11216.0
2024-12-16 10:00:00,11221.0
2024-12-16 11:00:00,11207.0
2024-12-16 12:00:00,11201.0
2024-12-16 13:00:00,11210.0
2024-12-16 14:00:00,11227.0
2024-12-16 15:00:00,11249.0
2024-12-16 16:00:00,11267.0
2024-12-16 17:00:00,11263.0
2024-12-16 18:00:00,11253.0
2024-12-16 19:00:00,11256.0
2024-12-16 19:00:01,11256.0
2024-12-16 20:00:00,11229.0
2024-12-16 23:00:00,11238.0
2024-12-17 07:00:00,11197.0
2024-12-17 08:00:00,11220.0
2024-12-17 09:00:00,11233.0
2024-12-17 10:00:00,11261.0
2024-12-17 11:00:00,11253.0
2024-12-17 12:00:00,11228.0
2024-12-17 13:00:00,11248.0
2024-12-17 14:00:00,11276.0
2024-12-17 15:00:00,11291.0
2024-12-17 16:00:00,11313.0
2024-12-17 17:00:00,11320.0
2024-12-17 18:00:00,11305.0
2024-12-17 19:00:00,11281.0
2024-12-17 20:00:00,11267.0
2024-12-17 23:00:00,11291.0
2024-12-18 07:00:00,11257.0
2024-12-18 08:00:00,11237.0
2024-12-18 09:00:00,11241.0
2024-12-18 10:00:00,11235.0
2024-12-18 11:00:00,11230.0
2024-12-18 12:00:00,11220.0
2024-12-18 13:00:00,11214.0
2024-12-18 14:00:00,11198.0
2024-12-18 15:00:00,11208.0
2024-12-18 16:00:00,11196.0
2024-12-18 17:00:00,11201.0
2024-12-18 18:00:00,11193.0
2024-12-18 19:00:00,11131.0
2024-12-18 20:00:00,11049.0
2024-12-18 23:00:00,11196.0
2024-12-19 07:00:00,11035.0
2024-12-19 08:00:00,11048.0
2024-12-19 09:00:00,11008.0
2024-12-19 10:00:00,10956.0
2024-12-19 11:00:00,10981.0
2024-12-19 12:00:00,11007.0
2024-12-19 13:00:00,10983.0
2024-12-19 14:00:00,10959.0
2024-12-19 15:00:00,10958.0
2024-12-19 16:00:00,10949.0
2024-12-19 17:00:00,10962.0
2024-12-19 18:00:00,10986.0
2024-12-19 19:00:00,10956.0
2024-12-19 20:00:00,10942.0
2024-12-19 23:00:00,10946.0
2024-12-20 07:00:00,10849.0
2024-12-20 08:00:00,10831.0
2024-12-20 09:00:00,10848.0
2024-12-20 10:00:00,10814.0
2024-12-20 11:00:00,10824.0
2024-12-20 12:00:00,10838.0
2024-12-20 13:00:00,10822.0
2024-12-20 14:00:00,10865.0
2024-12-20 15:00:00,10913.0
2024-12-20 16:00:00,10951.0
2024-12-20 17:00:00,10962.0
2024-12-20 18:00:00,10937.0
2024-12-20 19:00:00,10944.0
2024-12-20 20:00:00,10909.0
2024-12-20 23:00:00,10936.0
2024-12-23 07:00:00,10914.0
2024-12-23 08:00:00,10948.0
2024-12-23 09:00:00,10992.0
2024-12-23 10:00:00,11001.0
2024-12-23 11:00:00,10988.0
2024-12-23 12:00:00,11024.0
2024-12-23 13:00:00,11006.0
2024-12-23 14:00:00,11032.0
2024-12-23 15:00:00,11004.0
2024-12-23 16:00:00,11057.0
2024-12-23 17:00:00,11057.0
2024-12-23 18:00:00,11065.0
2024-12-23 19:00:00,11062.0
2024-12-23 20:00:00,11083.0
2024-12-23 23:00:00,11026.0
2024-12-27 07:00:00,11055.0
2024-12-27 08:00:00,11064.0
2024-12-27 09:00:00,11097.0
2024-12-27 10:00:00,11096.0
2024-12-27 11:00:00,11097.0
2024-12-27 12:00:00,11117.0
2024-12-27 13:00:00,11075.0
2024-12-27 14:00:00,11131.0
2024-12-27 15:00:00,11138.0
2024-12-27 16:00:00,11103.0
2024-12-27 17:00:00,11110.0
2024-12-27 18:00:00,11141.0
2024-12-27 19:00:00,11152.0
2024-12-27 20:00:00,11139.0
2024-12-27 23:00:00,11126.0
2024-12-30 07:00:00,11121.0
2024-12-30 08:00:00,11107.0
2024-12-30 09:00:00,11120.0
2024-12-30 10:00:00,11136.0
2024-12-30 11:00:00,11164.0
2024-12-30 12:00:00,11143.0
2024-12-30 13:00:00,11119.0
2024-12-30 14:00:00,11093.0
2024-12-30 15:00:00,11100.0
2024-12-30 16:00:00,11132.0
2024-12-30 17:00:00,11151.0
2024-12-30 18:00:00,11152.0
2024-12-30 19:00:00,11152.0
2024-12-30 20:00:00,11116.0
2024-12-30 23:00:00,11121.0
2025-01-03 07:00:00,11177.0
2025-01-03 08:00:00,11123.0
2025-01-03 09:00:00,11158.0
2025-01-03 10:00:00,11123.0
2025-01-03 11:00:00,11139.0
2025-01-03 12:00:00,11133.0
2025-01-03 13:00:00,11129.0
2025-01-03 14:00:00,11127.0
2025-01-03 15:00:00,11145.0
2025-01-03 16:00:00,11158.0
2025-01-03 17:00:00,11159.0
2025-01-03 18:00:00,11158.0
2025-01-03 19:00:00,11168.0
2025-01-03 20:00:00,11171.0
2025-01-03 23:00:00,11137.0
2025-01-06 07:00:00,11188.0
2025-01-06 08:00:00,11162.0
2025-01-06 09:00:00,11153.0
2025-01-06 10:00:00,11136.0
2025-01-06 11:00:00,11202.0
2025-01-06 12:00:00,11203.0
2025-01-06 13:00:00,11198.0
2025-01-06 14:00:00,11155.0
2025-01-06 15:00:00,11197.0
2025-01-06 16:00:00,11237.0
2025-01-06 17:00:00,11223.0
2025-01-06 18:00:00,11202.0
2025-01-06 19:00:00,11195.0
2025-01-06 20:00:00,11183.0
2025-01-06 23:00:00,11210.0
2025-01-07 07:00:00,11217.0
2025-01-07 08:00:00,11255.0
2025-01-07 09:00:00,11271.0
2025-01-07 10:00:00,11299.0
2025-01-07 11:00:00,11275.0
2025-01-07 12:00:00,11320.0
2025-01-07 13:00:00,11335.0
2025-01-07 14:00:00,11341.0
2025-01-07 15:00:00,11338.0
2025-01-07 16:00:00,11355.0
2025-01-07 17:00:00,11372.0
2025-01-07 18:00:00,11377.0
2025-01-07 19:00:00,11358.0
2025-01-07 20:00:00,11359.0
2025-01-07 23:00:00,11356.0
2025-01-08 07:00:00,11365.0
2025-01-08 08:00:00,11400.0
2025-01-08 09:00:00,11429.0
2025-01-08 10:00:00,11459.0
2025-01-08 11:00:00,11401.0
2025-01-08 12:00:00,11348.0
2025-01-08 13:00:00,11360.0
2025-01-08 14:00:00,11339.0
2025-01-08 15:00:00,11397.0
2025-01-08 16:00:00,11412.0
2025-01-08 17:00:00,11392.0
2025-01-08 18:00:00,11401.0
2025-01-08 19:00:00,11419.0
2025-01-08 20:00:00,11429.0
2025-01-08 23:00:00,11394.0
2025-01-09 07:00:00,11408.0
2025-01-09 08:00:00,11440.0
2025-01-09 09:00:00,11436.0
2025-01-09 10:00:00,11454.0
2025-01-09 11:00:00,11454.0
2025-01-09 12:00:00,11492.0
2025-01-09 13:00:00,11496.0
2025-01-09 14:00:00,11488.0
2025-01-09 15:00:00,11479.0
2025-01-09 16:00:00,11456.0
2025-01-09 17:00:00,11452.0
2025-01-09 18:00:00,11451.0
2025-01-09 19:00:00,11449.0
2025-01-09 20:00:00,11445.0
2025-01-09 23:00:00,11463.0
2025-01-10 07:00:00,11421.0
2025-01-10 08:00:00,11418.0
2025-01-10 09:00:00,11416.0
2025-01-10 10:00:00,11419.0
2025-01-10 11:00:00,11408.0
2025-01-10 12:00:00,11394.0
2025-01-10 13:00:00,11359.0
2025-01-10 14:00:00,11355.0
2025-01-10 15:00:00,11335.0
2025-01-10 16:00:00,11315.0
2025-01-10 17:00:00,11338.0
2025-01-10 18:00:00,11371.0
2025-01-10 19:00:00,11352.0
2025-01-10 20:00:00,11331.0
2025-01-10 23:00:00,11316.0
2025-01-13 07:00:00,11275.0
2025-01-13 08:00:00,11225.0
2025-01-13 09:00:00,11196.0
2025-01-13 10:00:00,11207.0
2025-01-13 11:00:00,11197.0
2025-01-13 12:00:00,11209.0
2025-01-13 13:00:00,11207.0
2025-01-13 14:00:00,11235.0
2025-01-13 15:00:00,11262.0
2025-01-13 16:00:00,11230.0
2025-01-13 17:00:00,11254.0
2025-01-13 18:00:00,11270.0
2025-01-13 19:00:00,11275.0
2025-01-13 20:00:00,11290.0
2025-01-13 23:00:00,11250.0
2025-01-14 07:00:00,11291.0
2025-01-14 08:00:00,11292.0
2025-01-14 09:00:00,11288.0
2025-01-14 10:00:00,11316.0
2025-01-14 11:00:00,11307.0
2025-01-14 12:00:00,11277.0
2025-01-14 13:00:00,11270.0
2025-01-14 14:00:00,11223.0
2025-01-14 15:00:00,11243.0
2025-01-14 16:00:00,11200.0
2025-01-14 17:00:00,11227.0
2025-01-14 18:00:00,11263.0
2025-01-14 19:00:00,11239.0
2025-01-14 20:00:00,11252.0
2025-01-14 23:00:00,11228.0
2025-01-15 07:00:00,11235.0
2025-01-15 08:00:00,11205.0
2025-01-15 09:00:00,11209.0
2025-01-15 10:00:00,11245.0
2025-01-15 11:00:00,11265.0
2025-01-15 12:00:00,11239.0
2025-01-15 13:00:00,11316.0
2025-01-15 14:00:00,11317.0
2025-01-15 15:00:00,11299.0
2025-01-15 16:00:00,11311.0
2025-01-15 17:00:00,11325.0
2025-01-15 18:00:00,11326.0
2025-01-15 19:00:00,11328.0
2025-01-15 20:00:00,11317.0
2025-01-15 23:00:00,11312.0
2025-01-16 07:00:00,11420.0
2025-01-16 08:00:00,11386.0
2025-01-16 09:00:00,11408.0
2025-01-16 10:00:00,11409.0
2025-01-16 11:00:00,11417.0
2025-01-16 12:00:00,11413.0
2025-01-16 13:00:00,11419.0
2025-01-16 14:00:00,11406.0
2025-01-16 15:00:00,11445.0
2025-01-16 16:00:00,11475.0
2025-01-16 17:00:00,11472.0
2025-01-16 18:00:00,11463.0
2025-01-16 19:00:00,11484.0
2025-01-16 20:00:00,11449.0
2025-01-16 23:00:00,11462.0
2025-01-17 07:00:00,11488.0
2025-01-17 08:00:00,11507.0
2025-01-17 09:00:00,11506.0
2025-01-17 10:00:00,11504.0
2025-01-17 11:00:00,11514.0
2025-01-17 12:00:00,11526.0
2025-01-17 13:00:00,11508.0
2025-01-17 14:00:00,11509.0
2025-01-17 15:00:00,11517.0
2025-01-17 16:00:00,11521.0
2025-01-17 17:00:00,11521.0
2025-01-17 18:00:00,11514.0
2025-01-17 19:00:00,11518.0
2025-01-17 20:00:00,11514.0
2025-01-17 23:00:00,11519.0
2025-01-20 07:00:00,11498.0
2025-01-20 08:00:00,11553.0
2025-01-20 09:00:00,11564.0
2025-01-20 10:00:00,11545.0
2025-01-20 11:00:00,11519.0
2025-01-20 12:00:00,11518.0
2025-01-20 13:00:00,11550.0
2025-01-20 14:00:00,11576.0
2025-01-20 15:00:00,11550.0
2025-01-20 16:00:00,11551.0
2025-01-20 17:00:00,11536.0
2025-01-20 18:00:00,11539.0
2025-01-20 19:00:00,11548.0
2025-01-20 20:00:00,11539.0
2025-01-20 23:00:00,11554.0
2025-01-21 07:00:00,11541.0
2025-01-21 08:00:00,11562.0
2025-01-21 09:00:00,11566.0
2025-01-21 10:00:00,11564.0
2025-01-21 11:00:00,11566.0
2025-01-21 12:00:00,11560.0
2025-01-21 13:00:00,11598.0
2025-01-21 14:00:00,11614.0
2025-01-21 15:00:00,11618.0
2025-01-21 16:00:00,11645.0
2025-01-21 17:00:00,11655.0
2025-01-21 18:00:00,11657.0
2025-01-21 19:00:00,11662.0
2025-01-21 20:00:00,11692.0
2025-01-21 23:00:00,11637.0
2025-01-22 07:00:00,11718.0
2025-01-22 08:00:00,11744.0
2025-01-22 09:00:00,11738.0
2025-01-22 10:00:00,11734.0
2025-01-22 11:00:00,11751.0
2025-01-22 12:00:00,11748.0
2025-01-22 13:00:00,11747.0
2025-01-22 14:00:00,11734.0
2025-01-22 15:00:00,11714.0
2025-01-22 16:00:00,11738.0
2025-01-22 17:00:00,11726.0
2025-01-22 18:00:00,11727.0
2025-01-22 19:00:00,11726.0
2025-01-22 20:00:00,11719.0
2025-01-22 23:00:00,11717.0
2025-01-23 07:00:00,11732.0
2025-01-23 08:00:00,11716.0
2025-01-23 09:00:00,11714.0
2025-01-23 10:00:00,11740.0
2025-01-23 11:00:00,11742.0
2025-01-23 12:00:00,11756.0
2025-01-23 13:00:00,11772.0
2025-01-23 14:00:00,11745.0
2025-01-23 15:00:00,11764.0
2025-01-23 16:00:00,11789.0
2025-01-23 17:00:00,11804.0
2025-01-23 18:00:00,11809.0
2025-01-23 19:00:00,11815.0
2025-01-23 20:00:00,11835.0
2025-01-23 23:00:00,11782.0
2025-01-24 07:00:00,11853.0
2025-01-24 08:00:00,11852.0
2025-01-24 09:00:00,11831.0
2025-01-24 10:00:00,11835.0
2025-01-24 11:00:00,11808.0
2025-01-24 12:00:00,11826.0
2025-01-24 13:00:00,11826.0
2025-01-24 14:00:00,11805.0
2025-01-24 15:00:00,11800.0
2025-01-24 16:00:00,11807.0
2025-01-24 17:00:00,11810.0
2025-01-24 18:00:00,11810.0
2025-01-24 19:00:00,11818.0
2025-01-24 20:00:00,11812.0
2025-01-24 23:00:00,11805.0
2025-01-27 07:00:00,11737.0
2025-01-27 08:00:00,11804.0
2025-01-27 09:00:00,11842.0
2025-01-27 10:00:00,11820.0
2025-01-27 11:00:00,11837.0
2025-01-27 12:00:00,11869.0
2025-01-27 13:00:00,11872.0
2025-01-27 14:00:00,11940.0
2025-01-27 15:00:00,11949.0
2025-01-27 16:00:00,11966.0
2025-01-27 17:00:00,11970.0
2025-01-27 18:00:00,11982.0
2025-01-27 19:00:00,12000.0
2025-01-27 20:00:00,12035.0
2025-01-27 23:00:00,11959.0
2025-01-28 07:00:00,12003.0
2025-01-28 08:00:00,12031.0
2025-01-28 09:00:00,12059.0
2025-01-28 10:00:00,12038.0
2025-01-28 11:00:00,12021.0
2025-01-28 12:00:00,12028.0
2025-01-28 13:00:00,12035.0
2025-01-28 14:00:00,12000.0
2025-01-28 15:00:00,12017.0
2025-01-28 16:00:00,11964.0
2025-01-28 17:00:00,11989.0
2025-01-28 18:00:00,11997.0
2025-01-28 19:00:00,12013.0
2025-01-28 20:00:00,12008.0
2025-01-28 23:00:00,11999.0
2025-01-29 07:00:00,11998.0
2025-01-29 08:00:00,12010.0
2025-01-29 09:00:00,12042.0
2025-01-29 10:00:00,12064.0
2025-01-29 11:00:00,12060.0
2025-01-29 12:00:00,12040.0
2025-01-29 13:00:00,12051.0
2025-01-29 14:00:00,12069.0
2025-01-29 15:00:00,12070.0
2025-01-29 16:00:00,12053.0
2025-01-29 17:00:00,12050.0
2025-01-29 18:00:00,12037.0
2025-01-29 19:00:00,12047.0
2025-01-29 20:00:00,12050.0
2025-01-29 23:00:00,12058.0
2025-01-30 07:00:00,12062.0
2025-01-30 08:00:00,12113.0
2025-01-30 09:00:00,12075.0
2025-01-30 10:00:00,12091.0
2025-01-30 11:00:00,12121.0
2025-01-30 12:00:00,12114.0
2025-01-30 13:00:00,12133.0
2025-01-30 14:00:00,12118.0
2025-01-30 15:00:00,12130.0
2025-01-30 16:00:00,12140.0
2025-01-30 17:00:00,12154.0
2025-01-30 18:00:00,12171.0
2025-01-30 19:00:00,12196.0
2025-01-30 20:00:00,12185.0
2025-01-30 23:00:00,12134.0
2025-01-31 07:00:00,12225.0
2025-01-31 08:00:00,12199.0
2025-01-31 09:00:00,12194.0
2025-01-31 10:00:00,12215.0
2025-01-31 11:00:00,12216.0
2025-01-31 12:00:00,12189.0
2025-01-31 13:00:00,12178.0
2025-01-31 14:00:00,12179.0
2025-01-31 15:00:00,12144.0
2025-01-31 16:00:00,12124.0
2025-01-31 17:00:00,12130.0
2025-01-31 18:00:00,12087.0
2025-01-31 19:00:00,12079.0
2025-01-31 20:00:00,12073.0
2025-01-31 23:00:00,12134.0
2025-02-03 07:00:00,11908.0
2025-02-03 08:00:00,11983.0
2025-02-03 09:00:00,11984.0
2025-02-03 10:00:00,12015.0
2025-02-03 11:00:00,12002.0
2025-02-03 12:00:00,11997.0
2025-02-03 13:00:00,12020.0
2025-02-03 14:00:00,11996.0
2025-02-03 15:00:00,12062.0
2025-02-03 16:00:00,12043.0
2025-02-03 17:00:00,12029.0
2025-02-03 18:00:00,12073.0
2025-02-03 19:00:00,12086.0
2025-02-03 20:00:00,12049.0
2025-02-03 23:00:00,12059.0
2025-02-04 07:00:00,12081.0
2025-02-04 08:00:00,11988.0
2025-02-04 09:00:00,11989.0
2025-02-04 10:00:00,12004.0
2025-02-04 11:00:00,12007.0
2025-02-04 12:00:00,12015.0
2025-02-04 13:00:00,12007.0
2025-02-04 14:00:00,12010.0
2025-02-04 15:00:00,11978.0
2025-02-04 16:00:00,11994.0
2025-02-04 17:00:00,12007.0
2025-02-04 18:00:00,11986.0
2025-02-04 19:00:00,11995.0
2025-02-04 20:00:00,11989.0
2025-02-04 23:00:00,11988.0
2025-02-05 07:00:00,11967.0
2025-02-05 08:00:00,12002.0
2025-02-05 09:00:00,11991.0
2025-02-05 10:00:00,12025.0
2025-02-05 11:00:00,12056.0
2025-02-05 12:00:00,12058.0
2025-02-05 13:00:00,12077.0
2025-02-05 14:00:00,12050.0
2025-02-05 15:00:00,12092.0
2025-02-05 16:00:00,12117.0
2025-02-05 17:00:00,12116.0
2025-02-05 18:00:00,12143.0
2025-02-05 19:00:00,12140.0
2025-02-05 20:00:00,12135.0
2025-02-05 23:00:00,12084.0
2025-02-06 07:00:00,12146.0
2025-02-06 08:00:00,12144.0
2025-02-06 09:00:00,12156.0
2025-02-06 10:00:00,12124.0
2025-02-06 11:00:00,12118.0
2025-02-06 12:00:00,12138.0
2025-02-06 13:00:00,12117.0
2025-02-06 14:00:00,12150.0
2025-02-06 15:00:00,12122.0
2025-02-06 16:00:00,12145.0
2025-02-06 17:00:00,12142.0
2025-02-06 18:00:00,12125.0
2025-02-06 19:00:00,12110.0
2025-02-06 20:00:00,12116.0
2025-02-06 23:00:00,12143.0
2025-02-07 07:00:00,12136.0
2025-02-07 08:00:00,12150.0
2025-02-07 09:00:00,12171.0
2025-02-07 10:00:00,12145.0
2025-02-07 11:00:00,12167.0
2025-02-07 12:00:00,12163.0
2025-02-07 13:00:00,12194.0
2025-02-07 14:00:00,12185.0
2025-02-07 15:00:00,12145.0
2025-02-07 16:00:00,12110.0
2025-02-07 17:00:00,12112.0
2025-02-07 18:00:00,12103.0
2025-02-07 19:00:00,12102.0
2025-02-07 20:00:00,12093.0
2025-02-07 23:00:00,12129.0
2025-02-10 07:00:00,12104.0
2025-02-10 08:00:00,12121.0
2025-02-10 09:00:00,12114.0
2025-02-10 10:00:00,12122.0
2025-02-10 11:00:00,12113.0
2025-02-10 12:00:00,12133.0
2025-02-10 13:00:00,12154.0
2025-02-10 14:00:00,12143.0
2025-02-10 15:00:00,12153.0
2025-02-10 16:00:00,12161.0
2025-02-10 17:00:00,12166.0
2025-02-10 18:00:00,12166.0
2025-02-10 19:00:00,12175.0
2025-02-10 20:00:00,12183.0
2025-02-10 23:00:00,12152.0
2025-02-11 07:00:00,12152.0
2025-02-11 08:00:00,12170.0
2025-02-11 09:00:00,12164.0
2025-02-11 10:00:00,12166.0
2025-02-11 11:00:00,12196.0
2025-02-11 12:00:00,12208.0
2025-02-11 13:00:00,12218.0
2025-02-11 14:00:00,12209.0
2025-02-11 15:00:00,12229.0
2025-02-11 16:00:00,12207.0
2025-02-11 17:00:00,12204.0
2025-02-11 18:00:00,12213.0
2025-02-11 19:00:00,12241.0
2025-02-11 20:00:00,12236.0
2025-02-11 23:00:00,12226.0
2025-02-12 07:00:00,12219.0
2025-02-12 08:00:00,12231.0
2025-02-12 09:00:00,12225.0
2025-02-12 10:00:00,12222.0
2025-02-12 11:00:00,12212.0
2025-02-12 12:00:00,12216.0
2025-02-12 13:00:00,12167.0
2025-02-12 14:00:00,12183.0
2025-02-12 15:00:00,12229.0
2025-02-12 16:00:00,12248.0
2025-02-12 17:00:00,12271.0
2025-02-12 18:00:00,12285.0
2025-02-12 19:00:00,12304.0
2025-02-12 20:00:00,12296.0
2025-02-12 23:00:00,12219.0
2025-02-13 07:00:00,12335.0
2025-02-13 08:00:00,12314.0
2025-02-13 09:00:00,12361.0
2025-02-13 10:00:00,12391.0
2025-02-13 11:00:00,12390.0
2025-02-13 12:00:00,12397.0
2025-02-13 13:00:00,12410.0
2025-02-13 14:00:00,12435.0
2025-02-13 15:00:00,12447.0
2025-02-13 16:00:00,12466.0
2025-02-13 17:00:00,12463.0
2025-02-13 18:00:00,12450.0
2025-02-13 19:00:00,12459.0
2025-02-13 20:00:00,12457.0
2025-02-13 23:00:00,12473.0
2025-02-14 07:00:00,12494.0
2025-02-14 08:00:00,12434.0
2025-02-14 09:00:00,12444.0
2025-02-14 10:00:00,12425.0
2025-02-14 11:00:00,12439.0
2025-02-14 12:00:00,12437.0
2025-02-14 13:00:00,12406.0
2025-02-14 14:00:00,12386.0
2025-02-14 15:00:00,12351.0
2025-02-14 16:00:00,12381.0
2025-02-14 17:00:00,12375.0
2025-02-14 18:00:00,12380.0
2025-02-14 19:00:00,12381.0
2025-02-14 20:00:00,12378.0
2025-02-14 23:00:00,12335.0
2025-02-17 07:00:00,12383.0
2025-02-17 08:00:00,12382.0
2025-02-17 09:00:00,12389.0
2025-02-17 10:00:00,12397.0
2025-02-17 11:00:00,12391.0
2025-02-17 12:00:00,12391.0
2025-02-17 13:00:00,12378.0
2025-02-17 14:00:00,12388.0
2025-02-17 15:00:00,12395.0
2025-02-17 16:00:00,12405.0
2025-02-17 17:00:00,12409.0
2025-02-17 18:00:00,12406.0
2025-02-17 19:00:00,12411.0
2025-02-17 20:00:00,12418.0
2025-02-17 23:00:00,12395.0
2025-02-18 07:00:00,12395.0
2025-02-18 08:00:00,12362.0
2025-02-18 09:00:00,12355.0
2025-02-18 10:00:00,12354.0
2025-02-18 11:00:00,12377.0
2025-02-18 12:00:00,12395.0
2025-02-18 13:00:00,12413.0
2025-02-18 14:00:00,12395.0
2025-02-18 15:00:00,12428.0
2025-02-18 16:00:00,12420.0
2025-02-18 17:00:00,12427.0
2025-02-18 18:00:00,12426.0
2025-02-18 19:00:00,12418.0
2025-02-18 20:00:00,12442.0
2025-02-18 23:00:00,12420.0
2025-02-19 07:00:00,12427.0
2025-02-19 08:00:00,12380.0
2025-02-19 09:00:00,12386.0
2025-02-19 10:00:00,12345.0
2025-02-19 11:00:00,12339.0
2025-02-19 12:00:00,12328.0
2025-02-19 13:00:00,12301.0
2025-02-19 14:00:00,12282.0
2025-02-19 15:00:00,12304.0
2025-02-19 16:00:00,12323.0
2025-02-19 17:00:00,12312.0
2025-02-19 18:00:00,12294.0
2025-02-19 19:00:00,12314.0
2025-02-19 20:00:00,12310.0
2025-02-19 23:00:00,12310.0
2025-02-20 07:00:00,12320.0
2025-02-20 08:00:00,12311.0
2025-02-20 09:00:00,12327.0
2025-02-20 10:00:00,12325.0
2025-02-20 11:00:00,12315.0
2025-02-20 12:00:00,12315.0
2025-02-20 13:00:00,12288.0
2025-02-20 14:00:00,12296.0
2025-02-20 15:00:00,12300.0
2025-02-20 16:00:00,12307.0
2025-02-20 17:00:00,12318.0
2025-02-20 18:00:00,12318.0
2025-02-20 19:00:00,12335.0
2025-02-20 20:00:00,12338.0
2025-02-20 23:00:00,12324.0
2025-02-21 07:00:00,12358.0
2025-02-21 08:00:00,12355.0
2025-02-21 09:00:00,12359.0
2025-02-21 10:00:00,12410.0
2025-02-21 11:00:00,12419.0
2025-02-21 12:00:00,12418.0
2025-02-21 13:00:00,12419.0
2025-02-21 14:00:00,12416.0
2025-02-21 15:00:00,12452.0
2025-02-21 16:00:00,12465.0
2025-02-21 17:00:00,12439.0
2025-02-21 18:00:00,12417.0
2025-02-21 19:00:00,12413.0
2025-02-21 20:00:00,12422.0
2025-02-21 23:00:00,12454.0
2025-02-24 07:00:00,12470.0
2025-02-24 08:00:00,12491.0
2025-02-24 09:00:00,12504.0
2025-02-24 10:00:00,12499.0
2025-02-24 11:00:00,12499.0
2025-02-24 12:00:00,12492.0
2025-02-24 13:00:00,12475.0
2025-02-24 14:00:00,12432.0
2025-02-24 15:00:00,12443.0
2025-02-24 16:00:00,12469.0
2025-02-24 17:00:00,12473.0
2025-02-24 18:00:00,12468.0
2025-02-24 19:00:00,12451.0
2025-02-24 20:00:00,12430.0
2025-02-24 23:00:00,12453.0
2025-02-25 07:00:00,12416.0
2025-02-25 08:00:00,12471.0
2025-02-25 09:00:00,12487.0
2025-02-25 10:00:00,12493.0
2025-02-25 11:00:00,12518.0
2025-02-25 12:00:00,12518.0
2025-02-25 13:00:00,12547.0
2025-02-25 14:00:00,12528.0
2025-02-25 15:00:00,12537.0
2025-02-25 16:00:00,12520.0
2025-02-25 17:00:00,12519.0
2025-02-25 18:00:00,12506.0
2025-02-25 19:00:00,12503.0
2025-02-25 20:00:00,12478.0
2025-02-25 23:00:00,12532.0
2025-02-26 07:00:00,12505.0
2025-02-26 08:00:00,12584.0
2025-02-26 09:00:00,12583.0
2025-02-26 10:00:00,12588.0
2025-02-26 11:00:00,12578.0
2025-02-26 12:00:00,12616.0
2025-02-26 13:00:00,12574.0
2025-02-26 14:00:00,12561.0
2025-02-26 15:00:00,12564.0
2025-02-26 16:00:00,12542.0
2025-02-26 17:00:00,12515.0
2025-02-26 18:00:00,12486.0
2025-02-26 19:00:00,12504.0
2025-02-26 20:00:00,12514.0
2025-02-26 23:00:00,12556.0
2025-02-27 07:00:00,12506.0
2025-02-27 08:00:00,12502.0
2025-02-27 09:00:00,12545.0
2025-02-27 10:00:00,12520.0
2025-02-27 11:00:00,12530.0
2025-02-27 12:00:00,12504.0
2025-02-27 13:00:00,12460.0
2025-02-27 14:00:00,12457.0
2025-02-27 15:00:00,12479.0
2025-02-27 16:00:00,12466.0
2025-02-27 17:00:00,12472.0
2025-02-27 18:00:00,12494.0
2025-02-27 19:00:00,12443.0
2025-02-27 20:00:00,12428.0
2025-02-27 23:00:00,12489.0
2025-02-28 07:00:00,12401.0
2025-02-28 08:00:00,12441.0
2025-02-28 09:00:00,12477.0
2025-02-28 10:00:00,12466.0
2025-02-28 11:00:00,12489.0
2025-02-28 12:00:00,12472.0
2025-02-28 13:00:00,12493.0
2025-02-28 14:00:00,12525.0
2025-02-28 15:00:00,12516.0
2025-02-28 16:00:00,12539.0
2025-02-28 17:00:00,12484.0
2025-02-28 18:00:00,12458.0
2025-02-28 19:00:00,12506.0
2025-02-28 20:00:00,12580.0
2025-02-28 23:00:00,12529.0
2025-03-03 07:00:00,12558.0
2025-03-03 08:00:00,12533.0
2025-03-03 09:00:00,12584.0
2025-03-03 10:00:00,12594.0
2025-03-03 11:00:00,12626.0
2025-03-03 12:00:00,12656.0
2025-03-03 13:00:00,12660.0
2025-03-03 14:00:00,12676.0
2025-03-03 15:00:00,12708.0
2025-03-03 16:00:00,12700.0
2025-03-03 17:00:00,12703.0
2025-03-03 18:00:00,12678.0
2025-03-03 19:00:00,12665.0
2025-03-03 20:00:00,12667.0
2025-03-03 23:00:00,12702.0
2025-03-04 07:00:00,12613.0
2025-03-04 08:00:00,12637.0
2025-03-04 09:00:00,12608.0
2025-03-04 10:00:00,12599.0
2025-03-04 11:00:00,12599.0
2025-03-04 12:00:00,12575.0
2025-03-04 13:00:00,12532.0
2025-03-04 14:00:00,12547.0
2025-03-04 15:00:00,12527.0
2025-03-04 16:00:00,12560.0
2025-03-04 17:00:00,12568.0
2025-03-04 18:00:00,12628.0
2025-03-04 19:00:00,12653.0
2025-03-04 20:00:00,12571.0
2025-03-04 23:00:00,12520.0
2025-03-05 07:00:00,12602.0
2025-03-05 08:00:00,12595.0
2025-03-05 09:00:00,12672.0
2025-03-05 10:00:00,12620.0
2025-03-05 11:00:00,12609.0
2025-03-05 12:00:00,12629.0
2025-03-05 13:00:00,12636.0
2025-03-05 14:00:00,12653.0
2025-03-05 15:00:00,12643.0
2025-03-05 16:00:00,12651.0
2025-03-05 17:00:00,12666.0
2025-03-05 18:00:00,12668.0
2025-03-05 19:00:00,12692.0
2025-03-05 20:00:00,12664.0
2025-03-05 23:00:00,12628.0
2025-03-06 07:00:00,12615.0
2025-03-06 08:00:00,12502.0
2025-03-06 09:00:00,12489.0
2025-03-06 10:00:00,12457.0
2025-03-06 11:00:00,12463.0
2025-03-06 12:00:00,12482.0
2025-03-06 13:00:00,12492.0
2025-03-06 14:00:00,12501.0
2025-03-06 15:00:00,12564.0
2025-03-06 16:00:00,12490.0
2025-03-06 17:00:00,12503.0
2025-03-06 18:00:00,12503.0
2025-03-06 19:00:00,12505.0
2025-03-06 20:00:00,12498.0
2025-03-06 23:00:00,12571.0
2025-03-07 07:00:00,12452.0
2025-03-07 08:00:00,12426.0
2025-03-07 09:00:00,12509.0
2025-03-07 10:00:00,12498.0
2025-03-07 11:00:00,12523.0
2025-03-07 12:00:00,12531.0
2025-03-07 13:00:00,12527.0
2025-03-07 14:00:00,12568.0
2025-03-07 15:00:00,12600.0
2025-03-07 16:00:00,12580.0
2025-03-07 17:00:00,12631.0
2025-03-07 18:00:00,12684.0
2025-03-07 19:00:00,12681.0
2025-03-07 20:00:00,12696.0
2025-03-07 23:00:00,12606.0
2025-03-10 07:00:00,12638.0
2025-03-10 08:00:00,12527.0
2025-03-10 09:00:00,12552.0
2025-03-10 10:00:00,12518.0
2025-03-10 11:00:00,12551.0
2025-03-10 12:00:00,12550.0
2025-03-10 13:00:00,12562.0
2025-03-10 14:00:00,12525.0
2025-03-10 15:00:00,12518.0
2025-03-10 16:00:00,12517.0
2025-03-10 17:00:00,12449.0
2025-03-10 18:00:00,12415.0
2025-03-10 19:00:00,12471.0
2025-03-10 20:00:00,12474.0
2025-03-10 23:00:00,12500.0
2025-03-11 07:00:00,12528.0
2025-03-11 08:00:00,12514.0
2025-03-11 09:00:00,12470.0
2025-03-11 10:00:00,12451.0
2025-03-11 11:00:00,12444.0
2025-03-11 12:00:00,12414.0
2025-03-11 13:00:00,12323.0
2025-03-11 14:00:00,12245.0
2025-03-11 15:00:00,12268.0
2025-03-11 16:00:00,12239.0
2025-03-11 17:00:00,12226.0
2025-03-11 18:00:00,12332.0
2025-03-11 19:00:00,12286.0
2025-03-11 20:00:00,12283.0
2025-03-11 23:00:00,12230.0
2025-03-12 07:00:00,12336.0
2025-03-12 08:00:00,12437.0
2025-03-12 09:00:00,12470.0
2025-03-12 10:00:00,12481.0
2025-03-12 11:00:00,12512.0
2025-03-12 12:00:00,12514.0
2025-03-12 13:00:00,12436.0
2025-03-12 14:00:00,12394.0
2025-03-12 15:00:00,12431.0
2025-03-12 16:00:00,12417.0
2025-03-12 17:00:00,12410.0
2025-03-12 18:00:00,12447.0
2025-03-12 19:00:00,12430.0
2025-03-12 20:00:00,12428.0
2025-03-12 23:00:00,12431.0
2025-03-13 07:00:00,12387.0
2025-03-13 08:00:00,12417.0
2025-03-13 09:00:00,12468.0
2025-03-13 10:00:00,12453.0
2025-03-13 11:00:00,12411.0
2025-03-13 12:00:00,12400.0
2025-03-13 13:00:00,12374.0
2025-03-13 14:00:00,12388.0
2025-03-13 15:00:00,12384.0
2025-03-13 16:00:00,12381.0
2025-03-13 17:00:00,12345.0
2025-03-13 18:00:00,12395.0
2025-03-13 19:00:00,12377.0
2025-03-13 20:00:00,12371.0
2025-03-13 23:00:00,12385.0
2025-03-14 07:00:00,12393.0
2025-03-14 08:00:00,12371.0
2025-03-14 09:00:00,12383.0
2025-03-14 10:00:00,12410.0
2025-03-14 11:00:00,12404.0
2025-03-14 12:00:00,12407.0
2025-03-14 13:00:00,12417.0
2025-03-14 14:00:00,12453.0
2025-03-14 15:00:00,12497.0
2025-03-14 16:00:00,12502.0
2025-03-14 17:00:00,12490.0
2025-03-14 18:00:00,12513.0
2025-03-14 19:00:00,12533.0
2025-03-14 19:00:01,12533.0
2025-03-14 20:00:00,12535.0
2025-03-14 23:00:00,12486.0
2025-03-17 07:00:00,12498.0
2025-03-17 08:00:00,12533.0
2025-03-17 09:00:00,12526.0
2025-03-17 10:00:00,12562.0
2025-03-17 11:00:00,12557.0
2025-03-17 12:00:00,12571.0
2025-03-17 13:00:00,12610.0
2025-03-17 14:00:00,12591.0
2025-03-17 15:00:00,12613.0
2025-03-17 16:00:00,12619.0
2025-03-17 17:00:00,12648.0
2025-03-17 18:00:00,12659.0
2025-03-17 19:00:00,12664.0
2025-03-17 20:00:00,12648.0
2025-03-17 23:00:00,12619.0
2025-03-18 07:00:00,12652.0
2025-03-18 08:00:00,12641.0
2025-03-18 09:00:00,12656.0
2025-03-18 10:00:00,12655.0
2025-03-18 11:00:00,12632.0
2025-03-18 12:00:00,12649.0
2025-03-18 13:00:00,12617.0
2025-03-18 14:00:00,12617.0
2025-03-18 15:00:00,12592.0
2025-03-18 16:00:00,12599.0
2025-03-18 17:00:00,12606.0
2025-03-18 18:00:00,12616.0
2025-03-18 19:00:00,12621.0
2025-03-18 20:00:00,12623.0
2025-03-18 23:00:00,12605.0
2025-03-19 07:00:00,12565.0
2025-03-19 08:00:00,12580.0
2025-03-19 09:00:00,12599.0
2025-03-19 10:00:00,12608.0
2025-03-19 11:00:00,12566.0
2025-03-19 12:00:00,12585.0
2025-03-19 13:00:00,12564.0
2025-03-19 14:00:00,12610.0
2025-03-19 15:00:00,12618.0
2025-03-19 16:00:00,12584.0
2025-03-19 17:00:00,12560.0
2025-03-19 18:00:00,12600.0
2025-03-19 19:00:00,12591.0
2025-03-19 20:00:00,12586.0
2025-03-19 23:00:00,12615.0
2025-03-20 07:00:00,12566.0
2025-03-20 08:00:00,12615.0
2025-03-20 09:00:00,12607.0
2025-03-20 10:00:00,12600.0
2025-03-20 11:00:00,12607.0
2025-03-20 12:00:00,12607.0
2025-03-20 13:00:00,12635.0
2025-03-20 14:00:00,12655.0
2025-03-20 15:00:00,12641.0
2025-03-20 16:00:00,12631.0
2025-03-20 17:00:00,12632.0
2025-03-20 18:00:00,12638.0
2025-03-20 19:00:00,12660.0
2025-03-20 20:00:00,12670.0
2025-03-20 23:00:00,12653.0
2025-03-21 07:00:00,12591.0
2025-03-21 08:00:00,12591.0
2025-03-21 09:00:00,12599.0
2025-03-21 10:00:00,12625.0
2025-03-21 11:00:00,12603.0
2025-03-21 12:00:00,12587.0
2025-03-21 13:00:00,12612.0
2025-03-21 14:00:00,12607.0
2025-03-21 15:00:00,12602.0
2025-03-21 16:00:00,12615.0
2025-03-21 17:00:00,12615.0
2025-03-21 18:00:00,12610.0
2025-03-21 19:00:00,12601.0
2025-03-21 20:00:00,12607.0
2025-03-21 23:00:00,12620.0
2025-03-24 07:00:00,12663.0
2025-03-24 08:00:00,12651.0
2025-03-24 09:00:00,12559.0
2025-03-24 10:00:00,12601.0
2025-03-24 11:00:00,12569.0
2025-03-24 12:00:00,12533.0
2025-03-24 13:00:00,12565.0
2025-03-24 14:00:00,12590.0
2025-03-24 15:00:00,12572.0
2025-03-24 16:00:00,12549.0
2025-03-24 17:00:00,12549.0
2025-03-24 18:00:00,12549.0
2025-03-24 19:00:00,12559.0
2025-03-24 20:00:00,12555.0
2025-03-24 23:00:00,12573.0
2025-03-25 07:00:00,12574.0
2025-03-25 08:00:00,12605.0
2025-03-25 09:00:00,12612.0
2025-03-25 10:00:00,12623.0
2025-03-25 11:00:00,12636.0
2025-03-25 12:00:00,12654.0
2025-03-25 13:00:00,12636.0
2025-03-25 14:00:00,12612.0
2025-03-25 15:00:00,12582.0
2025-03-25 16:00:00,12574.0
2025-03-25 17:00:00,12566.0
2025-03-25 18:00:00,12556.0
2025-03-25 19:00:00,12568.0
2025-03-25 20:00:00,12574.0
2025-03-25 23:00:00,12590.0
2025-03-26 07:00:00,12577.0
2025-03-26 08:00:00,12500.0
2025-03-26 09:00:00,12476.0
2025-03-26 10:00:00,12522.0
2025-03-26 11:00:00,12508.0
2025-03-26 12:00:00,12508.0
2025-03-26 13:00:00,12489.0
2025-03-26 14:00:00,12554.0
2025-03-26 15:00:00,12505.0
2025-03-26 16:00:00,12494.0
2025-03-26 17:00:00,12455.0
2025-03-26 18:00:00,12449.0
2025-03-26 19:00:00,12481.0
2025-03-26 20:00:00,12478.0
2025-03-26 23:00:00,12497.0
2025-03-27 07:00:00,12423.0
2025-03-27 08:00:00,12387.0
2025-03-27 09:00:00,12409.0
2025-03-27 10:00:00,12415.0
2025-03-27 11:00:00,12420.0
2025-03-27 12:00:00,12406.0
2025-03-27 13:00:00,12442.0
2025-03-27 14:00:00,12461.0
2025-03-27 15:00:00,12441.0
2025-03-27 16:00:00,12436.0
2025-03-27 17:00:00,12454.0
2025-03-27 18:00:00,12458.0
2025-03-27 19:00:00,12457.0
2025-03-27 20:00:00,12458.0
2025-03-27 23:00:00,12459.0
2025-03-28 07:00:00,12421.0
2025-03-28 08:00:00,12501.0
2025-03-28 09:00:00,12451.0
2025-03-28 10:00:00,12463.0
2025-03-28 11:00:00,12487.0
2025-03-28 12:00:00,12460.0
2025-03-28 13:00:00,12441.0
2025-03-28 14:00:00,12410.0
2025-03-28 15:00:00,12458.0
2025-03-28 16:00:00,12442.0
2025-03-28 17:00:00,12449.0
2025-03-28 18:00:00,12443.0
2025-03-28 19:00:00,12446.0
2025-03-28 20:00:00,12421.0
2025-03-28 23:00:00,12460.0
2025-03-31 07:00:00,12337.0
2025-03-31 08:00:00,12352.0
2025-03-31 09:00:00,12310.0
2025-03-31 10:00:00,12279.0
2025-03-31 11:00:00,12249.0
2025-03-31 12:00:00,12235.0
2025-03-31 13:00:00,12253.0
2025-03-31 14:00:00,12236.0
2025-03-31 15:00:00,12209.0
2025-03-31 16:00:00,12214.0
2025-03-31 17:00:00,12218.0
2025-03-31 18:00:00,12218.0
2025-03-31 19:00:00,12244.0
2025-03-31 20:00:00,12270.0
2025-03-31 23:00:00,12226.0
2025-04-01 07:00:00,12302.0
2025-04-01 08:00:00,12265.0
2025-04-01 09:00:00,12326.0
2025-04-01 10:00:00,12352.0
2025-04-01 11:00:00,12316.0
2025-04-01 12:00:00,12312.0
2025-04-01 13:00:00,12317.0
2025-04-01 14:00:00,12291.0
2025-04-01 15:00:00,12299.0
2025-04-01 16:00:00,12290.0
2025-04-01 17:00:00,12277.0
2025-04-01 18:00:00,12255.0
2025-04-01 19:00:00,12232.0
2025-04-01 20:00:00,12260.0
2025-04-01 23:00:00,12300.0
2025-04-02 07:00:00,12228.0
2025-04-02 08:00:00,12218.0
2025-04-02 09:00:00,12182.0
2025-04-02 10:00:00,12201.0
2025-04-02 11:00:00,12190.0
2025-04-02 12:00:00,12173.0
2025-04-02 13:00:00,12154.0
2025-04-02 14:00:00,12150.0
2025-04-02 15:00:00,12181.0
2025-04-02 16:00:00,12125.0
2025-04-02 17:00:00,12157.0
2025-04-02 18:00:00,12156.0
2025-04-02 19:00:00,12142.0
2025-04-02 20:00:00,12173.0
2025-04-02 23:00:00,12173.0
2025-04-03 07:00:00,11973.0
2025-04-03 08:00:00,11989.0
2025-04-03 09:00:00,11969.0
2025-04-03 10:00:00,11934.0
2025-04-03 11:00:00,11928.0
2025-04-03 12:00:00,11915.0
2025-04-03 13:00:00,11949.0
2025-04-03 14:00:00,11917.0
2025-04-03 15:00:00,11894.0
2025-04-03 16:00:00,11900.0
2025-04-03 17:00:00,11908.0
2025-04-03 18:00:00,11906.0
2025-04-03 19:00:00,11885.0
2025-04-03 20:00:00,11826.0
2025-04-03 23:00:00,11880.0
2025-04-04 07:00:00,11728.0
2025-04-04 08:00:00,11673.0
2025-04-04 09:00:00,11595.0
2025-04-04 10:00:00,11530.0
2025-04-04 11:00:00,11283.0
2025-04-04 12:00:00,11322.0
2025-04-04 13:00:00,11364.0
2025-04-04 14:00:00,11304.0
2025-04-04 15:00:00,11216.0
2025-04-04 16:00:00,11159.0
2025-04-04 17:00:00,11197.0
2025-04-04 18:00:00,11222.0
2025-04-04 19:00:00,11183.0
2025-04-04 20:00:00,11119.0
2025-04-04 23:00:00,11227.0
2025-04-07 07:00:00,10552.0
2025-04-07 08:00:00,10476.0
2025-04-07 09:00:00,10580.0
2025-04-07 10:00:00,10620.0
2025-04-07 11:00:00,10731.0
2025-04-07 12:00:00,10573.0
2025-04-07 13:00:00,10736.0
2025-04-07 14:00:00,10697.0
2025-04-07 15:00:00,10829.0
2025-04-07 16:00:00,10653.0
2025-04-07 17:00:00,10573.0
2025-04-07 18:00:00,10809.0
2025-04-07 19:00:00,10709.0
2025-04-07 20:00:00,10717.0
2025-04-07 23:00:00,10635.0
2025-04-08 07:00:00,10904.0
2025-04-08 08:00:00,10810.0
2025-04-08 09:00:00,10839.0
2025-04-08 10:00:00,10823.0
2025-04-08 11:00:00,10845.0
2025-04-08 12:00:00,10947.0
2025-04-08 13:00:00,11005.0
2025-04-08 14:00:00,11072.0
2025-04-08 15:00:00,11021.0
2025-04-08 16:00:00,10973.0
2025-04-08 17:00:00,10850.0
2025-04-08 18:00:00,10794.0
2025-04-08 19:00:00,10744.0
2025-04-08 20:00:00,10658.0
2025-04-08 23:00:00,10982.0
2025-04-09 07:00:00,10588.0
2025-04-09 08:00:00,10614.0
2025-04-09 09:00:00,10530.0
2025-04-09 10:00:00,10458.0
2025-04-09 11:00:00,10462.0
2025-04-09 12:00:00,10321.0
2025-04-09 13:00:00,10404.0
2025-04-09 14:00:00,10516.0
2025-04-09 15:00:00,10449.0
2025-04-09 16:00:00,10453.0
2025-04-09 17:00:00,10505.0
2025-04-09 18:00:00,11154.0
2025-04-09 19:00:00,11184.0
2025-04-09 20:00:00,11305.0
2025-04-09 23:00:00,10466.0
2025-04-10 07:00:00,11507.0
2025-04-10 08:00:00,11038.0
2025-04-10 09:00:00,10987.0
2025-04-10 10:00:00,10977.0
2025-04-10 11:00:00,11029.0
2025-04-10 12:00:00,10986.0
2025-04-10 13:00:00,10913.0
2025-04-10 14:00:00,10905.0
2025-04-10 15:00:00,10853.0
2025-04-10 16:00:00,10783.0
2025-04-10 17:00:00,10800.0
2025-04-10 18:00:00,10831.0
2025-04-10 19:00:00,10897.0
2025-04-10 20:00:00,10914.0
2025-04-10 23:00:00,10873.0
2025-04-11 07:00:00,10961.0
2025-04-11 08:00:00,10824.0
2025-04-11 09:00:00,10734.0
2025-04-11 10:00:00,10829.0
2025-04-11 11:00:00,10867.0
2025-04-11 12:00:00,10804.0
2025-04-11 13:00:00,10810.0
2025-04-11 14:00:00,10876.0
2025-04-11 15:00:00,10857.0
2025-04-11 16:00:00,10921.0
2025-04-11 17:00:00,11024.0
2025-04-11 18:00:00,11084.0
2025-04-11 19:00:00,11058.0
2025-04-11 20:00:00,11086.0
2025-04-11 23:00:00,10862.0
2025-04-14 07:00:00,11122.0
2025-04-14 08:00:00,11065.0
2025-04-14 09:00:00,11048.0
2025-04-14 10:00:00,11071.0
2025-04-14 11:00:00,11107.0
2025-04-14 12:00:00,11067.0
2025-04-14 13:00:00,11128.0
2025-04-14 14:00:00,11124.0
2025-04-14 15:00:00,11172.0
2025-04-14 16:00:00,11052.0
2025-04-14 17:00:00,11075.0
2025-04-14 18:00:00,11095.0
2025-04-14 19:00:00,11112.0
2025-04-14 20:00:00,11103.0
2025-04-14 23:00:00,11153.0
2025-04-15 07:00:00,11149.0
2025-04-15 08:00:00,11173.0
2025-04-15 09:00:00,11196.0
2025-04-15 10:00:00,11179.0
2025-04-15 11:00:00,11161.0
2025-04-15 12:00:00,11145.0
2025-04-15 13:00:00,11185.0
2025-04-15 14:00:00,11232.0
2025-04-15 15:00:00,11250.0
2025-04-15 16:00:00,11277.0
2025-04-15 17:00:00,11271.0
2025-04-15 18:00:00,11263.0
2025-04-15 19:00:00,11277.0
2025-04-15 20:00:00,11274.0
2025-04-15 23:00:00,11255.0
2025-04-16 07:00:00,11189.0
2025-04-16 08:00:00,11162.0
2025-04-16 09:00:00,11178.0
2025-04-16 10:00:00,11163.0
2025-04-16 11:00:00,11189.0
2025-04-16 12:00:00,11188.0
2025-04-16 13:00:00,11185.0
2025-04-16 14:00:00,11169.0
2025-04-16 15:00:00,11205.0
2025-04-16 16:00:00,11222.0
2025-04-16 17:00:00,11215.0
2025-04-16 18:00:00,11144.0
2025-04-16 19:00:00,11115.0
2025-04-16 20:00:00,11108.0
2025-04-16 23:00:00,11221.0
2025-04-17 07:00:00,11262.0
2025-04-17 08:00:00,11254.0
2025-04-17 09:00:00,11201.0
2025-04-17 10:00:00,11226.0
2025-04-17 11:00:00,11241.0
2025-04-17 12:00:00,11270.0
2025-04-17 13:00:00,11263.0
2025-04-17 14:00:00,11293.0
2025-04-17 15:00:00,11281.0
2025-04-17 16:00:00,11299.0
2025-04-17 17:00:00,11379.0
2025-04-17 18:00:00,11400.0
2025-04-17 19:00:00,11389.0
2025-04-17 20:00:00,11340.0
2025-04-17 23:00:00,11315.0
2025-04-22 07:00:00,11316.0
2025-04-22 08:00:00,11240.0
2025-04-22 09:00:00,11288.0
2025-04-22 10:00:00,11319.0
2025-04-22 11:00:00,11235.0
2025-04-22 12:00:00,11212.0
2025-04-22 13:00:00,11229.0
2025-04-22 14:00:00,11275.0
2025-04-22 15:00:00,11334.0
2025-04-22 16:00:00,11402.0
2025-04-22 17:00:00,11425.0
2025-04-22 18:00:00,11375.0
2025-04-22 19:00:00,11460.0
2025-04-22 20:00:00,11440.0
2025-04-22 23:00:00,11355.0
2025-04-23 07:00:00,11509.0
2025-04-23 08:00:00,11559.0
2025-04-23 09:00:00,11586.0
2025-04-23 10:00:00,11547.0
2025-04-23 11:00:00,11550.0
2025-04-23 12:00:00,11518.0
2025-04-23 13:00:00,11516.0
2025-04-23 14:00:00,11566.0
2025-04-23 15:00:00,11556.0
2025-04-23 16:00:00,11537.0
2025-04-23 17:00:00,11566.0
2025-04-23 18:00:00,11570.0
2025-04-23 19:00:00,11558.0
2025-04-23 20:00:00,11566.0
2025-04-23 23:00:00,11528.0
2025-04-24 07:00:00,11550.0
2025-04-24 08:00:00,11489.0
2025-04-24 09:00:00,11523.0
2025-04-24 10:00:00,11541.0
2025-04-24 11:00:00,11588.0
2025-04-24 12:00:00,11577.0
2025-04-24 13:00:00,11615.0
2025-04-24 14:00:00,11611.0
2025-04-24 15:00:00,11642.0
2025-04-24 16:00:00,11640.0
2025-04-24 17:00:00,11664.0
2025-04-24 18:00:00,11665.0
2025-04-24 19:00:00,11673.0
2025-04-24 20:00:00,11684.0
2025-04-24 23:00:00,11660.0
2025-04-25 07:00:00,11682.0
2025-04-25 08:00:00,11668.0
2025-04-25 09:00:00,11688.0
2025-04-25 10:00:00,11703.0
2025-04-25 11:00:00,11667.0
2025-04-25 12:00:00,11686.0
2025-04-25 13:00:00,11707.0
2025-04-25 14:00:00,11687.0
2025-04-25 15:00:00,11665.0
2025-04-25 16:00:00,11674.0
2025-04-25 17:00:00,11682.0
2025-04-25 18:00:00,11653.0
2025-04-25 19:00:00,11689.0
2025-04-25 20:00:00,11698.0
2025-04-25 23:00:00,11670.0
2025-04-28 07:00:00,11656.0
2025-04-28 08:00:00,11662.0
2025-04-28 09:00:00,11701.0
2025-04-28 10:00:00,11703.0
2025-04-28 11:00:00,11666.0
2025-04-28 12:00:00,11686.0
2025-04-28 13:00:00,11694.0
2025-04-28 14:00:00,11719.0
2025-04-28 15:00:00,11755.0
2025-04-28 16:00:00,11735.0
2025-04-28 17:00:00,11711.0
2025-04-28 18:00:00,11725.0
2025-04-28 19:00:00,11735.0
2025-04-28 20:00:00,11742.0
2025-04-28 23:00:00,11753.0
2025-04-29 07:00:00,11769.0
2025-04-29 08:00:00,11798.0
2025-04-29 09:00:00,11828.0
2025-04-29 10:00:00,11821.0
2025-04-29 11:00:00,11804.0
2025-04-29 12:00:00,11804.0
2025-04-29 13:00:00,11784.0
2025-04-29 14:00:00,11777.0
2025-04-29 15:00:00,11806.0
2025-04-29 16:00:00,11784.0
2025-04-29 17:00:00,11767.0
2025-04-29 18:00:00,11805.0
2025-04-29 19:00:00,11805.0
2025-04-29 20:00:00,11784.0
2025-04-29 23:00:00,11790.0
2025-04-30 07:00:00,11804.0
2025-04-30 08:00:00,11844.0
2025-04-30 09:00:00,11805.0
2025-04-30 10:00:00,11839.0
2025-04-30 11:00:00,11852.0
2025-04-30 12:00:00,11850.0
2025-04-30 13:00:00,11781.0
2025-04-30 14:00:00,11736.0
2025-04-30 15:00:00,11789.0
2025-04-30 16:00:00,11818.0
2025-04-30 17:00:00,11810.0
2025-04-30 18:00:00,11832.0
2025-04-30 19:00:00,11820.0
2025-04-30 20:00:00,11850.0
2025-04-30 23:00:00,11814.0
2025-05-02 07:00:00,11868.0
2025-05-02 08:00:00,11895.0
2025-05-02 09:00:00,11930.0
2025-05-02 10:00:00,11953.0
2025-05-02 11:00:00,11929.0
2025-05-02 12:00:00,11935.0
2025-05-02 13:00:00,11980.0
2025-05-02 14:00:00,11947.0
2025-05-02 15:00:00,11991.0
2025-05-02 16:00:00,11953.0
2025-05-02 17:00:00,11990.0
2025-05-02 18:00:00,11975.0
2025-05-02 19:00:00,11994.0
2025-05-02 20:00:00,11975.0
2025-05-02 23:00:00,11985.0
2025-05-05 07:00:00,11993.0
2025-05-05 08:00:00,12012.0
2025-05-05 09:00:00,12004.0
2025-05-05 10:00:00,11993.0
2025-05-05 11:00:00,11991.0
2025-05-05 12:00:00,11988.0
2025-05-05 13:00:00,11991.0
2025-05-05 14:00:00,11984.0
2025-05-05 15:00:00,11961.0
2025-05-05 16:00:00,11965.0
2025-05-05 17:00:00,11973.0
2025-05-05 18:00:00,11964.0
2025-05-05 19:00:00,11973.0
2025-05-05 20:00:00,11939.0
2025-05-05 23:00:00,11971.0
2025-05-06 07:00:00,11958.0
2025-05-06 08:00:00,11941.0
2025-05-06 09:00:00,11950.0
2025-05-06 10:00:00,11916.0
2025-05-06 11:00:00,11958.0
2025-05-06 12:00:00,11971.0
2025-05-06 13:00:00,11978.0
2025-05-06 14:00:00,11914.0
2025-05-06 15:00:00,11941.0
2025-05-06 16:00:00,11923.0
2025-05-06 17:00:00,11913.0
2025-05-06 18:00:00,11875.0
2025-05-06 19:00:00,11890.0
2025-05-06 20:00:00,11862.0
2025-05-06 23:00:00,11944.0
2025-05-07 07:00:00,11851.0
2025-05-07 08:00:00,11884.0
2025-05-07 09:00:00,11891.0
2025-05-07 10:00:00,11859.0
2025-05-07 11:00:00,11866.0
2025-05-07 12:00:00,11863.0
2025-05-07 13:00:00,11855.0
2025-05-07 14:00:00,11870.0
2025-05-07 15:00:00,11824.0
2025-05-07 16:00:00,11860.0
2025-05-07 17:00:00,11859.0
2025-05-07 18:00:00,11835.0
2025-05-07 19:00:00,11850.0
2025-05-07 20:00:00,11842.0
2025-05-07 23:00:00,11823.0
2025-05-08 07:00:00,11872.0
2025-05-08 08:00:00,11814.0
2025-05-08 09:00:00,11831.0
2025-05-08 10:00:00,11849.0
2025-05-08 11:00:00,11873.0
2025-05-08 12:00:00,11890.0
2025-05-08 13:00:00,11835.0
2025-05-08 14:00:00,11809.0
2025-05-08 15:00:00,11794.0
2025-05-08 16:00:00,11820.0
2025-05-08 17:00:00,11861.0
2025-05-08 18:00:00,11831.0
2025-05-08 19:00:00,11854.0
2025-05-08 20:00:00,11818.0
2025-05-08 23:00:00,11787.0
2025-05-09 07:00:00,11848.0
2025-05-09 08:00:00,11816.0
2025-05-09 09:00:00,11800.0
2025-05-09 10:00:00,11830.0
2025-05-09 11:00:00,11813.0
2025-05-09 12:00:00,11790.0
2025-05-09 13:00:00,11805.0
2025-05-09 14:00:00,11808.0
2025-05-09 15:00:00,11790.0
2025-05-09 16:00:00,11815.0
2025-05-09 17:00:00,11799.0
2025-05-09 18:00:00,11823.0
2025-05-09 19:00:00,11805.0
2025-05-09 20:00:00,11807.0
2025-05-09 23:00:00,11789.0
2025-05-12 07:00:00,11766.0
2025-05-12 08:00:00,11768.0
2025-05-12 09:00:00,11762.0
2025-05-12 10:00:00,11799.0
2025-05-12 11:00:00,11787.0
2025-05-12 12:00:00,11753.0
2025-05-12 13:00:00,11793.0
2025-05-12 14:00:00,11842.0
2025-05-12 15:00:00,11900.0
2025-05-12 16:00:00,11924.0
2025-05-12 17:00:00,11992.0
2025-05-12 18:00:00,12013.0
2025-05-12 19:00:00,12012.0
2025-05-12 20:00:00,12014.0
2025-05-12 23:00:00,11922.0
2025-05-13 07:00:00,11948.0
2025-05-13 08:00:00,11965.0
2025-05-13 09:00:00,11960.0
2025-05-13 10:00:00,11956.0
2025-05-13 11:00:00,11943.0
2025-05-13 12:00:00,11929.0
2025-05-13 13:00:00,11909.0
2025-05-13 14:00:00,11919.0
2025-05-13 15:00:00,11888.0
2025-05-13 16:00:00,11880.0
2025-05-13 17:00:00,11891.0
2025-05-13 18:00:00,11884.0
2025-05-13 19:00:00,11886.0
2025-05-13 20:00:00,11847.0
2025-05-13 23:00:00,11876.0
2025-05-14 07:00:00,11836.0
2025-05-14 08:00:00,11883.0
2025-05-14 09:00:00,11857.0
2025-05-14 10:00:00,11877.0
2025-05-14 11:00:00,11878.0
2025-05-14 12:00:00,11874.0
2025-05-14 13:00:00,11907.0
2025-05-14 14:00:00,11887.0
2025-05-14 15:00:00,11853.0
2025-05-14 16:00:00,11847.0
2025-05-14 17:00:00,11841.0
2025-05-14 18:00:00,11839.0
2025-05-14 19:00:00,11840.0
2025-05-14 20:00:00,11850.0
2025-05-14 23:00:00,11832.0
2025-05-15 07:00:00,11786.0
2025-05-15 08:00:00,11830.0
2025-05-15 09:00:00,11843.0
2025-05-15 10:00:00,11866.0
2025-05-15 11:00:00,11885.0
2025-05-15 12:00:00,11886.0
2025-05-15 13:00:00,11902.0
2025-05-15 14:00:00,11913.0
2025-05-15 15:00:00,11914.0
2025-05-15 16:00:00,11933.0
2025-05-15 17:00:00,11940.0
2025-05-15 18:00:00,11940.0
2025-05-15 19:00:00,11954.0
2025-05-15 20:00:00,11962.0
2025-05-15 23:00:00,11940.0
2025-05-16 07:00:00,11993.0
2025-05-16 08:00:00,12066.0
2025-05-16 09:00:00,12094.0
2025-05-16 10:00:00,12098.0
2025-05-16 11:00:00,12070.0
2025-05-16 12:00:00,12053.0
2025-05-16 13:00:00,12010.0
2025-05-16 14:00:00,12029.0
2025-05-16 15:00:00,12026.0
2025-05-16 16:00:00,12055.0
2025-05-16 17:00:00,12065.0
2025-05-16 18:00:00,12074.0
2025-05-16 19:00:00,12091.0
2025-05-16 20:00:00,12117.0
2025-05-16 23:00:00,12039.0
2025-05-19 07:00:00,12031.0
2025-05-19 08:00:00,12028.0
2025-05-19 09:00:00,12035.0
2025-05-19 10:00:00,12042.0
2025-05-19 11:00:00,12037.0
2025-05-19 12:00:00,12032.0
2025-05-19 13:00:00,12015.0
2025-05-19 14:00:00,12054.0
2025-05-19 15:00:00,12078.0
2025-05-19 16:00:00,12109.0
2025-05-19 17:00:00,12137.0
2025-05-19 18:00:00,12146.0
2025-05-19 19:00:00,12165.0
2025-05-19 20:00:00,12179.0
2025-05-19 23:00:00,12089.0
2025-05-20 07:00:00,12122.0
2025-05-20 08:00:00,12090.0
2025-05-20 09:00:00,12123.0
2025-05-20 10:00:00,12131.0
2025-05-20 11:00:00,12158.0
2025-05-20 12:00:00,12162.0
2025-05-20 13:00:00,12173.0
2025-05-20 14:00:00,12187.0
2025-05-20 15:00:00,12143.0
2025-05-20 16:00:00,12160.0
2025-05-20 17:00:00,12154.0
2025-05-20 18:00:00,12149.0
2025-05-20 19:00:00,12117.0
2025-05-20 20:00:00,12137.0
2025-05-20 23:00:00,12166.0
2025-05-21 07:00:00,12069.0
2025-05-21 08:00:00,12082.0
2025-05-21 09:00:00,12075.0
2025-05-21 10:00:00,12056.0
2025-05-21 11:00:00,12063.0
2025-05-21 12:00:00,12075.0
2025-05-21 13:00:00,12090.0
2025-05-21 14:00:00,12090.0
2025-05-21 15:00:00,12111.0
2025-05-21 16:00:00,12122.0
2025-05-21 17:00:00,12123.0
2025-05-21 18:00:00,12056.0
2025-05-21 19:00:00,12028.0
2025-05-21 20:00:00,12040.0
2025-05-21 23:00:00,12122.0
2025-05-22 07:00:00,12054.0
2025-05-22 08:00:00,12027.0
2025-05-22 09:00:00,12003.0
2025-05-22 10:00:00,11992.0
2025-05-22 11:00:00,11992.0
2025-05-22 12:00:00,11964.0
2025-05-22 13:00:00,11992.0
2025-05-22 14:00:00,11956.0
2025-05-22 15:00:00,11997.0
2025-05-22 16:00:00,12033.0
2025-05-22 17:00:00,12031.0
2025-05-22 18:00:00,12064.0
2025-05-22 19:00:00,12069.0
2025-05-22 20:00:00,12032.0
2025-05-22 23:00:00,12009.0
2025-05-23 07:00:00,12032.0
2025-05-23 08:00:00,12056.0
2025-05-23 09:00:00,12038.0
2025-05-23 10:00:00,12037.0
2025-05-23 11:00:00,12033.0
2025-05-23 12:00:00,11830.0
2025-05-23 13:00:00,11844.0
2025-05-23 14:00:00,11899.0
2025-05-23 15:00:00,11942.0
2025-05-23 16:00:00,11950.0
2025-05-23 17:00:00,11962.0
2025-05-23 18:00:00,11981.0
2025-05-23 19:00:00,11965.0
2025-05-23 20:00:00,11971.0
2025-05-23 23:00:00,11946.0
2025-05-26 07:00:00,12057.0
2025-05-26 08:00:00,12049.0
2025-05-26 09:00:00,12043.0
2025-05-26 10:00:00,12074.0
2025-05-26 11:00:00,12076.0
2025-05-26 12:00:00,12084.0
2025-05-26 13:00:00,12058.0
2025-05-26 14:00:00,12071.0
2025-05-26 15:00:00,12077.0
2025-05-26 16:00:00,12075.0
2025-05-26 17:00:00,12074.0
2025-05-26 18:00:00,12075.0
2025-05-26 19:00:00,12081.0
2025-05-26 20:00:00,12078.0
2025-05-26 23:00:00,12077.0
2025-05-27 07:00:00,12067.0
2025-05-27 08:00:00,12096.0
2025-05-27 09:00:00,12100.0
2025-05-27 10:00:00,12119.0
2025-05-27 11:00:00,12112.0
2025-05-27 12:00:00,12096.0
2025-05-27 13:00:00,12091.0
2025-05-27 14:00:00,12079.0
2025-05-27 15:00:00,12093.0
2025-05-27 16:00:00,12081.0
2025-05-27 17:00:00,12090.0
2025-05-27 18:00:00,12088.0
2025-05-27 19:00:00,12081.0
2025-05-27 20:00:00,12091.0
2025-05-27 23:00:00,12091.0
2025-05-28 07:00:00,12039.0
2025-05-28 08:00:00,12028.0
2025-05-28 09:00:00,12011.0
2025-05-28 10:00:00,11993.0
2025-05-28 11:00:00,12002.0
2025-05-28 12:00:00,11977.0
2025-05-28 13:00:00,11937.0
2025-05-28 14:00:00,11960.0
2025-05-28 15:00:00,11945.0
2025-05-28 16:00:00,11945.0
2025-05-28 17:00:00,11960.0
2025-05-28 18:00:00,11963.0
2025-05-28 19:00:00,11955.0
2025-05-28 20:00:00,11949.0
2025-05-28 23:00:00,11945.0
2025-05-30 07:00:00,11922.0
2025-05-30 08:00:00,11999.0
2025-05-30 09:00:00,12025.0
2025-05-30 10:00:00,12052.0
2025-05-30 11:00:00,12035.0
2025-05-30 12:00:00,12034.0
2025-05-30 13:00:00,12017.0
2025-05-30 14:00:00,11989.0
2025-05-30 15:00:00,11966.0
2025-05-30 16:00:00,11982.0
2025-05-30 17:00:00,11937.0
2025-05-30 18:00:00,11964.0
2025-05-30 19:00:00,11999.0
2025-05-30 20:00:00,12003.0
2025-05-30 23:00:00,11969.0
2025-06-02 07:00:00,11950.0
2025-06-02 08:00:00,11904.0
2025-06-02 09:00:00,11951.0
2025-06-02 10:00:00,11934.0
2025-06-02 11:00:00,11936.0
2025-06-02 12:00:00,11984.0
2025-06-02 13:00:00,11941.0
2025-06-02 14:00:00,11911.0
2025-06-02 15:00:00,11947.0
2025-06-02 16:00:00,11953.0
2025-06-02 17:00:00,11966.0
2025-06-02 18:00:00,11959.0
2025-06-02 19:00:00,11986.0
2025-06-02 20:00:00,11995.0
2025-06-02 23:00:00,11963.0
2025-06-03 07:00:00,11996.0
2025-06-03 08:00:00,11959.0
2025-06-03 09:00:00,11953.0
2025-06-03 10:00:00,11955.0
2025-06-03 11:00:00,11965.0
2025-06-03 12:00:00,11952.0
2025-06-03 13:00:00,11977.0
2025-06-03 14:00:00,11966.0
2025-06-03 15:00:00,11976.0
2025-06-03 16:00:00,11998.0
2025-06-03 17:00:00,11992.0
2025-06-03 18:00:00,11996.0
2025-06-03 19:00:00,12007.0
2025-06-03 20:00:00,12014.0
2025-06-03 23:00:00,11984.0
2025-06-04 07:00:00,12039.0
2025-06-04 08:00:00,11992.0
2025-06-04 09:00:00,12031.0
2025-06-04 10:00:00,12061.0
2025-06-04 11:00:00,12052.0
2025-06-04 12:00:00,12055.0
2025-06-04 13:00:00,12065.0
2025-06-04 14:00:00,12073.0
2025-06-04 15:00:00,12060.0
2025-06-04 16:00:00,12044.0
2025-06-04 17:00:00,12043.0
2025-06-04 18:00:00,12058.0
2025-06-04 19:00:00,12045.0
2025-06-04 20:00:00,12041.0
2025-06-04 23:00:00,12055.0
2025-06-05 07:00:00,12032.0
2025-06-05 08:00:00,12082.0
2025-06-05 09:00:00,12101.0
2025-06-05 10:00:00,12105.0
2025-06-05 11:00:00,12098.0
2025-06-05 12:00:00,12080.0
2025-06-05 13:00:00,12075.0
2025-06-05 14:00:00,12020.0
2025-06-05 15:00:00,12088.0
2025-06-05 16:00:00,12057.0
2025-06-05 17:00:00,12031.0
2025-06-05 18:00:00,12046.0
2025-06-05 19:00:00,12052.0
2025-06-05 20:00:00,12039.0
2025-06-05 23:00:00,12068.0
2025-06-06 07:00:00,12071.0
2025-06-06 08:00:00,12094.0
2025-06-06 09:00:00,12061.0
2025-06-06 10:00:00,12058.0
2025-06-06 11:00:00,12045.0
2025-06-06 12:00:00,12056.0
2025-06-06 13:00:00,12069.0
2025-06-06 14:00:00,12128.0
2025-06-06 15:00:00,12108.0
2025-06-06 16:00:00,12114.0
2025-06-06 17:00:00,12093.0
2025-06-06 18:00:00,12091.0
2025-06-06 19:00:00,12105.0
2025-06-06 20:00:00,12108.0
2025-06-06 23:00:00,12112.0
2025-06-10 07:00:00,12111.0
2025-06-10 08:00:00,12103.0
2025-06-10 09:00:00,12041.0
2025-06-10 10:00:00,12049.0
2025-06-10 11:00:00,12056.0
2025-06-10 12:00:00,12067.0
2025-06-10 13:00:00,12090.0
2025-06-10 14:00:00,12092.0
2025-06-10 15:00:00,12096.0
2025-06-10 16:00:00,12101.0
2025-06-10 17:00:00,12107.0
2025-06-10 18:00:00,12105.0
2025-06-10 19:00:00,12100.0
2025-06-10 20:00:00,12103.0
2025-06-10 23:00:00,12100.0
2025-06-11 07:00:00,12081.0
2025-06-11 08:00:00,12132.0
2025-06-11 09:00:00,12128.0
2025-06-11 10:00:00,12115.0
2025-06-11 11:00:00,12106.0
2025-06-11 12:00:00,12089.0
2025-06-11 13:00:00,12114.0
2025-06-11 14:00:00,12106.0
2025-06-11 15:00:00,12090.0
2025-06-11 16:00:00,12060.0
2025-06-11 17:00:00,12065.0
2025-06-11 18:00:00,12064.0
2025-06-11 19:00:00,12032.0
2025-06-11 20:00:00,12029.0
2025-06-11 23:00:00,12085.0
2025-06-12 07:00:00,11988.0
2025-06-12 08:00:00,11977.0
2025-06-12 09:00:00,11997.0
2025-06-12 10:00:00,11986.0
2025-06-12 11:00:00,11988.0
2025-06-12 12:00:00,11993.0
2025-06-12 13:00:00,12032.0
2025-06-12 14:00:00,12039.0
2025-06-12 15:00:00,12091.0
2025-06-12 16:00:00,12057.0
2025-06-12 17:00:00,12070.0
2025-06-12 18:00:00,12072.0
2025-06-12 19:00:00,12073.0
2025-06-12 19:00:01,12073.0
2025-06-12 19:00:02,12073.0
2025-06-12 20:00:00,12071.0
2025-06-12 23:00:00,12077.0
2025-06-13 07:00:00,11855.0
2025-06-13 08:00:00,11943.0
2025-06-13 09:00:00,11922.0
2025-06-13 10:00:00,11939.0
2025-06-13 11:00:00,11925.0
2025-06-13 12:00:00,11965.0
2025-06-13 13:00:00,11939.0
2025-06-13 14:00:00,11910.0
2025-06-13 15:00:00,11897.0
2025-06-13 16:00:00,11894.0
2025-06-13 17:00:00,11888.0
2025-06-13 18:00:00,11869.0
2025-06-13 19:00:00,11823.0
2025-06-13 20:00:00,11829.0
2025-06-13 23:00:00,11871.0
2025-06-16 07:00:00,11859.0
2025-06-16 08:00:00,11843.0
2025-06-16 09:00:00,11873.0
2025-06-16 10:00:00,11851.0
2025-06-16 11:00:00,11887.0
2025-06-16 12:00:00,11872.0
2025-06-16 13:00:00,11858.0
2025-06-16 14:00:00,11870.0
2025-06-16 15:00:00,11882.0
2025-06-16 16:00:00,11837.0
2025-06-16 17:00:00,11814.0
2025-06-16 18:00:00,11814.0
2025-06-16 19:00:00,11800.0
2025-06-16 20:00:00,11787.0
2025-06-16 23:00:00,11862.0
2025-06-17 07:00:00,11714.0
2025-06-17 08:00:00,11775.0
2025-06-17 09:00:00,11815.0
2025-06-17 10:00:00,11777.0
2025-06-17 11:00:00,11780.0
2025-06-17 12:00:00,11828.0
2025-06-17 13:00:00,11805.0
2025-06-17 14:00:00,11769.0
2025-06-17 15:00:00,11773.0
2025-06-17 16:00:00,11770.0
2025-06-17 17:00:00,11766.0
2025-06-17 18:00:00,11715.0
2025-06-17 19:00:00,11714.0
2025-06-17 20:00:00,11725.0
2025-06-17 23:00:00,11764.0
2025-06-18 07:00:00,11737.0
2025-06-18 08:00:00,11733.0
2025-06-18 09:00:00,11727.0
2025-06-18 10:00:00,11731.0
2025-06-18 11:00:00,11676.0
2025-06-18 12:00:00,11721.0
2025-06-18 13:00:00,11709.0
2025-06-18 14:00:00,11674.0
2025-06-18 15:00:00,11719.0
2025-06-18 16:00:00,11716.0
2025-06-18 17:00:00,11711.0
2025-06-18 18:00:00,11719.0
2025-06-18 19:00:00,11717.0
2025-06-18 20:00:00,11717.0
2025-06-18 23:00:00,11700.0
2025-06-19 07:00:00,11632.0
2025-06-19 08:00:00,11584.0
2025-06-19 09:00:00,11599.0
2025-06-19 10:00:00,11619.0
2025-06-19 11:00:00,11650.0
2025-06-19 12:00:00,11643.0
2025-06-19 13:00:00,11648.0
2025-06-19 14:00:00,11651.0
2025-06-19 15:00:00,11644.0
2025-06-19 16:00:00,11615.0
2025-06-19 17:00:00,11617.0
2025-06-19 18:00:00,11624.0
2025-06-19 19:00:00,11628.0
2025-06-19 20:00:00,11608.0
2025-06-19 23:00:00,11639.0
2025-06-20 07:00:00,11625.0
2025-06-20 08:00:00,11691.0
2025-06-20 09:00:00,11664.0
2025-06-20 10:00:00,11681.0
2025-06-20 11:00:00,11678.0
2025-06-20 12:00:00,11693.0
2025-06-20 13:00:00,11695.0
2025-06-20 14:00:00,11649.0
2025-06-20 15:00:00,11636.0
2025-06-20 16:00:00,11610.0
2025-06-20 17:00:00,11602.0
2025-06-20 18:00:00,11568.0
2025-06-20 19:00:00,11563.0
2025-06-20 20:00:00,11567.0
2025-06-20 23:00:00,11646.0
2025-06-23 07:00:00,11553.0
2025-06-23 08:00:00,11641.0
2025-06-23 09:00:00,11642.0
2025-06-23 10:00:00,11624.0
2025-06-23 11:00:00,11618.0
2025-06-23 12:00:00,11599.0
2025-06-23 13:00:00,11624.0
2025-06-23 14:00:00,11620.0
2025-06-23 15:00:00,11595.0
2025-06-23 16:00:00,11585.0
2025-06-23 17:00:00,11558.0
2025-06-23 18:00:00,11636.0
2025-06-23 19:00:00,11633.0
2025-06-23 20:00:00,11661.0
2025-06-23 23:00:00,11610.0
2025-06-24 07:00:00,11806.0
2025-06-24 08:00:00,11791.0
2025-06-24 09:00:00,11798.0
2025-06-24 10:00:00,11770.0
2025-06-24 11:00:00,11755.0
2025-06-24 12:00:00,11744.0
2025-06-24 13:00:00,11753.0
2025-06-24 14:00:00,11720.0
2025-06-24 15:00:00,11744.0
2025-06-24 16:00:00,11734.0
2025-06-24 17:00:00,11759.0
2025-06-24 18:00:00,11769.0
2025-06-24 19:00:00,11768.0
2025-06-24 20:00:00,11771.0
2025-06-24 23:00:00,11739.0
2025-06-25 07:00:00,11763.0
2025-06-25 08:00:00,11773.0
2025-06-25 09:00:00,11740.0
2025-06-25 10:00:00,11729.0
2025-06-25 11:00:00,11722.0
2025-06-25 12:00:00,11718.0
2025-06-25 13:00:00,11691.0
2025-06-25 14:00:00,11658.0
2025-06-25 15:00:00,11632.0
2025-06-25 16:00:00,11626.0
2025-06-25 17:00:00,11625.0
2025-06-25 18:00:00,11616.0
2025-06-25 19:00:00,11610.0
2025-06-25 20:00:00,11624.0
2025-06-25 23:00:00,11628.0
2025-06-26 07:00:00,11664.0
2025-06-26 08:00:00,11663.0
2025-06-26 09:00:00,11662.0
2025-06-26 10:00:00,11658.0
2025-06-26 11:00:00,11658.0
2025-06-26 12:00:00,11649.0
2025-06-26 13:00:00,11614.0
2025-06-26 14:00:00,11601.0
2025-06-26 15:00:00,11637.0
2025-06-26 16:00:00,11635.0
2025-06-26 17:00:00,11641.0
2025-06-26 18:00:00,11641.0
2025-06-26 19:00:00,11644.0
2025-06-26 20:00:00,11678.0
2025-06-26 23:00:00,11631.0
2025-06-27 07:00:00,11699.0
2025-06-27 08:00:00,11753.0
2025-06-27 09:00:00,11767.0
2025-06-27 10:00:00,11749.0
2025-06-27 11:00:00,11737.0
2025-06-27 12:00:00,11735.0
2025-06-27 13:00:00,11703.0
2025-06-27 14:00:00,11721.0
2025-06-27 15:00:00,11712.0
2025-06-27 16:00:00,11752.0
2025-06-27 17:00:00,11752.0
2025-06-27 18:00:00,11728.0
2025-06-27 19:00:00,11700.0
2025-06-27 20:00:00,11743.0
2025-06-27 23:00:00,11727.0
2025-06-30 07:00:00,11762.0
2025-06-30 08:00:00,11729.0
2025-06-30 09:00:00,11702.0
2025-06-30 10:00:00,11695.0
2025-06-30 11:00:00,11731.0
2025-06-30 12:00:00,11719.0
2025-06-30 13:00:00,11692.0
2025-06-30 14:00:00,11660.0
2025-06-30 15:00:00,11686.0
2025-06-30 16:00:00,11667.0
2025-06-30 17:00:00,11681.0
2025-06-30 18:00:00,11661.0
2025-06-30 19:00:00,11672.0
2025-06-30 20:00:00,11682.0
2025-06-30 23:00:00,11655.0
2025-07-01 07:00:00,11687.0
2025-07-01 08:00:00,11690.0
2025-07-01 09:00:00,11659.0
2025-07-01 10:00:00,11643.0
2025-07-01 11:00:00,11624.0
2025-07-01 12:00:00,11605.0
2025-07-01 13:00:00,11599.0
2025-07-01 14:00:00,11639.0
2025-07-01 15:00:00,11671.0
2025-07-01 16:00:00,11716.0
2025-07-01 17:00:00,11701.0
2025-07-01 18:00:00,11717.0
2025-07-01 19:00:00,11728.0
2025-07-01 20:00:00,11719.0
2025-07-01 23:00:00,11696.0
2025-07-02 07:00:00,11732.0
2025-07-02 08:00:00,11694.0
2025-07-02 09:00:00,11736.0
2025-07-02 10:00:00,11744.0
2025-07-02 11:00:00,11739.0
2025-07-02 12:00:00,11740.0
2025-07-02 13:00:00,11706.0
2025-07-02 14:00:00,11708.0
2025-07-02 15:00:00,11726.0
2025-07-02 16:00:00,11743.0
2025-07-02 17:00:00,11742.0
2025-07-02 18:00:00,11742.0
2025-07-02 19:00:00,11751.0
2025-07-02 20:00:00,11758.0
2025-07-02 23:00:00,11733.0
2025-07-03 07:00:00,11766.0
2025-07-03 08:00:00,11764.0
2025-07-03 09:00:00,11738.0
2025-07-03 10:00:00,11735.0
2025-07-03 11:00:00,11736.0
2025-07-03 12:00:00,11736.0
2025-07-03 13:00:00,11752.0
2025-07-03 14:00:00,11731.0
2025-07-03 15:00:00,11718.0
2025-07-03 16:00:00,11750.0
2025-07-03 17:00:00,11736.0
2025-07-03 18:00:00,11731.0
2025-07-03 19:00:00,11724.0
2025-07-03 20:00:00,11727.0
2025-07-03 23:00:00,11721.0
2025-07-04 07:00:00,11672.0
2025-07-04 08:00:00,11655.0
2025-07-04 09:00:00,11633.0
2025-07-04 10:00:00,11651.0
2025-07-04 11:00:00,11648.0
2025-07-04 12:00:00,11648.0
2025-07-04 13:00:00,11662.0
2025-07-04 14:00:00,11756.0
2025-07-04 15:00:00,11729.0
2025-07-04 16:00:00,11692.0
2025-07-04 17:00:00,11678.0
2025-07-04 20:00:00,11668.0
2025-07-04 23:00:00,11713.0
2025-07-07 07:00:00,11714.0
2025-07-07 08:00:00,11720.0
2025-07-07 09:00:00,11722.0
2025-07-07 10:00:00,11722.0
2025-07-07 11:00:00,11724.0
2025-07-07 12:00:00,11731.0
2025-07-07 13:00:00,11695.0
2025-07-07 14:00:00,11713.0
2025-07-07 15:00:00,11701.0
2025-07-07 16:00:00,11704.0
2025-07-07 17:00:00,11671.0
2025-07-07 18:00:00,11685.0
2025-07-07 19:00:00,11688.0
2025-07-07 20:00:00,11679.0
2025-07-07 23:00:00,11697.0
2025-07-08 07:00:00,11695.0
2025-07-08 08:00:00,11689.0
2025-07-08 09:00:00,11668.0
2025-07-08 10:00:00,11660.0
2025-07-08 11:00:00,11647.0
2025-07-08 12:00:00,11646.0
2025-07-08 13:00:00,11634.0
2025-07-08 14:00:00,11676.0
2025-07-08 15:00:00,11705.0
2025-07-08 16:00:00,11737.0
2025-07-08 17:00:00,11708.0
2025-07-08 18:00:00,11700.0
2025-07-08 19:00:00,11712.0
2025-07-08 20:00:00,11705.0
2025-07-08 23:00:00,11709.0
2025-07-09 07:00:00,11711.0
2025-07-09 08:00:00,11712.0
2025-07-09 09:00:00,11716.0
2025-07-09 10:00:00,11767.0
2025-07-09 11:00:00,11777.0
2025-07-09 12:00:00,11779.0
2025-07-09 13:00:00,11751.0
2025-07-09 14:00:00,11765.0
2025-07-09 15:00:00,11735.0
2025-07-09 16:00:00,11757.0
2025-07-09 17:00:00,11763.0
2025-07-09 18:00:00,11775.0
2025-07-09 19:00:00,11789.0
2025-07-09 20:00:00,11794.0
2025-07-09 23:00:00,11735.0
2025-07-10 07:00:00,11786.0
2025-07-10 08:00:00,11808.0
2025-07-10 09:00:00,11840.0
2025-07-10 10:00:00,11854.0
2025-07-10 11:00:00,11840.0
2025-07-10 12:00:00,11832.0
2025-07-10 13:00:00,11836.0
2025-07-10 14:00:00,11845.0
2025-07-10 15:00:00,11867.0
2025-07-10 16:00:00,11875.0
2025-07-10 17:00:00,11868.0
2025-07-10 18:00:00,11882.0
2025-07-10 19:00:00,11869.0
2025-07-10 20:00:00,11869.0
2025-07-10 23:00:00,11874.0
2025-07-11 07:00:00,11823.0
2025-07-11 08:00:00,11770.0
2025-07-11 09:00:00,11739.0
2025-07-11 10:00:00,11733.0
2025-07-11 11:00:00,11739.0
2025-07-11 12:00:00,11753.0
2025-07-11 13:00:00,11735.0
2025-07-11 14:00:00,11716.0
2025-07-11 15:00:00,11685.0
2025-07-11 16:00:00,11692.0
2025-07-11 17:00:00,11690.0
2025-07-11 18:00:00,11697.0
2025-07-11 19:00:00,11703.0
2025-07-11 20:00:00,11681.0
2025-07-11 23:00:00,11668.0
2025-07-14 07:00:00,11627.0
2025-07-14 08:00:00,11650.0
2025-07-14 09:00:00,11657.0
2025-07-14 10:00:00,11657.0
2025-07-14 11:00:00,11652.0
2025-07-14 12:00:00,11657.0
2025-07-14 13:00:00,11632.0
2025-07-14 14:00:00,11636.0
2025-07-14 15:00:00,11653.0
2025-07-14 16:00:00,11686.0
2025-07-14 17:00:00,11700.0
2025-07-14 18:00:00,11707.0
2025-07-14 19:00:00,11702.0
2025-07-14 20:00:00,11707.0
2025-07-14 23:00:00,11665.0
2025-07-15 07:00:00,11667.0
2025-07-15 08:00:00,11714.0
2025-07-15 09:00:00,11705.0
2025-07-15 10:00:00,11708.0
2025-07-15 11:00:00,11709.0
2025-07-15 12:00:00,11703.0
2025-07-15 13:00:00,11707.0
2025-07-15 14:00:00,11681.0
2025-07-15 15:00:00,11624.0
2025-07-15 16:00:00,11662.0
2025-07-15 17:00:00,11655.0
2025-07-15 18:00:00,11671.0
2025-07-15 19:00:00,11656.0
2025-07-15 20:00:00,11641.0
2025-07-15 23:00:00,11624.0
2025-07-16 07:00:00,11620.0
2025-07-16 08:00:00,11644.0
2025-07-16 09:00:00,11648.0
2025-07-16 10:00:00,11663.0
2025-07-16 11:00:00,11677.0
2025-07-16 12:00:00,11703.0
2025-07-16 13:00:00,11692.0
2025-07-16 14:00:00,11709.0
2025-07-16 15:00:00,11687.0
2025-07-16 16:00:00,11693.0
2025-07-16 17:00:00,11700.0
2025-07-16 18:00:00,11717.0
2025-07-16 19:00:00,11734.0
2025-07-16 20:00:00,11725.0
2025-07-16 23:00:00,11657.0
2025-07-17 07:00:00,11750.0
2025-07-17 08:00:00,11730.0
2025-07-17 09:00:00,11728.0
2025-07-17 10:00:00,11731.0
2025-07-17 11:00:00,11743.0
2025-07-17 12:00:00,11690.0
2025-07-17 13:00:00,11696.0
2025-07-17 14:00:00,11715.0
2025-07-17 15:00:00,11703.0
2025-07-17 16:00:00,11702.0
2025-07-17 17:00:00,11692.0
2025-07-17 18:00:00,11701.0
2025-07-17 19:00:00,11712.0
2025-07-17 20:00:00,11707.0
2025-07-17 23:00:00,11698.0
2025-07-18 07:00:00,11726.0
2025-07-18 08:00:00,11760.0
2025-07-18 09:00:00,11770.0
2025-07-18 10:00:00,11768.0
2025-07-18 11:00:00,11721.0
2025-07-18 12:00:00,11727.0
2025-07-18 13:00:00,11739.0
2025-07-18 14:00:00,11715.0
2025-07-18 15:00:00,11719.0
2025-07-18 16:00:00,11731.0
2025-07-18 17:00:00,11702.0
2025-07-18 18:00:00,11698.0
2025-07-18 19:00:00,11687.0
2025-07-18 20:00:00,11687.0
2025-07-18 23:00:00,11717.0
2025-07-21 07:00:00,11699.0
2025-07-21 08:00:00,11705.0
2025-07-21 09:00:00,11736.0
2025-07-21 10:00:00,11706.0
2025-07-21 11:00:00,11688.0
2025-07-21 12:00:00,11676.0
2025-07-21 13:00:00,11668.0
2025-07-21 14:00:00,11672.0
2025-07-21 15:00:00,11671.0
2025-07-21 16:00:00,11665.0
2025-07-21 17:00:00,11672.0
2025-07-21 18:00:00,11665.0
2025-07-21 19:00:00,11662.0
2025-07-21 20:00:00,11641.0
2025-07-21 23:00:00,11675.0
2025-07-22 07:00:00,11627.0
2025-07-22 08:00:00,11616.0
2025-07-22 09:00:00,11627.0
2025-07-22 10:00:00,11627.0
2025-07-22 11:00:00,11606.0
2025-07-22 12:00:00,11611.0
2025-07-22 13:00:00,11611.0
2025-07-22 14:00:00,11640.0
2025-07-22 15:00:00,11632.0
2025-07-22 16:00:00,11645.0
2025-07-22 17:00:00,11645.0
2025-07-22 18:00:00,11656.0
2025-07-22 19:00:00,11668.0
2025-07-22 20:00:00,11672.0
2025-07-22 23:00:00,11621.0
2025-07-23 07:00:00,11752.0
2025-07-23 08:00:00,11793.0
2025-07-23 09:00:00,11817.0
2025-07-23 10:00:00,11812.0
2025-07-23 11:00:00,11778.0
2025-07-23 12:00:00,11794.0
2025-07-23 13:00:00,11809.0
2025-07-23 14:00:00,11805.0
2025-07-23 15:00:00,11809.0
2025-07-23 16:00:00,11890.0
2025-07-23 17:00:00,11912.0
2025-07-23 18:00:00,11935.0
2025-07-23 19:00:00,11943.0
2025-07-23 20:00:00,11945.0
2025-07-23 23:00:00,11818.0
2025-07-24 07:00:00,11885.0
2025-07-24 08:00:00,11821.0
2025-07-24 09:00:00,11826.0
2025-07-24 10:00:00,11785.0
2025-07-24 11:00:00,11738.0
2025-07-24 12:00:00,11774.0
2025-07-24 13:00:00,11768.0
2025-07-24 14:00:00,11778.0
2025-07-24 15:00:00,11779.0
2025-07-24 16:00:00,11786.0
2025-07-24 17:00:00,11768.0
2025-07-24 18:00:00,11768.0
2025-07-24 19:00:00,11756.0
2025-07-24 20:00:00,11744.0
2025-07-24 23:00:00,11792.0
2025-07-25 07:00:00,11753.0
2025-07-25 08:00:00,11733.0
2025-07-25 09:00:00,11756.0
2025-07-25 10:00:00,11758.0
2025-07-25 11:00:00,11727.0
2025-07-25 12:00:00,11723.0
2025-07-25 13:00:00,11692.0
2025-07-25 14:00:00,11676.0
2025-07-25 15:00:00,11701.0
2025-07-25 16:00:00,11696.0
2025-07-25 17:00:00,11717.0
2025-07-25 18:00:00,11731.0
2025-07-25 19:00:00,11735.0
2025-07-25 20:00:00,11746.0
2025-07-25 23:00:00,11714.0
2025-07-28 07:00:00,11768.0
2025-07-28 08:00:00,11791.0
2025-07-28 09:00:00,11779.0
2025-07-28 10:00:00,11791.0
2025-07-28 11:00:00,11778.0
2025-07-28 12:00:00,11776.0
2025-07-28 13:00:00,11750.0
2025-07-28 14:00:00,11683.0
2025-07-28 15:00:00,11661.0
2025-07-28 16:00:00,11675.0
2025-07-28 17:00:00,11678.0
2025-07-28 18:00:00,11664.0
2025-07-28 19:00:00,11663.0
2025-07-28 20:00:00,11670.0
2025-07-28 23:00:00,11672.0
2025-07-29 07:00:00,11654.0
2025-07-29 08:00:00,11684.0
2025-07-29 09:00:00,11702.0
2025-07-29 10:00:00,11723.0
2025-07-29 11:00:00,11755.0
2025-07-29 12:00:00,11711.0
2025-07-29 13:00:00,11738.0
2025-07-29 14:00:00,11729.0
2025-07-29 15:00:00,11699.0
2025-07-29 16:00:00,11718.0
2025-07-29 17:00:00,11719.0
2025-07-29 18:00:00,11706.0
2025-07-29 19:00:00,11709.0
2025-07-29 20:00:00,11699.0
2025-07-29 23:00:00,11694.0
2025-07-30 07:00:00,11712.0
2025-07-30 08:00:00,11700.0
2025-07-30 09:00:00,11721.0
2025-07-30 10:00:00,11742.0
2025-07-30 11:00:00,11738.0
2025-07-30 12:00:00,11728.0
2025-07-30 13:00:00,11729.0
2025-07-30 14:00:00,11720.0
2025-07-30 15:00:00,11678.0
2025-07-30 16:00:00,11690.0
2025-07-30 17:00:00,11689.0
2025-07-30 18:00:00,11690.0
2025-07-30 19:00:00,11683.0
2025-07-30 20:00:00,11691.0
2025-07-30 23:00:00,11673.0
2025-07-31 07:00:00,11690.0
2025-07-31 08:00:00,11712.0
2025-07-31 09:00:00,11688.0
2025-07-31 10:00:00,11682.0
2025-07-31 11:00:00,11650.0
2025-07-31 12:00:00,11670.0
2025-07-31 13:00:00,11634.0
2025-07-31 14:00:00,11639.0
2025-07-31 15:00:00,11586.0
2025-07-31 16:00:00,11578.0
2025-07-31 17:00:00,11587.0
2025-07-31 18:00:00,11525.0
2025-07-31 19:00:00,11526.0
2025-07-31 20:00:00,11494.0
2025-07-31 23:00:00,11569.0
2025-08-04 07:00:00,11320.0
2025-08-04 08:00:00,11452.0
2025-08-04 09:00:00,11520.0
2025-08-04 10:00:00,11498.0
2025-08-04 11:00:00,11500.0
2025-08-04 12:00:00,11510.0
2025-08-04 13:00:00,11538.0
2025-08-04 14:00:00,11530.0
2025-08-04 15:00:00,11539.0
2025-08-04 16:00:00,11551.0
2025-08-04 17:00:00,11547.0
2025-08-04 18:00:00,11548.0
2025-08-04 19:00:00,11563.0
2025-08-04 20:00:00,11579.0
2025-08-04 23:00:00,11551.0
2025-08-05 07:00:00,11603.0
2025-08-05 08:00:00,11579.0
2025-08-05 09:00:00,11619.0
2025-08-05 10:00:00,11619.0
2025-08-05 11:00:00,11630.0
2025-08-05 12:00:00,11640.0
2025-08-05 13:00:00,11645.0
2025-08-05 14:00:00,11630.0
2025-08-05 15:00:00,11611.0
2025-08-05 16:00:00,11596.0
2025-08-05 17:00:00,11611.0
2025-08-05 18:00:00,11621.0
2025-08-05 19:00:00,11598.0
2025-08-05 20:00:00,11603.0
2025-08-05 23:00:00,11597.0
2025-08-06 07:00:00,11614.0
2025-08-06 08:00:00,11621.0
2025-08-06 09:00:00,11531.0
2025-08-06 10:00:00,11520.0
2025-08-06 11:00:00,11500.0
2025-08-06 12:00:00,11517.0
2025-08-06 13:00:00,11496.0
2025-08-06 14:00:00,11479.0
2025-08-06 15:00:00,11471.0
2025-08-06 16:00:00,11500.0
2025-08-06 17:00:00,11482.0
2025-08-06 18:00:00,11482.0
2025-08-06 19:00:00,11480.0
2025-08-06 20:00:00,11474.0
2025-08-06 23:00:00,11480.0
2025-08-07 07:00:00,11484.0
2025-08-07 08:00:00,11525.0
2025-08-07 09:00:00,11596.0
2025-08-07 10:00:00,11638.0
2025-08-07 11:00:00,11580.0
2025-08-07 12:00:00,11613.0
2025-08-07 13:00:00,11625.0
2025-08-07 14:00:00,11623.0
2025-08-07 15:00:00,11601.0
2025-08-07 16:00:00,11603.0
2025-08-07 17:00:00,11597.0
2025-08-07 18:00:00,11594.0
2025-08-07 19:00:00,11593.0
2025-08-07 20:00:00,11606.0
2025-08-07 23:00:00,11606.0
2025-08-08 07:00:00,11620.0
2025-08-08 08:00:00,11623.0
2025-08-08 09:00:00,11596.0
2025-08-08 10:00:00,11596.0
2025-08-08 11:00:00,11585.0
2025-08-08 12:00:00,11566.0
2025-08-08 13:00:00,11561.0
2025-08-08 14:00:00,11574.0
2025-08-08 15:00:00,11606.0
2025-08-08 16:00:00,11608.0
2025-08-08 17:00:00,11622.0
2025-08-08 18:00:00,11629.0
2025-08-08 19:00:00,11630.0
2025-08-08 20:00:00,11636.0
2025-08-08 23:00:00,11617.0
2025-08-11 07:00:00,11683.0
2025-08-11 08:00:00,11672.0
2025-08-11 09:00:00,11659.0
2025-08-11 10:00:00,11658.0
2025-08-11 11:00:00,11641.0
2025-08-11 12:00:00,11639.0
2025-08-11 13:00:00,11620.0
2025-08-11 14:00:00,11629.0
2025-08-11 15:00:00,11607.0
2025-08-11 16:00:00,11630.0
2025-08-11 17:00:00,11606.0
2025-08-11 18:00:00,11598.0
2025-08-11 19:00:00,11602.0
2025-08-11 20:00:00,11615.0
2025-08-11 23:00:00,11616.0
2025-08-12 07:00:00,11626.0
2025-08-12 08:00:00,11620.0
2025-08-12 09:00:00,11628.0
2025-08-12 10:00:00,11615.0
2025-08-12 11:00:00,11610.0
2025-08-12 12:00:00,11601.0
2025-08-12 13:00:00,11623.0
2025-08-12 14:00:00,11595.0
2025-08-12 15:00:00,11620.0
2025-08-12 16:00:00,11637.0
2025-08-12 17:00:00,11637.0
2025-08-12 18:00:00,11639.0
2025-08-12 19:00:00,11645.0
2025-08-12 20:00:00,11658.0
2025-08-12 23:00:00,11632.0
2025-08-13 07:00:00,11659.0
2025-08-13 08:00:00,11659.0
2025-08-13 09:00:00,11664.0
2025-08-13 10:00:00,11637.0
2025-08-13 11:00:00,11644.0
2025-08-13 12:00:00,11650.0
2025-08-13 13:00:00,11660.0
2025-08-13 14:00:00,11690.0
2025-08-13 15:00:00,11706.0
2025-08-13 16:00:00,11712.0
2025-08-13 17:00:00,11724.0
2025-08-13 18:00:00,11720.0
2025-08-13 19:00:00,11734.0
2025-08-13 20:00:00,11746.0
2025-08-13 23:00:00,11720.0
2025-08-14 07:00:00,11729.0
2025-08-14 08:00:00,11768.0
2025-08-14 09:00:00,11742.0
2025-08-14 10:00:00,11733.0
2025-08-14 11:00:00,11738.0
2025-08-14 12:00:00,11762.0
2025-08-14 13:00:00,11718.0
2025-08-14 14:00:00,11710.0
2025-08-14 15:00:00,11729.0
2025-08-14 16:00:00,11764.0
2025-08-14 17:00:00,11751.0
2025-08-14 18:00:00,11760.0
2025-08-14 19:00:00,11768.0
2025-08-14 20:00:00,11774.0
2025-08-14 23:00:00,11741.0
2025-08-15 07:00:00,11795.0
2025-08-15 08:00:00,11825.0
2025-08-15 09:00:00,11824.0
2025-08-15 10:00:00,11817.0
2025-08-15 11:00:00,11824.0
2025-08-15 12:00:00,11805.0
2025-08-15 13:00:00,11800.0
2025-08-15 14:00:00,11818.0
2025-08-15 15:00:00,11815.0
2025-08-15 16:00:00,11820.0
2025-08-15 17:00:00,11826.0
2025-08-15 18:00:00,11839.0
2025-08-15 19:00:00,11845.0
2025-08-15 20:00:00,11848.0
2025-08-15 23:00:00,11820.0
2025-08-18 07:00:00,11823.0
2025-08-18 08:00:00,11779.0
2025-08-18 09:00:00,11800.0
2025-08-18 10:00:00,11796.0
2025-08-18 11:00:00,11794.0
2025-08-18 12:00:00,11781.0
2025-08-18 13:00:00,11772.0
2025-08-18 14:00:00,11805.0
2025-08-18 15:00:00,11789.0
2025-08-18 16:00:00,11828.0
2025-08-18 17:00:00,11822.0
2025-08-18 18:00:00,11821.0
2025-08-18 19:00:00,11819.0
2025-08-18 20:00:00,11832.0
2025-08-18 23:00:00,11798.0
2025-08-19 07:00:00,11816.0
2025-08-19 08:00:00,11830.0
2025-08-19 09:00:00,11875.0
2025-08-19 10:00:00,11889.0
2025-08-19 11:00:00,11879.0
2025-08-19 12:00:00,11899.0
2025-08-19 13:00:00,11914.0
2025-08-19 14:00:00,11913.0
2025-08-19 15:00:00,11949.0
2025-08-19 16:00:00,11945.0
2025-08-19 17:00:00,11931.0
2025-08-19 18:00:00,11936.0
2025-08-19 19:00:00,11932.0
2025-08-19 20:00:00,11953.0
2025-08-19 23:00:00,11960.0
2025-08-20 07:00:00,11904.0
2025-08-20 08:00:00,11960.0
2025-08-20 09:00:00,11967.0
2025-08-20 10:00:00,11966.0
2025-08-20 11:00:00,11990.0
2025-08-20 12:00:00,11997.0
2025-08-20 13:00:00,12000.0
2025-08-20 14:00:00,12033.0
2025-08-20 15:00:00,12011.0
2025-08-20 16:00:00,12012.0
2025-08-20 17:00:00,12025.0
2025-08-20 18:00:00,12020.0
2025-08-20 19:00:00,12028.0
2025-08-20 20:00:00,12031.0
2025-08-20 23:00:00,12018.0
2025-08-21 07:00:00,12013.0
2025-08-21 08:00:00,11991.0
2025-08-21 09:00:00,11956.0
2025-08-21 10:00:00,11949.0
2025-08-21 11:00:00,11945.0
2025-08-21 12:00:00,11942.0
2025-08-21 13:00:00,11942.0
2025-08-21 14:00:00,11978.0
2025-08-21 15:00:00,11991.0
2025-08-21 16:00:00,11986.0
2025-08-21 17:00:00,11981.0
2025-08-21 18:00:00,11988.0
2025-08-21 19:00:00,11983.0
2025-08-21 20:00:00,11985.0
2025-08-21 23:00:00,11980.0
2025-08-22 07:00:00,11931.0
2025-08-22 08:00:00,11990.0
2025-08-22 09:00:00,12019.0
2025-08-22 10:00:00,12006.0
2025-08-22 11:00:00,12024.0
2025-08-22 12:00:00,12017.0
2025-08-22 13:00:00,12021.0
2025-08-22 14:00:00,12046.0
2025-08-22 15:00:00,12028.0
2025-08-22 16:00:00,12005.0
2025-08-22 17:00:00,12004.0
2025-08-22 18:00:00,12009.0
2025-08-22 19:00:00,12013.0
2025-08-22 20:00:00,12020.0
2025-08-22 23:00:00,12017.0
2025-08-25 07:00:00,11975.0
2025-08-25 08:00:00,11971.0
2025-08-25 09:00:00,11978.0
2025-08-25 10:00:00,11979.0
2025-08-25 11:00:00,11994.0
2025-08-25 12:00:00,11986.0
2025-08-25 13:00:00,11988.0
2025-08-25 14:00:00,12007.0
2025-08-25 15:00:00,11950.0
2025-08-25 16:00:00,11952.0
2025-08-25 17:00:00,11951.0
2025-08-25 18:00:00,11948.0
2025-08-25 19:00:00,11949.0
2025-08-25 20:00:00,11946.0
2025-08-25 23:00:00,11948.0
2025-08-26 07:00:00,11886.0
2025-08-26 08:00:00,11903.0
2025-08-26 09:00:00,11950.0
2025-08-26 10:00:00,11949.0
2025-08-26 11:00:00,11974.0
2025-08-26 12:00:00,11959.0
2025-08-26 13:00:00,11955.0
2025-08-26 14:00:00,11933.0
2025-08-26 15:00:00,11914.0
2025-08-26 16:00:00,11906.0
2025-08-26 17:00:00,11907.0
2025-08-26 18:00:00,11917.0
2025-08-26 19:00:00,11932.0
2025-08-26 20:00:00,11945.0
2025-08-26 23:00:00,11907.0
2025-08-27 07:00:00,11918.0
2025-08-27 08:00:00,11943.0
2025-08-27 09:00:00,11926.0
2025-08-27 10:00:00,11933.0
2025-08-27 11:00:00,11945.0
2025-08-27 12:00:00,11945.0
2025-08-27 13:00:00,11945.0
2025-08-27 14:00:00,11962.0
2025-08-27 15:00:00,11934.0
2025-08-27 16:00:00,11941.0
2025-08-27 17:00:00,11942.0
2025-08-27 18:00:00,11947.0
2025-08-27 19:00:00,11952.0
2025-08-27 20:00:00,11951.0
2025-08-27 23:00:00,11959.0
2025-08-28 07:00:00,11969.0
2025-08-28 08:00:00,11990.0
2025-08-28 09:00:00,11970.0
2025-08-28 10:00:00,11947.0
2025-08-28 11:00:00,11925.0
2025-08-28 12:00:00,11956.0
2025-08-28 13:00:00,11955.0
2025-08-28 14:00:00,11953.0
2025-08-28 15:00:00,11953.0
2025-08-28 16:00:00,11969.0
2025-08-28 17:00:00,11968.0
2025-08-28 18:00:00,11971.0
2025-08-28 19:00:00,11970.0
2025-08-28 20:00:00,11971.0
2025-08-28 23:00:00,11956.0
2025-08-29 07:00:00,11949.0
2025-08-29 08:00:00,11919.0
2025-08-29 09:00:00,11913.0
2025-08-29 10:00:00,11950.0
2025-08-29 11:00:00,11937.0
2025-08-29 12:00:00,11959.0
2025-08-29 13:00:00,11969.0
2025-08-29 14:00:00,11967.0
2025-08-29 15:00:00,11948.0
2025-08-29 16:00:00,11926.0
2025-08-29 17:00:00,11943.0
2025-08-29 18:00:00,11946.0
2025-08-29 19:00:00,11940.0
2025-08-29 20:00:00,11942.0
2025-08-29 23:00:00,11955.0
2025-09-01 07:00:00,11929.0
2025-09-01 08:00:00,11964.0
2025-09-01 09:00:00,11974.0
2025-09-01 10:00:00,11959.0
2025-09-01 11:00:00,11937.0
2025-09-01 12:00:00,11929.0
2025-09-01 13:00:00,11934.0
2025-09-01 14:00:00,11923.0
2025-09-01 15:00:00,11892.0
2025-09-01 16:00:00,11920.0
2025-09-01 17:00:00,11918.0
2025-09-01 18:00:00,11935.0
2025-09-01 19:00:00,11930.0
2025-09-01 20:00:00,11931.0
2025-09-01 23:00:00,11894.0
2025-09-02 07:00:00,11886.0
2025-09-02 08:00:00,11866.0
2025-09-02 09:00:00,11908.0
2025-09-02 10:00:00,11906.0
2025-09-02 11:00:00,11880.0
2025-09-02 12:00:00,11856.0
2025-09-02 13:00:00,11821.0
2025-09-02 14:00:00,11870.0
2025-09-02 15:00:00,11864.0
2025-09-02 16:00:00,11826.0
2025-09-02 17:00:00,11845.0
2025-09-02 18:00:00,11864.0
2025-09-02 19:00:00,11869.0
2025-09-02 20:00:00,11893.0
2025-09-02 23:00:00,11842.0
2025-09-03 07:00:00,11896.0
2025-09-03 08:00:00,11878.0
2025-09-03 09:00:00,11926.0
2025-09-03 10:00:00,11927.0
2025-09-03 11:00:00,11921.0
2025-09-03 12:00:00,11925.0
2025-09-03 13:00:00,11890.0
2025-09-03 14:00:00,11914.0
2025-09-03 15:00:00,11939.0
2025-09-03 16:00:00,11939.0
2025-09-03 17:00:00,11936.0
2025-09-03 18:00:00,11929.0
2025-09-03 19:00:00,11937.0
2025-09-03 20:00:00,11970.0
2025-09-03 23:00:00,11943.0
2025-09-04 07:00:00,11983.0
2025-09-04 08:00:00,12087.0
2025-09-04 09:00:00,12097.0
2025-09-04 10:00:00,12124.0
2025-09-04 11:00:00,12143.0
2025-09-04 12:00:00,12132.0
2025-09-04 13:00:00,12125.0
2025-09-04 14:00:00,12118.0
2025-09-04 15:00:00,12121.0
2025-09-04 16:00:00,12126.0
2025-09-04 17:00:00,12133.0
2025-09-04 18:00:00,12146.0
2025-09-04 19:00:00,12141.0
2025-09-04 20:00:00,12155.0
2025-09-04 23:00:00,12131.0
2025-09-05 07:00:00,12174.0
2025-09-05 08:00:00,12178.0
2025-09-05 09:00:00,12162.0
2025-09-05 10:00:00,12145.0
2025-09-05 11:00:00,12146.0
2025-09-05 12:00:00,12157.0
2025-09-05 13:00:00,12161.0
2025-09-05 14:00:00,12153.0
2025-09-05 15:00:00,12101.0
2025-09-05 16:00:00,12109.0
2025-09-05 17:00:00,12117.0
2025-09-05 18:00:00,12109.0
2025-09-05 19:00:00,12121.0
2025-09-05 20:00:00,12124.0
2025-09-05 23:00:00,12105.0
2025-09-08 07:00:00,12126.0
2025-09-08 08:00:00,12072.0
2025-09-08 09:00:00,12061.0
2025-09-08 10:00:00,12064.0
2025-09-08 11:00:00,12056.0
2025-09-08 12:00:00,12053.0
2025-09-08 13:00:00,12037.0
2025-09-08 14:00:00,12020.0
2025-09-08 15:00:00,12030.0
2025-09-08 16:00:00,12055.0
2025-09-08 17:00:00,12049.0
2025-09-08 18:00:00,12045.0
2025-09-08 19:00:00,12057.0
2025-09-08 20:00:00,12050.0
2025-09-08 23:00:00,12055.0
2025-09-09 07:00:00,12057.0
2025-09-09 08:00:00,12042.0
2025-09-09 09:00:00,12024.0
2025-09-09 10:00:00,12041.0
2025-09-09 11:00:00,12071.0
2025-09-09 12:00:00,12053.0
2025-09-09 13:00:00,12045.0
2025-09-09 14:00:00,12020.0
2025-09-09 15:00:00,12026.0
2025-09-09 16:00:00,12022.0
2025-09-09 17:00:00,12034.0
2025-09-09 18:00:00,12051.0
2025-09-09 19:00:00,12054.0
2025-09-09 20:00:00,12056.0
2025-09-09 23:00:00,12029.0
2025-09-10 07:00:00,12048.0
2025-09-10 08:00:00,12039.0
2025-09-10 09:00:00,12015.0
2025-09-10 10:00:00,12031.0
2025-09-10 11:00:00,12042.0
2025-09-10 12:00:00,12016.0
2025-09-10 13:00:00,12015.0
2025-09-10 14:00:00,11977.0
2025-09-10 15:00:00,11967.0
2025-09-10 16:00:00,11982.0
2025-09-10 17:00:00,11984.0
2025-09-10 18:00:00,11982.0
2025-09-10 19:00:00,11997.0
2025-09-10 20:00:00,11985.0
2025-09-10 23:00:00,11950.0
2025-09-11 07:00:00,12008.0
2025-09-11 08:00:00,11999.0
2025-09-11 09:00:00,11996.0
2025-09-11 10:00:00,11995.0
2025-09-11 11:00:00,12018.0
2025-09-11 12:00:00,12017.0
2025-09-11 13:00:00,12022.0
2025-09-11 14:00:00,12049.0
2025-09-11 15:00:00,12031.0
2025-09-11 16:00:00,12036.0
2025-09-11 17:00:00,12041.0
2025-09-11 18:00:00,12050.0
2025-09-11 19:00:00,12051.0
2025-09-11 19:00:01,12051.0
2025-09-11 19:00:02,12051.0
2025-09-11 23:00:00,12045.0
2025-09-12 07:00:00,12030.0
2025-09-12 08:00:00,11991.0
2025-09-12 09:00:00,11969.0
2025-09-12 10:00:00,11974.0
2025-09-12 11:00:00,11979.0
2025-09-12 12:00:00,11976.0
2025-09-12 13:00:00,11974.0
2025-09-12 14:00:00,11989.0
2025-09-12 15:00:00,11951.0
2025-09-12 16:00:00,11935.0
2025-09-12 17:00:00,11948.0
2025-09-12 18:00:00,11945.0
2025-09-12 19:00:00,11946.0
2025-09-12 20:00:00,11939.0
2025-09-12 23:00:00,11944.0
2025-09-15 07:00:00,11975.0
2025-09-15 08:00:00,11936.0
2025-09-15 09:00:00,11931.0
2025-09-15 10:00:00,11916.0
2025-09-15 11:00:00,11936.0
2025-09-15 12:00:00,11956.0
2025-09-15 13:00:00,11927.0
2025-09-15 14:00:00,11900.0
2025-09-15 15:00:00,11887.0
2025-09-15 16:00:00,11888.0
2025-09-15 17:00:00,11894.0
2025-09-15 18:00:00,11894.0
2025-09-15 19:00:00,11892.0
2025-09-15 20:00:00,11905.0
2025-09-15 23:00:00,11892.0
2025-09-16 07:00:00,11893.0
2025-09-16 08:00:00,11867.0
2025-09-16 09:00:00,11884.0
2025-09-16 10:00:00,11847.0
2025-09-16 11:00:00,11855.0
2025-09-16 12:00:00,11851.0
2025-09-16 13:00:00,11825.0
2025-09-16 14:00:00,11811.0
2025-09-16 15:00:00,11779.0
2025-09-16 16:00:00,11777.0
2025-09-16 17:00:00,11769.0
2025-09-16 18:00:00,11770.0
2025-09-16 19:00:00,11774.0
2025-09-16 20:00:00,11765.0
2025-09-16 23:00:00,11754.0
2025-09-17 07:00:00,11749.0
2025-09-17 08:00:00,11750.0
2025-09-17 09:00:00,11762.0
2025-09-17 10:00:00,11739.0
2025-09-17 11:00:00,11739.0
2025-09-17 12:00:00,11737.0
2025-09-17 13:00:00,11764.0
2025-09-17 14:00:00,11766.0
2025-09-17 15:00:00,11761.0
2025-09-17 16:00:00,11763.0
2025-09-17 17:00:00,11748.0
2025-09-17 18:00:00,11754.0
2025-09-17 19:00:00,11742.0
2025-09-17 20:00:00,11753.0
2025-09-17 23:00:00,11755.0
2025-09-18 07:00:00,11772.0
2025-09-18 08:00:00,11797.0
2025-09-18 09:00:00,11819.0
2025-09-18 10:00:00,11798.0
2025-09-18 11:00:00,11792.0
2025-09-18 12:00:00,11808.0
2025-09-18 13:00:00,11807.0
2025-09-18 14:00:00,11800.0
2025-09-18 15:00:00,11803.0
2025-09-18 16:00:00,11804.0
2025-09-18 17:00:00,11828.0
2025-09-18 18:00:00,11823.0
2025-09-18 19:00:00,11833.0
2025-09-18 20:00:00,11827.0
2025-09-18 23:00:00,11811.0
2025-09-19 07:00:00,11808.0
2025-09-19 08:00:00,11844.0
2025-09-19 09:00:00,11877.0
2025-09-19 10:00:00,11863.0
2025-09-19 11:00:00,11859.0
2025-09-19 12:00:00,11881.0
2025-09-19 13:00:00,11892.0
2025-09-19 14:00:00,11895.0
2025-09-19 15:00:00,11884.0
2025-09-19 16:00:00,11874.0
2025-09-19 17:00:00,11874.0
2025-09-19 18:00:00,11881.0
2025-09-19 19:00:00,11879.0
2025-09-19 20:00:00,11885.0
2025-09-19 23:00:00,11881.0
2025-09-22 07:00:00,11867.0
2025-09-22 08:00:00,11887.0
2025-09-22 09:00:00,11918.0
2025-09-22 10:00:00,11900.0
2025-09-22 11:00:00,11907.0
2025-09-22 12:00:00,11922.0
2025-09-22 13:00:00,11907.0
2025-09-22 14:00:00,11879.0
2025-09-22 15:00:00,11880.0
2025-09-22 16:00:00,11881.0
2025-09-22 17:00:00,11896.0
2025-09-22 18:00:00,11904.0
2025-09-22 19:00:00,11908.0
2025-09-22 20:00:00,11902.0
2025-09-22 23:00:00,11883.0
2025-09-23 07:00:00,11910.0
2025-09-23 08:00:00,11888.0
2025-09-23 09:00:00,11897.0
2025-09-23 10:00:00,11881.0
2025-09-23 11:00:00,11860.0
2025-09-23 12:00:00,11892.0
2025-09-23 13:00:00,11894.0
2025-09-23 14:00:00,11918.0
2025-09-23 15:00:00,11886.0
2025-09-23 16:00:00,11854.0
2025-09-23 17:00:00,11848.0
2025-09-23 18:00:00,11827.0
2025-09-23 19:00:00,11823.0
2025-09-23 20:00:00,11826.0
2025-09-23 23:00:00,11871.0
2025-09-24 07:00:00,11821.0
2025-09-24 08:00:00,11757.0
2025-09-24 09:00:00,11747.0
2025-09-24 10:00:00,11746.0
2025-09-24 11:00:00,11750.0
2025-09-24 12:00:00,11740.0
2025-09-24 13:00:00,11759.0
2025-09-24 14:00:00,11746.0
2025-09-24 15:00:00,11765.0
2025-09-24 16:00:00,11713.0
2025-09-24 17:00:00,11718.0
2025-09-24 18:00:00,11709.0
2025-09-24 19:00:00,11714.0
2025-09-24 20:00:00,11716.0
2025-09-24 23:00:00,11740.0
2025-09-25 07:00:00,11696.0
2025-09-25 08:00:00,11702.0
2025-09-25 09:00:00,11673.0
2025-09-25 10:00:00,11683.0
2025-09-25 11:00:00,11707.0
2025-09-25 12:00:00,11689.0
2025-09-25 13:00:00,11682.0
2025-09-25 14:00:00,11693.0
2025-09-25 15:00:00,11683.0
2025-09-25 16:00:00,11659.0
2025-09-25 17:00:00,11664.0
2025-09-25 18:00:00,11640.0
2025-09-25 19:00:00,11658.0
2025-09-25 20:00:00,11664.0
2025-09-25 23:00:00,11653.0
2025-09-26 07:00:00,11645.0
2025-09-26 08:00:00,11699.0
2025-09-26 09:00:00,11664.0
2025-09-26 10:00:00,11676.0
2025-09-26 11:00:00,11668.0
2025-09-26 12:00:00,11695.0
2025-09-26 13:00:00,11710.0
2025-09-26 14:00:00,11705.0
2025-09-26 15:00:00,11688.0
2025-09-26 16:00:00,11689.0
2025-09-26 17:00:00,11717.0
2025-09-26 18:00:00,11715.0
2025-09-26 19:00:00,11722.0
2025-09-26 20:00:00,11721.0
2025-09-26 23:00:00,11681.0
2025-09-29 07:00:00,11735.0
2025-09-29 08:00:00,11745.0
2025-09-29 09:00:00,11737.0
2025-09-29 10:00:00,11736.0
2025-09-29 11:00:00,11728.0
2025-09-29 12:00:00,11745.0
2025-09-29 13:00:00,11735.0
2025-09-29 14:00:00,11738.0
2025-09-29 15:00:00,11787.0
2025-09-29 16:00:00,11765.0
2025-09-29 17:00:00,11767.0
2025-09-29 18:00:00,11775.0
2025-09-29 19:00:00,11781.0
2025-09-29 20:00:00,11788.0
2025-09-29 23:00:00,11784.0
2025-09-30 07:00:00,11765.0
2025-09-30 08:00:00,11761.0
2025-09-30 09:00:00,11778.0
2025-09-30 10:00:00,11785.0
2025-09-30 11:00:00,11794.0
2025-09-30 12:00:00,11804.0
2025-09-30 13:00:00,11821.0
2025-09-30 14:00:00,11867.0
2025-09-30 15:00:00,11845.0
2025-09-30 16:00:00,11868.0
2025-09-30 17:00:00,11894.0
2025-09-30 18:00:00,11902.0
2025-09-30 19:00:00,11928.0
2025-09-30 20:00:00,11949.0
2025-09-30 23:00:00,11860.0
2025-10-01 07:00:00,11934.0
2025-10-01 08:00:00,11972.0
2025-10-01 09:00:00,12016.0
2025-10-01 10:00:00,12030.0
2025-10-01 11:00:00,12054.0
2025-10-01 12:00:00,12050.0
2025-10-01 13:00:00,12054.0
2025-10-01 14:00:00,12103.0
2025-10-01 15:00:00,12100.0
2025-10-01 16:00:00,12120.0
2025-10-01 17:00:00,12137.0
2025-10-01 18:00:00,12147.0
2025-10-01 19:00:00,12163.0
2025-10-01 20:00:00,12165.0
2025-10-01 23:00:00,12112.0
2025-10-02 07:00:00,12184.0
2025-10-02 08:00:00,12160.0
2025-10-02 09:00:00,12190.0
2025-10-02 10:00:00,12199.0
2025-10-02 11:00:00,12191.0
2025-10-02 12:00:00,12202.0
2025-10-02 13:00:00,12194.0
2025-10-02 14:00:00,12218.0
2025-10-02 15:00:00,12170.0
2025-10-02 16:00:00,12194.0
2025-10-02 17:00:00,12189.0
2025-10-02 18:00:00,12197.0
2025-10-02 19:00:00,12202.0
2025-10-02 20:00:00,12205.0
2025-10-02 23:00:00,12175.0
2025-10-03 07:00:00,12208.0
2025-10-03 08:00:00,12259.0
2025-10-03 09:00:00,12256.0
2025-10-03 10:00:00,12271.0
2025-10-03 11:00:00,12264.0
2025-10-03 12:00:00,12249.0
2025-10-03 13:00:00,12242.0
2025-10-03 14:00:00,12265.0
2025-10-03 15:00:00,12290.0
2025-10-03 16:00:00,12266.0
2025-10-03 17:00:00,12274.0
2025-10-03 18:00:00,12255.0
2025-10-03 19:00:00,12269.0
2025-10-03 20:00:00,12270.0
2025-10-03 23:00:00,12269.0
2025-10-06 07:00:00,12273.0
2025-10-06 08:00:00,12247.0
2025-10-06 09:00:00,12270.0
2025-10-06 10:00:00,12278.0
2025-10-06 11:00:00,12284.0
2025-10-06 12:00:00,12311.0
2025-10-06 13:00:00,12314.0
2025-10-06 14:00:00,12295.0
2025-10-06 15:00:00,12302.0
2025-10-06 16:00:00,12311.0
2025-10-06 17:00:00,12310.0
2025-10-06 18:00:00,12302.0
2025-10-06 19:00:00,12278.0
2025-10-06 20:00:00,12283.0
2025-10-06 23:00:00,12316.0
2025-10-07 07:00:00,12293.0
2025-10-07 08:00:00,12281.0
2025-10-07 09:00:00,12303.0
2025-10-07 10:00:00,12305.0
2025-10-07 11:00:00,12322.0
2025-10-07 12:00:00,12320.0
2025-10-07 13:00:00,12310.0
2025-10-07 14:00:00,12311.0
2025-10-07 15:00:00,12285.0
2025-10-07 16:00:00,12286.0
2025-10-07 17:00:00,12284.0
2025-10-07 18:00:00,12280.0
2025-10-07 19:00:00,12284.0
2025-10-07 20:00:00,12284.0
2025-10-07 23:00:00,12293.0
2025-10-08 07:00:00,12315.0
2025-10-08 08:00:00,12356.0
2025-10-08 09:00:00,12380.0
2025-10-08 10:00:00,12381.0
2025-10-08 11:00:00,12402.0
2025-10-08 12:00:00,12388.0
2025-10-08 13:00:00,12403.0
2025-10-08 14:00:00,12419.0
2025-10-08 15:00:00,12422.0
2025-10-08 16:00:00,12405.0
2025-10-08 17:00:00,12405.0
2025-10-08 18:00:00,12401.0
2025-10-08 19:00:00,12383.0
2025-10-08 20:00:00,12396.0
2025-10-08 23:00:00,12396.0
2025-10-09 07:00:00,12384.0
2025-10-09 08:00:00,12402.0
2025-10-09 09:00:00,12379.0
2025-10-09 10:00:00,12387.0
2025-10-09 11:00:00,12402.0
2025-10-09 12:00:00,12413.0
2025-10-09 13:00:00,12410.0
2025-10-09 14:00:00,12394.0
2025-10-09 15:00:00,12388.0
2025-10-09 16:00:00,12382.0
2025-10-09 17:00:00,12360.0
2025-10-09 18:00:00,12365.0
2025-10-09 19:00:00,12355.0
2025-10-09 20:00:00,12347.0
2025-10-09 23:00:00,12347.0
2025-10-10 07:00:00,12352.0
2025-10-10 08:00:00,12369.0
2025-10-10 09:00:00,12389.0
2025-10-10 10:00:00,12367.0
2025-10-10 11:00:00,12404.0
2025-10-10 12:00:00,12386.0
2025-10-10 13:00:00,12388.0
2025-10-10 14:00:00,12371.0
2025-10-10 15:00:00,12316.0
2025-10-10 16:00:00,12268.0
2025-10-10 17:00:00,12245.0
2025-10-10 18:00:00,12236.0
2025-10-10 19:00:00,12213.0
2025-10-10 20:00:00,12225.0
2025-10-10 23:00:00,12217.0
2025-10-13 07:00:00,12278.0
2025-10-13 08:00:00,12287.0
2025-10-13 09:00:00,12255.0
2025-10-13 10:00:00,12255.0
2025-10-13 11:00:00,12262.0
2025-10-13 12:00:00,12242.0
2025-10-13 13:00:00,12240.0
2025-10-13 14:00:00,12219.0
2025-10-13 15:00:00,12230.0
2025-10-13 16:00:00,12256.0
2025-10-13 17:00:00,12271.0
2025-10-13 18:00:00,12256.0
2025-10-13 19:00:00,12251.0
2025-10-13 20:00:00,12252.0
2025-10-13 23:00:00,12254.0
2025-10-14 07:00:00,12191.0
2025-10-14 08:00:00,12197.0
2025-10-14 09:00:00,12242.0
2025-10-14 10:00:00,12218.0
2025-10-14 11:00:00,12182.0
2025-10-14 12:00:00,12202.0
2025-10-14 13:00:00,12186.0
2025-10-14 14:00:00,12213.0
2025-10-14 15:00:00,12199.0
2025-10-14 16:00:00,12235.0
2025-10-14 17:00:00,12266.0
2025-10-14 18:00:00,12287.0
2025-10-14 19:00:00,12281.0
2025-10-14 20:00:00,12282.0
2025-10-14 23:00:00,12259.0
2025-10-15 07:00:00,12257.0
2025-10-15 08:00:00,12254.0
2025-10-15 09:00:00,12224.0
2025-10-15 10:00:00,12226.0
2025-10-15 11:00:00,12202.0
2025-10-15 12:00:00,12200.0
2025-10-15 13:00:00,12207.0
2025-10-15 14:00:00,12245.0
2025-10-15 15:00:00,12256.0
2025-10-15 16:00:00,12260.0
2025-10-15 17:00:00,12255.0
2025-10-15 18:00:00,12254.0
2025-10-15 19:00:00,12265.0
2025-10-15 20:00:00,12264.0
2025-10-15 23:00:00,12261.0
2025-10-16 07:00:00,12388.0
2025-10-16 08:00:00,12421.0
2025-10-16 09:00:00,12433.0
2025-10-16 10:00:00,12480.0
2025-10-16 11:00:00,12451.0
2025-10-16 12:00:00,12407.0
2025-10-16 13:00:00,12416.0
2025-10-16 14:00:00,12417.0
2025-10-16 15:00:00,12429.0
2025-10-16 16:00:00,12457.0
2025-10-16 17:00:00,12437.0
2025-10-16 18:00:00,12420.0
2025-10-16 19:00:00,12401.0
2025-10-16 20:00:00,12401.0
2025-10-16 23:00:00,12389.0
2025-10-17 07:00:00,12318.0
2025-10-17 08:00:00,12278.0
2025-10-17 09:00:00,12253.0
2025-10-17 10:00:00,12286.0
2025-10-17 11:00:00,12306.0
2025-10-17 12:00:00,12332.0
2025-10-17 13:00:00,12334.0
2025-10-17 14:00:00,12379.0
2025-10-17 15:00:00,12385.0
2025-10-17 16:00:00,12429.0
2025-10-17 17:00:00,12423.0
2025-10-17 18:00:00,12426.0
2025-10-17 19:00:00,12464.0
2025-10-17 20:00:00,12464.0
2025-10-17 23:00:00,12395.0
2025-10-20 07:00:00,12422.0
2025-10-20 08:00:00,12426.0
2025-10-20 09:00:00,12384.0
2025-10-20 10:00:00,12357.0
2025-10-20 11:00:00,12352.0
2025-10-20 12:00:00,12363.0
2025-10-20 13:00:00,12360.0
2025-10-20 14:00:00,12360.0
2025-10-20 15:00:00,12374.0
2025-10-20 16:00:00,12399.0
2025-10-20 17:00:00,12402.0
2025-10-20 18:00:00,12415.0
2025-10-20 19:00:00,12417.0
2025-10-20 20:00:00,12421.0
2025-10-20 23:00:00,12383.0
2025-10-21 07:00:00,12425.0
2025-10-21 08:00:00,12367.0
2025-10-21 09:00:00,12364.0
2025-10-21 10:00:00,12364.0
2025-10-21 11:00:00,12359.0
2025-10-21 12:00:00,12370.0
2025-10-21 13:00:00,12349.0
2025-10-21 14:00:00,12334.0
2025-10-21 15:00:00,12375.0
2025-10-21 16:00:00,12393.0
2025-10-21 17:00:00,12378.0
2025-10-21 18:00:00,12377.0
2025-10-21 19:00:00,12370.0
2025-10-21 20:00:00,12364.0
2025-10-21 23:00:00,12388.0
2025-10-22 07:00:00,12367.0
2025-10-22 08:00:00,12335.0
2025-10-22 09:00:00,12339.0
2025-10-22 10:00:00,12357.0
2025-10-22 11:00:00,12378.0
2025-10-22 12:00:00,12375.0
2025-10-22 13:00:00,12375.0
2025-10-22 14:00:00,12359.0
2025-10-22 15:00:00,12370.0
2025-10-22 16:00:00,12397.0
2025-10-22 17:00:00,12368.0
2025-10-22 18:00:00,12343.0
2025-10-22 19:00:00,12352.0
2025-10-22 20:00:00,12364.0
2025-10-22 23:00:00,12370.0
2025-10-23 07:00:00,12348.0
2025-10-23 08:00:00,12347.0
2025-10-23 09:00:00,12347.0
2025-10-23 10:00:00,12337.0
2025-10-23 11:00:00,12368.0
2025-10-23 12:00:00,12355.0
2025-10-23 13:00:00,12324.0
2025-10-23 14:00:00,12315.0
2025-10-23 15:00:00,12322.0
2025-10-23 16:00:00,12316.0
2025-10-23 17:00:00,12318.0
2025-10-23 18:00:00,12335.0
2025-10-23 19:00:00,12336.0
2025-10-23 20:00:00,12325.0
2025-10-23 23:00:00,12325.0
2025-10-24 07:00:00,12348.0
2025-10-24 08:00:00,12320.0
2025-10-24 09:00:00,12313.0
2025-10-24 10:00:00,12314.0
2025-10-24 11:00:00,12300.0
2025-10-24 12:00:00,12296.0
2025-10-24 13:00:00,12311.0
2025-10-24 14:00:00,12293.0
2025-10-24 15:00:00,12310.0
2025-10-24 16:00:00,12334.0
2025-10-24 17:00:00,12323.0
2025-10-24 18:00:00,12320.0
2025-10-24 19:00:00,12324.0
2025-10-24 20:00:00,12302.0
2025-10-24 23:00:00,12322.0
2025-10-27 07:00:00,12308.0
2025-10-27 08:00:00,12277.0
2025-10-27 09:00:00,12262.0
2025-10-27 10:00:00,12250.0
2025-10-27 11:00:00,12239.0
2025-10-27 12:00:00,12228.0
2025-10-27 13:00:00,12236.0
2025-10-27 14:00:00,12267.0
2025-10-27 15:00:00,12265.0
2025-10-27 16:00:00,12300.0
2025-10-27 17:00:00,12289.0
2025-10-27 18:00:00,12283.0
2025-10-27 19:00:00,12288.0
2025-10-27 20:00:00,12295.0
2025-10-27 23:00:00,12277.0
2025-10-28 07:00:00,12221.0
2025-10-28 08:00:00,12189.0
2025-10-28 09:00:00,12158.0
2025-10-28 10:00:00,12151.0
2025-10-28 11:00:00,12151.0
2025-10-28 12:00:00,12172.0
2025-10-28 13:00:00,12130.0
2025-10-28 14:00:00,12154.0
2025-10-28 15:00:00,12122.0
2025-10-28 16:00:00,12114.0
2025-10-28 17:00:00,12098.0
2025-10-28 18:00:00,12100.0
2025-10-28 19:00:00,12079.0
2025-10-28 20:00:00,12086.0
2025-10-28 23:00:00,12112.0
2025-10-29 07:00:00,12126.0
2025-10-29 08:00:00,12081.0
2025-10-29 09:00:00,12105.0
2025-10-29 10:00:00,12114.0
2025-10-29 11:00:00,12100.0
2025-10-29 12:00:00,12091.0
2025-10-29 13:00:00,12085.0
2025-10-29 14:00:00,12063.0
2025-10-29 15:00:00,12049.0
2025-10-29 16:00:00,12083.0
2025-10-29 17:00:00,12084.0
2025-10-29 18:00:00,12052.0
2025-10-29 19:00:00,12050.0
2025-10-29 20:00:00,12060.0
2025-10-29 23:00:00,12059.0
2025-10-30 07:00:00,12051.0
2025-10-30 08:00:00,12069.0
2025-10-30 09:00:00,12070.0
2025-10-30 10:00:00,12050.0
2025-10-30 11:00:00,12037.0
2025-10-30 12:00:00,12048.0
2025-10-30 13:00:00,12033.0
2025-10-30 14:00:00,12057.0
2025-10-30 15:00:00,12067.0
2025-10-30 16:00:00,12076.0
2025-10-30 17:00:00,12089.0
2025-10-30 18:00:00,12080.0
2025-10-30 19:00:00,12049.0
2025-10-30 20:00:00,12071.0
2025-10-30 23:00:00,12065.0
2025-10-31 07:00:00,12078.0
2025-10-31 08:00:00,12041.0
2025-10-31 09:00:00,12020.0
2025-10-31 10:00:00,12019.0
2025-10-31 11:00:00,12027.0
2025-10-31 12:00:00,11999.0
2025-10-31 13:00:00,11980.0
2025-10-31 14:00:00,11976.0
2025-10-31 15:00:00,11992.0
2025-10-31 16:00:00,11978.0
2025-10-31 17:00:00,11987.0
2025-10-31 18:00:00,12013.0
2025-10-31 19:00:00,12028.0
2025-10-31 20:00:00,12017.0
2025-10-31 23:00:00,11984.0
2025-11-03 07:00:00,12027.0
2025-11-03 08:00:00,12042.0
2025-11-03 09:00:00,12063.0
2025-11-03 10:00:00,12056.0
2025-11-03 11:00:00,12053.0
2025-11-03 12:00:00,12057.0
2025-11-03 13:00:00,12033.0
2025-11-03 14:00:00,12022.0
2025-11-03 15:00:00,12013.0
2025-11-03 16:00:00,11999.0
2025-11-03 17:00:00,12012.0
2025-11-03 18:00:00,12012.0
2025-11-03 19:00:00,12017.0
2025-11-03 20:00:00,12020.0
2025-11-03 23:00:00,12004.0
2025-11-04 07:00:00,11959.0
2025-11-04 08:00:00,11938.0
2025-11-04 09:00:00,11880.0
2025-11-04 10:00:00,11932.0
2025-11-04 11:00:00,11964.0
2025-11-04 12:00:00,11960.0
2025-11-04 13:00:00,11970.0
2025-11-04 14:00:00,12022.0
2025-11-04 15:00:00,12050.0
2025-11-04 16:00:00,12073.0
2025-11-04 17:00:00,12054.0
2025-11-04 18:00:00,12052.0
2025-11-04 19:00:00,12053.0
2025-11-04 20:00:00,12060.0
2025-11-04 23:00:00,12052.0
2025-11-05 07:00:00,12023.0
2025-11-05 08:00:00,12089.0
2025-11-05 09:00:00,12071.0
2025-11-05 10:00:00,12061.0
2025-11-05 11:00:00,12084.0
2025-11-05 12:00:00,12083.0
2025-11-05 13:00:00,12092.0
2025-11-05 14:00:00,12115.0
2025-11-05 15:00:00,12131.0
2025-11-05 16:00:00,12145.0
2025-11-05 17:00:00,12153.0
2025-11-05 18:00:00,12147.0
2025-11-05 19:00:00,12142.0
2025-11-05 20:00:00,12133.0
2025-11-05 23:00:00,12127.0
2025-11-06 07:00:00,12104.0
2025-11-06 08:00:00,12053.0
2025-11-06 09:00:00,12053.0
2025-11-06 10:00:00,12077.0
2025-11-06 11:00:00,12072.0
2025-11-06 12:00:00,12072.0
2025-11-06 13:00:00,12070.0
2025-11-06 14:00:00,12076.0
2025-11-06 15:00:00,12057.0
2025-11-06 16:00:00,12045.0
2025-11-06 17:00:00,12051.0
2025-11-06 18:00:00,12057.0
2025-11-06 19:00:00,12065.0
2025-11-06 20:00:00,12067.0
2025-11-06 23:00:00,12053.0
2025-11-07 07:00:00,12076.0
2025-11-07 08:00:00,12055.0
2025-11-07 09:00:00,12032.0
2025-11-07 10:00:00,12013.0
2025-11-07 11:00:00,12007.0
2025-11-07 12:00:00,12005.0
2025-11-07 13:00:00,12006.0
2025-11-07 14:00:00,12025.0
2025-11-07 15:00:00,12051.0
2025-11-07 16:00:00,12051.0
2025-11-07 17:00:00,12074.0
2025-11-07 18:00:00,12093.0
2025-11-07 19:00:00,12134.0
2025-11-07 20:00:00,12138.0
2025-11-07 23:00:00,12056.0
2025-11-10 07:00:00,12158.0
2025-11-10 08:00:00,12154.0
2025-11-10 09:00:00,12170.0
2025-11-10 10:00:00,12161.0
2025-11-10 11:00:00,12180.0
2025-11-10 12:00:00,12188.0
2025-11-10 13:00:00,12211.0
2025-11-10 14:00:00,12224.0
2025-11-10 15:00:00,12211.0
2025-11-10 16:00:00,12225.0
2025-11-10 17:00:00,12251.0
2025-11-10 18:00:00,12260.0
2025-11-10 19:00:00,12280.0
2025-11-10 20:00:00,12280.0
2025-11-10 23:00:00,12230.0
2025-11-11 07:00:00,12302.0
2025-11-11 08:00:00,12318.0
2025-11-11 09:00:00,12331.0
2025-11-11 10:00:00,12354.0
2025-11-11 11:00:00,12347.0
2025-11-11 12:00:00,12375.0
2025-11-11 13:00:00,12382.0
2025-11-11 14:00:00,12421.0
2025-11-11 15:00:00,12452.0
2025-11-11 16:00:00,12467.0
2025-11-11 17:00:00,12479.0
2025-11-11 18:00:00,12495.0
2025-11-11 19:00:00,12497.0
2025-11-11 20:00:00,12498.0
2025-11-11 23:00:00,12482.0
2025-11-12 07:00:00,12527.0
2025-11-12 08:00:00,12541.0
2025-11-12 09:00:00,12531.0
2025-11-12 10:00:00,12535.0
2025-11-12 11:00:00,12517.0
2025-11-12 12:00:00,12529.0
2025-11-12 13:00:00,12540.0
2025-11-12 14:00:00,12578.0
2025-11-12 15:00:00,12566.0
2025-11-12 16:00:00,12549.0
2025-11-12 17:00:00,12554.0
2025-11-12 18:00:00,12550.0
2025-11-12 19:00:00,12542.0
2025-11-12 20:00:00,12551.0
2025-11-12 23:00:00,12565.0
2025-11-13 07:00:00,12577.0
2025-11-13 08:00:00,12593.0
2025-11-13 09:00:00,12570.0
2025-11-13 10:00:00,12577.0
2025-11-13 11:00:00,12553.0
2025-11-13 12:00:00,12531.0
2025-11-13 13:00:00,12519.0
2025-11-13 14:00:00,12534.0
2025-11-13 15:00:00,12516.0
2025-11-13 16:00:00,12494.0
2025-11-13 17:00:00,12482.0
2025-11-13 18:00:00,12460.0
2025-11-13 19:00:00,12433.0
2025-11-13 20:00:00,12423.0
2025-11-13 23:00:00,12521.0
2025-11-14 07:00:00,12457.0
2025-11-14 08:00:00,12488.0
2025-11-14 09:00:00,12441.0
2025-11-14 10:00:00,12407.0
2025-11-14 11:00:00,12366.0
2025-11-14 12:00:00,12344.0
2025-11-14 13:00:00,12355.0
2025-11-14 14:00:00,12385.0
2025-11-14 15:00:00,12376.0
2025-11-14 16:00:00,12408.0
2025-11-14 17:00:00,12421.0
2025-11-14 18:00:00,12404.0
2025-11-14 19:00:00,12411.0
2025-11-14 20:00:00,12389.0
2025-11-14 23:00:00,12383.0
2025-11-17 07:00:00,12392.0
2025-11-17 08:00:00,12376.0
2025-11-17 09:00:00,12373.0
2025-11-17 10:00:00,12337.0
2025-11-17 11:00:00,12336.0
2025-11-17 12:00:00,12332.0
2025-11-17 13:00:00,12339.0
2025-11-17 14:00:00,12371.0
2025-11-17 15:00:00,12358.0
2025-11-17 16:00:00,12382.0
2025-11-17 17:00:00,12342.0
2025-11-17 18:00:00,12319.0
2025-11-17 19:00:00,12273.0
2025-11-17 20:00:00,12272.0
2025-11-17 23:00:00,12344.0
2025-11-18 07:00:00,12264.0
2025-11-18 08:00:00,12291.0
2025-11-18 09:00:00,12295.0
2025-11-18 10:00:00,12281.0
2025-11-18 11:00:00,12281.0
2025-11-18 12:00:00,12283.0
2025-11-18 13:00:00,12260.0
2025-11-18 14:00:00,12255.0
2025-11-18 15:00:00,12209.0
2025-11-18 16:00:00,12257.0
2025-11-18 17:00:00,12307.0
2025-11-18 18:00:00,12321.0
2025-11-18 19:00:00,12322.0
2025-11-18 20:00:00,12303.0
2025-11-18 23:00:00,12228.0
2025-11-19 07:00:00,12287.0
2025-11-19 08:00:00,12252.0
2025-11-19 09:00:00,12291.0
2025-11-19 10:00:00,12298.0
2025-11-19 11:00:00,12313.0
2025-11-19 12:00:00,12327.0
2025-11-19 13:00:00,12332.0
2025-11-19 14:00:00,12342.0
2025-11-19 15:00:00,12317.0
2025-11-19 16:00:00,12289.0
2025-11-19 17:00:00,12298.0
2025-11-19 18:00:00,12343.0
2025-11-19 19:00:00,12333.0
2025-11-19 20:00:00,12339.0
2025-11-19 23:00:00,12299.0
2025-11-20 07:00:00,12396.0
2025-11-20 08:00:00,12360.0
2025-11-20 09:00:00,12311.0
2025-11-20 10:00:00,12334.0
2025-11-20 11:00:00,12295.0
2025-11-20 12:00:00,12309.0
2025-11-20 13:00:00,12345.0
2025-11-20 14:00:00,12342.0
2025-11-20 15:00:00,12331.0
2025-11-20 16:00:00,12255.0
2025-11-20 17:00:00,12221.0
2025-11-20 18:00:00,12207.0
2025-11-20 19:00:00,12227.0
2025-11-20 20:00:00,12186.0
2025-11-20 23:00:00,12306.0
2025-11-21 07:00:00,12209.0
2025-11-21 08:00:00,12344.0
2025-11-21 09:00:00,12312.0
2025-11-21 10:00:00,12311.0
2025-11-21 11:00:00,12319.0
2025-11-21 12:00:00,12342.0
2025-11-21 13:00:00,12358.0
2025-11-21 14:00:00,12372.0
2025-11-21 15:00:00,12382.0
2025-11-21 16:00:00,12432.0
2025-11-21 17:00:00,12434.0
2025-11-21 18:00:00,12455.0
2025-11-21 19:00:00,12435.0
2025-11-21 20:00:00,12437.0
2025-11-21 23:00:00,12378.0
2025-11-24 07:00:00,12468.0
2025-11-24 08:00:00,12456.0
2025-11-24 09:00:00,12425.0
2025-11-24 10:00:00,12393.0
2025-11-24 11:00:00,12408.0
2025-11-24 12:00:00,12416.0
2025-11-24 13:00:00,12403.0
2025-11-24 14:00:00,12416.0
2025-11-24 15:00:00,12440.0
2025-11-24 16:00:00,12382.0
2025-11-24 17:00:00,12398.0
2025-11-24 18:00:00,12390.0
2025-11-24 19:00:00,12368.0
2025-11-24 20:00:00,12378.0
2025-11-24 23:00:00,12438.0
2025-11-25 07:00:00,12432.0
2025-11-25 08:00:00,12386.0
2025-11-25 09:00:00,12400.0
2025-11-25 10:00:00,12407.0
2025-11-25 11:00:00,12427.0
2025-11-25 12:00:00,12460.0
2025-11-25 13:00:00,12474.0
2025-11-25 14:00:00,12504.0
2025-11-25 15:00:00,12513.0
2025-11-25 16:00:00,12546.0
2025-11-25 17:00:00,12547.0
2025-11-25 18:00:00,12536.0
2025-11-25 19:00:00,12548.0
2025-11-25 20:00:00,12572.0
2025-11-25 23:00:00,12532.0
2025-11-26 07:00:00,12568.0
2025-11-26 08:00:00,12549.0
2025-11-26 09:00:00,12565.0
2025-11-26 10:00:00,12574.0
2025-11-26 11:00:00,12583.0
2025-11-26 12:00:00,12582.0
2025-11-26 13:00:00,12573.0
2025-11-26 14:00:00,12578.0
2025-11-26 15:00:00,12588.0
2025-11-26 16:00:00,12587.0
2025-11-26 17:00:00,12591.0
2025-11-26 18:00:00,12584.0
2025-11-26 19:00:00,12587.0
2025-11-26 20:00:00,12573.0
2025-11-26 23:00:00,12591.0
2025-11-27 07:00:00,12576.0
2025-11-27 08:00:00,12561.0
2025-11-27 09:00:00,12556.0
2025-11-27 10:00:00,12586.0
2025-11-27 11:00:00,12571.0
2025-11-27 12:00:00,12587.0
2025-11-27 13:00:00,12586.0
2025-11-27 14:00:00,12595.0
2025-11-27 15:00:00,12595.0
2025-11-27 16:00:00,12578.0
2025-11-27 17:00:00,12577.0
2025-11-27 18:00:00,12577.0
2025-11-27 19:00:00,12575.0
2025-11-27 20:00:00,12573.0
2025-11-27 23:00:00,12589.0
2025-11-28 07:00:00,12571.0
2025-11-28 08:00:00,12584.0
2025-11-28 09:00:00,12571.0
2025-11-28 10:00:00,12575.0
2025-11-28 11:00:00,12576.0
2025-11-28 12:00:00,12573.0
2025-11-28 13:00:00,12589.0
2025-11-28 14:00:00,12579.0
2025-11-28 15:00:00,12582.0
2025-11-28 16:00:00,12610.0
2025-11-28 17:00:00,12612.0
2025-11-28 18:00:00,12611.0
2025-11-28 19:00:00,12614.0
2025-11-28 20:00:00,12603.0
2025-11-28 23:00:00,12608.0
2025-12-01 07:00:00,12565.0
2025-12-01 08:00:00,12605.0
2025-12-01 09:00:00,12589.0
2025-12-01 10:00:00,12614.0
2025-12-01 11:00:00,12624.0
2025-12-01 12:00:00,12584.0
2025-12-01 13:00:00,12594.0
2025-12-01 14:00:00,12601.0
2025-12-01 15:00:00,12576.0
2025-12-01 16:00:00,12611.0
2025-12-01 17:00:00,12605.0
2025-12-01 18:00:00,12621.0
2025-12-01 19:00:00,12578.0
2025-12-01 20:00:00,12570.0
2025-12-01 23:00:00,12593.0
2025-12-02 07:00:00,12584.0
2025-12-02 08:00:00,12614.0
2025-12-02 09:00:00,12630.0
2025-12-02 10:00:00,12656.0
2025-12-02 11:00:00,12699.0
2025-12-02 12:00:00,12696.0
2025-12-02 13:00:00,12694.0
2025-12-02 14:00:00,12644.0
2025-12-02 15:00:00,12656.0
2025-12-02 16:00:00,12651.0
2025-12-02 17:00:00,12644.0
2025-12-02 18:00:00,12650.0
2025-12-02 19:00:00,12660.0
2025-12-02 20:00:00,12652.0
2025-12-02 23:00:00,12647.0
2025-12-03 07:00:00,12649.0
2025-12-03 08:00:00,12702.0
2025-12-03 09:00:00,12667.0
2025-12-03 10:00:00,12631.0
2025-12-03 11:00:00,12625.0
2025-12-03 12:00:00,12622.0
2025-12-03 13:00:00,12615.0
2025-12-03 14:00:00,12621.0
2025-12-03 15:00:00,12622.0
2025-12-03 16:00:00,12607.0
2025-12-03 17:00:00,12621.0
2025-12-03 18:00:00,12626.0
2025-12-03 19:00:00,12631.0
2025-12-03 20:00:00,12627.0
2025-12-03 23:00:00,12610.0
2025-12-04 07:00:00,12637.0
2025-12-04 08:00:00,12630.0
2025-12-04 09:00:00,12655.0
2025-12-04 10:00:00,12652.0
2025-12-04 11:00:00,12688.0
2025-12-04 12:00:00,12671.0
2025-12-04 13:00:00,12679.0
2025-12-04 14:00:00,12671.0
2025-12-04 15:00:00,12684.0
2025-12-04 16:00:00,12667.0
2025-12-04 17:00:00,12663.0
2025-12-04 18:00:00,12663.0
2025-12-04 19:00:00,12650.0
2025-12-04 20:00:00,12647.0
2025-12-04 23:00:00,12669.0
2025-12-05 07:00:00,12655.0
2025-12-05 08:00:00,12644.0
2025-12-05 09:00:00,12680.0
2025-12-05 10:00:00,12689.0
2025-12-05 11:00:00,12687.0
2025-12-05 12:00:00,12687.0
2025-12-05 13:00:00,12680.0
2025-12-05 14:00:00,12708.0
2025-12-05 15:00:00,12694.0
2025-12-05 16:00:00,12707.0
2025-12-05 17:00:00,12713.0
2025-12-05 18:00:00,12717.0
2025-12-05 19:00:00,12713.0
2025-12-05 20:00:00,12702.0
2025-12-05 23:00:00,12690.0
2025-12-08 07:00:00,12697.0
2025-12-08 08:00:00,12718.0
2025-12-08 09:00:00,12748.0
2025-12-08 10:00:00,12732.0
2025-12-08 11:00:00,12747.0
2025-12-08 12:00:00,12740.0
2025-12-08 13:00:00,12729.0
2025-12-08 14:00:00,12747.0
2025-12-08 15:00:00,12728.0
2025-12-08 16:00:00,12726.0
2025-12-08 17:00:00,12709.0
2025-12-08 18:00:00,12691.0
2025-12-08 19:00:00,12678.0
2025-12-08 20:00:00,12690.0
2025-12-08 23:00:00,12742.0
2025-12-09 07:00:00,12710.0
2025-12-09 08:00:00,12727.0
2025-12-09 09:00:00,12738.0
2025-12-09 10:00:00,12716.0
2025-12-09 11:00:00,12706.0
2025-12-09 12:00:00,12693.0
2025-12-09 13:00:00,12686.0
2025-12-09 14:00:00,12723.0
2025-12-09 15:00:00,12688.0
2025-12-09 16:00:00,12688.0
2025-12-09 17:00:00,12661.0
2025-12-09 18:00:00,12667.0
2025-12-09 19:00:00,12664.0
2025-12-09 20:00:00,12644.0
2025-12-09 23:00:00,12698.0
2025-12-10 07:00:00,12636.0
2025-12-10 08:00:00,12614.0
2025-12-10 09:00:00,12587.0
2025-12-10 10:00:00,12593.0
2025-12-10 11:00:00,12582.0
2025-12-10 12:00:00,12584.0
2025-12-10 13:00:00,12664.0
2025-12-10 14:00:00,12655.0
2025-12-10 15:00:00,12677.0
2025-12-10 16:00:00,12676.0
2025-12-10 17:00:00,12673.0
2025-12-10 18:00:00,12676.0
2025-12-10 19:00:00,12710.0
2025-12-10 20:00:00,12716.0
2025-12-10 23:00:00,12676.0
2025-12-11 07:00:00,12666.0
2025-12-11 08:00:00,12672.0
2025-12-11 09:00:00,12688.0
2025-12-11 10:00:00,12670.0
2025-12-11 11:00:00,12667.0
2025-12-11 12:00:00,12665.0
2025-12-11 13:00:00,12665.0
2025-12-11 14:00:00,12664.0
2025-12-11 15:00:00,12685.0
2025-12-11 16:00:00,12658.0
2025-12-11 17:00:00,12675.0
2025-12-11 18:00:00,12677.0
2025-12-11 19:00:00,12684.0
2025-12-11 20:00:00,12667.0
2025-12-11 23:00:00,12672.0
2025-12-12 07:00:00,12659.0
2025-12-12 08:00:00,12730.0
2025-12-12 09:00:00,12717.0
2025-12-12 10:00:00,12705.0
2025-12-12 11:00:00,12692.0
2025-12-12 12:00:00,12672.0
2025-12-12 13:00:00,12673.0
2025-12-12 14:00:00,12688.0
2025-12-12 15:00:00,12649.0
2025-12-12 16:00:00,12633.0
2025-12-12 17:00:00,12648.0
2025-12-12 18:00:00,12655.0
2025-12-12 19:00:00,12649.0
2025-12-12 19:00:01,12649.0
2025-12-12 20:00:00,12653.0
2025-12-12 23:00:00,12627.0
2025-12-15 07:00:00,12669.0
2025-12-15 08:00:00,12737.0
2025-12-15 09:00:00,12754.0
2025-12-15 10:00:00,12785.0
2025-12-15 11:00:00,12792.0
2025-12-15 12:00:00,12789.0
2025-12-15 13:00:00,12795.0
2025-12-15 14:00:00,12763.0
2025-12-15 15:00:00,12759.0
2025-12-15 16:00:00,12765.0
2025-12-15 17:00:00,12763.0
2025-12-15 18:00:00,12776.0
2025-12-15 19:00:00,12779.0
2025-12-15 20:00:00,12813.0
2025-12-15 23:00:00,12784.0
2025-12-16 07:00:00,12816.0
2025-12-16 08:00:00,12856.0
2025-12-16 09:00:00,12831.0
2025-12-16 10:00:00,12832.0
2025-12-16 11:00:00,12830.0
2025-12-16 12:00:00,12854.0
2025-12-16 13:00:00,12843.0
2025-12-16 14:00:00,12803.0
2025-12-16 15:00:00,12798.0
2025-12-16 16:00:00,12818.0
2025-12-16 17:00:00,12801.0
2025-12-16 18:00:00,12802.0
2025-12-16 19:00:00,12794.0
2025-12-16 20:00:00,12796.0
2025-12-16 23:00:00,12806.0
2025-12-17 07:00:00,12793.0
2025-12-17 08:00:00,12781.0
2025-12-17 09:00:00,12787.0
2025-12-17 10:00:00,12785.0
2025-12-17 11:00:00,12770.0
2025-12-17 12:00:00,12774.0
2025-12-17 13:00:00,12786.0
2025-12-17 14:00:00,12811.0
2025-12-17 15:00:00,12775.0
2025-12-17 16:00:00,12796.0
2025-12-17 17:00:00,12783.0
2025-12-17 18:00:00,12749.0
2025-12-17 19:00:00,12752.0
2025-12-17 20:00:00,12743.0
2025-12-17 23:00:00,12773.0
2025-12-18 07:00:00,12754.0
2025-12-18 08:00:00,12793.0
2025-12-18 09:00:00,12826.0
2025-12-18 10:00:00,12805.0
2025-12-18 11:00:00,12803.0
2025-12-18 12:00:00,12793.0
2025-12-18 13:00:00,12797.0
2025-12-18 14:00:00,12838.0
2025-12-18 15:00:00,12868.0
2025-12-18 16:00:00,12869.0
2025-12-18 17:00:00,12851.0
2025-12-18 18:00:00,12851.0
2025-12-18 19:00:00,12839.0
2025-12-18 20:00:00,12850.0
2025-12-18 23:00:00,12884.0
2025-12-19 07:00:00,12878.0
2025-12-19 08:00:00,12874.0
2025-12-19 09:00:00,12873.0
2025-12-19 10:00:00,12854.0
2025-12-19 11:00:00,12850.0
2025-12-19 12:00:00,12855.0
2025-12-19 13:00:00,12846.0
2025-12-19 14:00:00,12877.0
2025-12-19 15:00:00,12924.0
2025-12-19 16:00:00,12930.0
2025-12-19 17:00:00,12942.0
2025-12-19 18:00:00,12937.0
2025-12-19 19:00:00,12943.0
2025-12-19 20:00:00,12907.0
2025-12-19 23:00:00,12919.0
2025-12-22 07:00:00,12899.0
2025-12-22 08:00:00,12894.0
2025-12-22 09:00:00,12861.0
2025-12-22 10:00:00,12856.0
2025-12-22 11:00:00,12859.0
2025-12-22 12:00:00,12862.0
2025-12-22 13:00:00,12856.0
2025-12-22 14:00:00,12855.0
2025-12-22 15:00:00,12893.0
2025-12-22 16:00:00,12905.0
2025-12-22 17:00:00,12920.0
2025-12-22 18:00:00,12916.0
2025-12-22 19:00:00,12915.0
2025-12-22 20:00:00,12921.0
2025-12-22 23:00:00,12911.0
2025-12-23 07:00:00,12912.0
2025-12-23 08:00:00,12941.0
2025-12-23 09:00:00,12965.0
2025-12-23 10:00:00,12988.0
2025-12-23 11:00:00,13006.0
2025-12-23 12:00:00,13008.0
2025-12-23 13:00:00,12993.0
2025-12-23 14:00:00,13025.0
2025-12-23 15:00:00,13018.0
2025-12-23 16:00:00,12989.0
2025-12-23 17:00:00,12978.0
2025-12-23 18:00:00,12985.0
2025-12-23 19:00:00,12978.0
2025-12-23 20:00:00,12977.0
2025-12-23 23:00:00,13005.0
2025-12-29 07:00:00,13016.0
2025-12-29 08:00:00,13007.0
2025-12-29 09:00:00,12983.0
2025-12-29 10:00:00,12987.0
2025-12-29 11:00:00,12992.0
2025-12-29 12:00:00,12970.0
2025-12-29 13:00:00,12982.0
2025-12-29 14:00:00,12994.0
2025-12-29 15:00:00,12994.0
2025-12-29 16:00:00,12980.0
2025-12-29 17:00:00,12992.0
2025-12-29 18:00:00,12994.0
2025-12-29 19:00:00,12993.0
2025-12-29 20:00:00,12993.0
2025-12-29 23:00:00,12965.0
2025-12-30 07:00:00,12947.0
2025-12-30 08:00:00,12976.0
2025-12-30 09:00:00,12987.0
2025-12-30 10:00:00,13003.0
2025-12-30 11:00:00,13008.0
2025-12-30 12:00:00,13012.0
2025-12-30 13:00:00,13008.0
2025-12-30 14:00:00,13009.0
2025-12-30 15:00:00,13032.0
2025-12-30 16:00:00,13012.0
2025-12-30 17:00:00,13021.0
2025-12-30 18:00:00,13025.0
2025-12-30 19:00:00,13018.0
2025-12-30 20:00:00,13012.0
2025-12-30 23:00:00,13035.0
2026-01-05 07:00:00,13032.0
2026-01-05 08:00:00,12924.0
2026-01-05 09:00:00,12938.0
2026-01-05 10:00:00,12900.0
2026-01-05 11:00:00,12895.0
2026-01-05 12:00:00,12902.0
2026-01-05 13:00:00,12906.0
2026-01-05 14:00:00,12907.0
2026-01-05 15:00:00,12959.0
2026-01-05 16:00:00,13001.0
2026-01-05 17:00:00,13017.0
2026-01-05 18:00:00,13008.0
2026-01-05 19:00:00,13015.0
2026-01-05 20:00:00,13022.0
2026-01-05 23:00:00,12984.0
2026-01-06 07:00:00,13012.0
2026-01-06 08:00:00,12967.0
2026-01-06 09:00:00,12974.0
2026-01-06 10:00:00,12947.0
2026-01-06 11:00:00,12963.0
2026-01-06 12:00:00,12960.0
2026-01-06 13:00:00,12996.0
2026-01-06 14:00:00,13051.0
2026-01-06 15:00:00,13074.0
2026-01-06 16:00:00,13076.0
2026-01-06 17:00:00,13092.0
2026-01-06 18:00:00,13097.0
2026-01-06 19:00:00,13115.0
2026-01-06 20:00:00,13104.0
2026-01-06 23:00:00,13092.0
2026-01-07 07:00:00,13122.0
2026-01-07 08:00:00,13088.0
2026-01-07 09:00:00,13117.0
2026-01-07 10:00:00,13125.0
2026-01-07 11:00:00,13110.0
2026-01-07 12:00:00,13073.0
2026-01-07 13:00:00,13059.0
2026-01-07 14:00:00,13056.0
2026-01-07 15:00:00,13032.0
2026-01-07 16:00:00,13074.0
2026-01-07 17:00:00,13058.0
2026-01-07 18:00:00,13067.0
2026-01-07 19:00:00,13060.0
2026-01-07 20:00:00,13056.0
2026-01-07 23:00:00,13051.0
2026-01-08 07:00:00,13072.0
2026-01-08 08:00:00,13072.0
2026-01-08 09:00:00,13065.0
2026-01-08 10:00:00,13041.0
2026-01-08 11:00:00,13039.0
2026-01-08 12:00:00,13037.0
2026-01-08 13:00:00,13033.0
2026-01-08 14:00:00,13066.0
2026-01-08 15:00:00,13096.0
2026-01-08 16:00:00,13093.0
2026-01-08 17:00:00,13100.0
2026-01-08 18:00:00,13085.0
2026-01-08 19:00:00,13065.0
2026-01-08 20:00:00,13082.0
2026-01-08 23:00:00,13078.0
2026-01-09 07:00:00,13098.0
2026-01-09 08:00:00,13110.0
2026-01-09 09:00:00,13119.0
2026-01-09 10:00:00,13111.0
2026-01-09 11:00:00,13109.0
2026-01-09 12:00:00,13114.0
2026-01-09 13:00:00,13129.0
2026-01-09 14:00:00,13154.0
2026-01-09 15:00:00,13153.0
2026-01-09 16:00:00,13177.0
2026-01-09 17:00:00,13186.0
2026-01-09 18:00:00,13191.0
2026-01-09 19:00:00,13182.0
2026-01-09 20:00:00,13173.0
2026-01-09 23:00:00,13157.0
2026-01-12 07:00:00,13140.0
2026-01-12 08:00:00,13129.0
2026-01-12 09:00:00,13159.0
2026-01-12 10:00:00,13135.0
2026-01-12 11:00:00,13153.0
2026-01-12 12:00:00,13147.0
2026-01-12 13:00:00,13154.0
2026-01-12 14:00:00,13170.0
2026-01-12 15:00:00,13165.0
2026-01-12 16:00:00,13163.0
2026-01-12 17:00:00,13133.0
2026-01-12 18:00:00,13129.0
2026-01-12 19:00:00,13138.0
2026-01-12 20:00:00,13157.0
2026-01-12 23:00:00,13164.0
2026-01-13 07:00:00,13140.0
2026-01-13 08:00:00,13137.0
2026-01-13 09:00:00,13093.0
2026-01-13 10:00:00,13081.0
2026-01-13 11:00:00,13080.0
2026-01-13 12:00:00,13103.0
2026-01-13 13:00:00,13100.0
2026-01-13 14:00:00,13075.0
2026-01-13 15:00:00,13104.0
2026-01-13 16:00:00,13126.0
2026-01-13 17:00:00,13106.0
2026-01-13 18:00:00,13100.0
2026-01-13 19:00:00,13109.0
2026-01-13 20:00:00,13110.0
2026-01-13 23:00:00,13108.0
2026-01-14 07:00:00,13110.0
2026-01-14 08:00:00,13192.0
2026-01-14 09:00:00,13198.0
2026-01-14 10:00:00,13178.0
2026-01-14 11:00:00,13187.0
2026-01-14 12:00:00,13208.0
2026-01-14 13:00:00,13192.0
2026-01-14 14:00:00,13218.0
2026-01-14 15:00:00,13191.0
2026-01-14 16:00:00,13175.0
2026-01-14 17:00:00,13175.0
2026-01-14 18:00:00,13198.0
2026-01-14 19:00:00,13211.0
2026-01-14 20:00:00,13251.0
2026-01-14 23:00:00,13190.0
2026-01-15 07:00:00,13284.0
2026-01-15 08:00:00,13229.0
2026-01-15 09:00:00,13231.0
2026-01-15 10:00:00,13246.0
2026-01-15 11:00:00,13229.0
2026-01-15 12:00:00,13258.0
2026-01-15 13:00:00,13260.0
2026-01-15 14:00:00,13231.0
2026-01-15 15:00:00,13211.0
2026-01-15 16:00:00,13205.0
2026-01-15 17:00:00,13195.0
2026-01-15 18:00:00,13218.0
2026-01-15 19:00:00,13230.0
2026-01-15 20:00:00,13218.0
2026-01-15 23:00:00,13241.0
2026-01-16 07:00:00,13225.0
2026-01-16 08:00:00,13161.0
2026-01-16 09:00:00,13170.0
2026-01-16 10:00:00,13179.0
2026-01-16 11:00:00,13183.0
2026-01-16 12:00:00,13168.0
2026-01-16 13:00:00,13142.0
2026-01-16 14:00:00,13115.0
2026-01-16 15:00:00,13144.0
2026-01-16 16:00:00,13159.0
2026-01-16 17:00:00,13164.0
2026-01-16 18:00:00,13169.0
2026-01-16 19:00:00,13166.0
2026-01-16 20:00:00,13162.0
2026-01-16 23:00:00,13148.0
2026-01-19 07:00:00,13046.0
2026-01-19 08:00:00,13072.0
2026-01-19 09:00:00,13010.0
2026-01-19 10:00:00,12996.0
2026-01-19 11:00:00,13011.0
2026-01-19 12:00:00,13002.0
2026-01-19 13:00:00,12996.0
2026-01-19 14:00:00,13010.0
2026-01-19 15:00:00,12988.0
2026-01-19 16:00:00,13023.0
2026-01-19 17:00:00,13028.0
2026-01-19 18:00:00,13034.0
2026-01-19 19:00:00,13029.0
2026-01-19 20:00:00,13028.0
2026-01-19 23:00:00,13004.0
2026-01-20 07:00:00,12942.0
2026-01-20 08:00:00,12871.0
2026-01-20 09:00:00,12855.0
2026-01-20 10:00:00,12861.0
2026-01-20 11:00:00,12861.0
2026-01-20 12:00:00,12880.0
2026-01-20 13:00:00,12862.0
2026-01-20 14:00:00,12864.0
2026-01-20 15:00:00,12898.0
2026-01-20 16:00:00,12911.0
2026-01-20 17:00:00,12888.0
2026-01-20 18:00:00,12863.0
2026-01-20 19:00:00,12859.0
2026-01-20 20:00:00,12865.0
2026-01-20 23:00:00,12897.0
2026-01-21 07:00:00,12867.0
2026-01-21 08:00:00,12895.0
2026-01-21 09:00:00,12840.0
2026-01-21 10:00:00,12841.0
2026-01-21 11:00:00,12827.0
2026-01-21 12:00:00,12833.0
2026-01-21 13:00:00,12822.0
2026-01-21 14:00:00,12905.0
2026-01-21 15:00:00,12877.0
2026-01-21 16:00:00,12866.0
2026-01-21 17:00:00,12881.0
2026-01-21 18:00:00,12886.0
2026-01-21 19:00:00,13019.0
2026-01-21 20:00:00,13014.0
2026-01-21 23:00:00,12875.0
2026-01-22 07:00:00,12996.0
2026-01-22 08:00:00,12994.0
2026-01-22 09:00:00,13014.0
2026-01-22 10:00:00,12979.0
2026-01-22 11:00:00,12958.0
2026-01-22 12:00:00,12963.0
2026-01-22 13:00:00,12953.0
2026-01-22 14:00:00,12998.0
2026-01-22 15:00:00,12993.0
2026-01-22 16:00:00,12968.0
2026-01-22 17:00:00,12977.0
2026-01-22 18:00:00,12959.0
2026-01-22 19:00:00,12950.0
2026-01-22 20:00:00,12936.0
2026-01-22 23:00:00,12985.0
2026-01-23 07:00:00,12948.0
2026-01-23 08:00:00,12916.0
2026-01-23 09:00:00,12925.0
2026-01-23 10:00:00,12898.0
2026-01-23 11:00:00,12895.0
2026-01-23 12:00:00,12888.0
2026-01-23 13:00:00,12877.0
2026-01-23 14:00:00,12864.0
2026-01-23 15:00:00,12873.0
2026-01-23 16:00:00,12888.0
2026-01-23 17:00:00,12863.0
2026-01-23 18:00:00,12883.0
2026-01-23 19:00:00,12879.0
2026-01-23 20:00:00,12864.0
2026-01-23 23:00:00,12867.0
2026-01-26 07:00:00,12858.0
2026-01-26 08:00:00,12830.0
2026-01-26 09:00:00,12816.0
2026-01-26 10:00:00,12837.0
2026-01-26 11:00:00,12853.0
2026-01-26 12:00:00,12854.0
2026-01-26 13:00:00,12863.0
2026-01-26 14:00:00,12896.0
2026-01-26 15:00:00,12895.0
2026-01-26 16:00:00,12874.0
2026-01-26 17:00:00,12889.0
2026-01-26 18:00:00,12893.0
2026-01-26 19:00:00,12875.0
2026-01-26 20:00:00,12865.0
2026-01-26 23:00:00,12886.0
2026-01-27 07:00:00,12919.0
2026-01-27 08:00:00,12955.0
2026-01-27 09:00:00,12934.0
2026-01-27 10:00:00,12961.0
2026-01-27 11:00:00,12950.0
2026-01-27 12:00:00,12956.0
2026-01-27 13:00:00,12950.0
2026-01-27 14:00:00,12950.0
2026-01-27 15:00:00,12967.0
2026-01-27 16:00:00,12942.0
2026-01-27 17:00:00,12933.0
2026-01-27 18:00:00,12941.0
2026-01-27 19:00:00,12946.0
2026-01-27 20:00:00,12903.0
2026-01-27 23:00:00,12956.0
2026-01-28 07:00:00,12892.0
2026-01-28 08:00:00,12841.0
2026-01-28 09:00:00,12817.0
2026-01-28 10:00:00,12806.0
2026-01-28 11:00:00,12782.0
2026-01-28 12:00:00,12757.0
2026-01-28 13:00:00,12752.0
2026-01-28 14:00:00,12773.0
2026-01-28 15:00:00,12770.0
2026-01-28 16:00:00,12717.0
2026-01-28 17:00:00,12699.0
2026-01-28 18:00:00,12716.0
2026-01-28 19:00:00,12728.0
2026-01-28 20:00:00,12715.0
2026-01-28 23:00:00,12779.0
2026-01-29 07:00:00,12744.0
2026-01-29 08:00:00,12784.0
2026-01-29 09:00:00,12810.0
2026-01-29 10:00:00,12797.0
2026-01-29 11:00:00,12815.0
2026-01-29 12:00:00,12856.0
2026-01-29 13:00:00,12927.0
2026-01-29 14:00:00,12877.0
2026-01-29 15:00:00,12883.0
2026-01-29 16:00:00,12886.0
2026-01-29 17:00:00,12917.0
2026-01-29 18:00:00,12938.0
2026-01-29 19:00:00,12956.0
2026-01-29 20:00:00,12940.0
2026-01-29 23:00:00,12911.0
2026-01-30 07:00:00,12910.0
2026-01-30 08:00:00,12916.0
2026-01-30 09:00:00,12897.0
2026-01-30 10:00:00,12913.0
2026-01-30 11:00:00,12944.0
2026-01-30 12:00:00,12967.0
2026-01-30 13:00:00,12955.0
2026-01-30 14:00:00,12923.0
2026-01-30 15:00:00,12921.0
2026-01-30 16:00:00,12917.0
2026-01-30 17:00:00,12915.0
2026-01-30 18:00:00,12913.0
2026-01-30 19:00:00,12921.0
2026-01-30 20:00:00,12927.0
2026-01-30 23:00:00,12915.0
2026-02-02 07:00:00,12916.0
2026-02-02 08:00:00,12986.0
2026-02-02 09:00:00,12997.0
2026-02-02 10:00:00,13031.0
2026-02-02 11:00:00,13067.0
2026-02-02 12:00:00,13087.0
2026-02-02 13:00:00,13106.0
2026-02-02 14:00:00,13124.0
2026-02-02 15:00:00,13137.0
2026-02-02 16:00:00,13170.0
2026-02-02 17:00:00,13177.0
2026-02-02 18:00:00,13180.0
2026-02-02 19:00:00,13181.0
2026-02-02 20:00:00,13200.0
2026-02-02 23:00:00,13144.0
2026-02-03 07:00:00,13224.0
2026-02-03 08:00:00,13200.0
2026-02-03 09:00:00,13152.0
2026-02-03 10:00:00,13150.0
2026-02-03 11:00:00,13140.0
2026-02-03 12:00:00,13104.0
2026-02-03 13:00:00,13078.0
2026-02-03 14:00:00,13119.0
2026-02-03 15:00:00,13116.0
2026-02-03 16:00:00,13095.0
2026-02-03 17:00:00,13050.0
2026-02-03 18:00:00,13037.0
2026-02-03 19:00:00,13053.0
2026-02-03 20:00:00,13071.0
2026-02-03 23:00:00,13105.0
2026-02-04 07:00:00,13079.0
2026-02-04 08:00:00,13089.0
2026-02-04 09:00:00,13092.0
2026-02-04 10:00:00,13165.0
2026-02-04 11:00:00,13234.0
2026-02-04 12:00:00,13217.0
2026-02-04 13:00:00,13247.0
2026-02-04 14:00:00,13302.0
2026-02-04 15:00:00,13301.0
2026-02-04 16:00:00,13213.0
2026-02-04 17:00:00,13193.0
2026-02-04 18:00:00,13215.0
2026-02-04 19:00:00,13256.0
2026-02-04 20:00:00,13213.0
2026-02-04 23:00:00,13266.0
2026-02-05 07:00:00,13214.0
2026-02-05 08:00:00,13175.0
2026-02-05 09:00:00,13197.0
2026-02-05 10:00:00,13216.0
2026-02-05 11:00:00,13204.0
2026-02-05 12:00:00,13185.0
2026-02-05 13:00:00,13149.0
2026-02-05 14:00:00,13168.0
2026-02-05 15:00:00,13168.0
2026-02-05 16:00:00,13209.0
2026-02-05 17:00:00,13202.0
2026-02-05 18:00:00,13192.0
2026-02-05 19:00:00,13194.0
2026-02-05 20:00:00,13164.0
2026-02-05 23:00:00,13207.0
2026-02-06 07:00:00,13169.0
2026-02-06 08:00:00,13108.0
2026-02-06 09:00:00,13101.0
2026-02-06 10:00:00,13148.0
2026-02-06 11:00:00,13179.0
2026-02-06 12:00:00,13161.0
2026-02-06 13:00:00,13156.0
2026-02-06 14:00:00,13212.0
2026-02-06 15:00:00,13247.0
2026-02-06 16:00:00,13255.0
2026-02-06 17:00:00,13279.0
2026-02-06 18:00:00,13285.0
2026-02-06 19:00:00,13303.0
2026-02-06 20:00:00,13312.0
2026-02-06 23:00:00,13251.0
2026-02-09 07:00:00,13264.0
2026-02-09 08:00:00,13259.0
2026-02-09 09:00:00,13247.0
2026-02-09 10:00:00,13245.0
2026-02-09 11:00:00,13242.0
2026-02-09 12:00:00,13266.0
2026-02-09 13:00:00,13254.0
2026-02-09 14:00:00,13228.0
2026-02-09 15:00:00,13235.0
2026-02-09 16:00:00,13255.0
2026-02-09 17:00:00,13233.0
2026-02-09 18:00:00,13227.0
2026-02-09 19:00:00,13241.0
2026-02-09 20:00:00,13231.0
2026-02-09 23:00:00,13255.0
2026-02-10 07:00:00,13282.0
2026-02-10 08:00:00,13270.0
2026-02-10 09:00:00,13280.0
2026-02-10 10:00:00,13267.0
2026-02-10 11:00:00,13276.0
2026-02-10 12:00:00,13253.0
2026-02-10 13:00:00,13243.0
2026-02-10 14:00:00,13255.0
2026-02-10 15:00:00,13247.0
2026-02-10 16:00:00,13264.0
2026-02-10 17:00:00,13277.0
2026-02-10 18:00:00,13274.0
2026-02-10 19:00:00,13276.0
2026-02-10 20:00:00,13258.0
2026-02-10 23:00:00,13248.0
2026-02-11 07:00:00,13272.0
2026-02-11 08:00:00,13233.0
2026-02-11 09:00:00,13238.0
2026-02-11 10:00:00,13263.0
2026-02-11 11:00:00,13260.0
2026-02-11 12:00:00,13266.0
2026-02-11 13:00:00,13270.0
2026-02-11 14:00:00,13275.0
2026-02-11 15:00:00,13301.0
2026-02-11 16:00:00,13282.0
2026-02-11 17:00:00,13296.0
2026-02-11 18:00:00,13300.0
2026-02-11 19:00:00,13323.0
2026-02-11 20:00:00,13304.0
2026-02-11 23:00:00,13312.0
2026-02-12 07:00:00,13343.0
2026-02-12 08:00:00,13312.0
2026-02-12 09:00:00,13300.0
2026-02-12 10:00:00,13290.0
2026-02-12 11:00:00,13287.0
2026-02-12 12:00:00,13313.0
2026-02-12 13:00:00,13319.0
2026-02-12 14:00:00,13336.0
2026-02-12 15:00:00,13327.0
2026-02-12 16:00:00,13294.0
2026-02-12 17:00:00,13262.0
2026-02-12 18:00:00,13314.0
2026-02-12 19:00:00,13333.0
2026-02-12 20:00:00,13298.0
2026-02-12 23:00:00,13281.0
2026-02-13 07:00:00,13325.0
2026-02-13 08:00:00,13333.0
2026-02-13 09:00:00,13358.0
2026-02-13 10:00:00,13322.0
2026-02-13 11:00:00,13326.0
2026-02-13 12:00:00,13312.0
2026-02-13 13:00:00,13328.0
2026-02-13 14:00:00,13286.0
2026-02-13 15:00:00,13354.0
2026-02-13 16:00:00,13351.0
2026-02-13 17:00:00,13356.0
2026-02-13 18:00:00,13353.0
2026-02-13 19:00:00,13339.0
2026-02-13 20:00:00,13339.0
2026-02-13 23:00:00,13366.0
2026-02-16 07:00:00,13364.0
2026-02-16 08:00:00,13375.0
2026-02-16 09:00:00,13376.0
2026-02-16 10:00:00,13389.0
2026-02-16 11:00:00,13408.0
2026-02-16 12:00:00,13388.0
2026-02-16 13:00:00,13396.0
2026-02-16 14:00:00,13397.0
2026-02-16 15:00:00,13372.0
2026-02-16 16:00:00,13397.0
2026-02-16 17:00:00,13403.0
2026-02-16 18:00:00,13398.0
2026-02-16 19:00:00,13390.0
2026-02-16 20:00:00,13391.0
2026-02-16 23:00:00,13366.0
2026-02-17 07:00:00,13395.0
2026-02-17 08:00:00,13459.0
2026-02-17 09:00:00,13474.0
2026-02-17 10:00:00,13450.0
2026-02-17 11:00:00,13479.0
2026-02-17 12:00:00,13441.0
2026-02-17 13:00:00,13486.0
2026-02-17 14:00:00,13476.0
2026-02-17 15:00:00,13466.0
2026-02-17 16:00:00,13492.0
2026-02-17 17:00:00,13470.0
2026-02-17 18:00:00,13525.0
2026-02-17 19:00:00,13521.0
2026-02-17 20:00:00,13518.0
2026-02-17 23:00:00,13504.0
2026-02-18 07:00:00,13512.0
2026-02-18 08:00:00,13537.0
2026-02-18 09:00:00,13560.0
2026-02-18 10:00:00,13565.0
2026-02-18 11:00:00,13547.0
2026-02-18 12:00:00,13538.0
2026-02-18 13:00:00,13531.0
2026-02-18 14:00:00,13566.0
2026-02-18 15:00:00,13561.0
2026-02-18 16:00:00,13541.0
2026-02-18 17:00:00,13564.0
2026-02-18 18:00:00,13548.0
2026-02-18 19:00:00,13526.0
2026-02-18 20:00:00,13559.0
2026-02-18 23:00:00,13547.0
2026-02-19 07:00:00,13616.0
2026-02-19 08:00:00,13606.0
2026-02-19 09:00:00,13574.0
2026-02-19 10:00:00,13531.0
2026-02-19 11:00:00,13523.0
2026-02-19 12:00:00,13539.0
2026-02-19 13:00:00,13550.0
2026-02-19 14:00:00,13526.0
2026-02-19 15:00:00,13529.0
2026-02-19 16:00:00,13547.0
2026-02-19 17:00:00,13539.0
2026-02-19 18:00:00,13548.0
2026-02-19 19:00:00,13544.0
2026-02-19 20:00:00,13566.0
2026-02-19 23:00:00,13535.0
2026-02-20 07:00:00,13609.0
2026-02-20 08:00:00,13571.0
2026-02-20 09:00:00,13560.0
2026-02-20 10:00:00,13554.0
2026-02-20 11:00:00,13561.0
2026-02-20 12:00:00,13541.0
2026-02-20 13:00:00,13542.0
2026-02-20 14:00:00,13553.0
2026-02-20 15:00:00,13576.0
2026-02-20 16:00:00,13594.0
2026-02-20 17:00:00,13584.0
2026-02-20 18:00:00,13612.0
2026-02-20 19:00:00,13592.0
2026-02-20 20:00:00,13611.0
2026-02-20 23:00:00,13572.0
2026-02-23 07:00:00,13581.0
2026-02-23 08:00:00,13594.0
2026-02-23 09:00:00,13594.0
2026-02-23 10:00:00,13601.0
2026-02-23 11:00:00,13613.0
2026-02-23 12:00:00,13584.0
2026-02-23 13:00:00,13583.0
2026-02-23 14:00:00,13608.0
2026-02-23 15:00:00,13586.0
2026-02-23 16:00:00,13603.0
2026-02-23 17:00:00,13608.0
2026-02-23 18:00:00,13625.0
2026-02-23 19:00:00,13623.0
2026-02-23 20:00:00,13625.0
2026-02-23 23:00:00,13576.0
2026-02-24 07:00:00,13608.0
2026-02-24 08:00:00,13625.0
2026-02-24 09:00:00,13645.0
2026-02-24 10:00:00,13672.0
2026-02-24 11:00:00,13718.0
2026-02-24 12:00:00,13710.0
2026-02-24 13:00:00,13760.0
2026-02-24 14:00:00,13780.0
2026-02-24 15:00:00,13757.0
2026-02-24 16:00:00,13745.0
2026-02-24 17:00:00,13764.0
2026-02-24 18:00:00,13767.0
2026-02-24 19:00:00,13765.0
2026-02-24 20:00:00,13751.0
2026-02-24 23:00:00,13748.0
2026-02-25 07:00:00,13732.0
2026-02-25 08:00:00,13756.0
2026-02-25 09:00:00,13760.0
2026-02-25 10:00:00,13744.0
2026-02-25 11:00:00,13745.0
2026-02-25 12:00:00,13738.0
2026-02-25 13:00:00,13764.0
2026-02-25 14:00:00,13713.0
2026-02-25 15:00:00,13714.0
2026-02-25 16:00:00,13707.0
2026-02-25 17:00:00,13722.0
2026-02-25 18:00:00,13710.0
2026-02-25 19:00:00,13705.0
2026-02-25 20:00:00,13697.0
2026-02-25 23:00:00,13720.0
2026-02-26 07:00:00,13669.0
2026-02-26 08:00:00,13724.0
2026-02-26 09:00:00,13730.0
2026-02-26 10:00:00,13735.0
2026-02-26 11:00:00,13740.0
2026-02-26 12:00:00,13729.0
2026-02-26 13:00:00,13713.0
2026-02-26 14:00:00,13662.0
2026-02-26 15:00:00,13644.0
2026-02-26 16:00:00,13614.0
2026-02-26 17:00:00,13625.0
2026-02-26 18:00:00,13654.0
2026-02-26 19:00:00,13673.0
2026-02-26 20:00:00,13679.0
2026-02-26 23:00:00,13650.0
2026-02-27 07:00:00,13701.0
2026-02-27 08:00:00,13783.0
2026-02-27 09:00:00,13752.0
2026-02-27 10:00:00,13728.0
2026-02-27 11:00:00,13717.0
2026-02-27 12:00:00,13718.0
2026-02-27 13:00:00,13705.0
2026-02-27 14:00:00,13693.0
2026-02-27 15:00:00,13760.0
2026-02-27 16:00:00,13706.0
2026-02-27 17:00:00,13685.0
2026-02-27 18:00:00,13702.0
2026-02-27 19:00:00,13684.0
2026-02-27 20:00:00,13687.0
2026-02-27 23:00:00,13784.0
2026-03-02 07:00:00,13540.0
2026-03-02 08:00:00,13486.0
2026-03-02 09:00:00,13536.0
2026-03-02 10:00:00,13537.0
2026-03-02 11:00:00,13555.0
2026-03-02 12:00:00,13520.0
2026-03-02 13:00:00,13517.0
2026-03-02 14:00:00,13534.0
2026-03-02 15:00:00,13524.0
2026-03-02 16:00:00,13600.0
2026-03-02 17:00:00,13588.0
2026-03-02 18:00:00,13561.0
2026-03-02 19:00:00,13574.0
2026-03-02 20:00:00,13549.0
2026-03-02 23:00:00,13547.0
2026-03-03 07:00:00,13375.0
2026-03-03 08:00:00,13215.0
2026-03-03 09:00:00,13194.0
2026-03-03 10:00:00,13172.0
2026-03-03 11:00:00,13175.0
2026-03-03 12:00:00,13222.0
2026-03-03 13:00:00,13183.0
2026-03-03 14:00:00,13126.0
2026-03-03 15:00:00,13128.0
2026-03-03 16:00:00,13195.0
2026-03-03 17:00:00,13223.0
2026-03-03 18:00:00,13281.0
2026-03-03 19:00:00,13325.0
2026-03-03 20:00:00,13278.0
2026-03-03 23:00:00,13146.0
2026-03-04 07:00:00,13219.0
2026-03-04 08:00:00,13185.0
2026-03-04 09:00:00,13258.0
2026-03-04 10:00:00,13305.0
2026-03-04 11:00:00,13325.0
2026-03-04 12:00:00,13312.0
2026-03-04 13:00:00,13349.0
2026-03-04 14:00:00,13277.0
2026-03-04 15:00:00,13292.0
2026-03-04 16:00:00,13259.0
2026-03-04 17:00:00,13292.0
2026-03-04 18:00:00,13308.0
2026-03-04 19:00:00,13305.0
2026-03-04 20:00:00,13299.0
2026-03-04 23:00:00,13257.0
2026-03-05 07:00:00,13218.0
2026-03-05 08:00:00,13188.0
2026-03-05 09:00:00,13264.0
2026-03-05 10:00:00,13244.0
2026-03-05 11:00:00,13225.0
2026-03-05 12:00:00,13200.0
2026-03-05 13:00:00,13133.0
2026-03-05 14:00:00,13130.0
2026-03-05 15:00:00,13085.0
2026-03-05 16:00:00,13049.0
2026-03-05 17:00:00,12998.0
2026-03-05 18:00:00,12935.0
2026-03-05 19:00:00,12970.0
2026-03-05 20:00:00,13001.0
2026-03-05 23:00:00,13043.0
2026-03-06 07:00:00,13019.0
2026-03-06 08:00:00,12974.0
2026-03-06 09:00:00,12898.0
2026-03-06 10:00:00,12920.0
2026-03-06 11:00:00,12817.0
2026-03-06 12:00:00,12838.0
2026-03-06 13:00:00,12757.0
2026-03-06 14:00:00,12759.0
2026-03-06 15:00:00,12828.0
2026-03-06 16:00:00,12864.0
2026-03-06 17:00:00,12865.0
2026-03-06 18:00:00,12904.0
2026-03-06 19:00:00,12934.0
2026-03-06 20:00:00,12913.0
2026-03-06 23:00:00,12815.0
2026-03-09 07:00:00,12516.0
2026-03-09 08:00:00,12498.0
2026-03-09 09:00:00,12581.0
2026-03-09 10:00:00,12539.0
2026-03-09 11:00:00,12578.0
2026-03-09 12:00:00,12573.0
2026-03-09 13:00:00,12618.0
2026-03-09 14:00:00,12654.0
2026-03-09 15:00:00,12674.0
2026-03-09 16:00:00,12762.0
2026-03-09 17:00:00,12709.0
2026-03-09 18:00:00,12737.0
2026-03-09 19:00:00,12907.0
2026-03-09 20:00:00,12842.0
2026-03-09 23:00:00,12685.0
2026-03-10 07:00:00,13011.0
2026-03-10 08:00:00,12917.0
2026-03-10 09:00:00,12953.0
2026-03-10 10:00:00,12931.0
2026-03-10 11:00:00,12869.0
2026-03-10 12:00:00,12851.0
2026-03-10 13:00:00,12805.0
2026-03-10 14:00:00,12898.0
2026-03-10 15:00:00,12865.0
2026-03-10 16:00:00,12883.0
2026-03-10 17:00:00,12894.0
2026-03-10 18:00:00,12785.0
2026-03-10 19:00:00,12778.0
2026-03-10 20:00:00,12758.0
2026-03-10 23:00:00,12838.0
2026-03-11 07:00:00,12730.0
2026-03-11 08:00:00,12688.0
2026-03-11 09:00:00,12677.0
2026-03-11 10:00:00,12772.0
2026-03-11 11:00:00,12737.0
2026-03-11 12:00:00,12702.0
2026-03-11 13:00:00,12726.0
2026-03-11 14:00:00,12771.0
2026-03-11 15:00:00,12718.0
2026-03-11 16:00:00,12779.0
2026-03-11 17:00:00,12750.0
2026-03-11 18:00:00,12765.0
2026-03-11 19:00:00,12782.0
2026-03-11 20:00:00,12727.0
2026-03-11 23:00:00,12706.0
2026-03-12 07:00:00,12711.0
2026-03-12 08:00:00,12690.0
2026-03-12 09:00:00,12692.0
2026-03-12 10:00:00,12691.0
2026-03-12 11:00:00,12704.0
2026-03-12 12:00:00,12688.0
2026-03-12 13:00:00,12691.0
2026-03-12 14:00:00,12676.0
2026-03-12 15:00:00,12671.0
2026-03-12 16:00:00,12682.0
2026-03-12 17:00:00,12702.0
2026-03-12 18:00:00,12704.0
2026-03-12 19:00:00,12693.0
2026-03-12 20:00:00,12692.0
2026-03-12 23:00:00,12669.0
2026-03-13 07:00:00,12613.0
2026-03-13 08:00:00,12598.0
2026-03-13 09:00:00,12635.0
2026-03-13 10:00:00,12694.0
2026-03-13 11:00:00,12721.0
2026-03-13 12:00:00,12726.0
2026-03-13 13:00:00,12751.0
2026-03-13 14:00:00,12712.0
2026-03-13 15:00:00,12653.0
2026-03-13 16:00:00,12638.0
2026-03-13 17:00:00,12616.0
2026-03-13 18:00:00,12657.0
2026-03-13 19:00:00,12632.0
2026-03-13 19:00:01,12632.0
2026-03-13 20:00:00,12624.0
2026-03-13 23:00:00,12647.0
2026-03-16 07:00:00,12662.0
2026-03-16 08:00:00,12617.0
2026-03-16 09:00:00,12580.0
2026-03-16 10:00:00,12647.0
2026-03-16 11:00:00,12653.0
2026-03-16 12:00:00,12680.0
2026-03-16 13:00:00,12756.0
2026-03-16 14:00:00,12736.0
2026-03-16 15:00:00,12717.0
2026-03-16 16:00:00,12728.0
2026-03-16 17:00:00,12722.0
2026-03-16 18:00:00,12747.0
2026-03-16 19:00:00,12756.0
2026-03-16 20:00:00,12770.0
2026-03-16 23:00:00,12726.0
2026-03-17 07:00:00,12695.0
2026-03-17 08:00:00,12727.0
2026-03-17 09:00:00,12773.0
2026-03-17 10:00:00,12783.0
2026-03-17 11:00:00,12775.0
2026-03-17 12:00:00,12787.0
2026-03-17 13:00:00,12799.0
2026-03-17 14:00:00,12825.0
2026-03-17 15:00:00,12798.0
2026-03-17 16:00:00,12773.0
2026-03-17 17:00:00,12766.0
2026-03-17 18:00:00,12743.0
2026-03-17 19:00:00,12725.0
2026-03-17 20:00:00,12733.0
2026-03-17 23:00:00,12790.0
2026-03-18 07:00:00,12799.0
2026-03-18 08:00:00,12761.0
2026-03-18 09:00:00,12746.0
2026-03-18 10:00:00,12734.0
2026-03-18 11:00:00,12707.0
2026-03-18 12:00:00,12625.0
2026-03-18 13:00:00,12573.0
2026-03-18 14:00:00,12572.0
2026-03-18 15:00:00,12576.0
2026-03-18 16:00:00,12589.0
2026-03-18 17:00:00,12593.0
2026-03-18 18:00:00,12537.0
2026-03-18 19:00:00,12485.0
2026-03-18 20:00:00,12491.0
2026-03-18 23:00:00,12590.0
2026-03-19 07:00:00,12435.0
2026-03-19 08:00:00,12396.0
2026-03-19 09:00:00,12409.0
2026-03-19 10:00:00,12387.0
2026-03-19 11:00:00,12398.0
2026-03-19 12:00:00,12348.0
2026-03-19 13:00:00,12380.0
2026-03-19 14:00:00,12338.0
2026-03-19 15:00:00,12337.0
2026-03-19 16:00:00,12290.0
2026-03-19 17:00:00,12297.0
2026-03-19 18:00:00,12313.0
2026-03-19 19:00:00,12332.0
2026-03-19 20:00:00,12338.0
2026-03-19 23:00:00,12307.0
2026-03-20 07:00:00,12379.0
2026-03-20 08:00:00,12382.0
2026-03-20 09:00:00,12341.0
2026-03-20 10:00:00,12304.0
2026-03-20 11:00:00,12360.0
2026-03-20 12:00:00,12392.0
2026-03-20 13:00:00,12288.0
2026-03-20 14:00:00,12186.0
2026-03-20 15:00:00,12182.0
2026-03-20 16:00:00,12137.0
2026-03-20 17:00:00,12126.0
2026-03-20 18:00:00,12053.0
2026-03-20 19:00:00,12071.0
2026-03-20 20:00:00,12082.0
2026-03-20 23:00:00,12157.0
2026-03-23 07:00:00,11927.0
2026-03-23 08:00:00,11954.0
2026-03-23 09:00:00,11916.0
2026-03-23 10:00:00,11913.0
2026-03-23 11:00:00,12211.0
2026-03-23 12:00:00,12323.0
2026-03-23 13:00:00,12271.0
2026-03-23 14:00:00,12323.0
2026-03-23 15:00:00,12259.0
2026-03-23 16:00:00,12304.0
2026-03-23 17:00:00,12363.0
2026-03-23 18:00:00,12361.0
2026-03-23 19:00:00,12296.0
2026-03-23 20:00:00,12287.0
2026-03-23 23:00:00,12246.0
2026-03-24 07:00:00,12275.0
2026-03-24 08:00:00,12237.0
2026-03-24 09:00:00,12260.0
2026-03-24 10:00:00,12287.0
2026-03-24 11:00:00,12310.0
2026-03-24 12:00:00,12233.0
2026-03-24 13:00:00,12246.0
2026-03-24 14:00:00,12325.0
2026-03-24 15:00:00,12324.0
2026-03-24 16:00:00,12343.0
2026-03-24 17:00:00,12325.0
2026-03-24 18:00:00,12343.0
2026-03-24 19:00:00,12328.0
2026-03-24 20:00:00,12328.0
2026-03-24 23:00:00,12348.0
2026-03-25 07:00:00,12473.0
2026-03-25 08:00:00,12551.0
2026-03-25 09:00:00,12539.0
2026-03-25 10:00:00,12551.0
2026-03-25 11:00:00,12566.0
2026-03-25 12:00:00,12534.0
2026-03-25 13:00:00,12523.0
2026-03-25 14:00:00,12543.0
2026-03-25 15:00:00,12530.0
2026-03-25 16:00:00,12579.0
2026-03-25 17:00:00,12557.0
2026-03-25 18:00:00,12539.0
2026-03-25 19:00:00,12549.0
2026-03-25 20:00:00,12552.0
