DATETIME,price
1978-12-18 00:00:00,-103.90000000000049
1978-12-19 00:00:00,-103.10000000000053
1978-12-20 00:00:00,-104.10000000000053
1978-12-21 00:00:00,-104.10000000000053
1978-12-22 00:00:00,-104.90000000000052
1978-12-26 00:00:00,-108.4000000000006
1978-12-27 00:00:00,-108.4000000000006
1978-12-28 00:00:00,-107.30000000000058
1978-12-29 00:00:00,-108.30000000000058
1979-01-02 00:00:00,-109.00000000000051
1979-01-03 00:00:00,-111.80000000000047
1979-01-04 00:00:00,-110.50000000000051
1979-01-05 00:00:00,-109.4000000000006
1979-01-08 00:00:00,-108.10000000000053
1979-01-09 00:00:00,-107.70000000000056
1979-01-10 00:00:00,-108.20000000000056
1979-01-11 00:00:00,-108.00000000000051
1979-01-12 00:00:00,-107.00000000000051
1979-01-15 00:00:00,-103.70000000000056
1979-01-16 00:00:00,-104.10000000000053
1979-01-17 00:00:00,-105.3000000000005
1979-01-18 00:00:00,-105.3000000000005
1979-01-19 00:00:00,-104.50000000000054
1979-01-22 00:00:00,-103.80000000000047
1979-01-23 00:00:00,-103.50000000000051
1979-01-24 00:00:00,-104.8000000000005
1979-01-25 00:00:00,-103.80000000000047
1979-01-26 00:00:00,-107.4000000000006
1979-01-29 00:00:00,-107.9000000000006
1979-01-30 00:00:00,-105.60000000000056
1979-01-31 00:00:00,-104.40000000000052
1979-02-01 00:00:00,-104.70000000000059
1979-02-02 00:00:00,-101.40000000000049
1979-02-05 00:00:00,-99.50000000000051
1979-02-06 00:00:00,-100.20000000000056
1979-02-07 00:00:00,-97.00000000000057
1979-02-08 00:00:00,-99.90000000000049
1979-02-09 00:00:00,-95.30000000000052
1979-02-12 00:00:00,-98.00000000000051
1979-02-13 00:00:00,-101.20000000000056
1979-02-14 00:00:00,-97.00000000000057
1979-02-15 00:00:00,-95.80000000000052
1979-02-16 00:00:00,-94.60000000000059
1979-02-20 00:00:00,-90.30000000000047
1979-02-21 00:00:00,-91.10000000000053
1979-02-22 00:00:00,-90.40000000000049
1979-02-23 00:00:00,-88.30000000000052
1979-02-26 00:00:00,-93.30000000000047
1979-02-27 00:00:00,-92.70000000000056
1979-02-28 00:00:00,-92.10000000000053
1979-03-01 00:00:00,-93.40000000000049
1979-03-02 00:00:00,-96.30000000000052
1979-03-05 00:00:00,-94.00000000000057
1979-03-06 00:00:00,-93.50000000000051
1979-03-07 00:00:00,-93.40000000000049
1979-03-08 00:00:00,-96.2000000000005
1979-03-09 00:00:00,-97.40000000000055
1979-03-12 00:00:00,-99.70000000000056
1979-03-13 00:00:00,-100.90000000000049
1979-03-14 00:00:00,-100.30000000000047
1979-03-15 00:00:00,-98.70000000000056
1979-03-16 00:00:00,-98.70000000000056
1979-03-19 00:00:00,-98.50000000000051
1979-03-20 00:00:00,-95.80000000000052
1979-03-21 00:00:00,-94.60000000000059
1979-03-22 00:00:00,-93.50000000000051
1979-03-23 00:00:00,-93.60000000000053
1979-03-26 00:00:00,-91.00000000000051
1979-03-27 00:00:00,-92.40000000000049
1979-03-28 00:00:00,-91.50000000000051
1979-03-29 00:00:00,-93.10000000000053
1979-03-30 00:00:00,-93.60000000000053
1979-04-02 00:00:00,-95.50000000000057
1979-04-03 00:00:00,-98.80000000000047
1979-04-04 00:00:00,-97.30000000000052
1979-04-05 00:00:00,-97.30000000000052
1979-04-06 00:00:00,-94.10000000000059
1979-04-09 00:00:00,-94.80000000000052
1979-04-10 00:00:00,-98.00000000000051
1979-04-11 00:00:00,-96.90000000000055
1979-04-12 00:00:00,-99.90000000000049
1979-04-16 00:00:00,-102.30000000000047
1979-04-17 00:00:00,-101.00000000000051
1979-04-18 00:00:00,-101.90000000000049
1979-04-19 00:00:00,-101.40000000000049
1979-04-20 00:00:00,-102.00000000000051
1979-04-23 00:00:00,-101.90000000000049
1979-04-24 00:00:00,-100.40000000000049
1979-04-25 00:00:00,-99.70000000000056
1979-04-26 00:00:00,-101.00000000000051
1979-04-27 00:00:00,-101.70000000000056
1979-04-30 00:00:00,-104.40000000000052
1979-05-01 00:00:00,-104.8000000000005
1979-05-02 00:00:00,-101.80000000000047
1979-05-03 00:00:00,-100.20000000000056
1979-05-04 00:00:00,-97.80000000000052
1979-05-07 00:00:00,-102.30000000000047
1979-05-08 00:00:00,-104.70000000000059
1979-05-09 00:00:00,-103.40000000000049
1979-05-10 00:00:00,-102.10000000000053
1979-05-11 00:00:00,-104.50000000000054
1979-05-14 00:00:00,-105.60000000000056
1979-05-15 00:00:00,-104.60000000000056
1979-05-16 00:00:00,-106.00000000000051
1979-05-17 00:00:00,-102.30000000000047
1979-05-18 00:00:00,-103.70000000000044
1979-05-21 00:00:00,-101.30000000000047
1979-05-22 00:00:00,-100.50000000000051
1979-05-23 00:00:00,-100.80000000000047
1979-05-24 00:00:00,-102.30000000000047
1979-05-25 00:00:00,-102.30000000000047
1979-05-29 00:00:00,-99.90000000000049
1979-05-30 00:00:00,-100.90000000000049
1979-05-31 00:00:00,-99.70000000000044
1979-06-01 00:00:00,-100.60000000000053
1979-06-04 00:00:00,-98.20000000000044
1979-06-05 00:00:00,-98.30000000000047
1979-06-06 00:00:00,-95.7000000000005
1979-06-07 00:00:00,-94.50000000000057
1979-06-08 00:00:00,-91.30000000000047
1979-06-11 00:00:00,-89.70000000000044
1979-06-12 00:00:00,-91.30000000000047
1979-06-13 00:00:00,-88.10000000000059
1979-06-14 00:00:00,-82.50000000000051
1979-06-15 00:00:00,-73.50000000000063
1979-06-18 00:00:00,-79.70000000000044
1979-06-19 00:00:00,-80.90000000000049
1979-06-20 00:00:00,-75.20000000000044
1979-06-21 00:00:00,-73.60000000000053
1979-06-22 00:00:00,-70.40000000000049
1979-06-25 00:00:00,-74.60000000000053
1979-06-26 00:00:00,-70.70000000000044
1979-06-27 00:00:00,-80.70000000000044
1979-06-28 00:00:00,-90.70000000000044
1979-06-29 00:00:00,-99.90000000000049
1979-07-02 00:00:00,-94.2000000000005
1979-07-03 00:00:00,-92.60000000000042
1979-07-05 00:00:00,-85.90000000000055
1979-07-06 00:00:00,-85.40000000000055
1979-07-09 00:00:00,-84.90000000000055
1979-07-10 00:00:00,-91.40000000000049
1979-07-11 00:00:00,-88.2000000000005
1979-07-12 00:00:00,-96.10000000000048
1979-07-13 00:00:00,-92.90000000000049
1979-07-16 00:00:00,-94.10000000000048
1979-07-17 00:00:00,-92.90000000000049
1979-07-18 00:00:00,-91.40000000000049
1979-07-19 00:00:00,-95.30000000000052
1979-07-20 00:00:00,-91.50000000000051
1979-07-23 00:00:00,-95.40000000000055
1979-07-24 00:00:00,-94.90000000000055
1979-07-25 00:00:00,-97.2000000000005
1979-07-26 00:00:00,-97.30000000000052
1979-07-27 00:00:00,-101.80000000000047
1979-07-30 00:00:00,-105.70000000000044
1979-07-31 00:00:00,-104.90000000000052
1979-08-01 00:00:00,-104.00000000000051
1979-08-02 00:00:00,-104.70000000000047
1979-08-03 00:00:00,-103.90000000000049
1979-08-06 00:00:00,-107.50000000000051
1979-08-07 00:00:00,-107.50000000000051
1979-08-08 00:00:00,-106.50000000000051
1979-08-09 00:00:00,-106.20000000000044
1979-08-10 00:00:00,-105.40000000000052
1979-08-13 00:00:00,-109.40000000000049
1979-08-14 00:00:00,-103.30000000000047
1979-08-15 00:00:00,-106.00000000000051
1979-08-16 00:00:00,-102.70000000000044
1979-08-17 00:00:00,-103.00000000000051
1979-08-20 00:00:00,-104.8000000000005
1979-08-21 00:00:00,-100.80000000000047
1979-08-22 00:00:00,-103.40000000000049
1979-08-23 00:00:00,-102.80000000000047
1979-08-24 00:00:00,-101.70000000000044
1979-08-27 00:00:00,-104.00000000000051
1979-08-28 00:00:00,-104.40000000000052
1979-08-29 00:00:00,-103.90000000000049
1979-08-30 00:00:00,-104.10000000000042
1979-08-31 00:00:00,-104.60000000000045
1979-09-04 00:00:00,-109.50000000000051
1979-09-05 00:00:00,-107.20000000000044
1979-09-06 00:00:00,-109.70000000000044
1979-09-07 00:00:00,-110.50000000000051
1979-09-10 00:00:00,-108.90000000000049
1979-09-11 00:00:00,-110.70000000000044
1979-09-12 00:00:00,-109.00000000000051
1979-09-13 00:00:00,-99.00000000000051
1979-09-14 00:00:00,-106.30000000000047
1979-09-17 00:00:00,-105.40000000000052
1979-09-18 00:00:00,-104.90000000000052
1979-09-19 00:00:00,-106.00000000000051
1979-09-20 00:00:00,-103.30000000000047
1979-09-21 00:00:00,-102.00000000000051
1979-09-24 00:00:00,-103.50000000000051
1979-09-25 00:00:00,-105.80000000000047
1979-09-26 00:00:00,-105.3000000000005
1979-09-27 00:00:00,-97.40000000000055
1979-09-28 00:00:00,-101.70000000000044
1979-10-01 00:00:00,-98.80000000000047
1979-10-02 00:00:00,-100.70000000000044
1979-10-03 00:00:00,-101.60000000000053
1979-10-04 00:00:00,-102.80000000000047
1979-10-05 00:00:00,-102.80000000000047
1979-10-08 00:00:00,-106.10000000000053
1979-10-09 00:00:00,-109.00000000000051
1979-10-10 00:00:00,-108.30000000000047
1979-10-11 00:00:00,-109.90000000000049
1979-10-12 00:00:00,-111.40000000000049
1979-10-15 00:00:00,-115.40000000000049
1979-10-16 00:00:00,-114.30000000000047
1979-10-17 00:00:00,-113.30000000000047
1979-10-18 00:00:00,-113.00000000000051
1979-10-19 00:00:00,-113.70000000000044
1979-10-22 00:00:00,-115.20000000000044
1979-10-23 00:00:00,-117.00000000000051
1979-10-24 00:00:00,-117.60000000000053
1979-10-25 00:00:00,-116.80000000000047
1979-10-26 00:00:00,-119.10000000000042
1979-10-29 00:00:00,-119.20000000000044
1979-10-30 00:00:00,-118.30000000000047
1979-10-31 00:00:00,-116.50000000000051
1979-11-01 00:00:00,-118.10000000000042
1979-11-02 00:00:00,-116.30000000000047
1979-11-05 00:00:00,-115.90000000000049
1979-11-06 00:00:00,-115.80000000000047
1979-11-07 00:00:00,-116.40000000000049
1979-11-08 00:00:00,-116.00000000000051
1979-11-09 00:00:00,-115.20000000000044
1979-11-12 00:00:00,-110.00000000000051
1979-11-13 00:00:00,-111.20000000000044
1979-11-14 00:00:00,-106.90000000000049
1979-11-15 00:00:00,-104.70000000000047
1979-11-16 00:00:00,-103.20000000000044
1979-11-19 00:00:00,-105.60000000000056
1979-11-20 00:00:00,-104.8000000000005
1979-11-21 00:00:00,-103.80000000000047
1979-11-23 00:00:00,-104.20000000000044
1979-11-26 00:00:00,-109.70000000000044
1979-11-27 00:00:00,-109.10000000000053
1979-11-28 00:00:00,-110.40000000000049
1979-11-29 00:00:00,-108.60000000000053
1979-11-30 00:00:00,-106.50000000000051
1979-12-03 00:00:00,-107.00000000000051
1979-12-04 00:00:00,-105.60000000000056
1979-12-05 00:00:00,-108.40000000000049
1979-12-06 00:00:00,-113.00000000000051
1979-12-07 00:00:00,-113.70000000000044
1979-12-10 00:00:00,-115.00000000000051
1979-12-11 00:00:00,-113.50000000000051
1979-12-12 00:00:00,-113.70000000000044
1979-12-13 00:00:00,-113.00000000000051
1979-12-14 00:00:00,-112.80000000000047
1979-12-17 00:00:00,-115.30000000000047
1979-12-18 00:00:00,-113.80000000000047
1979-12-19 00:00:00,-113.40000000000049
1979-12-20 00:00:00,-113.80000000000047
1979-12-21 00:00:00,-114.30000000000047
1979-12-26 00:00:00,-115.60000000000053
1979-12-27 00:00:00,-116.50000000000051
1979-12-28 00:00:00,-116.90000000000049
1979-12-31 00:00:00,-118.60000000000042
1980-01-02 00:00:00,-119.0000000000004
1980-01-03 00:00:00,-116.40000000000049
1980-01-04 00:00:00,-118.40000000000049
1980-01-09 00:00:00,-127.60000000000045
1980-01-10 00:00:00,-121.8000000000005
1980-01-11 00:00:00,-119.90000000000052
1980-01-14 00:00:00,-119.8000000000005
1980-01-15 00:00:00,-118.70000000000044
1980-01-16 00:00:00,-118.70000000000044
1980-01-17 00:00:00,-112.50000000000051
1980-01-18 00:00:00,-116.00000000000051
1980-01-21 00:00:00,-118.40000000000049
1980-01-22 00:00:00,-118.60000000000042
1980-01-23 00:00:00,-115.50000000000051
1980-01-24 00:00:00,-117.50000000000051
1980-01-25 00:00:00,-119.40000000000049
1980-01-28 00:00:00,-119.90000000000052
1980-01-29 00:00:00,-120.50000000000043
1980-01-30 00:00:00,-119.8000000000005
1980-01-31 00:00:00,-118.0000000000004
1980-02-01 00:00:00,-118.20000000000044
1980-02-04 00:00:00,-116.20000000000044
1980-02-05 00:00:00,-117.70000000000044
1980-02-06 00:00:00,-118.5000000000004
1980-02-07 00:00:00,-117.50000000000051
1980-02-08 00:00:00,-118.80000000000047
1980-02-11 00:00:00,-118.90000000000049
1980-02-12 00:00:00,-121.20000000000047
1980-02-13 00:00:00,-121.60000000000045
1980-02-14 00:00:00,-122.9000000000004
1980-02-15 00:00:00,-123.3000000000005
1980-02-19 00:00:00,-126.20000000000047
1980-02-20 00:00:00,-124.70000000000047
1980-02-21 00:00:00,-124.70000000000047
1980-02-22 00:00:00,-125.90000000000052
1980-02-25 00:00:00,-126.10000000000045
1980-02-26 00:00:00,-127.00000000000054
1980-02-27 00:00:00,-126.20000000000047
1980-02-28 00:00:00,-127.20000000000047
1980-02-29 00:00:00,-128.10000000000045
1980-03-03 00:00:00,-127.40000000000052
1980-03-04 00:00:00,-125.90000000000052
1980-03-05 00:00:00,-126.50000000000043
1980-03-06 00:00:00,-127.70000000000047
1980-03-07 00:00:00,-129.3000000000005
1980-03-10 00:00:00,-131.00000000000054
1980-03-11 00:00:00,-131.60000000000056
1980-03-12 00:00:00,-130.50000000000054
1980-03-13 00:00:00,-132.10000000000056
1980-03-14 00:00:00,-132.20000000000047
1980-03-17 00:00:00,-133.5000000000005
1980-03-18 00:00:00,-133.20000000000044
1980-03-19 00:00:00,-132.3000000000005
1980-03-20 00:00:00,-133.80000000000047
1980-03-21 00:00:00,-135.5000000000005
1980-03-24 00:00:00,-138.20000000000044
1980-03-25 00:00:00,-139.0000000000005
1980-03-26 00:00:00,-140.70000000000044
1980-03-27 00:00:00,-143.60000000000053
1980-03-28 00:00:00,-143.4000000000005
1980-03-31 00:00:00,-145.5000000000005
1980-04-01 00:00:00,-146.5000000000005
1980-04-02 00:00:00,-146.4000000000005
1980-04-03 00:00:00,-144.30000000000047
1980-04-07 00:00:00,-143.5000000000005
1980-04-08 00:00:00,-142.5000000000005
1980-04-09 00:00:00,-139.9000000000005
1980-04-10 00:00:00,-140.9000000000005
1980-04-11 00:00:00,-141.30000000000047
1980-04-14 00:00:00,-143.0000000000005
1980-04-15 00:00:00,-142.30000000000047
1980-04-16 00:00:00,-140.10000000000053
1980-04-17 00:00:00,-142.20000000000056
1980-04-18 00:00:00,-142.9000000000005
1980-04-21 00:00:00,-141.0000000000005
1980-04-22 00:00:00,-140.80000000000047
1980-04-23 00:00:00,-140.9000000000005
1980-04-24 00:00:00,-140.60000000000053
1980-04-25 00:00:00,-138.30000000000047
1980-04-28 00:00:00,-140.5000000000005
1980-04-29 00:00:00,-141.9000000000005
1980-04-30 00:00:00,-142.0000000000005
1980-05-01 00:00:00,-142.4000000000005
1980-05-02 00:00:00,-141.70000000000056
1980-05-05 00:00:00,-136.60000000000042
1980-05-06 00:00:00,-137.60000000000053
1980-05-07 00:00:00,-138.4000000000005
1980-05-08 00:00:00,-136.80000000000047
1980-05-09 00:00:00,-138.0000000000005
1980-05-12 00:00:00,-142.4000000000005
1980-05-13 00:00:00,-141.4000000000005
1980-05-14 00:00:00,-141.4000000000005
1980-05-15 00:00:00,-141.10000000000053
1980-05-16 00:00:00,-143.20000000000044
1980-05-19 00:00:00,-142.70000000000044
1980-05-20 00:00:00,-141.80000000000058
1980-05-21 00:00:00,-142.30000000000058
1980-05-22 00:00:00,-141.70000000000056
1980-05-23 00:00:00,-142.0000000000005
1980-05-27 00:00:00,-142.0000000000005
1980-05-28 00:00:00,-141.5000000000005
1980-05-29 00:00:00,-143.5000000000005
1980-05-30 00:00:00,-143.9000000000005
1980-06-02 00:00:00,-146.10000000000053
1980-06-03 00:00:00,-145.60000000000053
1980-06-04 00:00:00,-144.60000000000053
1980-06-05 00:00:00,-144.9000000000005
1980-06-06 00:00:00,-145.4000000000005
1980-06-09 00:00:00,-144.4000000000005
1980-06-10 00:00:00,-144.0000000000005
1980-06-11 00:00:00,-142.80000000000047
1980-06-12 00:00:00,-143.9000000000005
1980-06-13 00:00:00,-143.20000000000044
1980-06-16 00:00:00,-141.70000000000056
1980-06-17 00:00:00,-142.0000000000005
1980-06-18 00:00:00,-141.0000000000005
1980-06-19 00:00:00,-141.60000000000053
1980-06-20 00:00:00,-141.5000000000005
1980-06-23 00:00:00,-139.5000000000005
1980-06-24 00:00:00,-139.10000000000053
1980-06-25 00:00:00,-136.0000000000005
1980-06-26 00:00:00,-136.9000000000005
1980-06-27 00:00:00,-136.9000000000005
1980-06-30 00:00:00,-134.60000000000042
1980-07-01 00:00:00,-132.40000000000052
1980-07-02 00:00:00,-124.50000000000043
1980-07-03 00:00:00,-125.00000000000043
1980-07-07 00:00:00,-121.70000000000047
1980-07-08 00:00:00,-118.20000000000044
1980-07-09 00:00:00,-125.20000000000047
1980-07-10 00:00:00,-120.00000000000054
1980-07-11 00:00:00,-114.60000000000053
1980-07-14 00:00:00,-104.60000000000056
1980-07-15 00:00:00,-106.50000000000051
1980-07-16 00:00:00,-101.30000000000047
1980-07-17 00:00:00,-99.50000000000051
1980-07-18 00:00:00,-104.3000000000005
1980-07-21 00:00:00,-114.30000000000047
1980-07-22 00:00:00,-118.40000000000049
1980-07-23 00:00:00,-111.80000000000047
1980-07-24 00:00:00,-120.00000000000054
1980-07-25 00:00:00,-122.70000000000047
1980-07-28 00:00:00,-118.80000000000047
1980-07-29 00:00:00,-114.00000000000051
1980-07-30 00:00:00,-114.20000000000044
1980-07-31 00:00:00,-104.20000000000044
1980-08-01 00:00:00,-98.50000000000051
1980-08-04 00:00:00,-108.50000000000051
1980-08-05 00:00:00,-105.60000000000056
1980-08-06 00:00:00,-106.20000000000056
1980-08-07 00:00:00,-108.90000000000049
1980-08-08 00:00:00,-107.80000000000058
1980-08-11 00:00:00,-111.40000000000049
1980-08-12 00:00:00,-104.20000000000044
1980-08-13 00:00:00,-105.80000000000058
1980-08-14 00:00:00,-109.70000000000044
1980-08-15 00:00:00,-114.00000000000051
1980-08-18 00:00:00,-112.60000000000053
1980-08-19 00:00:00,-112.20000000000044
1980-08-20 00:00:00,-112.00000000000051
1980-08-21 00:00:00,-107.50000000000051
1980-08-22 00:00:00,-108.20000000000056
1980-08-25 00:00:00,-101.50000000000051
1980-08-26 00:00:00,-100.70000000000044
1980-08-27 00:00:00,-102.10000000000053
1980-08-28 00:00:00,-101.20000000000044
1980-08-29 00:00:00,-91.60000000000053
1980-09-02 00:00:00,-87.30000000000052
1980-09-03 00:00:00,-88.2000000000005
1980-09-04 00:00:00,-91.30000000000047
1980-09-05 00:00:00,-87.50000000000057
1980-09-08 00:00:00,-82.70000000000044
1980-09-09 00:00:00,-82.60000000000042
1980-09-10 00:00:00,-82.70000000000044
1980-09-11 00:00:00,-81.70000000000044
1980-09-12 00:00:00,-86.2000000000005
1980-09-15 00:00:00,-86.30000000000052
1980-09-16 00:00:00,-79.30000000000047
1980-09-17 00:00:00,-78.60000000000053
1980-09-18 00:00:00,-76.80000000000047
1980-09-19 00:00:00,-70.80000000000047
1980-09-22 00:00:00,-70.50000000000051
1980-09-23 00:00:00,-68.80000000000047
1980-09-24 00:00:00,-73.20000000000067
1980-09-25 00:00:00,-78.10000000000053
1980-09-26 00:00:00,-86.80000000000052
1980-09-29 00:00:00,-85.60000000000059
1980-09-30 00:00:00,-85.30000000000052
1980-10-01 00:00:00,-85.30000000000052
1980-10-02 00:00:00,-90.30000000000047
1980-10-03 00:00:00,-86.7000000000005
1980-10-06 00:00:00,-79.80000000000047
1980-10-07 00:00:00,-80.30000000000047
1980-10-08 00:00:00,-79.00000000000051
1980-10-09 00:00:00,-79.20000000000056
1980-10-10 00:00:00,-78.90000000000049
1980-10-13 00:00:00,-68.90000000000049
1980-10-14 00:00:00,-65.30000000000047
1980-10-15 00:00:00,-65.00000000000051
1980-10-16 00:00:00,-67.60000000000053
1980-10-17 00:00:00,-64.40000000000049
1980-10-20 00:00:00,-63.00000000000051
1980-10-21 00:00:00,-60.70000000000056
1980-10-22 00:00:00,-51.20000000000056
1980-10-23 00:00:00,-50.50000000000051
1980-10-24 00:00:00,-43.90000000000049
1980-10-27 00:00:00,-52.300000000000466
1980-10-28 00:00:00,-42.300000000000466
1980-10-29 00:00:00,-42.90000000000049
1980-10-30 00:00:00,-50.300000000000466
1980-10-31 00:00:00,-47.300000000000466
1980-11-03 00:00:00,-38.90000000000049
1980-11-05 00:00:00,-36.800000000000466
1980-11-06 00:00:00,-46.50000000000051
1980-11-07 00:00:00,-49.90000000000049
1980-11-10 00:00:00,-51.800000000000466
1980-11-11 00:00:00,-61.40000000000049
1980-11-12 00:00:00,-53.40000000000049
1980-11-13 00:00:00,-54.40000000000049
1980-11-14 00:00:00,-46.600000000000534
1980-11-17 00:00:00,-46.50000000000051
1980-11-18 00:00:00,-45.90000000000049
1980-11-19 00:00:00,-47.600000000000534
1980-11-20 00:00:00,-43.800000000000466
1980-11-21 00:00:00,-44.800000000000466
1980-11-24 00:00:00,-54.800000000000466
1980-11-25 00:00:00,-56.40000000000049
1980-11-26 00:00:00,-51.20000000000056
1980-11-28 00:00:00,-50.100000000000534
1980-12-01 00:00:00,-60.100000000000534
1980-12-02 00:00:00,-64.80000000000047
1980-12-03 00:00:00,-72.30000000000047
1980-12-04 00:00:00,-71.40000000000049
1980-12-05 00:00:00,-75.60000000000053
1980-12-08 00:00:00,-84.30000000000052
1980-12-09 00:00:00,-94.30000000000052
1980-12-10 00:00:00,-103.10000000000053
1980-12-11 00:00:00,-113.10000000000053
1980-12-12 00:00:00,-107.10000000000053
1980-12-15 00:00:00,-97.10000000000059
1980-12-16 00:00:00,-99.60000000000053
1980-12-17 00:00:00,-93.20000000000056
1980-12-18 00:00:00,-97.60000000000059
1980-12-19 00:00:00,-95.10000000000059
1980-12-22 00:00:00,-93.40000000000049
1980-12-23 00:00:00,-91.40000000000049
1980-12-24 00:00:00,-93.20000000000056
1980-12-29 00:00:00,-99.10000000000053
1980-12-30 00:00:00,-103.10000000000053
1980-12-31 00:00:00,-94.40000000000055
1981-01-02 00:00:00,-89.20000000000056
1981-01-05 00:00:00,-89.90000000000049
1981-01-06 00:00:00,-89.10000000000053
1981-01-07 00:00:00,-92.50000000000051
1981-01-08 00:00:00,-96.10000000000059
1981-01-09 00:00:00,-98.10000000000053
1981-01-12 00:00:00,-92.40000000000049
1981-01-13 00:00:00,-96.50000000000057
1981-01-14 00:00:00,-96.60000000000059
1981-01-15 00:00:00,-106.60000000000053
1981-01-16 00:00:00,-105.60000000000056
1981-01-19 00:00:00,-107.9000000000006
1981-01-20 00:00:00,-105.40000000000063
1981-01-21 00:00:00,-108.20000000000056
1981-01-22 00:00:00,-117.10000000000053
1981-01-23 00:00:00,-123.20000000000047
1981-01-26 00:00:00,-118.90000000000049
1981-01-27 00:00:00,-117.70000000000056
1981-01-28 00:00:00,-119.8000000000005
1981-01-29 00:00:00,-126.70000000000047
1981-01-30 00:00:00,-122.70000000000047
1981-02-02 00:00:00,-120.00000000000054
1981-02-03 00:00:00,-111.20000000000056
1981-02-04 00:00:00,-113.80000000000058
1981-02-05 00:00:00,-115.20000000000056
1981-02-06 00:00:00,-112.00000000000051
1981-02-09 00:00:00,-121.40000000000052
1981-02-10 00:00:00,-118.70000000000056
1981-02-11 00:00:00,-118.80000000000047
1981-02-12 00:00:00,-120.90000000000052
1981-02-13 00:00:00,-119.10000000000053
1981-02-17 00:00:00,-116.10000000000053
1981-02-18 00:00:00,-120.3000000000005
1981-02-19 00:00:00,-117.40000000000049
1981-02-20 00:00:00,-115.30000000000047
1981-02-23 00:00:00,-119.10000000000053
1981-02-24 00:00:00,-119.50000000000057
1981-02-25 00:00:00,-120.60000000000056
1981-02-26 00:00:00,-125.50000000000054
1981-02-27 00:00:00,-127.90000000000052
1981-03-02 00:00:00,-136.20000000000044
1981-03-03 00:00:00,-131.60000000000056
1981-03-04 00:00:00,-135.4000000000005
1981-03-05 00:00:00,-137.20000000000056
1981-03-06 00:00:00,-136.30000000000047
1981-03-09 00:00:00,-131.40000000000052
1981-03-10 00:00:00,-134.0000000000005
1981-03-11 00:00:00,-135.0000000000005
1981-03-12 00:00:00,-131.40000000000052
1981-03-13 00:00:00,-130.10000000000056
1981-03-16 00:00:00,-129.3000000000005
1981-03-17 00:00:00,-124.10000000000045
1981-03-18 00:00:00,-124.10000000000045
1981-03-19 00:00:00,-125.50000000000054
1981-03-20 00:00:00,-127.3000000000005
1981-03-23 00:00:00,-122.10000000000045
1981-03-24 00:00:00,-121.90000000000052
1981-03-25 00:00:00,-123.40000000000052
1981-03-26 00:00:00,-126.3000000000005
1981-03-27 00:00:00,-125.70000000000047
1981-03-30 00:00:00,-124.60000000000045
1981-03-31 00:00:00,-122.00000000000054
1981-04-01 00:00:00,-123.10000000000045
1981-04-02 00:00:00,-117.10000000000053
1981-04-03 00:00:00,-119.90000000000052
1981-04-06 00:00:00,-119.00000000000051
1981-04-07 00:00:00,-112.30000000000047
1981-04-08 00:00:00,-111.90000000000049
1981-04-09 00:00:00,-110.60000000000053
1981-04-10 00:00:00,-117.00000000000051
1981-04-13 00:00:00,-123.00000000000054
1981-04-14 00:00:00,-122.90000000000052
1981-04-15 00:00:00,-121.50000000000054
1981-04-16 00:00:00,-118.70000000000044
1981-04-20 00:00:00,-114.70000000000056
1981-04-21 00:00:00,-116.70000000000056
1981-04-22 00:00:00,-118.40000000000049
1981-04-23 00:00:00,-117.60000000000053
1981-04-24 00:00:00,-116.00000000000051
1981-04-27 00:00:00,-116.00000000000051
1981-04-28 00:00:00,-120.8000000000005
1981-04-29 00:00:00,-122.8000000000005
1981-04-30 00:00:00,-119.30000000000047
1981-05-01 00:00:00,-118.50000000000051
1981-05-04 00:00:00,-125.70000000000047
1981-05-05 00:00:00,-125.20000000000047
1981-05-06 00:00:00,-124.00000000000054
1981-05-07 00:00:00,-123.70000000000047
1981-05-08 00:00:00,-123.8000000000005
1981-05-11 00:00:00,-128.70000000000047
1981-05-12 00:00:00,-131.50000000000054
1981-05-13 00:00:00,-131.90000000000052
1981-05-14 00:00:00,-130.8000000000006
1981-05-15 00:00:00,-132.9000000000005
1981-05-18 00:00:00,-131.40000000000052
1981-05-19 00:00:00,-131.90000000000052
1981-05-20 00:00:00,-128.40000000000052
1981-05-21 00:00:00,-133.10000000000053
1981-05-22 00:00:00,-134.4000000000005
1981-05-26 00:00:00,-134.60000000000053
1981-05-27 00:00:00,-134.20000000000056
1981-05-28 00:00:00,-131.8000000000006
1981-05-29 00:00:00,-131.90000000000052
1981-06-01 00:00:00,-134.5000000000005
1981-06-02 00:00:00,-136.10000000000053
1981-06-03 00:00:00,-139.9000000000005
1981-06-04 00:00:00,-141.4000000000006
1981-06-05 00:00:00,-143.10000000000053
1981-06-08 00:00:00,-143.60000000000053
1981-06-09 00:00:00,-142.10000000000053
1981-06-10 00:00:00,-138.4000000000005
1981-06-11 00:00:00,-141.0000000000005
1981-06-12 00:00:00,-137.70000000000056
1981-06-15 00:00:00,-136.9000000000005
1981-06-16 00:00:00,-139.4000000000005
1981-06-17 00:00:00,-142.10000000000053
1981-06-18 00:00:00,-142.60000000000053
1981-06-19 00:00:00,-142.60000000000053
1981-06-22 00:00:00,-144.10000000000053
1981-06-23 00:00:00,-145.10000000000053
1981-06-24 00:00:00,-146.60000000000053
1981-06-25 00:00:00,-151.80000000000044
1981-06-26 00:00:00,-151.80000000000044
1981-06-29 00:00:00,-151.90000000000046
1981-06-30 00:00:00,-150.1000000000005
1981-07-01 00:00:00,-145.30000000000047
1981-07-02 00:00:00,-145.9000000000005
1981-07-06 00:00:00,-136.5000000000005
1981-07-07 00:00:00,-138.80000000000047
1981-07-08 00:00:00,-135.4000000000005
1981-07-09 00:00:00,-140.10000000000053
1981-07-10 00:00:00,-137.60000000000053
1981-07-13 00:00:00,-135.30000000000047
1981-07-14 00:00:00,-139.60000000000053
1981-07-15 00:00:00,-142.10000000000053
1981-07-16 00:00:00,-141.9000000000006
1981-07-17 00:00:00,-144.80000000000047
1981-07-20 00:00:00,-150.1000000000004
1981-07-21 00:00:00,-149.1000000000005
1981-07-22 00:00:00,-146.80000000000047
1981-07-23 00:00:00,-147.5000000000005
1981-07-24 00:00:00,-145.80000000000047
1981-07-27 00:00:00,-146.60000000000053
1981-07-28 00:00:00,-142.70000000000056
1981-07-29 00:00:00,-145.80000000000047
1981-07-30 00:00:00,-146.30000000000047
1981-07-31 00:00:00,-143.5000000000005
1981-08-03 00:00:00,-146.80000000000047
1981-08-04 00:00:00,-148.1000000000005
1981-08-05 00:00:00,-149.80000000000044
1981-08-06 00:00:00,-149.1000000000005
1981-08-07 00:00:00,-149.30000000000044
1981-08-10 00:00:00,-154.50000000000048
1981-08-11 00:00:00,-152.80000000000044
1981-08-12 00:00:00,-151.20000000000041
1981-08-13 00:00:00,-159.10000000000053
1981-08-14 00:00:00,-158.80000000000052
1981-08-17 00:00:00,-158.80000000000052
1981-08-18 00:00:00,-158.7000000000005
1981-08-19 00:00:00,-156.80000000000055
1981-08-20 00:00:00,-158.6000000000006
1981-08-21 00:00:00,-161.60000000000056
1981-08-24 00:00:00,-166.30000000000067
1981-08-25 00:00:00,-166.70000000000064
1981-08-26 00:00:00,-166.0000000000006
1981-08-27 00:00:00,-167.70000000000064
1981-08-28 00:00:00,-166.90000000000057
1981-08-31 00:00:00,-167.10000000000062
1981-09-01 00:00:00,-166.70000000000064
1981-09-02 00:00:00,-166.20000000000064
1981-09-03 00:00:00,-164.20000000000064
1981-09-04 00:00:00,-166.5000000000006
1981-09-08 00:00:00,-168.70000000000064
1981-09-09 00:00:00,-168.70000000000064
1981-09-10 00:00:00,-167.10000000000062
1981-09-11 00:00:00,-168.5000000000006
1981-09-14 00:00:00,-165.80000000000067
1981-09-15 00:00:00,-162.20000000000059
1981-09-16 00:00:00,-164.10000000000062
1981-09-17 00:00:00,-165.0000000000006
1981-09-18 00:00:00,-167.5000000000006
1981-09-21 00:00:00,-167.60000000000062
1981-09-22 00:00:00,-167.5000000000006
1981-09-23 00:00:00,-168.80000000000055
1981-09-24 00:00:00,-169.40000000000057
1981-09-25 00:00:00,-172.7000000000006
1981-09-28 00:00:00,-173.00000000000057
1981-09-29 00:00:00,-172.50000000000057
1981-09-30 00:00:00,-172.7000000000006
1981-10-01 00:00:00,-173.6000000000006
1981-10-02 00:00:00,-172.6000000000006
1981-10-05 00:00:00,-169.5000000000006
1981-10-06 00:00:00,-169.5000000000006
1981-10-07 00:00:00,-169.70000000000064
1981-10-08 00:00:00,-170.40000000000057
1981-10-09 00:00:00,-169.40000000000057
1981-10-12 00:00:00,-169.70000000000064
1981-10-13 00:00:00,-167.80000000000055
1981-10-14 00:00:00,-167.80000000000055
1981-10-15 00:00:00,-169.0000000000006
1981-10-16 00:00:00,-170.80000000000055
1981-10-19 00:00:00,-171.90000000000055
1981-10-20 00:00:00,-173.40000000000055
1981-10-21 00:00:00,-172.90000000000055
1981-10-22 00:00:00,-173.30000000000052
1981-10-23 00:00:00,-172.90000000000055
1981-10-26 00:00:00,-174.7000000000006
1981-10-27 00:00:00,-174.7000000000006
1981-10-28 00:00:00,-174.50000000000057
1981-10-29 00:00:00,-174.7000000000006
1981-10-30 00:00:00,-173.50000000000057
1981-11-02 00:00:00,-171.7000000000006
1981-11-03 00:00:00,-171.7000000000006
1981-11-04 00:00:00,-171.7000000000006
1981-11-05 00:00:00,-171.90000000000055
1981-11-06 00:00:00,-171.80000000000052
1981-11-09 00:00:00,-172.90000000000055
1981-11-10 00:00:00,-176.50000000000057
1981-11-11 00:00:00,-175.50000000000057
1981-11-12 00:00:00,-175.7000000000006
1981-11-13 00:00:00,-176.40000000000055
1981-11-16 00:00:00,-178.30000000000058
1981-11-17 00:00:00,-179.7000000000005
1981-11-18 00:00:00,-180.40000000000043
1981-11-19 00:00:00,-179.40000000000046
1981-11-20 00:00:00,-178.30000000000058
1981-11-23 00:00:00,-180.60000000000048
1981-11-24 00:00:00,-182.2000000000005
1981-11-25 00:00:00,-181.7000000000005
1981-11-27 00:00:00,-180.2000000000005
1981-11-30 00:00:00,-178.60000000000053
1981-12-01 00:00:00,-176.40000000000055
1981-12-02 00:00:00,-176.50000000000057
1981-12-03 00:00:00,-174.90000000000055
1981-12-04 00:00:00,-173.40000000000055
1981-12-07 00:00:00,-176.1000000000006
1981-12-08 00:00:00,-183.60000000000048
1981-12-09 00:00:00,-182.50000000000045
1981-12-10 00:00:00,-185.60000000000048
1981-12-11 00:00:00,-182.10000000000048
1981-12-14 00:00:00,-184.10000000000048
1981-12-15 00:00:00,-185.7000000000005
1981-12-16 00:00:00,-186.10000000000048
1981-12-17 00:00:00,-185.60000000000048
1981-12-18 00:00:00,-184.90000000000043
1981-12-21 00:00:00,-187.60000000000036
1981-12-22 00:00:00,-186.50000000000034
1981-12-23 00:00:00,-187.2000000000004
1981-12-24 00:00:00,-185.7000000000005
1981-12-28 00:00:00,-183.2000000000005
1981-12-29 00:00:00,-184.7000000000005
1981-12-30 00:00:00,-185.2000000000005
1981-12-31 00:00:00,-185.60000000000048
1982-01-04 00:00:00,-184.50000000000045
1982-01-05 00:00:00,-185.00000000000045
1982-01-06 00:00:00,-182.30000000000052
1982-01-07 00:00:00,-182.10000000000048
1982-01-08 00:00:00,-183.2000000000005
1982-01-11 00:00:00,-183.00000000000045
1982-01-12 00:00:00,-183.2000000000005
1982-01-13 00:00:00,-182.00000000000045
1982-01-14 00:00:00,-179.40000000000046
1982-01-15 00:00:00,-179.0000000000005
1982-01-18 00:00:00,-178.30000000000058
1982-01-19 00:00:00,-182.00000000000045
1982-01-20 00:00:00,-180.80000000000052
1982-01-21 00:00:00,-180.50000000000045
1982-01-22 00:00:00,-181.00000000000045
1982-01-25 00:00:00,-183.50000000000045
1982-01-26 00:00:00,-182.00000000000045
1982-01-27 00:00:00,-178.5000000000005
1982-01-28 00:00:00,-179.80000000000052
1982-01-29 00:00:00,-178.0000000000005
1982-02-01 00:00:00,-176.90000000000055
1982-02-02 00:00:00,-179.7000000000005
1982-02-03 00:00:00,-180.40000000000043
1982-02-04 00:00:00,-180.10000000000048
1982-02-05 00:00:00,-181.50000000000045
1982-02-08 00:00:00,-184.10000000000048
1982-02-09 00:00:00,-185.8000000000004
1982-02-10 00:00:00,-186.00000000000045
1982-02-11 00:00:00,-185.50000000000045
1982-02-12 00:00:00,-186.00000000000045
1982-02-16 00:00:00,-186.70000000000027
1982-02-17 00:00:00,-186.90000000000032
1982-02-18 00:00:00,-187.50000000000034
1982-02-19 00:00:00,-188.40000000000032
1982-02-22 00:00:00,-189.3000000000003
1982-02-23 00:00:00,-189.2000000000004
1982-02-24 00:00:00,-189.3000000000003
1982-02-25 00:00:00,-188.7000000000004
1982-02-26 00:00:00,-187.40000000000032
1982-03-01 00:00:00,-186.70000000000027
1982-03-02 00:00:00,-186.90000000000032
1982-03-03 00:00:00,-189.00000000000034
1982-03-04 00:00:00,-190.3000000000004
1982-03-05 00:00:00,-190.7000000000004
1982-03-08 00:00:00,-193.00000000000045
1982-03-09 00:00:00,-192.7000000000004
1982-03-10 00:00:00,-192.50000000000045
1982-03-11 00:00:00,-192.3000000000004
1982-03-12 00:00:00,-194.7000000000004
1982-03-15 00:00:00,-190.40000000000043
1982-03-16 00:00:00,-192.00000000000034
1982-03-17 00:00:00,-189.8000000000003
1982-03-18 00:00:00,-189.50000000000034
1982-03-19 00:00:00,-189.8000000000003
1982-03-22 00:00:00,-189.2000000000004
1982-03-23 00:00:00,-189.3000000000003
1982-03-24 00:00:00,-189.10000000000036
1982-03-25 00:00:00,-190.2000000000004
1982-03-26 00:00:00,-191.3000000000003
1982-03-29 00:00:00,-191.3000000000003
1982-03-30 00:00:00,-191.40000000000032
1982-03-31 00:00:00,-187.60000000000036
1982-04-01 00:00:00,-187.40000000000032
1982-04-02 00:00:00,-185.2000000000005
1982-04-05 00:00:00,-181.3000000000004
1982-04-06 00:00:00,-183.40000000000043
1982-04-07 00:00:00,-186.3000000000004
1982-04-08 00:00:00,-183.7000000000005
1982-04-12 00:00:00,-184.2000000000005
1982-04-13 00:00:00,-185.00000000000045
1982-04-14 00:00:00,-184.8000000000004
1982-04-15 00:00:00,-185.7000000000004
1982-04-16 00:00:00,-186.00000000000045
1982-04-19 00:00:00,-185.90000000000043
1982-04-20 00:00:00,-184.50000000000045
1982-04-21 00:00:00,-185.00000000000045
1982-04-22 00:00:00,-186.2000000000004
1982-04-23 00:00:00,-182.2000000000005
1982-04-26 00:00:00,-182.40000000000043
1982-04-27 00:00:00,-184.3000000000004
1982-04-28 00:00:00,-184.2000000000005
1982-04-29 00:00:00,-181.50000000000045
1982-04-30 00:00:00,-184.40000000000043
1982-05-03 00:00:00,-184.00000000000045
1982-05-04 00:00:00,-184.7000000000005
1982-05-05 00:00:00,-185.50000000000045
1982-05-06 00:00:00,-187.40000000000032
1982-05-07 00:00:00,-186.50000000000034
1982-05-10 00:00:00,-186.2000000000004
1982-05-11 00:00:00,-184.40000000000043
1982-05-12 00:00:00,-184.50000000000045
1982-05-13 00:00:00,-186.60000000000036
1982-05-14 00:00:00,-185.10000000000048
1982-05-17 00:00:00,-185.10000000000048
1982-05-18 00:00:00,-184.10000000000048
1982-05-19 00:00:00,-184.3000000000004
1982-05-20 00:00:00,-184.60000000000048
1982-05-21 00:00:00,-185.10000000000048
1982-05-24 00:00:00,-186.60000000000036
1982-05-25 00:00:00,-188.90000000000032
1982-05-26 00:00:00,-188.60000000000036
1982-05-27 00:00:00,-190.10000000000036
1982-05-28 00:00:00,-192.10000000000036
1982-06-01 00:00:00,-194.60000000000036
1982-06-02 00:00:00,-193.2000000000004
1982-06-03 00:00:00,-194.90000000000043
1982-06-04 00:00:00,-193.60000000000036
1982-06-07 00:00:00,-192.2000000000004
1982-06-08 00:00:00,-193.10000000000036
1982-06-09 00:00:00,-193.10000000000036
1982-06-10 00:00:00,-193.10000000000036
1982-06-11 00:00:00,-189.00000000000034
1982-06-14 00:00:00,-193.7000000000004
1982-06-15 00:00:00,-193.10000000000036
1982-06-16 00:00:00,-194.10000000000036
1982-06-17 00:00:00,-195.60000000000036
1982-06-18 00:00:00,-195.60000000000036
1982-06-21 00:00:00,-193.3000000000004
1982-06-22 00:00:00,-193.60000000000036
1982-06-23 00:00:00,-192.90000000000043
1982-06-24 00:00:00,-193.60000000000036
1982-06-25 00:00:00,-194.7000000000004
1982-06-28 00:00:00,-196.8000000000004
1982-06-29 00:00:00,-196.50000000000034
1982-06-30 00:00:00,-199.8000000000004
1982-07-01 00:00:00,-198.8000000000004
1982-07-02 00:00:00,-200.60000000000036
1982-07-06 00:00:00,-202.10000000000036
1982-07-07 00:00:00,-202.7000000000004
1982-07-08 00:00:00,-200.40000000000043
1982-07-09 00:00:00,-200.2000000000004
1982-07-12 00:00:00,-200.10000000000036
1982-07-13 00:00:00,-196.60000000000036
1982-07-14 00:00:00,-197.8000000000004
1982-07-15 00:00:00,-198.2000000000004
1982-07-16 00:00:00,-197.90000000000043
1982-07-19 00:00:00,-200.60000000000036
1982-07-20 00:00:00,-199.7000000000004
1982-07-21 00:00:00,-198.60000000000036
1982-07-22 00:00:00,-199.3000000000004
1982-07-23 00:00:00,-197.7000000000004
1982-07-26 00:00:00,-199.2000000000004
1982-07-27 00:00:00,-199.8000000000004
1982-07-28 00:00:00,-203.40000000000043
1982-07-29 00:00:00,-202.90000000000043
1982-07-30 00:00:00,-203.40000000000043
1982-08-02 00:00:00,-201.10000000000036
1982-08-03 00:00:00,-201.3000000000004
1982-08-04 00:00:00,-202.00000000000034
1982-08-05 00:00:00,-204.70000000000027
1982-08-06 00:00:00,-208.20000000000016
1982-08-09 00:00:00,-209.60000000000014
1982-08-10 00:00:00,-209.10000000000014
1982-08-11 00:00:00,-209.80000000000018
1982-08-12 00:00:00,-214.30000000000018
1982-08-13 00:00:00,-215.10000000000014
1982-08-16 00:00:00,-218.3000000000003
1982-08-17 00:00:00,-216.9000000000002
1982-08-18 00:00:00,-213.9000000000002
1982-08-19 00:00:00,-215.30000000000018
1982-08-20 00:00:00,-215.00000000000023
1982-08-23 00:00:00,-214.10000000000014
1982-08-24 00:00:00,-212.10000000000014
1982-08-25 00:00:00,-211.9000000000002
1982-08-26 00:00:00,-214.9000000000002
1982-08-27 00:00:00,-217.10000000000025
1982-08-30 00:00:00,-219.4000000000002
1982-08-31 00:00:00,-218.3000000000003
1982-09-01 00:00:00,-218.10000000000025
1982-09-02 00:00:00,-217.30000000000018
1982-09-03 00:00:00,-219.50000000000023
1982-09-07 00:00:00,-221.60000000000025
1982-09-08 00:00:00,-221.50000000000023
1982-09-09 00:00:00,-221.10000000000025
1982-09-10 00:00:00,-222.00000000000023
1982-09-13 00:00:00,-220.00000000000023
1982-09-14 00:00:00,-219.70000000000027
1982-09-15 00:00:00,-219.9000000000002
1982-09-16 00:00:00,-218.10000000000025
1982-09-17 00:00:00,-219.80000000000018
1982-09-20 00:00:00,-220.80000000000018
1982-09-21 00:00:00,-221.10000000000025
1982-09-22 00:00:00,-222.80000000000035
1982-09-23 00:00:00,-224.00000000000028
1982-09-24 00:00:00,-224.20000000000033
1982-09-27 00:00:00,-224.50000000000028
1982-09-28 00:00:00,-225.50000000000028
1982-09-29 00:00:00,-224.90000000000038
1982-09-30 00:00:00,-226.1000000000003
1982-10-01 00:00:00,-227.90000000000032
1982-10-04 00:00:00,-231.90000000000032
1982-10-05 00:00:00,-231.00000000000034
1982-10-06 00:00:00,-229.3000000000003
1982-10-07 00:00:00,-225.90000000000038
1982-10-08 00:00:00,-227.8000000000003
1982-10-11 00:00:00,-225.90000000000038
1982-10-12 00:00:00,-225.90000000000038
1982-10-13 00:00:00,-223.30000000000035
1982-10-14 00:00:00,-222.90000000000038
1982-10-15 00:00:00,-224.80000000000035
1982-10-18 00:00:00,-226.1000000000003
1982-10-19 00:00:00,-226.70000000000033
1982-10-20 00:00:00,-224.80000000000035
1982-10-21 00:00:00,-226.20000000000033
1982-10-22 00:00:00,-225.90000000000038
1982-10-25 00:00:00,-226.50000000000028
1982-10-26 00:00:00,-223.20000000000033
1982-10-27 00:00:00,-222.90000000000038
1982-10-28 00:00:00,-221.60000000000025
1982-10-29 00:00:00,-223.40000000000038
1982-11-01 00:00:00,-222.00000000000023
1982-11-03 00:00:00,-219.4000000000002
1982-11-04 00:00:00,-217.60000000000025
1982-11-05 00:00:00,-213.70000000000016
1982-11-08 00:00:00,-214.9000000000002
1982-11-09 00:00:00,-213.20000000000016
1982-11-10 00:00:00,-211.80000000000018
1982-11-11 00:00:00,-213.00000000000023
1982-11-12 00:00:00,-214.70000000000016
1982-11-15 00:00:00,-215.80000000000018
1982-11-16 00:00:00,-213.30000000000018
1982-11-17 00:00:00,-212.80000000000018
1982-11-18 00:00:00,-210.70000000000016
1982-11-19 00:00:00,-211.00000000000023
1982-11-22 00:00:00,-211.80000000000018
1982-11-23 00:00:00,-213.50000000000023
1982-11-24 00:00:00,-212.30000000000018
1982-11-26 00:00:00,-210.10000000000014
1982-11-29 00:00:00,-212.50000000000023
1982-11-30 00:00:00,-211.4000000000002
1982-12-01 00:00:00,-213.30000000000018
1982-12-02 00:00:00,-215.60000000000014
1982-12-03 00:00:00,-216.70000000000027
1982-12-06 00:00:00,-215.20000000000016
1982-12-07 00:00:00,-213.30000000000018
1982-12-08 00:00:00,-215.20000000000016
1982-12-09 00:00:00,-213.00000000000023
1982-12-10 00:00:00,-214.00000000000023
1982-12-13 00:00:00,-213.80000000000018
1982-12-14 00:00:00,-215.50000000000023
1982-12-15 00:00:00,-214.80000000000018
1982-12-16 00:00:00,-214.9000000000002
1982-12-17 00:00:00,-215.20000000000016
1982-12-20 00:00:00,-215.00000000000023
1982-12-21 00:00:00,-215.20000000000016
1982-12-22 00:00:00,-215.50000000000023
1982-12-23 00:00:00,-216.30000000000018
1982-12-27 00:00:00,-215.30000000000018
1982-12-28 00:00:00,-214.20000000000016
1982-12-29 00:00:00,-214.80000000000018
1982-12-30 00:00:00,-214.50000000000023
1983-01-03 00:00:00,-214.4000000000002
1983-01-04 00:00:00,-214.70000000000016
1983-01-05 00:00:00,-214.30000000000018
1983-01-06 00:00:00,-214.50000000000023
1983-01-07 00:00:00,-212.00000000000023
1983-01-10 00:00:00,-209.30000000000018
1983-01-11 00:00:00,-209.50000000000023
1983-01-12 00:00:00,-205.4000000000002
1983-01-13 00:00:00,-205.60000000000025
1983-01-14 00:00:00,-205.4000000000002
1983-01-17 00:00:00,-207.30000000000018
1983-01-18 00:00:00,-206.9000000000002
1983-01-19 00:00:00,-209.4000000000002
1983-01-20 00:00:00,-208.4000000000002
1983-01-21 00:00:00,-208.4000000000002
1983-01-24 00:00:00,-206.60000000000025
1983-01-25 00:00:00,-207.60000000000025
1983-01-26 00:00:00,-207.30000000000018
1983-01-27 00:00:00,-207.60000000000025
1983-01-28 00:00:00,-208.4000000000002
1983-01-31 00:00:00,-204.10000000000025
1983-02-01 00:00:00,-205.30000000000018
1983-02-02 00:00:00,-206.10000000000025
1983-02-03 00:00:00,-207.10000000000025
1983-02-04 00:00:00,-207.9000000000002
1983-02-07 00:00:00,-208.9000000000002
1983-02-08 00:00:00,-210.30000000000018
1983-02-09 00:00:00,-211.30000000000018
1983-02-10 00:00:00,-209.00000000000023
1983-02-11 00:00:00,-207.9000000000002
1983-02-14 00:00:00,-205.9000000000002
1983-02-15 00:00:00,-206.30000000000018
1983-02-16 00:00:00,-207.50000000000023
1983-02-17 00:00:00,-207.30000000000018
1983-02-18 00:00:00,-206.60000000000025
1983-02-22 00:00:00,-209.30000000000018
1983-02-23 00:00:00,-209.70000000000016
1983-02-24 00:00:00,-210.20000000000016
1983-02-25 00:00:00,-213.10000000000025
1983-02-28 00:00:00,-218.60000000000025
1983-03-01 00:00:00,-216.9000000000002
1983-03-02 00:00:00,-215.60000000000025
1983-03-03 00:00:00,-215.50000000000023
1983-03-04 00:00:00,-215.00000000000023
1983-03-07 00:00:00,-214.9000000000002
1983-03-08 00:00:00,-216.50000000000023
1983-03-09 00:00:00,-214.50000000000023
1983-03-10 00:00:00,-214.30000000000018
1983-03-11 00:00:00,-216.00000000000023
1983-03-14 00:00:00,-214.30000000000018
1983-03-15 00:00:00,-214.80000000000018
1983-03-16 00:00:00,-211.9000000000002
1983-03-17 00:00:00,-208.80000000000018
1983-03-18 00:00:00,-207.9000000000002
1983-03-21 00:00:00,-205.80000000000018
1983-03-22 00:00:00,-205.80000000000018
1983-03-23 00:00:00,-197.60000000000036
1983-03-24 00:00:00,-198.50000000000045
1983-03-25 00:00:00,-200.60000000000036
1983-03-28 00:00:00,-197.90000000000043
1983-03-29 00:00:00,-197.00000000000045
1983-03-30 00:00:00,-200.3000000000004
1983-03-31 00:00:00,-198.60000000000036
1983-04-04 00:00:00,-197.60000000000036
1983-04-05 00:00:00,-199.2000000000004
1983-04-06 00:00:00,-200.90000000000043
1983-04-07 00:00:00,-199.40000000000043
1983-04-08 00:00:00,-198.2000000000004
1983-04-11 00:00:00,-198.60000000000036
1983-04-12 00:00:00,-201.7000000000004
1983-04-13 00:00:00,-200.50000000000045
1983-04-14 00:00:00,-202.7000000000004
1983-04-15 00:00:00,-205.4000000000002
1983-04-18 00:00:00,-204.50000000000023
1983-04-19 00:00:00,-204.20000000000027
1983-04-20 00:00:00,-204.8000000000003
1983-04-21 00:00:00,-204.50000000000023
1983-04-22 00:00:00,-199.10000000000036
1983-04-25 00:00:00,-200.10000000000036
1983-04-26 00:00:00,-199.8000000000004
1983-04-27 00:00:00,-202.90000000000043
1983-04-28 00:00:00,-202.7000000000004
1983-04-29 00:00:00,-201.2000000000004
1983-05-02 00:00:00,-202.00000000000034
1983-05-03 00:00:00,-203.3000000000004
1983-05-04 00:00:00,-204.3000000000003
1983-05-05 00:00:00,-205.10000000000025
1983-05-06 00:00:00,-205.9000000000002
1983-05-09 00:00:00,-209.4000000000002
1983-05-10 00:00:00,-208.30000000000018
1983-05-11 00:00:00,-212.00000000000023
1983-05-12 00:00:00,-210.9000000000002
1983-05-13 00:00:00,-210.00000000000023
1983-05-16 00:00:00,-209.30000000000018
1983-05-17 00:00:00,-210.10000000000025
1983-05-18 00:00:00,-209.80000000000018
1983-05-19 00:00:00,-210.9000000000002
1983-05-20 00:00:00,-214.00000000000023
1983-05-23 00:00:00,-212.9000000000002
1983-05-24 00:00:00,-210.9000000000002
1983-05-25 00:00:00,-212.4000000000002
1983-05-26 00:00:00,-214.70000000000027
1983-05-27 00:00:00,-215.9000000000002
1983-05-31 00:00:00,-217.10000000000025
1983-06-01 00:00:00,-217.60000000000025
1983-06-02 00:00:00,-214.10000000000025
1983-06-03 00:00:00,-214.4000000000002
1983-06-06 00:00:00,-213.9000000000002
1983-06-07 00:00:00,-215.80000000000018
1983-06-08 00:00:00,-218.70000000000027
1983-06-09 00:00:00,-217.70000000000027
1983-06-10 00:00:00,-220.40000000000032
1983-06-13 00:00:00,-221.70000000000027
1983-06-14 00:00:00,-223.1000000000003
1983-06-15 00:00:00,-224.0000000000004
1983-06-16 00:00:00,-222.10000000000025
1983-06-17 00:00:00,-222.6000000000003
1983-06-20 00:00:00,-221.50000000000023
1983-06-21 00:00:00,-219.90000000000032
1983-06-22 00:00:00,-218.50000000000023
1983-06-23 00:00:00,-218.50000000000023
1983-06-24 00:00:00,-219.60000000000025
1983-06-27 00:00:00,-225.40000000000038
1983-06-28 00:00:00,-225.40000000000038
1983-06-29 00:00:00,-227.6000000000003
1983-06-30 00:00:00,-217.60000000000025
1983-07-01 00:00:00,-217.10000000000025
1983-07-05 00:00:00,-217.10000000000025
1983-07-06 00:00:00,-214.60000000000025
1983-07-07 00:00:00,-213.00000000000023
1983-07-08 00:00:00,-214.10000000000025
1983-07-11 00:00:00,-206.60000000000025
1983-07-12 00:00:00,-206.9000000000002
1983-07-13 00:00:00,-208.60000000000025
1983-07-14 00:00:00,-209.9000000000002
1983-07-15 00:00:00,-207.60000000000025
1983-07-18 00:00:00,-206.80000000000018
1983-07-19 00:00:00,-201.7000000000004
1983-07-20 00:00:00,-191.90000000000032
1983-07-21 00:00:00,-191.90000000000032
1983-07-22 00:00:00,-191.10000000000036
1983-07-25 00:00:00,-191.50000000000034
1983-07-26 00:00:00,-199.40000000000043
1983-07-27 00:00:00,-198.40000000000043
1983-07-28 00:00:00,-193.90000000000043
1983-07-29 00:00:00,-196.2000000000004
1983-08-01 00:00:00,-189.8000000000004
1983-08-02 00:00:00,-186.60000000000036
1983-08-03 00:00:00,-178.20000000000056
1983-08-04 00:00:00,-180.2000000000005
1983-08-05 00:00:00,-173.7000000000006
1983-08-08 00:00:00,-177.10000000000056
1983-08-09 00:00:00,-176.1000000000006
1983-08-10 00:00:00,-166.10000000000062
1983-08-11 00:00:00,-159.70000000000056
1983-08-12 00:00:00,-154.90000000000046
1983-08-15 00:00:00,-144.9000000000005
1983-08-16 00:00:00,-144.4000000000005
1983-08-17 00:00:00,-148.40000000000046
1983-08-18 00:00:00,-158.40000000000055
1983-08-19 00:00:00,-167.20000000000064
1983-08-22 00:00:00,-157.20000000000053
1983-08-23 00:00:00,-147.20000000000044
1983-08-24 00:00:00,-147.20000000000044
1983-08-25 00:00:00,-146.10000000000042
1983-08-26 00:00:00,-149.1000000000004
1983-08-29 00:00:00,-159.10000000000053
1983-08-30 00:00:00,-169.10000000000062
1983-08-31 00:00:00,-161.20000000000059
1983-09-01 00:00:00,-168.10000000000062
1983-09-02 00:00:00,-158.1000000000006
1983-09-06 00:00:00,-150.20000000000041
1983-09-07 00:00:00,-154.1000000000004
1983-09-08 00:00:00,-155.30000000000044
1983-09-09 00:00:00,-148.70000000000041
1983-09-12 00:00:00,-154.6000000000004
1983-09-13 00:00:00,-164.60000000000062
1983-09-14 00:00:00,-171.90000000000055
1983-09-15 00:00:00,-180.2000000000005
1983-09-16 00:00:00,-170.20000000000064
1983-09-19 00:00:00,-163.40000000000055
1983-09-20 00:00:00,-165.0000000000006
1983-09-21 00:00:00,-155.00000000000048
1983-09-22 00:00:00,-162.50000000000054
1983-09-23 00:00:00,-164.80000000000067
1983-09-26 00:00:00,-171.30000000000067
1983-09-27 00:00:00,-165.0000000000006
1983-09-28 00:00:00,-170.5000000000006
1983-09-29 00:00:00,-170.20000000000064
1983-09-30 00:00:00,-166.0000000000006
1983-10-03 00:00:00,-170.20000000000064
1983-10-04 00:00:00,-175.2000000000006
1983-10-05 00:00:00,-172.30000000000064
1983-10-06 00:00:00,-168.5000000000006
1983-10-07 00:00:00,-171.50000000000057
1983-10-10 00:00:00,-168.30000000000067
1983-10-11 00:00:00,-170.5000000000006
1983-10-12 00:00:00,-174.00000000000057
1983-10-13 00:00:00,-164.0000000000006
1983-10-14 00:00:00,-163.30000000000064
1983-10-17 00:00:00,-165.5000000000006
1983-10-18 00:00:00,-166.0000000000006
1983-10-19 00:00:00,-171.40000000000055
1983-10-20 00:00:00,-176.00000000000057
1983-10-21 00:00:00,-170.5000000000006
1983-10-24 00:00:00,-174.2000000000006
1983-10-25 00:00:00,-168.40000000000057
1983-10-26 00:00:00,-175.2000000000006
1983-10-27 00:00:00,-167.70000000000064
1983-10-28 00:00:00,-169.20000000000064
1983-10-31 00:00:00,-173.40000000000055
1983-11-01 00:00:00,-170.70000000000064
1983-11-02 00:00:00,-166.90000000000057
1983-11-03 00:00:00,-163.00000000000057
1983-11-04 00:00:00,-158.7000000000005
1983-11-07 00:00:00,-158.00000000000057
1983-11-08 00:00:00,-158.40000000000055
1983-11-09 00:00:00,-158.1000000000006
1983-11-10 00:00:00,-159.30000000000047
1983-11-11 00:00:00,-165.90000000000057
1983-11-14 00:00:00,-167.5000000000006
1983-11-15 00:00:00,-166.80000000000055
1983-11-16 00:00:00,-174.00000000000057
1983-11-17 00:00:00,-173.40000000000055
1983-11-18 00:00:00,-182.40000000000043
1983-11-21 00:00:00,-187.00000000000034
1983-11-22 00:00:00,-183.00000000000045
1983-11-23 00:00:00,-183.60000000000048
1983-11-25 00:00:00,-181.30000000000052
1983-11-28 00:00:00,-179.50000000000045
1983-11-29 00:00:00,-178.60000000000053
1983-11-30 00:00:00,-180.40000000000043
1983-12-01 00:00:00,-178.0000000000005
1983-12-02 00:00:00,-182.80000000000052
1983-12-05 00:00:00,-188.3000000000004
1983-12-06 00:00:00,-188.40000000000032
1983-12-07 00:00:00,-184.80000000000052
1983-12-08 00:00:00,-186.90000000000032
1983-12-09 00:00:00,-186.90000000000032
1983-12-12 00:00:00,-186.50000000000034
1983-12-13 00:00:00,-189.10000000000036
1983-12-14 00:00:00,-189.90000000000032
1983-12-15 00:00:00,-193.40000000000043
1983-12-16 00:00:00,-189.60000000000036
1983-12-19 00:00:00,-189.50000000000034
1983-12-20 00:00:00,-189.7000000000004
1983-12-21 00:00:00,-190.60000000000036
1983-12-22 00:00:00,-186.7000000000004
1983-12-23 00:00:00,-184.30000000000052
1983-12-27 00:00:00,-178.80000000000058
1983-12-28 00:00:00,-182.40000000000043
1983-12-29 00:00:00,-182.7000000000005
1983-12-30 00:00:00,-183.2000000000005
1984-01-03 00:00:00,-192.90000000000043
1984-01-04 00:00:00,-194.50000000000045
1984-01-05 00:00:00,-191.50000000000034
1984-01-06 00:00:00,-196.7000000000004
1984-01-09 00:00:00,-201.7000000000004
1984-01-10 00:00:00,-199.2000000000004
1984-01-11 00:00:00,-200.2000000000004
1984-01-12 00:00:00,-199.60000000000036
1984-01-13 00:00:00,-199.40000000000043
1984-01-16 00:00:00,-209.4000000000002
1984-01-17 00:00:00,-209.70000000000016
1984-01-18 00:00:00,-208.50000000000023
1984-01-19 00:00:00,-207.20000000000016
1984-01-20 00:00:00,-211.80000000000018
1984-01-23 00:00:00,-212.9000000000002
1984-01-24 00:00:00,-203.50000000000045
1984-01-25 00:00:00,-209.00000000000023
1984-01-26 00:00:00,-212.70000000000016
1984-01-27 00:00:00,-210.70000000000016
1984-01-30 00:00:00,-209.00000000000023
1984-01-31 00:00:00,-210.80000000000018
1984-02-01 00:00:00,-210.70000000000016
1984-02-02 00:00:00,-207.80000000000018
1984-02-03 00:00:00,-210.80000000000018
1984-02-06 00:00:00,-214.4000000000002
1984-02-07 00:00:00,-215.9000000000002
1984-02-08 00:00:00,-213.70000000000016
1984-02-09 00:00:00,-216.9000000000002
1984-02-10 00:00:00,-216.9000000000002
1984-02-13 00:00:00,-217.10000000000025
1984-02-14 00:00:00,-214.80000000000018
1984-02-15 00:00:00,-212.9000000000002
1984-02-16 00:00:00,-214.60000000000025
1984-02-17 00:00:00,-212.60000000000025
1984-02-21 00:00:00,-216.20000000000027
1984-02-22 00:00:00,-213.20000000000016
1984-02-23 00:00:00,-214.70000000000016
1984-02-24 00:00:00,-212.50000000000023
1984-02-27 00:00:00,-211.50000000000023
1984-02-28 00:00:00,-212.20000000000016
1984-02-29 00:00:00,-207.5000000000001
1984-03-01 00:00:00,-203.40000000000043
1984-03-02 00:00:00,-201.90000000000043
1984-03-05 00:00:00,-201.10000000000036
1984-03-06 00:00:00,-201.90000000000043
1984-03-07 00:00:00,-203.7000000000004
1984-03-08 00:00:00,-201.40000000000043
1984-03-09 00:00:00,-200.40000000000043
1984-03-12 00:00:00,-202.50000000000034
1984-03-13 00:00:00,-203.8000000000004
1984-03-14 00:00:00,-203.40000000000043
1984-03-15 00:00:00,-202.40000000000043
1984-03-16 00:00:00,-205.9000000000002
1984-03-19 00:00:00,-205.30000000000018
1984-03-20 00:00:00,-201.10000000000036
1984-03-21 00:00:00,-202.7000000000004
1984-03-22 00:00:00,-203.60000000000036
1984-03-23 00:00:00,-203.90000000000032
1984-03-26 00:00:00,-201.60000000000036
1984-03-27 00:00:00,-203.40000000000043
1984-03-28 00:00:00,-203.40000000000043
1984-03-29 00:00:00,-204.60000000000025
1984-03-30 00:00:00,-204.00000000000023
1984-04-02 00:00:00,-203.10000000000036
1984-04-03 00:00:00,-203.50000000000034
1984-04-04 00:00:00,-203.7000000000004
1984-04-05 00:00:00,-205.80000000000018
1984-04-06 00:00:00,-203.7000000000004
1984-04-09 00:00:00,-202.90000000000043
1984-04-10 00:00:00,-205.20000000000027
1984-04-11 00:00:00,-213.20000000000016
1984-04-12 00:00:00,-214.00000000000023
1984-04-13 00:00:00,-214.4000000000002
1984-04-16 00:00:00,-216.60000000000025
1984-04-17 00:00:00,-217.10000000000025
1984-04-18 00:00:00,-213.60000000000025
1984-04-19 00:00:00,-214.4000000000002
1984-04-23 00:00:00,-213.30000000000018
1984-04-24 00:00:00,-212.00000000000023
1984-04-25 00:00:00,-213.80000000000018
1984-04-26 00:00:00,-219.40000000000032
1984-04-27 00:00:00,-220.40000000000032
1984-04-30 00:00:00,-222.40000000000038
1984-05-01 00:00:00,-221.40000000000032
1984-05-02 00:00:00,-217.8000000000003
1984-05-03 00:00:00,-217.9000000000002
1984-05-04 00:00:00,-217.4000000000002
1984-05-07 00:00:00,-219.8000000000003
1984-05-08 00:00:00,-217.4000000000002
1984-05-09 00:00:00,-217.8000000000003
1984-05-10 00:00:00,-217.70000000000027
1984-05-11 00:00:00,-215.9000000000002
1984-05-14 00:00:00,-218.20000000000027
1984-05-15 00:00:00,-221.20000000000027
1984-05-16 00:00:00,-216.60000000000025
1984-05-17 00:00:00,-217.8000000000003
1984-05-18 00:00:00,-214.00000000000023
1984-05-21 00:00:00,-212.50000000000023
1984-05-22 00:00:00,-210.80000000000018
1984-05-23 00:00:00,-211.00000000000023
1984-05-24 00:00:00,-212.00000000000023
1984-05-25 00:00:00,-210.50000000000023
1984-05-29 00:00:00,-211.70000000000016
1984-05-30 00:00:00,-210.30000000000018
1984-05-31 00:00:00,-213.50000000000023
1984-06-01 00:00:00,-217.00000000000023
1984-06-04 00:00:00,-218.70000000000027
1984-06-05 00:00:00,-217.8000000000003
1984-06-06 00:00:00,-218.3000000000003
1984-06-07 00:00:00,-221.70000000000027
1984-06-08 00:00:00,-223.20000000000033
1984-06-11 00:00:00,-222.3000000000003
1984-06-12 00:00:00,-224.0000000000004
1984-06-13 00:00:00,-222.20000000000027
1984-06-14 00:00:00,-223.70000000000033
1984-06-15 00:00:00,-223.5000000000004
1984-06-18 00:00:00,-221.3000000000003
1984-06-19 00:00:00,-215.30000000000018
1984-06-20 00:00:00,-214.30000000000018
1984-06-21 00:00:00,-214.80000000000018
1984-06-22 00:00:00,-217.8000000000003
1984-06-25 00:00:00,-220.8000000000003
1984-06-26 00:00:00,-224.80000000000035
1984-06-27 00:00:00,-223.30000000000035
1984-06-28 00:00:00,-222.80000000000035
1984-06-29 00:00:00,-220.00000000000023
1984-07-02 00:00:00,-224.10000000000042
1984-07-03 00:00:00,-228.30000000000035
1984-07-05 00:00:00,-234.50000000000034
1984-07-06 00:00:00,-232.7000000000004
1984-07-09 00:00:00,-228.60000000000036
1984-07-10 00:00:00,-234.7000000000004
1984-07-11 00:00:00,-235.80000000000035
1984-07-12 00:00:00,-233.30000000000035
1984-07-13 00:00:00,-232.10000000000036
1984-07-16 00:00:00,-233.30000000000035
1984-07-17 00:00:00,-236.00000000000034
1984-07-18 00:00:00,-234.80000000000035
1984-07-19 00:00:00,-235.30000000000035
1984-07-20 00:00:00,-236.50000000000034
1984-07-23 00:00:00,-234.70000000000033
1984-07-24 00:00:00,-238.70000000000033
1984-07-25 00:00:00,-238.80000000000035
1984-07-26 00:00:00,-242.20000000000033
1984-07-27 00:00:00,-245.20000000000033
1984-07-30 00:00:00,-247.50000000000034
1984-07-31 00:00:00,-244.90000000000038
1984-08-01 00:00:00,-245.70000000000033
1984-08-02 00:00:00,-240.60000000000036
1984-08-03 00:00:00,-239.80000000000035
1984-08-06 00:00:00,-239.90000000000038
1984-08-07 00:00:00,-242.30000000000035
1984-08-08 00:00:00,-243.50000000000034
1984-08-09 00:00:00,-243.40000000000038
1984-08-10 00:00:00,-244.00000000000034
1984-08-13 00:00:00,-240.00000000000034
1984-08-14 00:00:00,-236.90000000000038
1984-08-15 00:00:00,-237.60000000000036
1984-08-16 00:00:00,-237.20000000000033
1984-08-17 00:00:00,-242.70000000000033
1984-08-20 00:00:00,-249.40000000000038
1984-08-21 00:00:00,-248.10000000000036
1984-08-22 00:00:00,-243.80000000000035
1984-08-23 00:00:00,-246.30000000000035
1984-08-24 00:00:00,-245.90000000000038
1984-08-27 00:00:00,-242.40000000000038
1984-08-28 00:00:00,-244.30000000000035
1984-08-29 00:00:00,-246.80000000000035
1984-08-30 00:00:00,-245.60000000000036
1984-08-31 00:00:00,-248.10000000000036
1984-09-04 00:00:00,-250.60000000000036
1984-09-05 00:00:00,-250.30000000000035
1984-09-06 00:00:00,-249.20000000000033
1984-09-07 00:00:00,-249.60000000000036
1984-09-10 00:00:00,-248.70000000000033
1984-09-11 00:00:00,-248.70000000000033
1984-09-12 00:00:00,-247.70000000000033
1984-09-13 00:00:00,-254.10000000000036
1984-09-14 00:00:00,-251.30000000000035
1984-09-17 00:00:00,-254.20000000000033
1984-09-18 00:00:00,-252.80000000000035
1984-09-19 00:00:00,-253.50000000000034
1984-09-20 00:00:00,-254.70000000000033
1984-09-21 00:00:00,-254.00000000000034
1984-09-24 00:00:00,-255.10000000000036
1984-09-25 00:00:00,-254.70000000000033
1984-09-26 00:00:00,-255.40000000000038
1984-09-27 00:00:00,-255.40000000000038
1984-09-28 00:00:00,-258.10000000000036
1984-10-01 00:00:00,-258.60000000000036
1984-10-02 00:00:00,-258.80000000000035
1984-10-03 00:00:00,-258.80000000000035
1984-10-04 00:00:00,-259.50000000000034
1984-10-05 00:00:00,-259.4000000000004
1984-10-08 00:00:00,-257.60000000000036
1984-10-09 00:00:00,-256.60000000000036
1984-10-10 00:00:00,-252.30000000000035
1984-10-11 00:00:00,-252.70000000000033
1984-10-12 00:00:00,-251.10000000000036
1984-10-15 00:00:00,-249.40000000000038
1984-10-16 00:00:00,-249.40000000000038
1984-10-17 00:00:00,-251.10000000000036
1984-10-18 00:00:00,-251.60000000000036
1984-10-19 00:00:00,-248.70000000000033
1984-10-22 00:00:00,-250.50000000000034
1984-10-23 00:00:00,-248.20000000000033
1984-10-24 00:00:00,-251.30000000000035
1984-10-25 00:00:00,-249.10000000000036
1984-10-26 00:00:00,-251.80000000000035
1984-10-29 00:00:00,-254.50000000000034
1984-10-30 00:00:00,-254.10000000000036
1984-10-31 00:00:00,-252.50000000000034
1984-11-01 00:00:00,-249.20000000000033
1984-11-02 00:00:00,-250.80000000000035
1984-11-05 00:00:00,-252.50000000000034
1984-11-06 00:00:00,-252.50000000000034
1984-11-07 00:00:00,-251.20000000000033
1984-11-08 00:00:00,-252.70000000000033
1984-11-09 00:00:00,-252.60000000000036
1984-11-12 00:00:00,-252.40000000000038
1984-11-13 00:00:00,-254.10000000000036
1984-11-14 00:00:00,-255.30000000000035
1984-11-15 00:00:00,-256.9000000000004
1984-11-16 00:00:00,-255.70000000000033
1984-11-19 00:00:00,-256.80000000000035
1984-11-20 00:00:00,-255.90000000000038
1984-11-21 00:00:00,-255.70000000000033
1984-11-23 00:00:00,-256.50000000000034
1984-11-26 00:00:00,-258.00000000000034
1984-11-27 00:00:00,-258.80000000000035
1984-11-28 00:00:00,-257.50000000000034
1984-11-29 00:00:00,-258.30000000000035
1984-11-30 00:00:00,-257.10000000000036
1984-12-03 00:00:00,-257.10000000000036
1984-12-04 00:00:00,-257.20000000000033
1984-12-05 00:00:00,-259.00000000000034
1984-12-06 00:00:00,-259.10000000000036
1984-12-07 00:00:00,-261.00000000000034
1984-12-10 00:00:00,-261.30000000000035
1984-12-11 00:00:00,-262.00000000000034
1984-12-12 00:00:00,-264.20000000000033
1984-12-13 00:00:00,-264.20000000000033
1984-12-14 00:00:00,-263.70000000000033
1984-12-17 00:00:00,-264.80000000000035
1984-12-18 00:00:00,-265.60000000000036
1984-12-19 00:00:00,-267.00000000000034
1984-12-20 00:00:00,-267.10000000000036
1984-12-21 00:00:00,-266.9000000000004
1984-12-24 00:00:00,-267.20000000000033
1984-12-26 00:00:00,-266.70000000000033
1984-12-27 00:00:00,-269.9000000000004
1984-12-28 00:00:00,-271.80000000000035
1984-12-31 00:00:00,-271.00000000000034
1985-01-02 00:00:00,-272.20000000000033
1985-01-03 00:00:00,-272.00000000000034
1985-01-04 00:00:00,-275.80000000000035
1985-01-07 00:00:00,-272.80000000000035
1985-01-08 00:00:00,-273.70000000000033
1985-01-09 00:00:00,-271.10000000000036
1985-01-10 00:00:00,-269.4000000000004
1985-01-11 00:00:00,-271.00000000000034
1985-01-14 00:00:00,-270.9000000000004
1985-01-15 00:00:00,-270.10000000000036
1985-01-16 00:00:00,-270.10000000000036
1985-01-17 00:00:00,-269.20000000000033
1985-01-18 00:00:00,-269.60000000000036
1985-01-21 00:00:00,-270.4000000000004
1985-01-22 00:00:00,-273.10000000000036
1985-01-23 00:00:00,-272.80000000000035
1985-01-24 00:00:00,-273.9000000000004
1985-01-25 00:00:00,-273.10000000000036
1985-01-28 00:00:00,-273.20000000000033
1985-01-29 00:00:00,-275.80000000000035
1985-01-30 00:00:00,-274.80000000000035
1985-01-31 00:00:00,-274.50000000000034
1985-02-01 00:00:00,-275.50000000000034
1985-02-04 00:00:00,-278.70000000000033
1985-02-05 00:00:00,-278.80000000000035
1985-02-06 00:00:00,-278.70000000000033
1985-02-07 00:00:00,-278.20000000000033
1985-02-08 00:00:00,-278.80000000000035
1985-02-11 00:00:00,-280.30000000000035
1985-02-12 00:00:00,-282.60000000000036
1985-02-13 00:00:00,-283.20000000000033
1985-02-14 00:00:00,-283.70000000000033
1985-02-15 00:00:00,-282.50000000000034
1985-02-19 00:00:00,-285.10000000000036
1985-02-20 00:00:00,-285.50000000000034
1985-02-21 00:00:00,-287.20000000000033
1985-02-22 00:00:00,-288.00000000000034
1985-02-25 00:00:00,-292.9000000000004
1985-02-26 00:00:00,-290.60000000000036
1985-02-27 00:00:00,-291.9000000000004
1985-02-28 00:00:00,-292.20000000000033
1985-03-01 00:00:00,-290.50000000000034
1985-03-04 00:00:00,-287.50000000000034
1985-03-05 00:00:00,-287.80000000000035
1985-03-06 00:00:00,-286.30000000000035
1985-03-07 00:00:00,-287.9000000000004
1985-03-08 00:00:00,-289.60000000000036
1985-03-11 00:00:00,-289.00000000000034
1985-03-12 00:00:00,-289.70000000000033
1985-03-13 00:00:00,-288.60000000000036
1985-03-14 00:00:00,-289.50000000000034
1985-03-15 00:00:00,-290.60000000000036
1985-03-18 00:00:00,-288.30000000000035
1985-03-19 00:00:00,-283.20000000000033
1985-03-20 00:00:00,-283.80000000000035
1985-03-21 00:00:00,-282.10000000000036
1985-03-22 00:00:00,-283.50000000000034
1985-03-25 00:00:00,-284.9000000000004
1985-03-26 00:00:00,-284.9000000000004
1985-03-27 00:00:00,-282.9000000000004
1985-03-28 00:00:00,-283.50000000000034
1985-03-29 00:00:00,-283.9000000000004
1985-04-01 00:00:00,-285.80000000000035
1985-04-02 00:00:00,-287.00000000000034
1985-04-03 00:00:00,-287.70000000000033
1985-04-04 00:00:00,-289.30000000000035
1985-04-08 00:00:00,-291.60000000000036
1985-04-09 00:00:00,-292.80000000000035
1985-04-10 00:00:00,-292.20000000000033
1985-04-11 00:00:00,-291.10000000000036
1985-04-12 00:00:00,-291.30000000000035
1985-04-15 00:00:00,-290.9000000000004
1985-04-16 00:00:00,-293.70000000000033
1985-04-17 00:00:00,-294.80000000000035
1985-04-18 00:00:00,-293.50000000000034
1985-04-19 00:00:00,-294.4000000000003
1985-04-22 00:00:00,-295.4000000000003
1985-04-23 00:00:00,-296.9000000000003
1985-04-24 00:00:00,-297.50000000000034
1985-04-25 00:00:00,-298.80000000000035
1985-04-26 00:00:00,-298.70000000000033
1985-04-29 00:00:00,-300.4000000000003
1985-04-30 00:00:00,-301.30000000000035
1985-05-01 00:00:00,-298.6000000000003
1985-05-02 00:00:00,-300.9000000000003
1985-05-03 00:00:00,-301.1000000000003
1985-05-06 00:00:00,-302.80000000000035
1985-05-07 00:00:00,-302.50000000000034
1985-05-08 00:00:00,-301.4000000000003
1985-05-09 00:00:00,-299.70000000000033
1985-05-10 00:00:00,-299.00000000000034
1985-05-13 00:00:00,-300.30000000000035
1985-05-14 00:00:00,-299.50000000000034
1985-05-15 00:00:00,-300.1000000000003
1985-05-16 00:00:00,-301.1000000000003
1985-05-17 00:00:00,-303.50000000000034
1985-05-20 00:00:00,-304.9000000000003
1985-05-21 00:00:00,-305.3000000000003
1985-05-22 00:00:00,-307.1000000000003
1985-05-23 00:00:00,-306.20000000000033
1985-05-24 00:00:00,-307.40000000000026
1985-05-28 00:00:00,-309.6000000000003
1985-05-29 00:00:00,-309.3000000000003
1985-05-30 00:00:00,-308.9000000000003
1985-05-31 00:00:00,-307.9000000000003
1985-06-03 00:00:00,-308.1000000000003
1985-06-04 00:00:00,-309.00000000000034
1985-06-05 00:00:00,-308.1000000000003
1985-06-06 00:00:00,-307.6000000000003
1985-06-07 00:00:00,-303.20000000000033
1985-06-10 00:00:00,-304.70000000000033
1985-06-11 00:00:00,-305.80000000000035
1985-06-12 00:00:00,-305.1000000000003
1985-06-13 00:00:00,-303.1000000000003
1985-06-14 00:00:00,-304.70000000000033
1985-06-17 00:00:00,-306.70000000000033
1985-06-18 00:00:00,-305.30000000000035
1985-06-19 00:00:00,-305.20000000000033
1985-06-20 00:00:00,-306.4000000000004
1985-06-21 00:00:00,-305.6000000000003
1985-06-24 00:00:00,-305.30000000000035
1985-06-25 00:00:00,-305.6000000000003
1985-06-26 00:00:00,-307.5000000000003
1985-06-27 00:00:00,-309.20000000000033
1985-06-28 00:00:00,-309.1000000000003
1985-07-01 00:00:00,-310.4000000000003
1985-07-02 00:00:00,-309.6000000000003
1985-07-03 00:00:00,-308.4000000000003
1985-07-05 00:00:00,-303.20000000000033
1985-07-08 00:00:00,-301.00000000000034
1985-07-09 00:00:00,-303.4000000000003
1985-07-10 00:00:00,-301.9000000000003
1985-07-11 00:00:00,-299.50000000000034
1985-07-12 00:00:00,-294.50000000000034
1985-07-15 00:00:00,-297.70000000000033
1985-07-16 00:00:00,-300.80000000000035
1985-07-17 00:00:00,-302.80000000000035
1985-07-18 00:00:00,-305.30000000000035
1985-07-19 00:00:00,-305.30000000000035
1985-07-22 00:00:00,-303.80000000000035
1985-07-23 00:00:00,-306.70000000000033
1985-07-24 00:00:00,-308.30000000000035
1985-07-25 00:00:00,-309.00000000000034
1985-07-26 00:00:00,-309.30000000000035
1985-07-29 00:00:00,-312.20000000000033
1985-07-30 00:00:00,-313.80000000000035
1985-07-31 00:00:00,-312.4000000000003
1985-08-01 00:00:00,-310.50000000000034
1985-08-02 00:00:00,-311.80000000000035
1985-08-05 00:00:00,-312.30000000000035
1985-08-06 00:00:00,-311.50000000000034
1985-08-07 00:00:00,-310.9000000000003
1985-08-08 00:00:00,-313.50000000000034
1985-08-09 00:00:00,-313.20000000000033
1985-08-12 00:00:00,-312.00000000000034
1985-08-13 00:00:00,-312.50000000000034
1985-08-14 00:00:00,-312.50000000000034
1985-08-15 00:00:00,-311.30000000000035
1985-08-16 00:00:00,-312.00000000000034
1985-08-19 00:00:00,-313.50000000000034
1985-08-20 00:00:00,-315.10000000000036
1985-08-21 00:00:00,-313.60000000000036
1985-08-22 00:00:00,-311.80000000000035
1985-08-23 00:00:00,-312.30000000000035
1985-08-26 00:00:00,-313.50000000000034
1985-08-27 00:00:00,-313.00000000000034
1985-08-28 00:00:00,-313.00000000000034
1985-08-29 00:00:00,-312.00000000000034
1985-08-30 00:00:00,-311.70000000000033
1985-09-03 00:00:00,-314.30000000000035
1985-09-04 00:00:00,-311.20000000000033
1985-09-05 00:00:00,-308.60000000000036
1985-09-06 00:00:00,-308.20000000000033
1985-09-09 00:00:00,-310.50000000000034
1985-09-10 00:00:00,-310.30000000000035
1985-09-11 00:00:00,-309.80000000000035
1985-09-12 00:00:00,-307.70000000000033
1985-09-13 00:00:00,-309.10000000000036
1985-09-16 00:00:00,-306.4000000000004
1985-09-17 00:00:00,-305.00000000000034
1985-09-18 00:00:00,-305.6000000000003
1985-09-19 00:00:00,-306.1000000000003
1985-09-20 00:00:00,-305.4000000000003
1985-09-23 00:00:00,-301.9000000000003
1985-09-24 00:00:00,-303.30000000000035
1985-09-25 00:00:00,-303.30000000000035
1985-09-26 00:00:00,-303.80000000000035
1985-09-27 00:00:00,-305.00000000000034
1985-09-30 00:00:00,-306.80000000000035
1985-10-01 00:00:00,-305.9000000000004
1985-10-02 00:00:00,-307.70000000000033
1985-10-03 00:00:00,-305.9000000000004
1985-10-04 00:00:00,-303.80000000000035
1985-10-07 00:00:00,-303.20000000000033
1985-10-08 00:00:00,-302.70000000000033
1985-10-09 00:00:00,-300.6000000000003
1985-10-10 00:00:00,-300.20000000000033
1985-10-11 00:00:00,-299.50000000000034
1985-10-14 00:00:00,-300.00000000000034
1985-10-15 00:00:00,-298.80000000000035
1985-10-16 00:00:00,-300.4000000000003
1985-10-17 00:00:00,-296.70000000000033
1985-10-18 00:00:00,-295.30000000000035
1985-10-21 00:00:00,-296.6000000000003
1985-10-22 00:00:00,-296.50000000000034
1985-10-23 00:00:00,-297.00000000000034
1985-10-24 00:00:00,-298.1000000000003
1985-10-25 00:00:00,-299.30000000000035
1985-10-28 00:00:00,-297.80000000000035
1985-10-29 00:00:00,-295.50000000000034
1985-10-30 00:00:00,-295.80000000000035
1985-10-31 00:00:00,-294.6000000000003
1985-11-01 00:00:00,-294.4000000000003
1985-11-04 00:00:00,-294.9000000000003
1985-11-05 00:00:00,-293.00000000000034
1985-11-06 00:00:00,-294.50000000000034
1985-11-07 00:00:00,-295.20000000000033
1985-11-08 00:00:00,-296.20000000000033
1985-11-11 00:00:00,-296.00000000000034
1985-11-12 00:00:00,-295.50000000000034
1985-11-13 00:00:00,-297.50000000000034
1985-11-14 00:00:00,-300.1000000000003
1985-11-15 00:00:00,-303.6000000000003
1985-11-18 00:00:00,-306.70000000000033
1985-11-19 00:00:00,-303.50000000000034
1985-11-20 00:00:00,-305.20000000000033
1985-11-21 00:00:00,-305.4000000000003
1985-11-22 00:00:00,-303.80000000000035
1985-11-25 00:00:00,-304.70000000000033
1985-11-26 00:00:00,-303.20000000000033
1985-11-27 00:00:00,-302.20000000000033
1985-11-29 00:00:00,-300.00000000000034
1985-12-02 00:00:00,-301.30000000000035
1985-12-03 00:00:00,-298.30000000000035
1985-12-04 00:00:00,-297.6000000000003
1985-12-05 00:00:00,-298.9000000000003
1985-12-06 00:00:00,-298.20000000000033
1985-12-09 00:00:00,-298.1000000000003
1985-12-10 00:00:00,-299.00000000000034
1985-12-11 00:00:00,-299.50000000000034
1985-12-12 00:00:00,-298.70000000000033
1985-12-13 00:00:00,-299.6000000000003
1985-12-16 00:00:00,-300.20000000000033
1985-12-17 00:00:00,-299.30000000000035
1985-12-18 00:00:00,-299.4000000000004
1985-12-19 00:00:00,-295.10000000000036
1985-12-20 00:00:00,-293.10000000000036
1985-12-23 00:00:00,-293.20000000000033
1985-12-24 00:00:00,-289.50000000000034
1985-12-26 00:00:00,-290.30000000000035
1985-12-27 00:00:00,-292.80000000000035
1985-12-30 00:00:00,-292.50000000000034
1985-12-31 00:00:00,-292.20000000000033
1986-01-02 00:00:00,-291.50000000000034
1986-01-03 00:00:00,-294.80000000000035
1986-01-06 00:00:00,-291.30000000000035
1986-01-07 00:00:00,-286.70000000000033
1986-01-08 00:00:00,-287.4000000000004
1986-01-09 00:00:00,-285.70000000000033
1986-01-10 00:00:00,-288.20000000000033
1986-01-13 00:00:00,-290.70000000000033
1986-01-14 00:00:00,-290.50000000000034
1986-01-15 00:00:00,-286.4000000000004
1986-01-16 00:00:00,-287.00000000000034
1986-01-17 00:00:00,-288.70000000000033
1986-01-20 00:00:00,-285.9000000000004
1986-01-21 00:00:00,-289.60000000000036
1986-01-22 00:00:00,-287.50000000000034
1986-01-23 00:00:00,-290.30000000000035
1986-01-24 00:00:00,-289.00000000000034
1986-01-27 00:00:00,-288.80000000000035
1986-01-28 00:00:00,-288.70000000000033
1986-01-29 00:00:00,-289.60000000000036
1986-01-30 00:00:00,-289.9000000000004
1986-01-31 00:00:00,-291.60000000000036
1986-02-03 00:00:00,-293.9000000000004
1986-02-04 00:00:00,-295.20000000000033
1986-02-05 00:00:00,-292.4000000000004
1986-02-06 00:00:00,-293.00000000000034
1986-02-07 00:00:00,-292.4000000000004
1986-02-10 00:00:00,-291.00000000000034
1986-02-11 00:00:00,-290.60000000000036
1986-02-12 00:00:00,-291.70000000000033
1986-02-13 00:00:00,-291.50000000000034
1986-02-14 00:00:00,-290.30000000000035
1986-02-18 00:00:00,-290.00000000000034
1986-02-19 00:00:00,-290.70000000000033
1986-02-20 00:00:00,-292.20000000000033
1986-02-21 00:00:00,-291.4000000000003
1986-02-24 00:00:00,-290.30000000000035
1986-02-25 00:00:00,-289.9000000000003
1986-02-26 00:00:00,-290.00000000000034
1986-02-27 00:00:00,-287.00000000000034
1986-02-28 00:00:00,-284.30000000000035
1986-03-03 00:00:00,-285.20000000000033
1986-03-04 00:00:00,-282.9000000000003
1986-03-05 00:00:00,-284.6000000000003
1986-03-06 00:00:00,-282.70000000000033
1986-03-07 00:00:00,-285.1000000000003
1986-03-10 00:00:00,-284.50000000000034
1986-03-11 00:00:00,-285.1000000000003
1986-03-12 00:00:00,-284.4000000000003
1986-03-13 00:00:00,-285.9000000000003
1986-03-14 00:00:00,-284.80000000000035
1986-03-17 00:00:00,-282.9000000000003
1986-03-18 00:00:00,-284.20000000000033
1986-03-19 00:00:00,-284.6000000000003
1986-03-20 00:00:00,-285.50000000000034
1986-03-21 00:00:00,-286.00000000000034
1986-03-24 00:00:00,-289.00000000000034
1986-03-25 00:00:00,-289.6000000000003
1986-03-26 00:00:00,-290.80000000000035
1986-03-27 00:00:00,-290.6000000000003
1986-03-31 00:00:00,-292.1000000000003
1986-04-01 00:00:00,-290.9000000000003
1986-04-02 00:00:00,-290.50000000000034
1986-04-03 00:00:00,-292.50000000000034
1986-04-04 00:00:00,-293.4000000000003
1986-04-07 00:00:00,-293.9000000000003
1986-04-08 00:00:00,-291.50000000000034
1986-04-09 00:00:00,-292.6000000000003
1986-04-10 00:00:00,-291.6000000000003
1986-04-11 00:00:00,-291.6000000000003
1986-04-14 00:00:00,-292.6000000000003
1986-04-15 00:00:00,-294.00000000000034
1986-04-16 00:00:00,-294.30000000000035
1986-04-17 00:00:00,-295.20000000000033
1986-04-18 00:00:00,-293.60000000000036
1986-04-21 00:00:00,-293.4000000000004
1986-04-22 00:00:00,-292.30000000000035
1986-04-23 00:00:00,-292.70000000000033
1986-04-24 00:00:00,-293.60000000000036
1986-04-25 00:00:00,-293.00000000000034
1986-04-28 00:00:00,-293.60000000000036
1986-04-29 00:00:00,-292.50000000000034
1986-04-30 00:00:00,-286.9000000000004
1986-05-01 00:00:00,-291.9000000000004
1986-05-02 00:00:00,-292.00000000000034
1986-05-05 00:00:00,-291.00000000000034
1986-05-06 00:00:00,-291.60000000000036
1986-05-07 00:00:00,-292.50000000000034
1986-05-08 00:00:00,-290.9000000000004
1986-05-09 00:00:00,-290.50000000000034
1986-05-12 00:00:00,-292.10000000000036
1986-05-13 00:00:00,-290.9000000000004
1986-05-14 00:00:00,-290.70000000000033
1986-05-15 00:00:00,-294.00000000000034
1986-05-16 00:00:00,-296.10000000000036
1986-05-19 00:00:00,-296.60000000000036
1986-05-20 00:00:00,-296.60000000000036
1986-05-21 00:00:00,-298.00000000000034
1986-05-22 00:00:00,-298.00000000000034
1986-05-23 00:00:00,-299.00000000000034
1986-05-27 00:00:00,-299.10000000000036
1986-05-28 00:00:00,-300.50000000000034
1986-05-29 00:00:00,-300.10000000000036
1986-05-30 00:00:00,-300.10000000000036
1986-06-02 00:00:00,-300.50000000000034
1986-06-03 00:00:00,-300.20000000000033
1986-06-04 00:00:00,-301.4000000000004
1986-06-05 00:00:00,-299.9000000000004
1986-06-06 00:00:00,-299.60000000000036
1986-06-09 00:00:00,-300.30000000000035
1986-06-10 00:00:00,-299.10000000000036
1986-06-11 00:00:00,-298.9000000000004
1986-06-12 00:00:00,-299.20000000000033
1986-06-13 00:00:00,-300.10000000000036
1986-06-16 00:00:00,-300.10000000000036
1986-06-17 00:00:00,-299.4000000000004
1986-06-18 00:00:00,-299.4000000000004
1986-06-19 00:00:00,-298.60000000000036
1986-06-20 00:00:00,-299.4000000000004
1986-06-23 00:00:00,-300.4000000000004
1986-06-24 00:00:00,-301.4000000000004
1986-06-25 00:00:00,-304.00000000000034
1986-06-26 00:00:00,-303.7000000000004
1986-06-27 00:00:00,-303.4000000000004
1986-06-30 00:00:00,-305.2000000000004
1986-07-01 00:00:00,-305.2000000000004
1986-07-02 00:00:00,-304.00000000000034
1986-07-03 00:00:00,-304.00000000000034
1986-07-07 00:00:00,-305.60000000000036
1986-07-08 00:00:00,-305.10000000000036
1986-07-09 00:00:00,-305.10000000000036
1986-07-10 00:00:00,-305.60000000000036
1986-07-11 00:00:00,-304.60000000000036
1986-07-14 00:00:00,-304.60000000000036
1986-07-15 00:00:00,-300.80000000000035
1986-07-16 00:00:00,-294.7000000000004
1986-07-17 00:00:00,-296.60000000000036
1986-07-18 00:00:00,-297.70000000000033
1986-07-21 00:00:00,-294.9000000000003
1986-07-22 00:00:00,-297.30000000000035
1986-07-23 00:00:00,-297.30000000000035
1986-07-24 00:00:00,-298.30000000000035
1986-07-25 00:00:00,-297.60000000000036
1986-07-28 00:00:00,-297.50000000000034
1986-07-29 00:00:00,-297.80000000000035
1986-07-30 00:00:00,-294.60000000000036
1986-07-31 00:00:00,-296.70000000000033
1986-08-01 00:00:00,-297.4000000000003
1986-08-04 00:00:00,-300.00000000000034
1986-08-05 00:00:00,-302.10000000000036
1986-08-06 00:00:00,-301.70000000000033
1986-08-07 00:00:00,-301.9000000000003
1986-08-08 00:00:00,-301.20000000000033
1986-08-11 00:00:00,-300.80000000000035
1986-08-12 00:00:00,-301.10000000000036
1986-08-13 00:00:00,-301.30000000000035
1986-08-14 00:00:00,-298.50000000000034
1986-08-15 00:00:00,-298.80000000000035
1986-08-18 00:00:00,-297.9000000000003
1986-08-19 00:00:00,-299.10000000000036
1986-08-20 00:00:00,-298.9000000000003
1986-08-21 00:00:00,-297.60000000000036
1986-08-22 00:00:00,-298.00000000000034
1986-08-25 00:00:00,-299.10000000000036
1986-08-26 00:00:00,-299.50000000000034
1986-08-27 00:00:00,-298.10000000000036
1986-08-28 00:00:00,-297.50000000000034
1986-08-29 00:00:00,-293.00000000000034
1986-09-02 00:00:00,-294.70000000000033
1986-09-03 00:00:00,-294.20000000000033
1986-09-04 00:00:00,-293.10000000000036
1986-09-05 00:00:00,-293.00000000000034
1986-09-08 00:00:00,-294.20000000000033
1986-09-09 00:00:00,-294.20000000000033
1986-09-10 00:00:00,-295.10000000000036
1986-09-11 00:00:00,-295.9000000000003
1986-09-12 00:00:00,-295.10000000000036
1986-09-15 00:00:00,-295.80000000000035
1986-09-16 00:00:00,-295.00000000000034
1986-09-17 00:00:00,-294.4000000000003
1986-09-18 00:00:00,-292.6000000000003
1986-09-19 00:00:00,-293.1000000000003
1986-09-22 00:00:00,-294.6000000000003
1986-09-23 00:00:00,-294.1000000000003
1986-09-24 00:00:00,-295.20000000000033
1986-09-25 00:00:00,-295.9000000000003
1986-09-26 00:00:00,-295.1000000000003
1986-09-29 00:00:00,-293.1000000000003
1986-09-30 00:00:00,-294.00000000000034
1986-10-01 00:00:00,-294.9000000000003
1986-10-02 00:00:00,-293.50000000000034
1986-10-03 00:00:00,-294.9000000000003
1986-10-06 00:00:00,-296.9000000000003
1986-10-07 00:00:00,-297.00000000000034
1986-10-08 00:00:00,-297.1000000000003
1986-10-09 00:00:00,-297.1000000000003
1986-10-10 00:00:00,-297.3000000000003
1986-10-13 00:00:00,-298.1000000000003
1986-10-14 00:00:00,-298.4000000000003
1986-10-15 00:00:00,-299.3000000000003
1986-10-16 00:00:00,-300.20000000000033
1986-10-17 00:00:00,-299.6000000000003
1986-10-20 00:00:00,-298.9000000000003
1986-10-21 00:00:00,-297.30000000000035
1986-10-22 00:00:00,-296.9000000000003
1986-10-23 00:00:00,-298.00000000000034
1986-10-24 00:00:00,-297.70000000000033
1986-10-27 00:00:00,-298.4000000000003
1986-10-28 00:00:00,-298.80000000000035
1986-10-29 00:00:00,-298.9000000000003
1986-10-30 00:00:00,-297.70000000000033
1986-10-31 00:00:00,-296.20000000000033
1986-11-03 00:00:00,-297.1000000000003
1986-11-04 00:00:00,-297.9000000000003
1986-11-05 00:00:00,-298.4000000000003
1986-11-06 00:00:00,-298.1000000000003
1986-11-07 00:00:00,-298.4000000000003
1986-11-10 00:00:00,-298.1000000000003
1986-11-11 00:00:00,-298.4000000000003
1986-11-12 00:00:00,-298.1000000000003
1986-11-13 00:00:00,-297.20000000000033
1986-11-14 00:00:00,-297.6000000000003
1986-11-17 00:00:00,-298.70000000000033
1986-11-18 00:00:00,-298.80000000000035
1986-11-19 00:00:00,-299.1000000000003
1986-11-20 00:00:00,-298.6000000000003
1986-11-21 00:00:00,-299.1000000000003
1986-11-24 00:00:00,-299.20000000000033
1986-11-25 00:00:00,-299.20000000000033
1986-11-26 00:00:00,-299.00000000000034
1986-11-28 00:00:00,-299.20000000000033
1986-12-01 00:00:00,-299.50000000000034
1986-12-02 00:00:00,-300.1000000000003
1986-12-03 00:00:00,-300.4000000000003
1986-12-04 00:00:00,-301.50000000000034
1986-12-05 00:00:00,-302.1000000000003
1986-12-08 00:00:00,-301.9000000000003
1986-12-09 00:00:00,-302.30000000000035
1986-12-10 00:00:00,-302.6000000000003
1986-12-11 00:00:00,-303.50000000000034
1986-12-12 00:00:00,-304.4000000000003
1986-12-15 00:00:00,-304.30000000000035
1986-12-16 00:00:00,-304.80000000000035
1986-12-17 00:00:00,-306.5000000000004
1986-12-18 00:00:00,-306.4000000000004
1986-12-19 00:00:00,-305.9000000000004
1986-12-22 00:00:00,-305.4000000000003
1986-12-23 00:00:00,-306.0000000000004
1986-12-24 00:00:00,-305.60000000000036
1986-12-26 00:00:00,-305.60000000000036
1986-12-29 00:00:00,-305.70000000000033
1986-12-30 00:00:00,-304.20000000000033
1986-12-31 00:00:00,-302.70000000000033
1987-01-02 00:00:00,-302.9000000000003
1987-01-05 00:00:00,-303.70000000000033
1987-01-06 00:00:00,-305.4000000000003
1987-01-07 00:00:00,-305.20000000000033
1987-01-08 00:00:00,-303.30000000000035
1987-01-09 00:00:00,-304.80000000000035
1987-01-12 00:00:00,-304.60000000000036
1987-01-13 00:00:00,-304.80000000000035
1987-01-14 00:00:00,-303.80000000000035
1987-01-15 00:00:00,-303.9000000000003
1987-01-16 00:00:00,-304.9000000000003
1987-01-19 00:00:00,-304.80000000000035
1987-01-20 00:00:00,-306.0000000000004
1987-01-21 00:00:00,-306.4000000000004
1987-01-22 00:00:00,-306.30000000000035
1987-01-23 00:00:00,-307.70000000000033
1987-01-26 00:00:00,-307.60000000000036
1987-01-27 00:00:00,-307.4000000000004
1987-01-28 00:00:00,-308.10000000000036
1987-01-29 00:00:00,-308.00000000000034
1987-01-30 00:00:00,-308.20000000000033
1987-02-02 00:00:00,-306.1000000000003
1987-02-03 00:00:00,-306.70000000000033
1987-02-04 00:00:00,-307.1000000000003
1987-02-05 00:00:00,-307.30000000000035
1987-02-06 00:00:00,-307.70000000000033
1987-02-09 00:00:00,-308.00000000000034
1987-02-10 00:00:00,-307.20000000000033
1987-02-11 00:00:00,-309.00000000000034
1987-02-12 00:00:00,-310.00000000000034
1987-02-13 00:00:00,-310.60000000000036
1987-02-17 00:00:00,-311.00000000000034
1987-02-18 00:00:00,-310.80000000000035
1987-02-19 00:00:00,-310.50000000000034
1987-02-20 00:00:00,-309.9000000000004
1987-02-23 00:00:00,-310.50000000000034
1987-02-24 00:00:00,-311.00000000000034
1987-02-25 00:00:00,-311.60000000000036
1987-02-26 00:00:00,-311.80000000000035
1987-02-27 00:00:00,-310.9000000000004
1987-03-02 00:00:00,-310.4000000000004
1987-03-03 00:00:00,-310.9000000000004
1987-03-04 00:00:00,-310.20000000000033
1987-03-05 00:00:00,-308.9000000000004
1987-03-06 00:00:00,-309.30000000000035
1987-03-09 00:00:00,-309.80000000000035
1987-03-10 00:00:00,-310.4000000000004
1987-03-11 00:00:00,-310.50000000000034
1987-03-12 00:00:00,-309.30000000000035
1987-03-13 00:00:00,-307.80000000000035
1987-03-16 00:00:00,-308.20000000000033
1987-03-17 00:00:00,-307.80000000000035
1987-03-18 00:00:00,-308.00000000000034
1987-03-19 00:00:00,-307.70000000000033
1987-03-20 00:00:00,-308.20000000000033
1987-03-23 00:00:00,-307.4000000000004
1987-03-24 00:00:00,-307.1000000000003
1987-03-25 00:00:00,-304.80000000000035
1987-03-26 00:00:00,-305.60000000000036
1987-03-27 00:00:00,-304.80000000000035
1987-03-30 00:00:00,-304.10000000000036
1987-03-31 00:00:00,-304.30000000000035
1987-04-01 00:00:00,-302.70000000000033
1987-04-02 00:00:00,-302.30000000000035
1987-04-03 00:00:00,-301.60000000000036
1987-04-06 00:00:00,-301.4000000000004
1987-04-07 00:00:00,-299.80000000000035
1987-04-08 00:00:00,-299.50000000000034
1987-04-09 00:00:00,-298.50000000000034
1987-04-10 00:00:00,-299.4000000000004
1987-04-13 00:00:00,-297.30000000000035
1987-04-14 00:00:00,-295.00000000000034
1987-04-15 00:00:00,-296.9000000000004
1987-04-16 00:00:00,-296.70000000000033
1987-04-20 00:00:00,-295.70000000000033
1987-04-21 00:00:00,-296.60000000000036
1987-04-22 00:00:00,-296.10000000000036
1987-04-23 00:00:00,-294.20000000000033
1987-04-24 00:00:00,-291.70000000000033
1987-04-27 00:00:00,-293.00000000000034
1987-04-28 00:00:00,-292.30000000000035
1987-04-29 00:00:00,-289.9000000000003
1987-04-30 00:00:00,-288.00000000000034
1987-05-01 00:00:00,-289.60000000000036
1987-05-04 00:00:00,-287.4000000000003
1987-05-05 00:00:00,-289.20000000000033
1987-05-06 00:00:00,-288.50000000000034
1987-05-07 00:00:00,-283.80000000000035
1987-05-08 00:00:00,-282.10000000000036
1987-05-11 00:00:00,-274.70000000000033
1987-05-12 00:00:00,-278.20000000000033
1987-05-13 00:00:00,-275.50000000000034
1987-05-14 00:00:00,-271.00000000000034
1987-05-15 00:00:00,-271.00000000000034
1987-05-18 00:00:00,-281.00000000000034
1987-05-19 00:00:00,-281.00000000000034
1987-05-20 00:00:00,-284.50000000000034
1987-05-21 00:00:00,-279.50000000000034
1987-05-22 00:00:00,-279.80000000000035
1987-05-26 00:00:00,-284.50000000000034
1987-05-27 00:00:00,-281.00000000000034
1987-05-28 00:00:00,-281.80000000000035
1987-05-29 00:00:00,-281.80000000000035
1987-06-01 00:00:00,-283.80000000000035
1987-06-02 00:00:00,-281.70000000000033
1987-06-03 00:00:00,-278.50000000000034
1987-06-04 00:00:00,-278.20000000000033
1987-06-05 00:00:00,-276.30000000000035
1987-06-08 00:00:00,-278.50000000000034
1987-06-09 00:00:00,-278.00000000000034
1987-06-10 00:00:00,-275.30000000000035
1987-06-11 00:00:00,-270.00000000000034
1987-06-12 00:00:00,-265.30000000000035
1987-06-15 00:00:00,-256.00000000000034
1987-06-16 00:00:00,-257.50000000000034
1987-06-17 00:00:00,-263.80000000000035
1987-06-18 00:00:00,-267.80000000000035
1987-06-19 00:00:00,-271.10000000000036
1987-06-22 00:00:00,-281.10000000000036
1987-06-23 00:00:00,-280.10000000000036
1987-06-24 00:00:00,-276.30000000000035
1987-06-25 00:00:00,-279.80000000000035
1987-06-26 00:00:00,-278.80000000000035
1987-06-29 00:00:00,-283.60000000000036
1987-06-30 00:00:00,-284.60000000000036
1987-07-01 00:00:00,-286.60000000000036
1987-07-02 00:00:00,-286.9000000000004
1987-07-06 00:00:00,-285.60000000000036
1987-07-07 00:00:00,-283.7000000000004
1987-07-08 00:00:00,-290.00000000000034
1987-07-09 00:00:00,-288.10000000000036
1987-07-10 00:00:00,-288.7000000000004
1987-07-13 00:00:00,-292.30000000000035
1987-07-14 00:00:00,-289.30000000000035
1987-07-15 00:00:00,-287.80000000000035
1987-07-16 00:00:00,-291.80000000000035
1987-07-17 00:00:00,-293.50000000000034
1987-07-20 00:00:00,-286.4000000000003
1987-07-21 00:00:00,-289.20000000000033
1987-07-22 00:00:00,-290.10000000000036
1987-07-23 00:00:00,-291.50000000000034
1987-07-24 00:00:00,-292.9000000000003
1987-07-27 00:00:00,-289.9000000000003
1987-07-28 00:00:00,-286.30000000000035
1987-07-29 00:00:00,-289.30000000000035
1987-07-30 00:00:00,-289.20000000000033
1987-07-31 00:00:00,-290.20000000000033
1987-08-03 00:00:00,-297.4000000000003
1987-08-04 00:00:00,-299.30000000000035
1987-08-05 00:00:00,-298.60000000000036
1987-08-06 00:00:00,-298.4000000000003
1987-08-07 00:00:00,-299.10000000000036
1987-08-10 00:00:00,-298.20000000000033
1987-08-11 00:00:00,-297.60000000000036
1987-08-12 00:00:00,-297.10000000000036
1987-08-13 00:00:00,-296.30000000000035
1987-08-14 00:00:00,-295.10000000000036
1987-08-17 00:00:00,-295.10000000000036
1987-08-18 00:00:00,-295.50000000000034
1987-08-19 00:00:00,-294.30000000000035
1987-08-20 00:00:00,-295.10000000000036
1987-08-21 00:00:00,-294.60000000000036
1987-08-24 00:00:00,-296.00000000000034
1987-08-25 00:00:00,-295.70000000000033
1987-08-26 00:00:00,-294.10000000000036
1987-08-27 00:00:00,-293.30000000000035
1987-08-28 00:00:00,-294.30000000000035
1987-08-31 00:00:00,-295.80000000000035
1987-09-01 00:00:00,-294.80000000000035
1987-09-02 00:00:00,-292.10000000000036
1987-09-03 00:00:00,-291.10000000000036
1987-09-04 00:00:00,-288.9000000000003
1987-09-08 00:00:00,-286.20000000000033
1987-09-09 00:00:00,-287.50000000000034
1987-09-10 00:00:00,-284.10000000000036
1987-09-11 00:00:00,-281.80000000000035
1987-09-14 00:00:00,-280.10000000000036
1987-09-15 00:00:00,-282.20000000000033
1987-09-16 00:00:00,-279.00000000000034
1987-09-17 00:00:00,-279.50000000000034
1987-09-18 00:00:00,-279.10000000000036
1987-09-21 00:00:00,-281.50000000000034
1987-09-22 00:00:00,-283.80000000000035
1987-09-23 00:00:00,-280.9000000000004
1987-09-24 00:00:00,-284.10000000000036
1987-09-25 00:00:00,-285.60000000000036
1987-09-28 00:00:00,-285.00000000000034
1987-09-29 00:00:00,-282.60000000000036
1987-09-30 00:00:00,-281.80000000000035
1987-10-01 00:00:00,-276.4000000000004
1987-10-02 00:00:00,-277.80000000000035
1987-10-05 00:00:00,-278.10000000000036
1987-10-06 00:00:00,-278.4000000000004
1987-10-07 00:00:00,-278.4000000000004
1987-10-08 00:00:00,-278.50000000000034
1987-10-09 00:00:00,-280.30000000000035
1987-10-12 00:00:00,-281.30000000000035
1987-10-13 00:00:00,-279.80000000000035
1987-10-14 00:00:00,-277.9000000000004
1987-10-15 00:00:00,-277.70000000000033
1987-10-16 00:00:00,-278.20000000000033
1987-10-19 00:00:00,-281.10000000000036
1987-10-20 00:00:00,-275.10000000000036
1987-10-21 00:00:00,-276.10000000000036
1987-10-22 00:00:00,-278.20000000000033
1987-10-23 00:00:00,-275.9000000000004
1987-10-26 00:00:00,-274.80000000000035
1987-10-27 00:00:00,-274.4000000000004
1987-10-28 00:00:00,-276.00000000000034
1987-10-29 00:00:00,-276.50000000000034
1987-10-30 00:00:00,-276.60000000000036
1987-11-02 00:00:00,-278.20000000000033
1987-11-03 00:00:00,-279.50000000000034
1987-11-04 00:00:00,-278.50000000000034
1987-11-05 00:00:00,-274.9000000000004
1987-11-06 00:00:00,-273.10000000000036
1987-11-09 00:00:00,-269.10000000000036
1987-11-10 00:00:00,-267.30000000000035
1987-11-11 00:00:00,-267.4000000000004
1987-11-12 00:00:00,-264.20000000000033
1987-11-13 00:00:00,-259.4000000000004
1987-11-16 00:00:00,-262.00000000000034
1987-11-17 00:00:00,-260.9000000000004
1987-11-18 00:00:00,-262.30000000000035
1987-11-19 00:00:00,-258.9000000000004
1987-11-20 00:00:00,-252.90000000000038
1987-11-23 00:00:00,-252.90000000000038
1987-11-24 00:00:00,-249.90000000000038
1987-11-25 00:00:00,-248.40000000000038
1987-11-27 00:00:00,-244.40000000000038
1987-11-30 00:00:00,-246.40000000000038
1987-12-01 00:00:00,-242.90000000000038
1987-12-02 00:00:00,-250.00000000000034
1987-12-03 00:00:00,-249.40000000000038
1987-12-04 00:00:00,-254.90000000000038
1987-12-07 00:00:00,-255.40000000000038
1987-12-08 00:00:00,-257.4000000000004
1987-12-09 00:00:00,-254.30000000000035
1987-12-10 00:00:00,-250.40000000000038
1987-12-11 00:00:00,-254.40000000000038
1987-12-14 00:00:00,-254.50000000000034
1987-12-15 00:00:00,-258.00000000000034
1987-12-16 00:00:00,-261.30000000000035
1987-12-17 00:00:00,-259.30000000000035
1987-12-18 00:00:00,-259.9000000000003
1987-12-21 00:00:00,-258.50000000000034
1987-12-22 00:00:00,-257.6000000000003
1987-12-23 00:00:00,-256.6000000000003
1987-12-24 00:00:00,-256.50000000000034
1987-12-28 00:00:00,-260.20000000000033
1987-12-29 00:00:00,-256.80000000000035
1987-12-30 00:00:00,-256.70000000000033
1987-12-31 00:00:00,-256.30000000000035
1988-01-04 00:00:00,-253.1000000000003
1988-01-05 00:00:00,-254.6000000000003
1988-01-06 00:00:00,-253.70000000000033
1988-01-07 00:00:00,-257.00000000000034
1988-01-08 00:00:00,-258.30000000000035
1988-01-11 00:00:00,-260.00000000000034
1988-01-12 00:00:00,-265.30000000000035
1988-01-13 00:00:00,-263.1000000000003
1988-01-14 00:00:00,-262.9000000000003
1988-01-15 00:00:00,-259.80000000000035
1988-01-18 00:00:00,-261.50000000000034
1988-01-19 00:00:00,-259.1000000000003
1988-01-20 00:00:00,-261.4000000000003
1988-01-21 00:00:00,-260.6000000000003
1988-01-22 00:00:00,-256.9000000000003
1988-01-25 00:00:00,-258.30000000000035
1988-01-26 00:00:00,-261.80000000000035
1988-01-27 00:00:00,-262.80000000000035
1988-01-28 00:00:00,-264.30000000000035
1988-01-29 00:00:00,-263.4000000000003
1988-02-01 00:00:00,-262.80000000000035
1988-02-02 00:00:00,-266.20000000000033
1988-02-03 00:00:00,-265.20000000000033
1988-02-04 00:00:00,-262.1000000000003
1988-02-05 00:00:00,-262.80000000000035
1988-02-08 00:00:00,-264.70000000000033
1988-02-09 00:00:00,-264.00000000000034
1988-02-10 00:00:00,-263.6000000000003
1988-02-11 00:00:00,-259.80000000000035
1988-02-12 00:00:00,-255.30000000000035
1988-02-16 00:00:00,-257.6000000000003
1988-02-17 00:00:00,-254.00000000000034
1988-02-18 00:00:00,-257.00000000000034
1988-02-19 00:00:00,-255.20000000000033
1988-02-22 00:00:00,-256.6000000000003
1988-02-23 00:00:00,-256.70000000000033
1988-02-24 00:00:00,-256.3000000000003
1988-02-25 00:00:00,-257.9000000000003
1988-02-26 00:00:00,-256.6000000000003
1988-02-29 00:00:00,-253.50000000000034
1988-03-01 00:00:00,-252.1000000000003
1988-03-02 00:00:00,-253.00000000000034
1988-03-03 00:00:00,-255.1000000000003
1988-03-04 00:00:00,-258.4000000000003
1988-03-07 00:00:00,-258.8000000000003
1988-03-08 00:00:00,-257.50000000000034
1988-03-09 00:00:00,-259.4000000000003
1988-03-10 00:00:00,-261.6000000000003
1988-03-11 00:00:00,-261.00000000000034
1988-03-14 00:00:00,-258.1000000000003
1988-03-15 00:00:00,-257.50000000000034
1988-03-16 00:00:00,-258.00000000000034
1988-03-17 00:00:00,-254.90000000000032
1988-03-18 00:00:00,-254.8000000000003
1988-03-21 00:00:00,-251.90000000000032
1988-03-22 00:00:00,-248.6000000000003
1988-03-23 00:00:00,-250.40000000000032
1988-03-24 00:00:00,-246.8000000000003
1988-03-25 00:00:00,-247.6000000000003
1988-03-28 00:00:00,-246.50000000000034
1988-03-29 00:00:00,-248.6000000000003
1988-03-30 00:00:00,-249.3000000000003
1988-03-31 00:00:00,-248.00000000000034
1988-04-04 00:00:00,-242.00000000000034
1988-04-05 00:00:00,-242.6000000000003
1988-04-06 00:00:00,-243.3000000000003
1988-04-07 00:00:00,-241.8000000000003
1988-04-08 00:00:00,-240.70000000000033
1988-04-11 00:00:00,-239.90000000000032
1988-04-12 00:00:00,-240.1000000000003
1988-04-13 00:00:00,-241.1000000000003
1988-04-14 00:00:00,-241.6000000000003
1988-04-15 00:00:00,-245.00000000000034
1988-04-18 00:00:00,-244.00000000000034
1988-04-19 00:00:00,-242.1000000000003
1988-04-20 00:00:00,-245.50000000000034
1988-04-21 00:00:00,-248.8000000000003
1988-04-22 00:00:00,-247.6000000000003
1988-04-25 00:00:00,-247.6000000000003
1988-04-26 00:00:00,-245.00000000000034
1988-04-27 00:00:00,-243.50000000000034
1988-04-28 00:00:00,-242.50000000000034
1988-04-29 00:00:00,-239.50000000000034
1988-05-02 00:00:00,-240.20000000000033
1988-05-03 00:00:00,-240.90000000000032
1988-05-04 00:00:00,-240.50000000000034
1988-05-05 00:00:00,-239.90000000000032
1988-05-06 00:00:00,-237.3000000000003
1988-05-09 00:00:00,-235.40000000000032
1988-05-10 00:00:00,-233.20000000000033
1988-05-11 00:00:00,-229.50000000000028
1988-05-12 00:00:00,-231.6000000000003
1988-05-13 00:00:00,-227.50000000000028
1988-05-16 00:00:00,-217.50000000000023
1988-05-17 00:00:00,-216.50000000000023
1988-05-18 00:00:00,-214.80000000000018
1988-05-19 00:00:00,-211.30000000000018
1988-05-20 00:00:00,-208.30000000000018
1988-05-23 00:00:00,-215.50000000000023
1988-05-24 00:00:00,-206.30000000000018
1988-05-25 00:00:00,-213.80000000000018
1988-05-26 00:00:00,-214.50000000000023
1988-05-27 00:00:00,-213.80000000000018
1988-05-31 00:00:00,-203.8000000000004
1988-06-01 00:00:00,-200.8000000000004
1988-06-02 00:00:00,-193.3000000000004
1988-06-03 00:00:00,-183.3000000000004
1988-06-06 00:00:00,-173.30000000000052
1988-06-07 00:00:00,-167.0000000000006
1988-06-08 00:00:00,-174.50000000000057
1988-06-09 00:00:00,-164.80000000000055
1988-06-10 00:00:00,-162.50000000000054
1988-06-13 00:00:00,-165.80000000000055
1988-06-14 00:00:00,-163.00000000000057
1988-06-15 00:00:00,-153.00000000000048
1988-06-16 00:00:00,-148.00000000000048
1988-06-17 00:00:00,-146.0000000000005
1988-06-20 00:00:00,-136.0000000000005
1988-06-21 00:00:00,-126.20000000000047
1988-06-22 00:00:00,-127.20000000000047
1988-06-23 00:00:00,-142.0000000000005
1988-06-24 00:00:00,-144.0000000000005
1988-06-27 00:00:00,-134.0000000000005
1988-06-28 00:00:00,-149.00000000000048
1988-06-29 00:00:00,-164.0000000000006
1988-06-30 00:00:00,-155.20000000000041
1988-07-01 00:00:00,-155.20000000000041
1988-07-05 00:00:00,-164.20000000000053
1988-07-06 00:00:00,-157.20000000000053
1988-07-07 00:00:00,-167.20000000000053
1988-07-08 00:00:00,-177.20000000000041
1988-07-11 00:00:00,-192.2000000000004
1988-07-12 00:00:00,-184.00000000000045
1988-07-13 00:00:00,-174.00000000000057
1988-07-14 00:00:00,-159.4000000000005
1988-07-15 00:00:00,-161.20000000000047
1988-07-18 00:00:00,-176.2000000000005
1988-07-19 00:00:00,-191.2000000000004
1988-07-20 00:00:00,-200.40000000000032
1988-07-21 00:00:00,-192.10000000000036
1988-07-22 00:00:00,-194.90000000000032
1988-07-25 00:00:00,-204.50000000000023
1988-07-26 00:00:00,-214.5000000000001
1988-07-27 00:00:00,-211.9000000000002
1988-07-28 00:00:00,-213.9000000000002
1988-07-29 00:00:00,-201.90000000000032
1988-08-01 00:00:00,-191.90000000000032
1988-08-02 00:00:00,-185.90000000000043
1988-08-03 00:00:00,-185.90000000000043
1988-08-04 00:00:00,-178.10000000000042
1988-08-05 00:00:00,-174.60000000000048
1988-08-08 00:00:00,-184.60000000000036
1988-08-09 00:00:00,-180.10000000000036
1988-08-10 00:00:00,-175.90000000000055
1988-08-11 00:00:00,-178.4000000000005
1988-08-12 00:00:00,-179.10000000000042
1988-08-15 00:00:00,-169.1000000000005
1988-08-16 00:00:00,-169.1000000000005
1988-08-17 00:00:00,-169.1000000000005
1988-08-18 00:00:00,-168.90000000000057
1988-08-19 00:00:00,-169.90000000000057
1988-08-22 00:00:00,-179.90000000000043
1988-08-23 00:00:00,-186.90000000000032
1988-08-24 00:00:00,-180.40000000000043
1988-08-25 00:00:00,-180.90000000000043
1988-08-26 00:00:00,-182.90000000000043
1988-08-29 00:00:00,-185.40000000000043
1988-08-30 00:00:00,-178.0000000000004
1988-08-31 00:00:00,-175.40000000000055
1988-09-01 00:00:00,-173.40000000000055
1988-09-02 00:00:00,-170.90000000000057
1988-09-06 00:00:00,-162.50000000000043
1988-09-07 00:00:00,-162.00000000000043
1988-09-08 00:00:00,-159.5000000000004
1988-09-09 00:00:00,-162.50000000000043
1988-09-12 00:00:00,-165.40000000000057
1988-09-13 00:00:00,-161.60000000000045
1988-09-14 00:00:00,-160.90000000000052
1988-09-15 00:00:00,-160.90000000000052
1988-09-16 00:00:00,-168.90000000000057
1988-09-19 00:00:00,-177.4000000000005
1988-09-20 00:00:00,-180.10000000000036
1988-09-21 00:00:00,-174.60000000000048
1988-09-22 00:00:00,-173.90000000000055
1988-09-23 00:00:00,-173.90000000000055
1988-09-26 00:00:00,-180.90000000000043
1988-09-27 00:00:00,-183.40000000000043
1988-09-28 00:00:00,-181.40000000000043
1988-09-29 00:00:00,-184.10000000000036
1988-09-30 00:00:00,-179.90000000000043
1988-10-03 00:00:00,-177.9000000000005
1988-10-04 00:00:00,-173.40000000000055
1988-10-05 00:00:00,-173.00000000000045
1988-10-06 00:00:00,-178.10000000000042
1988-10-07 00:00:00,-183.90000000000043
1988-10-10 00:00:00,-182.60000000000036
1988-10-11 00:00:00,-182.40000000000043
1988-10-12 00:00:00,-183.50000000000034
1988-10-13 00:00:00,-176.40000000000055
1988-10-14 00:00:00,-177.9000000000005
1988-10-17 00:00:00,-173.90000000000055
1988-10-18 00:00:00,-176.30000000000052
1988-10-19 00:00:00,-175.80000000000052
1988-10-20 00:00:00,-181.2000000000005
1988-10-21 00:00:00,-184.8000000000004
1988-10-24 00:00:00,-189.8000000000004
1988-10-25 00:00:00,-189.60000000000036
1988-10-26 00:00:00,-187.8000000000004
1988-10-27 00:00:00,-190.10000000000036
1988-10-28 00:00:00,-186.00000000000045
1988-10-31 00:00:00,-183.3000000000004
1988-11-01 00:00:00,-183.00000000000045
1988-11-02 00:00:00,-176.80000000000052
1988-11-03 00:00:00,-176.80000000000052
1988-11-04 00:00:00,-175.30000000000052
1988-11-07 00:00:00,-171.50000000000057
1988-11-08 00:00:00,-172.30000000000052
1988-11-09 00:00:00,-173.40000000000055
1988-11-10 00:00:00,-179.8000000000004
1988-11-11 00:00:00,-183.8000000000004
1988-11-14 00:00:00,-185.00000000000045
1988-11-15 00:00:00,-189.3000000000004
1988-11-16 00:00:00,-188.8000000000004
1988-11-17 00:00:00,-196.50000000000034
1988-11-18 00:00:00,-196.8000000000004
1988-11-21 00:00:00,-193.40000000000043
1988-11-22 00:00:00,-189.10000000000036
1988-11-23 00:00:00,-188.90000000000043
1988-11-25 00:00:00,-184.8000000000004
1988-11-28 00:00:00,-190.50000000000034
1988-11-29 00:00:00,-190.8000000000004
1988-11-30 00:00:00,-186.3000000000004
1988-12-01 00:00:00,-191.3000000000004
1988-12-02 00:00:00,-189.3000000000004
1988-12-05 00:00:00,-191.60000000000036
1988-12-06 00:00:00,-185.3000000000004
1988-12-07 00:00:00,-187.2000000000004
1988-12-08 00:00:00,-188.3000000000004
1988-12-09 00:00:00,-188.40000000000043
1988-12-12 00:00:00,-190.3000000000004
1988-12-13 00:00:00,-190.3000000000004
1988-12-14 00:00:00,-184.8000000000004
1988-12-15 00:00:00,-184.50000000000045
1988-12-16 00:00:00,-177.5000000000005
1988-12-19 00:00:00,-176.00000000000057
1988-12-20 00:00:00,-180.00000000000045
1988-12-21 00:00:00,-177.00000000000054
1988-12-22 00:00:00,-177.00000000000054
1988-12-23 00:00:00,-177.00000000000054
1988-12-27 00:00:00,-177.00000000000054
1988-12-28 00:00:00,-176.50000000000057
1988-12-29 00:00:00,-176.50000000000057
1988-12-30 00:00:00,-168.70000000000053
1989-01-03 00:00:00,-170.20000000000053
1989-01-04 00:00:00,-166.5000000000006
1989-01-05 00:00:00,-168.5000000000006
1989-01-06 00:00:00,-166.5000000000006
1989-01-09 00:00:00,-171.50000000000057
1989-01-10 00:00:00,-171.60000000000048
1989-01-11 00:00:00,-172.80000000000052
1989-01-12 00:00:00,-172.80000000000052
1989-01-13 00:00:00,-169.80000000000055
1989-01-16 00:00:00,-179.8000000000004
1989-01-17 00:00:00,-185.7000000000004
1989-01-18 00:00:00,-185.3000000000004
1989-01-19 00:00:00,-188.00000000000034
1989-01-20 00:00:00,-190.50000000000034
1989-01-23 00:00:00,-191.10000000000036
1989-01-24 00:00:00,-183.90000000000043
1989-01-25 00:00:00,-190.10000000000036
1989-01-26 00:00:00,-186.00000000000045
1989-01-27 00:00:00,-187.7000000000004
1989-01-30 00:00:00,-187.3000000000004
1989-01-31 00:00:00,-184.3000000000004
1989-02-01 00:00:00,-187.3000000000004
1989-02-02 00:00:00,-188.2000000000004
1989-02-03 00:00:00,-187.50000000000034
1989-02-06 00:00:00,-192.10000000000036
1989-02-07 00:00:00,-192.10000000000036
1989-02-08 00:00:00,-194.60000000000036
1989-02-09 00:00:00,-195.2000000000004
1989-02-10 00:00:00,-199.50000000000034
1989-02-13 00:00:00,-203.3000000000004
1989-02-14 00:00:00,-200.3000000000004
1989-02-15 00:00:00,-199.7000000000004
1989-02-16 00:00:00,-202.7000000000004
1989-02-17 00:00:00,-196.90000000000032
1989-02-21 00:00:00,-197.8000000000004
1989-02-22 00:00:00,-195.7000000000004
1989-02-23 00:00:00,-196.7000000000004
1989-02-24 00:00:00,-195.00000000000034
1989-02-27 00:00:00,-195.2000000000004
1989-02-28 00:00:00,-194.2000000000004
1989-03-01 00:00:00,-198.2000000000004
1989-03-02 00:00:00,-193.40000000000032
1989-03-03 00:00:00,-193.3000000000004
1989-03-06 00:00:00,-188.7000000000004
1989-03-07 00:00:00,-190.8000000000004
1989-03-08 00:00:00,-193.8000000000004
1989-03-09 00:00:00,-190.7000000000004
1989-03-10 00:00:00,-193.2000000000004
1989-03-13 00:00:00,-190.3000000000004
1989-03-14 00:00:00,-189.7000000000004
1989-03-15 00:00:00,-190.60000000000036
1989-03-16 00:00:00,-191.40000000000032
1989-03-17 00:00:00,-188.40000000000032
1989-03-20 00:00:00,-186.7000000000004
1989-03-21 00:00:00,-189.00000000000034
1989-03-22 00:00:00,-185.10000000000036
1989-03-23 00:00:00,-187.2000000000004
1989-03-27 00:00:00,-193.8000000000004
1989-03-28 00:00:00,-194.90000000000032
1989-03-29 00:00:00,-195.50000000000034
1989-03-30 00:00:00,-203.60000000000036
1989-03-31 00:00:00,-203.00000000000034
1989-04-03 00:00:00,-211.70000000000016
1989-04-04 00:00:00,-209.30000000000018
1989-04-05 00:00:00,-209.80000000000018
1989-04-06 00:00:00,-209.0000000000001
1989-04-07 00:00:00,-210.80000000000018
1989-04-10 00:00:00,-208.10000000000014
1989-04-11 00:00:00,-207.80000000000018
1989-04-12 00:00:00,-205.70000000000016
1989-04-13 00:00:00,-205.20000000000027
1989-04-14 00:00:00,-203.10000000000036
1989-04-17 00:00:00,-199.60000000000036
1989-04-18 00:00:00,-200.00000000000034
1989-04-19 00:00:00,-202.7000000000004
1989-04-20 00:00:00,-203.00000000000034
1989-04-21 00:00:00,-199.2000000000004
1989-04-24 00:00:00,-202.50000000000034
1989-04-25 00:00:00,-206.50000000000023
1989-04-26 00:00:00,-206.00000000000023
1989-04-27 00:00:00,-207.5000000000001
1989-04-28 00:00:00,-209.10000000000014
1989-05-01 00:00:00,-204.80000000000018
1989-05-02 00:00:00,-204.50000000000023
1989-05-03 00:00:00,-202.50000000000034
1989-05-04 00:00:00,-202.60000000000036
1989-05-05 00:00:00,-202.40000000000032
1989-05-08 00:00:00,-206.00000000000023
1989-05-09 00:00:00,-205.9000000000002
1989-05-10 00:00:00,-208.0000000000001
1989-05-11 00:00:00,-209.70000000000016
1989-05-12 00:00:00,-209.60000000000014
1989-05-15 00:00:00,-210.60000000000014
1989-05-16 00:00:00,-215.4000000000001
1989-05-17 00:00:00,-217.10000000000014
1989-05-18 00:00:00,-215.20000000000016
1989-05-19 00:00:00,-215.4000000000002
1989-05-22 00:00:00,-221.9000000000002
1989-05-23 00:00:00,-223.20000000000033
1989-05-24 00:00:00,-224.20000000000033
1989-05-25 00:00:00,-223.40000000000026
1989-05-26 00:00:00,-223.70000000000033
1989-05-30 00:00:00,-225.20000000000033
1989-05-31 00:00:00,-225.20000000000033
1989-06-01 00:00:00,-223.90000000000026
1989-06-02 00:00:00,-225.90000000000026
1989-06-05 00:00:00,-225.20000000000033
1989-06-06 00:00:00,-227.90000000000026
1989-06-07 00:00:00,-229.70000000000033
1989-06-08 00:00:00,-230.20000000000033
1989-06-09 00:00:00,-230.70000000000033
1989-06-12 00:00:00,-233.20000000000033
1989-06-13 00:00:00,-230.20000000000033
1989-06-14 00:00:00,-225.30000000000035
1989-06-15 00:00:00,-224.6000000000003
1989-06-16 00:00:00,-221.20000000000027
1989-06-19 00:00:00,-213.4000000000002
1989-06-20 00:00:00,-216.4000000000002
1989-06-21 00:00:00,-216.70000000000016
1989-06-22 00:00:00,-222.00000000000023
1989-06-23 00:00:00,-219.70000000000027
1989-06-26 00:00:00,-224.20000000000033
1989-06-27 00:00:00,-220.4000000000002
1989-06-28 00:00:00,-219.9000000000002
1989-06-29 00:00:00,-221.60000000000025
1989-06-30 00:00:00,-219.4000000000002
1989-07-03 00:00:00,-212.4000000000002
1989-07-05 00:00:00,-202.40000000000032
1989-07-06 00:00:00,-204.70000000000027
1989-07-07 00:00:00,-204.70000000000027
1989-07-10 00:00:00,-213.20000000000016
1989-07-11 00:00:00,-215.10000000000014
1989-07-12 00:00:00,-218.20000000000027
1989-07-13 00:00:00,-215.4000000000002
1989-07-14 00:00:00,-210.70000000000016
1989-07-17 00:00:00,-220.70000000000027
1989-07-18 00:00:00,-225.20000000000033
1989-07-19 00:00:00,-222.10000000000025
1989-07-20 00:00:00,-222.20000000000027
1989-07-21 00:00:00,-224.50000000000028
1989-07-24 00:00:00,-229.3000000000003
1989-07-25 00:00:00,-231.20000000000033
1989-07-26 00:00:00,-229.8000000000003
1989-07-27 00:00:00,-228.6000000000003
1989-07-28 00:00:00,-230.8000000000003
1989-07-31 00:00:00,-233.70000000000033
1989-08-01 00:00:00,-232.3000000000003
1989-08-02 00:00:00,-234.1000000000003
1989-08-03 00:00:00,-236.8000000000003
1989-08-04 00:00:00,-234.1000000000003
1989-08-07 00:00:00,-233.50000000000028
1989-08-08 00:00:00,-236.90000000000032
1989-08-09 00:00:00,-236.8000000000003
1989-08-10 00:00:00,-234.70000000000033
1989-08-11 00:00:00,-230.70000000000033
1989-08-14 00:00:00,-234.6000000000003
1989-08-15 00:00:00,-231.1000000000003
1989-08-16 00:00:00,-233.20000000000033
1989-08-17 00:00:00,-232.70000000000033
1989-08-18 00:00:00,-232.1000000000003
1989-08-21 00:00:00,-228.50000000000028
1989-08-22 00:00:00,-227.1000000000003
1989-08-23 00:00:00,-227.00000000000028
1989-08-24 00:00:00,-227.8000000000003
1989-08-25 00:00:00,-230.70000000000033
1989-08-28 00:00:00,-231.6000000000003
1989-08-29 00:00:00,-230.20000000000033
1989-08-30 00:00:00,-230.70000000000033
1989-08-31 00:00:00,-228.20000000000033
1989-09-01 00:00:00,-230.20000000000033
1989-09-05 00:00:00,-230.50000000000028
1989-09-06 00:00:00,-229.8000000000003
1989-09-07 00:00:00,-227.6000000000003
1989-09-08 00:00:00,-225.00000000000028
1989-09-11 00:00:00,-223.70000000000033
1989-09-12 00:00:00,-224.1000000000003
1989-09-13 00:00:00,-228.70000000000033
1989-09-14 00:00:00,-228.50000000000028
1989-09-15 00:00:00,-228.6000000000003
1989-09-18 00:00:00,-230.1000000000003
1989-09-19 00:00:00,-231.3000000000003
1989-09-20 00:00:00,-229.70000000000027
1989-09-21 00:00:00,-228.50000000000028
1989-09-22 00:00:00,-230.20000000000027
1989-09-25 00:00:00,-230.70000000000027
1989-09-26 00:00:00,-233.50000000000028
1989-09-27 00:00:00,-233.40000000000026
1989-09-28 00:00:00,-231.1000000000003
1989-09-29 00:00:00,-231.1000000000003
1989-10-02 00:00:00,-227.50000000000028
1989-10-03 00:00:00,-226.30000000000024
1989-10-04 00:00:00,-227.1000000000003
1989-10-05 00:00:00,-227.1000000000003
1989-10-06 00:00:00,-229.1000000000003
1989-10-09 00:00:00,-231.3000000000003
1989-10-10 00:00:00,-233.1000000000003
1989-10-11 00:00:00,-231.90000000000026
1989-10-12 00:00:00,-231.20000000000027
1989-10-13 00:00:00,-234.40000000000026
1989-10-16 00:00:00,-234.00000000000028
1989-10-17 00:00:00,-231.40000000000026
1989-10-18 00:00:00,-231.20000000000027
1989-10-19 00:00:00,-229.30000000000024
1989-10-20 00:00:00,-229.40000000000026
1989-10-23 00:00:00,-229.70000000000022
1989-10-24 00:00:00,-229.40000000000026
1989-10-25 00:00:00,-228.60000000000025
1989-10-26 00:00:00,-228.90000000000026
1989-10-27 00:00:00,-230.10000000000025
1989-10-30 00:00:00,-230.50000000000028
1989-10-31 00:00:00,-230.80000000000024
1989-11-01 00:00:00,-230.20000000000027
1989-11-02 00:00:00,-229.00000000000028
1989-11-03 00:00:00,-228.70000000000022
1989-11-06 00:00:00,-229.70000000000022
1989-11-07 00:00:00,-230.60000000000025
1989-11-08 00:00:00,-230.00000000000028
1989-11-09 00:00:00,-229.00000000000028
1989-11-10 00:00:00,-227.1000000000002
1989-11-13 00:00:00,-226.90000000000026
1989-11-14 00:00:00,-226.20000000000022
1989-11-15 00:00:00,-224.90000000000026
1989-11-16 00:00:00,-224.50000000000028
1989-11-17 00:00:00,-224.20000000000022
1989-11-20 00:00:00,-226.30000000000024
1989-11-21 00:00:00,-226.1000000000003
1989-11-22 00:00:00,-224.20000000000022
1989-11-24 00:00:00,-224.90000000000026
1989-11-27 00:00:00,-227.20000000000022
1989-11-28 00:00:00,-226.30000000000024
1989-11-29 00:00:00,-227.1000000000002
1989-11-30 00:00:00,-225.80000000000024
1989-12-01 00:00:00,-227.6000000000002
1989-12-04 00:00:00,-228.80000000000024
1989-12-05 00:00:00,-228.80000000000024
1989-12-06 00:00:00,-228.20000000000022
1989-12-07 00:00:00,-229.30000000000024
1989-12-08 00:00:00,-229.70000000000022
1989-12-11 00:00:00,-228.90000000000026
1989-12-12 00:00:00,-229.00000000000028
1989-12-13 00:00:00,-227.1000000000002
1989-12-14 00:00:00,-226.90000000000026
1989-12-15 00:00:00,-226.70000000000022
1989-12-18 00:00:00,-227.50000000000028
1989-12-19 00:00:00,-228.10000000000025
1989-12-20 00:00:00,-229.50000000000028
1989-12-21 00:00:00,-229.70000000000022
1989-12-22 00:00:00,-230.3000000000003
1989-12-26 00:00:00,-232.10000000000025
1989-12-27 00:00:00,-232.70000000000027
1989-12-28 00:00:00,-229.60000000000025
1989-12-29 00:00:00,-229.60000000000025
1990-01-02 00:00:00,-231.3000000000003
1990-01-03 00:00:00,-230.10000000000025
1990-01-04 00:00:00,-230.60000000000025
1990-01-05 00:00:00,-230.90000000000026
1990-01-08 00:00:00,-230.70000000000027
1990-01-09 00:00:00,-231.3000000000003
1990-01-10 00:00:00,-232.20000000000027
1990-01-11 00:00:00,-231.10000000000025
1990-01-12 00:00:00,-231.90000000000026
1990-01-15 00:00:00,-232.8000000000003
1990-01-16 00:00:00,-234.70000000000027
1990-01-17 00:00:00,-235.3000000000003
1990-01-18 00:00:00,-235.40000000000026
1990-01-19 00:00:00,-237.3000000000003
1990-01-22 00:00:00,-237.70000000000027
1990-01-23 00:00:00,-236.70000000000027
1990-01-24 00:00:00,-236.8000000000003
1990-01-25 00:00:00,-239.10000000000025
1990-01-26 00:00:00,-239.70000000000027
1990-01-29 00:00:00,-238.3000000000003
1990-01-30 00:00:00,-240.10000000000025
1990-01-31 00:00:00,-239.90000000000026
1990-02-01 00:00:00,-240.20000000000027
1990-02-02 00:00:00,-241.10000000000025
1990-02-05 00:00:00,-241.20000000000027
1990-02-06 00:00:00,-240.40000000000026
1990-02-07 00:00:00,-238.8000000000003
1990-02-08 00:00:00,-240.20000000000027
1990-02-09 00:00:00,-239.90000000000026
1990-02-12 00:00:00,-240.8000000000003
1990-02-13 00:00:00,-241.20000000000027
1990-02-14 00:00:00,-241.60000000000025
1990-02-15 00:00:00,-240.70000000000027
1990-02-16 00:00:00,-240.30000000000024
1990-02-20 00:00:00,-241.40000000000026
1990-02-21 00:00:00,-241.40000000000026
1990-02-22 00:00:00,-243.10000000000025
1990-02-23 00:00:00,-245.00000000000028
1990-02-26 00:00:00,-245.20000000000027
1990-02-27 00:00:00,-245.20000000000027
1990-02-28 00:00:00,-244.30000000000024
1990-03-01 00:00:00,-243.70000000000027
1990-03-02 00:00:00,-245.40000000000026
1990-03-05 00:00:00,-245.40000000000026
1990-03-06 00:00:00,-242.80000000000024
1990-03-07 00:00:00,-242.20000000000027
1990-03-08 00:00:00,-239.60000000000025
1990-03-09 00:00:00,-237.90000000000026
1990-03-12 00:00:00,-239.60000000000025
1990-03-13 00:00:00,-240.30000000000024
1990-03-14 00:00:00,-242.50000000000028
1990-03-15 00:00:00,-241.10000000000025
1990-03-16 00:00:00,-242.30000000000024
1990-03-19 00:00:00,-240.30000000000024
1990-03-20 00:00:00,-238.40000000000026
1990-03-21 00:00:00,-236.50000000000028
1990-03-22 00:00:00,-234.40000000000026
1990-03-23 00:00:00,-238.20000000000027
1990-03-26 00:00:00,-236.20000000000027
1990-03-27 00:00:00,-237.00000000000028
1990-03-28 00:00:00,-240.00000000000028
1990-03-29 00:00:00,-239.70000000000027
1990-03-30 00:00:00,-238.60000000000025
1990-04-02 00:00:00,-240.50000000000028
1990-04-03 00:00:00,-240.90000000000026
1990-04-04 00:00:00,-238.90000000000026
1990-04-05 00:00:00,-237.60000000000025
1990-04-06 00:00:00,-236.50000000000028
1990-04-09 00:00:00,-235.80000000000024
1990-04-10 00:00:00,-237.30000000000024
1990-04-11 00:00:00,-238.80000000000024
1990-04-12 00:00:00,-240.70000000000027
1990-04-16 00:00:00,-240.50000000000028
1990-04-17 00:00:00,-238.8000000000003
1990-04-18 00:00:00,-238.3000000000003
1990-04-19 00:00:00,-237.70000000000027
1990-04-20 00:00:00,-237.3000000000003
1990-04-23 00:00:00,-238.60000000000025
1990-04-24 00:00:00,-241.20000000000027
1990-04-25 00:00:00,-237.20000000000027
1990-04-26 00:00:00,-229.00000000000028
1990-04-27 00:00:00,-225.30000000000024
1990-04-30 00:00:00,-225.80000000000024
1990-05-01 00:00:00,-224.50000000000028
1990-05-02 00:00:00,-224.40000000000026
1990-05-03 00:00:00,-226.30000000000024
1990-05-04 00:00:00,-228.80000000000024
1990-05-07 00:00:00,-226.40000000000026
1990-05-08 00:00:00,-226.40000000000026
1990-05-09 00:00:00,-223.00000000000028
1990-05-10 00:00:00,-222.50000000000028
1990-05-11 00:00:00,-228.40000000000026
1990-05-14 00:00:00,-231.90000000000026
1990-05-15 00:00:00,-235.3000000000003
1990-05-16 00:00:00,-235.8000000000003
1990-05-17 00:00:00,-233.3000000000003
1990-05-18 00:00:00,-234.70000000000027
1990-05-21 00:00:00,-236.8000000000003
1990-05-22 00:00:00,-235.70000000000027
1990-05-23 00:00:00,-236.00000000000028
1990-05-24 00:00:00,-233.90000000000026
1990-05-25 00:00:00,-233.00000000000028
1990-05-29 00:00:00,-235.8000000000003
1990-05-30 00:00:00,-235.90000000000026
1990-05-31 00:00:00,-236.90000000000026
1990-06-01 00:00:00,-239.3000000000003
1990-06-04 00:00:00,-242.90000000000026
1990-06-05 00:00:00,-242.40000000000026
1990-06-06 00:00:00,-241.50000000000028
1990-06-07 00:00:00,-240.50000000000028
1990-06-08 00:00:00,-242.00000000000028
1990-06-11 00:00:00,-240.3000000000003
1990-06-12 00:00:00,-239.70000000000027
1990-06-13 00:00:00,-238.90000000000026
1990-06-14 00:00:00,-242.60000000000025
1990-06-15 00:00:00,-242.8000000000003
1990-06-18 00:00:00,-241.70000000000027
1990-06-19 00:00:00,-242.3000000000003
1990-06-20 00:00:00,-240.8000000000003
1990-06-21 00:00:00,-239.90000000000026
1990-06-22 00:00:00,-241.00000000000028
1990-06-25 00:00:00,-237.70000000000027
1990-06-26 00:00:00,-237.50000000000028
1990-06-27 00:00:00,-237.10000000000025
1990-06-28 00:00:00,-238.00000000000028
1990-06-29 00:00:00,-234.00000000000028
1990-07-02 00:00:00,-227.20000000000022
1990-07-03 00:00:00,-223.50000000000028
1990-07-05 00:00:00,-231.50000000000028
1990-07-06 00:00:00,-233.50000000000028
1990-07-09 00:00:00,-235.00000000000028
1990-07-10 00:00:00,-233.8000000000003
1990-07-11 00:00:00,-236.40000000000026
1990-07-12 00:00:00,-237.3000000000003
1990-07-13 00:00:00,-238.00000000000028
1990-07-16 00:00:00,-242.8000000000003
1990-07-17 00:00:00,-242.90000000000026
1990-07-18 00:00:00,-241.1000000000003
1990-07-19 00:00:00,-240.6000000000003
1990-07-20 00:00:00,-248.1000000000003
1990-07-23 00:00:00,-245.1000000000003
1990-07-24 00:00:00,-247.70000000000027
1990-07-25 00:00:00,-249.3000000000003
1990-07-26 00:00:00,-245.8000000000003
1990-07-27 00:00:00,-249.40000000000026
1990-07-30 00:00:00,-249.70000000000027
1990-07-31 00:00:00,-248.50000000000028
1990-08-01 00:00:00,-252.20000000000027
1990-08-02 00:00:00,-251.6000000000003
1990-08-03 00:00:00,-249.90000000000026
1990-08-06 00:00:00,-246.6000000000003
1990-08-07 00:00:00,-246.20000000000027
1990-08-08 00:00:00,-246.40000000000026
1990-08-09 00:00:00,-244.00000000000028
1990-08-10 00:00:00,-241.90000000000026
1990-08-13 00:00:00,-244.70000000000027
1990-08-14 00:00:00,-242.8000000000003
1990-08-15 00:00:00,-241.70000000000027
1990-08-16 00:00:00,-241.20000000000027
1990-08-17 00:00:00,-239.00000000000028
1990-08-20 00:00:00,-239.8000000000003
1990-08-21 00:00:00,-239.8000000000003
1990-08-22 00:00:00,-240.6000000000003
1990-08-23 00:00:00,-236.6000000000003
1990-08-24 00:00:00,-235.8000000000003
1990-08-27 00:00:00,-237.50000000000028
1990-08-28 00:00:00,-236.70000000000027
1990-08-29 00:00:00,-240.6000000000003
1990-08-30 00:00:00,-243.20000000000027
1990-08-31 00:00:00,-243.70000000000027
1990-09-04 00:00:00,-241.1000000000003
1990-09-05 00:00:00,-240.00000000000028
1990-09-06 00:00:00,-237.40000000000026
1990-09-07 00:00:00,-239.1000000000003
1990-09-10 00:00:00,-237.20000000000027
1990-09-11 00:00:00,-233.6000000000003
1990-09-12 00:00:00,-232.40000000000026
1990-09-13 00:00:00,-234.00000000000028
1990-09-14 00:00:00,-233.40000000000026
1990-09-17 00:00:00,-236.70000000000027
1990-09-18 00:00:00,-234.90000000000026
1990-09-19 00:00:00,-239.3000000000003
1990-09-20 00:00:00,-240.3000000000003
1990-09-21 00:00:00,-243.50000000000028
1990-09-24 00:00:00,-241.90000000000026
1990-09-25 00:00:00,-241.20000000000027
1990-09-26 00:00:00,-241.1000000000003
1990-09-27 00:00:00,-239.3000000000003
1990-09-28 00:00:00,-240.1000000000003
1990-10-01 00:00:00,-242.90000000000026
1990-10-02 00:00:00,-242.00000000000028
1990-10-03 00:00:00,-235.00000000000028
1990-10-04 00:00:00,-235.70000000000027
1990-10-05 00:00:00,-235.3000000000003
1990-10-08 00:00:00,-229.00000000000028
1990-10-09 00:00:00,-229.1000000000003
1990-10-10 00:00:00,-231.90000000000026
1990-10-11 00:00:00,-234.1000000000003
1990-10-12 00:00:00,-235.1000000000003
1990-10-15 00:00:00,-238.3000000000003
1990-10-16 00:00:00,-238.6000000000003
1990-10-17 00:00:00,-237.6000000000003
1990-10-18 00:00:00,-238.50000000000028
1990-10-19 00:00:00,-236.70000000000033
1990-10-22 00:00:00,-237.1000000000003
1990-10-23 00:00:00,-236.50000000000028
1990-10-24 00:00:00,-238.1000000000003
1990-10-25 00:00:00,-239.40000000000032
1990-10-26 00:00:00,-241.8000000000003
1990-10-29 00:00:00,-243.40000000000032
1990-10-30 00:00:00,-243.8000000000003
1990-10-31 00:00:00,-242.8000000000003
1990-11-01 00:00:00,-241.3000000000003
1990-11-02 00:00:00,-241.00000000000028
1990-11-05 00:00:00,-244.8000000000003
1990-11-06 00:00:00,-245.8000000000003
1990-11-07 00:00:00,-243.6000000000003
1990-11-08 00:00:00,-244.40000000000032
1990-11-09 00:00:00,-248.6000000000003
1990-11-12 00:00:00,-246.50000000000028
1990-11-13 00:00:00,-248.3000000000003
1990-11-14 00:00:00,-251.1000000000003
1990-11-15 00:00:00,-251.50000000000028
1990-11-16 00:00:00,-248.00000000000028
1990-11-19 00:00:00,-246.6000000000003
1990-11-20 00:00:00,-250.00000000000028
1990-11-21 00:00:00,-247.6000000000003
1990-11-23 00:00:00,-246.20000000000033
1990-11-26 00:00:00,-248.20000000000033
1990-11-27 00:00:00,-249.20000000000033
1990-11-28 00:00:00,-250.1000000000003
1990-11-29 00:00:00,-247.1000000000003
1990-11-30 00:00:00,-247.6000000000003
1990-12-03 00:00:00,-240.90000000000032
1990-12-04 00:00:00,-243.3000000000003
1990-12-05 00:00:00,-246.3000000000003
1990-12-06 00:00:00,-245.20000000000033
1990-12-07 00:00:00,-246.3000000000003
1990-12-10 00:00:00,-246.00000000000028
1990-12-11 00:00:00,-246.00000000000028
1990-12-12 00:00:00,-244.3000000000003
1990-12-13 00:00:00,-247.1000000000003
1990-12-14 00:00:00,-246.3000000000003
1990-12-17 00:00:00,-246.3000000000003
1990-12-18 00:00:00,-247.20000000000033
1990-12-19 00:00:00,-250.20000000000033
1990-12-20 00:00:00,-253.3000000000003
1990-12-21 00:00:00,-257.6000000000003
1990-12-24 00:00:00,-257.20000000000033
1990-12-26 00:00:00,-256.70000000000033
1990-12-27 00:00:00,-259.6000000000003
1990-12-28 00:00:00,-259.20000000000033
1990-12-31 00:00:00,-258.3000000000003
1991-01-02 00:00:00,-259.8000000000003
1991-01-03 00:00:00,-258.1000000000003
1991-01-04 00:00:00,-255.8000000000003
1991-01-07 00:00:00,-255.3000000000003
1991-01-08 00:00:00,-258.8000000000003
1991-01-09 00:00:00,-258.70000000000033
1991-01-10 00:00:00,-259.20000000000033
1991-01-11 00:00:00,-261.9000000000003
1991-01-14 00:00:00,-263.5000000000003
1991-01-15 00:00:00,-263.1000000000003
1991-01-16 00:00:00,-262.1000000000003
1991-01-17 00:00:00,-259.8000000000003
1991-01-18 00:00:00,-259.4000000000003
1991-01-21 00:00:00,-260.4000000000003
1991-01-22 00:00:00,-258.70000000000033
1991-01-23 00:00:00,-259.5000000000003
1991-01-24 00:00:00,-264.1000000000003
1991-01-25 00:00:00,-264.9000000000003
1991-01-28 00:00:00,-264.0000000000003
1991-01-29 00:00:00,-265.0000000000003
1991-01-30 00:00:00,-265.0000000000003
1991-01-31 00:00:00,-263.6000000000003
1991-02-01 00:00:00,-262.9000000000003
1991-02-04 00:00:00,-262.5000000000003
1991-02-05 00:00:00,-263.5000000000003
1991-02-06 00:00:00,-262.4000000000003
1991-02-07 00:00:00,-265.1000000000003
1991-02-08 00:00:00,-263.70000000000033
1991-02-11 00:00:00,-263.1000000000003
1991-02-12 00:00:00,-261.70000000000033
1991-02-13 00:00:00,-259.70000000000033
1991-02-14 00:00:00,-260.1000000000003
1991-02-15 00:00:00,-259.90000000000026
1991-02-19 00:00:00,-260.1000000000003
1991-02-20 00:00:00,-260.2000000000003
1991-02-21 00:00:00,-261.5000000000003
1991-02-22 00:00:00,-262.0000000000003
1991-02-25 00:00:00,-260.1000000000003
1991-02-26 00:00:00,-259.1000000000003
1991-02-27 00:00:00,-261.6000000000003
1991-02-28 00:00:00,-261.7000000000003
1991-03-01 00:00:00,-259.3000000000003
1991-03-04 00:00:00,-261.5000000000003
1991-03-05 00:00:00,-258.90000000000026
1991-03-06 00:00:00,-259.3000000000003
1991-03-07 00:00:00,-260.7000000000003
1991-03-08 00:00:00,-258.0000000000003
1991-03-11 00:00:00,-262.0000000000003
1991-03-12 00:00:00,-261.3000000000003
1991-03-13 00:00:00,-260.3000000000003
1991-03-14 00:00:00,-264.40000000000026
1991-03-15 00:00:00,-267.1000000000003
1991-03-18 00:00:00,-267.3000000000003
1991-03-19 00:00:00,-267.1000000000003
1991-03-20 00:00:00,-267.90000000000026
1991-03-21 00:00:00,-266.5000000000003
1991-03-22 00:00:00,-266.5000000000003
1991-03-25 00:00:00,-267.8000000000003
1991-03-26 00:00:00,-267.0000000000003
1991-03-27 00:00:00,-265.90000000000026
1991-03-28 00:00:00,-264.90000000000026
1991-04-01 00:00:00,-258.6000000000003
1991-04-02 00:00:00,-258.2000000000003
1991-04-03 00:00:00,-260.6000000000003
1991-04-04 00:00:00,-261.6000000000003
1991-04-05 00:00:00,-261.6000000000003
1991-04-08 00:00:00,-261.3000000000003
1991-04-09 00:00:00,-263.40000000000026
1991-04-10 00:00:00,-262.7000000000003
1991-04-11 00:00:00,-262.0000000000003
1991-04-12 00:00:00,-261.5000000000003
1991-04-15 00:00:00,-261.3000000000003
1991-04-16 00:00:00,-259.7000000000003
1991-04-17 00:00:00,-262.1000000000003
1991-04-18 00:00:00,-262.6000000000003
1991-04-19 00:00:00,-258.8000000000003
1991-04-22 00:00:00,-261.0000000000003
1991-04-23 00:00:00,-258.4000000000003
1991-04-24 00:00:00,-255.8000000000003
1991-04-25 00:00:00,-256.3000000000003
1991-04-26 00:00:00,-257.0000000000003
1991-04-29 00:00:00,-262.3000000000003
1991-04-30 00:00:00,-260.9000000000003
1991-05-01 00:00:00,-259.7000000000003
1991-05-02 00:00:00,-260.6000000000003
1991-05-03 00:00:00,-259.8000000000003
1991-05-06 00:00:00,-261.1000000000003
1991-05-07 00:00:00,-263.2000000000003
1991-05-08 00:00:00,-264.5000000000003
1991-05-09 00:00:00,-263.6000000000003
1991-05-10 00:00:00,-264.7000000000003
1991-05-13 00:00:00,-265.1000000000003
1991-05-14 00:00:00,-264.9000000000003
1991-05-15 00:00:00,-264.6000000000003
1991-05-16 00:00:00,-263.9000000000003
1991-05-17 00:00:00,-264.0000000000003
1991-05-20 00:00:00,-264.0000000000003
1991-05-21 00:00:00,-262.6000000000003
1991-05-22 00:00:00,-262.4000000000003
1991-05-23 00:00:00,-261.8000000000003
1991-05-24 00:00:00,-263.0000000000003
1991-05-28 00:00:00,-262.7000000000003
1991-05-29 00:00:00,-263.6000000000003
1991-05-30 00:00:00,-263.4000000000003
1991-05-31 00:00:00,-262.5000000000003
1991-06-03 00:00:00,-262.1000000000003
1991-06-04 00:00:00,-263.4000000000003
1991-06-05 00:00:00,-262.6000000000003
1991-06-06 00:00:00,-261.2000000000003
1991-06-07 00:00:00,-260.4000000000003
1991-06-10 00:00:00,-264.3000000000003
1991-06-11 00:00:00,-264.4000000000003
1991-06-12 00:00:00,-262.9000000000003
1991-06-13 00:00:00,-263.1000000000003
1991-06-14 00:00:00,-264.1000000000003
1991-06-17 00:00:00,-266.7000000000003
1991-06-18 00:00:00,-266.0000000000003
1991-06-19 00:00:00,-263.40000000000026
1991-06-20 00:00:00,-264.40000000000026
1991-06-21 00:00:00,-267.2000000000003
1991-06-24 00:00:00,-265.6000000000003
1991-06-25 00:00:00,-266.40000000000026
1991-06-26 00:00:00,-266.8000000000003
1991-06-27 00:00:00,-269.1000000000003
1991-06-28 00:00:00,-275.7000000000003
1991-07-01 00:00:00,-273.7000000000003
1991-07-02 00:00:00,-274.40000000000026
1991-07-03 00:00:00,-274.0000000000003
1991-07-05 00:00:00,-276.0000000000003
1991-07-08 00:00:00,-278.3000000000003
1991-07-09 00:00:00,-277.8000000000003
1991-07-10 00:00:00,-276.5000000000003
1991-07-11 00:00:00,-278.2000000000003
1991-07-12 00:00:00,-275.8000000000003
1991-07-15 00:00:00,-274.5000000000003
1991-07-16 00:00:00,-271.2000000000003
1991-07-17 00:00:00,-273.2000000000003
1991-07-18 00:00:00,-277.2000000000003
1991-07-19 00:00:00,-276.90000000000026
1991-07-22 00:00:00,-273.0000000000003
1991-07-23 00:00:00,-264.40000000000026
1991-07-24 00:00:00,-266.6000000000003
1991-07-25 00:00:00,-267.3000000000003
1991-07-26 00:00:00,-265.1000000000003
1991-07-29 00:00:00,-258.2000000000003
1991-07-30 00:00:00,-259.6000000000003
1991-07-31 00:00:00,-258.7000000000003
1991-08-01 00:00:00,-249.40000000000026
1991-08-02 00:00:00,-243.6000000000003
1991-08-05 00:00:00,-253.6000000000003
1991-08-06 00:00:00,-261.6000000000003
1991-08-07 00:00:00,-264.8000000000003
1991-08-08 00:00:00,-263.3000000000003
1991-08-09 00:00:00,-263.2000000000003
1991-08-12 00:00:00,-262.40000000000026
1991-08-13 00:00:00,-265.0000000000003
1991-08-14 00:00:00,-267.90000000000026
1991-08-15 00:00:00,-265.1000000000003
1991-08-16 00:00:00,-264.7000000000003
1991-08-19 00:00:00,-272.6000000000003
1991-08-20 00:00:00,-273.2000000000003
1991-08-21 00:00:00,-263.2000000000003
1991-08-22 00:00:00,-258.7000000000003
1991-08-23 00:00:00,-259.1000000000003
1991-08-26 00:00:00,-254.90000000000026
1991-08-27 00:00:00,-256.90000000000026
1991-08-28 00:00:00,-256.0000000000003
1991-08-29 00:00:00,-255.90000000000026
1991-08-30 00:00:00,-252.6000000000003
1991-09-03 00:00:00,-252.6000000000003
1991-09-04 00:00:00,-252.1000000000003
1991-09-05 00:00:00,-254.00000000000028
1991-09-06 00:00:00,-254.50000000000028
1991-09-09 00:00:00,-254.00000000000028
1991-09-10 00:00:00,-255.40000000000026
1991-09-11 00:00:00,-252.20000000000027
1991-09-12 00:00:00,-250.1000000000003
1991-09-13 00:00:00,-247.50000000000028
1991-09-16 00:00:00,-243.6000000000003
1991-09-17 00:00:00,-242.6000000000003
1991-09-18 00:00:00,-242.50000000000028
1991-09-19 00:00:00,-245.40000000000026
1991-09-20 00:00:00,-247.70000000000027
1991-09-23 00:00:00,-251.20000000000027
1991-09-24 00:00:00,-251.1000000000003
1991-09-25 00:00:00,-251.00000000000028
1991-09-26 00:00:00,-250.50000000000028
1991-09-27 00:00:00,-249.90000000000026
1991-09-30 00:00:00,-247.8000000000003
1991-10-01 00:00:00,-246.8000000000003
1991-10-02 00:00:00,-248.70000000000027
1991-10-03 00:00:00,-251.70000000000027
1991-10-04 00:00:00,-249.90000000000026
1991-10-07 00:00:00,-250.6000000000003
1991-10-08 00:00:00,-252.90000000000026
1991-10-09 00:00:00,-254.1000000000003
1991-10-10 00:00:00,-254.8000000000003
1991-10-11 00:00:00,-261.1000000000003
1991-10-14 00:00:00,-259.90000000000026
1991-10-15 00:00:00,-260.5000000000003
1991-10-16 00:00:00,-257.90000000000026
1991-10-17 00:00:00,-259.1000000000003
1991-10-18 00:00:00,-258.7000000000003
1991-10-21 00:00:00,-259.1000000000003
1991-10-22 00:00:00,-257.1000000000003
1991-10-23 00:00:00,-257.7000000000003
1991-10-24 00:00:00,-258.2000000000003
1991-10-25 00:00:00,-260.6000000000003
1991-10-28 00:00:00,-257.90000000000026
1991-10-29 00:00:00,-254.90000000000026
1991-10-30 00:00:00,-256.3000000000003
1991-10-31 00:00:00,-256.1000000000003
1991-11-01 00:00:00,-254.6000000000003
1991-11-04 00:00:00,-254.8000000000003
1991-11-05 00:00:00,-256.0000000000003
1991-11-06 00:00:00,-259.3000000000003
1991-11-07 00:00:00,-258.90000000000026
1991-11-08 00:00:00,-259.7000000000003
1991-11-11 00:00:00,-261.90000000000026
1991-11-12 00:00:00,-261.3000000000003
1991-11-13 00:00:00,-259.1000000000003
1991-11-14 00:00:00,-257.8000000000003
1991-11-15 00:00:00,-260.3000000000003
1991-11-18 00:00:00,-257.2000000000003
1991-11-19 00:00:00,-258.90000000000026
1991-11-20 00:00:00,-257.90000000000026
1991-11-21 00:00:00,-258.6000000000003
1991-11-22 00:00:00,-259.8000000000003
1991-11-25 00:00:00,-260.3000000000003
1991-11-26 00:00:00,-261.2000000000003
1991-11-27 00:00:00,-261.1000000000003
1991-11-29 00:00:00,-261.8000000000003
1991-12-02 00:00:00,-262.2000000000003
1991-12-03 00:00:00,-265.5000000000003
1991-12-04 00:00:00,-265.0000000000003
1991-12-05 00:00:00,-265.6000000000003
1991-12-06 00:00:00,-265.40000000000026
1991-12-09 00:00:00,-265.2000000000003
1991-12-10 00:00:00,-267.5000000000003
1991-12-11 00:00:00,-268.5000000000003
1991-12-12 00:00:00,-269.2000000000003
1991-12-13 00:00:00,-266.2000000000003
1991-12-16 00:00:00,-267.3000000000003
1991-12-17 00:00:00,-268.1000000000003
1991-12-18 00:00:00,-267.0000000000003
1991-12-19 00:00:00,-267.0000000000003
1991-12-20 00:00:00,-265.4000000000003
1991-12-23 00:00:00,-264.1000000000003
1991-12-24 00:00:00,-264.0000000000003
1991-12-26 00:00:00,-261.9000000000003
1991-12-27 00:00:00,-262.7000000000003
1991-12-30 00:00:00,-265.4000000000003
1991-12-31 00:00:00,-264.9000000000003
1992-01-02 00:00:00,-266.5000000000003
1992-01-03 00:00:00,-267.3000000000003
1992-01-06 00:00:00,-264.9000000000003
1992-01-07 00:00:00,-265.2000000000003
1992-01-08 00:00:00,-262.3000000000003
1992-01-09 00:00:00,-262.9000000000003
1992-01-10 00:00:00,-262.3000000000003
1992-01-13 00:00:00,-261.3000000000003
1992-01-14 00:00:00,-264.0000000000003
1992-01-15 00:00:00,-261.6000000000003
1992-01-16 00:00:00,-261.2000000000003
1992-01-17 00:00:00,-258.9000000000003
1992-01-20 00:00:00,-259.8000000000003
1992-01-21 00:00:00,-258.8000000000003
1992-01-22 00:00:00,-259.5000000000003
1992-01-23 00:00:00,-260.4000000000003
1992-01-24 00:00:00,-257.7000000000003
1992-01-27 00:00:00,-259.1000000000003
1992-01-28 00:00:00,-256.9000000000003
1992-01-29 00:00:00,-259.0000000000003
1992-01-30 00:00:00,-260.5000000000003
1992-01-31 00:00:00,-260.3000000000003
1992-02-03 00:00:00,-258.9000000000003
1992-02-04 00:00:00,-258.1000000000003
1992-02-05 00:00:00,-258.9000000000003
1992-02-06 00:00:00,-259.7000000000003
1992-02-07 00:00:00,-260.7000000000003
1992-02-10 00:00:00,-258.4000000000003
1992-02-11 00:00:00,-261.4000000000003
1992-02-12 00:00:00,-262.1000000000003
1992-02-13 00:00:00,-262.9000000000003
1992-02-14 00:00:00,-262.4000000000003
1992-02-18 00:00:00,-262.20000000000033
1992-02-19 00:00:00,-261.00000000000034
1992-02-20 00:00:00,-260.50000000000034
1992-02-21 00:00:00,-260.00000000000034
1992-02-24 00:00:00,-259.6000000000003
1992-02-25 00:00:00,-260.4000000000003
1992-02-26 00:00:00,-262.00000000000034
1992-02-27 00:00:00,-262.20000000000033
1992-02-28 00:00:00,-260.9000000000003
1992-03-02 00:00:00,-259.00000000000034
1992-03-03 00:00:00,-259.1000000000003
1992-03-04 00:00:00,-257.70000000000033
1992-03-05 00:00:00,-259.4000000000003
1992-03-06 00:00:00,-259.6000000000003
1992-03-09 00:00:00,-259.70000000000033
1992-03-10 00:00:00,-260.00000000000034
1992-03-11 00:00:00,-260.6000000000003
1992-03-12 00:00:00,-261.50000000000034
1992-03-13 00:00:00,-260.9000000000003
1992-03-16 00:00:00,-261.00000000000034
1992-03-17 00:00:00,-260.4000000000003
1992-03-18 00:00:00,-258.20000000000033
1992-03-19 00:00:00,-255.6000000000003
1992-03-20 00:00:00,-258.1000000000003
1992-03-23 00:00:00,-259.00000000000034
1992-03-24 00:00:00,-260.50000000000034
1992-03-25 00:00:00,-259.1000000000003
1992-03-26 00:00:00,-259.00000000000034
1992-03-27 00:00:00,-259.6000000000003
1992-03-30 00:00:00,-259.1000000000003
1992-03-31 00:00:00,-258.6000000000003
1992-04-01 00:00:00,-261.50000000000034
1992-04-02 00:00:00,-262.8000000000003
1992-04-03 00:00:00,-263.1000000000003
1992-04-06 00:00:00,-263.20000000000033
1992-04-07 00:00:00,-264.00000000000034
1992-04-08 00:00:00,-265.8000000000003
1992-04-09 00:00:00,-265.20000000000033
1992-04-10 00:00:00,-263.9000000000003
1992-04-15 00:00:00,-262.6000000000003
1992-04-16 00:00:00,-262.6000000000003
1992-04-20 00:00:00,-261.20000000000033
1992-04-21 00:00:00,-261.00000000000034
1992-04-22 00:00:00,-263.20000000000033
1992-04-23 00:00:00,-262.1000000000003
1992-04-24 00:00:00,-263.50000000000034
1992-04-27 00:00:00,-263.9000000000003
1992-04-28 00:00:00,-263.80000000000035
1992-04-29 00:00:00,-264.20000000000033
1992-04-30 00:00:00,-264.1000000000003
1992-05-01 00:00:00,-262.4000000000003
1992-05-04 00:00:00,-262.30000000000035
1992-05-05 00:00:00,-262.6000000000003
1992-05-06 00:00:00,-261.00000000000034
1992-05-07 00:00:00,-259.4000000000003
1992-05-08 00:00:00,-261.6000000000003
1992-05-11 00:00:00,-262.20000000000033
1992-05-12 00:00:00,-259.00000000000034
1992-05-13 00:00:00,-252.40000000000032
1992-05-14 00:00:00,-254.50000000000034
1992-05-15 00:00:00,-254.30000000000035
1992-05-18 00:00:00,-252.80000000000035
1992-05-19 00:00:00,-256.9000000000003
1992-05-20 00:00:00,-256.6000000000003
1992-05-21 00:00:00,-261.80000000000035
1992-05-22 00:00:00,-260.80000000000035
1992-05-26 00:00:00,-259.00000000000034
1992-05-27 00:00:00,-258.20000000000033
1992-05-28 00:00:00,-259.1000000000003
1992-05-29 00:00:00,-257.20000000000033
1992-06-01 00:00:00,-257.50000000000034
1992-06-02 00:00:00,-255.1000000000003
1992-06-03 00:00:00,-257.70000000000033
1992-06-04 00:00:00,-257.9000000000003
1992-06-05 00:00:00,-261.00000000000034
1992-06-08 00:00:00,-257.4000000000003
1992-06-09 00:00:00,-254.90000000000032
1992-06-10 00:00:00,-256.4000000000003
1992-06-11 00:00:00,-256.4000000000003
1992-06-12 00:00:00,-257.00000000000034
1992-06-15 00:00:00,-261.70000000000033
1992-06-16 00:00:00,-260.50000000000034
1992-06-17 00:00:00,-259.50000000000034
1992-06-18 00:00:00,-258.9000000000003
1992-06-19 00:00:00,-259.80000000000035
1992-06-22 00:00:00,-262.10000000000036
1992-06-23 00:00:00,-260.20000000000033
1992-06-24 00:00:00,-260.70000000000033
1992-06-25 00:00:00,-258.30000000000035
1992-06-26 00:00:00,-257.10000000000036
1992-06-29 00:00:00,-257.4000000000003
1992-06-30 00:00:00,-259.60000000000036
1992-07-01 00:00:00,-259.80000000000035
1992-07-02 00:00:00,-261.10000000000036
1992-07-06 00:00:00,-266.4000000000003
1992-07-07 00:00:00,-266.4000000000003
1992-07-08 00:00:00,-266.10000000000036
1992-07-09 00:00:00,-266.20000000000033
1992-07-10 00:00:00,-265.10000000000036
1992-07-13 00:00:00,-264.50000000000034
1992-07-14 00:00:00,-264.9000000000003
1992-07-15 00:00:00,-264.9000000000003
1992-07-16 00:00:00,-265.70000000000033
1992-07-17 00:00:00,-265.60000000000036
1992-07-20 00:00:00,-265.70000000000033
1992-07-21 00:00:00,-265.80000000000035
1992-07-22 00:00:00,-267.10000000000036
1992-07-23 00:00:00,-268.30000000000035
1992-07-24 00:00:00,-270.10000000000036
1992-07-27 00:00:00,-270.10000000000036
1992-07-28 00:00:00,-268.80000000000035
1992-07-29 00:00:00,-266.50000000000034
1992-07-30 00:00:00,-266.50000000000034
1992-07-31 00:00:00,-268.9000000000003
1992-08-03 00:00:00,-269.30000000000035
1992-08-04 00:00:00,-269.50000000000034
1992-08-05 00:00:00,-271.20000000000033
1992-08-06 00:00:00,-271.9000000000003
1992-08-07 00:00:00,-275.80000000000035
1992-08-10 00:00:00,-273.50000000000034
1992-08-11 00:00:00,-271.9000000000003
1992-08-12 00:00:00,-272.4000000000003
1992-08-13 00:00:00,-269.70000000000033
1992-08-14 00:00:00,-270.4000000000003
1992-08-17 00:00:00,-269.50000000000034
1992-08-18 00:00:00,-270.9000000000003
1992-08-19 00:00:00,-271.4000000000003
1992-08-20 00:00:00,-270.70000000000033
1992-08-21 00:00:00,-269.30000000000035
1992-08-24 00:00:00,-265.9000000000003
1992-08-25 00:00:00,-266.4000000000003
1992-08-26 00:00:00,-266.9000000000003
1992-08-27 00:00:00,-269.10000000000036
1992-08-28 00:00:00,-269.10000000000036
1992-08-31 00:00:00,-268.4000000000003
1992-09-01 00:00:00,-267.20000000000033
1992-09-02 00:00:00,-266.4000000000003
1992-09-03 00:00:00,-266.70000000000033
1992-09-04 00:00:00,-266.10000000000036
1992-09-08 00:00:00,-263.60000000000036
1992-09-09 00:00:00,-264.50000000000034
1992-09-10 00:00:00,-266.00000000000034
1992-09-11 00:00:00,-267.9000000000003
1992-09-14 00:00:00,-270.20000000000033
1992-09-15 00:00:00,-268.4000000000003
1992-09-16 00:00:00,-269.4000000000003
1992-09-17 00:00:00,-270.9000000000003
1992-09-18 00:00:00,-271.8000000000003
1992-09-21 00:00:00,-271.4000000000003
1992-09-22 00:00:00,-272.3000000000003
1992-09-23 00:00:00,-273.4000000000003
1992-09-24 00:00:00,-272.70000000000033
1992-09-25 00:00:00,-272.4000000000003
1992-09-28 00:00:00,-273.6000000000003
1992-09-29 00:00:00,-272.20000000000033
1992-09-30 00:00:00,-272.6000000000003
1992-10-01 00:00:00,-274.1000000000003
1992-10-02 00:00:00,-275.3000000000003
1992-10-05 00:00:00,-274.8000000000003
1992-10-06 00:00:00,-274.70000000000033
1992-10-07 00:00:00,-276.1000000000003
1992-10-08 00:00:00,-276.50000000000034
1992-10-09 00:00:00,-276.20000000000033
1992-10-12 00:00:00,-276.20000000000033
1992-10-13 00:00:00,-276.3000000000003
1992-10-14 00:00:00,-276.4000000000003
1992-10-15 00:00:00,-276.4000000000003
1992-10-16 00:00:00,-276.3000000000003
1992-10-19 00:00:00,-275.2000000000003
1992-10-20 00:00:00,-274.1000000000003
1992-10-21 00:00:00,-274.5000000000003
1992-10-22 00:00:00,-273.6000000000003
1992-10-23 00:00:00,-274.9000000000003
1992-10-26 00:00:00,-275.7000000000003
1992-10-27 00:00:00,-275.8000000000003
1992-10-28 00:00:00,-276.8000000000003
1992-10-29 00:00:00,-275.7000000000003
1992-10-30 00:00:00,-275.7000000000003
1992-11-02 00:00:00,-275.1000000000003
1992-11-03 00:00:00,-275.2000000000003
1992-11-04 00:00:00,-277.7000000000003
1992-11-05 00:00:00,-280.1000000000003
1992-11-06 00:00:00,-278.2000000000003
1992-11-09 00:00:00,-278.3000000000003
1992-11-10 00:00:00,-278.3000000000003
1992-11-11 00:00:00,-276.9000000000003
1992-11-12 00:00:00,-277.5000000000003
1992-11-13 00:00:00,-277.3000000000003
1992-11-16 00:00:00,-278.3000000000003
1992-11-17 00:00:00,-275.3000000000003
1992-11-18 00:00:00,-275.4000000000003
1992-11-19 00:00:00,-276.6000000000003
1992-11-20 00:00:00,-276.8000000000003
1992-11-23 00:00:00,-276.3000000000003
1992-11-24 00:00:00,-276.2000000000003
1992-11-25 00:00:00,-276.3000000000003
1992-11-27 00:00:00,-276.1000000000003
1992-11-30 00:00:00,-276.9000000000003
1992-12-01 00:00:00,-279.1000000000003
1992-12-02 00:00:00,-278.9000000000003
1992-12-03 00:00:00,-277.3000000000003
1992-12-04 00:00:00,-278.6000000000003
1992-12-07 00:00:00,-278.5000000000003
1992-12-08 00:00:00,-277.3000000000003
1992-12-09 00:00:00,-274.8000000000003
1992-12-10 00:00:00,-274.5000000000003
1992-12-11 00:00:00,-273.6000000000003
1992-12-14 00:00:00,-273.4000000000003
1992-12-15 00:00:00,-273.9000000000003
1992-12-16 00:00:00,-274.6000000000003
1992-12-17 00:00:00,-274.1000000000003
1992-12-18 00:00:00,-272.4000000000003
1992-12-21 00:00:00,-271.5000000000003
1992-12-22 00:00:00,-270.5000000000003
1992-12-23 00:00:00,-271.0000000000003
1992-12-24 00:00:00,-270.70000000000033
1992-12-28 00:00:00,-272.4000000000003
1992-12-29 00:00:00,-273.4000000000003
1992-12-30 00:00:00,-273.4000000000003
1992-12-31 00:00:00,-273.4000000000003
1993-01-04 00:00:00,-276.1000000000003
1993-01-05 00:00:00,-275.70000000000033
1993-01-06 00:00:00,-275.1000000000003
1993-01-07 00:00:00,-274.1000000000003
1993-01-08 00:00:00,-274.3000000000003
1993-01-11 00:00:00,-275.4000000000003
1993-01-12 00:00:00,-274.20000000000033
1993-01-13 00:00:00,-275.4000000000003
1993-01-14 00:00:00,-275.6000000000003
1993-01-15 00:00:00,-275.3000000000003
1993-01-18 00:00:00,-274.1000000000003
1993-01-19 00:00:00,-273.70000000000033
1993-01-20 00:00:00,-273.8000000000003
1993-01-21 00:00:00,-274.4000000000003
1993-01-22 00:00:00,-274.70000000000033
1993-01-25 00:00:00,-274.8000000000003
1993-01-26 00:00:00,-275.1000000000003
1993-01-27 00:00:00,-274.70000000000033
1993-01-28 00:00:00,-276.5000000000003
1993-01-29 00:00:00,-276.9000000000003
1993-02-01 00:00:00,-277.70000000000033
1993-02-02 00:00:00,-278.4000000000003
1993-02-03 00:00:00,-277.0000000000003
1993-02-04 00:00:00,-277.70000000000033
1993-02-05 00:00:00,-279.9000000000003
1993-02-08 00:00:00,-279.9000000000003
1993-02-09 00:00:00,-278.9000000000003
1993-02-10 00:00:00,-279.70000000000033
1993-02-11 00:00:00,-279.9000000000003
1993-02-12 00:00:00,-279.70000000000033
1993-02-16 00:00:00,-279.70000000000033
1993-02-17 00:00:00,-279.1000000000003
1993-02-18 00:00:00,-279.3000000000003
1993-02-19 00:00:00,-280.00000000000034
1993-02-22 00:00:00,-280.9000000000003
1993-02-23 00:00:00,-280.20000000000033
1993-02-24 00:00:00,-279.4000000000003
1993-02-25 00:00:00,-279.3000000000003
1993-02-26 00:00:00,-279.4000000000003
1993-03-01 00:00:00,-277.1000000000003
1993-03-02 00:00:00,-276.6000000000003
1993-03-03 00:00:00,-278.50000000000034
1993-03-04 00:00:00,-278.9000000000003
1993-03-05 00:00:00,-280.00000000000034
1993-03-08 00:00:00,-280.50000000000034
1993-03-09 00:00:00,-279.9000000000003
1993-03-10 00:00:00,-278.4000000000003
1993-03-11 00:00:00,-278.9000000000003
1993-03-12 00:00:00,-279.3000000000003
1993-03-15 00:00:00,-277.8000000000003
1993-03-16 00:00:00,-277.3000000000003
1993-03-17 00:00:00,-276.1000000000003
1993-03-18 00:00:00,-275.4000000000003
1993-03-19 00:00:00,-275.3000000000003
1993-03-22 00:00:00,-275.4000000000003
1993-03-23 00:00:00,-274.3000000000003
1993-03-24 00:00:00,-273.50000000000034
1993-03-25 00:00:00,-273.8000000000003
1993-03-26 00:00:00,-273.3000000000003
1993-03-29 00:00:00,-273.3000000000003
1993-03-30 00:00:00,-273.4000000000003
1993-03-31 00:00:00,-272.70000000000033
1993-04-01 00:00:00,-271.3000000000003
1993-04-02 00:00:00,-271.4000000000003
1993-04-05 00:00:00,-273.00000000000034
1993-04-06 00:00:00,-274.3000000000003
1993-04-07 00:00:00,-273.00000000000034
1993-04-08 00:00:00,-273.1000000000003
1993-04-12 00:00:00,-272.1000000000003
1993-04-13 00:00:00,-272.50000000000034
1993-04-14 00:00:00,-272.9000000000003
1993-04-15 00:00:00,-274.70000000000033
1993-04-16 00:00:00,-275.9000000000003
1993-04-19 00:00:00,-274.9000000000003
1993-04-20 00:00:00,-273.9000000000003
1993-04-21 00:00:00,-274.8000000000003
1993-04-22 00:00:00,-274.2000000000003
1993-04-23 00:00:00,-274.2000000000003
1993-04-26 00:00:00,-273.8000000000003
1993-04-27 00:00:00,-273.8000000000003
1993-04-28 00:00:00,-274.5000000000003
1993-04-29 00:00:00,-274.2000000000003
1993-04-30 00:00:00,-273.7000000000003
1993-05-03 00:00:00,-272.9000000000003
1993-05-04 00:00:00,-273.3000000000003
1993-05-05 00:00:00,-271.6000000000003
1993-05-06 00:00:00,-270.2000000000003
1993-05-07 00:00:00,-268.0000000000003
1993-05-10 00:00:00,-269.1000000000003
1993-05-11 00:00:00,-269.3000000000003
1993-05-12 00:00:00,-271.0000000000003
1993-05-13 00:00:00,-271.2000000000003
1993-05-14 00:00:00,-270.7000000000003
1993-05-17 00:00:00,-271.3000000000003
1993-05-18 00:00:00,-270.20000000000033
1993-05-19 00:00:00,-270.9000000000003
1993-05-20 00:00:00,-270.6000000000003
1993-05-21 00:00:00,-269.70000000000033
1993-05-24 00:00:00,-270.6000000000003
1993-05-25 00:00:00,-270.00000000000034
1993-05-26 00:00:00,-269.70000000000033
1993-05-27 00:00:00,-269.9000000000003
1993-05-28 00:00:00,-270.1000000000003
1993-06-01 00:00:00,-275.4000000000003
1993-06-02 00:00:00,-275.3000000000003
1993-06-03 00:00:00,-274.8000000000003
1993-06-04 00:00:00,-275.1000000000003
1993-06-07 00:00:00,-273.1000000000003
1993-06-08 00:00:00,-274.1000000000003
1993-06-09 00:00:00,-273.50000000000034
1993-06-10 00:00:00,-274.4000000000003
1993-06-11 00:00:00,-274.9000000000003
1993-06-14 00:00:00,-275.8000000000003
1993-06-15 00:00:00,-276.20000000000033
1993-06-16 00:00:00,-276.3000000000003
1993-06-17 00:00:00,-271.4000000000003
1993-06-18 00:00:00,-270.9000000000003
1993-06-21 00:00:00,-265.9000000000003
1993-06-22 00:00:00,-266.70000000000033
1993-06-23 00:00:00,-263.00000000000034
1993-06-24 00:00:00,-263.9000000000003
1993-06-25 00:00:00,-266.30000000000035
1993-06-28 00:00:00,-266.50000000000034
1993-06-29 00:00:00,-262.50000000000034
1993-06-30 00:00:00,-257.9000000000003
1993-07-01 00:00:00,-257.9000000000003
1993-07-02 00:00:00,-254.50000000000034
1993-07-06 00:00:00,-244.50000000000034
1993-07-07 00:00:00,-239.50000000000034
1993-07-08 00:00:00,-240.20000000000033
1993-07-09 00:00:00,-240.40000000000032
1993-07-12 00:00:00,-241.40000000000032
1993-07-13 00:00:00,-242.20000000000033
1993-07-14 00:00:00,-239.00000000000034
1993-07-15 00:00:00,-237.00000000000034
1993-07-16 00:00:00,-232.00000000000034
1993-07-19 00:00:00,-227.30000000000035
1993-07-20 00:00:00,-229.80000000000035
1993-07-21 00:00:00,-233.20000000000033
1993-07-22 00:00:00,-229.30000000000035
1993-07-23 00:00:00,-230.50000000000034
1993-07-26 00:00:00,-234.30000000000035
1993-07-27 00:00:00,-237.70000000000033
1993-07-28 00:00:00,-240.60000000000036
1993-07-29 00:00:00,-239.80000000000035
1993-07-30 00:00:00,-242.70000000000033
1993-08-02 00:00:00,-237.80000000000035
1993-08-03 00:00:00,-238.80000000000035
1993-08-04 00:00:00,-240.60000000000036
1993-08-05 00:00:00,-246.70000000000033
1993-08-06 00:00:00,-247.50000000000034
1993-08-09 00:00:00,-250.80000000000035
1993-08-10 00:00:00,-249.70000000000033
1993-08-11 00:00:00,-246.30000000000035
1993-08-12 00:00:00,-252.60000000000036
1993-08-13 00:00:00,-253.80000000000035
1993-08-16 00:00:00,-254.70000000000033
1993-08-17 00:00:00,-252.90000000000038
1993-08-18 00:00:00,-253.30000000000035
1993-08-19 00:00:00,-251.80000000000035
1993-08-20 00:00:00,-250.10000000000036
1993-08-23 00:00:00,-248.10000000000036
1993-08-24 00:00:00,-248.60000000000036
1993-08-25 00:00:00,-249.40000000000038
1993-08-26 00:00:00,-252.40000000000038
1993-08-27 00:00:00,-250.30000000000035
1993-08-30 00:00:00,-250.50000000000034
1993-08-31 00:00:00,-253.10000000000036
1993-09-01 00:00:00,-255.80000000000035
1993-09-02 00:00:00,-255.40000000000038
1993-09-03 00:00:00,-255.50000000000034
1993-09-07 00:00:00,-260.9000000000004
1993-09-08 00:00:00,-261.10000000000036
1993-09-09 00:00:00,-261.4000000000004
1993-09-10 00:00:00,-267.70000000000033
1993-09-13 00:00:00,-264.20000000000033
1993-09-14 00:00:00,-265.60000000000036
1993-09-15 00:00:00,-264.60000000000036
1993-09-16 00:00:00,-266.70000000000033
1993-09-17 00:00:00,-265.30000000000035
1993-09-20 00:00:00,-263.50000000000034
1993-09-21 00:00:00,-265.50000000000034
1993-09-22 00:00:00,-264.50000000000034
1993-09-23 00:00:00,-263.60000000000036
1993-09-24 00:00:00,-264.20000000000033
1993-09-27 00:00:00,-266.00000000000034
1993-09-28 00:00:00,-269.30000000000035
1993-09-29 00:00:00,-269.70000000000033
1993-09-30 00:00:00,-268.20000000000033
1993-10-01 00:00:00,-270.80000000000035
1993-10-04 00:00:00,-274.50000000000034
1993-10-05 00:00:00,-274.30000000000035
1993-10-06 00:00:00,-273.50000000000034
1993-10-07 00:00:00,-272.30000000000035
1993-10-08 00:00:00,-272.9000000000004
1993-10-11 00:00:00,-270.30000000000035
1993-10-12 00:00:00,-271.4000000000004
1993-10-13 00:00:00,-270.70000000000033
1993-10-14 00:00:00,-270.60000000000036
1993-10-15 00:00:00,-270.50000000000034
1993-10-18 00:00:00,-270.30000000000035
1993-10-19 00:00:00,-271.9000000000003
1993-10-20 00:00:00,-271.1000000000003
1993-10-21 00:00:00,-268.9000000000003
1993-10-22 00:00:00,-269.00000000000034
1993-10-25 00:00:00,-268.1000000000003
1993-10-26 00:00:00,-269.4000000000003
1993-10-27 00:00:00,-269.50000000000034
1993-10-28 00:00:00,-270.6000000000003
1993-10-29 00:00:00,-270.20000000000033
1993-11-01 00:00:00,-270.00000000000034
1993-11-02 00:00:00,-265.80000000000035
1993-11-03 00:00:00,-265.50000000000034
1993-11-04 00:00:00,-263.30000000000035
1993-11-05 00:00:00,-261.80000000000035
1993-11-08 00:00:00,-265.30000000000035
1993-11-09 00:00:00,-265.70000000000033
1993-11-10 00:00:00,-255.70000000000033
1993-11-11 00:00:00,-254.6000000000003
1993-11-12 00:00:00,-255.20000000000033
1993-11-15 00:00:00,-255.80000000000035
1993-11-16 00:00:00,-256.30000000000035
1993-11-17 00:00:00,-254.30000000000035
1993-11-18 00:00:00,-256.00000000000034
1993-11-19 00:00:00,-256.30000000000035
1993-11-22 00:00:00,-259.20000000000033
1993-11-23 00:00:00,-258.70000000000033
1993-11-24 00:00:00,-259.20000000000033
1993-11-26 00:00:00,-259.20000000000033
1993-11-29 00:00:00,-258.9000000000003
1993-11-30 00:00:00,-261.00000000000034
1993-12-01 00:00:00,-261.00000000000034
1993-12-02 00:00:00,-259.50000000000034
1993-12-03 00:00:00,-259.80000000000035
1993-12-06 00:00:00,-259.20000000000033
1993-12-07 00:00:00,-259.20000000000033
1993-12-08 00:00:00,-258.1000000000003
1993-12-09 00:00:00,-258.70000000000033
1993-12-10 00:00:00,-260.1000000000003
1993-12-13 00:00:00,-263.80000000000035
1993-12-14 00:00:00,-264.00000000000034
1993-12-15 00:00:00,-264.1000000000003
1993-12-16 00:00:00,-264.1000000000003
1993-12-17 00:00:00,-264.8000000000003
1993-12-20 00:00:00,-264.70000000000033
1993-12-21 00:00:00,-264.6000000000003
1993-12-22 00:00:00,-261.70000000000033
1993-12-23 00:00:00,-260.8000000000003
1993-12-27 00:00:00,-259.3000000000003
1993-12-28 00:00:00,-259.20000000000033
1993-12-29 00:00:00,-259.50000000000034
1993-12-30 00:00:00,-259.50000000000034
1994-01-03 00:00:00,-261.1000000000003
1994-01-04 00:00:00,-261.8000000000003
1994-01-05 00:00:00,-261.50000000000034
1994-01-06 00:00:00,-261.3000000000003
1994-01-07 00:00:00,-261.70000000000033
1994-01-10 00:00:00,-264.6000000000003
1994-01-11 00:00:00,-266.3000000000003
1994-01-12 00:00:00,-265.3000000000003
1994-01-13 00:00:00,-261.8000000000003
1994-01-14 00:00:00,-262.20000000000033
1994-01-17 00:00:00,-265.00000000000034
1994-01-18 00:00:00,-265.1000000000003
1994-01-19 00:00:00,-266.3000000000003
1994-01-20 00:00:00,-268.50000000000034
1994-01-21 00:00:00,-268.1000000000003
1994-01-24 00:00:00,-267.3000000000003
1994-01-25 00:00:00,-266.8000000000003
1994-01-26 00:00:00,-265.8000000000003
1994-01-27 00:00:00,-267.6000000000003
1994-01-28 00:00:00,-268.9000000000003
1994-01-31 00:00:00,-268.20000000000033
1994-02-01 00:00:00,-268.50000000000034
1994-02-02 00:00:00,-269.20000000000033
1994-02-03 00:00:00,-268.6000000000003
1994-02-04 00:00:00,-269.00000000000034
1994-02-07 00:00:00,-268.9000000000003
1994-02-08 00:00:00,-268.00000000000034
1994-02-09 00:00:00,-267.50000000000034
1994-02-10 00:00:00,-267.8000000000003
1994-02-11 00:00:00,-266.00000000000034
1994-02-14 00:00:00,-265.70000000000033
1994-02-15 00:00:00,-266.4000000000003
1994-02-16 00:00:00,-266.20000000000033
1994-02-17 00:00:00,-268.6000000000003
1994-02-18 00:00:00,-268.3000000000003
1994-02-22 00:00:00,-266.70000000000033
1994-02-23 00:00:00,-266.20000000000033
1994-02-24 00:00:00,-266.6000000000003
1994-02-25 00:00:00,-268.5000000000003
1994-02-28 00:00:00,-269.8000000000003
1994-03-01 00:00:00,-270.4000000000003
1994-03-02 00:00:00,-270.1000000000003
1994-03-03 00:00:00,-272.4000000000003
1994-03-04 00:00:00,-271.8000000000003
1994-03-07 00:00:00,-271.8000000000003
1994-03-08 00:00:00,-272.6000000000003
1994-03-09 00:00:00,-270.70000000000033
1994-03-10 00:00:00,-271.20000000000033
1994-03-11 00:00:00,-270.3000000000003
1994-03-14 00:00:00,-265.0000000000003
1994-03-15 00:00:00,-265.1000000000003
1994-03-16 00:00:00,-266.1000000000003
1994-03-17 00:00:00,-266.5000000000003
1994-03-18 00:00:00,-266.9000000000003
1994-03-21 00:00:00,-268.6000000000003
1994-03-22 00:00:00,-269.0000000000003
1994-03-23 00:00:00,-268.1000000000003
1994-03-24 00:00:00,-267.9000000000003
1994-03-25 00:00:00,-268.5000000000003
1994-03-28 00:00:00,-266.8000000000003
1994-03-29 00:00:00,-267.4000000000003
1994-03-30 00:00:00,-267.6000000000003
1994-03-31 00:00:00,-269.20000000000033
1994-04-04 00:00:00,-278.20000000000033
1994-04-05 00:00:00,-276.0000000000003
1994-04-06 00:00:00,-275.9000000000003
1994-04-07 00:00:00,-276.20000000000033
1994-04-08 00:00:00,-274.5000000000003
1994-04-11 00:00:00,-276.70000000000033
1994-04-12 00:00:00,-276.1000000000003
1994-04-13 00:00:00,-275.1000000000003
1994-04-14 00:00:00,-276.6000000000003
1994-04-15 00:00:00,-276.70000000000033
1994-04-18 00:00:00,-276.50000000000034
1994-04-19 00:00:00,-276.9000000000003
1994-04-20 00:00:00,-275.50000000000034
1994-04-21 00:00:00,-274.4000000000003
1994-04-22 00:00:00,-275.3000000000003
1994-04-25 00:00:00,-274.20000000000033
1994-04-26 00:00:00,-274.6000000000003
1994-04-28 00:00:00,-272.70000000000033
1994-04-29 00:00:00,-272.4000000000003
1994-05-02 00:00:00,-273.8000000000003
1994-05-03 00:00:00,-274.9000000000003
1994-05-04 00:00:00,-273.50000000000034
1994-05-05 00:00:00,-276.6000000000003
1994-05-06 00:00:00,-274.50000000000034
1994-05-09 00:00:00,-275.8000000000003
1994-05-10 00:00:00,-276.70000000000033
1994-05-11 00:00:00,-276.20000000000033
1994-05-12 00:00:00,-276.50000000000034
1994-05-13 00:00:00,-277.1000000000003
1994-05-16 00:00:00,-275.70000000000033
1994-05-17 00:00:00,-275.1000000000003
1994-05-18 00:00:00,-270.00000000000034
1994-05-19 00:00:00,-269.6000000000003
1994-05-20 00:00:00,-266.1000000000003
1994-05-23 00:00:00,-256.1000000000003
1994-05-24 00:00:00,-265.8000000000003
1994-05-25 00:00:00,-268.70000000000033
1994-05-26 00:00:00,-269.4000000000003
1994-05-27 00:00:00,-268.1000000000003
1994-05-31 00:00:00,-258.6000000000003
1994-06-01 00:00:00,-259.3000000000003
1994-06-02 00:00:00,-260.1000000000003
1994-06-03 00:00:00,-263.00000000000034
1994-06-06 00:00:00,-269.50000000000034
1994-06-07 00:00:00,-270.20000000000033
1994-06-08 00:00:00,-268.50000000000034
1994-06-09 00:00:00,-267.70000000000033
1994-06-10 00:00:00,-264.6000000000003
1994-06-13 00:00:00,-261.00000000000034
1994-06-14 00:00:00,-260.00000000000034
1994-06-15 00:00:00,-254.3000000000003
1994-06-16 00:00:00,-255.70000000000033
1994-06-17 00:00:00,-253.70000000000033
1994-06-20 00:00:00,-263.70000000000033
1994-06-21 00:00:00,-267.5000000000003
1994-06-22 00:00:00,-270.1000000000003
1994-06-23 00:00:00,-270.6000000000003
1994-06-24 00:00:00,-268.20000000000033
1994-06-27 00:00:00,-271.1000000000003
1994-06-28 00:00:00,-264.4000000000003
1994-06-29 00:00:00,-270.0000000000003
1994-06-30 00:00:00,-271.0000000000003
1994-07-01 00:00:00,-275.9000000000003
1994-07-05 00:00:00,-281.9000000000003
1994-07-06 00:00:00,-279.6000000000003
1994-07-07 00:00:00,-279.6000000000003
1994-07-08 00:00:00,-278.4000000000003
1994-07-11 00:00:00,-278.20000000000033
1994-07-12 00:00:00,-280.3000000000003
1994-07-13 00:00:00,-279.1000000000003
1994-07-14 00:00:00,-280.4000000000003
1994-07-15 00:00:00,-282.5000000000003
1994-07-18 00:00:00,-282.70000000000033
1994-07-19 00:00:00,-285.5000000000003
1994-07-20 00:00:00,-286.6000000000003
1994-07-21 00:00:00,-286.6000000000003
1994-07-22 00:00:00,-286.20000000000033
1994-07-25 00:00:00,-284.8000000000003
1994-07-26 00:00:00,-284.1000000000003
1994-07-27 00:00:00,-284.20000000000033
1994-07-28 00:00:00,-283.5000000000003
1994-07-29 00:00:00,-284.0000000000003
1994-08-01 00:00:00,-285.0000000000003
1994-08-02 00:00:00,-286.0000000000003
1994-08-03 00:00:00,-286.20000000000033
1994-08-04 00:00:00,-288.70000000000033
1994-08-05 00:00:00,-288.0000000000003
1994-08-08 00:00:00,-287.20000000000033
1994-08-09 00:00:00,-287.0000000000003
1994-08-10 00:00:00,-287.3000000000003
1994-08-11 00:00:00,-287.9000000000003
1994-08-12 00:00:00,-288.0000000000003
1994-08-15 00:00:00,-288.1000000000003
1994-08-16 00:00:00,-287.3000000000003
1994-08-17 00:00:00,-285.0000000000003
1994-08-18 00:00:00,-284.3000000000003
1994-08-19 00:00:00,-283.5000000000003
1994-08-22 00:00:00,-285.5000000000003
1994-08-23 00:00:00,-285.0000000000003
1994-08-24 00:00:00,-284.4000000000003
1994-08-25 00:00:00,-285.20000000000033
1994-08-26 00:00:00,-287.8000000000003
1994-08-29 00:00:00,-289.0000000000003
1994-08-30 00:00:00,-288.1000000000003
1994-08-31 00:00:00,-286.8000000000003
1994-09-01 00:00:00,-287.0000000000003
1994-09-02 00:00:00,-286.70000000000033
1994-09-06 00:00:00,-284.70000000000033
1994-09-07 00:00:00,-286.3000000000003
1994-09-08 00:00:00,-289.1000000000003
1994-09-09 00:00:00,-288.6000000000003
1994-09-12 00:00:00,-288.20000000000033
1994-09-13 00:00:00,-290.5000000000003
1994-09-14 00:00:00,-292.1000000000003
1994-09-15 00:00:00,-293.6000000000003
1994-09-16 00:00:00,-293.5000000000003
1994-09-19 00:00:00,-292.6000000000003
1994-09-20 00:00:00,-292.7000000000003
1994-09-21 00:00:00,-291.8000000000003
1994-09-22 00:00:00,-292.4000000000003
1994-09-23 00:00:00,-293.4000000000003
1994-09-26 00:00:00,-293.6000000000003
1994-09-27 00:00:00,-293.2000000000003
1994-09-28 00:00:00,-294.1000000000003
1994-09-29 00:00:00,-295.9000000000003
1994-09-30 00:00:00,-297.4000000000003
1994-10-03 00:00:00,-295.9000000000003
1994-10-04 00:00:00,-295.9000000000003
1994-10-05 00:00:00,-296.2000000000003
1994-10-06 00:00:00,-297.9000000000003
1994-10-07 00:00:00,-298.6000000000003
1994-10-10 00:00:00,-297.6000000000003
1994-10-11 00:00:00,-297.7000000000003
1994-10-12 00:00:00,-296.2000000000003
1994-10-13 00:00:00,-297.2000000000003
1994-10-14 00:00:00,-295.7000000000003
1994-10-17 00:00:00,-294.9000000000003
1994-10-18 00:00:00,-295.1000000000003
1994-10-19 00:00:00,-296.2000000000003
1994-10-20 00:00:00,-294.9000000000003
1994-10-21 00:00:00,-295.5000000000003
1994-10-24 00:00:00,-294.3000000000003
1994-10-25 00:00:00,-295.2000000000003
1994-10-26 00:00:00,-296.1000000000003
1994-10-27 00:00:00,-295.9000000000003
1994-10-28 00:00:00,-298.1000000000003
1994-10-31 00:00:00,-298.0000000000003
1994-11-01 00:00:00,-298.1000000000003
1994-11-02 00:00:00,-298.3000000000003
1994-11-03 00:00:00,-299.3000000000003
1994-11-04 00:00:00,-298.4000000000003
1994-11-07 00:00:00,-297.0000000000003
1994-11-08 00:00:00,-297.7000000000003
1994-11-09 00:00:00,-298.2000000000003
1994-11-10 00:00:00,-298.2000000000003
1994-11-11 00:00:00,-299.0000000000003
1994-11-14 00:00:00,-299.0000000000003
1994-11-15 00:00:00,-298.5000000000003
1994-11-16 00:00:00,-299.3000000000003
1994-11-17 00:00:00,-299.6000000000003
1994-11-18 00:00:00,-298.6000000000003
1994-11-21 00:00:00,-299.2000000000003
1994-11-22 00:00:00,-298.9000000000003
1994-11-23 00:00:00,-298.5000000000003
1994-11-25 00:00:00,-298.6000000000003
1994-11-28 00:00:00,-298.6000000000003
1994-11-29 00:00:00,-300.2000000000003
1994-11-30 00:00:00,-301.7000000000003
1994-12-01 00:00:00,-302.6000000000003
1994-12-02 00:00:00,-302.9000000000003
1994-12-05 00:00:00,-303.6000000000003
1994-12-06 00:00:00,-303.7000000000003
1994-12-07 00:00:00,-303.1000000000003
1994-12-08 00:00:00,-300.8000000000003
1994-12-09 00:00:00,-299.6000000000003
1994-12-12 00:00:00,-299.2000000000003
1994-12-13 00:00:00,-301.0000000000003
1994-12-14 00:00:00,-302.7000000000003
1994-12-15 00:00:00,-302.8000000000003
1994-12-16 00:00:00,-302.5000000000003
1994-12-19 00:00:00,-302.6000000000003
1994-12-20 00:00:00,-302.0000000000003
1994-12-21 00:00:00,-298.3000000000003
1994-12-22 00:00:00,-300.1000000000003
1994-12-23 00:00:00,-302.1000000000003
1994-12-27 00:00:00,-302.90000000000026
1994-12-28 00:00:00,-302.40000000000026
1994-12-29 00:00:00,-303.40000000000026
1994-12-30 00:00:00,-306.30000000000024
1995-01-03 00:00:00,-307.0000000000003
1995-01-04 00:00:00,-307.0000000000003
1995-01-05 00:00:00,-307.40000000000026
1995-01-06 00:00:00,-307.0000000000003
1995-01-09 00:00:00,-306.30000000000024
1995-01-10 00:00:00,-305.5000000000003
1995-01-11 00:00:00,-305.40000000000026
1995-01-12 00:00:00,-306.5000000000003
1995-01-13 00:00:00,-306.70000000000033
1995-01-16 00:00:00,-306.30000000000024
1995-01-17 00:00:00,-304.8000000000003
1995-01-18 00:00:00,-306.0000000000003
1995-01-19 00:00:00,-306.5000000000003
1995-01-20 00:00:00,-304.3000000000003
1995-01-23 00:00:00,-306.1000000000003
1995-01-24 00:00:00,-305.3000000000003
1995-01-25 00:00:00,-305.7000000000003
1995-01-26 00:00:00,-305.90000000000026
1995-01-27 00:00:00,-307.0000000000003
1995-01-30 00:00:00,-308.1000000000003
1995-01-31 00:00:00,-308.6000000000003
1995-02-01 00:00:00,-310.3000000000003
1995-02-02 00:00:00,-310.3000000000003
1995-02-03 00:00:00,-310.3000000000003
1995-02-06 00:00:00,-309.5000000000003
1995-02-07 00:00:00,-309.6000000000003
1995-02-08 00:00:00,-309.3000000000003
1995-02-09 00:00:00,-309.6000000000003
1995-02-10 00:00:00,-309.1000000000003
1995-02-13 00:00:00,-309.90000000000026
1995-02-14 00:00:00,-309.8000000000003
1995-02-15 00:00:00,-310.4000000000003
1995-02-16 00:00:00,-310.4000000000003
1995-02-17 00:00:00,-309.9000000000003
1995-02-21 00:00:00,-309.2000000000003
1995-02-22 00:00:00,-309.0000000000003
1995-02-23 00:00:00,-307.30000000000024
1995-02-24 00:00:00,-309.2000000000003
1995-02-27 00:00:00,-309.9000000000003
1995-02-28 00:00:00,-310.0000000000003
1995-03-01 00:00:00,-311.4000000000003
1995-03-02 00:00:00,-311.6000000000003
1995-03-03 00:00:00,-310.8000000000003
1995-03-06 00:00:00,-309.7000000000003
1995-03-07 00:00:00,-307.0000000000003
1995-03-08 00:00:00,-308.2000000000003
1995-03-09 00:00:00,-308.2000000000003
1995-03-10 00:00:00,-308.5000000000003
1995-03-13 00:00:00,-307.30000000000024
1995-03-14 00:00:00,-304.2000000000003
1995-03-15 00:00:00,-301.5000000000003
1995-03-16 00:00:00,-301.0000000000003
1995-03-17 00:00:00,-297.9000000000003
1995-03-20 00:00:00,-298.2000000000003
1995-03-21 00:00:00,-300.3000000000003
1995-03-22 00:00:00,-300.2000000000003
1995-03-23 00:00:00,-301.3000000000003
1995-03-24 00:00:00,-301.3000000000003
1995-03-27 00:00:00,-302.3000000000003
1995-03-28 00:00:00,-301.7000000000003
1995-03-29 00:00:00,-302.2000000000003
1995-03-30 00:00:00,-301.5000000000003
1995-03-31 00:00:00,-300.3000000000003
1995-04-03 00:00:00,-295.2000000000003
1995-04-04 00:00:00,-295.2000000000003
1995-04-05 00:00:00,-295.8000000000003
1995-04-06 00:00:00,-297.1000000000003
1995-04-07 00:00:00,-296.8000000000003
1995-04-10 00:00:00,-296.6000000000003
1995-04-11 00:00:00,-295.6000000000003
1995-04-12 00:00:00,-296.1000000000003
1995-04-13 00:00:00,-299.6000000000003
1995-04-17 00:00:00,-300.5000000000003
1995-04-18 00:00:00,-301.7000000000003
1995-04-19 00:00:00,-303.6000000000003
1995-04-20 00:00:00,-302.40000000000026
1995-04-21 00:00:00,-303.6000000000003
1995-04-24 00:00:00,-302.90000000000026
1995-04-25 00:00:00,-303.7000000000003
1995-04-26 00:00:00,-304.40000000000026
1995-04-27 00:00:00,-305.5000000000003
1995-04-28 00:00:00,-304.8000000000003
1995-05-01 00:00:00,-303.90000000000026
1995-05-02 00:00:00,-303.5000000000003
1995-05-03 00:00:00,-303.8000000000003
1995-05-04 00:00:00,-304.6000000000003
1995-05-05 00:00:00,-305.1000000000003
1995-05-08 00:00:00,-305.40000000000026
1995-05-09 00:00:00,-304.90000000000026
1995-05-10 00:00:00,-304.1000000000003
1995-05-11 00:00:00,-304.7000000000003
1995-05-12 00:00:00,-304.40000000000026
1995-05-15 00:00:00,-304.5000000000003
1995-05-16 00:00:00,-303.1000000000003
1995-05-17 00:00:00,-302.2000000000003
1995-05-18 00:00:00,-299.0000000000003
1995-05-19 00:00:00,-299.8000000000003
1995-05-22 00:00:00,-293.2000000000003
1995-05-23 00:00:00,-293.0000000000003
1995-05-24 00:00:00,-294.6000000000003
1995-05-25 00:00:00,-294.8000000000003
1995-05-26 00:00:00,-293.9000000000003
1995-05-30 00:00:00,-303.2000000000003
1995-05-31 00:00:00,-302.4000000000003
1995-06-01 00:00:00,-298.8000000000003
1995-06-02 00:00:00,-299.2000000000003
1995-06-05 00:00:00,-300.4000000000003
1995-06-06 00:00:00,-298.8000000000003
1995-06-07 00:00:00,-299.6000000000003
1995-06-08 00:00:00,-298.8000000000003
1995-06-09 00:00:00,-300.0000000000003
1995-06-12 00:00:00,-301.7000000000003
1995-06-13 00:00:00,-300.7000000000003
1995-06-14 00:00:00,-298.6000000000003
1995-06-15 00:00:00,-297.9000000000003
1995-06-16 00:00:00,-299.6000000000003
1995-06-19 00:00:00,-295.8000000000003
1995-06-20 00:00:00,-296.70000000000033
1995-06-21 00:00:00,-297.8000000000003
1995-06-22 00:00:00,-298.0000000000003
1995-06-23 00:00:00,-298.0000000000003
1995-06-26 00:00:00,-305.8000000000003
1995-06-27 00:00:00,-303.9000000000003
1995-06-28 00:00:00,-302.0000000000003
1995-06-29 00:00:00,-302.70000000000033
1995-06-30 00:00:00,-302.70000000000033
1995-07-03 00:00:00,-299.6000000000003
1995-07-05 00:00:00,-300.1000000000003
1995-07-06 00:00:00,-297.70000000000033
1995-07-07 00:00:00,-298.9000000000003
1995-07-10 00:00:00,-298.3000000000003
1995-07-11 00:00:00,-297.9000000000003
1995-07-12 00:00:00,-295.1000000000003
1995-07-13 00:00:00,-295.3000000000003
1995-07-14 00:00:00,-293.3000000000003
1995-07-17 00:00:00,-284.70000000000033
1995-07-18 00:00:00,-285.8000000000003
1995-07-19 00:00:00,-289.9000000000003
1995-07-20 00:00:00,-290.6000000000003
1995-07-21 00:00:00,-286.50000000000034
1995-07-24 00:00:00,-287.6000000000003
1995-07-25 00:00:00,-285.70000000000033
1995-07-26 00:00:00,-285.70000000000033
1995-07-27 00:00:00,-287.70000000000033
1995-07-28 00:00:00,-287.9000000000003
1995-07-31 00:00:00,-295.3000000000003
1995-08-01 00:00:00,-295.3000000000003
1995-08-02 00:00:00,-298.6000000000003
1995-08-03 00:00:00,-298.9000000000003
1995-08-04 00:00:00,-302.9000000000003
1995-08-07 00:00:00,-301.70000000000033
1995-08-08 00:00:00,-299.70000000000033
1995-08-09 00:00:00,-300.3000000000003
1995-08-10 00:00:00,-299.9000000000003
1995-08-11 00:00:00,-301.4000000000003
1995-08-14 00:00:00,-299.8000000000003
1995-08-15 00:00:00,-301.4000000000003
1995-08-16 00:00:00,-301.4000000000003
1995-08-17 00:00:00,-301.1000000000003
1995-08-18 00:00:00,-300.70000000000033
1995-08-21 00:00:00,-298.00000000000034
1995-08-22 00:00:00,-298.4000000000003
1995-08-23 00:00:00,-298.20000000000033
1995-08-24 00:00:00,-298.3000000000003
1995-08-25 00:00:00,-297.8000000000003
1995-08-28 00:00:00,-295.00000000000034
1995-08-29 00:00:00,-296.20000000000033
1995-08-30 00:00:00,-295.00000000000034
1995-08-31 00:00:00,-293.00000000000034
1995-09-01 00:00:00,-291.4000000000003
1995-09-05 00:00:00,-291.20000000000033
1995-09-06 00:00:00,-291.70000000000033
1995-09-07 00:00:00,-290.00000000000034
1995-09-08 00:00:00,-289.6000000000003
1995-09-11 00:00:00,-290.6000000000003
1995-09-12 00:00:00,-291.3000000000003
1995-09-13 00:00:00,-292.4000000000003
1995-09-14 00:00:00,-291.00000000000034
1995-09-15 00:00:00,-287.9000000000003
1995-09-18 00:00:00,-277.9000000000003
1995-09-19 00:00:00,-280.8000000000003
1995-09-20 00:00:00,-280.1000000000003
1995-09-21 00:00:00,-277.3000000000003
1995-09-22 00:00:00,-283.3000000000003
1995-09-25 00:00:00,-285.3000000000003
1995-09-26 00:00:00,-284.2000000000003
1995-09-27 00:00:00,-285.4000000000003
1995-09-28 00:00:00,-284.9000000000003
1995-09-29 00:00:00,-284.7000000000003
1995-10-02 00:00:00,-288.3000000000003
1995-10-03 00:00:00,-287.9000000000003
1995-10-04 00:00:00,-287.0000000000003
1995-10-05 00:00:00,-287.8000000000003
1995-10-06 00:00:00,-287.7000000000003
1995-10-09 00:00:00,-287.1000000000003
1995-10-10 00:00:00,-284.8000000000003
1995-10-11 00:00:00,-280.9000000000003
1995-10-12 00:00:00,-282.2000000000003
1995-10-13 00:00:00,-280.6000000000003
1995-10-16 00:00:00,-280.0000000000003
1995-10-17 00:00:00,-281.2000000000003
1995-10-18 00:00:00,-280.1000000000003
1995-10-19 00:00:00,-276.90000000000026
1995-10-20 00:00:00,-273.90000000000026
1995-10-23 00:00:00,-274.6000000000003
1995-10-24 00:00:00,-274.0000000000003
1995-10-25 00:00:00,-274.40000000000026
1995-10-26 00:00:00,-275.6000000000003
1995-10-27 00:00:00,-276.8000000000003
1995-10-30 00:00:00,-276.1000000000003
1995-10-31 00:00:00,-273.6000000000003
1995-11-01 00:00:00,-271.3000000000003
1995-11-02 00:00:00,-270.7000000000003
1995-11-03 00:00:00,-273.1000000000003
1995-11-06 00:00:00,-271.3000000000003
1995-11-07 00:00:00,-271.5000000000003
1995-11-08 00:00:00,-270.90000000000026
1995-11-09 00:00:00,-272.2000000000003
1995-11-10 00:00:00,-271.2000000000003
1995-11-13 00:00:00,-273.3000000000003
1995-11-14 00:00:00,-274.5000000000003
1995-11-15 00:00:00,-274.2000000000003
1995-11-16 00:00:00,-271.2000000000003
1995-11-17 00:00:00,-268.90000000000026
1995-11-20 00:00:00,-270.90000000000026
1995-11-21 00:00:00,-271.6000000000003
1995-11-22 00:00:00,-270.40000000000026
1995-11-24 00:00:00,-270.40000000000026
1995-11-27 00:00:00,-271.2000000000003
1995-11-28 00:00:00,-271.2000000000003
1995-11-29 00:00:00,-269.40000000000026
1995-11-30 00:00:00,-267.2000000000003
1995-12-01 00:00:00,-265.0000000000003
1995-12-04 00:00:00,-264.3000000000003
1995-12-05 00:00:00,-260.8000000000003
1995-12-06 00:00:00,-258.3000000000003
1995-12-07 00:00:00,-260.3000000000003
1995-12-08 00:00:00,-255.6000000000003
1995-12-11 00:00:00,-253.70000000000027
1995-12-12 00:00:00,-253.6000000000003
1995-12-13 00:00:00,-251.50000000000028
1995-12-14 00:00:00,-250.50000000000028
1995-12-15 00:00:00,-250.6000000000003
1995-12-18 00:00:00,-246.6000000000003
1995-12-19 00:00:00,-244.8000000000003
1995-12-20 00:00:00,-247.40000000000026
1995-12-21 00:00:00,-251.40000000000026
1995-12-22 00:00:00,-247.6000000000003
1995-12-26 00:00:00,-247.00000000000028
1995-12-27 00:00:00,-250.20000000000027
1995-12-28 00:00:00,-250.40000000000026
1995-12-29 00:00:00,-246.3000000000003
1996-01-02 00:00:00,-241.6000000000003
1996-01-03 00:00:00,-239.3000000000003
1996-01-04 00:00:00,-240.70000000000027
1996-01-05 00:00:00,-242.20000000000027
1996-01-08 00:00:00,-247.20000000000027
1996-01-09 00:00:00,-243.40000000000026
1996-01-10 00:00:00,-244.70000000000027
1996-01-11 00:00:00,-246.40000000000026
1996-01-12 00:00:00,-245.1000000000003
1996-01-15 00:00:00,-243.1000000000003
1996-01-16 00:00:00,-245.70000000000027
1996-01-17 00:00:00,-246.40000000000026
1996-01-18 00:00:00,-244.3000000000003
1996-01-19 00:00:00,-241.20000000000027
1996-01-22 00:00:00,-245.1000000000003
1996-01-23 00:00:00,-243.90000000000026
1996-01-24 00:00:00,-245.40000000000026
1996-01-25 00:00:00,-250.20000000000027
1996-01-26 00:00:00,-249.70000000000027
1996-01-29 00:00:00,-246.90000000000026
1996-01-30 00:00:00,-245.3000000000003
1996-01-31 00:00:00,-244.8000000000003
1996-02-01 00:00:00,-244.3000000000003
1996-02-02 00:00:00,-246.3000000000003
1996-02-05 00:00:00,-250.70000000000027
1996-02-06 00:00:00,-249.00000000000028
1996-02-07 00:00:00,-251.50000000000028
1996-02-08 00:00:00,-252.6000000000003
1996-02-09 00:00:00,-253.40000000000026
1996-02-12 00:00:00,-254.6000000000003
1996-02-13 00:00:00,-252.90000000000026
1996-02-14 00:00:00,-247.6000000000003
1996-02-15 00:00:00,-247.6000000000003
1996-02-16 00:00:00,-248.1000000000003
1996-02-20 00:00:00,-249.00000000000028
1996-02-21 00:00:00,-248.8000000000003
1996-02-22 00:00:00,-251.40000000000032
1996-02-23 00:00:00,-247.6000000000003
1996-02-26 00:00:00,-244.6000000000003
1996-02-27 00:00:00,-245.1000000000003
1996-02-28 00:00:00,-243.50000000000028
1996-02-29 00:00:00,-244.00000000000028
1996-03-01 00:00:00,-245.6000000000003
1996-03-04 00:00:00,-249.3000000000003
1996-03-05 00:00:00,-252.20000000000027
1996-03-06 00:00:00,-250.8000000000003
1996-03-07 00:00:00,-249.20000000000027
1996-03-08 00:00:00,-251.40000000000032
1996-03-11 00:00:00,-249.8000000000003
1996-03-12 00:00:00,-250.50000000000028
1996-03-13 00:00:00,-250.20000000000027
1996-03-14 00:00:00,-251.50000000000028
1996-03-15 00:00:00,-253.6000000000003
1996-03-18 00:00:00,-253.70000000000027
1996-03-19 00:00:00,-257.6000000000003
1996-03-20 00:00:00,-256.9000000000003
1996-03-21 00:00:00,-255.6000000000003
1996-03-22 00:00:00,-254.00000000000028
1996-03-25 00:00:00,-254.40000000000032
1996-03-26 00:00:00,-252.40000000000032
1996-03-27 00:00:00,-251.40000000000032
1996-03-28 00:00:00,-251.90000000000032
1996-03-29 00:00:00,-245.3000000000003
1996-04-01 00:00:00,-240.90000000000032
1996-04-02 00:00:00,-243.90000000000032
1996-04-03 00:00:00,-241.3000000000003
1996-04-04 00:00:00,-238.70000000000027
1996-04-08 00:00:00,-232.90000000000032
1996-04-09 00:00:00,-235.90000000000032
1996-04-10 00:00:00,-231.3000000000003
1996-04-11 00:00:00,-232.1000000000003
1996-04-12 00:00:00,-228.50000000000028
1996-04-15 00:00:00,-231.40000000000032
1996-04-16 00:00:00,-236.50000000000028
1996-04-17 00:00:00,-233.6000000000003
1996-04-18 00:00:00,-226.1000000000003
1996-04-19 00:00:00,-229.3000000000003
1996-04-22 00:00:00,-224.30000000000035
1996-04-23 00:00:00,-225.00000000000028
1996-04-24 00:00:00,-226.20000000000033
1996-04-25 00:00:00,-224.80000000000035
1996-04-26 00:00:00,-227.90000000000026
1996-04-29 00:00:00,-237.90000000000032
1996-04-30 00:00:00,-240.40000000000032
1996-05-01 00:00:00,-233.90000000000032
1996-05-02 00:00:00,-237.20000000000027
1996-05-03 00:00:00,-235.50000000000028
1996-05-06 00:00:00,-236.50000000000028
1996-05-07 00:00:00,-235.8000000000003
1996-05-08 00:00:00,-233.20000000000027
1996-05-09 00:00:00,-234.00000000000028
1996-05-10 00:00:00,-235.00000000000028
1996-05-13 00:00:00,-234.00000000000028
1996-05-14 00:00:00,-233.40000000000032
1996-05-15 00:00:00,-234.00000000000028
1996-05-16 00:00:00,-231.1000000000003
1996-05-17 00:00:00,-233.90000000000032
1996-05-20 00:00:00,-237.40000000000032
1996-05-21 00:00:00,-239.3000000000003
1996-05-22 00:00:00,-239.6000000000003
1996-05-23 00:00:00,-237.20000000000033
1996-05-24 00:00:00,-237.6000000000003
1996-05-28 00:00:00,-238.40000000000032
1996-05-29 00:00:00,-248.20000000000033
1996-05-30 00:00:00,-245.40000000000032
1996-05-31 00:00:00,-245.20000000000033
1996-06-03 00:00:00,-252.40000000000032
1996-06-04 00:00:00,-248.40000000000032
1996-06-05 00:00:00,-249.50000000000034
1996-06-06 00:00:00,-249.00000000000034
1996-06-07 00:00:00,-247.1000000000003
1996-06-10 00:00:00,-243.40000000000032
1996-06-11 00:00:00,-247.00000000000034
1996-06-12 00:00:00,-250.90000000000032
1996-06-13 00:00:00,-250.1000000000003
1996-06-14 00:00:00,-248.90000000000032
1996-06-17 00:00:00,-247.1000000000003
1996-06-18 00:00:00,-241.1000000000003
1996-06-19 00:00:00,-243.40000000000032
1996-06-20 00:00:00,-242.6000000000003
1996-06-21 00:00:00,-238.20000000000033
1996-06-24 00:00:00,-241.50000000000034
1996-06-25 00:00:00,-242.20000000000033
1996-06-26 00:00:00,-244.80000000000035
1996-06-27 00:00:00,-247.90000000000032
1996-06-28 00:00:00,-242.80000000000035
1996-07-01 00:00:00,-240.80000000000035
1996-07-02 00:00:00,-243.6000000000003
1996-07-03 00:00:00,-241.90000000000032
1996-07-05 00:00:00,-245.6000000000003
1996-07-08 00:00:00,-243.90000000000032
1996-07-09 00:00:00,-241.30000000000035
1996-07-10 00:00:00,-237.40000000000032
1996-07-11 00:00:00,-228.1000000000003
1996-07-12 00:00:00,-223.00000000000034
1996-07-15 00:00:00,-225.00000000000034
1996-07-16 00:00:00,-229.50000000000034
1996-07-17 00:00:00,-233.90000000000032
1996-07-18 00:00:00,-241.70000000000033
1996-07-19 00:00:00,-243.20000000000033
1996-07-22 00:00:00,-243.6000000000003
1996-07-23 00:00:00,-240.80000000000035
1996-07-24 00:00:00,-245.00000000000034
1996-07-25 00:00:00,-244.80000000000035
1996-07-26 00:00:00,-248.30000000000035
1996-07-29 00:00:00,-246.40000000000032
1996-07-30 00:00:00,-248.50000000000034
1996-07-31 00:00:00,-247.50000000000034
1996-08-01 00:00:00,-242.70000000000033
1996-08-02 00:00:00,-245.6000000000003
1996-08-05 00:00:00,-246.00000000000034
1996-08-06 00:00:00,-245.6000000000003
1996-08-07 00:00:00,-244.6000000000003
1996-08-08 00:00:00,-239.80000000000035
1996-08-09 00:00:00,-237.70000000000033
1996-08-12 00:00:00,-231.70000000000033
1996-08-13 00:00:00,-233.40000000000032
1996-08-14 00:00:00,-231.00000000000034
1996-08-15 00:00:00,-232.6000000000003
1996-08-16 00:00:00,-234.00000000000034
1996-08-19 00:00:00,-234.50000000000034
1996-08-20 00:00:00,-231.80000000000035
1996-08-21 00:00:00,-231.40000000000032
1996-08-22 00:00:00,-228.30000000000035
1996-08-23 00:00:00,-229.70000000000033
1996-08-26 00:00:00,-227.00000000000034
1996-08-27 00:00:00,-224.70000000000033
1996-08-28 00:00:00,-226.50000000000034
1996-08-29 00:00:00,-223.1000000000003
1996-08-30 00:00:00,-224.40000000000032
1996-09-03 00:00:00,-224.00000000000034
1996-09-04 00:00:00,-229.20000000000033
1996-09-05 00:00:00,-223.1000000000003
1996-09-06 00:00:00,-222.00000000000034
1996-09-09 00:00:00,-223.50000000000034
1996-09-10 00:00:00,-218.1000000000003
1996-09-11 00:00:00,-217.3000000000003
1996-09-12 00:00:00,-215.6000000000003
1996-09-13 00:00:00,-220.00000000000034
1996-09-16 00:00:00,-222.20000000000033
1996-09-17 00:00:00,-220.90000000000032
1996-09-18 00:00:00,-220.40000000000032
1996-09-19 00:00:00,-221.30000000000035
1996-09-20 00:00:00,-219.90000000000032
1996-09-23 00:00:00,-218.40000000000032
1996-09-24 00:00:00,-220.80000000000035
1996-09-25 00:00:00,-219.00000000000034
1996-09-26 00:00:00,-218.40000000000032
1996-09-27 00:00:00,-220.30000000000035
1996-09-30 00:00:00,-227.20000000000033
1996-10-01 00:00:00,-230.20000000000033
1996-10-02 00:00:00,-231.80000000000035
1996-10-03 00:00:00,-231.90000000000032
1996-10-04 00:00:00,-235.30000000000035
1996-10-07 00:00:00,-233.50000000000034
1996-10-08 00:00:00,-232.30000000000035
1996-10-09 00:00:00,-231.80000000000035
1996-10-10 00:00:00,-234.40000000000032
1996-10-11 00:00:00,-244.40000000000032
1996-10-14 00:00:00,-248.40000000000032
1996-10-15 00:00:00,-248.30000000000035
1996-10-16 00:00:00,-248.40000000000032
1996-10-17 00:00:00,-251.40000000000032
1996-10-18 00:00:00,-254.70000000000033
1996-10-21 00:00:00,-256.50000000000034
1996-10-22 00:00:00,-255.30000000000035
1996-10-23 00:00:00,-251.30000000000035
1996-10-24 00:00:00,-253.00000000000034
1996-10-25 00:00:00,-252.1000000000003
1996-10-28 00:00:00,-250.90000000000032
1996-10-29 00:00:00,-252.70000000000033
1996-10-30 00:00:00,-254.00000000000034
1996-10-31 00:00:00,-261.9000000000003
1996-11-01 00:00:00,-263.80000000000035
1996-11-04 00:00:00,-262.20000000000033
1996-11-05 00:00:00,-261.6000000000003
1996-11-06 00:00:00,-258.4000000000003
1996-11-07 00:00:00,-256.50000000000034
1996-11-08 00:00:00,-256.4000000000003
1996-11-11 00:00:00,-259.50000000000034
1996-11-12 00:00:00,-256.30000000000035
1996-11-13 00:00:00,-254.20000000000033
1996-11-14 00:00:00,-255.1000000000003
1996-11-15 00:00:00,-252.6000000000003
1996-11-18 00:00:00,-251.1000000000003
1996-11-19 00:00:00,-252.00000000000034
1996-11-20 00:00:00,-248.70000000000033
1996-11-21 00:00:00,-249.1000000000003
1996-11-22 00:00:00,-249.1000000000003
1996-11-25 00:00:00,-250.20000000000033
1996-11-26 00:00:00,-249.80000000000035
1996-11-27 00:00:00,-249.70000000000033
1996-11-29 00:00:00,-250.00000000000034
1996-12-02 00:00:00,-252.00000000000034
1996-12-03 00:00:00,-254.30000000000035
1996-12-04 00:00:00,-255.80000000000035
1996-12-05 00:00:00,-255.20000000000033
1996-12-06 00:00:00,-256.9000000000003
1996-12-09 00:00:00,-260.70000000000033
1996-12-10 00:00:00,-261.1000000000003
1996-12-11 00:00:00,-257.00000000000034
1996-12-12 00:00:00,-253.20000000000033
1996-12-13 00:00:00,-252.30000000000035
1996-12-16 00:00:00,-248.80000000000035
1996-12-17 00:00:00,-251.30000000000035
1996-12-18 00:00:00,-252.10000000000036
1996-12-19 00:00:00,-250.90000000000038
1996-12-20 00:00:00,-251.60000000000036
1996-12-23 00:00:00,-251.80000000000035
1996-12-24 00:00:00,-249.80000000000035
1996-12-26 00:00:00,-252.80000000000035
1996-12-27 00:00:00,-252.30000000000035
1996-12-30 00:00:00,-254.10000000000036
1996-12-31 00:00:00,-254.80000000000035
1997-01-02 00:00:00,-251.40000000000038
1997-01-03 00:00:00,-251.00000000000034
1997-01-06 00:00:00,-250.90000000000038
1997-01-07 00:00:00,-249.90000000000038
1997-01-08 00:00:00,-251.40000000000038
1997-01-09 00:00:00,-251.20000000000033
1997-01-10 00:00:00,-241.20000000000033
1997-01-13 00:00:00,-239.10000000000036
1997-01-14 00:00:00,-240.10000000000036
1997-01-15 00:00:00,-236.80000000000035
1997-01-16 00:00:00,-235.90000000000038
1997-01-17 00:00:00,-234.50000000000034
1997-01-20 00:00:00,-234.90000000000038
1997-01-21 00:00:00,-234.70000000000033
1997-01-22 00:00:00,-235.80000000000035
1997-01-23 00:00:00,-236.00000000000034
1997-01-24 00:00:00,-233.40000000000038
1997-01-27 00:00:00,-233.40000000000038
1997-01-28 00:00:00,-235.00000000000034
1997-01-29 00:00:00,-232.30000000000035
1997-01-30 00:00:00,-235.90000000000038
1997-01-31 00:00:00,-236.60000000000036
1997-02-03 00:00:00,-237.60000000000036
1997-02-04 00:00:00,-237.80000000000035
1997-02-05 00:00:00,-237.40000000000038
1997-02-06 00:00:00,-239.90000000000038
1997-02-07 00:00:00,-237.90000000000038
1997-02-10 00:00:00,-236.80000000000035
1997-02-11 00:00:00,-231.90000000000038
1997-02-12 00:00:00,-226.30000000000035
1997-02-13 00:00:00,-224.60000000000036
1997-02-14 00:00:00,-225.20000000000033
1997-02-18 00:00:00,-218.90000000000032
1997-02-19 00:00:00,-220.70000000000033
1997-02-20 00:00:00,-216.50000000000034
1997-02-21 00:00:00,-217.00000000000034
1997-02-24 00:00:00,-218.1000000000003
1997-02-25 00:00:00,-213.00000000000034
1997-02-26 00:00:00,-217.20000000000033
1997-02-27 00:00:00,-216.80000000000035
1997-02-28 00:00:00,-213.70000000000033
1997-03-03 00:00:00,-209.6000000000003
1997-03-04 00:00:00,-209.90000000000032
1997-03-05 00:00:00,-211.90000000000032
1997-03-06 00:00:00,-205.8000000000003
1997-03-07 00:00:00,-203.6000000000003
1997-03-10 00:00:00,-193.6000000000003
1997-03-11 00:00:00,-194.6000000000003
1997-03-12 00:00:00,-201.8000000000003
1997-03-13 00:00:00,-202.40000000000032
1997-03-14 00:00:00,-193.20000000000033
1997-03-17 00:00:00,-200.3000000000003
1997-03-18 00:00:00,-199.20000000000033
1997-03-19 00:00:00,-195.6000000000003
1997-03-20 00:00:00,-190.20000000000033
1997-03-21 00:00:00,-192.3000000000003
1997-03-24 00:00:00,-195.70000000000033
1997-03-25 00:00:00,-192.00000000000034
1997-03-26 00:00:00,-192.00000000000034
1997-03-27 00:00:00,-185.90000000000032
1997-03-31 00:00:00,-185.70000000000033
1997-04-01 00:00:00,-176.00000000000045
1997-04-02 00:00:00,-173.10000000000036
1997-04-03 00:00:00,-176.50000000000045
1997-04-04 00:00:00,-186.50000000000034
1997-04-07 00:00:00,-180.90000000000032
1997-04-08 00:00:00,-185.40000000000032
1997-04-09 00:00:00,-187.6000000000003
1997-04-10 00:00:00,-183.40000000000032
1997-04-11 00:00:00,-193.1000000000003
1997-04-14 00:00:00,-192.20000000000033
1997-04-15 00:00:00,-192.6000000000003
1997-04-16 00:00:00,-194.90000000000032
1997-04-17 00:00:00,-192.70000000000033
1997-04-18 00:00:00,-193.40000000000032
1997-04-21 00:00:00,-196.70000000000033
1997-04-22 00:00:00,-194.6000000000003
1997-04-23 00:00:00,-195.1000000000003
1997-04-24 00:00:00,-193.50000000000034
1997-04-25 00:00:00,-187.20000000000033
1997-04-28 00:00:00,-188.70000000000033
1997-04-29 00:00:00,-187.70000000000033
1997-04-30 00:00:00,-181.30000000000035
1997-05-01 00:00:00,-183.00000000000034
1997-05-02 00:00:00,-181.20000000000033
1997-05-05 00:00:00,-180.50000000000034
1997-05-06 00:00:00,-178.70000000000033
1997-05-07 00:00:00,-176.50000000000045
1997-05-08 00:00:00,-178.30000000000035
1997-05-09 00:00:00,-175.50000000000045
1997-05-12 00:00:00,-183.70000000000033
1997-05-13 00:00:00,-180.50000000000034
1997-05-14 00:00:00,-182.1000000000003
1997-05-15 00:00:00,-184.30000000000035
1997-05-16 00:00:00,-182.1000000000003
1997-05-19 00:00:00,-181.70000000000033
1997-05-20 00:00:00,-184.90000000000032
1997-05-21 00:00:00,-187.30000000000035
1997-05-22 00:00:00,-189.70000000000033
1997-05-23 00:00:00,-194.50000000000034
1997-05-27 00:00:00,-199.20000000000033
1997-05-28 00:00:00,-197.20000000000033
1997-05-29 00:00:00,-192.00000000000034
1997-05-30 00:00:00,-191.00000000000034
1997-06-02 00:00:00,-191.60000000000036
1997-06-03 00:00:00,-193.70000000000033
1997-06-04 00:00:00,-199.30000000000035
1997-06-05 00:00:00,-197.20000000000033
1997-06-06 00:00:00,-197.10000000000036
1997-06-09 00:00:00,-204.20000000000033
1997-06-10 00:00:00,-206.20000000000033
1997-06-11 00:00:00,-202.00000000000034
1997-06-12 00:00:00,-201.80000000000035
1997-06-13 00:00:00,-200.20000000000033
1997-06-16 00:00:00,-205.30000000000035
1997-06-17 00:00:00,-202.80000000000035
1997-06-18 00:00:00,-206.00000000000034
1997-06-19 00:00:00,-207.00000000000034
1997-06-20 00:00:00,-209.30000000000035
1997-06-23 00:00:00,-208.80000000000035
1997-06-24 00:00:00,-206.00000000000034
1997-06-25 00:00:00,-207.40000000000032
1997-06-26 00:00:00,-210.30000000000035
1997-06-27 00:00:00,-210.90000000000032
1997-06-30 00:00:00,-220.90000000000032
1997-07-01 00:00:00,-229.30000000000035
1997-07-02 00:00:00,-231.90000000000032
1997-07-03 00:00:00,-229.80000000000035
1997-07-07 00:00:00,-230.10000000000036
1997-07-08 00:00:00,-227.30000000000035
1997-07-09 00:00:00,-219.60000000000036
1997-07-10 00:00:00,-223.20000000000033
1997-07-11 00:00:00,-223.80000000000035
1997-07-14 00:00:00,-216.70000000000033
1997-07-15 00:00:00,-217.00000000000034
1997-07-16 00:00:00,-222.40000000000032
1997-07-17 00:00:00,-226.50000000000034
1997-07-18 00:00:00,-224.90000000000032
1997-07-21 00:00:00,-226.10000000000036
1997-07-22 00:00:00,-224.10000000000036
1997-07-23 00:00:00,-224.10000000000036
1997-07-24 00:00:00,-224.10000000000036
1997-07-25 00:00:00,-223.20000000000033
1997-07-28 00:00:00,-217.60000000000036
1997-07-29 00:00:00,-210.60000000000036
1997-07-30 00:00:00,-211.30000000000035
1997-07-31 00:00:00,-204.60000000000036
1997-08-01 00:00:00,-203.20000000000033
1997-08-04 00:00:00,-206.50000000000034
1997-08-05 00:00:00,-209.60000000000036
1997-08-06 00:00:00,-205.70000000000033
1997-08-07 00:00:00,-211.30000000000035
1997-08-08 00:00:00,-209.80000000000035
1997-08-11 00:00:00,-218.60000000000036
1997-08-12 00:00:00,-220.50000000000034
1997-08-13 00:00:00,-218.70000000000033
1997-08-14 00:00:00,-219.80000000000035
1997-08-15 00:00:00,-220.50000000000034
1997-08-18 00:00:00,-221.10000000000036
1997-08-19 00:00:00,-215.20000000000033
1997-08-20 00:00:00,-218.70000000000033
1997-08-21 00:00:00,-216.90000000000032
1997-08-22 00:00:00,-217.60000000000036
1997-08-25 00:00:00,-216.00000000000034
1997-08-26 00:00:00,-216.30000000000035
1997-08-27 00:00:00,-211.70000000000033
1997-08-28 00:00:00,-215.60000000000036
1997-08-29 00:00:00,-212.60000000000036
1997-09-02 00:00:00,-210.80000000000035
1997-09-03 00:00:00,-204.60000000000036
1997-09-04 00:00:00,-202.50000000000034
1997-09-05 00:00:00,-201.10000000000036
1997-09-08 00:00:00,-205.00000000000034
1997-09-09 00:00:00,-202.70000000000033
1997-09-10 00:00:00,-206.20000000000033
1997-09-11 00:00:00,-204.40000000000032
1997-09-12 00:00:00,-209.50000000000034
1997-09-15 00:00:00,-209.50000000000034
1997-09-16 00:00:00,-206.70000000000033
1997-09-17 00:00:00,-209.70000000000033
1997-09-18 00:00:00,-213.40000000000032
1997-09-19 00:00:00,-211.70000000000033
1997-09-22 00:00:00,-212.60000000000036
1997-09-23 00:00:00,-213.20000000000033
1997-09-24 00:00:00,-211.60000000000036
1997-09-25 00:00:00,-212.40000000000032
1997-09-26 00:00:00,-214.50000000000034
1997-09-29 00:00:00,-215.90000000000032
1997-09-30 00:00:00,-219.00000000000034
1997-10-01 00:00:00,-219.70000000000033
1997-10-02 00:00:00,-217.60000000000036
1997-10-03 00:00:00,-212.90000000000032
1997-10-06 00:00:00,-212.20000000000033
1997-10-07 00:00:00,-204.70000000000033
1997-10-08 00:00:00,-201.40000000000032
1997-10-09 00:00:00,-199.10000000000036
1997-10-10 00:00:00,-189.10000000000036
1997-10-13 00:00:00,-180.60000000000036
1997-10-14 00:00:00,-184.30000000000035
1997-10-15 00:00:00,-186.30000000000035
1997-10-16 00:00:00,-190.80000000000035
1997-10-17 00:00:00,-194.30000000000035
1997-10-20 00:00:00,-193.60000000000036
1997-10-21 00:00:00,-192.40000000000032
1997-10-22 00:00:00,-191.40000000000032
1997-10-23 00:00:00,-193.10000000000036
1997-10-24 00:00:00,-192.60000000000036
1997-10-27 00:00:00,-193.40000000000032
1997-10-28 00:00:00,-194.70000000000033
1997-10-29 00:00:00,-195.30000000000035
1997-10-30 00:00:00,-197.10000000000036
1997-10-31 00:00:00,-195.60000000000036
1997-11-03 00:00:00,-187.20000000000033
1997-11-04 00:00:00,-188.00000000000034
1997-11-05 00:00:00,-185.20000000000033
1997-11-06 00:00:00,-183.40000000000032
1997-11-07 00:00:00,-179.30000000000035
1997-11-10 00:00:00,-187.40000000000032
1997-11-11 00:00:00,-181.90000000000032
1997-11-12 00:00:00,-185.50000000000034
1997-11-13 00:00:00,-185.60000000000036
1997-11-14 00:00:00,-189.30000000000035
1997-11-17 00:00:00,-189.30000000000035
1997-11-18 00:00:00,-188.90000000000032
1997-11-19 00:00:00,-189.60000000000036
1997-11-20 00:00:00,-189.50000000000034
1997-11-21 00:00:00,-190.20000000000033
1997-11-24 00:00:00,-189.20000000000033
1997-11-25 00:00:00,-189.50000000000034
1997-11-26 00:00:00,-188.10000000000036
1997-11-28 00:00:00,-189.80000000000035
1997-12-01 00:00:00,-189.70000000000033
1997-12-02 00:00:00,-194.50000000000034
1997-12-03 00:00:00,-195.00000000000034
1997-12-04 00:00:00,-197.50000000000034
1997-12-05 00:00:00,-194.10000000000036
1997-12-08 00:00:00,-191.20000000000033
1997-12-09 00:00:00,-193.40000000000032
1997-12-10 00:00:00,-193.00000000000034
1997-12-11 00:00:00,-196.40000000000032
1997-12-12 00:00:00,-199.60000000000036
1997-12-15 00:00:00,-203.00000000000034
1997-12-16 00:00:00,-203.40000000000032
1997-12-17 00:00:00,-202.00000000000034
1997-12-18 00:00:00,-206.1000000000003
1997-12-19 00:00:00,-206.00000000000034
1997-12-22 00:00:00,-206.6000000000003
1997-12-23 00:00:00,-206.1000000000003
1997-12-24 00:00:00,-203.50000000000034
1997-12-26 00:00:00,-204.1000000000003
1997-12-29 00:00:00,-207.00000000000034
1997-12-30 00:00:00,-206.50000000000034
1997-12-31 00:00:00,-209.3000000000003
1998-01-02 00:00:00,-213.3000000000003
1998-01-05 00:00:00,-211.8000000000003
1998-01-06 00:00:00,-212.3000000000003
1998-01-07 00:00:00,-211.40000000000032
1998-01-08 00:00:00,-215.8000000000003
1998-01-09 00:00:00,-216.00000000000034
1998-01-12 00:00:00,-214.90000000000032
1998-01-13 00:00:00,-213.3000000000003
1998-01-14 00:00:00,-216.8000000000003
1998-01-15 00:00:00,-215.3000000000003
1998-01-16 00:00:00,-216.70000000000033
1998-01-20 00:00:00,-215.50000000000034
1998-01-21 00:00:00,-217.20000000000033
1998-01-22 00:00:00,-215.00000000000034
1998-01-23 00:00:00,-217.50000000000034
1998-01-26 00:00:00,-216.20000000000033
1998-01-27 00:00:00,-213.00000000000034
1998-01-28 00:00:00,-212.50000000000034
1998-01-29 00:00:00,-212.8000000000003
1998-01-30 00:00:00,-214.8000000000003
1998-02-02 00:00:00,-215.1000000000003
1998-02-03 00:00:00,-214.8000000000003
1998-02-04 00:00:00,-215.90000000000032
1998-02-05 00:00:00,-214.90000000000032
1998-02-06 00:00:00,-215.50000000000034
1998-02-09 00:00:00,-214.70000000000033
1998-02-10 00:00:00,-214.3000000000003
1998-02-11 00:00:00,-218.50000000000034
1998-02-12 00:00:00,-220.3000000000003
1998-02-13 00:00:00,-222.00000000000034
1998-02-17 00:00:00,-225.60000000000036
1998-02-18 00:00:00,-225.40000000000032
1998-02-19 00:00:00,-225.90000000000032
1998-02-20 00:00:00,-227.90000000000032
1998-02-23 00:00:00,-229.30000000000035
1998-02-24 00:00:00,-231.30000000000035
1998-02-25 00:00:00,-231.10000000000036
1998-02-26 00:00:00,-232.70000000000033
1998-02-27 00:00:00,-230.40000000000032
1998-03-02 00:00:00,-229.60000000000036
1998-03-03 00:00:00,-230.60000000000036
1998-03-04 00:00:00,-230.30000000000035
1998-03-05 00:00:00,-232.30000000000035
1998-03-06 00:00:00,-229.40000000000032
1998-03-09 00:00:00,-227.70000000000033
1998-03-10 00:00:00,-228.60000000000036
1998-03-11 00:00:00,-228.40000000000032
1998-03-12 00:00:00,-231.00000000000034
1998-03-13 00:00:00,-236.00000000000034
1998-03-16 00:00:00,-236.50000000000034
1998-03-17 00:00:00,-236.10000000000036
1998-03-18 00:00:00,-237.90000000000032
1998-03-19 00:00:00,-239.40000000000032
1998-03-20 00:00:00,-242.20000000000033
1998-03-23 00:00:00,-238.90000000000032
1998-03-24 00:00:00,-239.00000000000034
1998-03-25 00:00:00,-240.60000000000036
1998-03-26 00:00:00,-240.80000000000035
1998-03-27 00:00:00,-240.60000000000036
1998-03-30 00:00:00,-240.20000000000033
1998-03-31 00:00:00,-244.10000000000036
1998-04-01 00:00:00,-245.40000000000032
1998-04-02 00:00:00,-242.70000000000033
1998-04-03 00:00:00,-244.70000000000033
1998-04-06 00:00:00,-247.70000000000033
1998-04-07 00:00:00,-249.40000000000032
1998-04-08 00:00:00,-248.60000000000036
1998-04-09 00:00:00,-251.20000000000033
1998-04-13 00:00:00,-252.20000000000033
1998-04-14 00:00:00,-252.10000000000036
1998-04-15 00:00:00,-247.50000000000034
1998-04-16 00:00:00,-247.00000000000034
1998-04-17 00:00:00,-246.90000000000032
1998-04-20 00:00:00,-250.50000000000034
1998-04-21 00:00:00,-248.20000000000033
1998-04-22 00:00:00,-251.40000000000032
1998-04-23 00:00:00,-248.70000000000033
1998-04-24 00:00:00,-247.50000000000034
1998-04-27 00:00:00,-248.30000000000035
1998-04-28 00:00:00,-249.50000000000034
1998-04-29 00:00:00,-250.30000000000035
1998-04-30 00:00:00,-251.90000000000032
1998-05-01 00:00:00,-252.80000000000035
1998-05-04 00:00:00,-253.00000000000034
1998-05-05 00:00:00,-250.60000000000036
1998-05-06 00:00:00,-247.30000000000035
1998-05-07 00:00:00,-248.80000000000035
1998-05-08 00:00:00,-252.00000000000034
1998-05-11 00:00:00,-255.10000000000036
1998-05-12 00:00:00,-255.90000000000032
1998-05-13 00:00:00,-253.70000000000033
1998-05-14 00:00:00,-252.60000000000036
1998-05-15 00:00:00,-252.90000000000032
1998-05-18 00:00:00,-251.80000000000035
1998-05-19 00:00:00,-254.70000000000033
1998-05-20 00:00:00,-254.90000000000032
1998-05-21 00:00:00,-254.80000000000035
1998-05-22 00:00:00,-252.80000000000035
1998-05-26 00:00:00,-256.6000000000003
1998-05-27 00:00:00,-258.1000000000003
1998-05-28 00:00:00,-257.30000000000035
1998-05-29 00:00:00,-256.50000000000034
1998-06-01 00:00:00,-257.50000000000034
1998-06-02 00:00:00,-257.1000000000003
1998-06-03 00:00:00,-259.6000000000003
1998-06-04 00:00:00,-261.00000000000034
1998-06-05 00:00:00,-263.20000000000033
1998-06-08 00:00:00,-265.20000000000033
1998-06-09 00:00:00,-265.1000000000003
1998-06-10 00:00:00,-265.80000000000035
1998-06-11 00:00:00,-264.20000000000033
1998-06-12 00:00:00,-261.00000000000034
1998-06-15 00:00:00,-262.20000000000033
1998-06-16 00:00:00,-258.50000000000034
1998-06-17 00:00:00,-254.20000000000033
1998-06-18 00:00:00,-253.50000000000028
1998-06-19 00:00:00,-243.50000000000028
1998-06-22 00:00:00,-244.50000000000028
1998-06-23 00:00:00,-238.00000000000028
1998-06-24 00:00:00,-232.1000000000003
1998-06-25 00:00:00,-237.90000000000032
1998-06-26 00:00:00,-242.8000000000003
1998-06-29 00:00:00,-252.8000000000003
1998-06-30 00:00:00,-247.70000000000033
1998-07-01 00:00:00,-252.1000000000003
1998-07-02 00:00:00,-254.3000000000003
1998-07-06 00:00:00,-258.3000000000003
1998-07-07 00:00:00,-251.8000000000003
1998-07-08 00:00:00,-250.3000000000003
1998-07-09 00:00:00,-253.8000000000003
1998-07-10 00:00:00,-258.1000000000003
1998-07-13 00:00:00,-258.0000000000003
1998-07-14 00:00:00,-262.8000000000003
1998-07-15 00:00:00,-262.20000000000033
1998-07-16 00:00:00,-258.6000000000003
1998-07-17 00:00:00,-251.1000000000003
1998-07-20 00:00:00,-257.20000000000033
1998-07-21 00:00:00,-259.1000000000003
1998-07-22 00:00:00,-260.6000000000003
1998-07-23 00:00:00,-261.4000000000003
1998-07-24 00:00:00,-264.1000000000003
1998-07-27 00:00:00,-264.6000000000003
1998-07-28 00:00:00,-266.50000000000034
1998-07-29 00:00:00,-265.6000000000003
1998-07-30 00:00:00,-265.8000000000003
1998-07-31 00:00:00,-268.8000000000003
1998-08-03 00:00:00,-270.70000000000033
1998-08-04 00:00:00,-271.6000000000003
1998-08-05 00:00:00,-273.3000000000003
1998-08-06 00:00:00,-271.8000000000003
1998-08-07 00:00:00,-273.20000000000033
1998-08-10 00:00:00,-270.70000000000033
1998-08-11 00:00:00,-270.50000000000034
1998-08-12 00:00:00,-273.20000000000033
1998-08-13 00:00:00,-275.3000000000003
1998-08-14 00:00:00,-275.4000000000003
1998-08-17 00:00:00,-274.1000000000003
1998-08-18 00:00:00,-275.20000000000033
1998-08-19 00:00:00,-274.3000000000003
1998-08-20 00:00:00,-276.4000000000003
1998-08-21 00:00:00,-278.20000000000033
1998-08-24 00:00:00,-277.00000000000034
1998-08-25 00:00:00,-277.50000000000034
1998-08-26 00:00:00,-279.20000000000033
1998-08-27 00:00:00,-279.9000000000003
1998-08-28 00:00:00,-282.50000000000034
1998-08-31 00:00:00,-282.50000000000034
1998-09-01 00:00:00,-278.8000000000003
1998-09-02 00:00:00,-279.1000000000003
1998-09-03 00:00:00,-281.20000000000033
1998-09-04 00:00:00,-282.3000000000003
1998-09-08 00:00:00,-281.6000000000003
1998-09-09 00:00:00,-282.70000000000033
1998-09-10 00:00:00,-281.00000000000034
1998-09-11 00:00:00,-281.3000000000003
1998-09-14 00:00:00,-281.3000000000003
1998-09-15 00:00:00,-279.3000000000003
1998-09-16 00:00:00,-282.6000000000003
1998-09-17 00:00:00,-283.6000000000003
1998-09-18 00:00:00,-285.20000000000033
1998-09-21 00:00:00,-283.9000000000003
1998-09-22 00:00:00,-282.9000000000003
1998-09-23 00:00:00,-282.50000000000034
1998-09-24 00:00:00,-281.1000000000003
1998-09-25 00:00:00,-281.1000000000003
1998-09-28 00:00:00,-279.70000000000033
1998-09-29 00:00:00,-281.30000000000035
1998-09-30 00:00:00,-283.50000000000034
1998-10-01 00:00:00,-284.00000000000034
1998-10-02 00:00:00,-285.00000000000034
1998-10-05 00:00:00,-284.6000000000003
1998-10-06 00:00:00,-283.50000000000034
1998-10-07 00:00:00,-279.6000000000003
1998-10-08 00:00:00,-275.1000000000003
1998-10-09 00:00:00,-266.30000000000035
1998-10-12 00:00:00,-268.9000000000003
1998-10-13 00:00:00,-264.70000000000033
1998-10-14 00:00:00,-270.1000000000003
1998-10-15 00:00:00,-273.1000000000003
1998-10-16 00:00:00,-272.80000000000035
1998-10-19 00:00:00,-274.9000000000003
1998-10-20 00:00:00,-275.9000000000003
1998-10-21 00:00:00,-276.4000000000003
1998-10-22 00:00:00,-273.20000000000033
1998-10-23 00:00:00,-275.10000000000036
1998-10-26 00:00:00,-273.70000000000033
1998-10-27 00:00:00,-273.9000000000003
1998-10-28 00:00:00,-273.10000000000036
1998-10-29 00:00:00,-272.9000000000003
1998-10-30 00:00:00,-270.9000000000003
1998-11-02 00:00:00,-272.50000000000034
1998-11-03 00:00:00,-273.00000000000034
1998-11-04 00:00:00,-272.00000000000034
1998-11-05 00:00:00,-271.4000000000003
1998-11-06 00:00:00,-271.20000000000033
1998-11-09 00:00:00,-269.4000000000003
1998-11-10 00:00:00,-264.9000000000003
1998-11-11 00:00:00,-263.60000000000036
1998-11-12 00:00:00,-261.9000000000003
1998-11-13 00:00:00,-265.80000000000035
1998-11-16 00:00:00,-266.9000000000003
1998-11-17 00:00:00,-266.30000000000035
1998-11-18 00:00:00,-266.30000000000035
1998-11-19 00:00:00,-267.60000000000036
1998-11-20 00:00:00,-268.4000000000003
1998-11-23 00:00:00,-272.80000000000035
1998-11-24 00:00:00,-272.70000000000033
1998-11-25 00:00:00,-272.00000000000034
1998-11-27 00:00:00,-270.60000000000036
1998-11-30 00:00:00,-266.00000000000034
1998-12-01 00:00:00,-269.20000000000033
1998-12-02 00:00:00,-265.20000000000033
1998-12-03 00:00:00,-265.80000000000035
1998-12-04 00:00:00,-265.60000000000036
1998-12-07 00:00:00,-267.60000000000036
1998-12-08 00:00:00,-268.9000000000003
1998-12-09 00:00:00,-270.50000000000034
1998-12-10 00:00:00,-273.10000000000036
1998-12-11 00:00:00,-274.4000000000003
1998-12-14 00:00:00,-276.50000000000034
1998-12-15 00:00:00,-276.70000000000033
1998-12-16 00:00:00,-276.50000000000034
1998-12-17 00:00:00,-277.30000000000035
1998-12-18 00:00:00,-277.70000000000033
1998-12-21 00:00:00,-276.80000000000035
1998-12-22 00:00:00,-279.00000000000034
1998-12-23 00:00:00,-279.50000000000034
1998-12-24 00:00:00,-278.10000000000036
1998-12-28 00:00:00,-280.50000000000034
1998-12-29 00:00:00,-279.20000000000033
1998-12-30 00:00:00,-280.20000000000033
1998-12-31 00:00:00,-282.60000000000036
1999-01-04 00:00:00,-280.60000000000036
1999-01-05 00:00:00,-280.50000000000034
1999-01-06 00:00:00,-280.00000000000034
1999-01-07 00:00:00,-282.10000000000036
1999-01-08 00:00:00,-279.70000000000033
1999-01-11 00:00:00,-281.60000000000036
1999-01-12 00:00:00,-284.60000000000036
1999-01-13 00:00:00,-287.9000000000003
1999-01-14 00:00:00,-287.70000000000033
1999-01-15 00:00:00,-288.50000000000034
1999-01-19 00:00:00,-292.00000000000034
1999-01-20 00:00:00,-291.00000000000034
1999-01-21 00:00:00,-289.9000000000003
1999-01-22 00:00:00,-290.20000000000033
1999-01-25 00:00:00,-291.80000000000035
1999-01-26 00:00:00,-291.9000000000003
1999-01-27 00:00:00,-292.70000000000033
1999-01-28 00:00:00,-292.9000000000003
1999-01-29 00:00:00,-293.50000000000034
1999-02-01 00:00:00,-291.70000000000033
1999-02-02 00:00:00,-288.20000000000033
1999-02-03 00:00:00,-289.60000000000036
1999-02-04 00:00:00,-289.4000000000003
1999-02-05 00:00:00,-288.70000000000033
1999-02-08 00:00:00,-290.70000000000033
1999-02-09 00:00:00,-293.10000000000036
1999-02-10 00:00:00,-292.20000000000033
1999-02-11 00:00:00,-293.20000000000033
1999-02-12 00:00:00,-294.20000000000033
1999-02-16 00:00:00,-295.60000000000036
1999-02-17 00:00:00,-294.70000000000033
1999-02-18 00:00:00,-293.70000000000033
1999-02-19 00:00:00,-293.70000000000033
1999-02-22 00:00:00,-295.10000000000036
1999-02-23 00:00:00,-296.70000000000033
1999-02-24 00:00:00,-299.30000000000035
1999-02-25 00:00:00,-299.00000000000034
1999-02-26 00:00:00,-298.50000000000034
1999-03-01 00:00:00,-296.30000000000035
1999-03-02 00:00:00,-295.60000000000036
1999-03-03 00:00:00,-296.4000000000004
1999-03-04 00:00:00,-293.70000000000033
1999-03-05 00:00:00,-294.60000000000036
1999-03-08 00:00:00,-294.00000000000034
1999-03-09 00:00:00,-295.10000000000036
1999-03-10 00:00:00,-292.60000000000036
1999-03-11 00:00:00,-291.00000000000034
1999-03-12 00:00:00,-293.20000000000033
1999-03-15 00:00:00,-294.50000000000034
1999-03-16 00:00:00,-292.00000000000034
1999-03-17 00:00:00,-292.9000000000004
1999-03-18 00:00:00,-291.80000000000035
1999-03-19 00:00:00,-289.00000000000034
1999-03-22 00:00:00,-286.00000000000034
1999-03-23 00:00:00,-288.4000000000004
1999-03-24 00:00:00,-290.9000000000004
1999-03-25 00:00:00,-287.70000000000033
1999-03-26 00:00:00,-288.00000000000034
1999-03-29 00:00:00,-288.10000000000036
1999-03-30 00:00:00,-286.9000000000004
1999-03-31 00:00:00,-288.60000000000036
1999-04-01 00:00:00,-288.10000000000036
1999-04-05 00:00:00,-286.9000000000004
1999-04-06 00:00:00,-289.10000000000036
1999-04-07 00:00:00,-290.4000000000004
1999-04-08 00:00:00,-291.30000000000035
1999-04-09 00:00:00,-290.50000000000034
1999-04-12 00:00:00,-290.60000000000036
1999-04-13 00:00:00,-288.80000000000035
1999-04-14 00:00:00,-288.9000000000004
1999-04-15 00:00:00,-289.60000000000036
1999-04-16 00:00:00,-290.4000000000004
1999-04-19 00:00:00,-289.20000000000033
1999-04-20 00:00:00,-290.00000000000034
1999-04-21 00:00:00,-290.60000000000036
1999-04-22 00:00:00,-294.80000000000035
1999-04-23 00:00:00,-293.70000000000033
1999-04-26 00:00:00,-294.4000000000004
1999-04-27 00:00:00,-295.30000000000035
1999-04-28 00:00:00,-293.80000000000035
1999-04-29 00:00:00,-294.20000000000033
1999-04-30 00:00:00,-294.00000000000034
1999-05-03 00:00:00,-293.30000000000035
1999-05-04 00:00:00,-293.30000000000035
1999-05-05 00:00:00,-294.4000000000004
1999-05-06 00:00:00,-294.20000000000033
1999-05-07 00:00:00,-295.60000000000036
1999-05-10 00:00:00,-294.30000000000035
1999-05-11 00:00:00,-293.10000000000036
1999-05-12 00:00:00,-292.70000000000033
1999-05-13 00:00:00,-292.9000000000004
1999-05-14 00:00:00,-293.70000000000033
1999-05-17 00:00:00,-291.9000000000004
1999-05-18 00:00:00,-291.50000000000034
1999-05-19 00:00:00,-292.9000000000004
1999-05-20 00:00:00,-292.9000000000004
1999-05-21 00:00:00,-293.9000000000004
1999-05-24 00:00:00,-297.4000000000004
1999-05-25 00:00:00,-296.00000000000034
1999-05-26 00:00:00,-298.00000000000034
1999-05-27 00:00:00,-298.60000000000036
1999-05-28 00:00:00,-296.80000000000035
1999-06-01 00:00:00,-297.60000000000036
1999-06-02 00:00:00,-297.20000000000033
1999-06-03 00:00:00,-293.00000000000034
1999-06-04 00:00:00,-292.50000000000034
1999-06-07 00:00:00,-291.50000000000034
1999-06-08 00:00:00,-290.30000000000035
1999-06-09 00:00:00,-290.00000000000034
1999-06-10 00:00:00,-290.10000000000036
1999-06-11 00:00:00,-291.20000000000033
1999-06-14 00:00:00,-291.30000000000035
1999-06-15 00:00:00,-292.70000000000033
1999-06-16 00:00:00,-292.10000000000036
1999-06-17 00:00:00,-291.80000000000035
1999-06-18 00:00:00,-287.4000000000004
1999-06-21 00:00:00,-288.5000000000004
1999-06-22 00:00:00,-290.9000000000004
1999-06-23 00:00:00,-293.30000000000035
1999-06-24 00:00:00,-296.10000000000036
1999-06-25 00:00:00,-297.2000000000004
1999-06-28 00:00:00,-296.5000000000004
1999-06-29 00:00:00,-295.4000000000004
1999-06-30 00:00:00,-295.10000000000036
1999-07-01 00:00:00,-296.60000000000036
1999-07-02 00:00:00,-301.10000000000036
1999-07-06 00:00:00,-304.30000000000035
1999-07-07 00:00:00,-303.9000000000004
1999-07-08 00:00:00,-305.9000000000004
1999-07-09 00:00:00,-307.30000000000035
1999-07-12 00:00:00,-305.30000000000035
1999-07-13 00:00:00,-303.10000000000036
1999-07-14 00:00:00,-302.30000000000035
1999-07-15 00:00:00,-301.0000000000004
1999-07-16 00:00:00,-304.80000000000035
1999-07-19 00:00:00,-301.50000000000034
1999-07-20 00:00:00,-299.4000000000004
1999-07-21 00:00:00,-290.7000000000004
1999-07-22 00:00:00,-291.3000000000004
1999-07-23 00:00:00,-282.2000000000004
1999-07-26 00:00:00,-287.2000000000004
1999-07-27 00:00:00,-295.7000000000004
1999-07-28 00:00:00,-297.00000000000034
1999-07-29 00:00:00,-295.60000000000036
1999-07-30 00:00:00,-296.8000000000004
1999-08-02 00:00:00,-286.8000000000004
1999-08-03 00:00:00,-282.60000000000036
1999-08-04 00:00:00,-279.10000000000036
1999-08-05 00:00:00,-284.8000000000004
1999-08-06 00:00:00,-282.3000000000004
1999-08-09 00:00:00,-282.10000000000036
1999-08-10 00:00:00,-280.60000000000036
1999-08-11 00:00:00,-283.3000000000004
1999-08-12 00:00:00,-293.3000000000004
1999-08-13 00:00:00,-291.3000000000004
1999-08-16 00:00:00,-289.50000000000034
1999-08-17 00:00:00,-287.10000000000036
1999-08-18 00:00:00,-288.2000000000004
1999-08-19 00:00:00,-286.8000000000004
1999-08-20 00:00:00,-287.4000000000004
1999-08-23 00:00:00,-287.10000000000036
1999-08-24 00:00:00,-289.3000000000004
1999-08-25 00:00:00,-287.60000000000036
1999-08-26 00:00:00,-289.3000000000004
1999-08-27 00:00:00,-289.50000000000034
1999-08-30 00:00:00,-289.4000000000004
1999-08-31 00:00:00,-284.8000000000004
1999-09-01 00:00:00,-283.2000000000004
1999-09-02 00:00:00,-280.5000000000004
1999-09-03 00:00:00,-278.30000000000035
1999-09-07 00:00:00,-271.60000000000036
1999-09-08 00:00:00,-276.60000000000036
1999-09-09 00:00:00,-277.0000000000004
1999-09-10 00:00:00,-275.5000000000004
1999-09-13 00:00:00,-277.9000000000004
1999-09-14 00:00:00,-280.7000000000004
1999-09-15 00:00:00,-283.10000000000036
1999-09-16 00:00:00,-281.0000000000004
1999-09-17 00:00:00,-282.7000000000004
1999-09-20 00:00:00,-282.60000000000036
1999-09-21 00:00:00,-282.7000000000004
1999-09-22 00:00:00,-282.4000000000004
1999-09-23 00:00:00,-285.00000000000034
1999-09-24 00:00:00,-284.50000000000034
1999-09-27 00:00:00,-283.2000000000004
1999-09-28 00:00:00,-281.5000000000004
1999-09-29 00:00:00,-280.2000000000004
1999-09-30 00:00:00,-279.60000000000036
1999-10-01 00:00:00,-282.3000000000004
1999-10-04 00:00:00,-281.5000000000004
1999-10-05 00:00:00,-282.00000000000034
1999-10-06 00:00:00,-281.2000000000004
1999-10-07 00:00:00,-279.30000000000035
1999-10-08 00:00:00,-279.0000000000004
1999-10-11 00:00:00,-277.7000000000004
1999-10-12 00:00:00,-274.9000000000004
1999-10-13 00:00:00,-274.2000000000004
1999-10-14 00:00:00,-275.0000000000004
1999-10-15 00:00:00,-277.7000000000004
1999-10-18 00:00:00,-275.10000000000036
1999-10-19 00:00:00,-275.30000000000035
1999-10-20 00:00:00,-276.80000000000035
1999-10-21 00:00:00,-279.70000000000033
1999-10-22 00:00:00,-282.60000000000036
1999-10-25 00:00:00,-279.60000000000036
1999-10-26 00:00:00,-283.10000000000036
1999-10-27 00:00:00,-283.80000000000035
1999-10-28 00:00:00,-284.4000000000004
1999-10-29 00:00:00,-282.60000000000036
1999-11-01 00:00:00,-284.10000000000036
1999-11-02 00:00:00,-282.80000000000035
1999-11-03 00:00:00,-282.80000000000035
1999-11-04 00:00:00,-281.10000000000036
1999-11-05 00:00:00,-280.80000000000035
1999-11-08 00:00:00,-281.9000000000004
1999-11-09 00:00:00,-283.10000000000036
1999-11-10 00:00:00,-286.50000000000034
1999-11-11 00:00:00,-287.50000000000034
1999-11-12 00:00:00,-288.50000000000034
1999-11-15 00:00:00,-286.50000000000034
1999-11-16 00:00:00,-285.80000000000035
1999-11-17 00:00:00,-288.4000000000004
1999-11-18 00:00:00,-291.10000000000036
1999-11-19 00:00:00,-290.2000000000004
1999-11-22 00:00:00,-288.10000000000036
1999-11-23 00:00:00,-287.9000000000004
1999-11-24 00:00:00,-289.7000000000004
1999-11-26 00:00:00,-290.50000000000034
1999-11-29 00:00:00,-288.80000000000035
1999-11-30 00:00:00,-286.7000000000004
1999-12-01 00:00:00,-286.60000000000036
1999-12-02 00:00:00,-286.00000000000034
1999-12-03 00:00:00,-285.80000000000035
1999-12-06 00:00:00,-283.50000000000034
1999-12-07 00:00:00,-282.7000000000004
1999-12-08 00:00:00,-285.7000000000004
1999-12-09 00:00:00,-288.50000000000034
1999-12-10 00:00:00,-287.30000000000035
1999-12-13 00:00:00,-290.4000000000004
1999-12-14 00:00:00,-289.60000000000036
1999-12-15 00:00:00,-290.50000000000034
1999-12-16 00:00:00,-290.2000000000004
1999-12-17 00:00:00,-289.50000000000034
1999-12-20 00:00:00,-287.50000000000034
1999-12-21 00:00:00,-288.7000000000004
1999-12-22 00:00:00,-287.00000000000034
1999-12-23 00:00:00,-286.30000000000035
1999-12-27 00:00:00,-287.80000000000035
1999-12-28 00:00:00,-288.2000000000004
1999-12-29 00:00:00,-288.80000000000035
1999-12-30 00:00:00,-286.60000000000036
2000-01-03 00:00:00,-287.50000000000034
2000-01-04 00:00:00,-285.30000000000035
2000-01-05 00:00:00,-281.10000000000036
2000-01-06 00:00:00,-282.80000000000035
2000-01-07 00:00:00,-282.80000000000035
2000-01-10 00:00:00,-283.9000000000003
2000-01-11 00:00:00,-283.00000000000034
2000-01-12 00:00:00,-280.30000000000035
2000-01-13 00:00:00,-278.4000000000004
2000-01-14 00:00:00,-274.4000000000004
2000-01-18 00:00:00,-272.60000000000036
2000-01-19 00:00:00,-272.80000000000035
2000-01-20 00:00:00,-269.9000000000003
2000-01-21 00:00:00,-269.60000000000036
2000-01-24 00:00:00,-267.2000000000004
2000-01-25 00:00:00,-266.30000000000035
2000-01-26 00:00:00,-268.10000000000036
2000-01-27 00:00:00,-264.7000000000004
2000-01-28 00:00:00,-265.2000000000004
2000-01-31 00:00:00,-269.4000000000003
2000-02-01 00:00:00,-269.30000000000035
2000-02-02 00:00:00,-269.2000000000004
2000-02-03 00:00:00,-271.50000000000034
2000-02-04 00:00:00,-269.2000000000004
2000-02-07 00:00:00,-269.2000000000004
2000-02-08 00:00:00,-270.7000000000004
2000-02-09 00:00:00,-269.10000000000036
2000-02-10 00:00:00,-265.10000000000036
2000-02-11 00:00:00,-266.9000000000003
2000-02-14 00:00:00,-266.7000000000004
2000-02-15 00:00:00,-264.7000000000004
2000-02-16 00:00:00,-265.50000000000034
2000-02-17 00:00:00,-264.3000000000004
2000-02-18 00:00:00,-261.9000000000004
2000-02-22 00:00:00,-263.2000000000004
2000-02-23 00:00:00,-269.60000000000036
2000-02-24 00:00:00,-267.60000000000036
2000-02-25 00:00:00,-269.4000000000004
2000-02-28 00:00:00,-269.3000000000004
2000-02-29 00:00:00,-268.60000000000036
2000-03-01 00:00:00,-269.7000000000004
2000-03-02 00:00:00,-268.4000000000004
2000-03-03 00:00:00,-268.60000000000036
2000-03-06 00:00:00,-266.9000000000004
2000-03-07 00:00:00,-268.60000000000036
2000-03-08 00:00:00,-266.50000000000034
2000-03-09 00:00:00,-266.00000000000034
2000-03-10 00:00:00,-268.10000000000036
2000-03-13 00:00:00,-263.10000000000036
2000-03-14 00:00:00,-261.60000000000036
2000-03-15 00:00:00,-264.10000000000036
2000-03-16 00:00:00,-264.10000000000036
2000-03-17 00:00:00,-261.7000000000004
2000-03-20 00:00:00,-266.10000000000036
2000-03-21 00:00:00,-264.9000000000004
2000-03-22 00:00:00,-263.9000000000004
2000-03-23 00:00:00,-266.10000000000036
2000-03-24 00:00:00,-263.8000000000004
2000-03-27 00:00:00,-264.60000000000036
2000-03-28 00:00:00,-266.50000000000034
2000-03-29 00:00:00,-266.7000000000004
2000-03-30 00:00:00,-263.8000000000004
2000-03-31 00:00:00,-261.2000000000004
2000-04-03 00:00:00,-262.10000000000036
2000-04-04 00:00:00,-265.10000000000036
2000-04-05 00:00:00,-263.4000000000004
2000-04-06 00:00:00,-265.9000000000004
2000-04-07 00:00:00,-263.3000000000004
2000-04-10 00:00:00,-265.2000000000004
2000-04-11 00:00:00,-266.4000000000004
2000-04-12 00:00:00,-263.60000000000036
2000-04-13 00:00:00,-264.3000000000004
2000-04-14 00:00:00,-265.8000000000004
2000-04-17 00:00:00,-266.3000000000004
2000-04-18 00:00:00,-265.8000000000004
2000-04-19 00:00:00,-265.3000000000004
2000-04-20 00:00:00,-265.4000000000004
2000-04-24 00:00:00,-260.60000000000036
2000-04-25 00:00:00,-260.4000000000004
2000-04-26 00:00:00,-260.4000000000004
2000-04-27 00:00:00,-262.10000000000036
2000-04-28 00:00:00,-264.3000000000004
2000-05-01 00:00:00,-254.3000000000004
2000-05-02 00:00:00,-254.8000000000004
2000-05-03 00:00:00,-251.90000000000038
2000-05-04 00:00:00,-251.70000000000033
2000-05-05 00:00:00,-251.70000000000033
2000-05-08 00:00:00,-253.0000000000004
2000-05-09 00:00:00,-254.2000000000004
2000-05-10 00:00:00,-247.60000000000036
2000-05-11 00:00:00,-247.90000000000038
2000-05-12 00:00:00,-248.0000000000004
2000-05-15 00:00:00,-252.5000000000004
2000-05-16 00:00:00,-253.90000000000038
2000-05-17 00:00:00,-255.90000000000038
2000-05-18 00:00:00,-254.00000000000034
2000-05-19 00:00:00,-252.0000000000004
2000-05-22 00:00:00,-252.10000000000036
2000-05-23 00:00:00,-254.10000000000036
2000-05-24 00:00:00,-256.9000000000004
2000-05-25 00:00:00,-261.9000000000004
2000-05-26 00:00:00,-258.10000000000036
2000-05-30 00:00:00,-261.9000000000004
2000-05-31 00:00:00,-260.8000000000004
2000-06-01 00:00:00,-260.60000000000036
2000-06-02 00:00:00,-258.5000000000004
2000-06-05 00:00:00,-258.5000000000004
2000-06-06 00:00:00,-258.7000000000004
2000-06-07 00:00:00,-261.3000000000004
2000-06-08 00:00:00,-262.50000000000034
2000-06-09 00:00:00,-262.50000000000034
2000-06-12 00:00:00,-267.8000000000004
2000-06-13 00:00:00,-268.7000000000004
2000-06-14 00:00:00,-272.00000000000034
2000-06-15 00:00:00,-272.9000000000004
2000-06-16 00:00:00,-273.0000000000004
2000-06-19 00:00:00,-275.60000000000036
2000-06-20 00:00:00,-278.70000000000033
2000-06-21 00:00:00,-277.60000000000036
2000-06-22 00:00:00,-278.30000000000035
2000-06-23 00:00:00,-279.10000000000036
2000-06-26 00:00:00,-279.0000000000004
2000-06-27 00:00:00,-277.10000000000036
2000-06-28 00:00:00,-277.60000000000036
2000-06-29 00:00:00,-275.0000000000004
2000-06-30 00:00:00,-279.20000000000033
2000-07-03 00:00:00,-280.20000000000033
2000-07-05 00:00:00,-278.9000000000004
2000-07-06 00:00:00,-282.60000000000036
2000-07-07 00:00:00,-281.0000000000004
2000-07-10 00:00:00,-281.80000000000035
2000-07-11 00:00:00,-283.30000000000035
2000-07-12 00:00:00,-281.80000000000035
2000-07-13 00:00:00,-281.5000000000004
2000-07-14 00:00:00,-285.00000000000034
2000-07-17 00:00:00,-287.10000000000036
2000-07-18 00:00:00,-285.80000000000035
2000-07-19 00:00:00,-284.30000000000035
2000-07-20 00:00:00,-282.10000000000036
2000-07-21 00:00:00,-279.80000000000035
2000-07-24 00:00:00,-282.60000000000036
2000-07-25 00:00:00,-284.9000000000003
2000-07-26 00:00:00,-284.50000000000034
2000-07-27 00:00:00,-282.30000000000035
2000-07-28 00:00:00,-284.2000000000004
2000-07-31 00:00:00,-286.80000000000035
2000-08-01 00:00:00,-286.80000000000035
2000-08-02 00:00:00,-285.10000000000036
2000-08-03 00:00:00,-285.60000000000036
2000-08-04 00:00:00,-285.7000000000004
2000-08-07 00:00:00,-286.60000000000036
2000-08-08 00:00:00,-284.9000000000003
2000-08-09 00:00:00,-284.50000000000034
2000-08-10 00:00:00,-282.50000000000034
2000-08-11 00:00:00,-280.0000000000004
2000-08-14 00:00:00,-279.10000000000036
2000-08-15 00:00:00,-277.4000000000004
2000-08-16 00:00:00,-275.60000000000036
2000-08-17 00:00:00,-277.5000000000004
2000-08-18 00:00:00,-278.60000000000036
2000-08-21 00:00:00,-276.30000000000035
2000-08-22 00:00:00,-277.9000000000004
2000-08-23 00:00:00,-276.9000000000004
2000-08-24 00:00:00,-275.9000000000004
2000-08-25 00:00:00,-275.60000000000036
2000-08-28 00:00:00,-271.9000000000003
2000-08-29 00:00:00,-267.10000000000036
2000-08-30 00:00:00,-268.10000000000036
2000-08-31 00:00:00,-262.30000000000035
2000-09-01 00:00:00,-263.7000000000004
2000-09-05 00:00:00,-260.4000000000003
2000-09-06 00:00:00,-265.60000000000036
2000-09-07 00:00:00,-266.9000000000003
2000-09-08 00:00:00,-263.30000000000035
2000-09-11 00:00:00,-262.60000000000036
2000-09-12 00:00:00,-262.10000000000036
2000-09-13 00:00:00,-264.50000000000034
2000-09-14 00:00:00,-265.9000000000003
2000-09-15 00:00:00,-268.30000000000035
2000-09-18 00:00:00,-264.00000000000034
2000-09-19 00:00:00,-267.10000000000036
2000-09-20 00:00:00,-265.60000000000036
2000-09-21 00:00:00,-264.10000000000036
2000-09-22 00:00:00,-262.00000000000034
2000-09-25 00:00:00,-262.7000000000004
2000-09-26 00:00:00,-262.9000000000003
2000-09-27 00:00:00,-262.9000000000003
2000-09-28 00:00:00,-261.60000000000036
2000-09-29 00:00:00,-264.00000000000034
2000-10-02 00:00:00,-263.9000000000003
2000-10-03 00:00:00,-263.60000000000036
2000-10-04 00:00:00,-264.10000000000036
2000-10-05 00:00:00,-264.7000000000004
2000-10-06 00:00:00,-265.7000000000004
2000-10-09 00:00:00,-266.60000000000036
2000-10-10 00:00:00,-265.30000000000035
2000-10-11 00:00:00,-267.30000000000035
2000-10-12 00:00:00,-268.50000000000034
2000-10-13 00:00:00,-270.80000000000035
2000-10-16 00:00:00,-270.80000000000035
2000-10-17 00:00:00,-268.00000000000034
2000-10-18 00:00:00,-267.30000000000035
2000-10-19 00:00:00,-265.10000000000036
2000-10-20 00:00:00,-266.4000000000003
2000-10-23 00:00:00,-268.80000000000035
2000-10-24 00:00:00,-267.20000000000033
2000-10-25 00:00:00,-267.50000000000034
2000-10-26 00:00:00,-269.4000000000003
2000-10-27 00:00:00,-270.00000000000034
2000-10-30 00:00:00,-269.20000000000033
2000-10-31 00:00:00,-267.10000000000036
2000-11-01 00:00:00,-266.9000000000003
2000-11-02 00:00:00,-264.20000000000033
2000-11-03 00:00:00,-263.80000000000035
2000-11-06 00:00:00,-261.50000000000034
2000-11-07 00:00:00,-262.4000000000003
2000-11-08 00:00:00,-263.30000000000035
2000-11-09 00:00:00,-266.20000000000033
2000-11-10 00:00:00,-267.9000000000003
2000-11-13 00:00:00,-266.20000000000033
2000-11-14 00:00:00,-265.20000000000033
2000-11-15 00:00:00,-264.4000000000003
2000-11-16 00:00:00,-265.60000000000036
2000-11-17 00:00:00,-259.4000000000004
2000-11-20 00:00:00,-256.1000000000003
2000-11-21 00:00:00,-257.80000000000035
2000-11-22 00:00:00,-256.80000000000035
2000-11-24 00:00:00,-251.00000000000034
2000-11-27 00:00:00,-249.90000000000038
2000-11-28 00:00:00,-249.6000000000003
2000-11-29 00:00:00,-246.90000000000038
2000-11-30 00:00:00,-245.40000000000038
2000-12-01 00:00:00,-245.6000000000003
2000-12-04 00:00:00,-247.40000000000038
2000-12-05 00:00:00,-248.90000000000038
2000-12-06 00:00:00,-247.90000000000038
2000-12-07 00:00:00,-249.70000000000033
2000-12-08 00:00:00,-247.1000000000003
2000-12-11 00:00:00,-245.70000000000033
2000-12-12 00:00:00,-246.30000000000035
2000-12-13 00:00:00,-246.80000000000035
2000-12-14 00:00:00,-247.1000000000003
2000-12-15 00:00:00,-246.00000000000034
2000-12-18 00:00:00,-244.00000000000034
2000-12-19 00:00:00,-242.90000000000038
2000-12-20 00:00:00,-244.80000000000035
2000-12-21 00:00:00,-244.80000000000035
2000-12-22 00:00:00,-242.70000000000033
2000-12-26 00:00:00,-244.50000000000034
2000-12-27 00:00:00,-245.00000000000034
2000-12-28 00:00:00,-244.90000000000038
2000-12-29 00:00:00,-244.90000000000038
2001-01-02 00:00:00,-246.1000000000003
2001-01-03 00:00:00,-246.90000000000038
2001-01-04 00:00:00,-247.80000000000035
2001-01-05 00:00:00,-250.6000000000003
2001-01-08 00:00:00,-250.40000000000038
2001-01-09 00:00:00,-247.70000000000033
2001-01-10 00:00:00,-248.90000000000038
2001-01-11 00:00:00,-253.50000000000034
2001-01-12 00:00:00,-254.30000000000035
2001-01-16 00:00:00,-255.70000000000033
2001-01-17 00:00:00,-258.00000000000034
2001-01-18 00:00:00,-257.4000000000004
2001-01-19 00:00:00,-257.9000000000004
2001-01-22 00:00:00,-256.70000000000033
2001-01-23 00:00:00,-259.80000000000035
2001-01-24 00:00:00,-260.60000000000036
2001-01-25 00:00:00,-262.70000000000033
2001-01-26 00:00:00,-264.00000000000034
2001-01-29 00:00:00,-264.9000000000003
2001-01-30 00:00:00,-264.60000000000036
2001-01-31 00:00:00,-265.10000000000036
2001-02-01 00:00:00,-266.20000000000033
2001-02-02 00:00:00,-263.20000000000033
2001-02-05 00:00:00,-266.50000000000034
2001-02-06 00:00:00,-264.80000000000035
2001-02-07 00:00:00,-264.80000000000035
2001-02-08 00:00:00,-267.10000000000036
2001-02-09 00:00:00,-267.30000000000035
2001-02-12 00:00:00,-268.70000000000033
2001-02-13 00:00:00,-269.9000000000003
2001-02-14 00:00:00,-270.10000000000036
2001-02-15 00:00:00,-270.30000000000035
2001-02-16 00:00:00,-270.30000000000035
2001-02-20 00:00:00,-269.20000000000033
2001-02-21 00:00:00,-269.60000000000036
2001-02-22 00:00:00,-270.70000000000033
2001-02-23 00:00:00,-273.30000000000035
2001-02-26 00:00:00,-274.6000000000003
2001-02-27 00:00:00,-274.1000000000003
2001-02-28 00:00:00,-274.1000000000003
2001-03-01 00:00:00,-273.20000000000033
2001-03-02 00:00:00,-273.1000000000003
2001-03-05 00:00:00,-272.20000000000033
2001-03-06 00:00:00,-269.80000000000035
2001-03-07 00:00:00,-271.00000000000034
2001-03-08 00:00:00,-273.4000000000004
2001-03-09 00:00:00,-272.4000000000004
2001-03-12 00:00:00,-272.6000000000003
2001-03-13 00:00:00,-275.20000000000033
2001-03-14 00:00:00,-280.1000000000003
2001-03-15 00:00:00,-278.6000000000003
2001-03-16 00:00:00,-280.1000000000003
2001-03-19 00:00:00,-280.20000000000033
2001-03-20 00:00:00,-278.20000000000033
2001-03-21 00:00:00,-279.6000000000003
2001-03-22 00:00:00,-282.10000000000036
2001-03-23 00:00:00,-281.4000000000004
2001-03-26 00:00:00,-278.50000000000034
2001-03-27 00:00:00,-278.50000000000034
2001-03-28 00:00:00,-280.00000000000034
2001-03-29 00:00:00,-281.9000000000004
2001-03-30 00:00:00,-285.4000000000003
2001-04-02 00:00:00,-282.00000000000034
2001-04-03 00:00:00,-281.9000000000004
2001-04-04 00:00:00,-278.70000000000033
2001-04-05 00:00:00,-278.1000000000003
2001-04-06 00:00:00,-278.80000000000035
2001-04-09 00:00:00,-276.80000000000035
2001-04-10 00:00:00,-278.50000000000034
2001-04-11 00:00:00,-277.80000000000035
2001-04-12 00:00:00,-277.80000000000035
2001-04-16 00:00:00,-278.9000000000004
2001-04-17 00:00:00,-280.1000000000003
2001-04-18 00:00:00,-278.80000000000035
2001-04-19 00:00:00,-280.00000000000034
2001-04-20 00:00:00,-279.50000000000034
2001-04-23 00:00:00,-281.4000000000004
2001-04-24 00:00:00,-280.9000000000004
2001-04-25 00:00:00,-283.60000000000036
2001-04-26 00:00:00,-279.1000000000003
2001-04-27 00:00:00,-280.20000000000033
2001-04-30 00:00:00,-276.9000000000004
2001-05-01 00:00:00,-276.00000000000034
2001-05-02 00:00:00,-274.6000000000003
2001-05-03 00:00:00,-275.1000000000003
2001-05-04 00:00:00,-272.50000000000034
2001-05-07 00:00:00,-274.4000000000004
2001-05-08 00:00:00,-275.00000000000034
2001-05-09 00:00:00,-274.70000000000033
2001-05-10 00:00:00,-276.6000000000003
2001-05-11 00:00:00,-275.6000000000003
2001-05-14 00:00:00,-272.10000000000036
2001-05-15 00:00:00,-272.30000000000035
2001-05-16 00:00:00,-269.80000000000035
2001-05-17 00:00:00,-268.7000000000004
2001-05-18 00:00:00,-269.4000000000003
2001-05-21 00:00:00,-270.2000000000004
2001-05-22 00:00:00,-270.2000000000004
2001-05-23 00:00:00,-269.50000000000034
2001-05-24 00:00:00,-267.7000000000004
2001-05-25 00:00:00,-267.7000000000004
2001-05-29 00:00:00,-271.30000000000035
2001-05-30 00:00:00,-272.4000000000004
2001-05-31 00:00:00,-268.00000000000034
2001-06-01 00:00:00,-268.80000000000035
2001-06-04 00:00:00,-267.50000000000034
2001-06-05 00:00:00,-267.10000000000036
2001-06-06 00:00:00,-264.10000000000036
2001-06-07 00:00:00,-264.4000000000003
2001-06-08 00:00:00,-262.4000000000003
2001-06-11 00:00:00,-260.80000000000035
2001-06-12 00:00:00,-258.9000000000004
2001-06-13 00:00:00,-259.9000000000004
2001-06-14 00:00:00,-261.2000000000004
2001-06-15 00:00:00,-263.9000000000003
2001-06-18 00:00:00,-263.9000000000003
2001-06-19 00:00:00,-262.9000000000003
2001-06-20 00:00:00,-264.8000000000003
2001-06-21 00:00:00,-266.10000000000036
2001-06-22 00:00:00,-268.10000000000036
2001-06-25 00:00:00,-268.60000000000036
2001-06-26 00:00:00,-267.00000000000034
2001-06-27 00:00:00,-264.8000000000003
2001-06-28 00:00:00,-264.8000000000003
2001-06-29 00:00:00,-256.6000000000003
2001-07-02 00:00:00,-254.40000000000032
2001-07-03 00:00:00,-253.40000000000032
2001-07-05 00:00:00,-252.70000000000033
2001-07-06 00:00:00,-255.70000000000033
2001-07-09 00:00:00,-251.50000000000034
2001-07-10 00:00:00,-249.70000000000033
2001-07-11 00:00:00,-248.50000000000034
2001-07-12 00:00:00,-245.00000000000034
2001-07-13 00:00:00,-246.80000000000035
2001-07-16 00:00:00,-252.70000000000033
2001-07-17 00:00:00,-250.1000000000003
2001-07-18 00:00:00,-253.00000000000034
2001-07-19 00:00:00,-253.60000000000036
2001-07-20 00:00:00,-258.00000000000034
2001-07-23 00:00:00,-255.70000000000033
2001-07-24 00:00:00,-254.80000000000035
2001-07-25 00:00:00,-251.30000000000035
2001-07-26 00:00:00,-251.90000000000038
2001-07-27 00:00:00,-250.20000000000033
2001-07-30 00:00:00,-254.80000000000035
2001-07-31 00:00:00,-253.60000000000036
2001-08-01 00:00:00,-254.50000000000034
2001-08-02 00:00:00,-257.1000000000003
2001-08-03 00:00:00,-258.1000000000003
2001-08-06 00:00:00,-257.4000000000004
2001-08-07 00:00:00,-257.30000000000035
2001-08-08 00:00:00,-257.50000000000034
2001-08-09 00:00:00,-253.80000000000035
2001-08-10 00:00:00,-252.70000000000033
2001-08-13 00:00:00,-250.30000000000035
2001-08-14 00:00:00,-252.90000000000038
2001-08-15 00:00:00,-250.50000000000034
2001-08-16 00:00:00,-253.90000000000032
2001-08-17 00:00:00,-253.60000000000036
2001-08-20 00:00:00,-256.6000000000003
2001-08-21 00:00:00,-254.90000000000032
2001-08-22 00:00:00,-255.60000000000036
2001-08-23 00:00:00,-257.1000000000003
2001-08-24 00:00:00,-258.70000000000033
2001-08-27 00:00:00,-258.9000000000004
2001-08-28 00:00:00,-259.20000000000033
2001-08-29 00:00:00,-256.00000000000034
2001-08-30 00:00:00,-256.20000000000033
2001-08-31 00:00:00,-251.40000000000038
2001-09-04 00:00:00,-251.40000000000038
2001-09-05 00:00:00,-254.60000000000036
2001-09-06 00:00:00,-256.20000000000033
2001-09-07 00:00:00,-257.80000000000035
2001-09-10 00:00:00,-256.80000000000035
2001-09-13 00:00:00,-250.00000000000034
2001-09-14 00:00:00,-252.80000000000035
2001-09-17 00:00:00,-250.90000000000038
2001-09-18 00:00:00,-253.2000000000004
2001-09-19 00:00:00,-255.80000000000035
2001-09-20 00:00:00,-253.7000000000004
2001-09-21 00:00:00,-255.50000000000034
2001-09-24 00:00:00,-257.10000000000036
2001-09-25 00:00:00,-258.80000000000035
2001-09-26 00:00:00,-258.0000000000004
2001-09-27 00:00:00,-258.60000000000036
2001-09-28 00:00:00,-260.30000000000035
2001-10-01 00:00:00,-258.80000000000035
2001-10-02 00:00:00,-257.4000000000004
2001-10-03 00:00:00,-256.9000000000004
2001-10-04 00:00:00,-257.0000000000004
2001-10-05 00:00:00,-255.7000000000004
2001-10-08 00:00:00,-253.40000000000032
2001-10-09 00:00:00,-255.60000000000036
2001-10-10 00:00:00,-256.4000000000004
2001-10-11 00:00:00,-256.0000000000004
2001-10-12 00:00:00,-259.30000000000035
2001-10-15 00:00:00,-262.80000000000035
2001-10-16 00:00:00,-262.30000000000035
2001-10-17 00:00:00,-261.9000000000003
2001-10-18 00:00:00,-262.7000000000004
2001-10-19 00:00:00,-263.60000000000036
2001-10-22 00:00:00,-264.10000000000036
2001-10-23 00:00:00,-264.2000000000004
2001-10-24 00:00:00,-262.60000000000036
2001-10-25 00:00:00,-260.30000000000035
2001-10-26 00:00:00,-259.9000000000004
2001-10-29 00:00:00,-261.00000000000034
2001-10-30 00:00:00,-259.70000000000033
2001-10-31 00:00:00,-260.10000000000036
2001-11-01 00:00:00,-258.20000000000033
2001-11-02 00:00:00,-259.50000000000034
2001-11-05 00:00:00,-261.2000000000004
2001-11-06 00:00:00,-262.2000000000004
2001-11-07 00:00:00,-261.60000000000036
2001-11-08 00:00:00,-263.50000000000034
2001-11-09 00:00:00,-262.50000000000034
2001-11-12 00:00:00,-260.80000000000035
2001-11-13 00:00:00,-261.60000000000036
2001-11-14 00:00:00,-260.7000000000004
2001-11-15 00:00:00,-260.50000000000034
2001-11-16 00:00:00,-259.20000000000033
2001-11-19 00:00:00,-260.9000000000003
2001-11-20 00:00:00,-261.4000000000003
2001-11-21 00:00:00,-261.50000000000034
2001-11-23 00:00:00,-261.80000000000035
2001-11-26 00:00:00,-266.50000000000034
2001-11-27 00:00:00,-266.00000000000034
2001-11-28 00:00:00,-268.10000000000036
2001-11-29 00:00:00,-267.2000000000004
2001-11-30 00:00:00,-264.50000000000034
2001-12-03 00:00:00,-264.9000000000003
2001-12-04 00:00:00,-266.30000000000035
2001-12-05 00:00:00,-267.4000000000003
2001-12-06 00:00:00,-268.60000000000036
2001-12-07 00:00:00,-267.10000000000036
2001-12-10 00:00:00,-268.2000000000004
2001-12-11 00:00:00,-268.9000000000003
2001-12-12 00:00:00,-269.10000000000036
2001-12-13 00:00:00,-268.4000000000003
2001-12-14 00:00:00,-268.50000000000034
2001-12-17 00:00:00,-267.9000000000003
2001-12-18 00:00:00,-269.7000000000004
2001-12-19 00:00:00,-270.10000000000036
2001-12-20 00:00:00,-269.10000000000036
2001-12-21 00:00:00,-270.4000000000003
2001-12-26 00:00:00,-272.00000000000034
2001-12-27 00:00:00,-271.10000000000036
2001-12-28 00:00:00,-271.7000000000004
2001-12-31 00:00:00,-272.4000000000004
2002-01-02 00:00:00,-273.80000000000035
2002-01-03 00:00:00,-272.30000000000035
2002-01-04 00:00:00,-273.70000000000033
2002-01-07 00:00:00,-273.1000000000003
2002-01-08 00:00:00,-271.7000000000004
2002-01-09 00:00:00,-269.4000000000003
2002-01-10 00:00:00,-271.00000000000034
2002-01-11 00:00:00,-265.00000000000034
2002-01-14 00:00:00,-261.30000000000035
2002-01-15 00:00:00,-261.00000000000034
2002-01-16 00:00:00,-257.00000000000034
2002-01-17 00:00:00,-258.1000000000003
2002-01-18 00:00:00,-261.2000000000004
2002-01-22 00:00:00,-263.7000000000004
2002-01-23 00:00:00,-267.60000000000036
2002-01-24 00:00:00,-265.50000000000034
2002-01-25 00:00:00,-266.60000000000036
2002-01-28 00:00:00,-265.60000000000036
2002-01-29 00:00:00,-267.50000000000034
2002-01-30 00:00:00,-268.00000000000034
2002-01-31 00:00:00,-266.2000000000004
2002-02-01 00:00:00,-268.80000000000035
2002-02-04 00:00:00,-266.80000000000035
2002-02-05 00:00:00,-267.50000000000034
2002-02-06 00:00:00,-267.80000000000035
2002-02-07 00:00:00,-267.10000000000036
2002-02-08 00:00:00,-268.9000000000003
2002-02-11 00:00:00,-268.30000000000035
2002-02-12 00:00:00,-266.60000000000036
2002-02-13 00:00:00,-266.50000000000034
2002-02-14 00:00:00,-267.30000000000035
2002-02-15 00:00:00,-267.20000000000033
2002-02-19 00:00:00,-268.00000000000034
2002-02-20 00:00:00,-265.4000000000003
2002-02-21 00:00:00,-264.9000000000003
2002-02-22 00:00:00,-265.9000000000003
2002-02-25 00:00:00,-267.10000000000036
2002-02-26 00:00:00,-266.20000000000033
2002-02-27 00:00:00,-262.00000000000034
2002-02-28 00:00:00,-264.20000000000033
2002-03-01 00:00:00,-262.4000000000003
2002-03-04 00:00:00,-261.50000000000034
2002-03-05 00:00:00,-260.4000000000003
2002-03-06 00:00:00,-262.00000000000034
2002-03-07 00:00:00,-260.80000000000035
2002-03-08 00:00:00,-257.80000000000035
2002-03-11 00:00:00,-259.1000000000003
2002-03-12 00:00:00,-259.6000000000003
2002-03-13 00:00:00,-259.70000000000033
2002-03-14 00:00:00,-258.30000000000035
2002-03-15 00:00:00,-256.70000000000033
2002-03-18 00:00:00,-260.30000000000035
2002-03-19 00:00:00,-259.30000000000035
2002-03-20 00:00:00,-260.20000000000033
2002-03-21 00:00:00,-258.9000000000004
2002-03-22 00:00:00,-257.70000000000033
2002-03-25 00:00:00,-257.20000000000033
2002-03-26 00:00:00,-254.90000000000032
2002-03-27 00:00:00,-254.10000000000036
2002-03-28 00:00:00,-255.20000000000033
2002-04-01 00:00:00,-255.50000000000034
2002-04-02 00:00:00,-256.00000000000034
2002-04-03 00:00:00,-259.30000000000035
2002-04-04 00:00:00,-260.9000000000003
2002-04-05 00:00:00,-259.80000000000035
2002-04-08 00:00:00,-261.20000000000033
2002-04-09 00:00:00,-260.30000000000035
2002-04-10 00:00:00,-260.9000000000003
2002-04-11 00:00:00,-262.10000000000036
2002-04-12 00:00:00,-261.30000000000035
2002-04-15 00:00:00,-261.30000000000035
2002-04-16 00:00:00,-258.4000000000004
2002-04-17 00:00:00,-256.00000000000034
2002-04-18 00:00:00,-257.30000000000035
2002-04-19 00:00:00,-256.70000000000033
2002-04-22 00:00:00,-257.4000000000004
2002-04-23 00:00:00,-256.1000000000003
2002-04-24 00:00:00,-253.90000000000032
2002-04-25 00:00:00,-255.00000000000034
2002-04-26 00:00:00,-257.9000000000004
2002-04-29 00:00:00,-258.4000000000004
2002-04-30 00:00:00,-257.70000000000033
2002-05-01 00:00:00,-258.30000000000035
2002-05-02 00:00:00,-259.00000000000034
2002-05-03 00:00:00,-259.20000000000033
2002-05-06 00:00:00,-258.70000000000033
2002-05-07 00:00:00,-258.70000000000033
2002-05-08 00:00:00,-256.50000000000034
2002-05-09 00:00:00,-255.90000000000038
2002-05-10 00:00:00,-259.20000000000033
2002-05-13 00:00:00,-255.40000000000032
2002-05-14 00:00:00,-255.60000000000036
2002-05-15 00:00:00,-252.90000000000038
2002-05-16 00:00:00,-252.1000000000003
2002-05-17 00:00:00,-251.80000000000035
2002-05-20 00:00:00,-251.00000000000034
2002-05-21 00:00:00,-251.90000000000038
2002-05-22 00:00:00,-252.40000000000038
2002-05-23 00:00:00,-253.7000000000004
2002-05-24 00:00:00,-253.00000000000034
2002-05-28 00:00:00,-252.40000000000038
2002-05-29 00:00:00,-251.90000000000038
2002-05-30 00:00:00,-249.90000000000038
2002-05-31 00:00:00,-248.1000000000003
2002-06-03 00:00:00,-249.00000000000034
2002-06-04 00:00:00,-248.80000000000035
2002-06-05 00:00:00,-249.1000000000003
2002-06-06 00:00:00,-250.30000000000035
2002-06-07 00:00:00,-250.40000000000038
2002-06-10 00:00:00,-250.90000000000038
2002-06-11 00:00:00,-250.6000000000003
2002-06-12 00:00:00,-251.40000000000038
2002-06-13 00:00:00,-249.30000000000035
2002-06-14 00:00:00,-251.80000000000035
2002-06-17 00:00:00,-251.20000000000033
2002-06-18 00:00:00,-251.90000000000038
2002-06-19 00:00:00,-251.5000000000004
2002-06-20 00:00:00,-252.0000000000004
2002-06-21 00:00:00,-250.80000000000035
2002-06-24 00:00:00,-247.40000000000038
2002-06-25 00:00:00,-246.0000000000004
2002-06-26 00:00:00,-244.70000000000033
2002-06-27 00:00:00,-242.0000000000004
2002-06-28 00:00:00,-238.90000000000038
2002-07-01 00:00:00,-233.90000000000038
2002-07-02 00:00:00,-236.5000000000004
2002-07-03 00:00:00,-237.30000000000035
2002-07-05 00:00:00,-235.70000000000033
2002-07-08 00:00:00,-238.90000000000038
2002-07-09 00:00:00,-236.90000000000038
2002-07-10 00:00:00,-237.30000000000035
2002-07-11 00:00:00,-235.90000000000038
2002-07-12 00:00:00,-236.5000000000004
2002-07-15 00:00:00,-234.0000000000004
2002-07-16 00:00:00,-232.0000000000004
2002-07-17 00:00:00,-234.90000000000038
2002-07-18 00:00:00,-235.30000000000035
2002-07-19 00:00:00,-234.90000000000038
2002-07-22 00:00:00,-229.40000000000038
2002-07-23 00:00:00,-234.30000000000035
2002-07-24 00:00:00,-231.40000000000038
2002-07-25 00:00:00,-237.60000000000042
2002-07-26 00:00:00,-241.10000000000042
2002-07-29 00:00:00,-245.5000000000004
2002-07-30 00:00:00,-240.60000000000042
2002-07-31 00:00:00,-238.0000000000004
2002-08-01 00:00:00,-235.7000000000004
2002-08-02 00:00:00,-235.10000000000042
2002-08-05 00:00:00,-236.2000000000004
2002-08-06 00:00:00,-236.2000000000004
2002-08-07 00:00:00,-238.30000000000035
2002-08-08 00:00:00,-240.80000000000035
2002-08-09 00:00:00,-238.80000000000035
2002-08-12 00:00:00,-230.7000000000004
2002-08-13 00:00:00,-227.10000000000042
2002-08-14 00:00:00,-222.60000000000036
2002-08-15 00:00:00,-224.40000000000038
2002-08-16 00:00:00,-227.0000000000004
2002-08-19 00:00:00,-232.10000000000042
2002-08-20 00:00:00,-237.5000000000004
2002-08-21 00:00:00,-234.80000000000035
2002-08-22 00:00:00,-236.40000000000038
2002-08-23 00:00:00,-236.5000000000004
2002-08-26 00:00:00,-235.60000000000042
2002-08-27 00:00:00,-234.0000000000004
2002-08-28 00:00:00,-234.40000000000038
2002-08-29 00:00:00,-235.5000000000004
2002-08-30 00:00:00,-234.5000000000004
2002-09-03 00:00:00,-232.5000000000004
2002-09-04 00:00:00,-231.2000000000004
2002-09-05 00:00:00,-228.40000000000038
2002-09-06 00:00:00,-226.90000000000038
2002-09-09 00:00:00,-223.3000000000004
2002-09-10 00:00:00,-221.0000000000004
2002-09-11 00:00:00,-215.60000000000036
2002-09-12 00:00:00,-219.80000000000035
2002-09-13 00:00:00,-224.8000000000004
2002-09-16 00:00:00,-221.3000000000004
2002-09-17 00:00:00,-221.2000000000004
2002-09-18 00:00:00,-220.10000000000036
2002-09-19 00:00:00,-222.40000000000038
2002-09-20 00:00:00,-224.50000000000034
2002-09-23 00:00:00,-227.10000000000036
2002-09-24 00:00:00,-225.10000000000036
2002-09-25 00:00:00,-226.80000000000035
2002-09-26 00:00:00,-225.7000000000004
2002-09-27 00:00:00,-227.5000000000004
2002-09-30 00:00:00,-231.80000000000035
2002-10-01 00:00:00,-232.5000000000004
2002-10-02 00:00:00,-233.90000000000038
2002-10-03 00:00:00,-234.30000000000035
2002-10-04 00:00:00,-232.90000000000038
2002-10-07 00:00:00,-232.5000000000004
2002-10-08 00:00:00,-233.90000000000038
2002-10-09 00:00:00,-238.20000000000033
2002-10-10 00:00:00,-237.70000000000033
2002-10-11 00:00:00,-236.70000000000033
2002-10-14 00:00:00,-235.80000000000035
2002-10-15 00:00:00,-232.0000000000004
2002-10-16 00:00:00,-233.30000000000035
2002-10-17 00:00:00,-232.30000000000035
2002-10-18 00:00:00,-233.10000000000036
2002-10-21 00:00:00,-231.60000000000036
2002-10-22 00:00:00,-234.10000000000036
2002-10-23 00:00:00,-233.90000000000038
2002-10-24 00:00:00,-233.20000000000033
2002-10-25 00:00:00,-234.60000000000036
2002-10-28 00:00:00,-237.30000000000035
2002-10-29 00:00:00,-236.30000000000035
2002-10-30 00:00:00,-236.40000000000038
2002-10-31 00:00:00,-234.40000000000038
2002-11-01 00:00:00,-234.20000000000033
2002-11-04 00:00:00,-235.30000000000035
2002-11-05 00:00:00,-234.90000000000038
2002-11-06 00:00:00,-235.20000000000033
2002-11-07 00:00:00,-237.20000000000033
2002-11-08 00:00:00,-240.20000000000033
2002-11-11 00:00:00,-239.20000000000033
2002-11-12 00:00:00,-240.20000000000033
2002-11-13 00:00:00,-239.90000000000038
2002-11-14 00:00:00,-238.90000000000038
2002-11-15 00:00:00,-239.70000000000033
2002-11-18 00:00:00,-238.0000000000004
2002-11-19 00:00:00,-237.40000000000038
2002-11-20 00:00:00,-236.40000000000038
2002-11-21 00:00:00,-237.10000000000036
2002-11-22 00:00:00,-237.10000000000036
2002-11-25 00:00:00,-236.5000000000004
2002-11-26 00:00:00,-236.90000000000038
2002-11-27 00:00:00,-236.90000000000038
2002-11-29 00:00:00,-238.10000000000036
2002-12-02 00:00:00,-234.5000000000004
2002-12-03 00:00:00,-237.80000000000035
2002-12-04 00:00:00,-239.0000000000004
2002-12-05 00:00:00,-240.60000000000036
2002-12-06 00:00:00,-240.90000000000038
2002-12-09 00:00:00,-242.0000000000004
2002-12-10 00:00:00,-241.30000000000035
2002-12-11 00:00:00,-239.90000000000038
2002-12-12 00:00:00,-239.30000000000035
2002-12-13 00:00:00,-238.70000000000033
2002-12-16 00:00:00,-240.70000000000033
2002-12-17 00:00:00,-241.70000000000033
2002-12-18 00:00:00,-241.70000000000033
2002-12-19 00:00:00,-240.80000000000035
2002-12-20 00:00:00,-240.00000000000034
2002-12-23 00:00:00,-237.70000000000033
2002-12-26 00:00:00,-239.50000000000034
2002-12-27 00:00:00,-238.10000000000036
2002-12-30 00:00:00,-238.10000000000036
2002-12-31 00:00:00,-237.30000000000035
2003-01-02 00:00:00,-233.00000000000034
2003-01-03 00:00:00,-233.00000000000034
2003-01-06 00:00:00,-232.80000000000035
2003-01-07 00:00:00,-232.50000000000034
2003-01-08 00:00:00,-233.50000000000034
2003-01-09 00:00:00,-234.70000000000033
2003-01-10 00:00:00,-240.40000000000038
2003-01-13 00:00:00,-242.90000000000038
2003-01-14 00:00:00,-242.10000000000036
2003-01-15 00:00:00,-242.90000000000038
2003-01-16 00:00:00,-242.30000000000035
2003-01-17 00:00:00,-238.50000000000034
2003-01-21 00:00:00,-237.60000000000036
2003-01-22 00:00:00,-236.40000000000038
2003-01-23 00:00:00,-237.00000000000034
2003-01-24 00:00:00,-235.80000000000035
2003-01-27 00:00:00,-235.60000000000036
2003-01-28 00:00:00,-232.60000000000036
2003-01-29 00:00:00,-236.20000000000033
2003-01-30 00:00:00,-232.60000000000036
2003-01-31 00:00:00,-233.50000000000034
2003-02-03 00:00:00,-234.60000000000036
2003-02-04 00:00:00,-234.20000000000033
2003-02-05 00:00:00,-235.80000000000035
2003-02-06 00:00:00,-237.20000000000033
2003-02-07 00:00:00,-237.40000000000038
2003-02-10 00:00:00,-234.10000000000036
2003-02-11 00:00:00,-230.80000000000035
2003-02-12 00:00:00,-230.90000000000038
2003-02-13 00:00:00,-228.00000000000034
2003-02-14 00:00:00,-228.00000000000034
2003-02-18 00:00:00,-228.50000000000034
2003-02-19 00:00:00,-230.10000000000036
2003-02-20 00:00:00,-231.90000000000038
2003-02-21 00:00:00,-230.50000000000034
2003-02-24 00:00:00,-229.20000000000033
2003-02-25 00:00:00,-226.80000000000035
2003-02-26 00:00:00,-224.40000000000032
2003-02-27 00:00:00,-224.2000000000004
2003-02-28 00:00:00,-227.30000000000035
2003-03-03 00:00:00,-227.00000000000034
2003-03-04 00:00:00,-229.00000000000034
2003-03-05 00:00:00,-229.10000000000036
2003-03-06 00:00:00,-231.70000000000033
2003-03-07 00:00:00,-231.20000000000033
2003-03-10 00:00:00,-230.60000000000036
2003-03-11 00:00:00,-230.60000000000036
2003-03-12 00:00:00,-232.30000000000035
2003-03-13 00:00:00,-229.20000000000033
2003-03-14 00:00:00,-228.40000000000038
2003-03-17 00:00:00,-231.40000000000038
2003-03-18 00:00:00,-230.00000000000034
2003-03-19 00:00:00,-232.30000000000035
2003-03-20 00:00:00,-231.30000000000035
2003-03-21 00:00:00,-231.50000000000034
2003-03-24 00:00:00,-234.40000000000038
2003-03-25 00:00:00,-232.70000000000033
2003-03-26 00:00:00,-233.70000000000033
2003-03-27 00:00:00,-230.10000000000036
2003-03-28 00:00:00,-229.90000000000038
2003-03-31 00:00:00,-231.40000000000038
2003-04-01 00:00:00,-231.90000000000038
2003-04-02 00:00:00,-229.10000000000036
2003-04-03 00:00:00,-230.70000000000033
2003-04-04 00:00:00,-228.20000000000033
2003-04-07 00:00:00,-226.40000000000038
2003-04-08 00:00:00,-225.90000000000032
2003-04-09 00:00:00,-224.50000000000034
2003-04-10 00:00:00,-225.30000000000035
2003-04-11 00:00:00,-224.60000000000036
2003-04-14 00:00:00,-220.50000000000034
2003-04-15 00:00:00,-218.40000000000038
2003-04-16 00:00:00,-218.50000000000034
2003-04-17 00:00:00,-213.50000000000034
2003-04-21 00:00:00,-215.10000000000036
2003-04-22 00:00:00,-215.90000000000032
2003-04-23 00:00:00,-219.00000000000034
2003-04-24 00:00:00,-218.1000000000003
2003-04-25 00:00:00,-218.6000000000003
2003-04-28 00:00:00,-216.20000000000033
2003-04-29 00:00:00,-209.00000000000034
2003-04-30 00:00:00,-207.60000000000034
2003-05-01 00:00:00,-204.60000000000034
2003-05-02 00:00:00,-203.40000000000032
2003-05-05 00:00:00,-204.60000000000034
2003-05-06 00:00:00,-205.40000000000032
2003-05-07 00:00:00,-208.20000000000033
2003-05-08 00:00:00,-208.80000000000032
2003-05-09 00:00:00,-205.30000000000032
2003-05-12 00:00:00,-204.10000000000034
2003-05-13 00:00:00,-203.70000000000033
2003-05-14 00:00:00,-202.60000000000034
2003-05-15 00:00:00,-205.00000000000034
2003-05-16 00:00:00,-205.30000000000032
2003-05-19 00:00:00,-206.0000000000003
2003-05-20 00:00:00,-201.5000000000003
2003-05-21 00:00:00,-201.40000000000032
2003-05-22 00:00:00,-205.90000000000032
2003-05-23 00:00:00,-205.90000000000032
2003-05-27 00:00:00,-204.2000000000003
2003-05-28 00:00:00,-206.30000000000032
2003-05-29 00:00:00,-204.6000000000003
2003-05-30 00:00:00,-205.80000000000032
2003-06-02 00:00:00,-208.5000000000003
2003-06-03 00:00:00,-209.40000000000032
2003-06-04 00:00:00,-208.5000000000003
2003-06-05 00:00:00,-207.30000000000032
2003-06-06 00:00:00,-200.6000000000003
2003-06-09 00:00:00,-202.80000000000032
2003-06-10 00:00:00,-199.7000000000003
2003-06-11 00:00:00,-198.90000000000032
2003-06-12 00:00:00,-200.30000000000032
2003-06-13 00:00:00,-205.6000000000003
2003-06-16 00:00:00,-205.80000000000032
2003-06-17 00:00:00,-205.7000000000003
2003-06-18 00:00:00,-204.7000000000003
2003-06-19 00:00:00,-205.1000000000003
2003-06-20 00:00:00,-205.7000000000003
2003-06-23 00:00:00,-207.4000000000003
2003-06-24 00:00:00,-206.4000000000003
2003-06-25 00:00:00,-203.7000000000003
2003-06-26 00:00:00,-207.1000000000003
2003-06-27 00:00:00,-206.8000000000003
2003-06-30 00:00:00,-210.4000000000003
2003-07-01 00:00:00,-209.6000000000003
2003-07-02 00:00:00,-209.5000000000003
2003-07-03 00:00:00,-211.8000000000003
2003-07-07 00:00:00,-216.6000000000003
2003-07-08 00:00:00,-216.6000000000003
2003-07-09 00:00:00,-214.1000000000003
2003-07-10 00:00:00,-217.50000000000028
2003-07-11 00:00:00,-217.3000000000003
2003-07-14 00:00:00,-215.90000000000032
2003-07-15 00:00:00,-218.8000000000003
2003-07-16 00:00:00,-217.90000000000026
2003-07-17 00:00:00,-218.90000000000026
2003-07-18 00:00:00,-220.40000000000032
2003-07-21 00:00:00,-219.1000000000003
2003-07-22 00:00:00,-219.00000000000028
2003-07-23 00:00:00,-219.20000000000027
2003-07-24 00:00:00,-218.40000000000026
2003-07-25 00:00:00,-217.90000000000026
2003-07-28 00:00:00,-214.60000000000025
2003-07-29 00:00:00,-217.50000000000028
2003-07-30 00:00:00,-216.90000000000026
2003-07-31 00:00:00,-219.00000000000028
2003-08-01 00:00:00,-216.20000000000027
2003-08-04 00:00:00,-216.70000000000027
2003-08-05 00:00:00,-218.40000000000026
2003-08-06 00:00:00,-219.3000000000003
2003-08-07 00:00:00,-218.3000000000003
2003-08-08 00:00:00,-216.40000000000032
2003-08-11 00:00:00,-211.9000000000003
2003-08-12 00:00:00,-205.3000000000003
2003-08-13 00:00:00,-204.9000000000003
2003-08-14 00:00:00,-205.00000000000028
2003-08-15 00:00:00,-203.70000000000027
2003-08-18 00:00:00,-192.50000000000028
2003-08-19 00:00:00,-196.8000000000003
2003-08-20 00:00:00,-194.70000000000027
2003-08-21 00:00:00,-193.3000000000003
2003-08-22 00:00:00,-191.00000000000028
2003-08-25 00:00:00,-189.4000000000003
2003-08-26 00:00:00,-193.8000000000003
2003-08-27 00:00:00,-193.4000000000003
2003-08-28 00:00:00,-190.9000000000003
2003-08-29 00:00:00,-192.10000000000028
2003-09-02 00:00:00,-197.3000000000003
2003-09-03 00:00:00,-195.60000000000028
2003-09-04 00:00:00,-192.8000000000003
2003-09-05 00:00:00,-191.8000000000003
2003-09-08 00:00:00,-190.3000000000003
2003-09-09 00:00:00,-187.4000000000003
2003-09-10 00:00:00,-188.9000000000003
2003-09-11 00:00:00,-185.10000000000028
2003-09-12 00:00:00,-185.4000000000003
2003-09-15 00:00:00,-187.70000000000027
2003-09-16 00:00:00,-191.10000000000028
2003-09-17 00:00:00,-190.00000000000028
2003-09-18 00:00:00,-189.40000000000026
2003-09-19 00:00:00,-185.40000000000026
2003-09-22 00:00:00,-181.60000000000028
2003-09-23 00:00:00,-182.40000000000026
2003-09-24 00:00:00,-182.50000000000028
2003-09-25 00:00:00,-180.00000000000028
2003-09-26 00:00:00,-179.50000000000028
2003-09-29 00:00:00,-172.70000000000027
2003-09-30 00:00:00,-174.70000000000027
2003-10-01 00:00:00,-172.60000000000028
2003-10-02 00:00:00,-171.00000000000028
2003-10-03 00:00:00,-176.30000000000027
2003-10-06 00:00:00,-174.80000000000027
2003-10-07 00:00:00,-173.40000000000026
2003-10-08 00:00:00,-174.00000000000028
2003-10-09 00:00:00,-169.50000000000028
2003-10-10 00:00:00,-163.60000000000028
2003-10-13 00:00:00,-160.00000000000028
2003-10-14 00:00:00,-157.90000000000026
2003-10-15 00:00:00,-160.10000000000028
2003-10-16 00:00:00,-160.30000000000027
2003-10-17 00:00:00,-157.80000000000027
2003-10-20 00:00:00,-156.30000000000027
2003-10-21 00:00:00,-153.50000000000026
2003-10-22 00:00:00,-146.90000000000026
2003-10-23 00:00:00,-140.80000000000027
2003-10-24 00:00:00,-137.90000000000026
2003-10-27 00:00:00,-137.30000000000027
2003-10-28 00:00:00,-129.60000000000025
2003-10-29 00:00:00,-120.90000000000026
2003-10-30 00:00:00,-121.20000000000027
2003-10-31 00:00:00,-122.60000000000025
2003-11-03 00:00:00,-119.70000000000027
2003-11-04 00:00:00,-130.10000000000025
2003-11-05 00:00:00,-127.40000000000026
2003-11-06 00:00:00,-129.80000000000027
2003-11-07 00:00:00,-134.30000000000027
2003-11-10 00:00:00,-133.40000000000026
2003-11-11 00:00:00,-129.30000000000027
2003-11-12 00:00:00,-129.20000000000027
2003-11-13 00:00:00,-128.80000000000027
2003-11-14 00:00:00,-130.70000000000027
2003-11-17 00:00:00,-132.00000000000026
2003-11-18 00:00:00,-132.10000000000025
2003-11-19 00:00:00,-140.50000000000026
2003-11-20 00:00:00,-139.50000000000026
2003-11-21 00:00:00,-140.10000000000025
2003-11-24 00:00:00,-144.10000000000025
2003-11-25 00:00:00,-144.30000000000027
2003-11-26 00:00:00,-143.10000000000025
2003-11-28 00:00:00,-141.00000000000026
2003-12-01 00:00:00,-141.40000000000026
2003-12-02 00:00:00,-137.00000000000026
2003-12-03 00:00:00,-135.30000000000027
2003-12-04 00:00:00,-138.00000000000026
2003-12-05 00:00:00,-141.60000000000025
2003-12-08 00:00:00,-140.20000000000027
2003-12-09 00:00:00,-134.10000000000025
2003-12-10 00:00:00,-135.90000000000026
2003-12-11 00:00:00,-138.90000000000026
2003-12-12 00:00:00,-135.30000000000027
2003-12-15 00:00:00,-137.00000000000026
2003-12-16 00:00:00,-139.60000000000025
2003-12-17 00:00:00,-138.20000000000024
2003-12-18 00:00:00,-140.40000000000023
2003-12-19 00:00:00,-138.00000000000023
2003-12-22 00:00:00,-138.50000000000023
2003-12-23 00:00:00,-142.10000000000025
2003-12-24 00:00:00,-132.10000000000025
2003-12-26 00:00:00,-116.30000000000024
2003-12-29 00:00:00,-121.00000000000023
2003-12-30 00:00:00,-123.00000000000023
2003-12-31 00:00:00,-121.30000000000024
2004-01-02 00:00:00,-120.50000000000023
2004-01-05 00:00:00,-121.50000000000023
2004-01-06 00:00:00,-123.10000000000025
2004-01-07 00:00:00,-126.60000000000025
2004-01-08 00:00:00,-125.50000000000023
2004-01-09 00:00:00,-127.70000000000024
2004-01-12 00:00:00,-119.50000000000023
2004-01-13 00:00:00,-111.00000000000023
2004-01-14 00:00:00,-107.00000000000023
2004-01-15 00:00:00,-108.10000000000025
2004-01-16 00:00:00,-107.20000000000022
2004-01-20 00:00:00,-106.70000000000022
2004-01-21 00:00:00,-102.70000000000022
2004-01-22 00:00:00,-102.50000000000017
2004-01-23 00:00:00,-102.20000000000022
2004-01-26 00:00:00,-99.20000000000022
2004-01-27 00:00:00,-105.30000000000027
2004-01-28 00:00:00,-115.20000000000024
2004-01-29 00:00:00,-114.00000000000023
2004-01-30 00:00:00,-109.30000000000024
2004-02-02 00:00:00,-119.10000000000025
2004-02-03 00:00:00,-118.90000000000023
2004-02-04 00:00:00,-119.30000000000024
2004-02-05 00:00:00,-115.00000000000023
2004-02-06 00:00:00,-109.30000000000024
2004-02-09 00:00:00,-109.90000000000023
2004-02-10 00:00:00,-116.90000000000023
2004-02-11 00:00:00,-117.80000000000024
2004-02-12 00:00:00,-122.80000000000024
2004-02-13 00:00:00,-120.60000000000025
2004-02-17 00:00:00,-109.30000000000024
2004-02-18 00:00:00,-107.50000000000026
2004-02-19 00:00:00,-101.00000000000028
2004-02-20 00:00:00,-98.80000000000024
2004-02-23 00:00:00,-93.20000000000022
2004-02-24 00:00:00,-86.9000000000002
2004-02-25 00:00:00,-85.60000000000025
2004-02-26 00:00:00,-87.20000000000027
2004-02-27 00:00:00,-85.10000000000025
2004-03-01 00:00:00,-80.1000000000002
2004-03-02 00:00:00,-84.3000000000003
2004-03-03 00:00:00,-81.1000000000002
2004-03-04 00:00:00,-82.1000000000002
2004-03-05 00:00:00,-79.50000000000028
2004-03-08 00:00:00,-85.4000000000002
2004-03-09 00:00:00,-80.00000000000028
2004-03-10 00:00:00,-83.6000000000002
2004-03-11 00:00:00,-79.40000000000026
2004-03-12 00:00:00,-73.30000000000035
2004-03-15 00:00:00,-67.6000000000002
2004-03-16 00:00:00,-61.90000000000026
2004-03-17 00:00:00,-59.30000000000024
2004-03-18 00:00:00,-50.200000000000216
2004-03-19 00:00:00,-48.700000000000216
2004-03-22 00:00:00,-37.60000000000019
2004-03-23 00:00:00,-38.10000000000019
2004-03-24 00:00:00,-45.90000000000015
2004-03-25 00:00:00,-43.60000000000019
2004-03-26 00:00:00,-48.60000000000019
2004-03-29 00:00:00,-50.80000000000024
2004-03-30 00:00:00,-48.10000000000019
2004-03-31 00:00:00,-51.200000000000216
2004-04-01 00:00:00,-35.200000000000216
2004-04-02 00:00:00,-27.200000000000216
2004-04-05 00:00:00,-37.200000000000216
2004-04-06 00:00:00,-42.200000000000216
2004-04-07 00:00:00,-39.50000000000017
2004-04-08 00:00:00,-46.90000000000015
2004-04-12 00:00:00,-53.50000000000017
2004-04-13 00:00:00,-53.80000000000024
2004-04-14 00:00:00,-42.00000000000017
2004-04-15 00:00:00,-59.40000000000026
2004-04-16 00:00:00,-59.00000000000017
2004-04-19 00:00:00,-59.500000000000284
2004-04-20 00:00:00,-65.90000000000015
2004-04-21 00:00:00,-69.80000000000024
2004-04-22 00:00:00,-66.30000000000024
2004-04-23 00:00:00,-62.80000000000024
2004-04-26 00:00:00,-64.30000000000024
2004-04-27 00:00:00,-57.50000000000017
2004-04-28 00:00:00,-58.90000000000015
2004-04-29 00:00:00,-56.50000000000017
2004-04-30 00:00:00,-50.700000000000216
2004-05-03 00:00:00,-44.50000000000017
2004-05-04 00:00:00,-42.00000000000017
2004-05-05 00:00:00,-39.200000000000216
2004-05-06 00:00:00,-45.40000000000015
2004-05-07 00:00:00,-40.00000000000017
2004-05-10 00:00:00,-42.200000000000216
2004-05-11 00:00:00,-40.00000000000017
2004-05-12 00:00:00,-56.40000000000015
2004-05-13 00:00:00,-52.00000000000017
2004-05-14 00:00:00,-66.30000000000024
2004-05-17 00:00:00,-73.40000000000026
2004-05-18 00:00:00,-78.40000000000026
2004-05-19 00:00:00,-71.70000000000022
2004-05-20 00:00:00,-82.70000000000022
2004-05-21 00:00:00,-83.90000000000026
2004-05-24 00:00:00,-78.70000000000022
2004-05-25 00:00:00,-73.20000000000033
2004-05-26 00:00:00,-78.20000000000022
2004-05-27 00:00:00,-94.60000000000025
2004-05-28 00:00:00,-97.20000000000027
2004-06-01 00:00:00,-78.70000000000022
2004-06-02 00:00:00,-82.40000000000026
2004-06-03 00:00:00,-94.4000000000002
2004-06-04 00:00:00,-88.50000000000028
2004-06-07 00:00:00,-89.20000000000022
2004-06-08 00:00:00,-91.20000000000022
2004-06-09 00:00:00,-91.20000000000022
2004-06-10 00:00:00,-94.9000000000002
2004-06-14 00:00:00,-92.60000000000025
2004-06-15 00:00:00,-92.70000000000022
2004-06-16 00:00:00,-92.50000000000028
2004-06-17 00:00:00,-92.90000000000026
2004-06-18 00:00:00,-94.10000000000025
2004-06-21 00:00:00,-89.90000000000026
2004-06-22 00:00:00,-89.40000000000026
2004-06-23 00:00:00,-80.90000000000026
2004-06-24 00:00:00,-76.90000000000026
2004-06-25 00:00:00,-75.20000000000022
2004-06-28 00:00:00,-85.9000000000002
2004-06-29 00:00:00,-83.90000000000026
2004-06-30 00:00:00,-96.60000000000025
2004-07-01 00:00:00,-93.20000000000022
2004-07-02 00:00:00,-96.4000000000002
2004-07-06 00:00:00,-93.90000000000026
2004-07-07 00:00:00,-89.70000000000022
2004-07-08 00:00:00,-92.90000000000026
2004-07-09 00:00:00,-95.60000000000025
2004-07-12 00:00:00,-101.90000000000026
2004-07-13 00:00:00,-100.70000000000022
2004-07-14 00:00:00,-92.70000000000022
2004-07-15 00:00:00,-101.80000000000024
2004-07-16 00:00:00,-104.90000000000023
2004-07-19 00:00:00,-101.6000000000002
2004-07-20 00:00:00,-101.80000000000024
2004-07-21 00:00:00,-113.80000000000021
2004-07-22 00:00:00,-120.20000000000022
2004-07-23 00:00:00,-114.80000000000021
2004-07-26 00:00:00,-118.10000000000022
2004-07-27 00:00:00,-118.80000000000021
2004-07-28 00:00:00,-125.70000000000022
2004-07-29 00:00:00,-122.40000000000023
2004-07-30 00:00:00,-128.10000000000022
2004-08-02 00:00:00,-129.70000000000022
2004-08-03 00:00:00,-130.20000000000022
2004-08-04 00:00:00,-131.8000000000002
2004-08-05 00:00:00,-128.40000000000023
2004-08-06 00:00:00,-130.90000000000023
2004-08-09 00:00:00,-127.20000000000022
2004-08-10 00:00:00,-129.70000000000022
2004-08-11 00:00:00,-133.40000000000023
2004-08-12 00:00:00,-127.90000000000023
2004-08-13 00:00:00,-128.3000000000002
2004-08-16 00:00:00,-131.70000000000022
2004-08-17 00:00:00,-126.00000000000023
2004-08-18 00:00:00,-124.20000000000022
2004-08-19 00:00:00,-125.50000000000023
2004-08-20 00:00:00,-128.90000000000023
2004-08-23 00:00:00,-120.20000000000022
2004-08-24 00:00:00,-122.40000000000023
2004-08-25 00:00:00,-120.40000000000023
2004-08-26 00:00:00,-124.20000000000022
2004-08-27 00:00:00,-129.60000000000022
2004-08-30 00:00:00,-123.40000000000023
2004-08-31 00:00:00,-122.40000000000023
2004-09-01 00:00:00,-121.70000000000022
2004-09-02 00:00:00,-125.80000000000021
2004-09-03 00:00:00,-131.3000000000002
2004-09-07 00:00:00,-134.90000000000023
2004-09-08 00:00:00,-132.90000000000023
2004-09-09 00:00:00,-133.3000000000002
2004-09-10 00:00:00,-135.8000000000002
2004-09-13 00:00:00,-135.8000000000002
2004-09-14 00:00:00,-136.40000000000023
2004-09-15 00:00:00,-136.40000000000023
2004-09-16 00:00:00,-137.90000000000023
2004-09-17 00:00:00,-138.50000000000026
2004-09-20 00:00:00,-140.20000000000024
2004-09-21 00:00:00,-141.30000000000024
2004-09-22 00:00:00,-141.50000000000026
2004-09-23 00:00:00,-141.60000000000025
2004-09-24 00:00:00,-143.90000000000023
2004-09-27 00:00:00,-142.30000000000024
2004-09-28 00:00:00,-142.30000000000024
2004-09-29 00:00:00,-141.80000000000024
2004-09-30 00:00:00,-144.10000000000025
2004-10-01 00:00:00,-142.50000000000026
2004-10-04 00:00:00,-144.70000000000024
2004-10-05 00:00:00,-147.60000000000025
2004-10-06 00:00:00,-147.20000000000024
2004-10-07 00:00:00,-145.30000000000024
2004-10-08 00:00:00,-143.80000000000024
2004-10-11 00:00:00,-140.70000000000024
2004-10-12 00:00:00,-149.00000000000026
2004-10-13 00:00:00,-150.90000000000023
2004-10-14 00:00:00,-151.20000000000024
2004-10-15 00:00:00,-151.30000000000024
2004-10-18 00:00:00,-150.00000000000026
2004-10-19 00:00:00,-146.90000000000023
2004-10-20 00:00:00,-145.80000000000024
2004-10-21 00:00:00,-145.80000000000024
2004-10-22 00:00:00,-147.10000000000025
2004-10-25 00:00:00,-145.00000000000026
2004-10-26 00:00:00,-146.30000000000024
2004-10-27 00:00:00,-147.70000000000024
2004-10-28 00:00:00,-147.90000000000023
2004-10-29 00:00:00,-149.30000000000024
2004-11-01 00:00:00,-153.20000000000024
2004-11-02 00:00:00,-152.50000000000026
2004-11-03 00:00:00,-153.50000000000026
2004-11-04 00:00:00,-154.90000000000023
2004-11-05 00:00:00,-156.00000000000026
2004-11-08 00:00:00,-155.60000000000025
2004-11-09 00:00:00,-153.90000000000023
2004-11-10 00:00:00,-149.50000000000026
2004-11-11 00:00:00,-152.70000000000024
2004-11-12 00:00:00,-153.50000000000026
2004-11-15 00:00:00,-150.10000000000025
2004-11-16 00:00:00,-147.50000000000026
2004-11-17 00:00:00,-144.80000000000024
2004-11-18 00:00:00,-143.30000000000024
2004-11-19 00:00:00,-145.30000000000024
2004-11-22 00:00:00,-144.40000000000023
2004-11-23 00:00:00,-141.40000000000023
2004-11-24 00:00:00,-142.20000000000024
2004-11-26 00:00:00,-142.20000000000024
2004-11-29 00:00:00,-146.20000000000024
2004-11-30 00:00:00,-149.90000000000023
2004-12-01 00:00:00,-150.60000000000025
2004-12-02 00:00:00,-152.00000000000026
2004-12-03 00:00:00,-150.10000000000025
2004-12-06 00:00:00,-146.60000000000025
2004-12-07 00:00:00,-149.90000000000023
2004-12-08 00:00:00,-149.00000000000026
2004-12-09 00:00:00,-149.90000000000023
2004-12-10 00:00:00,-147.10000000000025
2004-12-13 00:00:00,-141.30000000000024
2004-12-14 00:00:00,-142.10000000000025
2004-12-15 00:00:00,-144.40000000000023
2004-12-16 00:00:00,-147.40000000000023
2004-12-17 00:00:00,-148.50000000000023
2004-12-20 00:00:00,-146.70000000000022
2004-12-21 00:00:00,-146.70000000000022
2004-12-22 00:00:00,-147.40000000000023
2004-12-23 00:00:00,-145.60000000000022
2004-12-27 00:00:00,-144.3000000000002
2004-12-28 00:00:00,-146.90000000000023
2004-12-29 00:00:00,-146.40000000000023
2004-12-30 00:00:00,-144.10000000000022
2005-01-03 00:00:00,-146.3000000000002
2005-01-04 00:00:00,-151.20000000000022
2005-01-05 00:00:00,-151.3000000000002
2005-01-06 00:00:00,-149.60000000000022
2005-01-07 00:00:00,-144.8000000000002
2005-01-10 00:00:00,-141.50000000000023
2005-01-11 00:00:00,-143.00000000000023
2005-01-12 00:00:00,-146.60000000000022
2005-01-13 00:00:00,-147.3000000000002
2005-01-14 00:00:00,-152.70000000000022
2005-01-18 00:00:00,-154.40000000000023
2005-01-19 00:00:00,-153.20000000000022
2005-01-20 00:00:00,-151.40000000000023
2005-01-21 00:00:00,-153.90000000000023
2005-01-24 00:00:00,-153.20000000000022
2005-01-25 00:00:00,-152.00000000000023
2005-01-26 00:00:00,-152.3000000000002
2005-01-27 00:00:00,-154.60000000000022
2005-01-28 00:00:00,-155.3000000000002
2005-01-31 00:00:00,-156.10000000000022
2005-02-01 00:00:00,-156.70000000000022
2005-02-02 00:00:00,-156.50000000000023
2005-02-03 00:00:00,-157.60000000000022
2005-02-04 00:00:00,-159.00000000000023
2005-02-07 00:00:00,-158.60000000000022
2005-02-08 00:00:00,-158.3000000000002
2005-02-09 00:00:00,-156.70000000000022
2005-02-10 00:00:00,-154.90000000000023
2005-02-11 00:00:00,-153.00000000000023
2005-02-14 00:00:00,-148.40000000000023
2005-02-15 00:00:00,-146.20000000000022
2005-02-16 00:00:00,-147.00000000000023
2005-02-17 00:00:00,-138.20000000000022
2005-02-18 00:00:00,-139.30000000000024
2005-02-22 00:00:00,-131.60000000000022
2005-02-23 00:00:00,-134.40000000000023
2005-02-24 00:00:00,-136.80000000000024
2005-02-25 00:00:00,-128.60000000000022
2005-02-28 00:00:00,-124.90000000000023
2005-03-01 00:00:00,-125.20000000000022
2005-03-02 00:00:00,-119.40000000000023
2005-03-03 00:00:00,-120.20000000000022
2005-03-04 00:00:00,-121.30000000000024
2005-03-07 00:00:00,-124.60000000000022
2005-03-08 00:00:00,-123.70000000000022
2005-03-09 00:00:00,-122.30000000000024
2005-03-10 00:00:00,-119.50000000000023
2005-03-11 00:00:00,-110.60000000000022
2005-03-14 00:00:00,-112.90000000000023
2005-03-15 00:00:00,-106.10000000000022
2005-03-16 00:00:00,-109.40000000000023
2005-03-17 00:00:00,-110.70000000000022
2005-03-18 00:00:00,-115.70000000000022
2005-03-21 00:00:00,-120.90000000000023
2005-03-22 00:00:00,-120.90000000000023
2005-03-23 00:00:00,-123.10000000000022
2005-03-24 00:00:00,-120.80000000000024
2005-03-28 00:00:00,-122.90000000000023
2005-03-29 00:00:00,-122.80000000000024
2005-03-30 00:00:00,-118.10000000000022
2005-03-31 00:00:00,-121.70000000000022
2005-04-01 00:00:00,-124.80000000000024
2005-04-04 00:00:00,-125.40000000000023
2005-04-05 00:00:00,-124.30000000000024
2005-04-06 00:00:00,-122.40000000000023
2005-04-07 00:00:00,-120.60000000000022
2005-04-08 00:00:00,-123.50000000000023
2005-04-11 00:00:00,-122.30000000000024
2005-04-12 00:00:00,-122.60000000000022
2005-04-13 00:00:00,-120.40000000000023
2005-04-14 00:00:00,-121.40000000000023
2005-04-15 00:00:00,-122.80000000000024
2005-04-18 00:00:00,-123.50000000000026
2005-04-19 00:00:00,-115.30000000000024
2005-04-20 00:00:00,-115.30000000000024
2005-04-21 00:00:00,-114.00000000000026
2005-04-22 00:00:00,-114.10000000000025
2005-04-25 00:00:00,-111.30000000000024
2005-04-26 00:00:00,-111.70000000000024
2005-04-27 00:00:00,-115.00000000000026
2005-04-28 00:00:00,-116.90000000000023
2005-04-29 00:00:00,-117.40000000000023
2005-05-02 00:00:00,-116.70000000000024
2005-05-03 00:00:00,-118.60000000000025
2005-05-04 00:00:00,-120.00000000000026
2005-05-05 00:00:00,-118.70000000000024
2005-05-06 00:00:00,-116.40000000000023
2005-05-09 00:00:00,-117.50000000000026
2005-05-10 00:00:00,-117.20000000000024
2005-05-11 00:00:00,-116.40000000000023
2005-05-12 00:00:00,-119.00000000000026
2005-05-13 00:00:00,-121.20000000000024
2005-05-16 00:00:00,-117.80000000000024
2005-05-17 00:00:00,-117.40000000000023
2005-05-18 00:00:00,-114.10000000000022
2005-05-19 00:00:00,-115.20000000000024
2005-05-20 00:00:00,-115.40000000000023
2005-05-23 00:00:00,-113.50000000000023
2005-05-24 00:00:00,-112.30000000000024
2005-05-25 00:00:00,-103.90000000000026
2005-05-26 00:00:00,-100.40000000000026
2005-05-27 00:00:00,-102.00000000000023
2005-05-31 00:00:00,-95.9000000000002
2005-06-01 00:00:00,-95.30000000000024
2005-06-02 00:00:00,-100.20000000000022
2005-06-03 00:00:00,-95.9000000000002
2005-06-06 00:00:00,-94.9000000000002
2005-06-07 00:00:00,-96.30000000000024
2005-06-08 00:00:00,-99.1000000000002
2005-06-09 00:00:00,-96.9000000000002
2005-06-10 00:00:00,-97.50000000000023
2005-06-13 00:00:00,-92.80000000000024
2005-06-14 00:00:00,-88.20000000000027
2005-06-15 00:00:00,-84.70000000000027
2005-06-16 00:00:00,-86.50000000000023
2005-06-17 00:00:00,-80.40000000000026
2005-06-20 00:00:00,-76.20000000000022
2005-06-21 00:00:00,-77.80000000000024
2005-06-22 00:00:00,-77.70000000000022
2005-06-23 00:00:00,-79.50000000000028
2005-06-24 00:00:00,-76.6000000000002
2005-06-27 00:00:00,-93.50000000000023
2005-06-28 00:00:00,-103.6000000000002
2005-06-29 00:00:00,-100.6000000000002
2005-06-30 00:00:00,-106.10000000000022
2005-07-01 00:00:00,-101.90000000000026
2005-07-05 00:00:00,-88.6000000000002
2005-07-06 00:00:00,-95.20000000000022
2005-07-07 00:00:00,-97.30000000000018
2005-07-08 00:00:00,-100.6000000000002
2005-07-11 00:00:00,-96.50000000000023
2005-07-12 00:00:00,-92.20000000000022
2005-07-13 00:00:00,-89.70000000000022
2005-07-14 00:00:00,-87.9000000000002
2005-07-15 00:00:00,-85.10000000000025
2005-07-18 00:00:00,-87.50000000000023
2005-07-19 00:00:00,-98.50000000000023
2005-07-20 00:00:00,-97.30000000000024
2005-07-21 00:00:00,-101.80000000000024
2005-07-22 00:00:00,-102.80000000000024
2005-07-25 00:00:00,-101.70000000000022
2005-07-26 00:00:00,-99.50000000000023
2005-07-27 00:00:00,-99.40000000000026
2005-07-28 00:00:00,-96.70000000000027
2005-07-29 00:00:00,-101.00000000000023
2005-08-01 00:00:00,-100.70000000000022
2005-08-02 00:00:00,-96.9000000000002
2005-08-03 00:00:00,-103.6000000000002
2005-08-04 00:00:00,-101.1000000000002
2005-08-05 00:00:00,-104.60000000000022
2005-08-08 00:00:00,-103.80000000000024
2005-08-09 00:00:00,-107.50000000000023
2005-08-10 00:00:00,-107.50000000000023
2005-08-11 00:00:00,-107.00000000000023
2005-08-12 00:00:00,-108.90000000000023
2005-08-15 00:00:00,-120.20000000000024
2005-08-16 00:00:00,-118.60000000000022
2005-08-17 00:00:00,-119.60000000000022
2005-08-18 00:00:00,-120.30000000000024
2005-08-19 00:00:00,-124.00000000000023
2005-08-22 00:00:00,-121.10000000000022
2005-08-23 00:00:00,-120.60000000000022
2005-08-24 00:00:00,-122.90000000000023
2005-08-25 00:00:00,-127.20000000000024
2005-08-26 00:00:00,-126.70000000000024
2005-08-29 00:00:00,-125.90000000000023
2005-08-30 00:00:00,-125.90000000000023
2005-08-31 00:00:00,-127.80000000000024
2005-09-01 00:00:00,-126.50000000000023
2005-09-02 00:00:00,-127.60000000000022
2005-09-06 00:00:00,-123.60000000000022
2005-09-07 00:00:00,-125.60000000000022
2005-09-08 00:00:00,-126.60000000000022
2005-09-09 00:00:00,-129.40000000000023
2005-09-12 00:00:00,-132.00000000000023
2005-09-13 00:00:00,-132.00000000000023
2005-09-14 00:00:00,-133.70000000000024
2005-09-15 00:00:00,-137.50000000000023
2005-09-16 00:00:00,-136.80000000000024
2005-09-19 00:00:00,-137.40000000000026
2005-09-20 00:00:00,-138.60000000000025
2005-09-21 00:00:00,-138.00000000000026
2005-09-22 00:00:00,-138.70000000000024
2005-09-23 00:00:00,-139.30000000000024
2005-09-26 00:00:00,-141.10000000000025
2005-09-27 00:00:00,-142.60000000000025
2005-09-28 00:00:00,-141.60000000000025
2005-09-29 00:00:00,-143.30000000000024
2005-09-30 00:00:00,-143.00000000000026
2005-10-03 00:00:00,-142.70000000000024
2005-10-04 00:00:00,-146.60000000000025
2005-10-05 00:00:00,-147.00000000000026
2005-10-06 00:00:00,-145.90000000000026
2005-10-07 00:00:00,-144.80000000000024
2005-10-10 00:00:00,-146.60000000000025
2005-10-11 00:00:00,-145.60000000000025
2005-10-12 00:00:00,-137.20000000000024
2005-10-13 00:00:00,-136.50000000000026
2005-10-14 00:00:00,-136.80000000000024
2005-10-17 00:00:00,-138.10000000000025
2005-10-18 00:00:00,-142.00000000000026
2005-10-19 00:00:00,-140.70000000000027
2005-10-20 00:00:00,-141.20000000000027
2005-10-21 00:00:00,-143.50000000000026
2005-10-24 00:00:00,-143.40000000000026
2005-10-25 00:00:00,-142.40000000000026
2005-10-26 00:00:00,-144.00000000000026
2005-10-27 00:00:00,-142.50000000000026
2005-10-28 00:00:00,-144.20000000000027
2005-10-31 00:00:00,-143.30000000000027
2005-11-01 00:00:00,-140.20000000000027
2005-11-02 00:00:00,-139.70000000000027
2005-11-03 00:00:00,-135.60000000000025
2005-11-04 00:00:00,-137.10000000000025
2005-11-07 00:00:00,-139.50000000000026
2005-11-08 00:00:00,-139.50000000000026
2005-11-09 00:00:00,-139.50000000000026
2005-11-10 00:00:00,-138.90000000000026
2005-11-11 00:00:00,-132.70000000000027
2005-11-14 00:00:00,-134.20000000000027
2005-11-15 00:00:00,-134.20000000000027
2005-11-16 00:00:00,-140.20000000000027
2005-11-17 00:00:00,-139.70000000000027
2005-11-18 00:00:00,-143.00000000000026
2005-11-21 00:00:00,-141.30000000000027
2005-11-22 00:00:00,-141.40000000000026
2005-11-23 00:00:00,-143.90000000000026
2005-11-25 00:00:00,-145.00000000000026
2005-11-28 00:00:00,-144.30000000000027
2005-11-29 00:00:00,-145.70000000000027
2005-11-30 00:00:00,-144.40000000000026
2005-12-01 00:00:00,-144.00000000000026
2005-12-02 00:00:00,-143.10000000000025
2005-12-05 00:00:00,-141.50000000000026
2005-12-06 00:00:00,-142.20000000000027
2005-12-07 00:00:00,-143.50000000000026
2005-12-08 00:00:00,-138.30000000000027
2005-12-09 00:00:00,-136.20000000000027
2005-12-12 00:00:00,-128.20000000000027
2005-12-13 00:00:00,-122.40000000000026
2005-12-14 00:00:00,-125.40000000000026
2005-12-15 00:00:00,-129.00000000000026
2005-12-16 00:00:00,-126.90000000000026
2005-12-19 00:00:00,-120.80000000000027
2005-12-20 00:00:00,-120.70000000000027
2005-12-21 00:00:00,-118.40000000000026
2005-12-22 00:00:00,-115.80000000000027
2005-12-23 00:00:00,-115.90000000000026
2005-12-27 00:00:00,-115.80000000000027
2005-12-28 00:00:00,-116.30000000000027
2005-12-29 00:00:00,-120.40000000000026
2005-12-30 00:00:00,-122.50000000000026
2006-01-03 00:00:00,-120.80000000000027
2006-01-04 00:00:00,-121.60000000000028
2006-01-05 00:00:00,-126.10000000000028
2006-01-06 00:00:00,-128.90000000000026
2006-01-09 00:00:00,-133.30000000000027
2006-01-10 00:00:00,-135.10000000000028
2006-01-11 00:00:00,-136.10000000000028
2006-01-12 00:00:00,-139.30000000000027
2006-01-13 00:00:00,-136.20000000000027
2006-01-17 00:00:00,-137.20000000000027
2006-01-18 00:00:00,-140.10000000000028
2006-01-19 00:00:00,-139.30000000000027
2006-01-20 00:00:00,-138.90000000000026
2006-01-23 00:00:00,-137.40000000000026
2006-01-24 00:00:00,-138.30000000000027
2006-01-25 00:00:00,-139.40000000000026
2006-01-26 00:00:00,-137.90000000000026
2006-01-27 00:00:00,-132.40000000000026
2006-01-30 00:00:00,-129.70000000000027
2006-01-31 00:00:00,-132.00000000000026
2006-02-01 00:00:00,-136.10000000000028
2006-02-02 00:00:00,-135.10000000000028
2006-02-03 00:00:00,-133.10000000000028
2006-02-06 00:00:00,-136.20000000000027
2006-02-07 00:00:00,-140.30000000000027
2006-02-08 00:00:00,-137.20000000000027
2006-02-09 00:00:00,-136.10000000000028
2006-02-10 00:00:00,-137.00000000000026
2006-02-13 00:00:00,-135.20000000000027
2006-02-14 00:00:00,-135.50000000000026
2006-02-15 00:00:00,-135.30000000000024
2006-02-16 00:00:00,-134.30000000000024
2006-02-17 00:00:00,-132.90000000000023
2006-02-21 00:00:00,-137.70000000000024
2006-02-22 00:00:00,-141.50000000000026
2006-02-23 00:00:00,-142.60000000000025
2006-02-24 00:00:00,-142.40000000000023
2006-02-27 00:00:00,-140.80000000000024
2006-02-28 00:00:00,-143.40000000000023
2006-03-01 00:00:00,-144.60000000000025
2006-03-02 00:00:00,-141.50000000000026
2006-03-03 00:00:00,-142.10000000000025
2006-03-06 00:00:00,-143.80000000000024
2006-03-07 00:00:00,-145.10000000000025
2006-03-08 00:00:00,-146.00000000000026
2006-03-09 00:00:00,-145.30000000000024
2006-03-10 00:00:00,-145.10000000000025
2006-03-13 00:00:00,-145.30000000000024
2006-03-14 00:00:00,-143.10000000000025
2006-03-15 00:00:00,-144.00000000000026
2006-03-16 00:00:00,-146.10000000000025
2006-03-17 00:00:00,-145.10000000000025
2006-03-20 00:00:00,-145.60000000000025
2006-03-21 00:00:00,-145.10000000000025
2006-03-22 00:00:00,-143.90000000000023
2006-03-23 00:00:00,-145.20000000000024
2006-03-24 00:00:00,-144.60000000000025
2006-03-27 00:00:00,-141.10000000000025
2006-03-28 00:00:00,-141.70000000000024
2006-03-29 00:00:00,-141.30000000000024
2006-03-30 00:00:00,-140.60000000000025
2006-03-31 00:00:00,-145.40000000000023
2006-04-03 00:00:00,-147.00000000000026
2006-04-04 00:00:00,-148.60000000000025
2006-04-05 00:00:00,-147.60000000000025
2006-04-06 00:00:00,-147.30000000000024
2006-04-07 00:00:00,-148.80000000000024
2006-04-10 00:00:00,-151.20000000000024
2006-04-11 00:00:00,-148.70000000000024
2006-04-12 00:00:00,-148.60000000000025
2006-04-13 00:00:00,-147.10000000000025
2006-04-17 00:00:00,-143.80000000000024
2006-04-18 00:00:00,-144.30000000000024
2006-04-19 00:00:00,-147.10000000000025
2006-04-20 00:00:00,-149.20000000000024
2006-04-21 00:00:00,-150.40000000000026
2006-04-24 00:00:00,-148.20000000000024
2006-04-25 00:00:00,-148.10000000000025
2006-04-26 00:00:00,-148.80000000000024
2006-04-27 00:00:00,-150.20000000000024
2006-04-28 00:00:00,-148.50000000000026
2006-05-01 00:00:00,-143.60000000000025
2006-05-02 00:00:00,-144.90000000000026
2006-05-03 00:00:00,-145.50000000000026
2006-05-04 00:00:00,-144.80000000000024
2006-05-05 00:00:00,-143.70000000000024
2006-05-08 00:00:00,-144.90000000000026
2006-05-09 00:00:00,-142.70000000000024
2006-05-10 00:00:00,-143.50000000000026
2006-05-11 00:00:00,-143.70000000000024
2006-05-12 00:00:00,-144.30000000000024
2006-05-15 00:00:00,-144.50000000000026
2006-05-16 00:00:00,-145.70000000000024
2006-05-17 00:00:00,-145.60000000000025
2006-05-18 00:00:00,-146.80000000000024
2006-05-19 00:00:00,-148.70000000000024
2006-05-22 00:00:00,-149.70000000000024
2006-05-23 00:00:00,-150.20000000000024
2006-05-24 00:00:00,-150.10000000000025
2006-05-25 00:00:00,-149.50000000000023
2006-05-26 00:00:00,-149.50000000000023
2006-05-30 00:00:00,-151.10000000000025
2006-05-31 00:00:00,-150.70000000000024
2006-06-01 00:00:00,-147.90000000000023
2006-06-02 00:00:00,-138.70000000000024
2006-06-05 00:00:00,-140.10000000000025
2006-06-06 00:00:00,-143.10000000000025
2006-06-07 00:00:00,-141.60000000000025
2006-06-08 00:00:00,-143.70000000000024
2006-06-09 00:00:00,-146.10000000000025
2006-06-12 00:00:00,-141.90000000000023
2006-06-13 00:00:00,-141.60000000000025
2006-06-14 00:00:00,-144.00000000000023
2006-06-15 00:00:00,-144.00000000000023
2006-06-16 00:00:00,-141.90000000000023
2006-06-19 00:00:00,-145.20000000000024
2006-06-20 00:00:00,-145.70000000000024
2006-06-21 00:00:00,-145.70000000000024
2006-06-22 00:00:00,-146.80000000000024
2006-06-23 00:00:00,-147.30000000000024
2006-06-26 00:00:00,-151.30000000000024
2006-06-27 00:00:00,-149.90000000000023
2006-06-28 00:00:00,-149.90000000000023
2006-06-29 00:00:00,-150.20000000000024
2006-06-30 00:00:00,-146.00000000000026
2006-07-03 00:00:00,-145.20000000000024
2006-07-05 00:00:00,-149.30000000000024
2006-07-06 00:00:00,-146.60000000000025
2006-07-07 00:00:00,-149.70000000000024
2006-07-10 00:00:00,-149.00000000000026
2006-07-11 00:00:00,-148.40000000000023
2006-07-12 00:00:00,-148.30000000000024
2006-07-13 00:00:00,-151.40000000000023
2006-07-14 00:00:00,-151.40000000000023
2006-07-17 00:00:00,-154.70000000000024
2006-07-18 00:00:00,-153.50000000000026
2006-07-19 00:00:00,-154.80000000000027
2006-07-20 00:00:00,-156.10000000000025
2006-07-21 00:00:00,-157.10000000000025
2006-07-24 00:00:00,-155.40000000000026
2006-07-25 00:00:00,-153.70000000000024
2006-07-26 00:00:00,-154.40000000000026
2006-07-27 00:00:00,-156.80000000000027
2006-07-28 00:00:00,-158.10000000000025
2006-07-31 00:00:00,-158.50000000000026
2006-08-01 00:00:00,-160.40000000000026
2006-08-02 00:00:00,-158.90000000000026
2006-08-03 00:00:00,-159.40000000000026
2006-08-04 00:00:00,-158.30000000000027
2006-08-07 00:00:00,-162.90000000000026
2006-08-08 00:00:00,-164.40000000000026
2006-08-09 00:00:00,-164.10000000000025
2006-08-10 00:00:00,-164.80000000000027
2006-08-11 00:00:00,-164.30000000000027
2006-08-14 00:00:00,-162.70000000000024
2006-08-15 00:00:00,-163.40000000000026
2006-08-16 00:00:00,-164.80000000000027
2006-08-17 00:00:00,-163.80000000000027
2006-08-18 00:00:00,-165.40000000000026
2006-08-21 00:00:00,-165.70000000000024
2006-08-22 00:00:00,-166.40000000000026
2006-08-23 00:00:00,-164.90000000000026
2006-08-24 00:00:00,-162.70000000000024
2006-08-25 00:00:00,-165.50000000000026
2006-08-28 00:00:00,-165.80000000000027
2006-08-29 00:00:00,-165.80000000000027
2006-08-30 00:00:00,-165.90000000000026
2006-08-31 00:00:00,-166.10000000000025
2006-09-01 00:00:00,-166.10000000000025
2006-09-05 00:00:00,-162.90000000000026
2006-09-06 00:00:00,-165.90000000000026
2006-09-07 00:00:00,-164.30000000000027
2006-09-08 00:00:00,-166.70000000000024
2006-09-11 00:00:00,-166.70000000000024
2006-09-12 00:00:00,-168.60000000000025
2006-09-13 00:00:00,-168.60000000000025
2006-09-14 00:00:00,-167.70000000000024
2006-09-15 00:00:00,-164.90000000000026
2006-09-18 00:00:00,-162.80000000000027
2006-09-19 00:00:00,-165.30000000000027
2006-09-20 00:00:00,-162.10000000000025
2006-09-21 00:00:00,-159.80000000000027
2006-09-22 00:00:00,-162.90000000000026
2006-09-25 00:00:00,-165.10000000000025
2006-09-26 00:00:00,-164.20000000000027
2006-09-27 00:00:00,-166.10000000000025
2006-09-28 00:00:00,-164.40000000000026
2006-09-29 00:00:00,-164.50000000000026
2006-10-02 00:00:00,-164.20000000000027
2006-10-03 00:00:00,-165.30000000000027
2006-10-04 00:00:00,-161.10000000000025
2006-10-05 00:00:00,-158.30000000000027
2006-10-06 00:00:00,-159.80000000000027
2006-10-09 00:00:00,-157.90000000000026
2006-10-10 00:00:00,-161.00000000000026
2006-10-11 00:00:00,-160.60000000000025
2006-10-12 00:00:00,-154.40000000000026
2006-10-13 00:00:00,-148.30000000000027
2006-10-16 00:00:00,-149.70000000000027
2006-10-17 00:00:00,-147.50000000000026
2006-10-18 00:00:00,-148.10000000000025
2006-10-19 00:00:00,-149.30000000000024
2006-10-20 00:00:00,-148.20000000000024
2006-10-23 00:00:00,-145.80000000000024
2006-10-24 00:00:00,-143.60000000000025
2006-10-25 00:00:00,-143.80000000000024
2006-10-26 00:00:00,-142.70000000000024
2006-10-27 00:00:00,-141.00000000000026
2006-10-30 00:00:00,-137.20000000000024
2006-10-31 00:00:00,-138.60000000000025
2006-11-01 00:00:00,-135.80000000000024
2006-11-02 00:00:00,-133.10000000000025
2006-11-03 00:00:00,-132.80000000000024
2006-11-06 00:00:00,-132.70000000000024
2006-11-07 00:00:00,-130.30000000000024
2006-11-08 00:00:00,-126.70000000000024
2006-11-09 00:00:00,-129.20000000000024
2006-11-10 00:00:00,-132.30000000000024
2006-11-13 00:00:00,-135.60000000000025
2006-11-14 00:00:00,-133.50000000000026
2006-11-15 00:00:00,-135.00000000000026
2006-11-16 00:00:00,-136.60000000000025
2006-11-17 00:00:00,-136.00000000000026
2006-11-20 00:00:00,-134.80000000000024
2006-11-21 00:00:00,-134.70000000000024
2006-11-22 00:00:00,-134.60000000000025
2006-11-24 00:00:00,-131.40000000000026
2006-11-27 00:00:00,-129.60000000000025
2006-11-28 00:00:00,-129.60000000000025
2006-11-29 00:00:00,-131.70000000000024
2006-11-30 00:00:00,-131.70000000000024
2006-12-01 00:00:00,-136.80000000000024
2006-12-04 00:00:00,-141.70000000000024
2006-12-05 00:00:00,-140.20000000000024
2006-12-06 00:00:00,-141.50000000000026
2006-12-07 00:00:00,-138.20000000000024
2006-12-08 00:00:00,-139.90000000000026
2006-12-11 00:00:00,-137.00000000000026
2006-12-12 00:00:00,-137.20000000000024
2006-12-13 00:00:00,-138.30000000000024
2006-12-14 00:00:00,-138.10000000000025
2006-12-15 00:00:00,-140.40000000000026
2006-12-18 00:00:00,-142.30000000000027
2006-12-19 00:00:00,-141.40000000000026
2006-12-20 00:00:00,-142.40000000000026
2006-12-21 00:00:00,-141.70000000000024
2006-12-22 00:00:00,-139.50000000000026
2006-12-26 00:00:00,-137.40000000000026
2006-12-27 00:00:00,-137.20000000000024
2006-12-28 00:00:00,-136.10000000000025
2006-12-29 00:00:00,-134.30000000000027
2007-01-03 00:00:00,-137.20000000000024
2007-01-04 00:00:00,-137.40000000000026
2007-01-05 00:00:00,-134.80000000000027
2007-01-08 00:00:00,-135.50000000000026
2007-01-09 00:00:00,-139.10000000000025
2007-01-10 00:00:00,-138.30000000000027
2007-01-11 00:00:00,-135.90000000000026
2007-01-12 00:00:00,-120.40000000000026
2007-01-16 00:00:00,-121.60000000000025
2007-01-17 00:00:00,-115.80000000000027
2007-01-18 00:00:00,-118.70000000000024
2007-01-19 00:00:00,-120.60000000000025
2007-01-22 00:00:00,-120.90000000000026
2007-01-23 00:00:00,-119.50000000000026
2007-01-24 00:00:00,-121.10000000000025
2007-01-25 00:00:00,-120.80000000000027
2007-01-26 00:00:00,-123.00000000000026
2007-01-29 00:00:00,-122.90000000000026
2007-01-30 00:00:00,-120.80000000000027
2007-01-31 00:00:00,-121.50000000000026
2007-02-01 00:00:00,-121.10000000000025
2007-02-02 00:00:00,-117.10000000000025
2007-02-05 00:00:00,-117.20000000000024
2007-02-06 00:00:00,-116.20000000000024
2007-02-07 00:00:00,-115.50000000000026
2007-02-08 00:00:00,-114.10000000000025
2007-02-09 00:00:00,-110.90000000000026
2007-02-12 00:00:00,-110.40000000000026
2007-02-13 00:00:00,-106.70000000000024
2007-02-14 00:00:00,-106.70000000000024
2007-02-15 00:00:00,-103.90000000000026
2007-02-16 00:00:00,-100.80000000000024
2007-02-20 00:00:00,-97.10000000000025
2007-02-21 00:00:00,-95.90000000000026
2007-02-22 00:00:00,-94.50000000000023
2007-02-23 00:00:00,-97.90000000000026
2007-02-26 00:00:00,-99.10000000000025
2007-02-27 00:00:00,-102.70000000000022
2007-02-28 00:00:00,-101.40000000000026
2007-03-01 00:00:00,-107.00000000000026
2007-03-02 00:00:00,-111.60000000000025
2007-03-05 00:00:00,-112.00000000000026
2007-03-06 00:00:00,-112.80000000000027
2007-03-07 00:00:00,-109.80000000000027
2007-03-08 00:00:00,-111.40000000000026
2007-03-09 00:00:00,-111.40000000000026
2007-03-12 00:00:00,-109.70000000000024
2007-03-13 00:00:00,-112.00000000000026
2007-03-14 00:00:00,-113.90000000000026
2007-03-15 00:00:00,-115.00000000000026
2007-03-16 00:00:00,-114.40000000000026
2007-03-19 00:00:00,-112.90000000000026
2007-03-20 00:00:00,-111.40000000000026
2007-03-21 00:00:00,-109.70000000000024
2007-03-22 00:00:00,-109.10000000000025
2007-03-23 00:00:00,-113.30000000000027
2007-03-26 00:00:00,-117.10000000000025
2007-03-27 00:00:00,-118.20000000000024
2007-03-28 00:00:00,-114.20000000000024
2007-03-29 00:00:00,-114.10000000000025
2007-03-30 00:00:00,-120.10000000000025
2007-04-02 00:00:00,-114.30000000000027
2007-04-03 00:00:00,-118.10000000000025
2007-04-04 00:00:00,-119.30000000000027
2007-04-05 00:00:00,-119.10000000000025
2007-04-09 00:00:00,-122.70000000000024
2007-04-10 00:00:00,-126.80000000000027
2007-04-11 00:00:00,-126.60000000000025
2007-04-12 00:00:00,-130.60000000000025
2007-04-13 00:00:00,-132.80000000000027
2007-04-16 00:00:00,-132.20000000000024
2007-04-17 00:00:00,-133.60000000000025
2007-04-18 00:00:00,-133.70000000000024
2007-04-19 00:00:00,-134.20000000000024
2007-04-20 00:00:00,-135.50000000000023
2007-04-23 00:00:00,-136.10000000000025
2007-04-24 00:00:00,-140.40000000000023
2007-04-25 00:00:00,-138.90000000000023
2007-04-26 00:00:00,-137.40000000000023
2007-04-27 00:00:00,-139.40000000000023
2007-04-30 00:00:00,-138.90000000000023
2007-05-01 00:00:00,-133.80000000000024
2007-05-02 00:00:00,-136.20000000000024
2007-05-03 00:00:00,-137.00000000000023
2007-05-04 00:00:00,-135.20000000000024
2007-05-07 00:00:00,-135.90000000000023
2007-05-08 00:00:00,-137.50000000000023
2007-05-09 00:00:00,-135.70000000000024
2007-05-10 00:00:00,-138.70000000000024
2007-05-11 00:00:00,-135.70000000000024
2007-05-14 00:00:00,-131.60000000000025
2007-05-15 00:00:00,-129.90000000000023
2007-05-16 00:00:00,-124.50000000000023
2007-05-17 00:00:00,-125.00000000000023
2007-05-18 00:00:00,-125.70000000000022
2007-05-21 00:00:00,-122.70000000000022
2007-05-22 00:00:00,-123.50000000000023
2007-05-23 00:00:00,-119.60000000000022
2007-05-24 00:00:00,-121.70000000000022
2007-05-25 00:00:00,-119.50000000000023
2007-05-29 00:00:00,-124.50000000000023
2007-05-30 00:00:00,-121.60000000000022
2007-05-31 00:00:00,-121.70000000000022
2007-06-01 00:00:00,-117.70000000000022
2007-06-04 00:00:00,-118.60000000000022
2007-06-05 00:00:00,-116.70000000000022
2007-06-06 00:00:00,-115.50000000000023
2007-06-07 00:00:00,-113.80000000000024
2007-06-08 00:00:00,-115.10000000000022
2007-06-11 00:00:00,-110.20000000000022
2007-06-12 00:00:00,-110.50000000000023
2007-06-13 00:00:00,-108.70000000000022
2007-06-14 00:00:00,-108.60000000000022
2007-06-15 00:00:00,-104.00000000000023
2007-06-18 00:00:00,-101.00000000000023
2007-06-19 00:00:00,-108.70000000000022
2007-06-20 00:00:00,-104.90000000000023
2007-06-21 00:00:00,-112.20000000000022
2007-06-22 00:00:00,-121.70000000000022
2007-06-25 00:00:00,-118.00000000000023
2007-06-26 00:00:00,-117.40000000000023
2007-06-27 00:00:00,-118.60000000000022
2007-06-28 00:00:00,-119.50000000000023
2007-06-29 00:00:00,-107.80000000000024
2007-07-02 00:00:00,-101.50000000000023
2007-07-03 00:00:00,-105.70000000000022
2007-07-05 00:00:00,-105.00000000000023
2007-07-06 00:00:00,-104.00000000000023
2007-07-09 00:00:00,-102.40000000000026
2007-07-10 00:00:00,-94.50000000000023
2007-07-11 00:00:00,-92.6000000000002
2007-07-12 00:00:00,-85.9000000000002
2007-07-13 00:00:00,-82.80000000000024
2007-07-16 00:00:00,-102.80000000000024
2007-07-17 00:00:00,-117.00000000000023
2007-07-18 00:00:00,-112.60000000000025
2007-07-19 00:00:00,-110.60000000000025
2007-07-20 00:00:00,-113.10000000000025
2007-07-23 00:00:00,-124.00000000000023
2007-07-24 00:00:00,-123.10000000000025
2007-07-25 00:00:00,-123.80000000000024
2007-07-26 00:00:00,-121.40000000000023
2007-07-27 00:00:00,-125.00000000000023
2007-07-30 00:00:00,-125.50000000000023
2007-07-31 00:00:00,-122.90000000000023
2007-08-01 00:00:00,-123.90000000000023
2007-08-02 00:00:00,-121.40000000000023
2007-08-03 00:00:00,-118.50000000000023
2007-08-06 00:00:00,-119.90000000000023
2007-08-07 00:00:00,-114.20000000000024
2007-08-08 00:00:00,-110.00000000000023
2007-08-09 00:00:00,-106.70000000000024
2007-08-10 00:00:00,-106.60000000000025
2007-08-13 00:00:00,-103.70000000000022
2007-08-14 00:00:00,-107.90000000000023
2007-08-15 00:00:00,-112.70000000000024
2007-08-16 00:00:00,-122.30000000000024
2007-08-17 00:00:00,-122.10000000000025
2007-08-20 00:00:00,-120.90000000000023
2007-08-21 00:00:00,-118.70000000000024
2007-08-22 00:00:00,-111.20000000000024
2007-08-23 00:00:00,-108.20000000000024
2007-08-24 00:00:00,-107.10000000000025
2007-08-27 00:00:00,-105.10000000000025
2007-08-28 00:00:00,-105.80000000000024
2007-08-29 00:00:00,-105.30000000000024
2007-08-30 00:00:00,-101.20000000000022
2007-08-31 00:00:00,-102.10000000000025
2007-09-04 00:00:00,-93.20000000000022
2007-09-05 00:00:00,-95.20000000000027
2007-09-06 00:00:00,-98.60000000000025
2007-09-07 00:00:00,-93.40000000000026
2007-09-10 00:00:00,-90.40000000000026
2007-09-11 00:00:00,-90.60000000000025
2007-09-12 00:00:00,-86.70000000000022
2007-09-13 00:00:00,-86.70000000000022
2007-09-14 00:00:00,-82.40000000000026
2007-09-17 00:00:00,-78.10000000000025
2007-09-18 00:00:00,-75.80000000000024
2007-09-19 00:00:00,-74.90000000000026
2007-09-20 00:00:00,-66.80000000000024
2007-09-21 00:00:00,-69.90000000000026
2007-09-24 00:00:00,-71.30000000000024
2007-09-25 00:00:00,-70.20000000000027
2007-09-26 00:00:00,-63.10000000000025
2007-09-27 00:00:00,-59.10000000000025
2007-09-28 00:00:00,-66.40000000000026
2007-10-01 00:00:00,-62.500000000000284
2007-10-02 00:00:00,-78.10000000000025
2007-10-03 00:00:00,-75.90000000000026
2007-10-04 00:00:00,-76.40000000000026
2007-10-05 00:00:00,-82.10000000000025
2007-10-08 00:00:00,-86.70000000000027
2007-10-09 00:00:00,-77.90000000000026
2007-10-10 00:00:00,-73.00000000000028
2007-10-11 00:00:00,-69.70000000000027
2007-10-12 00:00:00,-68.70000000000027
2007-10-15 00:00:00,-66.00000000000028
2007-10-16 00:00:00,-71.00000000000028
2007-10-17 00:00:00,-72.10000000000025
2007-10-18 00:00:00,-69.50000000000023
2007-10-19 00:00:00,-71.00000000000023
2007-10-22 00:00:00,-73.00000000000023
2007-10-23 00:00:00,-71.60000000000025
2007-10-24 00:00:00,-73.80000000000024
2007-10-25 00:00:00,-67.50000000000023
2007-10-26 00:00:00,-69.10000000000025
2007-10-29 00:00:00,-67.00000000000023
2007-10-30 00:00:00,-72.9000000000002
2007-10-31 00:00:00,-69.30000000000024
2007-11-01 00:00:00,-76.20000000000022
2007-11-02 00:00:00,-74.30000000000024
2007-11-05 00:00:00,-72.20000000000022
2007-11-06 00:00:00,-66.30000000000024
2007-11-07 00:00:00,-68.9000000000002
2007-11-08 00:00:00,-71.10000000000025
2007-11-09 00:00:00,-67.30000000000024
2007-11-12 00:00:00,-68.80000000000024
2007-11-13 00:00:00,-63.00000000000023
2007-11-14 00:00:00,-55.900000000000205
2007-11-15 00:00:00,-54.400000000000205
2007-11-16 00:00:00,-55.10000000000025
2007-11-19 00:00:00,-58.400000000000205
2007-11-20 00:00:00,-56.200000000000216
2007-11-21 00:00:00,-58.700000000000216
2007-11-23 00:00:00,-55.00000000000023
2007-11-26 00:00:00,-53.00000000000023
2007-11-27 00:00:00,-56.00000000000023
2007-11-28 00:00:00,-52.30000000000024
2007-11-29 00:00:00,-52.50000000000023
2007-11-30 00:00:00,-56.30000000000024
2007-12-03 00:00:00,-56.30000000000024
2007-12-04 00:00:00,-51.200000000000216
2007-12-05 00:00:00,-45.80000000000024
2007-12-06 00:00:00,-46.50000000000023
2007-12-07 00:00:00,-35.80000000000024
2007-12-10 00:00:00,-34.400000000000205
2007-12-11 00:00:00,-29.60000000000025
2007-12-12 00:00:00,-25.80000000000024
2007-12-13 00:00:00,-26.30000000000024
2007-12-14 00:00:00,-21.900000000000205
2007-12-17 00:00:00,-22.500000000000227
2007-12-18 00:00:00,-25.80000000000024
2007-12-19 00:00:00,-23.90000000000026
2007-12-20 00:00:00,-22.40000000000026
2007-12-21 00:00:00,-19.10000000000025
2007-12-24 00:00:00,-16.80000000000024
2007-12-26 00:00:00,-9.800000000000239
2007-12-27 00:00:00,-8.60000000000025
2007-12-28 00:00:00,-13.800000000000239
2007-12-31 00:00:00,-16.30000000000024
2008-01-02 00:00:00,-9.800000000000239
2008-01-03 00:00:00,-3.3000000000002387
2008-01-04 00:00:00,-4.500000000000227
2008-01-07 00:00:00,-8.300000000000239
2008-01-08 00:00:00,-1.3000000000002387
2008-01-09 00:00:00,-3.700000000000216
2008-01-10 00:00:00,-4.000000000000227
2008-01-11 00:00:00,5.999999999999773
2008-01-14 00:00:00,-2.2737367544323206e-13
2008-01-15 00:00:00,4.199999999999761
2008-01-16 00:00:00,-4.000000000000227
2008-01-17 00:00:00,-6.800000000000239
2008-01-18 00:00:00,-11.800000000000239
2008-01-22 00:00:00,-14.800000000000239
2008-01-23 00:00:00,-28.000000000000227
2008-01-24 00:00:00,-19.80000000000024
2008-01-25 00:00:00,-16.200000000000216
2008-01-28 00:00:00,-15.000000000000227
2008-01-29 00:00:00,-12.900000000000261
2008-01-30 00:00:00,-10.10000000000025
2008-01-31 00:00:00,-11.500000000000227
2008-02-01 00:00:00,-8.60000000000025
2008-02-04 00:00:00,0.6999999999997613
2008-02-05 00:00:00,0.5999999999997385
2008-02-06 00:00:00,1.1999999999997613
2008-02-07 00:00:00,8.89999999999975
2008-02-08 00:00:00,8.799999999999784
2008-02-11 00:00:00,2.6999999999997613
2008-02-12 00:00:00,1.1999999999997613
2008-02-13 00:00:00,-0.5000000000002274
2008-02-14 00:00:00,7.199999999999761
2008-02-15 00:00:00,7.199999999999761
2008-02-19 00:00:00,12.299999999999784
2008-02-20 00:00:00,9.999999999999773
2008-02-21 00:00:00,10.299999999999784
2008-02-22 00:00:00,12.499999999999773
2008-02-25 00:00:00,18.69999999999976
2008-02-26 00:00:00,22.89999999999975
2008-02-27 00:00:00,16.59999999999974
2008-02-28 00:00:00,22.89999999999975
2008-02-29 00:00:00,24.39999999999975
2008-03-03 00:00:00,24.89999999999975
2008-03-04 00:00:00,18.69999999999976
2008-03-05 00:00:00,23.59999999999974
2008-03-06 00:00:00,13.499999999999773
2008-03-07 00:00:00,-6.500000000000227
2008-03-10 00:00:00,1.6999999999997613
2008-03-11 00:00:00,-6.4000000000002615
2008-03-12 00:00:00,-6.500000000000227
2008-03-13 00:00:00,-1.8000000000002387
2008-03-14 00:00:00,-10.500000000000227
2008-03-17 00:00:00,-30.500000000000227
2008-03-18 00:00:00,-24.60000000000025
2008-03-19 00:00:00,-44.60000000000025
2008-03-20 00:00:00,-45.80000000000024
2008-03-24 00:00:00,-25.80000000000024
2008-03-25 00:00:00,-5.800000000000239
2008-03-26 00:00:00,-1.3000000000002387
2008-03-27 00:00:00,-8.300000000000239
2008-03-28 00:00:00,-15.500000000000227
2008-03-31 00:00:00,-35.50000000000023
2008-04-01 00:00:00,-26.80000000000024
2008-04-02 00:00:00,-25.80000000000024
2008-04-03 00:00:00,-24.10000000000025
2008-04-04 00:00:00,-23.60000000000025
2008-04-07 00:00:00,-27.200000000000216
2008-04-08 00:00:00,-27.80000000000024
2008-04-09 00:00:00,-8.300000000000239
2008-04-10 00:00:00,-5.300000000000239
2008-04-11 00:00:00,-12.000000000000227
2008-04-14 00:00:00,-6.000000000000227
2008-04-15 00:00:00,-6.700000000000216
2008-04-16 00:00:00,-15.500000000000227
2008-04-17 00:00:00,-9.500000000000227
2008-04-18 00:00:00,-8.000000000000227
2008-04-21 00:00:00,-18.000000000000227
2008-04-22 00:00:00,-0.5000000000002274
2008-04-23 00:00:00,-6.000000000000227
2008-04-24 00:00:00,-12.700000000000216
2008-04-25 00:00:00,-17.000000000000227
2008-04-28 00:00:00,-24.500000000000227
2008-04-29 00:00:00,-25.000000000000227
2008-04-30 00:00:00,-15.500000000000227
2008-05-01 00:00:00,-28.000000000000227
2008-05-02 00:00:00,-20.000000000000227
2008-05-05 00:00:00,-25.10000000000025
2008-05-06 00:00:00,-27.900000000000205
2008-05-07 00:00:00,-21.700000000000216
2008-05-08 00:00:00,-20.60000000000025
2008-05-09 00:00:00,-17.000000000000227
2008-05-12 00:00:00,-16.80000000000024
2008-05-13 00:00:00,-5.300000000000239
2008-05-14 00:00:00,-3.3000000000002387
2008-05-15 00:00:00,-8.900000000000205
2008-05-16 00:00:00,-4.000000000000227
2008-05-19 00:00:00,-12.000000000000227
2008-05-20 00:00:00,-16.000000000000227
2008-05-21 00:00:00,-14.800000000000239
2008-05-22 00:00:00,-18.700000000000216
2008-05-23 00:00:00,-14.000000000000227
2008-05-27 00:00:00,-12.500000000000227
2008-05-28 00:00:00,-7.000000000000227
2008-05-29 00:00:00,-15.700000000000216
2008-05-30 00:00:00,-7.60000000000025
2008-06-02 00:00:00,-5.300000000000239
2008-06-03 00:00:00,-3.0000000000002274
2008-06-04 00:00:00,8.999999999999773
2008-06-05 00:00:00,19.39999999999975
2008-06-06 00:00:00,19.299999999999784
2008-06-09 00:00:00,20.999999999999773
2008-06-10 00:00:00,28.299999999999784
2008-06-11 00:00:00,44.99999999999977
2008-06-12 00:00:00,47.89999999999975
2008-06-13 00:00:00,53.69999999999976
2008-06-16 00:00:00,52.799999999999784
2008-06-17 00:00:00,61.299999999999784
2008-06-18 00:00:00,60.599999999999795
2008-06-19 00:00:00,58.49999999999977
2008-06-20 00:00:00,51.799999999999784
2008-06-23 00:00:00,50.99999999999977
2008-06-24 00:00:00,49.599999999999795
2008-06-25 00:00:00,58.39999999999975
2008-06-26 00:00:00,67.99999999999977
2008-06-27 00:00:00,72.99999999999977
2008-06-30 00:00:00,75.19999999999976
2008-07-01 00:00:00,82.19999999999976
2008-07-02 00:00:00,90.29999999999978
2008-07-03 00:00:00,91.79999999999978
2008-07-07 00:00:00,71.79999999999978
2008-07-08 00:00:00,63.799999999999784
2008-07-09 00:00:00,78.19999999999976
2008-07-10 00:00:00,87.19999999999976
2008-07-11 00:00:00,91.49999999999977
2008-07-14 00:00:00,78.5999999999998
2008-07-15 00:00:00,65.29999999999978
2008-07-16 00:00:00,73.29999999999978
2008-07-17 00:00:00,53.799999999999784
2008-07-18 00:00:00,40.69999999999982
2008-07-21 00:00:00,29.199999999999818
2008-07-22 00:00:00,30.099999999999795
2008-07-23 00:00:00,25.49999999999983
2008-07-24 00:00:00,23.699999999999818
2008-07-25 00:00:00,24.099999999999795
2008-07-28 00:00:00,28.199999999999818
2008-07-29 00:00:00,33.39999999999981
2008-07-30 00:00:00,40.099999999999795
2008-07-31 00:00:00,39.39999999999981
2008-08-01 00:00:00,29.899999999999807
2008-08-04 00:00:00,9.899999999999807
2008-08-05 00:00:00,3.3999999999998067
2008-08-06 00:00:00,-9.300000000000182
2008-08-07 00:00:00,-3.4000000000002046
2008-08-08 00:00:00,-22.800000000000182
2008-08-11 00:00:00,-15.600000000000193
2008-08-12 00:00:00,-4.100000000000193
2008-08-13 00:00:00,15.899999999999807
2008-08-14 00:00:00,11.399999999999807
2008-08-15 00:00:00,-3.4000000000002046
2008-08-18 00:00:00,14.599999999999795
2008-08-19 00:00:00,11.399999999999807
2008-08-20 00:00:00,17.599999999999795
2008-08-21 00:00:00,22.599999999999795
2008-08-22 00:00:00,23.899999999999807
2008-08-25 00:00:00,29.699999999999818
2008-08-26 00:00:00,31.099999999999795
2008-08-27 00:00:00,28.899999999999807
2008-08-28 00:00:00,22.699999999999818
2008-08-29 00:00:00,21.899999999999807
2008-09-02 00:00:00,19.299999999999784
2008-09-03 00:00:00,5.899999999999807
2008-09-04 00:00:00,5.899999999999807
2008-09-05 00:00:00,-9.100000000000193
2008-09-08 00:00:00,-7.800000000000182
2008-09-09 00:00:00,-2.1000000000001933
2008-09-10 00:00:00,-10.300000000000182
2008-09-11 00:00:00,-5.900000000000205
2008-09-12 00:00:00,-1.6000000000001933
2008-09-15 00:00:00,-0.3000000000001819
2008-09-16 00:00:00,-16.600000000000193
2008-09-17 00:00:00,-13.500000000000227
2008-09-18 00:00:00,-22.100000000000193
2008-09-19 00:00:00,-20.30000000000024
2008-09-22 00:00:00,-7.500000000000227
2008-09-23 00:00:00,-5.500000000000227
2008-09-24 00:00:00,-3.0000000000002274
2008-09-25 00:00:00,-6.900000000000205
2008-09-26 00:00:00,-14.700000000000216
2008-09-29 00:00:00,-34.10000000000019
2008-09-30 00:00:00,-50.400000000000205
2008-10-01 00:00:00,-49.200000000000216
2008-10-02 00:00:00,-60.900000000000205
2008-10-03 00:00:00,-65.6000000000002
2008-10-06 00:00:00,-85.6000000000002
2008-10-07 00:00:00,-78.80000000000024
2008-10-08 00:00:00,-66.80000000000024
2008-10-09 00:00:00,-59.50000000000023
2008-10-10 00:00:00,-79.50000000000023
2008-10-13 00:00:00,-79.1000000000002
2008-10-14 00:00:00,-88.10000000000022
2008-10-15 00:00:00,-91.4000000000002
2008-10-16 00:00:00,-84.50000000000023
2008-10-17 00:00:00,-78.4000000000002
2008-10-20 00:00:00,-70.1000000000002
2008-10-21 00:00:00,-72.00000000000017
2008-10-22 00:00:00,-81.30000000000018
2008-10-23 00:00:00,-70.50000000000017
2008-10-24 00:00:00,-71.80000000000018
2008-10-27 00:00:00,-62.200000000000216
2008-10-28 00:00:00,-69.30000000000018
2008-10-29 00:00:00,-52.10000000000019
2008-10-30 00:00:00,-53.00000000000017
2008-10-31 00:00:00,-63.10000000000019
2008-11-03 00:00:00,-60.200000000000216
2008-11-04 00:00:00,-57.60000000000019
2008-11-05 00:00:00,-70.50000000000017
2008-11-06 00:00:00,-73.80000000000018
2008-11-07 00:00:00,-65.4000000000002
2008-11-10 00:00:00,-61.60000000000019
2008-11-11 00:00:00,-67.6000000000002
2008-11-12 00:00:00,-70.30000000000018
2008-11-13 00:00:00,-73.6000000000002
2008-11-14 00:00:00,-72.00000000000017
2008-11-17 00:00:00,-65.50000000000017
2008-11-18 00:00:00,-69.1000000000002
2008-11-19 00:00:00,-68.70000000000022
2008-11-20 00:00:00,-80.4000000000002
2008-11-21 00:00:00,-88.20000000000019
2008-11-24 00:00:00,-81.70000000000022
2008-11-25 00:00:00,-77.30000000000018
2008-11-26 00:00:00,-77.4000000000002
2008-11-28 00:00:00,-85.70000000000022
2008-12-01 00:00:00,-89.4000000000002
2008-12-02 00:00:00,-94.80000000000018
2008-12-03 00:00:00,-94.30000000000018
2008-12-04 00:00:00,-95.70000000000019
2008-12-05 00:00:00,-103.30000000000018
2008-12-08 00:00:00,-93.30000000000018
2008-12-09 00:00:00,-96.1000000000002
2008-12-10 00:00:00,-92.70000000000019
2008-12-11 00:00:00,-85.30000000000018
2008-12-12 00:00:00,-84.1000000000002
2008-12-15 00:00:00,-84.30000000000018
2008-12-16 00:00:00,-80.00000000000017
2008-12-17 00:00:00,-77.70000000000016
2008-12-18 00:00:00,-74.20000000000016
2008-12-19 00:00:00,-73.40000000000015
2008-12-22 00:00:00,-66.1000000000002
2008-12-23 00:00:00,-60.80000000000018
2008-12-24 00:00:00,-54.50000000000017
2008-12-26 00:00:00,-44.70000000000016
2008-12-29 00:00:00,-50.50000000000017
2008-12-30 00:00:00,-44.70000000000016
2008-12-31 00:00:00,-42.50000000000017
2009-01-02 00:00:00,-41.80000000000018
2009-01-05 00:00:00,-43.90000000000015
2009-01-06 00:00:00,-41.00000000000017
2009-01-07 00:00:00,-46.60000000000019
2009-01-08 00:00:00,-43.90000000000015
2009-01-09 00:00:00,-28.100000000000193
2009-01-12 00:00:00,-48.10000000000019
2009-01-13 00:00:00,-47.60000000000019
2009-01-14 00:00:00,-45.40000000000015
2009-01-15 00:00:00,-37.50000000000017
2009-01-16 00:00:00,-26.70000000000016
2009-01-20 00:00:00,-34.00000000000017
2009-01-21 00:00:00,-23.100000000000193
2009-01-22 00:00:00,-25.800000000000182
2009-01-23 00:00:00,-26.300000000000182
2009-01-26 00:00:00,-28.20000000000016
2009-01-27 00:00:00,-35.60000000000019
2009-01-28 00:00:00,-33.50000000000017
2009-01-29 00:00:00,-36.30000000000018
2009-01-30 00:00:00,-34.70000000000016
2009-02-02 00:00:00,-39.30000000000018
2009-02-03 00:00:00,-45.00000000000017
2009-02-04 00:00:00,-46.10000000000019
2009-02-05 00:00:00,-39.00000000000017
2009-02-06 00:00:00,-29.400000000000148
2009-02-09 00:00:00,-32.40000000000015
2009-02-10 00:00:00,-33.90000000000015
2009-02-11 00:00:00,-41.00000000000017
2009-02-12 00:00:00,-42.40000000000015
2009-02-13 00:00:00,-49.00000000000017
2009-02-17 00:00:00,-63.400000000000205
2009-02-18 00:00:00,-69.4000000000002
2009-02-19 00:00:00,-69.50000000000017
2009-02-20 00:00:00,-75.9000000000002
2009-02-23 00:00:00,-70.00000000000017
2009-02-24 00:00:00,-68.9000000000002
2009-02-25 00:00:00,-76.6000000000002
2009-02-26 00:00:00,-81.20000000000016
2009-02-27 00:00:00,-75.50000000000017
2009-03-02 00:00:00,-85.1000000000002
2009-03-03 00:00:00,-82.6000000000002
2009-03-04 00:00:00,-78.50000000000017
2009-03-05 00:00:00,-84.80000000000018
2009-03-06 00:00:00,-80.80000000000018
2009-03-09 00:00:00,-81.1000000000002
2009-03-10 00:00:00,-74.1000000000002
2009-03-11 00:00:00,-76.6000000000002
2009-03-12 00:00:00,-69.30000000000018
2009-03-13 00:00:00,-69.6000000000002
2009-03-16 00:00:00,-58.60000000000019
2009-03-17 00:00:00,-60.400000000000205
2009-03-18 00:00:00,-57.400000000000205
2009-03-19 00:00:00,-49.80000000000018
2009-03-20 00:00:00,-47.00000000000017
2009-03-23 00:00:00,-49.10000000000019
2009-03-24 00:00:00,-44.60000000000019
2009-03-25 00:00:00,-54.20000000000016
2009-03-26 00:00:00,-56.80000000000018
2009-03-27 00:00:00,-62.900000000000205
2009-03-30 00:00:00,-65.6000000000002
2009-03-31 00:00:00,-51.20000000000016
2009-04-01 00:00:00,-51.60000000000019
2009-04-02 00:00:00,-48.10000000000019
2009-04-03 00:00:00,-39.80000000000018
2009-04-06 00:00:00,-39.70000000000016
2009-04-07 00:00:00,-40.60000000000019
2009-04-08 00:00:00,-35.30000000000018
2009-04-09 00:00:00,-36.400000000000205
2009-04-13 00:00:00,-34.80000000000018
2009-04-14 00:00:00,-31.100000000000193
2009-04-15 00:00:00,-29.70000000000016
2009-04-16 00:00:00,-20.20000000000016
2009-04-17 00:00:00,-24.00000000000017
2009-04-20 00:00:00,-31.400000000000148
2009-04-21 00:00:00,-20.50000000000017
2009-04-22 00:00:00,-18.600000000000193
2009-04-23 00:00:00,-23.20000000000016
2009-04-24 00:00:00,-22.900000000000148
2009-04-27 00:00:00,-34.50000000000017
2009-04-28 00:00:00,-35.40000000000015
2009-04-29 00:00:00,-21.100000000000193
2009-04-30 00:00:00,-14.300000000000182
2009-05-01 00:00:00,-3.200000000000159
2009-05-04 00:00:00,-2.1000000000001933
2009-05-05 00:00:00,-3.300000000000182
2009-05-06 00:00:00,-4.100000000000193
2009-05-07 00:00:00,-6.200000000000159
2009-05-08 00:00:00,-5.700000000000159
2009-05-11 00:00:00,-4.100000000000193
2009-05-12 00:00:00,-2.300000000000182
2009-05-13 00:00:00,2.9999999999998295
2009-05-14 00:00:00,12.599999999999852
2009-05-15 00:00:00,8.699999999999818
2009-05-18 00:00:00,16.79999999999984
2009-05-19 00:00:00,24.29999999999984
2009-05-20 00:00:00,27.199999999999818
2009-05-21 00:00:00,31.79999999999984
2009-05-22 00:00:00,31.199999999999818
2009-05-26 00:00:00,43.49999999999983
2009-05-27 00:00:00,39.59999999999985
2009-05-28 00:00:00,36.59999999999985
2009-05-29 00:00:00,37.49999999999983
2009-06-01 00:00:00,41.89999999999981
2009-06-02 00:00:00,40.29999999999984
2009-06-03 00:00:00,29.899999999999807
2009-06-04 00:00:00,43.69999999999982
2009-06-05 00:00:00,37.49999999999983
2009-06-08 00:00:00,37.69999999999982
2009-06-09 00:00:00,43.29999999999984
2009-06-10 00:00:00,45.99999999999983
2009-06-11 00:00:00,55.99999999999983
2009-06-12 00:00:00,52.79999999999984
2009-06-15 00:00:00,35.49999999999983
2009-06-16 00:00:00,35.29999999999984
2009-06-17 00:00:00,38.59999999999985
2009-06-18 00:00:00,36.19999999999982
2009-06-19 00:00:00,22.29999999999984
2009-06-22 00:00:00,12.79999999999984
2009-06-23 00:00:00,20.79999999999984
2009-06-24 00:00:00,22.79999999999984
2009-06-25 00:00:00,20.099999999999852
2009-06-26 00:00:00,20.49999999999983
2009-06-29 00:00:00,18.699999999999818
2009-06-30 00:00:00,20.599999999999852
2009-07-01 00:00:00,30.79999999999984
2009-07-02 00:00:00,29.99999999999983
2009-07-06 00:00:00,15.599999999999852
2009-07-07 00:00:00,-4.400000000000148
2009-07-08 00:00:00,-5.700000000000159
2009-07-09 00:00:00,2.9999999999998295
2009-07-10 00:00:00,2.599999999999852
2009-07-13 00:00:00,-4.5000000000001705
2009-07-14 00:00:00,-4.600000000000136
2009-07-15 00:00:00,-12.70000000000016
2009-07-16 00:00:00,-20.70000000000016
2009-07-17 00:00:00,-11.00000000000017
2009-07-20 00:00:00,-14.800000000000182
2009-07-21 00:00:00,-16.900000000000148
2009-07-22 00:00:00,-16.400000000000148
2009-07-23 00:00:00,-5.5000000000001705
2009-07-24 00:00:00,-10.00000000000017
2009-07-27 00:00:00,-13.50000000000017
2009-07-28 00:00:00,-6.400000000000148
2009-07-29 00:00:00,-7.700000000000159
2009-07-30 00:00:00,7.099999999999852
2009-07-31 00:00:00,10.79999999999984
2009-08-03 00:00:00,19.899999999999864
2009-08-04 00:00:00,22.099999999999852
2009-08-05 00:00:00,28.899999999999864
2009-08-06 00:00:00,24.79999999999984
2009-08-07 00:00:00,29.29999999999984
2009-08-10 00:00:00,15.99999999999983
2009-08-11 00:00:00,23.99999999999983
2009-08-12 00:00:00,22.79999999999984
2009-08-13 00:00:00,17.199999999999818
2009-08-14 00:00:00,-0.7000000000001592
2009-08-17 00:00:00,-7.800000000000182
2009-08-18 00:00:00,-5.5000000000001705
2009-08-19 00:00:00,-6.400000000000148
2009-08-20 00:00:00,-6.300000000000182
2009-08-21 00:00:00,0.29999999999984084
2009-08-24 00:00:00,10.199999999999818
2009-08-25 00:00:00,8.79999999999984
2009-08-26 00:00:00,8.79999999999984
2009-08-27 00:00:00,6.799999999999841
2009-08-28 00:00:00,18.79999999999984
2009-08-31 00:00:00,7.799999999999841
2009-09-01 00:00:00,-1.0000000000001705
2009-09-02 00:00:00,2.799999999999841
2009-09-03 00:00:00,-3.0000000000001705
2009-09-04 00:00:00,-8.600000000000136
2009-09-08 00:00:00,-5.200000000000159
2009-09-09 00:00:00,-4.400000000000148
2009-09-10 00:00:00,-4.200000000000159
2009-09-11 00:00:00,-14.20000000000016
2009-09-14 00:00:00,-10.900000000000148
2009-09-15 00:00:00,8.599999999999852
2009-09-16 00:00:00,4.299999999999841
2009-09-17 00:00:00,2.8999999999998636
2009-09-18 00:00:00,-4.800000000000125
2009-09-21 00:00:00,-13.000000000000114
2009-09-22 00:00:00,-10.70000000000016
2009-09-23 00:00:00,-9.100000000000136
2009-09-24 00:00:00,-10.20000000000016
2009-09-25 00:00:00,-6.000000000000114
2009-09-28 00:00:00,-5.900000000000148
2009-09-29 00:00:00,-5.600000000000136
2009-09-30 00:00:00,-4.900000000000148
2009-10-01 00:00:00,-9.600000000000136
2009-10-02 00:00:00,-21.400000000000148
2009-10-05 00:00:00,-19.70000000000016
2009-10-06 00:00:00,-14.000000000000114
2009-10-07 00:00:00,-10.300000000000125
2009-10-08 00:00:00,-1.4000000000001478
2009-10-09 00:00:00,6.199999999999875
2009-10-12 00:00:00,15.399999999999864
2009-10-13 00:00:00,15.199999999999875
2009-10-14 00:00:00,15.099999999999852
2009-10-15 00:00:00,5.699999999999875
2009-10-16 00:00:00,4.399999999999864
2009-10-19 00:00:00,6.199999999999875
2009-10-20 00:00:00,-1.6000000000001364
2009-10-21 00:00:00,1.7999999999998408
2009-10-22 00:00:00,5.199999999999875
2009-10-23 00:00:00,7.4999999999998295
2009-10-26 00:00:00,-1.0000000000001705
2009-10-27 00:00:00,-6.5000000000001705
2009-10-28 00:00:00,-4.100000000000136
2009-10-29 00:00:00,0.5999999999998522
2009-10-30 00:00:00,-0.4000000000001478
2009-11-02 00:00:00,7.399999999999864
2009-11-03 00:00:00,11.29999999999984
2009-11-04 00:00:00,7.599999999999852
2009-11-05 00:00:00,-2.1000000000001364
2009-11-06 00:00:00,-5.800000000000125
2009-11-09 00:00:00,-0.5000000000001705
2009-11-10 00:00:00,-6.700000000000159
2009-11-11 00:00:00,-5.800000000000125
2009-11-12 00:00:00,1.5999999999998522
2009-11-13 00:00:00,-1.6000000000001364
2009-11-16 00:00:00,1.9999999999998295
2009-11-17 00:00:00,12.29999999999984
2009-11-18 00:00:00,11.199999999999875
2009-11-19 00:00:00,19.699999999999875
2009-11-20 00:00:00,18.099999999999852
2009-11-23 00:00:00,17.899999999999864
2009-11-24 00:00:00,19.49999999999983
2009-11-25 00:00:00,17.99999999999983
2009-11-27 00:00:00,22.599999999999852
2009-11-30 00:00:00,24.199999999999875
2009-12-01 00:00:00,22.99999999999983
2009-12-02 00:00:00,15.79999999999984
2009-12-03 00:00:00,23.099999999999852
2009-12-04 00:00:00,20.49999999999983
2009-12-07 00:00:00,22.29999999999984
2009-12-08 00:00:00,19.099999999999852
2009-12-09 00:00:00,16.699999999999875
2009-12-10 00:00:00,17.199999999999875
2009-12-11 00:00:00,17.99999999999983
2009-12-14 00:00:00,26.699999999999875
2009-12-15 00:00:00,26.49999999999983
2009-12-16 00:00:00,27.49999999999983
2009-12-17 00:00:00,17.399999999999807
2009-12-18 00:00:00,14.599999999999795
2009-12-21 00:00:00,10.099999999999795
2009-12-22 00:00:00,8.199999999999818
2009-12-23 00:00:00,12.99999999999983
2009-12-24 00:00:00,10.899999999999807
2009-12-28 00:00:00,19.099999999999795
2009-12-29 00:00:00,21.29999999999984
2009-12-30 00:00:00,20.899999999999807
2009-12-31 00:00:00,17.29999999999984
2010-01-04 00:00:00,20.79999999999984
2010-01-05 00:00:00,23.699999999999818
2010-01-06 00:00:00,22.199999999999818
2010-01-07 00:00:00,10.49999999999983
2010-01-08 00:00:00,10.29999999999984
2010-01-11 00:00:00,8.199999999999818
2010-01-12 00:00:00,-1.9000000000002046
2010-01-13 00:00:00,2.799999999999841
2010-01-14 00:00:00,0.6999999999998181
2010-01-15 00:00:00,1.0999999999997954
2010-01-19 00:00:00,0.1999999999998181
2010-01-20 00:00:00,-5.0000000000001705
2010-01-21 00:00:00,-3.6000000000001933
2010-01-22 00:00:00,-3.5000000000001705
2010-01-25 00:00:00,-5.900000000000205
2010-01-26 00:00:00,-2.300000000000182
2010-01-27 00:00:00,-8.300000000000182
2010-01-28 00:00:00,-7.400000000000205
2010-01-29 00:00:00,-14.300000000000182
2010-02-01 00:00:00,-15.900000000000205
2010-02-02 00:00:00,-14.900000000000205
2010-02-03 00:00:00,-19.70000000000016
2010-02-04 00:00:00,-18.600000000000193
2010-02-05 00:00:00,-17.800000000000182
2010-02-08 00:00:00,-14.70000000000016
2010-02-09 00:00:00,-18.600000000000193
2010-02-10 00:00:00,-13.00000000000017
2010-02-11 00:00:00,-11.800000000000182
2010-02-12 00:00:00,-8.600000000000193
2010-02-16 00:00:00,-4.400000000000205
2010-02-17 00:00:00,-8.100000000000193
2010-02-18 00:00:00,-11.900000000000205
2010-02-19 00:00:00,-12.600000000000193
2010-02-22 00:00:00,-7.5000000000001705
2010-02-23 00:00:00,-9.50000000000017
2010-02-24 00:00:00,-10.700000000000216
2010-02-25 00:00:00,-15.00000000000017
2010-02-26 00:00:00,-12.00000000000017
2010-03-01 00:00:00,-13.300000000000182
2010-03-02 00:00:00,-13.900000000000205
2010-03-03 00:00:00,-14.100000000000193
2010-03-04 00:00:00,-22.800000000000182
2010-03-05 00:00:00,-23.00000000000017
2010-03-08 00:00:00,-22.300000000000182
2010-03-09 00:00:00,-22.400000000000205
2010-03-10 00:00:00,-22.200000000000216
2010-03-11 00:00:00,-29.0000000000002
2010-03-12 00:00:00,-30.200000000000188
2010-03-15 00:00:00,-24.50000000000017
2010-03-16 00:00:00,-20.700000000000216
2010-03-17 00:00:00,-15.200000000000216
2010-03-18 00:00:00,-13.100000000000193
2010-03-19 00:00:00,-12.100000000000193
2010-03-22 00:00:00,-11.200000000000216
2010-03-23 00:00:00,-11.200000000000216
2010-03-24 00:00:00,-13.300000000000182
2010-03-25 00:00:00,-18.00000000000017
2010-03-26 00:00:00,-14.00000000000017
2010-03-29 00:00:00,-8.00000000000017
2010-03-30 00:00:00,-2.5000000000001705
2010-03-31 00:00:00,-16.900000000000205
2010-04-01 00:00:00,-16.700000000000216
2010-04-05 00:00:00,-21.00000000000017
2010-04-06 00:00:00,-19.300000000000182
2010-04-07 00:00:00,-17.00000000000017
2010-04-08 00:00:00,-19.300000000000182
2010-04-09 00:00:00,-17.00000000000017
2010-04-12 00:00:00,-11.100000000000193
2010-04-13 00:00:00,-6.5000000000001705
2010-04-14 00:00:00,-7.700000000000216
2010-04-15 00:00:00,0.09999999999979536
2010-04-16 00:00:00,-0.9000000000002046
2010-04-19 00:00:00,2.199999999999818
2010-04-20 00:00:00,5.799999999999784
2010-04-21 00:00:00,11.49999999999983
2010-04-22 00:00:00,14.099999999999795
2010-04-23 00:00:00,10.599999999999795
2010-04-26 00:00:00,12.399999999999807
2010-04-27 00:00:00,5.299999999999784
2010-04-28 00:00:00,8.399999999999807
2010-04-29 00:00:00,8.899999999999807
2010-04-30 00:00:00,13.099999999999795
2010-05-03 00:00:00,5.099999999999795
2010-05-04 00:00:00,6.9999999999998295
2010-05-05 00:00:00,2.0999999999997954
2010-05-06 00:00:00,-3.1000000000001933
2010-05-07 00:00:00,-3.0000000000001705
2010-05-10 00:00:00,-3.1000000000001933
2010-05-11 00:00:00,-0.200000000000216
2010-05-12 00:00:00,-2.4000000000002046
2010-05-13 00:00:00,-1.200000000000216
2010-05-14 00:00:00,-5.800000000000182
2010-05-17 00:00:00,-8.00000000000017
2010-05-18 00:00:00,-9.300000000000182
2010-05-19 00:00:00,-10.900000000000148
2010-05-20 00:00:00,-9.20000000000016
2010-05-21 00:00:00,-9.100000000000193
2010-05-24 00:00:00,-8.70000000000016
2010-05-25 00:00:00,-13.00000000000017
2010-05-26 00:00:00,-13.300000000000182
2010-05-27 00:00:00,-9.900000000000148
2010-05-28 00:00:00,-11.50000000000017
2010-06-01 00:00:00,-15.600000000000193
2010-06-02 00:00:00,-13.50000000000017
2010-06-03 00:00:00,-4.400000000000148
2010-06-04 00:00:00,-10.70000000000016
2010-06-07 00:00:00,-10.00000000000017
2010-06-08 00:00:00,-13.900000000000148
2010-06-09 00:00:00,-9.00000000000017
2010-06-10 00:00:00,-12.20000000000016
2010-06-11 00:00:00,-6.5000000000001705
2010-06-14 00:00:00,-5.200000000000159
2010-06-15 00:00:00,-7.300000000000182
2010-06-16 00:00:00,-3.700000000000159
2010-06-17 00:00:00,-2.300000000000182
2010-06-18 00:00:00,2.099999999999852
2010-06-21 00:00:00,3.599999999999852
2010-06-22 00:00:00,3.8999999999998067
2010-06-23 00:00:00,-1.7000000000001592
2010-06-24 00:00:00,-3.1000000000001933
2010-06-25 00:00:00,-2.5000000000001705
2010-06-28 00:00:00,3.799999999999841
2010-06-29 00:00:00,1.9999999999998295
2010-06-30 00:00:00,-3.700000000000159
2010-07-01 00:00:00,-2.400000000000148
2010-07-02 00:00:00,0.7999999999998408
2010-07-06 00:00:00,-0.6000000000001933
2010-07-07 00:00:00,8.699999999999818
2010-07-08 00:00:00,11.99999999999983
2010-07-09 00:00:00,15.79999999999984
2010-07-12 00:00:00,14.399999999999807
2010-07-13 00:00:00,13.49999999999983
2010-07-14 00:00:00,16.49999999999983
2010-07-15 00:00:00,27.399999999999807
2010-07-16 00:00:00,27.199999999999818
2010-07-19 00:00:00,22.699999999999818
2010-07-20 00:00:00,19.099999999999795
2010-07-21 00:00:00,22.199999999999818
2010-07-22 00:00:00,19.49999999999983
2010-07-23 00:00:00,20.49999999999983
2010-07-26 00:00:00,14.699999999999818
2010-07-27 00:00:00,15.49999999999983
2010-07-28 00:00:00,21.399999999999807
2010-07-29 00:00:00,24.099999999999795
2010-07-30 00:00:00,27.199999999999818
2010-08-02 00:00:00,26.49999999999983
2010-08-03 00:00:00,27.199999999999818
2010-08-04 00:00:00,29.599999999999795
2010-08-05 00:00:00,32.599999999999795
2010-08-06 00:00:00,33.099999999999795
2010-08-09 00:00:00,31.599999999999795
2010-08-10 00:00:00,26.99999999999983
2010-08-11 00:00:00,25.099999999999795
2010-08-12 00:00:00,33.39999999999981
2010-08-13 00:00:00,33.89999999999981
2010-08-16 00:00:00,32.599999999999795
2010-08-17 00:00:00,36.99999999999983
2010-08-18 00:00:00,37.19999999999982
2010-08-19 00:00:00,32.29999999999984
2010-08-20 00:00:00,30.29999999999984
2010-08-23 00:00:00,32.099999999999795
2010-08-24 00:00:00,26.899999999999807
2010-08-25 00:00:00,29.199999999999818
2010-08-26 00:00:00,35.49999999999983
2010-08-27 00:00:00,36.69999999999982
2010-08-30 00:00:00,35.89999999999981
2010-08-31 00:00:00,32.39999999999981
2010-09-01 00:00:00,30.79999999999984
2010-09-02 00:00:00,33.29999999999984
2010-09-03 00:00:00,40.49999999999983
2010-09-07 00:00:00,43.89999999999981
2010-09-08 00:00:00,41.99999999999983
2010-09-09 00:00:00,39.19999999999982
2010-09-10 00:00:00,30.899999999999807
2010-09-13 00:00:00,30.699999999999818
2010-09-14 00:00:00,33.69999999999982
2010-09-15 00:00:00,34.89999999999981
2010-09-16 00:00:00,33.49999999999983
2010-09-17 00:00:00,45.39999999999981
2010-09-20 00:00:00,47.29999999999984
2010-09-21 00:00:00,44.89999999999981
2010-09-22 00:00:00,47.89999999999981
2010-09-23 00:00:00,46.79999999999984
2010-09-24 00:00:00,54.19999999999982
2010-09-27 00:00:00,53.099999999999795
2010-09-28 00:00:00,45.89999999999981
2010-09-29 00:00:00,44.69999999999982
2010-09-30 00:00:00,44.29999999999984
2010-10-01 00:00:00,27.199999999999818
2010-10-04 00:00:00,29.399999999999807
2010-10-05 00:00:00,36.29999999999984
2010-10-06 00:00:00,32.79999999999984
2010-10-07 00:00:00,33.19999999999982
2010-10-08 00:00:00,53.19999999999982
2010-10-11 00:00:00,64.3999999999998
2010-10-12 00:00:00,70.29999999999984
2010-10-13 00:00:00,65.79999999999984
2010-10-14 00:00:00,68.3999999999998
2010-10-15 00:00:00,65.0999999999998
2010-10-18 00:00:00,65.5999999999998
2010-10-19 00:00:00,65.0999999999998
2010-10-20 00:00:00,75.3999999999998
2010-10-21 00:00:00,70.79999999999978
2010-10-22 00:00:00,67.79999999999978
2010-10-25 00:00:00,70.79999999999978
2010-10-26 00:00:00,71.49999999999983
2010-10-27 00:00:00,71.79999999999978
2010-10-28 00:00:00,71.5999999999998
2010-10-29 00:00:00,73.0999999999998
2010-11-01 00:00:00,73.8999999999998
2010-11-02 00:00:00,73.8999999999998
2010-11-03 00:00:00,75.0999999999998
2010-11-04 00:00:00,84.3999999999998
2010-11-05 00:00:00,84.8999999999998
2010-11-08 00:00:00,82.19999999999982
2010-11-09 00:00:00,99.29999999999978
2010-11-10 00:00:00,92.8999999999998
2010-11-11 00:00:00,94.8999999999998
2010-11-12 00:00:00,76.8999999999998
2010-11-15 00:00:00,85.19999999999982
2010-11-16 00:00:00,67.49999999999983
2010-11-17 00:00:00,64.79999999999978
2010-11-18 00:00:00,71.69999999999982
2010-11-19 00:00:00,63.299999999999784
2010-11-22 00:00:00,71.49999999999983
2010-11-23 00:00:00,78.69999999999982
2010-11-24 00:00:00,77.99999999999983
2010-11-26 00:00:00,74.5999999999998
2010-11-29 00:00:00,74.29999999999978
2010-11-30 00:00:00,75.99999999999983
2010-12-01 00:00:00,83.69999999999982
2010-12-02 00:00:00,80.19999999999982
2010-12-03 00:00:00,85.79999999999978
2010-12-06 00:00:00,80.49999999999983
2010-12-07 00:00:00,78.69999999999982
2010-12-08 00:00:00,81.79999999999978
2010-12-09 00:00:00,75.8999999999998
2010-12-10 00:00:00,72.99999999999983
2010-12-13 00:00:00,77.99999999999983
2010-12-14 00:00:00,77.49999999999983
2010-12-15 00:00:00,81.99999999999983
2010-12-16 00:00:00,79.99999999999983
2010-12-17 00:00:00,84.69999999999987
2010-12-20 00:00:00,88.69999999999987
2010-12-21 00:00:00,89.59999999999985
2010-12-22 00:00:00,89.89999999999986
2010-12-23 00:00:00,96.89999999999986
2010-12-27 00:00:00,103.59999999999985
2010-12-28 00:00:00,105.99999999999983
2010-12-29 00:00:00,103.09999999999985
2010-12-30 00:00:00,102.59999999999985
2010-12-31 00:00:00,107.09999999999985
2011-01-03 00:00:00,102.89999999999986
2011-01-04 00:00:00,101.99999999999983
2011-01-05 00:00:00,106.69999999999987
2011-01-06 00:00:00,103.49999999999983
2011-01-07 00:00:00,97.59999999999985
2011-01-10 00:00:00,105.19999999999987
2011-01-11 00:00:00,97.59999999999985
2011-01-12 00:00:00,116.19999999999987
2011-01-13 00:00:00,118.89999999999986
2011-01-14 00:00:00,122.99999999999983
2011-01-18 00:00:00,118.49999999999983
2011-01-19 00:00:00,118.69999999999987
2011-01-20 00:00:00,120.49999999999983
2011-01-21 00:00:00,115.09999999999985
2011-01-24 00:00:00,115.49999999999983
2011-01-25 00:00:00,107.79999999999984
2011-01-26 00:00:00,109.49999999999983
2011-01-27 00:00:00,112.29999999999984
2011-01-28 00:00:00,112.09999999999985
2011-01-31 00:00:00,115.49999999999983
2011-02-01 00:00:00,124.99999999999983
2011-02-02 00:00:00,122.09999999999985
2011-02-03 00:00:00,121.59999999999985
2011-02-04 00:00:00,118.49999999999983
2011-02-07 00:00:00,117.99999999999983
2011-02-08 00:00:00,121.29999999999984
2011-02-09 00:00:00,124.39999999999986
2011-02-10 00:00:00,118.49999999999983
2011-02-11 00:00:00,114.69999999999987
2011-02-14 00:00:00,111.99999999999983
2011-02-15 00:00:00,102.99999999999983
2011-02-16 00:00:00,100.49999999999983
2011-02-17 00:00:00,109.49999999999983
2011-02-18 00:00:00,99.19999999999982
2011-02-22 00:00:00,84.19999999999982
2011-02-23 00:00:00,89.79999999999984
2011-02-24 00:00:00,88.5999999999998
2011-02-25 00:00:00,98.19999999999982
2011-02-28 00:00:00,95.79999999999984
2011-03-01 00:00:00,97.69999999999982
2011-03-02 00:00:00,98.99999999999983
2011-03-03 00:00:00,107.29999999999984
2011-03-04 00:00:00,104.79999999999984
2011-03-07 00:00:00,98.69999999999982
2011-03-08 00:00:00,95.69999999999982
2011-03-09 00:00:00,88.29999999999984
2011-03-10 00:00:00,88.69999999999982
2011-03-11 00:00:00,84.99999999999983
2011-03-14 00:00:00,90.79999999999984
2011-03-15 00:00:00,76.5999999999998
2011-03-16 00:00:00,79.49999999999983
2011-03-17 00:00:00,93.49999999999983
2011-03-18 00:00:00,102.79999999999984
2011-03-21 00:00:00,101.99999999999983
2011-03-22 00:00:00,101.79999999999984
2011-03-23 00:00:00,95.99999999999983
2011-03-24 00:00:00,96.0999999999998
2011-03-25 00:00:00,93.69999999999982
2011-03-28 00:00:00,89.8999999999998
2011-03-29 00:00:00,94.69999999999982
2011-03-30 00:00:00,96.8999999999998
2011-03-31 00:00:00,106.79999999999984
2011-04-01 00:00:00,97.8999999999998
2011-04-04 00:00:00,93.8999999999998
2011-04-05 00:00:00,90.5999999999998
2011-04-06 00:00:00,92.3999999999998
2011-04-07 00:00:00,87.99999999999983
2011-04-08 00:00:00,94.29999999999984
2011-04-11 00:00:00,86.5999999999998
2011-04-12 00:00:00,79.0999999999998
2011-04-13 00:00:00,79.29999999999984
2011-04-14 00:00:00,79.79999999999984
2011-04-15 00:00:00,82.19999999999982
2011-04-18 00:00:00,85.29999999999978
2011-04-19 00:00:00,84.19999999999982
2011-04-20 00:00:00,86.49999999999977
2011-04-21 00:00:00,95.79999999999978
2011-04-25 00:00:00,97.5999999999998
2011-04-26 00:00:00,96.19999999999982
2011-04-27 00:00:00,92.99999999999977
2011-04-28 00:00:00,85.19999999999982
2011-04-29 00:00:00,94.69999999999982
2011-05-02 00:00:00,93.79999999999978
2011-05-03 00:00:00,86.5999999999998
2011-05-04 00:00:00,84.0999999999998
2011-05-05 00:00:00,79.0999999999998
2011-05-06 00:00:00,81.19999999999982
2011-05-09 00:00:00,82.29999999999978
2011-05-10 00:00:00,82.29999999999978
2011-05-11 00:00:00,79.69999999999982
2011-05-12 00:00:00,84.8999999999998
2011-05-13 00:00:00,76.5999999999998
2011-05-16 00:00:00,76.49999999999977
2011-05-17 00:00:00,80.99999999999977
2011-05-18 00:00:00,90.29999999999978
2011-05-19 00:00:00,89.8999999999998
2011-05-20 00:00:00,89.3999999999998
2011-05-23 00:00:00,88.79999999999978
2011-05-24 00:00:00,90.19999999999976
2011-05-25 00:00:00,89.5999999999998
2011-05-26 00:00:00,91.99999999999977
2011-05-27 00:00:00,87.79999999999978
2011-05-31 00:00:00,87.19999999999976
2011-06-01 00:00:00,92.29999999999978
2011-06-02 00:00:00,96.3999999999998
2011-06-03 00:00:00,97.5999999999998
2011-06-06 00:00:00,89.5999999999998
2011-06-07 00:00:00,95.29999999999978
2011-06-08 00:00:00,97.69999999999976
2011-06-09 00:00:00,98.19999999999976
2011-06-10 00:00:00,97.8999999999998
2011-06-13 00:00:00,96.0999999999998
2011-06-14 00:00:00,87.79999999999978
2011-06-15 00:00:00,90.79999999999978
2011-06-16 00:00:00,84.49999999999977
2011-06-17 00:00:00,80.0999999999998
2011-06-20 00:00:00,80.99999999999983
2011-06-21 00:00:00,82.0999999999998
2011-06-22 00:00:00,78.3999999999998
2011-06-23 00:00:00,73.19999999999982
2011-06-24 00:00:00,71.49999999999983
2011-06-27 00:00:00,74.49999999999983
2011-06-28 00:00:00,72.8999999999998
2011-06-29 00:00:00,73.0999999999998
2011-06-30 00:00:00,65.69999999999982
2011-07-01 00:00:00,75.3999999999998
2011-07-05 00:00:00,75.29999999999984
2011-07-06 00:00:00,77.29999999999984
2011-07-07 00:00:00,78.99999999999983
2011-07-08 00:00:00,83.49999999999983
2011-07-11 00:00:00,84.8999999999998
2011-07-12 00:00:00,87.49999999999983
2011-07-13 00:00:00,92.0999999999998
2011-07-14 00:00:00,94.79999999999984
2011-07-15 00:00:00,97.8999999999998
2011-07-18 00:00:00,96.69999999999982
2011-07-19 00:00:00,97.0999999999998
2011-07-20 00:00:00,99.5999999999998
2011-07-21 00:00:00,100.99999999999977
2011-07-22 00:00:00,101.3999999999998
2011-07-25 00:00:00,95.19999999999982
2011-07-26 00:00:00,101.3999999999998
2011-07-27 00:00:00,95.69999999999982
2011-07-28 00:00:00,95.69999999999982
2011-07-29 00:00:00,90.8999999999998
2011-08-01 00:00:00,92.0999999999998
2011-08-02 00:00:00,97.29999999999978
2011-08-03 00:00:00,93.69999999999982
2011-08-04 00:00:00,87.79999999999978
2011-08-05 00:00:00,84.5999999999998
2011-08-08 00:00:00,78.5999999999998
2011-08-09 00:00:00,75.69999999999982
2011-08-10 00:00:00,77.69999999999982
2011-08-11 00:00:00,85.79999999999978
2011-08-12 00:00:00,84.19999999999982
2011-08-15 00:00:00,89.79999999999978
2011-08-16 00:00:00,89.49999999999977
2011-08-17 00:00:00,93.19999999999982
2011-08-18 00:00:00,91.49999999999977
2011-08-19 00:00:00,92.99999999999977
2011-08-22 00:00:00,101.79999999999978
2011-08-23 00:00:00,107.5999999999998
2011-08-24 00:00:00,106.29999999999978
2011-08-25 00:00:00,107.29999999999978
2011-08-26 00:00:00,113.19999999999982
2011-08-29 00:00:00,118.49999999999977
2011-08-30 00:00:00,120.69999999999982
2011-08-31 00:00:00,119.8999999999998
2011-09-01 00:00:00,115.5999999999998
2011-09-02 00:00:00,117.0999999999998
2011-09-06 00:00:00,107.29999999999978
2011-09-07 00:00:00,105.8999999999998
2011-09-08 00:00:00,104.19999999999982
2011-09-09 00:00:00,107.19999999999982
2011-09-12 00:00:00,97.8999999999998
2011-09-13 00:00:00,94.79999999999978
2011-09-14 00:00:00,95.49999999999977
2011-09-15 00:00:00,86.0999999999998
2011-09-16 00:00:00,85.19999999999982
2011-09-19 00:00:00,80.3999999999998
2011-09-20 00:00:00,82.29999999999978
2011-09-21 00:00:00,76.19999999999982
2011-09-22 00:00:00,67.29999999999978
2011-09-23 00:00:00,61.99999999999983
2011-09-26 00:00:00,62.39999999999981
2011-09-27 00:00:00,62.799999999999784
2011-09-28 00:00:00,52.299999999999784
2011-09-29 00:00:00,53.799999999999784
2011-09-30 00:00:00,40.49999999999983
2011-10-03 00:00:00,38.99999999999983
2011-10-04 00:00:00,34.19999999999982
2011-10-05 00:00:00,37.39999999999981
2011-10-06 00:00:00,36.39999999999981
2011-10-07 00:00:00,36.49999999999983
2011-10-10 00:00:00,40.69999999999982
2011-10-11 00:00:00,52.89999999999981
2011-10-12 00:00:00,54.89999999999981
2011-10-13 00:00:00,58.599999999999795
2011-10-14 00:00:00,59.599999999999795
2011-10-17 00:00:00,54.89999999999981
2011-10-18 00:00:00,55.599999999999795
2011-10-19 00:00:00,50.799999999999784
2011-10-20 00:00:00,51.599999999999795
2011-10-21 00:00:00,48.89999999999981
2011-10-24 00:00:00,53.799999999999784
2011-10-25 00:00:00,54.599999999999795
2011-10-26 00:00:00,49.299999999999784
2011-10-27 00:00:00,56.099999999999795
2011-10-28 00:00:00,50.39999999999981
2011-10-31 00:00:00,48.39999999999981
2011-11-01 00:00:00,43.19999999999982
2011-11-02 00:00:00,43.19999999999982
2011-11-03 00:00:00,47.099999999999795
2011-11-04 00:00:00,47.799999999999784
2011-11-07 00:00:00,41.299999999999784
2011-11-08 00:00:00,39.69999999999982
2011-11-09 00:00:00,35.69999999999982
2011-11-10 00:00:00,30.499999999999773
2011-11-11 00:00:00,32.39999999999981
2011-11-14 00:00:00,31.999999999999773
2011-11-15 00:00:00,33.89999999999981
2011-11-16 00:00:00,29.099999999999795
2011-11-17 00:00:00,27.699999999999818
2011-11-18 00:00:00,31.199999999999818
2011-11-21 00:00:00,21.999999999999773
2011-11-22 00:00:00,23.399999999999807
2011-11-23 00:00:00,13.099999999999795
2011-11-25 00:00:00,13.099999999999795
2011-11-28 00:00:00,19.199999999999818
2011-11-29 00:00:00,18.099999999999795
2011-11-30 00:00:00,22.299999999999784
2011-12-01 00:00:00,19.699999999999818
2011-12-02 00:00:00,19.599999999999795
2011-12-05 00:00:00,14.199999999999818
2011-12-06 00:00:00,15.499999999999773
2011-12-07 00:00:00,16.499999999999773
2011-12-08 00:00:00,15.599999999999795
2011-12-09 00:00:00,8.799999999999784
2011-12-12 00:00:00,11.799999999999784
2011-12-13 00:00:00,15.499999999999773
2011-12-14 00:00:00,13.899999999999807
2011-12-15 00:00:00,13.899999999999807
2011-12-16 00:00:00,21.099999999999795
2011-12-19 00:00:00,23.999999999999773
2011-12-20 00:00:00,26.899999999999807
2011-12-21 00:00:00,30.099999999999795
2011-12-22 00:00:00,29.699999999999818
2011-12-23 00:00:00,27.999999999999773
2011-12-27 00:00:00,38.49999999999977
2011-12-28 00:00:00,40.799999999999784
2011-12-29 00:00:00,37.89999999999981
2011-12-30 00:00:00,39.89999999999981
2012-01-03 00:00:00,45.69999999999982
2012-01-04 00:00:00,46.89999999999981
2012-01-05 00:00:00,39.89999999999981
2012-01-06 00:00:00,38.99999999999977
2012-01-09 00:00:00,50.099999999999795
2012-01-10 00:00:00,49.19999999999982
2012-01-11 00:00:00,39.69999999999982
2012-01-12 00:00:00,34.299999999999784
2012-01-13 00:00:00,28.599999999999795
2012-01-17 00:00:00,37.19999999999982
2012-01-18 00:00:00,38.19999999999982
2012-01-19 00:00:00,41.39999999999981
2012-01-20 00:00:00,37.99999999999977
2012-01-23 00:00:00,46.89999999999981
2012-01-24 00:00:00,49.39999999999981
2012-01-25 00:00:00,47.39999999999981
2012-01-26 00:00:00,49.49999999999977
2012-01-27 00:00:00,47.99999999999977
2012-01-30 00:00:00,38.89999999999981
2012-01-31 00:00:00,45.39999999999981
2012-02-01 00:00:00,48.39999999999981
2012-02-02 00:00:00,49.39999999999981
2012-02-03 00:00:00,54.299999999999784
2012-02-06 00:00:00,53.099999999999795
2012-02-07 00:00:00,51.099999999999795
2012-02-08 00:00:00,47.69999999999982
2012-02-09 00:00:00,47.69999999999982
2012-02-10 00:00:00,47.099999999999795
2012-02-13 00:00:00,57.39999999999981
2012-02-14 00:00:00,56.599999999999795
2012-02-15 00:00:00,59.19999999999982
2012-02-16 00:00:00,57.69999999999982
2012-02-17 00:00:00,59.299999999999784
2012-02-21 00:00:00,56.49999999999983
2012-02-22 00:00:00,57.599999999999795
2012-02-23 00:00:00,59.099999999999795
2012-02-24 00:00:00,59.99999999999983
2012-02-27 00:00:00,67.3999999999998
2012-02-28 00:00:00,72.5999999999998
2012-02-29 00:00:00,75.49999999999983
2012-03-01 00:00:00,78.19999999999982
2012-03-02 00:00:00,81.79999999999978
2012-03-05 00:00:00,80.8999999999998
2012-03-06 00:00:00,88.49999999999983
2012-03-07 00:00:00,87.19999999999982
2012-03-08 00:00:00,90.0999999999998
2012-03-09 00:00:00,85.99999999999983
2012-03-12 00:00:00,85.19999999999982
2012-03-13 00:00:00,88.99999999999983
2012-03-14 00:00:00,90.5999999999998
2012-03-15 00:00:00,94.5999999999998
2012-03-16 00:00:00,97.5999999999998
2012-03-19 00:00:00,93.99999999999983
2012-03-20 00:00:00,88.5999999999998
2012-03-21 00:00:00,92.79999999999978
2012-03-22 00:00:00,92.99999999999983
2012-03-23 00:00:00,95.79999999999978
2012-03-26 00:00:00,100.29999999999978
2012-03-27 00:00:00,98.69999999999982
2012-03-28 00:00:00,99.8999999999998
2012-03-29 00:00:00,96.5999999999998
2012-03-30 00:00:00,111.5999999999998
2012-04-02 00:00:00,114.79999999999978
2012-04-03 00:00:00,109.79999999999978
2012-04-04 00:00:00,110.8999999999998
2012-04-05 00:00:00,115.5999999999998
2012-04-09 00:00:00,112.99999999999983
2012-04-10 00:00:00,113.3999999999998
2012-04-11 00:00:00,110.79999999999978
2012-04-12 00:00:00,118.49999999999983
2012-04-13 00:00:00,119.69999999999982
2012-04-16 00:00:00,115.79999999999978
2012-04-17 00:00:00,119.09999999999974
2012-04-18 00:00:00,117.09999999999974
2012-04-19 00:00:00,118.79999999999978
2012-04-20 00:00:00,132.89999999999975
2012-04-23 00:00:00,126.59999999999974
2012-04-24 00:00:00,138.99999999999977
2012-04-25 00:00:00,140.19999999999976
2012-04-26 00:00:00,140.49999999999977
2012-04-27 00:00:00,146.19999999999976
2012-04-30 00:00:00,155.99999999999977
2012-05-01 00:00:00,156.89999999999975
2012-05-02 00:00:00,149.39999999999975
2012-05-03 00:00:00,145.39999999999975
2012-05-04 00:00:00,150.69999999999976
2012-05-07 00:00:00,146.39999999999975
2012-05-08 00:00:00,137.09999999999974
2012-05-09 00:00:00,134.69999999999976
2012-05-10 00:00:00,144.79999999999978
2012-05-11 00:00:00,129.19999999999976
2012-05-14 00:00:00,123.09999999999974
2012-05-15 00:00:00,133.89999999999975
2012-05-16 00:00:00,138.39999999999975
2012-05-17 00:00:00,138.49999999999977
2012-05-18 00:00:00,133.49999999999977
2012-05-21 00:00:00,136.8999999999998
2012-05-22 00:00:00,123.79999999999978
2012-05-23 00:00:00,124.69999999999982
2012-05-24 00:00:00,129.8999999999998
2012-05-25 00:00:00,129.3999999999998
2012-05-29 00:00:00,132.3999999999998
2012-05-30 00:00:00,132.49999999999977
2012-05-31 00:00:00,118.79999999999978
2012-06-01 00:00:00,115.29999999999978
2012-06-04 00:00:00,122.19999999999982
2012-06-05 00:00:00,125.79999999999978
2012-06-06 00:00:00,135.99999999999977
2012-06-07 00:00:00,148.79999999999978
2012-06-08 00:00:00,153.3999999999998
2012-06-11 00:00:00,151.79999999999978
2012-06-12 00:00:00,154.8999999999998
2012-06-13 00:00:00,148.29999999999978
2012-06-14 00:00:00,145.3999999999998
2012-06-15 00:00:00,143.99999999999977
2012-06-18 00:00:00,153.19999999999982
2012-06-19 00:00:00,162.69999999999982
2012-06-20 00:00:00,164.69999999999982
2012-06-21 00:00:00,161.3999999999998
2012-06-22 00:00:00,157.49999999999977
2012-06-25 00:00:00,171.5999999999998
2012-06-26 00:00:00,165.69999999999982
2012-06-27 00:00:00,164.0999999999998
2012-06-28 00:00:00,162.49999999999977
2012-06-29 00:00:00,166.8999999999998
2012-07-02 00:00:00,171.8999999999998
2012-07-03 00:00:00,183.69999999999982
2012-07-05 00:00:00,201.49999999999977
2012-07-06 00:00:00,196.29999999999978
2012-07-09 00:00:00,206.8999999999998
2012-07-10 00:00:00,202.8999999999998
2012-07-11 00:00:00,194.99999999999977
2012-07-12 00:00:00,199.49999999999977
2012-07-13 00:00:00,207.79999999999978
2012-07-16 00:00:00,218.5999999999998
2012-07-17 00:00:00,221.5999999999998
2012-07-18 00:00:00,234.8999999999998
2012-07-19 00:00:00,243.19999999999982
2012-07-20 00:00:00,260.1999999999998
2012-07-23 00:00:00,240.19999999999982
2012-07-24 00:00:00,225.69999999999982
2012-07-25 00:00:00,239.0999999999998
2012-07-26 00:00:00,219.69999999999982
2012-07-27 00:00:00,232.69999999999982
2012-07-30 00:00:00,250.3999999999998
2012-07-31 00:00:00,250.79999999999978
2012-08-01 00:00:00,250.69999999999982
2012-08-02 00:00:00,246.0999999999998
2012-08-03 00:00:00,248.19999999999982
2012-08-06 00:00:00,234.0999999999998
2012-08-07 00:00:00,227.69999999999982
2012-08-08 00:00:00,233.5999999999998
2012-08-09 00:00:00,250.49999999999983
2012-08-10 00:00:00,250.79999999999978
2012-08-13 00:00:00,234.29999999999978
2012-08-14 00:00:00,235.29999999999978
2012-08-15 00:00:00,249.69999999999982
2012-08-16 00:00:00,245.49999999999983
2012-08-17 00:00:00,255.79999999999978
2012-08-20 00:00:00,268.69999999999976
2012-08-21 00:00:00,280.3999999999998
2012-08-22 00:00:00,275.59999999999985
2012-08-23 00:00:00,271.19999999999976
2012-08-24 00:00:00,278.69999999999976
2012-08-27 00:00:00,274.59999999999985
2012-08-28 00:00:00,277.69999999999976
2012-08-29 00:00:00,285.8999999999998
2012-08-30 00:00:00,291.19999999999976
2012-08-31 00:00:00,289.2999999999998
2012-09-04 00:00:00,289.2999999999998
2012-09-05 00:00:00,280.8999999999998
2012-09-06 00:00:00,283.99999999999983
2012-09-07 00:00:00,282.7999999999998
2012-09-10 00:00:00,275.2999999999998
2012-09-11 00:00:00,271.7999999999998
2012-09-12 00:00:00,287.99999999999983
2012-09-13 00:00:00,286.49999999999983
2012-09-14 00:00:00,281.2999999999998
2012-09-17 00:00:00,261.2999999999998
2012-09-18 00:00:00,246.8999999999998
2012-09-19 00:00:00,254.29999999999978
2012-09-20 00:00:00,237.8999999999998
2012-09-21 00:00:00,240.5999999999998
2012-09-24 00:00:00,239.49999999999983
2012-09-25 00:00:00,243.69999999999982
2012-09-26 00:00:00,231.8999999999998
2012-09-27 00:00:00,228.29999999999978
2012-09-28 00:00:00,241.79999999999978
2012-10-01 00:00:00,230.19999999999982
2012-10-02 00:00:00,218.5999999999998
2012-10-03 00:00:00,218.99999999999983
2012-10-04 00:00:00,223.19999999999982
2012-10-05 00:00:00,224.99999999999983
2012-10-08 00:00:00,225.5999999999998
2012-10-09 00:00:00,224.3999999999998
2012-10-10 00:00:00,216.5999999999998
2012-10-11 00:00:00,225.69999999999982
2012-10-12 00:00:00,217.3999999999998
2012-10-15 00:00:00,207.69999999999982
2012-10-16 00:00:00,204.49999999999983
2012-10-17 00:00:00,206.99999999999983
2012-10-18 00:00:00,216.49999999999983
2012-10-19 00:00:00,215.69999999999987
2012-10-22 00:00:00,219.39999999999986
2012-10-23 00:00:00,222.99999999999983
2012-10-24 00:00:00,227.69999999999987
2012-10-25 00:00:00,230.79999999999984
2012-10-26 00:00:00,234.09999999999985
2012-10-29 00:00:00,223.39999999999986
2012-10-30 00:00:00,226.19999999999987
2012-10-31 00:00:00,232.59999999999985
2012-11-01 00:00:00,235.09999999999985
2012-11-02 00:00:00,227.79999999999984
2012-11-05 00:00:00,222.99999999999983
2012-11-06 00:00:00,224.69999999999987
2012-11-07 00:00:00,222.79999999999984
2012-11-08 00:00:00,218.09999999999985
2012-11-09 00:00:00,205.09999999999985
2012-11-12 00:00:00,185.49999999999983
2012-11-13 00:00:00,186.59999999999985
2012-11-14 00:00:00,189.09999999999985
2012-11-15 00:00:00,183.59999999999985
2012-11-16 00:00:00,177.79999999999984
2012-11-19 00:00:00,180.29999999999984
2012-11-20 00:00:00,184.79999999999984
2012-11-21 00:00:00,182.99999999999983
2012-11-23 00:00:00,182.89999999999986
2012-11-26 00:00:00,186.89999999999986
2012-11-27 00:00:00,193.99999999999983
2012-11-28 00:00:00,193.89999999999986
2012-11-29 00:00:00,197.39999999999986
2012-11-30 00:00:00,196.09999999999985
2012-12-03 00:00:00,200.19999999999987
2012-12-04 00:00:00,201.69999999999987
2012-12-05 00:00:00,207.49999999999983
2012-12-06 00:00:00,212.49999999999983
2012-12-07 00:00:00,206.49999999999983
2012-12-10 00:00:00,208.59999999999985
2012-12-11 00:00:00,211.79999999999984
2012-12-12 00:00:00,215.59999999999985
2012-12-13 00:00:00,219.09999999999985
2012-12-14 00:00:00,222.19999999999987
2012-12-17 00:00:00,219.9999999999999
2012-12-18 00:00:00,213.2999999999999
2012-12-19 00:00:00,206.4999999999999
2012-12-20 00:00:00,197.89999999999986
2012-12-21 00:00:00,204.2999999999999
2012-12-24 00:00:00,206.0999999999999
2012-12-26 00:00:00,201.5999999999999
2012-12-27 00:00:00,200.0999999999999
2012-12-28 00:00:00,198.4999999999999
2012-12-31 00:00:00,193.2999999999999
2013-01-02 00:00:00,180.4999999999999
2013-01-03 00:00:00,179.89999999999986
2013-01-04 00:00:00,174.4999999999999
2013-01-07 00:00:00,183.2999999999999
2013-01-08 00:00:00,185.0999999999999
2013-01-09 00:00:00,184.0999999999999
2013-01-10 00:00:00,181.7999999999999
2013-01-11 00:00:00,180.69999999999987
2013-01-14 00:00:00,193.2999999999999
2013-01-15 00:00:00,188.19999999999987
2013-01-16 00:00:00,194.69999999999987
2013-01-17 00:00:00,189.89999999999986
2013-01-18 00:00:00,189.9999999999999
2013-01-22 00:00:00,197.2999999999999
2013-01-23 00:00:00,193.5999999999999
2013-01-24 00:00:00,192.0999999999999
2013-01-25 00:00:00,193.0999999999999
2013-01-28 00:00:00,197.19999999999987
2013-01-29 00:00:00,201.2999999999999
2013-01-30 00:00:00,210.19999999999987
2013-01-31 00:00:00,204.5999999999999
2013-02-01 00:00:00,206.5999999999999
2013-02-04 00:00:00,212.89999999999986
2013-02-05 00:00:00,216.7999999999999
2013-02-06 00:00:00,215.89999999999986
2013-02-07 00:00:00,216.7999999999999
2013-02-08 00:00:00,201.7999999999999
2013-02-11 00:00:00,193.0999999999999
2013-02-12 00:00:00,190.9999999999999
2013-02-13 00:00:00,189.19999999999987
2013-02-14 00:00:00,187.69999999999987
2013-02-15 00:00:00,190.09999999999985
2013-02-19 00:00:00,204.59999999999985
2013-02-20 00:00:00,212.79999999999984
2013-02-21 00:00:00,214.49999999999983
2013-02-22 00:00:00,206.39999999999986
2013-02-25 00:00:00,204.19999999999987
2013-02-26 00:00:00,206.39999999999986
2013-02-27 00:00:00,208.89999999999986
2013-02-28 00:00:00,215.69999999999987
2013-03-01 00:00:00,209.99999999999983
2013-03-04 00:00:00,214.29999999999984
2013-03-05 00:00:00,216.89999999999986
2013-03-06 00:00:00,216.29999999999984
2013-03-07 00:00:00,216.29999999999984
2013-03-08 00:00:00,214.79999999999984
2013-03-11 00:00:00,217.19999999999987
2013-03-12 00:00:00,215.29999999999984
2013-03-13 00:00:00,207.69999999999987
2013-03-14 00:00:00,204.39999999999986
2013-03-15 00:00:00,199.29999999999984
2013-03-18 00:00:00,194.09999999999985
2013-03-19 00:00:00,191.79999999999984
2013-03-20 00:00:00,194.29999999999984
2013-03-21 00:00:00,202.99999999999983
2013-03-22 00:00:00,200.09999999999985
2013-03-25 00:00:00,199.09999999999985
2013-03-26 00:00:00,201.59999999999985
2013-03-27 00:00:00,204.39999999999986
2013-03-28 00:00:00,186.59999999999985
2013-04-01 00:00:00,181.29999999999984
2013-04-02 00:00:00,185.09999999999985
2013-04-03 00:00:00,180.89999999999986
2013-04-04 00:00:00,180.49999999999983
2013-04-05 00:00:00,176.59999999999985
2013-04-08 00:00:00,179.09999999999985
2013-04-09 00:00:00,180.39999999999986
2013-04-10 00:00:00,177.89999999999986
2013-04-11 00:00:00,178.99999999999983
2013-04-12 00:00:00,183.49999999999983
2013-04-15 00:00:00,175.59999999999985
2013-04-16 00:00:00,182.09999999999985
2013-04-17 00:00:00,182.79999999999984
2013-04-18 00:00:00,184.3999999999998
2013-04-19 00:00:00,182.99999999999983
2013-04-22 00:00:00,177.79999999999984
2013-04-23 00:00:00,174.3999999999998
2013-04-24 00:00:00,167.3999999999998
2013-04-25 00:00:00,175.8999999999998
2013-04-26 00:00:00,180.59999999999985
2013-04-29 00:00:00,192.09999999999985
2013-04-30 00:00:00,190.8999999999998
2013-05-01 00:00:00,184.59999999999985
2013-05-02 00:00:00,185.49999999999983
2013-05-03 00:00:00,189.19999999999982
2013-05-06 00:00:00,183.3999999999998
2013-05-07 00:00:00,185.79999999999984
2013-05-08 00:00:00,187.19999999999982
2013-05-09 00:00:00,189.69999999999982
2013-05-10 00:00:00,185.79999999999984
2013-05-13 00:00:00,190.59999999999985
2013-05-14 00:00:00,190.59999999999985
2013-05-15 00:00:00,189.8999999999998
2013-05-16 00:00:00,193.69999999999982
2013-05-17 00:00:00,203.99999999999983
2013-05-20 00:00:00,208.79999999999984
2013-05-21 00:00:00,206.09999999999985
2013-05-22 00:00:00,211.29999999999984
2013-05-23 00:00:00,213.19999999999982
2013-05-24 00:00:00,211.8999999999998
2013-05-28 00:00:00,226.99999999999983
2013-05-29 00:00:00,229.59999999999985
2013-05-30 00:00:00,229.3999999999998
2013-05-31 00:00:00,235.99999999999983
2013-06-03 00:00:00,241.79999999999984
2013-06-04 00:00:00,238.79999999999984
2013-06-05 00:00:00,237.99999999999983
2013-06-06 00:00:00,238.79999999999984
2013-06-07 00:00:00,243.69999999999982
2013-06-10 00:00:00,238.29999999999984
2013-06-11 00:00:00,244.59999999999985
2013-06-12 00:00:00,240.3999999999998
2013-06-13 00:00:00,235.49999999999983
2013-06-14 00:00:00,233.29999999999984
2013-06-17 00:00:00,228.79999999999984
2013-06-18 00:00:00,231.99999999999983
2013-06-19 00:00:00,238.39999999999986
2013-06-20 00:00:00,231.89999999999986
2013-06-21 00:00:00,229.59999999999985
2013-06-24 00:00:00,231.69999999999982
2013-06-25 00:00:00,236.49999999999983
2013-06-26 00:00:00,237.09999999999985
2013-06-27 00:00:00,239.39999999999986
2013-06-28 00:00:00,227.09999999999985
2013-07-01 00:00:00,218.99999999999983
2013-07-02 00:00:00,218.99999999999983
2013-07-03 00:00:00,220.79999999999984
2013-07-05 00:00:00,210.59999999999985
2013-07-08 00:00:00,220.49999999999983
2013-07-09 00:00:00,231.59999999999985
2013-07-10 00:00:00,235.29999999999984
2013-07-11 00:00:00,240.49999999999983
2013-07-12 00:00:00,226.19999999999982
2013-07-15 00:00:00,229.59999999999985
2013-07-16 00:00:00,241.69999999999982
2013-07-17 00:00:00,239.69999999999982
2013-07-18 00:00:00,231.5999999999998
2013-07-19 00:00:00,236.19999999999982
2013-07-22 00:00:00,243.5999999999998
2013-07-23 00:00:00,234.49999999999983
2013-07-24 00:00:00,234.19999999999982
2013-07-25 00:00:00,219.19999999999982
2013-07-26 00:00:00,223.5999999999998
2013-07-29 00:00:00,225.29999999999984
2013-07-30 00:00:00,217.5999999999998
2013-07-31 00:00:00,218.8999999999998
2013-08-01 00:00:00,212.8999999999998
2013-08-02 00:00:00,207.8999999999998
2013-08-05 00:00:00,205.29999999999984
2013-08-06 00:00:00,199.3999999999998
2013-08-07 00:00:00,201.0999999999998
2013-08-08 00:00:00,210.49999999999983
2013-08-09 00:00:00,209.79999999999984
2013-08-12 00:00:00,225.69999999999982
2013-08-13 00:00:00,226.49999999999983
2013-08-14 00:00:00,232.79999999999984
2013-08-15 00:00:00,241.29999999999984
2013-08-16 00:00:00,239.99999999999983
2013-08-19 00:00:00,257.8999999999998
2013-08-20 00:00:00,255.69999999999982
2013-08-21 00:00:00,261.79999999999984
2013-08-22 00:00:00,253.99999999999983
2013-08-23 00:00:00,273.1999999999998
2013-08-26 00:00:00,290.3999999999998
2013-08-27 00:00:00,284.0999999999998
2013-08-28 00:00:00,282.99999999999983
2013-08-29 00:00:00,283.79999999999984
2013-08-30 00:00:00,277.3999999999998
2013-09-03 00:00:00,292.5999999999998
2013-09-04 00:00:00,276.3999999999998
2013-09-05 00:00:00,283.0999999999998
2013-09-06 00:00:00,282.5999999999998
2013-09-09 00:00:00,280.1999999999998
2013-09-10 00:00:00,278.8999999999998
2013-09-11 00:00:00,281.6999999999998
2013-09-12 00:00:00,300.8999999999998
2013-09-13 00:00:00,296.49999999999983
2013-09-16 00:00:00,282.1999999999998
2013-09-17 00:00:00,280.1999999999998
2013-09-18 00:00:00,280.3999999999998
2013-09-19 00:00:00,275.3999999999998
2013-09-20 00:00:00,266.99999999999983
2013-09-23 00:00:00,264.49999999999983
2013-09-24 00:00:00,267.0999999999998
2013-09-25 00:00:00,271.7999999999998
2013-09-26 00:00:00,269.0999999999998
2013-09-27 00:00:00,272.0999999999998
2013-09-30 00:00:00,259.1999999999998
2013-10-01 00:00:00,256.7999999999998
2013-10-02 00:00:00,264.1999999999998
2013-10-03 00:00:00,265.6999999999998
2013-10-04 00:00:00,269.5999999999998
2013-10-07 00:00:00,272.8999999999998
2013-10-08 00:00:00,266.8999999999998
2013-10-09 00:00:00,262.99999999999983
2013-10-10 00:00:00,261.7999999999998
2013-10-11 00:00:00,256.7999999999998
2013-10-14 00:00:00,259.7999999999998
2013-10-15 00:00:00,255.19999999999982
2013-10-16 00:00:00,255.5999999999998
2013-10-17 00:00:00,263.8999999999998
2013-10-18 00:00:00,260.8999999999998
2013-10-21 00:00:00,265.3999999999998
2013-10-22 00:00:00,263.8999999999998
2013-10-23 00:00:00,266.8999999999998
2013-10-24 00:00:00,268.49999999999983
2013-10-25 00:00:00,266.6999999999998
2013-10-28 00:00:00,258.79999999999984
2013-10-29 00:00:00,257.29999999999984
2013-10-30 00:00:00,257.09999999999985
2013-10-31 00:00:00,253.09999999999985
2013-11-01 00:00:00,245.19999999999982
2013-11-04 00:00:00,248.49999999999983
2013-11-05 00:00:00,245.79999999999984
2013-11-06 00:00:00,248.3999999999998
2013-11-07 00:00:00,252.19999999999982
2013-11-08 00:00:00,268.79999999999984
2013-11-11 00:00:00,269.59999999999985
2013-11-12 00:00:00,275.59999999999985
2013-11-13 00:00:00,274.6999999999998
2013-11-14 00:00:00,274.99999999999983
2013-11-15 00:00:00,262.49999999999983
2013-11-18 00:00:00,267.59999999999985
2013-11-19 00:00:00,263.8999999999998
2013-11-20 00:00:00,262.79999999999984
2013-11-21 00:00:00,264.29999999999984
2013-11-22 00:00:00,278.6999999999998
2013-11-25 00:00:00,285.1999999999998
2013-11-26 00:00:00,285.29999999999984
2013-11-27 00:00:00,285.49999999999983
2013-11-29 00:00:00,290.49999999999983
2013-12-02 00:00:00,283.99999999999983
2013-12-03 00:00:00,285.79999999999984
2013-12-04 00:00:00,286.6999999999998
2013-12-05 00:00:00,284.49999999999983
2013-12-06 00:00:00,285.09999999999985
2013-12-09 00:00:00,294.49999999999983
2013-12-10 00:00:00,292.59999999999985
2013-12-11 00:00:00,294.29999999999984
2013-12-12 00:00:00,287.49999999999983
2013-12-13 00:00:00,289.1999999999998
2013-12-16 00:00:00,295.79999999999984
2013-12-17 00:00:00,301.6999999999998
2013-12-18 00:00:00,293.79999999999984
2013-12-19 00:00:00,295.6999999999998
2013-12-20 00:00:00,300.49999999999983
2013-12-23 00:00:00,296.59999999999985
2013-12-24 00:00:00,298.09999999999985
2013-12-26 00:00:00,290.8999999999998
2013-12-27 00:00:00,293.79999999999984
2013-12-30 00:00:00,292.1999999999998
2013-12-31 00:00:00,284.09999999999985
2014-01-02 00:00:00,275.79999999999984
2014-01-03 00:00:00,276.59999999999985
2014-01-06 00:00:00,281.79999999999984
2014-01-07 00:00:00,282.1999999999998
2014-01-08 00:00:00,278.59999999999985
2014-01-09 00:00:00,279.09999999999985
2014-01-10 00:00:00,278.6999999999998
2014-01-13 00:00:00,285.1999999999998
2014-01-14 00:00:00,291.8999999999998
2014-01-15 00:00:00,295.59999999999985
2014-01-16 00:00:00,294.59999999999985
2014-01-17 00:00:00,297.1999999999998
2014-01-21 00:00:00,280.1999999999998
2014-01-22 00:00:00,282.49999999999983
2014-01-23 00:00:00,281.29999999999984
2014-01-24 00:00:00,286.8999999999998
2014-01-27 00:00:00,290.49999999999983
2014-01-28 00:00:00,289.8999999999998
2014-01-29 00:00:00,285.6999999999998
2014-01-30 00:00:00,287.09999999999985
2014-01-31 00:00:00,287.59999999999985
2014-02-03 00:00:00,293.59999999999985
2014-02-04 00:00:00,301.29999999999984
2014-02-05 00:00:00,299.29999999999984
2014-02-06 00:00:00,303.3999999999998
2014-02-07 00:00:00,306.3999999999998
2014-02-10 00:00:00,303.3999999999998
2014-02-11 00:00:00,307.6999999999998
2014-02-12 00:00:00,301.99999999999983
2014-02-13 00:00:00,309.1999999999998
2014-02-14 00:00:00,308.79999999999984
2014-02-18 00:00:00,313.1999999999998
2014-02-19 00:00:00,311.29999999999984
2014-02-20 00:00:00,312.89999999999986
2014-02-21 00:00:00,316.59999999999985
2014-02-24 00:00:00,323.1999999999998
2014-02-25 00:00:00,328.6999999999998
2014-02-26 00:00:00,328.29999999999984
2014-02-27 00:00:00,326.49999999999983
2014-02-28 00:00:00,331.89999999999986
2014-03-03 00:00:00,325.09999999999985
2014-03-04 00:00:00,325.59999999999985
2014-03-05 00:00:00,327.09999999999985
2014-03-06 00:00:00,327.89999999999986
2014-03-07 00:00:00,333.29999999999984
2014-03-10 00:00:00,322.09999999999985
2014-03-11 00:00:00,321.29999999999984
2014-03-12 00:00:00,314.29999999999984
2014-03-13 00:00:00,318.79999999999984
2014-03-14 00:00:00,319.6999999999998
2014-03-17 00:00:00,322.89999999999986
2014-03-18 00:00:00,330.1999999999998
2014-03-19 00:00:00,335.99999999999983
2014-03-20 00:00:00,339.1999999999998
2014-03-21 00:00:00,329.1999999999998
2014-03-24 00:00:00,335.99999999999983
2014-03-25 00:00:00,337.49999999999983
2014-03-26 00:00:00,341.49999999999983
2014-03-27 00:00:00,342.89999999999986
2014-03-28 00:00:00,341.99999999999983
2014-03-31 00:00:00,351.89999999999986
2014-04-01 00:00:00,357.6999999999998
2014-04-02 00:00:00,352.39999999999986
2014-04-03 00:00:00,355.59999999999985
2014-04-04 00:00:00,355.1999999999998
2014-04-07 00:00:00,352.99999999999983
2014-04-08 00:00:00,356.39999999999986
2014-04-09 00:00:00,359.89999999999986
2014-04-10 00:00:00,356.89999999999986
2014-04-11 00:00:00,351.39999999999986
2014-04-14 00:00:00,356.89999999999986
2014-04-15 00:00:00,362.6999999999998
2014-04-16 00:00:00,368.09999999999985
2014-04-17 00:00:00,366.6999999999998
2014-04-21 00:00:00,364.09999999999985
2014-04-22 00:00:00,360.59999999999985
2014-04-23 00:00:00,362.89999999999986
2014-04-24 00:00:00,365.6999999999998
2014-04-25 00:00:00,373.39999999999986
2014-04-28 00:00:00,375.09999999999985
2014-04-29 00:00:00,381.59999999999985
2014-04-30 00:00:00,383.79999999999984
2014-05-01 00:00:00,370.29999999999984
2014-05-02 00:00:00,372.49999999999983
2014-05-05 00:00:00,371.39999999999986
2014-05-06 00:00:00,372.49999999999983
2014-05-07 00:00:00,370.1999999999998
2014-05-08 00:00:00,373.6999999999998
2014-05-09 00:00:00,381.39999999999986
2014-05-12 00:00:00,374.49999999999983
2014-05-13 00:00:00,378.1999999999998
2014-05-14 00:00:00,378.6999999999998
2014-05-15 00:00:00,374.6999999999998
2014-05-16 00:00:00,375.09999999999985
2014-05-19 00:00:00,384.29999999999984
2014-05-20 00:00:00,380.99999999999983
2014-05-21 00:00:00,388.59999999999985
2014-05-22 00:00:00,396.49999999999983
2014-05-23 00:00:00,394.8999999999998
2014-05-27 00:00:00,384.59999999999985
2014-05-28 00:00:00,388.3999999999998
2014-05-29 00:00:00,390.1999999999998
2014-05-30 00:00:00,390.09999999999985
2014-06-02 00:00:00,388.79999999999984
2014-06-03 00:00:00,384.79999999999984
2014-06-04 00:00:00,379.3999999999998
2014-06-05 00:00:00,378.09999999999985
2014-06-06 00:00:00,378.09999999999985
2014-06-09 00:00:00,375.6999999999998
2014-06-10 00:00:00,378.6999999999998
2014-06-11 00:00:00,377.1999999999998
2014-06-12 00:00:00,372.8999999999998
2014-06-13 00:00:00,371.3999999999998
2014-06-16 00:00:00,370.3999999999998
2014-06-17 00:00:00,364.1999999999998
2014-06-18 00:00:00,364.8999999999998
2014-06-19 00:00:00,369.5999999999998
2014-06-20 00:00:00,373.1999999999998
2014-06-23 00:00:00,369.0999999999998
2014-06-24 00:00:00,361.6999999999998
2014-06-25 00:00:00,365.0999999999998
2014-06-26 00:00:00,371.5999999999998
2014-06-27 00:00:00,367.8999999999998
2014-06-30 00:00:00,342.4999999999998
2014-07-01 00:00:00,337.9999999999998
2014-07-02 00:00:00,339.1999999999998
2014-07-03 00:00:00,335.8999999999998
2014-07-07 00:00:00,334.1999999999998
2014-07-08 00:00:00,332.4999999999998
2014-07-09 00:00:00,330.8999999999998
2014-07-10 00:00:00,325.7999999999998
2014-07-11 00:00:00,320.7999999999998
2014-07-14 00:00:00,323.7999999999998
2014-07-15 00:00:00,321.5999999999998
2014-07-16 00:00:00,330.5999999999998
2014-07-17 00:00:00,331.4999999999998
2014-07-18 00:00:00,325.7999999999998
2014-07-21 00:00:00,320.7999999999998
2014-07-22 00:00:00,315.69999999999976
2014-07-23 00:00:00,321.2999999999998
2014-07-24 00:00:00,323.9999999999998
2014-07-25 00:00:00,324.19999999999976
2014-07-28 00:00:00,331.2999999999998
2014-07-29 00:00:00,328.2999999999998
2014-07-30 00:00:00,322.5999999999998
2014-07-31 00:00:00,322.7999999999998
2014-08-01 00:00:00,316.39999999999975
2014-08-04 00:00:00,321.7999999999998
2014-08-05 00:00:00,317.5999999999998
2014-08-06 00:00:00,322.19999999999976
2014-08-07 00:00:00,321.4999999999998
2014-08-08 00:00:00,324.5999999999998
2014-08-11 00:00:00,322.9999999999998
2014-08-12 00:00:00,317.4999999999998
2014-08-13 00:00:00,316.0999999999998
2014-08-14 00:00:00,325.0999999999998
2014-08-15 00:00:00,327.4999999999998
2014-08-18 00:00:00,329.0999999999998
2014-08-19 00:00:00,326.69999999999976
2014-08-20 00:00:00,318.19999999999976
2014-08-21 00:00:00,320.4999999999998
2014-08-22 00:00:00,326.69999999999976
2014-08-25 00:00:00,317.69999999999976
2014-08-26 00:00:00,317.4999999999998
2014-08-27 00:00:00,318.19999999999976
2014-08-28 00:00:00,322.5999999999998
2014-08-29 00:00:00,324.69999999999976
2014-09-02 00:00:00,333.9999999999998
2014-09-03 00:00:00,324.39999999999975
2014-09-04 00:00:00,315.4999999999998
2014-09-05 00:00:00,323.0999999999998
2014-09-08 00:00:00,316.39999999999975
2014-09-09 00:00:00,312.69999999999976
2014-09-10 00:00:00,311.19999999999976
2014-09-11 00:00:00,303.19999999999976
2014-09-12 00:00:00,301.89999999999975
2014-09-15 00:00:00,300.9999999999998
2014-09-16 00:00:00,300.0999999999998
2014-09-17 00:00:00,298.49999999999983
2014-09-18 00:00:00,295.0999999999998
2014-09-19 00:00:00,290.2999999999998
2014-09-22 00:00:00,284.7999999999998
2014-09-23 00:00:00,283.6999999999998
2014-09-24 00:00:00,283.5999999999998
2014-09-25 00:00:00,279.1999999999998
2014-09-26 00:00:00,276.2999999999998
2014-09-29 00:00:00,279.0999999999998
2014-09-30 00:00:00,274.7999999999998
2014-10-01 00:00:00,274.6999999999998
2014-10-02 00:00:00,277.5999999999998
2014-10-03 00:00:00,274.7999999999998
2014-10-06 00:00:00,284.1999999999998
2014-10-07 00:00:00,288.3999999999998
2014-10-08 00:00:00,285.3999999999998
2014-10-09 00:00:00,288.49999999999983
2014-10-10 00:00:00,284.8999999999998
2014-10-13 00:00:00,292.0999999999998
2014-10-14 00:00:00,298.2999999999998
2014-10-15 00:00:00,299.7999999999998
2014-10-16 00:00:00,305.99999999999983
2014-10-17 00:00:00,302.49999999999983
2014-10-20 00:00:00,300.1999999999999
2014-10-21 00:00:00,308.59999999999985
2014-10-22 00:00:00,305.09999999999985
2014-10-23 00:00:00,316.1999999999999
2014-10-24 00:00:00,310.99999999999983
2014-10-27 00:00:00,328.99999999999983
2014-10-28 00:00:00,325.59999999999985
2014-10-29 00:00:00,335.79999999999984
2014-10-30 00:00:00,326.09999999999985
2014-10-31 00:00:00,329.79999999999984
2014-11-03 00:00:00,324.39999999999986
2014-11-04 00:00:00,320.79999999999984
2014-11-05 00:00:00,326.89999999999986
2014-11-06 00:00:00,333.59999999999985
2014-11-07 00:00:00,337.79999999999984
2014-11-10 00:00:00,332.09999999999985
2014-11-11 00:00:00,350.39999999999986
2014-11-12 00:00:00,349.39999999999986
2014-11-13 00:00:00,348.79999999999984
2014-11-14 00:00:00,333.6999999999999
2014-11-17 00:00:00,337.49999999999983
2014-11-18 00:00:00,331.99999999999983
2014-11-19 00:00:00,324.29999999999984
2014-11-20 00:00:00,330.89999999999986
2014-11-21 00:00:00,338.49999999999983
2014-11-24 00:00:00,333.39999999999986
2014-11-25 00:00:00,341.99999999999983
2014-11-26 00:00:00,341.6999999999999
2014-11-28 00:00:00,334.6999999999999
2014-12-01 00:00:00,332.6999999999999
2014-12-02 00:00:00,326.79999999999984
2014-12-03 00:00:00,324.49999999999983
2014-12-04 00:00:00,328.49999999999983
2014-12-05 00:00:00,337.79999999999984
2014-12-08 00:00:00,341.6999999999999
2014-12-09 00:00:00,345.29999999999984
2014-12-10 00:00:00,339.6999999999999
2014-12-11 00:00:00,341.79999999999984
2014-12-12 00:00:00,339.89999999999986
2014-12-15 00:00:00,337.49999999999983
2014-12-16 00:00:00,333.49999999999983
2014-12-17 00:00:00,335.3999999999998
2014-12-18 00:00:00,338.5999999999998
2014-12-19 00:00:00,337.29999999999984
2014-12-22 00:00:00,341.29999999999984
2014-12-23 00:00:00,341.0999999999998
2014-12-24 00:00:00,337.99999999999983
2014-12-26 00:00:00,343.29999999999984
2014-12-29 00:00:00,340.29999999999984
2014-12-30 00:00:00,336.49999999999983
2014-12-31 00:00:00,331.0999999999998
2015-01-02 00:00:00,324.29999999999984
2015-01-05 00:00:00,336.6999999999998
2015-01-06 00:00:00,338.8999999999998
2015-01-07 00:00:00,338.1999999999998
2015-01-08 00:00:00,332.3999999999998
2015-01-09 00:00:00,334.29999999999984
2015-01-12 00:00:00,325.5999999999998
2015-01-13 00:00:00,318.49999999999983
2015-01-14 00:00:00,320.3999999999998
2015-01-15 00:00:00,312.3999999999998
2015-01-16 00:00:00,310.6999999999998
2015-01-20 00:00:00,309.49999999999983
2015-01-21 00:00:00,312.8999999999998
2015-01-22 00:00:00,312.79999999999984
2015-01-23 00:00:00,313.8999999999998
2015-01-26 00:00:00,321.79999999999984
2015-01-27 00:00:00,318.99999999999983
2015-01-28 00:00:00,320.0999999999998
2015-01-29 00:00:00,320.79999999999984
2015-01-30 00:00:00,314.1999999999998
2015-02-02 00:00:00,311.79999999999984
2015-02-03 00:00:00,322.49999999999983
2015-02-04 00:00:00,315.8999999999998
2015-02-05 00:00:00,315.49999999999983
2015-02-06 00:00:00,313.29999999999984
2015-02-09 00:00:00,313.1999999999998
2015-02-10 00:00:00,309.99999999999983
2015-02-11 00:00:00,312.3999999999998
2015-02-12 00:00:00,313.8999999999998
2015-02-13 00:00:00,316.1999999999998
2015-02-17 00:00:00,324.9999999999998
2015-02-18 00:00:00,321.2999999999998
2015-02-19 00:00:00,328.5999999999998
2015-02-20 00:00:00,328.1999999999998
2015-02-23 00:00:00,327.9999999999998
2015-02-24 00:00:00,334.5999999999998
2015-02-25 00:00:00,328.8999999999998
2015-02-26 00:00:00,332.8999999999998
2015-02-27 00:00:00,331.5999999999998
2015-03-02 00:00:00,323.3999999999998
2015-03-03 00:00:00,323.1999999999998
2015-03-04 00:00:00,317.7999999999998
2015-03-05 00:00:00,315.9999999999998
2015-03-06 00:00:00,317.5999999999998
2015-03-09 00:00:00,323.2999999999998
2015-03-10 00:00:00,319.8999999999998
2015-03-11 00:00:00,322.3999999999998
2015-03-12 00:00:00,321.1999999999998
2015-03-13 00:00:00,316.2999999999998
2015-03-16 00:00:00,313.3999999999998
2015-03-17 00:00:00,308.4999999999998
2015-03-18 00:00:00,311.5999999999998
2015-03-19 00:00:00,309.8999999999998
2015-03-20 00:00:00,314.4999999999998
2015-03-23 00:00:00,317.4999999999998
2015-03-24 00:00:00,316.7999999999998
2015-03-25 00:00:00,315.2999999999998
2015-03-26 00:00:00,313.4999999999998
2015-03-27 00:00:00,312.9999999999998
2015-03-30 00:00:00,314.8999999999998
2015-03-31 00:00:00,317.7999999999998
2015-04-01 00:00:00,323.2999999999998
2015-04-02 00:00:00,319.0999999999998
2015-04-06 00:00:00,315.2999999999998
2015-04-07 00:00:00,311.8999999999998
2015-04-08 00:00:00,312.2999999999998
2015-04-09 00:00:00,304.5999999999998
2015-04-10 00:00:00,302.1999999999998
2015-04-13 00:00:00,301.6999999999998
2015-04-14 00:00:00,306.0999999999998
2015-04-15 00:00:00,303.7999999999998
2015-04-16 00:00:00,304.7999999999998
2015-04-17 00:00:00,306.7999999999998
2015-04-20 00:00:00,309.7999999999998
2015-04-21 00:00:00,306.8999999999998
2015-04-22 00:00:00,305.7999999999998
2015-04-23 00:00:00,307.0999999999998
2015-04-24 00:00:00,305.5999999999998
2015-04-27 00:00:00,306.2999999999998
2015-04-28 00:00:00,309.2999999999998
2015-04-29 00:00:00,313.8999999999998
2015-04-30 00:00:00,308.1999999999998
2015-05-01 00:00:00,303.9999999999998
2015-05-04 00:00:00,304.4999999999998
2015-05-05 00:00:00,306.1999999999998
2015-05-06 00:00:00,305.4999999999998
2015-05-07 00:00:00,305.4999999999998
2015-05-08 00:00:00,304.3999999999998
2015-05-11 00:00:00,301.3999999999998
2015-05-12 00:00:00,294.8999999999998
2015-05-13 00:00:00,294.2999999999998
2015-05-14 00:00:00,294.2999999999998
2015-05-15 00:00:00,294.7999999999998
2015-05-18 00:00:00,298.6999999999998
2015-05-19 00:00:00,297.1999999999998
2015-05-20 00:00:00,294.29999999999984
2015-05-21 00:00:00,294.39999999999986
2015-05-22 00:00:00,292.89999999999986
2015-05-26 00:00:00,290.59999999999985
2015-05-27 00:00:00,295.1999999999998
2015-05-28 00:00:00,291.59999999999985
2015-05-29 00:00:00,290.79999999999984
2015-06-01 00:00:00,284.09999999999985
2015-06-02 00:00:00,289.59999999999985
2015-06-03 00:00:00,289.49999999999983
2015-06-04 00:00:00,292.6999999999998
2015-06-05 00:00:00,290.6999999999998
2015-06-08 00:00:00,294.39999999999986
2015-06-09 00:00:00,300.1999999999998
2015-06-10 00:00:00,298.09999999999985
2015-06-11 00:00:00,296.79999999999984
2015-06-12 00:00:00,297.79999999999984
2015-06-15 00:00:00,295.59999999999985
2015-06-16 00:00:00,303.1999999999998
2015-06-17 00:00:00,305.79999999999984
2015-06-18 00:00:00,309.59999999999985
2015-06-19 00:00:00,307.29999999999984
2015-06-22 00:00:00,318.89999999999986
2015-06-23 00:00:00,318.59999999999985
2015-06-24 00:00:00,314.6999999999999
2015-06-25 00:00:00,322.39999999999986
2015-06-26 00:00:00,326.59999999999985
2015-06-29 00:00:00,326.1999999999999
2015-06-30 00:00:00,345.59999999999985
2015-07-01 00:00:00,346.09999999999985
2015-07-02 00:00:00,343.6999999999999
2015-07-06 00:00:00,340.09999999999985
2015-07-07 00:00:00,335.49999999999983
2015-07-08 00:00:00,336.6999999999999
2015-07-09 00:00:00,347.39999999999986
2015-07-10 00:00:00,347.79999999999984
2015-07-13 00:00:00,348.29999999999984
2015-07-14 00:00:00,348.49999999999983
2015-07-15 00:00:00,350.6999999999999
2015-07-16 00:00:00,350.79999999999984
2015-07-17 00:00:00,348.59999999999985
2015-07-20 00:00:00,343.59999999999985
2015-07-21 00:00:00,345.6999999999999
2015-07-22 00:00:00,343.89999999999986
2015-07-23 00:00:00,336.9999999999999
2015-07-24 00:00:00,334.29999999999984
2015-07-27 00:00:00,321.89999999999986
2015-07-28 00:00:00,324.59999999999985
2015-07-29 00:00:00,326.09999999999985
2015-07-30 00:00:00,328.29999999999984
2015-07-31 00:00:00,324.79999999999984
2015-08-03 00:00:00,321.89999999999986
2015-08-04 00:00:00,326.39999999999986
2015-08-05 00:00:00,333.6999999999999
2015-08-06 00:00:00,327.1999999999999
2015-08-07 00:00:00,333.59999999999985
2015-08-10 00:00:00,344.29999999999984
2015-08-11 00:00:00,332.9999999999999
2015-08-12 00:00:00,312.6999999999999
2015-08-13 00:00:00,320.89999999999986
2015-08-14 00:00:00,315.09999999999985
2015-08-17 00:00:00,315.59999999999985
2015-08-18 00:00:00,313.79999999999984
2015-08-19 00:00:00,312.4999999999999
2015-08-20 00:00:00,319.59999999999985
2015-08-21 00:00:00,315.4999999999999
2015-08-24 00:00:00,316.09999999999985
2015-08-25 00:00:00,317.9999999999999
2015-08-26 00:00:00,314.79999999999984
2015-08-27 00:00:00,315.89999999999986
2015-08-28 00:00:00,313.59999999999985
2015-08-31 00:00:00,312.1999999999999
2015-09-01 00:00:00,308.9999999999999
2015-09-02 00:00:00,311.1999999999999
2015-09-03 00:00:00,309.09999999999985
2015-09-04 00:00:00,307.6999999999999
2015-09-08 00:00:00,309.4999999999999
2015-09-09 00:00:00,309.1999999999999
2015-09-10 00:00:00,307.59999999999985
2015-09-11 00:00:00,310.1999999999999
2015-09-14 00:00:00,313.6999999999999
2015-09-15 00:00:00,318.29999999999984
2015-09-16 00:00:00,316.29999999999984
2015-09-17 00:00:00,313.4999999999999
2015-09-18 00:00:00,309.1999999999999
2015-09-21 00:00:00,309.79999999999984
2015-09-22 00:00:00,304.6999999999999
2015-09-23 00:00:00,303.59999999999985
2015-09-24 00:00:00,303.79999999999984
2015-09-25 00:00:00,309.79999999999984
2015-09-28 00:00:00,305.9999999999999
2015-09-29 00:00:00,307.29999999999984
2015-09-30 00:00:00,311.09999999999985
2015-10-01 00:00:00,306.09999999999985
2015-10-02 00:00:00,303.39999999999986
2015-10-05 00:00:00,305.4999999999999
2015-10-06 00:00:00,305.39999999999986
2015-10-07 00:00:00,308.59999999999985
2015-10-08 00:00:00,306.39999999999986
2015-10-09 00:00:00,309.79999999999984
2015-10-12 00:00:00,311.4999999999999
2015-10-13 00:00:00,319.4999999999999
2015-10-14 00:00:00,317.59999999999985
2015-10-15 00:00:00,315.6999999999999
2015-10-16 00:00:00,313.29999999999984
2015-10-19 00:00:00,312.59999999999985
2015-10-20 00:00:00,311.49999999999983
2015-10-21 00:00:00,312.49999999999983
2015-10-22 00:00:00,309.39999999999986
2015-10-23 00:00:00,307.59999999999985
2015-10-26 00:00:00,305.6999999999999
2015-10-27 00:00:00,307.99999999999983
2015-10-28 00:00:00,303.6999999999999
2015-10-29 00:00:00,304.49999999999983
2015-10-30 00:00:00,306.59999999999985
2015-11-02 00:00:00,305.09999999999985
2015-11-03 00:00:00,303.59999999999985
2015-11-04 00:00:00,304.39999999999986
2015-11-05 00:00:00,298.49999999999983
2015-11-06 00:00:00,298.29999999999984
2015-11-09 00:00:00,298.29999999999984
2015-11-10 00:00:00,295.89999999999986
2015-11-11 00:00:00,298.09999999999985
2015-11-12 00:00:00,296.49999999999983
2015-11-13 00:00:00,294.49999999999983
2015-11-16 00:00:00,293.99999999999983
2015-11-17 00:00:00,293.49999999999983
2015-11-18 00:00:00,291.1999999999999
2015-11-19 00:00:00,292.29999999999984
2015-11-20 00:00:00,288.6999999999999
2015-11-23 00:00:00,291.99999999999983
2015-11-24 00:00:00,289.99999999999983
2015-11-25 00:00:00,292.09999999999985
2015-11-27 00:00:00,290.79999999999984
2015-11-30 00:00:00,292.59999999999985
2015-12-01 00:00:00,293.6999999999999
2015-12-02 00:00:00,293.99999999999983
2015-12-03 00:00:00,294.49999999999983
2015-12-04 00:00:00,291.99999999999983
2015-12-07 00:00:00,284.99999999999983
2015-12-08 00:00:00,282.29999999999984
2015-12-09 00:00:00,283.59999999999985
2015-12-10 00:00:00,280.79999999999984
2015-12-11 00:00:00,280.59999999999985
2015-12-14 00:00:00,282.6999999999999
2015-12-15 00:00:00,278.99999999999983
2015-12-16 00:00:00,276.89999999999986
2015-12-17 00:00:00,282.6999999999999
2015-12-18 00:00:00,287.4999999999999
2015-12-21 00:00:00,285.4999999999999
2015-12-22 00:00:00,283.7999999999999
2015-12-23 00:00:00,279.89999999999986
2015-12-24 00:00:00,276.59999999999985
2015-12-28 00:00:00,274.9999999999999
2015-12-29 00:00:00,275.9999999999999
2015-12-30 00:00:00,273.7999999999999
2015-12-31 00:00:00,271.6999999999999
2016-01-04 00:00:00,270.1999999999999
2016-01-05 00:00:00,271.7999999999999
2016-01-06 00:00:00,273.89999999999986
2016-01-07 00:00:00,272.6999999999999
2016-01-08 00:00:00,273.89999999999986
2016-01-11 00:00:00,274.9999999999999
2016-01-12 00:00:00,280.39999999999986
2016-01-13 00:00:00,280.59999999999985
2016-01-14 00:00:00,279.6999999999999
2016-01-15 00:00:00,276.2999999999999
2016-01-19 00:00:00,276.4999999999999
2016-01-20 00:00:00,274.9999999999999
2016-01-21 00:00:00,276.89999999999986
2016-01-22 00:00:00,273.59999999999985
2016-01-25 00:00:00,277.2999999999999
2016-01-26 00:00:00,274.89999999999986
2016-01-27 00:00:00,277.1999999999999
2016-01-28 00:00:00,271.6999999999999
2016-01-29 00:00:00,277.09999999999985
2016-02-01 00:00:00,275.7999999999999
2016-02-02 00:00:00,279.1999999999999
2016-02-03 00:00:00,274.6999999999999
2016-02-04 00:00:00,272.1999999999999
2016-02-05 00:00:00,269.39999999999986
2016-02-08 00:00:00,268.89999999999986
2016-02-09 00:00:00,267.7999999999999
2016-02-10 00:00:00,266.09999999999985
2016-02-11 00:00:00,268.7999999999999
2016-02-12 00:00:00,266.7999999999999
2016-02-16 00:00:00,269.59999999999985
2016-02-17 00:00:00,268.29999999999984
2016-02-18 00:00:00,268.09999999999985
2016-02-19 00:00:00,268.79999999999984
2016-02-22 00:00:00,269.09999999999985
2016-02-23 00:00:00,267.3999999999998
2016-02-24 00:00:00,267.6999999999998
2016-02-25 00:00:00,265.6999999999998
2016-02-26 00:00:00,263.79999999999984
2016-02-29 00:00:00,265.6999999999998
2016-03-01 00:00:00,264.59999999999985
2016-03-02 00:00:00,267.59999999999985
2016-03-03 00:00:00,267.8999999999998
2016-03-04 00:00:00,273.6999999999998
2016-03-07 00:00:00,274.09999999999985
2016-03-08 00:00:00,275.6999999999998
2016-03-09 00:00:00,274.09999999999985
2016-03-10 00:00:00,275.09999999999985
2016-03-11 00:00:00,276.6999999999998
2016-03-14 00:00:00,274.6999999999998
2016-03-15 00:00:00,271.49999999999983
2016-03-16 00:00:00,270.8999999999998
2016-03-17 00:00:00,270.1999999999998
2016-03-18 00:00:00,269.79999999999984
2016-03-21 00:00:00,271.8999999999998
2016-03-22 00:00:00,274.1999999999998
2016-03-23 00:00:00,274.09999999999985
2016-03-24 00:00:00,278.29999999999984
2016-03-28 00:00:00,274.99999999999983
2016-03-29 00:00:00,276.29999999999984
2016-03-30 00:00:00,275.09999999999985
2016-03-31 00:00:00,273.59999999999985
2016-04-01 00:00:00,275.59999999999985
2016-04-04 00:00:00,271.59999999999985
2016-04-05 00:00:00,271.6999999999998
2016-04-06 00:00:00,270.99999999999983
2016-04-07 00:00:00,269.8999999999998
2016-04-08 00:00:00,276.59999999999985
2016-04-11 00:00:00,282.99999999999983
2016-04-12 00:00:00,288.09999999999985
2016-04-13 00:00:00,295.6999999999998
2016-04-14 00:00:00,293.3999999999998
2016-04-15 00:00:00,299.09999999999985
2016-04-18 00:00:00,296.1999999999998
2016-04-19 00:00:00,308.09999999999985
2016-04-20 00:00:00,320.59999999999985
2016-04-21 00:00:00,326.3999999999998
2016-04-22 00:00:00,313.99999999999983
2016-04-25 00:00:00,318.99999999999983
2016-04-26 00:00:00,326.09999999999985
2016-04-27 00:00:00,327.49999999999983
2016-04-28 00:00:00,332.09999999999985
2016-04-29 00:00:00,333.6999999999998
2016-05-02 00:00:00,344.49999999999983
2016-05-03 00:00:00,339.6999999999998
2016-05-04 00:00:00,342.6999999999998
2016-05-05 00:00:00,334.99999999999983
2016-05-06 00:00:00,340.59999999999985
2016-05-09 00:00:00,337.79999999999984
2016-05-10 00:00:00,357.79999999999984
2016-05-11 00:00:00,359.99999999999983
2016-05-12 00:00:00,362.09999999999985
2016-05-13 00:00:00,360.49999999999983
2016-05-16 00:00:00,358.1999999999998
2016-05-17 00:00:00,365.99999999999983
2016-05-18 00:00:00,366.8999999999998
2016-05-19 00:00:00,369.49999999999983
2016-05-20 00:00:00,374.8999999999998
2016-05-23 00:00:00,372.6999999999998
2016-05-24 00:00:00,370.79999999999984
2016-05-25 00:00:00,380.49999999999983
2016-05-26 00:00:00,382.5999999999998
2016-05-27 00:00:00,382.29999999999984
2016-05-31 00:00:00,379.8999999999998
2016-06-01 00:00:00,382.29999999999984
2016-06-02 00:00:00,389.99999999999983
2016-06-03 00:00:00,391.1999999999998
2016-06-06 00:00:00,395.5999999999998
2016-06-07 00:00:00,398.29999999999984
2016-06-08 00:00:00,408.3999999999998
2016-06-09 00:00:00,407.79999999999984
2016-06-10 00:00:00,412.49999999999983
2016-06-13 00:00:00,409.5999999999998
2016-06-14 00:00:00,405.3999999999998
2016-06-15 00:00:00,404.29999999999984
2016-06-16 00:00:00,396.3999999999998
2016-06-17 00:00:00,407.29999999999984
2016-06-20 00:00:00,402.6999999999998
2016-06-21 00:00:00,393.59999999999985
2016-06-22 00:00:00,392.6999999999998
2016-06-23 00:00:00,383.29999999999984
2016-06-24 00:00:00,375.6999999999998
2016-06-27 00:00:00,383.89999999999986
2016-06-28 00:00:00,391.6999999999998
2016-06-29 00:00:00,392.99999999999983
2016-06-30 00:00:00,403.39999999999986
2016-07-01 00:00:00,400.79999999999984
2016-07-05 00:00:00,380.79999999999984
2016-07-06 00:00:00,380.39999999999986
2016-07-07 00:00:00,363.49999999999983
2016-07-08 00:00:00,373.39999999999986
2016-07-11 00:00:00,370.1999999999998
2016-07-12 00:00:00,378.39999999999986
2016-07-13 00:00:00,386.99999999999983
2016-07-14 00:00:00,371.29999999999984
2016-07-15 00:00:00,368.89999999999986
2016-07-18 00:00:00,373.09999999999985
2016-07-19 00:00:00,358.1999999999999
2016-07-20 00:00:00,350.1999999999999
2016-07-21 00:00:00,349.89999999999986
2016-07-22 00:00:00,344.09999999999985
2016-07-25 00:00:00,336.89999999999986
2016-07-26 00:00:00,340.6999999999999
2016-07-27 00:00:00,345.59999999999985
2016-07-28 00:00:00,343.1999999999999
2016-07-29 00:00:00,350.09999999999985
2016-08-01 00:00:00,333.9999999999999
2016-08-02 00:00:00,329.09999999999985
2016-08-03 00:00:00,328.79999999999984
2016-08-04 00:00:00,326.39999999999986
2016-08-05 00:00:00,333.79999999999984
2016-08-08 00:00:00,334.79999999999984
2016-08-09 00:00:00,335.6999999999999
2016-08-10 00:00:00,332.4999999999999
2016-08-11 00:00:00,332.29999999999984
2016-08-12 00:00:00,330.1999999999999
2016-08-15 00:00:00,337.09999999999985
2016-08-16 00:00:00,334.6999999999999
2016-08-17 00:00:00,334.79999999999984
2016-08-18 00:00:00,333.59999999999985
2016-08-19 00:00:00,327.89999999999986
2016-08-22 00:00:00,333.1999999999999
2016-08-23 00:00:00,330.89999999999986
2016-08-24 00:00:00,329.29999999999984
2016-08-25 00:00:00,321.1999999999999
2016-08-26 00:00:00,317.89999999999986
2016-08-29 00:00:00,317.4999999999999
2016-08-30 00:00:00,311.09999999999985
2016-08-31 00:00:00,309.09999999999985
2016-09-01 00:00:00,308.9999999999999
2016-09-02 00:00:00,309.79999999999984
2016-09-06 00:00:00,312.4999999999999
2016-09-07 00:00:00,319.09999999999985
2016-09-08 00:00:00,319.9999999999999
2016-09-09 00:00:00,318.89999999999986
2016-09-12 00:00:00,314.29999999999984
2016-09-13 00:00:00,308.4999999999999
2016-09-14 00:00:00,308.09999999999985
2016-09-15 00:00:00,309.59999999999985
2016-09-16 00:00:00,315.1999999999999
2016-09-19 00:00:00,313.6999999999999
2016-09-20 00:00:00,316.0999999999999
2016-09-21 00:00:00,311.7999999999999
2016-09-22 00:00:00,310.3999999999999
2016-09-23 00:00:00,305.7999999999999
2016-09-26 00:00:00,300.7999999999999
2016-09-27 00:00:00,303.0999999999999
2016-09-28 00:00:00,302.7999999999999
2016-09-29 00:00:00,302.0999999999999
2016-09-30 00:00:00,302.4999999999999
2016-10-03 00:00:00,311.7999999999999
2016-10-04 00:00:00,309.6999999999999
2016-10-05 00:00:00,308.5999999999999
2016-10-06 00:00:00,306.4999999999999
2016-10-07 00:00:00,303.6999999999999
2016-10-10 00:00:00,301.5999999999999
2016-10-11 00:00:00,303.8999999999999
2016-10-12 00:00:00,300.0999999999999
2016-10-13 00:00:00,306.0999999999999
2016-10-14 00:00:00,304.1999999999999
2016-10-17 00:00:00,307.0999999999999
2016-10-18 00:00:00,306.99999999999994
2016-10-19 00:00:00,309.8999999999999
2016-10-20 00:00:00,308.19999999999993
2016-10-21 00:00:00,310.0999999999999
2016-10-24 00:00:00,310.99999999999994
2016-10-25 00:00:00,311.8999999999999
2016-10-26 00:00:00,322.19999999999993
2016-10-27 00:00:00,329.5999999999999
2016-10-28 00:00:00,320.99999999999994
2016-10-31 00:00:00,320.29999999999995
2016-11-01 00:00:00,313.79999999999995
2016-11-02 00:00:00,310.3999999999999
2016-11-03 00:00:00,310.49999999999994
2016-11-04 00:00:00,312.99999999999994
2016-11-07 00:00:00,315.99999999999994
2016-11-08 00:00:00,319.3999999999999
2016-11-09 00:00:00,316.0999999999999
2016-11-10 00:00:00,316.29999999999995
2016-11-11 00:00:00,312.8999999999999
2016-11-14 00:00:00,314.49999999999994
2016-11-15 00:00:00,315.0999999999999
2016-11-16 00:00:00,313.69999999999993
2016-11-17 00:00:00,317.19999999999993
2016-11-18 00:00:00,315.79999999999995
2016-11-21 00:00:00,324.8999999999999
2016-11-22 00:00:00,330.49999999999994
2016-11-23 00:00:00,321.5999999999999
2016-11-25 00:00:00,326.29999999999995
2016-11-28 00:00:00,331.49999999999994
2016-11-29 00:00:00,327.3999999999999
2016-11-30 00:00:00,321.79999999999995
2016-12-01 00:00:00,316.29999999999995
2016-12-02 00:00:00,316.29999999999995
2016-12-05 00:00:00,323.19999999999993
2016-12-06 00:00:00,325.79999999999995
2016-12-07 00:00:00,325.19999999999993
2016-12-08 00:00:00,318.49999999999994
2016-12-09 00:00:00,323.5999999999999
2016-12-12 00:00:00,321.19999999999993
2016-12-13 00:00:00,320.3999999999999
2016-12-14 00:00:00,317.8999999999999
2016-12-15 00:00:00,319.0999999999999
2016-12-16 00:00:00,322.19999999999993
2016-12-19 00:00:00,317.69999999999993
2016-12-20 00:00:00,314.0999999999999
2016-12-21 00:00:00,314.4999999999999
2016-12-22 00:00:00,314.4999999999999
2016-12-23 00:00:00,312.3999999999999
2016-12-27 00:00:00,322.19999999999993
2016-12-28 00:00:00,320.69999999999993
2016-12-29 00:00:00,319.8999999999999
2016-12-30 00:00:00,317.2999999999999
2017-01-03 00:00:00,313.0999999999999
2017-01-04 00:00:00,319.5999999999999
2017-01-05 00:00:00,318.69999999999993
2017-01-06 00:00:00,312.19999999999993
2017-01-09 00:00:00,314.7999999999999
2017-01-10 00:00:00,318.19999999999993
2017-01-11 00:00:00,315.7999999999999
2017-01-12 00:00:00,328.2999999999999
2017-01-13 00:00:00,334.4999999999999
2017-01-17 00:00:00,348.2999999999999
2017-01-18 00:00:00,350.7999999999999
2017-01-19 00:00:00,348.3999999999999
2017-01-20 00:00:00,349.0999999999999
2017-01-23 00:00:00,344.69999999999993
2017-01-24 00:00:00,344.19999999999993
2017-01-25 00:00:00,344.3999999999999
2017-01-26 00:00:00,343.5999999999999
2017-01-27 00:00:00,344.0999999999999
2017-01-30 00:00:00,335.5999999999999
2017-01-31 00:00:00,335.9999999999999
2017-02-01 00:00:00,337.5999999999999
2017-02-02 00:00:00,335.5999999999999
2017-02-03 00:00:00,333.3999999999999
2017-02-06 00:00:00,334.5999999999999
2017-02-07 00:00:00,338.19999999999993
2017-02-08 00:00:00,343.3999999999999
2017-02-09 00:00:00,340.69999999999993
2017-02-10 00:00:00,344.5999999999999
2017-02-13 00:00:00,345.8999999999999
2017-02-14 00:00:00,341.9999999999999
2017-02-15 00:00:00,348.9999999999999
2017-02-16 00:00:00,344.3999999999999
2017-02-17 00:00:00,342.1999999999999
2017-02-21 00:00:00,340.3999999999999
2017-02-22 00:00:00,338.1999999999999
2017-02-23 00:00:00,333.6999999999999
2017-02-24 00:00:00,334.0999999999999
2017-02-27 00:00:00,334.0999999999999
2017-02-28 00:00:00,334.6999999999999
2017-03-01 00:00:00,337.5999999999999
2017-03-02 00:00:00,333.1999999999999
2017-03-03 00:00:00,331.2999999999999
2017-03-06 00:00:00,331.9999999999999
2017-03-07 00:00:00,329.5999999999999
2017-03-08 00:00:00,329.4999999999999
2017-03-09 00:00:00,327.1999999999999
2017-03-10 00:00:00,327.3999999999999
2017-03-13 00:00:00,329.6999999999999
2017-03-14 00:00:00,325.8999999999999
2017-03-15 00:00:00,326.1999999999999
2017-03-16 00:00:00,327.8999999999999
2017-03-17 00:00:00,327.4999999999999
2017-03-20 00:00:00,325.2999999999999
2017-03-21 00:00:00,324.4999999999999
2017-03-22 00:00:00,322.1999999999999
2017-03-23 00:00:00,319.2999999999999
2017-03-24 00:00:00,316.6999999999999
2017-03-27 00:00:00,313.8999999999999
2017-03-28 00:00:00,314.0999999999999
2017-03-29 00:00:00,314.4999999999999
2017-03-30 00:00:00,313.5999999999999
2017-03-31 00:00:00,307.0999999999999
2017-04-03 00:00:00,306.2999999999999
2017-04-04 00:00:00,306.7999999999999
2017-04-05 00:00:00,308.1999999999999
2017-04-06 00:00:00,307.6999999999999
2017-04-07 00:00:00,306.6999999999999
2017-04-10 00:00:00,308.4999999999999
2017-04-11 00:00:00,308.7999999999999
2017-04-12 00:00:00,312.2999999999999
2017-04-13 00:00:00,317.0999999999999
2017-04-17 00:00:00,312.9999999999999
2017-04-18 00:00:00,312.0999999999999
2017-04-19 00:00:00,310.8999999999999
2017-04-20 00:00:00,307.4999999999999
2017-04-21 00:00:00,309.2999999999999
2017-04-24 00:00:00,316.19999999999993
2017-04-25 00:00:00,313.69999999999993
2017-04-26 00:00:00,309.5999999999999
2017-04-27 00:00:00,310.3999999999999
2017-04-28 00:00:00,311.5999999999999
2017-05-01 00:00:00,314.0999999999999
2017-05-02 00:00:00,310.7999999999999
2017-05-03 00:00:00,314.3999999999999
2017-05-04 00:00:00,313.69999999999993
2017-05-05 00:00:00,312.19999999999993
2017-05-08 00:00:00,308.8999999999999
2017-05-09 00:00:00,313.4999999999999
2017-05-10 00:00:00,312.9999999999999
2017-05-11 00:00:00,310.2999999999999
2017-05-12 00:00:00,308.5999999999999
2017-05-15 00:00:00,307.8999999999999
2017-05-16 00:00:00,312.19999999999993
2017-05-17 00:00:00,310.69999999999993
2017-05-18 00:00:00,303.3999999999999
2017-05-19 00:00:00,303.2999999999999
2017-05-22 00:00:00,304.3999999999999
2017-05-23 00:00:00,302.8999999999999
2017-05-24 00:00:00,302.9999999999999
2017-05-25 00:00:00,301.0999999999999
2017-05-26 00:00:00,298.2999999999999
2017-05-30 00:00:00,294.3999999999999
2017-05-31 00:00:00,294.69999999999993
2017-06-01 00:00:00,294.4999999999999
2017-06-02 00:00:00,298.69999999999993
2017-06-05 00:00:00,297.3999999999999
2017-06-06 00:00:00,297.8999999999999
2017-06-07 00:00:00,301.5999999999999
2017-06-08 00:00:00,302.7999999999999
2017-06-09 00:00:00,302.7999999999999
2017-06-12 00:00:00,299.0999999999999
2017-06-13 00:00:00,299.0999999999999
2017-06-14 00:00:00,299.2999999999999
2017-06-15 00:00:00,298.19999999999993
2017-06-16 00:00:00,298.4999999999999
2017-06-19 00:00:00,298.7999999999999
2017-06-20 00:00:00,297.69999999999993
2017-06-21 00:00:00,294.3999999999999
2017-06-22 00:00:00,289.3999999999999
2017-06-23 00:00:00,289.19999999999993
2017-06-26 00:00:00,290.0999999999999
2017-06-27 00:00:00,289.7999999999999
2017-06-28 00:00:00,291.8999999999999
2017-06-29 00:00:00,291.69999999999993
2017-06-30 00:00:00,302.3999999999999
2017-07-03 00:00:00,310.5999999999999
2017-07-05 00:00:00,315.4999999999999
2017-07-06 00:00:00,319.19999999999993
2017-07-07 00:00:00,327.7999999999999
2017-07-10 00:00:00,335.2999999999999
2017-07-11 00:00:00,335.7999999999999
2017-07-12 00:00:00,332.9999999999999
2017-07-13 00:00:00,314.9999999999999
2017-07-14 00:00:00,320.8999999999999
2017-07-17 00:00:00,318.9999999999999
2017-07-18 00:00:00,320.39999999999986
2017-07-19 00:00:00,323.6999999999999
2017-07-20 00:00:00,327.5999999999999
2017-07-21 00:00:00,326.2999999999999
2017-07-24 00:00:00,322.1999999999999
2017-07-25 00:00:00,314.39999999999986
2017-07-26 00:00:00,315.9999999999999
2017-07-27 00:00:00,318.4999999999999
2017-07-28 00:00:00,317.9999999999999
2017-07-31 00:00:00,314.89999999999986
2017-08-01 00:00:00,303.9999999999999
2017-08-02 00:00:00,304.9999999999999
2017-08-03 00:00:00,302.0999999999999
2017-08-04 00:00:00,298.89999999999986
2017-08-07 00:00:00,303.6999999999999
2017-08-08 00:00:00,303.7999999999999
2017-08-09 00:00:00,302.39999999999986
2017-08-10 00:00:00,289.6999999999999
2017-08-11 00:00:00,293.6999999999999
2017-08-14 00:00:00,292.1999999999999
2017-08-15 00:00:00,288.89999999999986
2017-08-16 00:00:00,287.5999999999999
2017-08-17 00:00:00,289.4999999999999
2017-08-18 00:00:00,289.9999999999999
2017-08-21 00:00:00,288.4999999999999
2017-08-22 00:00:00,288.1999999999999
2017-08-23 00:00:00,285.9999999999999
2017-08-24 00:00:00,290.39999999999986
2017-08-25 00:00:00,289.4999999999999
2017-08-28 00:00:00,288.89999999999986
2017-08-29 00:00:00,288.6999999999999
2017-08-30 00:00:00,286.89999999999986
2017-08-31 00:00:00,288.9999999999999
2017-09-01 00:00:00,288.2999999999999
2017-09-05 00:00:00,297.4999999999999
2017-09-06 00:00:00,298.1999999999999
2017-09-07 00:00:00,296.6999999999999
2017-09-08 00:00:00,294.6999999999999
2017-09-11 00:00:00,293.0999999999999
2017-09-12 00:00:00,289.4999999999999
2017-09-13 00:00:00,294.89999999999986
2017-09-14 00:00:00,302.5999999999999
2017-09-15 00:00:00,300.89999999999986
2017-09-18 00:00:00,302.2999999999999
2017-09-19 00:00:00,298.5999999999999
2017-09-20 00:00:00,300.0999999999999
2017-09-21 00:00:00,302.89999999999986
2017-09-22 00:00:00,308.9999999999999
2017-09-25 00:00:00,304.39999999999986
2017-09-26 00:00:00,303.2999999999999
2017-09-27 00:00:00,303.4999999999999
2017-09-28 00:00:00,301.5999999999999
2017-09-29 00:00:00,305.7999999999999
2017-10-02 00:00:00,303.6999999999999
2017-10-03 00:00:00,301.4999999999999
2017-10-04 00:00:00,301.0999999999999
2017-10-05 00:00:00,306.9999999999999
2017-10-06 00:00:00,309.39999999999986
2017-10-09 00:00:00,305.5999999999999
2017-10-10 00:00:00,306.2999999999999
2017-10-11 00:00:00,304.9999999999999
2017-10-12 00:00:00,316.2999999999999
2017-10-13 00:00:00,318.6999999999999
2017-10-16 00:00:00,314.6999999999999
2017-10-17 00:00:00,311.89999999999986
2017-10-18 00:00:00,312.1999999999999
2017-10-19 00:00:00,311.79999999999984
2017-10-20 00:00:00,307.1999999999999
2017-10-23 00:00:00,305.9999999999999
2017-10-24 00:00:00,304.29999999999984
2017-10-25 00:00:00,305.29999999999984
2017-10-26 00:00:00,302.09999999999985
2017-10-27 00:00:00,302.09999999999985
2017-10-30 00:00:00,302.29999999999984
2017-10-31 00:00:00,301.9999999999999
2017-11-01 00:00:00,304.1999999999999
2017-11-02 00:00:00,307.79999999999984
2017-11-03 00:00:00,304.39999999999986
2017-11-06 00:00:00,306.09999999999985
2017-11-07 00:00:00,305.9999999999999
2017-11-08 00:00:00,305.79999999999984
2017-11-09 00:00:00,302.1999999999999
2017-11-10 00:00:00,304.9999999999999
2017-11-13 00:00:00,301.79999999999984
2017-11-14 00:00:00,300.4999999999999
2017-11-15 00:00:00,301.39999999999986
2017-11-16 00:00:00,300.39999999999986
2017-11-17 00:00:00,307.9999999999999
2017-11-20 00:00:00,310.1999999999999
2017-11-21 00:00:00,308.6999999999999
2017-11-22 00:00:00,314.6999999999999
2017-11-24 00:00:00,313.89999999999986
2017-11-27 00:00:00,317.39999999999986
2017-11-28 00:00:00,314.29999999999984
2017-11-29 00:00:00,315.59999999999985
2017-11-30 00:00:00,314.6999999999999
2017-12-01 00:00:00,318.39999999999986
2017-12-04 00:00:00,325.4999999999999
2017-12-05 00:00:00,331.1999999999999
2017-12-06 00:00:00,330.39999999999986
2017-12-07 00:00:00,323.6999999999999
2017-12-08 00:00:00,320.59999999999985
2017-12-11 00:00:00,316.6999999999999
2017-12-12 00:00:00,313.79999999999984
2017-12-13 00:00:00,315.79999999999984
2017-12-14 00:00:00,310.4999999999999
2017-12-15 00:00:00,309.39999999999986
2017-12-18 00:00:00,307.79999999999984
2017-12-19 00:00:00,304.49999999999983
2017-12-20 00:00:00,304.99999999999983
2017-12-21 00:00:00,303.59999999999985
2017-12-22 00:00:00,302.39999999999986
2017-12-26 00:00:00,304.6999999999999
2017-12-27 00:00:00,303.79999999999984
2017-12-28 00:00:00,301.39999999999986
2017-12-29 00:00:00,302.1999999999999
2018-01-02 00:00:00,303.09999999999985
2018-01-03 00:00:00,303.6999999999999
2018-01-04 00:00:00,304.59999999999985
2018-01-05 00:00:00,306.49999999999983
2018-01-08 00:00:00,306.1999999999999
2018-01-09 00:00:00,303.1999999999999
2018-01-10 00:00:00,301.49999999999983
2018-01-11 00:00:00,298.79999999999984
2018-01-12 00:00:00,302.89999999999986
2018-01-16 00:00:00,308.39999999999986
2018-01-17 00:00:00,309.99999999999983
2018-01-18 00:00:00,314.09999999999985
2018-01-19 00:00:00,317.1999999999999
2018-01-22 00:00:00,323.79999999999984
2018-01-23 00:00:00,324.59999999999985
2018-01-24 00:00:00,326.89999999999986
2018-01-25 00:00:00,325.59999999999985
2018-01-26 00:00:00,320.89999999999986
2018-01-29 00:00:00,322.89999999999986
2018-01-30 00:00:00,325.99999999999983
2018-01-31 00:00:00,323.59999999999985
2018-02-01 00:00:00,319.79999999999984
2018-02-02 00:00:00,317.49999999999983
2018-02-05 00:00:00,313.09999999999985
2018-02-06 00:00:00,317.49999999999983
2018-02-07 00:00:00,321.1999999999999
2018-02-08 00:00:00,327.1999999999999
2018-02-09 00:00:00,328.6999999999999
2018-02-12 00:00:00,342.49999999999983
2018-02-13 00:00:00,348.79999999999984
2018-02-14 00:00:00,353.89999999999986
2018-02-15 00:00:00,356.59999999999985
2018-02-16 00:00:00,358.1999999999999
2018-02-20 00:00:00,360.9999999999999
2018-02-21 00:00:00,364.1999999999999
2018-02-22 00:00:00,363.4999999999999
2018-02-23 00:00:00,362.1999999999999
2018-02-26 00:00:00,363.1999999999999
2018-02-27 00:00:00,370.79999999999984
2018-02-28 00:00:00,376.4999999999999
2018-03-01 00:00:00,378.4999999999999
2018-03-02 00:00:00,374.79999999999984
2018-03-05 00:00:00,375.79999999999984
2018-03-06 00:00:00,372.09999999999985
2018-03-07 00:00:00,369.1999999999999
2018-03-08 00:00:00,368.89999999999986
2018-03-09 00:00:00,359.6999999999999
2018-03-12 00:00:00,356.89999999999986
2018-03-13 00:00:00,361.89999999999986
2018-03-14 00:00:00,356.89999999999986
2018-03-15 00:00:00,356.9999999999999
2018-03-16 00:00:00,358.9999999999999
2018-03-19 00:00:00,345.6999999999999
2018-03-20 00:00:00,348.59999999999985
2018-03-21 00:00:00,351.1999999999999
2018-03-22 00:00:00,354.79999999999984
2018-03-23 00:00:00,364.39999999999986
2018-03-26 00:00:00,362.1999999999999
2018-03-27 00:00:00,359.4999999999999
2018-03-28 00:00:00,358.09999999999985
2018-03-29 00:00:00,370.6999999999999
2018-04-02 00:00:00,364.79999999999984
2018-04-03 00:00:00,367.6999999999999
2018-04-04 00:00:00,369.29999999999984
2018-04-05 00:00:00,371.39999999999986
2018-04-06 00:00:00,374.4999999999999
2018-04-09 00:00:00,378.09999999999985
2018-04-10 00:00:00,372.39999999999986
2018-04-11 00:00:00,368.6999999999999
2018-04-12 00:00:00,371.79999999999984
2018-04-13 00:00:00,371.1999999999999
2018-04-16 00:00:00,366.39999999999986
2018-04-17 00:00:00,370.0999999999999
2018-04-18 00:00:00,366.89999999999986
2018-04-19 00:00:00,363.2999999999999
2018-04-20 00:00:00,363.4999999999999
2018-04-23 00:00:00,361.0999999999999
2018-04-24 00:00:00,361.7999999999999
2018-04-25 00:00:00,365.0999999999999
2018-04-26 00:00:00,366.7999999999999
2018-04-27 00:00:00,377.7999999999999
2018-04-30 00:00:00,377.39999999999986
2018-05-01 00:00:00,386.4999999999999
2018-05-02 00:00:00,382.39999999999986
2018-05-03 00:00:00,380.39999999999986
2018-05-04 00:00:00,375.39999999999986
2018-05-07 00:00:00,365.4999999999999
2018-05-08 00:00:00,368.1999999999999
2018-05-09 00:00:00,367.2999999999999
2018-05-10 00:00:00,368.89999999999986
2018-05-11 00:00:00,361.7999999999999
2018-05-14 00:00:00,369.39999999999986
2018-05-15 00:00:00,365.0999999999999
2018-05-16 00:00:00,359.9999999999999
2018-05-17 00:00:00,358.4999999999999
2018-05-18 00:00:00,358.9999999999999
2018-05-21 00:00:00,364.09999999999985
2018-05-22 00:00:00,363.4999999999999
2018-05-23 00:00:00,366.79999999999984
2018-05-24 00:00:00,364.1999999999999
2018-05-25 00:00:00,367.1999999999999
2018-05-29 00:00:00,366.79999999999984
2018-05-30 00:00:00,363.9999999999999
2018-05-31 00:00:00,362.6999999999999
2018-06-01 00:00:00,361.9999999999999
2018-06-04 00:00:00,357.1999999999999
2018-06-05 00:00:00,356.59999999999985
2018-06-06 00:00:00,353.79999999999984
2018-06-07 00:00:00,347.59999999999985
2018-06-08 00:00:00,347.29999999999984
2018-06-11 00:00:00,341.09999999999985
2018-06-12 00:00:00,343.6999999999999
2018-06-13 00:00:00,338.09999999999985
2018-06-14 00:00:00,333.79999999999984
2018-06-15 00:00:00,329.59999999999985
2018-06-18 00:00:00,326.39999999999986
2018-06-19 00:00:00,324.6999999999999
2018-06-20 00:00:00,322.1999999999999
2018-06-21 00:00:00,319.2999999999999
2018-06-22 00:00:00,326.09999999999985
2018-06-25 00:00:00,319.2999999999999
2018-06-26 00:00:00,318.09999999999985
2018-06-27 00:00:00,317.2999999999999
2018-06-28 00:00:00,316.7999999999999
2018-06-29 00:00:00,315.9999999999999
2018-07-02 00:00:00,313.39999999999986
2018-07-03 00:00:00,311.39999999999986
2018-07-05 00:00:00,310.4999999999999
2018-07-06 00:00:00,323.59999999999985
2018-07-09 00:00:00,314.6999999999999
2018-07-10 00:00:00,317.1999999999999
2018-07-11 00:00:00,314.89999999999986
2018-07-12 00:00:00,314.9999999999999
2018-07-13 00:00:00,310.1999999999999
2018-07-16 00:00:00,313.7999999999999
2018-07-17 00:00:00,313.39999999999986
2018-07-18 00:00:00,311.7999999999999
2018-07-19 00:00:00,312.2999999999999
2018-07-20 00:00:00,310.7999999999999
2018-07-23 00:00:00,311.59999999999985
2018-07-24 00:00:00,312.89999999999986
2018-07-25 00:00:00,314.6999999999999
2018-07-26 00:00:00,317.89999999999986
2018-07-27 00:00:00,317.2999999999999
2018-07-30 00:00:00,319.89999999999986
2018-07-31 00:00:00,327.59999999999985
2018-08-01 00:00:00,322.1999999999999
2018-08-02 00:00:00,318.7999999999999
2018-08-03 00:00:00,317.9999999999999
2018-08-06 00:00:00,315.6999999999999
2018-08-07 00:00:00,318.7999999999999
2018-08-08 00:00:00,323.59999999999985
2018-08-09 00:00:00,321.09999999999985
2018-08-10 00:00:00,309.4999999999999
2018-08-13 00:00:00,314.9999999999999
2018-08-14 00:00:00,323.9999999999999
2018-08-15 00:00:00,317.4999999999999
2018-08-16 00:00:00,323.1999999999999
2018-08-17 00:00:00,318.59999999999985
2018-08-20 00:00:00,316.7999999999999
2018-08-21 00:00:00,313.39999999999986
2018-08-22 00:00:00,309.39999999999986
2018-08-23 00:00:00,302.6999999999999
2018-08-24 00:00:00,302.4999999999999
2018-08-27 00:00:00,296.7999999999999
2018-08-28 00:00:00,290.89999999999986
2018-08-29 00:00:00,291.39999999999986
2018-08-30 00:00:00,289.6999999999999
2018-08-31 00:00:00,293.39999999999986
2018-09-04 00:00:00,297.39999999999986
2018-09-05 00:00:00,295.89999999999986
2018-09-06 00:00:00,300.1999999999999
2018-09-07 00:00:00,303.1999999999999
2018-09-10 00:00:00,304.7999999999999
2018-09-11 00:00:00,302.39999999999986
2018-09-12 00:00:00,304.59999999999985
2018-09-13 00:00:00,301.09999999999985
2018-09-14 00:00:00,294.89999999999986
2018-09-17 00:00:00,291.89999999999986
2018-09-18 00:00:00,289.89999999999986
2018-09-19 00:00:00,295.39999999999986
2018-09-20 00:00:00,300.6999999999999
2018-09-21 00:00:00,295.1999999999999
2018-09-24 00:00:00,294.09999999999985
2018-09-25 00:00:00,295.6999999999999
2018-09-26 00:00:00,297.1999999999999
2018-09-27 00:00:00,297.9999999999999
2018-09-28 00:00:00,294.79999999999984
2018-10-01 00:00:00,299.29999999999984
2018-10-02 00:00:00,300.89999999999986
2018-10-03 00:00:00,297.39999999999986
2018-10-04 00:00:00,298.29999999999984
2018-10-05 00:00:00,304.9999999999999
2018-10-08 00:00:00,304.09999999999985
2018-10-09 00:00:00,303.59999999999985
2018-10-10 00:00:00,301.59999999999985
2018-10-11 00:00:00,302.89999999999986
2018-10-12 00:00:00,303.39999999999986
2018-10-15 00:00:00,313.79999999999984
2018-10-16 00:00:00,309.59999999999985
2018-10-17 00:00:00,310.89999999999986
2018-10-18 00:00:00,303.99999999999983
2018-10-19 00:00:00,301.1999999999999
2018-10-22 00:00:00,302.29999999999984
2018-10-23 00:00:00,301.09999999999985
2018-10-24 00:00:00,296.39999999999986
2018-10-25 00:00:00,294.39999999999986
2018-10-26 00:00:00,297.39999999999986
2018-10-29 00:00:00,297.09999999999985
2018-10-30 00:00:00,294.49999999999983
2018-10-31 00:00:00,296.1999999999999
2018-11-01 00:00:00,303.89999999999986
2018-11-02 00:00:00,301.1999999999999
2018-11-05 00:00:00,300.09999999999985
2018-11-06 00:00:00,300.59999999999985
2018-11-07 00:00:00,298.59999999999985
2018-11-08 00:00:00,297.29999999999984
2018-11-09 00:00:00,296.89999999999986
2018-11-12 00:00:00,296.49999999999983
2018-11-13 00:00:00,295.09999999999985
2018-11-14 00:00:00,296.79999999999984
2018-11-15 00:00:00,296.6999999999999
2018-11-16 00:00:00,301.79999999999984
2018-11-19 00:00:00,296.49999999999983
2018-11-20 00:00:00,298.29999999999984
2018-11-21 00:00:00,297.39999999999986
2018-11-23 00:00:00,296.99999999999983
2018-11-26 00:00:00,294.39999999999986
2018-11-27 00:00:00,296.59999999999985
2018-11-28 00:00:00,299.89999999999986
2018-11-29 00:00:00,298.79999999999984
2018-11-30 00:00:00,299.79999999999984
2018-12-03 00:00:00,303.6999999999999
2018-12-04 00:00:00,304.09999999999985
2018-12-05 00:00:00,303.6999999999999
2018-12-06 00:00:00,302.09999999999985
2018-12-07 00:00:00,301.29999999999984
2018-12-10 00:00:00,300.49999999999983
2018-12-11 00:00:00,301.29999999999984
2018-12-12 00:00:00,303.1999999999999
2018-12-13 00:00:00,299.49999999999983
2018-12-14 00:00:00,298.1999999999999
2018-12-17 00:00:00,299.8999999999999
2018-12-18 00:00:00,300.9999999999999
2018-12-19 00:00:00,298.3999999999999
2018-12-20 00:00:00,297.9999999999999
2018-12-21 00:00:00,295.9999999999999
2018-12-24 00:00:00,297.5999999999999
2018-12-26 00:00:00,294.0999999999999
2018-12-27 00:00:00,294.4999999999999
2018-12-28 00:00:00,299.0999999999999
2018-12-31 00:00:00,296.0999999999999
2019-01-02 00:00:00,301.0999999999999
2019-01-03 00:00:00,302.7999999999999
2019-01-04 00:00:00,305.0999999999999
2019-01-07 00:00:00,308.2999999999999
2019-01-08 00:00:00,307.8999999999999
2019-01-09 00:00:00,309.7999999999999
2019-01-10 00:00:00,303.3999999999999
2019-01-11 00:00:00,301.4999999999999
2019-01-14 00:00:00,298.4999999999999
2019-01-15 00:00:00,295.7999999999999
2019-01-16 00:00:00,296.4999999999999
2019-01-17 00:00:00,298.5999999999999
2019-01-18 00:00:00,301.3999999999999
2019-01-22 00:00:00,299.4999999999999
2019-01-23 00:00:00,299.3999999999999
2019-01-24 00:00:00,298.9999999999999
2019-01-25 00:00:00,300.6999999999999
2019-01-28 00:00:00,298.8999999999999
2019-01-29 00:00:00,298.5999999999999
2019-01-30 00:00:00,297.8999999999999
2019-01-31 00:00:00,296.7999999999999
2019-02-01 00:00:00,298.5999999999999
2019-02-04 00:00:00,297.3999999999999
2019-02-05 00:00:00,296.2999999999999
2019-02-06 00:00:00,295.7999999999999
2019-02-07 00:00:00,292.2999999999999
2019-02-08 00:00:00,292.8999999999999
2019-02-11 00:00:00,291.6999999999999
2019-02-12 00:00:00,295.9999999999999
2019-02-13 00:00:00,296.9999999999999
2019-02-14 00:00:00,292.3999999999999
2019-02-15 00:00:00,293.29999999999995
2019-02-19 00:00:00,292.0999999999999
2019-02-20 00:00:00,291.79999999999995
2019-02-21 00:00:00,292.49999999999994
2019-02-22 00:00:00,291.8999999999999
2019-02-25 00:00:00,291.8999999999999
2019-02-26 00:00:00,289.79999999999995
2019-02-27 00:00:00,291.79999999999995
2019-02-28 00:00:00,288.49999999999994
2019-03-01 00:00:00,289.8999999999999
2019-03-04 00:00:00,292.8999999999999
2019-03-05 00:00:00,292.3999999999999
2019-03-06 00:00:00,288.5999999999999
2019-03-07 00:00:00,288.79999999999995
2019-03-08 00:00:00,286.29999999999995
2019-03-11 00:00:00,283.99999999999994
2019-03-12 00:00:00,285.69999999999993
2019-03-13 00:00:00,287.3999999999999
2019-03-14 00:00:00,288.3999999999999
2019-03-15 00:00:00,293.19999999999993
2019-03-18 00:00:00,292.19999999999993
2019-03-19 00:00:00,292.99999999999994
2019-03-20 00:00:00,293.8999999999999
2019-03-21 00:00:00,297.5999999999999
2019-03-22 00:00:00,296.8999999999999
2019-03-25 00:00:00,297.0999999999999
2019-03-26 00:00:00,293.49999999999994
2019-03-27 00:00:00,286.99999999999994
2019-03-28 00:00:00,288.8999999999999
2019-03-29 00:00:00,288.69999999999993
2019-04-01 00:00:00,291.5999999999999
2019-04-02 00:00:00,292.8999999999999
2019-04-03 00:00:00,293.3999999999999
2019-04-04 00:00:00,294.0999999999999
2019-04-05 00:00:00,290.3999999999999
2019-04-08 00:00:00,291.5999999999999
2019-04-09 00:00:00,291.49999999999994
2019-04-10 00:00:00,292.49999999999994
2019-04-11 00:00:00,289.69999999999993
2019-04-12 00:00:00,290.29999999999995
2019-04-15 00:00:00,293.3999999999999
2019-04-16 00:00:00,288.79999999999995
2019-04-17 00:00:00,286.2
2019-04-18 00:00:00,285.4
2019-04-22 00:00:00,284.5
2019-04-23 00:00:00,283.0
2019-04-24 00:00:00,282.2
2019-04-25 00:00:00,287.9
2019-04-26 00:00:00,282.2
2019-04-29 00:00:00,279.4
2019-04-30 00:00:00,278.9
2019-05-01 00:00:00,279.0
2019-05-02 00:00:00,275.7
2019-05-03 00:00:00,276.79999999999995
2019-05-06 00:00:00,275.29999999999995
2019-05-07 00:00:00,272.2
2019-05-08 00:00:00,272.0
2019-05-09 00:00:00,268.4
2019-05-10 00:00:00,266.59999999999997
2019-05-13 00:00:00,266.29999999999995
2019-05-14 00:00:00,276.9
2019-05-15 00:00:00,278.59999999999997
2019-05-16 00:00:00,280.79999999999995
2019-05-17 00:00:00,273.4
2019-05-20 00:00:00,276.4
2019-05-21 00:00:00,274.3
2019-05-22 00:00:00,277.2
2019-05-23 00:00:00,276.2
2019-05-24 00:00:00,279.1
2019-05-28 00:00:00,291.0
2019-05-29 00:00:00,297.2
2019-05-30 00:00:00,305.7
2019-05-31 00:00:00,299.7
2019-06-03 00:00:00,299.3
2019-06-04 00:00:00,300.0
2019-06-05 00:00:00,296.5
2019-06-06 00:00:00,294.3
2019-06-07 00:00:00,290.8
2019-06-10 00:00:00,292.0
2019-06-11 00:00:00,292.8
2019-06-12 00:00:00,297.9
2019-06-13 00:00:00,300.1
2019-06-14 00:00:00,301.9
2019-06-17 00:00:00,303.1
2019-06-18 00:00:00,300.90000000000003
2019-06-19 00:00:00,295.2
2019-06-20 00:00:00,301.3
2019-06-21 00:00:00,294.40000000000003
2019-06-24 00:00:00,296.2
2019-06-25 00:00:00,294.0
2019-06-26 00:00:00,291.5
2019-06-27 00:00:00,290.3
2019-06-28 00:00:00,292.90000000000003
2019-07-01 00:00:00,284.8
2019-07-02 00:00:00,283.3
2019-07-03 00:00:00,285.6
2019-07-05 00:00:00,283.1
2019-07-08 00:00:00,282.90000000000003
2019-07-09 00:00:00,286.5
2019-07-10 00:00:00,288.0
2019-07-11 00:00:00,289.6
2019-07-12 00:00:00,292.0
2019-07-15 00:00:00,288.8
2019-07-16 00:00:00,285.6
2019-07-17 00:00:00,284.5
2019-07-18 00:00:00,283.7
2019-07-19 00:00:00,288.4
2019-07-22 00:00:00,285.29999999999995
2019-07-23 00:00:00,283.4
2019-07-24 00:00:00,283.7
2019-07-25 00:00:00,280.7
2019-07-26 00:00:00,280.59999999999997
2019-07-29 00:00:00,282.4
2019-07-30 00:00:00,278.59999999999997
2019-07-31 00:00:00,276.29999999999995
2019-08-01 00:00:00,270.59999999999997
2019-08-02 00:00:00,270.29999999999995
2019-08-05 00:00:00,273.2
2019-08-06 00:00:00,273.5
2019-08-07 00:00:00,270.9
2019-08-08 00:00:00,272.9
2019-08-09 00:00:00,274.59999999999997
2019-08-12 00:00:00,269.59999999999997
2019-08-13 00:00:00,275.5
2019-08-14 00:00:00,270.79999999999995
2019-08-15 00:00:00,267.79999999999995
2019-08-16 00:00:00,271.2
2019-08-19 00:00:00,268.09999999999997
2019-08-20 00:00:00,270.4
2019-08-21 00:00:00,271.2
2019-08-22 00:00:00,270.2
2019-08-23 00:00:00,266.29999999999995
2019-08-26 00:00:00,269.5
2019-08-27 00:00:00,267.9
2019-08-28 00:00:00,270.59999999999997
2019-08-29 00:00:00,268.9
2019-08-30 00:00:00,266.2
2019-09-03 00:00:00,265.0
2019-09-04 00:00:00,269.4
2019-09-05 00:00:00,265.4
2019-09-06 00:00:00,263.9
2019-09-09 00:00:00,264.9
2019-09-10 00:00:00,269.0
2019-09-11 00:00:00,265.59999999999997
2019-09-12 00:00:00,272.2
2019-09-13 00:00:00,272.4
2019-09-16 00:00:00,269.79999999999995
2019-09-17 00:00:00,268.49999999999994
2019-09-18 00:00:00,266.19999999999993
2019-09-19 00:00:00,266.69999999999993
2019-09-20 00:00:00,265.69999999999993
2019-09-23 00:00:00,269.29999999999995
2019-09-24 00:00:00,270.29999999999995
2019-09-25 00:00:00,268.49999999999994
2019-09-26 00:00:00,266.59999999999997
2019-09-27 00:00:00,266.09999999999997
2019-09-30 00:00:00,271.79999999999995
2019-10-01 00:00:00,279.79999999999995
2019-10-02 00:00:00,276.59999999999997
2019-10-03 00:00:00,273.79999999999995
2019-10-04 00:00:00,274.69999999999993
2019-10-07 00:00:00,273.3999999999999
2019-10-08 00:00:00,278.29999999999995
2019-10-09 00:00:00,280.99999999999994
2019-10-10 00:00:00,279.09999999999997
2019-10-11 00:00:00,282.19999999999993
2019-10-14 00:00:00,282.49999999999994
2019-10-15 00:00:00,279.3999999999999
2019-10-16 00:00:00,276.3999999999999
2019-10-17 00:00:00,278.3999999999999
2019-10-18 00:00:00,280.19999999999993
2019-10-21 00:00:00,279.3999999999999
2019-10-22 00:00:00,278.3999999999999
2019-10-23 00:00:00,279.69999999999993
2019-10-24 00:00:00,276.79999999999995
2019-10-25 00:00:00,274.3999999999999
2019-10-28 00:00:00,275.19999999999993
2019-10-29 00:00:00,274.29999999999995
2019-10-30 00:00:00,273.49999999999994
2019-10-31 00:00:00,275.49999999999994
2019-11-01 00:00:00,274.8999999999999
2019-11-04 00:00:00,273.3999999999999
2019-11-05 00:00:00,273.59999999999997
2019-11-06 00:00:00,269.8999999999999
2019-11-07 00:00:00,275.99999999999994
2019-11-08 00:00:00,274.79999999999995
2019-11-11 00:00:00,270.69999999999993
2019-11-12 00:00:00,272.59999999999997
2019-11-13 00:00:00,274.3999999999999
2019-11-14 00:00:00,273.3999999999999
2019-11-15 00:00:00,277.09999999999997
2019-11-18 00:00:00,271.99999999999994
2019-11-19 00:00:00,271.99999999999994
2019-11-20 00:00:00,269.69999999999993
2019-11-21 00:00:00,270.79999999999995
2019-11-22 00:00:00,268.79999999999995
2019-11-25 00:00:00,268.49999999999994
2019-11-26 00:00:00,265.59999999999997
2019-11-27 00:00:00,264.99999999999994
2019-11-29 00:00:00,262.09999999999997
2019-12-02 00:00:00,261.99999999999994
2019-12-03 00:00:00,262.8999999999999
2019-12-04 00:00:00,264.59999999999997
2019-12-05 00:00:00,269.59999999999997
2019-12-06 00:00:00,267.49999999999994
2019-12-09 00:00:00,267.19999999999993
2019-12-10 00:00:00,267.3999999999999
2019-12-11 00:00:00,264.29999999999995
2019-12-12 00:00:00,263.69999999999993
2019-12-13 00:00:00,266.29999999999995
2019-12-16 00:00:00,270.79999999999995
2019-12-17 00:00:00,271.2
2019-12-18 00:00:00,272.4
2019-12-19 00:00:00,268.09999999999997
2019-12-20 00:00:00,267.59999999999997
2019-12-23 00:00:00,271.0
2019-12-24 00:00:00,271.2
2019-12-26 00:00:00,269.29999999999995
2019-12-27 00:00:00,266.2
2019-12-30 00:00:00,268.0
2019-12-31 00:00:00,270.4
2020-01-02 00:00:00,271.2
2020-01-03 00:00:00,267.09999999999997
2020-01-06 00:00:00,268.79999999999995
2020-01-07 00:00:00,267.4
2020-01-08 00:00:00,268.09999999999997
2020-01-09 00:00:00,267.2
2020-01-10 00:00:00,269.59999999999997
2020-01-13 00:00:00,269.9
2020-01-14 00:00:00,268.5
2020-01-15 00:00:00,266.7
2020-01-16 00:00:00,267.09999999999997
2020-01-17 00:00:00,267.09999999999997
2020-01-21 00:00:00,265.7
2020-01-22 00:00:00,264.4
2020-01-23 00:00:00,265.09999999999997
2020-01-24 00:00:00,264.4
2020-01-27 00:00:00,264.2
2020-01-28 00:00:00,263.79999999999995
2020-01-29 00:00:00,262.4
2020-01-30 00:00:00,258.4
2020-01-31 00:00:00,258.2
2020-02-03 00:00:00,257.09999999999997
2020-02-04 00:00:00,255.89999999999998
2020-02-05 00:00:00,255.0
2020-02-06 00:00:00,255.89999999999998
2020-02-07 00:00:00,257.09999999999997
2020-02-10 00:00:00,259.0
2020-02-11 00:00:00,258.4
2020-02-12 00:00:00,259.29999999999995
2020-02-13 00:00:00,259.5
2020-02-14 00:00:00,258.5
2020-02-18 00:00:00,258.8
2020-02-19 00:00:00,259.6
2020-02-20 00:00:00,259.20000000000005
2020-02-21 00:00:00,256.20000000000005
2020-02-24 00:00:00,254.0
2020-02-25 00:00:00,255.40000000000003
2020-02-26 00:00:00,259.90000000000003
2020-02-27 00:00:00,264.0
2020-02-28 00:00:00,266.20000000000005
2020-03-02 00:00:00,269.40000000000003
2020-03-03 00:00:00,270.20000000000005
2020-03-04 00:00:00,268.90000000000003
2020-03-05 00:00:00,264.5
2020-03-06 00:00:00,265.5
2020-03-09 00:00:00,260.8
2020-03-10 00:00:00,262.1
2020-03-11 00:00:00,261.40000000000003
2020-03-12 00:00:00,260.3
2020-03-13 00:00:00,257.1
2020-03-16 00:00:00,253.60000000000002
2020-03-17 00:00:00,252.60000000000002
2020-03-18 00:00:00,256.70000000000005
2020-03-19 00:00:00,262.1
2020-03-20 00:00:00,270.5
2020-03-23 00:00:00,280.1
2020-03-24 00:00:00,280.70000000000005
2020-03-25 00:00:00,274.40000000000003
2020-03-26 00:00:00,276.40000000000003
2020-03-27 00:00:00,275.8
2020-03-30 00:00:00,277.0
2020-03-31 00:00:00,275.0
2020-04-01 00:00:00,268.3
2020-04-02 00:00:00,263.90000000000003
2020-04-03 00:00:00,259.40000000000003
2020-04-06 00:00:00,256.0
2020-04-07 00:00:00,253.90000000000003
2020-04-08 00:00:00,253.90000000000003
2020-04-09 00:00:00,253.90000000000003
2020-04-13 00:00:00,250.60000000000002
2020-04-14 00:00:00,249.20000000000005
2020-04-15 00:00:00,252.70000000000005
2020-04-16 00:00:00,252.20000000000005
2020-04-17 00:00:00,250.0
2020-04-20 00:00:00,248.10000000000002
2020-04-21 00:00:00,251.20000000000005
2020-04-22 00:00:00,249.10000000000002
2020-04-23 00:00:00,248.90000000000003
2020-04-24 00:00:00,248.8
2020-04-27 00:00:00,248.0
2020-04-28 00:00:00,245.5
2020-04-29 00:00:00,245.8
2020-04-30 00:00:00,251.3
2020-05-01 00:00:00,249.40000000000003
2020-05-04 00:00:00,245.70000000000005
2020-05-05 00:00:00,246.5
2020-05-06 00:00:00,245.5
2020-05-07 00:00:00,245.5
2020-05-08 00:00:00,247.8
2020-05-11 00:00:00,247.3
2020-05-12 00:00:00,248.90000000000003
2020-05-13 00:00:00,247.3
2020-05-14 00:00:00,245.3
2020-05-15 00:00:00,244.8
2020-05-18 00:00:00,242.8
2020-05-19 00:00:00,242.70000000000005
2020-05-20 00:00:00,243.40000000000003
2020-05-21 00:00:00,240.70000000000005
2020-05-22 00:00:00,242.40000000000003
2020-05-26 00:00:00,242.5
2020-05-27 00:00:00,241.3
2020-05-28 00:00:00,243.0
2020-05-29 00:00:00,241.3
2020-06-01 00:00:00,240.70000000000005
2020-06-02 00:00:00,242.0
2020-06-03 00:00:00,244.60000000000002
2020-06-04 00:00:00,248.20000000000005
2020-06-05 00:00:00,248.20000000000005
2020-06-08 00:00:00,247.70000000000005
2020-06-09 00:00:00,246.40000000000003
2020-06-10 00:00:00,248.0
2020-06-11 00:00:00,249.0
2020-06-12 00:00:00,247.90000000000003
2020-06-15 00:00:00,247.10000000000002
2020-06-16 00:00:00,246.10000000000002
2020-06-17 00:00:00,245.60000000000002
2020-06-18 00:00:00,245.90000000000003
2020-06-19 00:00:00,244.60000000000002
2020-06-22 00:00:00,244.00000000000006
2020-06-23 00:00:00,243.40000000000003
2020-06-24 00:00:00,244.00000000000006
2020-06-25 00:00:00,243.90000000000003
2020-06-26 00:00:00,241.60000000000002
2020-06-29 00:00:00,239.8
2020-06-30 00:00:00,246.3
2020-07-01 00:00:00,253.50000000000006
2020-07-02 00:00:00,253.60000000000002
2020-07-06 00:00:00,255.60000000000002
2020-07-07 00:00:00,252.90000000000003
2020-07-08 00:00:00,251.70000000000005
2020-07-09 00:00:00,255.20000000000005
2020-07-10 00:00:00,250.20000000000005
2020-07-13 00:00:00,242.10000000000002
2020-07-14 00:00:00,242.40000000000003
2020-07-15 00:00:00,243.40000000000003
2020-07-16 00:00:00,244.70000000000005
2020-07-17 00:00:00,244.00000000000006
2020-07-20 00:00:00,246.8
2020-07-21 00:00:00,243.20000000000005
2020-07-22 00:00:00,244.10000000000002
2020-07-23 00:00:00,247.8
2020-07-24 00:00:00,248.50000000000006
2020-07-27 00:00:00,251.40000000000003
2020-07-28 00:00:00,247.40000000000003
2020-07-29 00:00:00,245.70000000000005
2020-07-30 00:00:00,247.90000000000003
2020-07-31 00:00:00,247.20000000000005
2020-08-03 00:00:00,245.60000000000002
2020-08-04 00:00:00,241.3
2020-08-05 00:00:00,240.10000000000002
2020-08-06 00:00:00,238.3
2020-08-07 00:00:00,236.70000000000005
2020-08-10 00:00:00,239.50000000000006
2020-08-11 00:00:00,239.40000000000003
2020-08-12 00:00:00,239.70000000000005
2020-08-13 00:00:00,248.60000000000002
2020-08-14 00:00:00,248.40000000000003
2020-08-17 00:00:00,255.00000000000006
2020-08-18 00:00:00,252.90000000000003
2020-08-19 00:00:00,252.40000000000003
2020-08-20 00:00:00,250.50000000000006
2020-08-21 00:00:00,247.40000000000003
2020-08-24 00:00:00,246.90000000000003
2020-08-25 00:00:00,249.90000000000003
2020-08-26 00:00:00,249.20000000000005
2020-08-27 00:00:00,253.00000000000006
2020-08-28 00:00:00,259.6
2020-08-31 00:00:00,262.40000000000003
2020-09-01 00:00:00,260.70000000000005
2020-09-02 00:00:00,260.1
2020-09-03 00:00:00,262.70000000000005
2020-09-04 00:00:00,267.1
2020-09-08 00:00:00,264.50000000000006
2020-09-09 00:00:00,268.00000000000006
2020-09-10 00:00:00,267.40000000000003
2020-09-11 00:00:00,274.50000000000006
2020-09-14 00:00:00,271.90000000000003
2020-09-15 00:00:00,269.1
2020-09-16 00:00:00,275.6
2020-09-17 00:00:00,284.1
2020-09-18 00:00:00,290.6
2020-09-21 00:00:00,286.90000000000003
2020-09-22 00:00:00,288.1
2020-09-23 00:00:00,290.80000000000007
2020-09-24 00:00:00,283.6
2020-09-25 00:00:00,285.1
2020-09-28 00:00:00,280.80000000000007
2020-09-29 00:00:00,279.80000000000007
2020-09-30 00:00:00,290.30000000000007
2020-10-01 00:00:00,295.1
2020-10-02 00:00:00,298.70000000000005
2020-10-05 00:00:00,293.40000000000003
2020-10-06 00:00:00,300.80000000000007
2020-10-07 00:00:00,305.70000000000005
2020-10-08 00:00:00,305.00000000000006
2020-10-09 00:00:00,309.1
2020-10-12 00:00:00,301.00000000000006
2020-10-13 00:00:00,302.70000000000005
2020-10-14 00:00:00,308.20000000000005
2020-10-15 00:00:00,315.1
2020-10-16 00:00:00,310.30000000000007
2020-10-19 00:00:00,315.00000000000006
2020-10-20 00:00:00,315.00000000000006
2020-10-21 00:00:00,320.00000000000006
2020-10-22 00:00:00,320.90000000000003
2020-10-23 00:00:00,323.00000000000006
2020-10-26 00:00:00,325.1000000000001
2020-10-27 00:00:00,320.80000000000007
2020-10-28 00:00:00,314.00000000000006
2020-10-29 00:00:00,315.00000000000006
2020-10-30 00:00:00,316.20000000000005
2020-11-02 00:00:00,315.20000000000005
2020-11-03 00:00:00,318.00000000000006
2020-11-04 00:00:00,325.00000000000006
2020-11-05 00:00:00,328.20000000000005
2020-11-06 00:00:00,329.20000000000005
2020-11-09 00:00:00,332.80000000000007
2020-11-10 00:00:00,344.50000000000006
2020-11-11 00:00:00,343.20000000000005
2020-11-12 00:00:00,338.90000000000003
2020-11-13 00:00:00,340.20000000000005
2020-11-16 00:00:00,342.30000000000007
2020-11-17 00:00:00,347.40000000000003
2020-11-18 00:00:00,346.50000000000006
2020-11-19 00:00:00,345.1000000000001
2020-11-20 00:00:00,346.20000000000005
2020-11-23 00:00:00,348.80000000000007
2020-11-24 00:00:00,352.00000000000006
2020-11-25 00:00:00,350.80000000000007
2020-11-27 00:00:00,351.20000000000005
2020-11-30 00:00:00,345.20000000000005
2020-12-01 00:00:00,344.70000000000005
2020-12-02 00:00:00,340.20000000000005
2020-12-03 00:00:00,344.20000000000005
2020-12-04 00:00:00,339.90000000000003
2020-12-07 00:00:00,338.90000000000003
2020-12-08 00:00:00,334.80000000000007
2020-12-09 00:00:00,337.40000000000003
2020-12-10 00:00:00,335.40000000000003
2020-12-11 00:00:00,337.40000000000003
2020-12-14 00:00:00,338.00000000000006
2020-12-15 00:00:00,344.90000000000003
2020-12-16 00:00:00,348.2
2020-12-17 00:00:00,351.7
2020-12-18 00:00:00,358.8
2020-12-21 00:00:00,366.90000000000003
2020-12-22 00:00:00,368.90000000000003
2020-12-23 00:00:00,372.5
2020-12-24 00:00:00,368.1
2020-12-28 00:00:00,366.7
2020-12-29 00:00:00,378.3
2020-12-30 00:00:00,379.7
2020-12-31 00:00:00,380.7
2021-01-04 00:00:00,378.7
2021-01-05 00:00:00,385.8
2021-01-06 00:00:00,391.6
2021-01-07 00:00:00,387.8
2021-01-08 00:00:00,393.1
2021-01-11 00:00:00,399.3
2021-01-12 00:00:00,415.7
2021-01-13 00:00:00,410.90000000000003
2021-01-14 00:00:00,417.2
2021-01-15 00:00:00,415.8
2021-01-19 00:00:00,404.3
2021-01-20 00:00:00,395.7
2021-01-21 00:00:00,392.6
2021-01-22 00:00:00,375.2
2021-01-25 00:00:00,383.7
2021-01-26 00:00:00,391.1
2021-01-27 00:00:00,391.0
2021-01-28 00:00:00,382.3
2021-01-29 00:00:00,386.40000000000003
2021-02-01 00:00:00,385.3
2021-02-02 00:00:00,382.8
2021-02-03 00:00:00,390.1
2021-02-04 00:00:00,388.3
2021-02-05 00:00:00,386.8
2021-02-08 00:00:00,392.90000000000003
2021-02-09 00:00:00,394.90000000000003
2021-02-10 00:00:00,379.1
2021-02-11 00:00:00,385.7
2021-02-12 00:00:00,384.3
2021-02-16 00:00:00,386.6
2021-02-17 00:00:00,389.0
2021-02-18 00:00:00,383.0
2021-02-19 00:00:00,381.40000000000003
2021-02-22 00:00:00,381.90000000000003
2021-02-23 00:00:00,383.8
2021-02-24 00:00:00,384.90000000000003
2021-02-25 00:00:00,381.5
2021-02-26 00:00:00,379.8
2021-03-01 00:00:00,377.20000000000005
2021-03-02 00:00:00,381.1
2021-03-03 00:00:00,378.40000000000003
2021-03-04 00:00:00,376.0
2021-03-05 00:00:00,377.3
2021-03-08 00:00:00,375.70000000000005
2021-03-09 00:00:00,376.0
2021-03-10 00:00:00,366.5
2021-03-11 00:00:00,365.1
2021-03-12 00:00:00,361.6
2021-03-15 00:00:00,367.6
2021-03-16 00:00:00,367.0
2021-03-17 00:00:00,365.3
2021-03-18 00:00:00,359.40000000000003
2021-03-19 00:00:00,368.70000000000005
2021-03-22 00:00:00,358.3
2021-03-23 00:00:00,360.6
2021-03-24 00:00:00,363.1
2021-03-25 00:00:00,366.5
2021-03-26 00:00:00,366.8
2021-03-29 00:00:00,361.40000000000003
2021-03-30 00:00:00,361.20000000000005
2021-03-31 00:00:00,385.90000000000003
2021-04-01 00:00:00,372.8
2021-04-05 00:00:00,369.20000000000005
2021-04-06 00:00:00,369.6
2021-04-07 00:00:00,372.5
2021-04-08 00:00:00,371.5
2021-04-09 00:00:00,366.6
2021-04-12 00:00:00,367.20000000000005
2021-04-13 00:00:00,361.1
2021-04-14 00:00:00,364.1
2021-04-15 00:00:00,367.6
2021-04-16 00:00:00,367.5
2021-04-19 00:00:00,372.9
2021-04-20 00:00:00,376.79999999999995
2021-04-21 00:00:00,377.9
2021-04-22 00:00:00,386.59999999999997
2021-04-23 00:00:00,387.5
2021-04-26 00:00:00,392.5
2021-04-27 00:00:00,386.9
2021-04-28 00:00:00,381.0
2021-04-29 00:00:00,381.79999999999995
2021-04-30 00:00:00,384.59999999999997
2021-05-03 00:00:00,375.7
2021-05-04 00:00:00,381.29999999999995
2021-05-05 00:00:00,384.0
2021-05-06 00:00:00,386.5
2021-05-07 00:00:00,400.7
2021-05-10 00:00:00,400.5
2021-05-11 00:00:00,405.59999999999997
2021-05-12 00:00:00,406.9
2021-05-13 00:00:00,381.59999999999997
2021-05-14 00:00:00,378.9
2021-05-17 00:00:00,375.7
2021-05-18 00:00:00,375.09999999999997
2021-05-19 00:00:00,367.79999999999995
2021-05-20 00:00:00,367.49999999999994
2021-05-21 00:00:00,366.2
2021-05-24 00:00:00,367.59999999999997
2021-05-25 00:00:00,355.59999999999997
2021-05-26 00:00:00,354.7
2021-05-27 00:00:00,361.79999999999995
2021-05-28 00:00:00,365.49999999999994
2021-06-01 00:00:00,368.79999999999995
2021-06-02 00:00:00,364.99999999999994
2021-06-03 00:00:00,362.9
2021-06-04 00:00:00,366.9
2021-06-07 00:00:00,360.79999999999995
2021-06-08 00:00:00,363.59999999999997
2021-06-09 00:00:00,360.99999999999994
2021-06-10 00:00:00,356.99999999999994
2021-06-11 00:00:00,358.9
2021-06-14 00:00:00,349.49999999999994
2021-06-15 00:00:00,345.79999999999995
2021-06-16 00:00:00,350.7
2021-06-17 00:00:00,334.79999999999995
2021-06-18 00:00:00,344.49999999999994
2021-06-21 00:00:00,340.59999999999997
2021-06-22 00:00:00,332.29999999999995
2021-06-23 00:00:00,324.79999999999995
2021-06-24 00:00:00,315.8999999999999
2021-06-25 00:00:00,319.79999999999995
2021-06-28 00:00:00,324.49999999999994
2021-06-29 00:00:00,319.99999999999994
2021-06-30 00:00:00,347.79999999999995
2021-07-01 00:00:00,354.19999999999993
2021-07-02 00:00:00,353.59999999999997
2021-07-06 00:00:00,328.09999999999997
2021-07-07 00:00:00,330.29999999999995
2021-07-08 00:00:00,328.09999999999997
2021-07-09 00:00:00,324.59999999999997
2021-07-12 00:00:00,327.8999999999999
2021-07-13 00:00:00,325.69999999999993
2021-07-14 00:00:00,336.79999999999995
2021-07-15 00:00:00,329.99999999999994
2021-07-16 00:00:00,331.79999999999995
2021-07-19 00:00:00,329.99999999999994
2021-07-20 00:00:00,335.29999999999995
2021-07-21 00:00:00,339.59999999999997
2021-07-22 00:00:00,331.59999999999997
2021-07-23 00:00:00,321.79999999999995
2021-07-26 00:00:00,320.7
2021-07-27 00:00:00,326.79999999999995
2021-07-28 00:00:00,323.7
2021-07-29 00:00:00,324.99999999999994
2021-07-30 00:00:00,319.49999999999994
2021-08-02 00:00:00,325.2
2021-08-03 00:00:00,315.29999999999995
2021-08-04 00:00:00,319.59999999999997
2021-08-05 00:00:00,322.9
2021-08-06 00:00:00,323.29999999999995
2021-08-09 00:00:00,325.09999999999997
2021-08-10 00:00:00,325.09999999999997
2021-08-11 00:00:00,322.09999999999997
2021-08-12 00:00:00,324.09999999999997
2021-08-13 00:00:00,325.99999999999994
2021-08-16 00:00:00,328.09999999999997
2021-08-17 00:00:00,328.49999999999994
2021-08-18 00:00:00,325.9
2021-08-19 00:00:00,319.2
2021-08-20 00:00:00,320.49999999999994
2021-08-23 00:00:00,313.29999999999995
2021-08-24 00:00:00,321.29999999999995
2021-08-25 00:00:00,318.4
2021-08-26 00:00:00,321.49999999999994
2021-08-27 00:00:00,317.99999999999994
2021-08-30 00:00:00,312.79999999999995
2021-08-31 00:00:00,311.2
2021-09-01 00:00:00,309.09999999999997
2021-09-02 00:00:00,305.59999999999997
2021-09-03 00:00:00,306.59999999999997
2021-09-07 00:00:00,303.4
2021-09-08 00:00:00,303.4
2021-09-09 00:00:00,303.49999999999994
2021-09-10 00:00:00,308.09999999999997
2021-09-13 00:00:00,310.79999999999995
2021-09-14 00:00:00,307.4
2021-09-15 00:00:00,305.2
2021-09-16 00:00:00,309.7
2021-09-17 00:00:00,307.7
2021-09-20 00:00:00,305.7
2021-09-21 00:00:00,307.7
2021-09-22 00:00:00,307.8
2021-09-23 00:00:00,306.1
2021-09-24 00:00:00,304.6
2021-09-27 00:00:00,305.6
2021-09-28 00:00:00,305.1
2021-09-29 00:00:00,306.90000000000003
2021-09-30 00:00:00,294.3
2021-10-01 00:00:00,292.40000000000003
2021-10-04 00:00:00,288.90000000000003
2021-10-05 00:00:00,286.5
2021-10-06 00:00:00,287.90000000000003
2021-10-07 00:00:00,284.7
2021-10-08 00:00:00,284.3
2021-10-11 00:00:00,282.6
2021-10-12 00:00:00,278.3
2021-10-13 00:00:00,277.1
2021-10-14 00:00:00,278.7
2021-10-15 00:00:00,280.7
2021-10-18 00:00:00,281.40000000000003
2021-10-19 00:00:00,285.1
2021-10-20 00:00:00,289.1
2021-10-21 00:00:00,285.40000000000003
2021-10-22 00:00:00,287.2
2021-10-25 00:00:00,288.0
2021-10-26 00:00:00,288.3
2021-10-27 00:00:00,291.7
2021-10-28 00:00:00,292.40000000000003
2021-10-29 00:00:00,293.2
2021-11-01 00:00:00,290.6
2021-11-02 00:00:00,297.0
2021-11-03 00:00:00,298.5
2021-11-04 00:00:00,294.6
2021-11-05 00:00:00,290.90000000000003
2021-11-08 00:00:00,288.8
2021-11-09 00:00:00,298.1
2021-11-10 00:00:00,299.3
2021-11-11 00:00:00,300.8
2021-11-12 00:00:00,315.0
2021-11-15 00:00:00,325.40000000000003
2021-11-16 00:00:00,320.6
2021-11-17 00:00:00,326.7
2021-11-18 00:00:00,321.6
2021-11-19 00:00:00,323.40000000000003
2021-11-22 00:00:00,323.1
2021-11-23 00:00:00,315.90000000000003
2021-11-24 00:00:00,310.3
2021-11-26 00:00:00,308.40000000000003
2021-11-29 00:00:00,303.2
2021-11-30 00:00:00,302.90000000000003
2021-12-01 00:00:00,308.5
2021-12-02 00:00:00,308.7
2021-12-03 00:00:00,317.6
2021-12-06 00:00:00,312.7
2021-12-07 00:00:00,311.1
2021-12-08 00:00:00,318.5
2021-12-09 00:00:00,321.0
2021-12-10 00:00:00,327.7
2021-12-13 00:00:00,322.3
2021-12-14 00:00:00,335.6
2021-12-15 00:00:00,330.8
2021-12-16 00:00:00,329.6
2021-12-17 00:00:00,337.40000000000003
2021-12-20 00:00:00,343.8
2021-12-21 00:00:00,350.3
2021-12-22 00:00:00,358.0
2021-12-23 00:00:00,359.6
2021-12-27 00:00:00,366.1
2021-12-28 00:00:00,366.6
2021-12-29 00:00:00,366.3
2021-12-30 00:00:00,361.6
2021-12-31 00:00:00,358.70000000000005
2022-01-03 00:00:00,369.3
2022-01-04 00:00:00,373.5
2022-01-05 00:00:00,372.3
2022-01-06 00:00:00,370.20000000000005
2022-01-07 00:00:00,382.5
2022-01-10 00:00:00,374.8
2022-01-11 00:00:00,372.1
2022-01-12 00:00:00,375.8
2022-01-13 00:00:00,368.6
2022-01-14 00:00:00,364.40000000000003
2022-01-18 00:00:00,350.3
2022-01-19 00:00:00,357.5
2022-01-20 00:00:00,360.6
2022-01-21 00:00:00,353.70000000000005
2022-01-24 00:00:00,354.3
2022-01-25 00:00:00,352.90000000000003
2022-01-26 00:00:00,361.3
2022-01-27 00:00:00,364.90000000000003
2022-01-28 00:00:00,371.6
2022-01-31 00:00:00,378.6
2022-02-01 00:00:00,395.1
2022-02-02 00:00:00,395.1
2022-02-03 00:00:00,396.70000000000005
2022-02-04 00:00:00,403.40000000000003
2022-02-07 00:00:00,413.5
2022-02-08 00:00:00,415.3
2022-02-09 00:00:00,422.3
2022-02-10 00:00:00,413.40000000000003
2022-02-11 00:00:00,415.6
2022-02-14 00:00:00,408.40000000000003
2022-02-15 00:00:00,399.30000000000007
2022-02-16 00:00:00,409.1
2022-02-17 00:00:00,409.80000000000007
2022-02-18 00:00:00,407.80000000000007
2022-02-22 00:00:00,412.30000000000007
2022-02-23 00:00:00,426.20000000000005
2022-02-24 00:00:00,414.20000000000005
2022-02-25 00:00:00,401.40000000000003
2022-02-28 00:00:00,405.20000000000005
2022-03-01 00:00:00,412.80000000000007
2022-03-02 00:00:00,405.20000000000005
2022-03-03 00:00:00,409.20000000000005
2022-03-04 00:00:00,417.00000000000006
2022-03-07 00:00:00,414.1
2022-03-08 00:00:00,423.30000000000007
2022-03-09 00:00:00,425.00000000000006
2022-03-10 00:00:00,431.90000000000003
2022-03-11 00:00:00,427.30000000000007
2022-03-14 00:00:00,433.80000000000007
2022-03-15 00:00:00,432.80000000000007
2022-03-16 00:00:00,428.40000000000003
2022-03-17 00:00:00,427.20000000000005
2022-03-18 00:00:00,430.70000000000005
2022-03-21 00:00:00,435.90000000000003
2022-03-22 00:00:00,433.20000000000005
2022-03-23 00:00:00,440.30000000000007
2022-03-24 00:00:00,439.90000000000003
2022-03-25 00:00:00,443.1
2022-03-28 00:00:00,435.50000000000006
2022-03-29 00:00:00,423.90000000000003
2022-03-30 00:00:00,429.6
2022-03-31 00:00:00,422.1
2022-04-01 00:00:00,405.50000000000006
2022-04-04 00:00:00,410.50000000000006
2022-04-05 00:00:00,420.90000000000003
2022-04-06 00:00:00,417.20000000000005
2022-04-07 00:00:00,417.1
2022-04-08 00:00:00,425.30000000000007
2022-04-11 00:00:00,416.90000000000003
2022-04-12 00:00:00,420.40000000000003
2022-04-13 00:00:00,417.00000000000006
2022-04-14 00:00:00,418.40000000000003
2022-04-18 00:00:00,423.00000000000006
2022-04-19 00:00:00,423.80000000000007
2022-04-20 00:00:00,429.6
2022-04-21 00:00:00,427.40000000000003
2022-04-22 00:00:00,415.1
2022-04-25 00:00:00,410.30000000000007
2022-04-26 00:00:00,402.00000000000006
2022-04-27 00:00:00,405.70000000000005
2022-04-28 00:00:00,396.30000000000007
2022-04-29 00:00:00,398.50000000000006
2022-05-02 00:00:00,397.40000000000003
2022-05-03 00:00:00,390.80000000000007
2022-05-04 00:00:00,385.40000000000003
2022-05-05 00:00:00,386.1
2022-05-06 00:00:00,380.90000000000003
2022-05-09 00:00:00,371.20000000000005
2022-05-10 00:00:00,369.6
2022-05-11 00:00:00,366.80000000000007
2022-05-12 00:00:00,366.40000000000003
2022-05-13 00:00:00,377.70000000000005
2022-05-16 00:00:00,382.80000000000007
2022-05-17 00:00:00,382.20000000000005
2022-05-18 00:00:00,382.4000000000001
2022-05-19 00:00:00,392.80000000000007
2022-05-19 14:30:00,391.30000000000007
2022-05-19 15:00:00,391.50000000000006
2022-05-19 16:00:00,393.20000000000005
2022-05-19 17:00:00,394.4000000000001
2022-05-19 18:00:00,394.30000000000007
2022-05-19 19:00:00,392.9000000000001
2022-05-20 14:30:00,393.4000000000001
2022-05-20 15:00:00,395.20000000000005
2022-05-20 16:00:00,393.70000000000005
2022-05-20 17:00:00,395.1000000000001
2022-05-20 18:00:00,395.30000000000007
2022-05-20 19:00:00,394.70000000000005
2022-05-23 14:30:00,389.1000000000001
2022-05-23 15:00:00,390.80000000000007
2022-05-23 16:00:00,389.70000000000005
2022-05-23 17:00:00,392.20000000000005
2022-05-23 18:00:00,390.1000000000001
2022-05-23 19:00:00,389.70000000000005
2022-05-24 14:30:00,388.80000000000007
2022-05-24 15:00:00,389.70000000000005
2022-05-24 16:00:00,390.20000000000005
2022-05-24 17:00:00,390.30000000000007
2022-05-24 18:00:00,392.6000000000001
2022-05-24 19:00:00,392.1000000000001
2022-05-25 14:30:00,386.50000000000006
2022-05-25 15:00:00,387.9000000000001
2022-05-25 16:00:00,388.50000000000006
2022-05-25 17:00:00,387.80000000000007
2022-05-25 18:00:00,389.50000000000006
2022-05-25 19:00:00,390.4000000000001
2022-05-26 14:30:00,393.30000000000007
2022-05-26 15:00:00,394.00000000000006
2022-05-26 16:00:00,397.00000000000006
2022-05-26 17:00:00,396.80000000000007
2022-05-26 18:00:00,394.6000000000001
2022-05-26 19:00:00,395.1000000000001
2022-05-27 14:30:00,395.20000000000005
2022-05-27 15:00:00,395.30000000000007
2022-05-27 16:00:00,398.80000000000007
2022-05-27 17:00:00,398.80000000000007
2022-05-27 18:00:00,398.4000000000001
2022-05-27 19:00:00,399.00000000000006
2022-05-27 23:00:00,398.80000000000007
2022-05-31 14:30:00,398.00000000000006
2022-05-31 15:00:00,389.70000000000005
2022-05-31 16:00:00,386.20000000000005
2022-05-31 17:00:00,384.9000000000001
2022-05-31 18:00:00,382.50000000000006
2022-05-31 19:00:00,385.20000000000005
2022-06-01 14:30:00,387.00000000000006
2022-06-01 15:00:00,382.20000000000005
2022-06-01 16:00:00,381.1000000000001
2022-06-01 17:00:00,380.4000000000001
2022-06-01 18:00:00,381.30000000000007
2022-06-01 19:00:00,380.00000000000006
2022-06-02 14:30:00,381.80000000000007
2022-06-02 15:00:00,381.6000000000001
2022-06-02 16:00:00,381.70000000000005
2022-06-02 17:00:00,383.4000000000001
2022-06-02 18:00:00,380.50000000000006
2022-06-02 19:00:00,380.00000000000006
2022-06-03 14:30:00,380.6000000000001
2022-06-03 15:00:00,377.50000000000006
2022-06-03 16:00:00,373.9000000000001
2022-06-03 17:00:00,373.30000000000007
2022-06-03 18:00:00,373.9000000000001
2022-06-03 19:00:00,372.70000000000005
2022-06-06 14:30:00,373.1000000000001
2022-06-06 15:00:00,373.20000000000005
2022-06-06 16:00:00,373.20000000000005
2022-06-06 17:00:00,372.70000000000005
2022-06-06 18:00:00,373.70000000000005
2022-06-06 19:00:00,374.00000000000006
2022-06-07 14:30:00,375.1000000000001
2022-06-07 15:00:00,375.6000000000001
2022-06-07 16:00:00,379.30000000000007
2022-06-07 17:00:00,380.6000000000001
2022-06-07 18:00:00,380.20000000000005
2022-06-07 19:00:00,380.20000000000005
2022-06-08 14:30:00,384.50000000000006
2022-06-08 15:00:00,383.30000000000007
2022-06-08 16:00:00,380.50000000000006
2022-06-08 17:00:00,379.30000000000007
2022-06-08 18:00:00,378.4000000000001
2022-06-08 19:00:00,378.4000000000001
2022-06-08 23:00:00,378.9000000000001
2022-06-09 14:30:00,382.20000000000005
2022-06-09 15:00:00,385.6000000000001
2022-06-09 16:00:00,385.20000000000005
2022-06-09 17:00:00,385.00000000000006
2022-06-09 18:00:00,385.30000000000007
2022-06-09 19:00:00,386.1000000000001
2022-06-10 14:30:00,385.30000000000007
2022-06-10 15:00:00,386.1000000000001
2022-06-10 16:00:00,386.1000000000001
2022-06-10 17:00:00,387.1000000000001
2022-06-10 18:00:00,387.00000000000006
2022-06-10 19:00:00,387.80000000000007
2022-06-10 23:00:00,386.9000000000001
2022-06-13 14:30:00,378.80000000000007
2022-06-13 15:00:00,376.9000000000001
2022-06-13 16:00:00,376.80000000000007
2022-06-13 17:00:00,376.30000000000007
2022-06-13 18:00:00,375.6000000000001
2022-06-13 19:00:00,376.30000000000007
2022-06-14 14:30:00,377.50000000000006
2022-06-14 15:00:00,374.30000000000007
2022-06-14 16:00:00,372.20000000000005
2022-06-14 17:00:00,372.1000000000001
2022-06-14 18:00:00,371.30000000000007
2022-06-14 19:00:00,371.00000000000006
2022-06-15 14:30:00,373.50000000000006
2022-06-15 15:00:00,375.9000000000001
2022-06-15 16:00:00,373.50000000000006
2022-06-15 17:00:00,373.6000000000001
2022-06-15 18:00:00,374.1000000000001
2022-06-15 19:00:00,373.50000000000006
2022-06-16 14:30:00,379.20000000000005
2022-06-16 15:00:00,378.9000000000001
2022-06-16 16:00:00,379.4000000000001
2022-06-16 17:00:00,383.00000000000006
2022-06-16 18:00:00,384.6000000000001
2022-06-16 19:00:00,382.50000000000006
2022-06-16 19:00:01,382.50000000000006
2022-06-17 14:30:00,388.7000000000001
2022-06-17 15:00:00,390.2000000000001
2022-06-17 16:00:00,391.6000000000001
2022-06-17 17:00:00,391.6000000000001
2022-06-17 18:00:00,389.6000000000001
2022-06-17 19:00:00,389.80000000000007
2022-06-17 23:00:00,389.30000000000007
2022-06-21 14:30:00,386.80000000000007
2022-06-21 15:00:00,388.50000000000006
2022-06-21 16:00:00,387.00000000000006
2022-06-21 17:00:00,382.6000000000001
2022-06-21 18:00:00,383.4000000000001
2022-06-21 19:00:00,385.7000000000001
2022-06-22 14:30:00,384.2000000000001
2022-06-22 15:00:00,383.4000000000001
2022-06-22 16:00:00,382.7000000000001
2022-06-22 17:00:00,380.2000000000001
2022-06-22 18:00:00,382.2000000000001
2022-06-22 19:00:00,381.50000000000006
2022-06-23 14:30:00,371.2000000000001
2022-06-23 15:00:00,366.4000000000001
2022-06-23 16:00:00,368.50000000000006
2022-06-23 17:00:00,370.80000000000007
2022-06-23 18:00:00,369.6000000000001
2022-06-23 19:00:00,369.80000000000007
2022-06-24 14:30:00,369.9000000000001
2022-06-24 15:00:00,373.4000000000001
2022-06-24 16:00:00,375.1000000000001
2022-06-24 17:00:00,374.80000000000007
2022-06-24 18:00:00,373.2000000000001
2022-06-24 19:00:00,374.2000000000001
2022-06-27 14:30:00,371.7000000000001
2022-06-27 15:00:00,377.00000000000006
2022-06-27 16:00:00,375.6000000000001
2022-06-27 17:00:00,378.7000000000001
2022-06-27 18:00:00,375.50000000000006
2022-06-27 19:00:00,375.6000000000001
2022-06-28 14:30:00,382.6000000000001
2022-06-28 15:00:00,384.9000000000001
2022-06-28 16:00:00,382.1000000000001
2022-06-28 17:00:00,382.6000000000001
2022-06-28 18:00:00,383.2000000000001
2022-06-28 19:00:00,383.1000000000001
2022-06-29 14:30:00,384.2000000000001
2022-06-29 15:00:00,383.80000000000007
2022-06-29 16:00:00,386.1000000000001
2022-06-29 17:00:00,386.50000000000006
2022-06-29 18:00:00,388.50000000000006
2022-06-29 19:00:00,389.4000000000001
2022-06-30 14:30:00,385.6000000000001
2022-06-30 15:00:00,385.9000000000001
2022-06-30 16:00:00,389.1000000000001
2022-06-30 17:00:00,396.6000000000001
2022-06-30 18:00:00,394.7000000000001
2022-06-30 19:00:00,389.6000000000001
2022-07-01 14:30:00,378.2000000000001
2022-07-01 15:00:00,374.7000000000001
2022-07-01 16:00:00,373.00000000000006
2022-07-01 17:00:00,372.6000000000001
2022-07-01 18:00:00,373.30000000000007
2022-07-01 19:00:00,373.50000000000006
2022-07-01 23:00:00,372.80000000000007
2022-07-05 14:30:00,365.50000000000006
2022-07-05 15:00:00,367.2000000000001
2022-07-05 16:00:00,363.00000000000006
2022-07-05 17:00:00,359.2000000000001
2022-07-05 18:00:00,361.6000000000001
2022-07-05 19:00:00,362.6000000000001
2022-07-06 14:30:00,363.7000000000001
2022-07-06 15:00:00,360.6000000000001
2022-07-06 16:00:00,362.30000000000007
2022-07-06 17:00:00,363.1000000000001
2022-07-06 18:00:00,364.30000000000007
2022-07-06 19:00:00,363.30000000000007
2022-07-07 14:30:00,374.2000000000001
2022-07-07 15:00:00,373.80000000000007
2022-07-07 16:00:00,372.9000000000001
2022-07-07 17:00:00,373.80000000000007
2022-07-07 18:00:00,375.9000000000001
2022-07-07 19:00:00,374.9000000000001
2022-07-08 14:30:00,379.30000000000007
2022-07-08 15:00:00,380.80000000000007
2022-07-08 16:00:00,384.30000000000007
2022-07-08 17:00:00,384.9000000000001
2022-07-08 18:00:00,386.50000000000006
2022-07-08 19:00:00,387.2000000000001
2022-07-11 14:30:00,388.30000000000007
2022-07-11 15:00:00,388.50000000000006
2022-07-11 16:00:00,391.2000000000001
2022-07-11 17:00:00,387.4000000000001
2022-07-11 18:00:00,385.9000000000001
2022-07-11 19:00:00,383.7000000000001
2022-07-12 14:30:00,380.50000000000006
2022-07-12 15:00:00,380.00000000000006
2022-07-12 16:00:00,379.6000000000001
2022-07-12 17:00:00,373.4000000000001
2022-07-12 18:00:00,373.6000000000001
2022-07-12 19:00:00,373.2000000000001
2022-07-13 14:30:00,377.9000000000001
2022-07-13 15:00:00,384.2000000000001
2022-07-13 16:00:00,384.30000000000007
2022-07-13 17:00:00,386.1000000000001
2022-07-13 18:00:00,386.2000000000001
2022-07-13 19:00:00,385.50000000000006
2022-07-14 14:30:00,383.80000000000007
2022-07-14 15:00:00,384.50000000000006
2022-07-14 16:00:00,390.2000000000001
2022-07-14 17:00:00,389.1000000000001
2022-07-14 18:00:00,385.4000000000001
2022-07-14 19:00:00,385.80000000000007
2022-07-14 19:00:01,385.80000000000007
2022-07-15 14:30:00,380.00000000000006
2022-07-15 15:00:00,377.30000000000007
2022-07-15 16:00:00,375.00000000000006
2022-07-15 17:00:00,372.90000000000003
2022-07-15 18:00:00,374.50000000000006
2022-07-15 19:00:00,375.30000000000007
2022-07-15 23:00:00,374.80000000000007
2022-07-18 14:30:00,381.20000000000005
2022-07-18 15:00:00,380.1
2022-07-18 16:00:00,381.80000000000007
2022-07-18 17:00:00,378.50000000000006
2022-07-18 18:00:00,378.50000000000006
2022-07-18 19:00:00,379.20000000000005
2022-07-19 14:30:00,372.20000000000005
2022-07-19 15:00:00,373.80000000000007
2022-07-19 16:00:00,376.50000000000006
2022-07-19 17:00:00,377.00000000000006
2022-07-19 18:00:00,374.50000000000006
2022-07-19 19:00:00,376.00000000000006
2022-07-20 14:30:00,369.6
2022-07-20 15:00:00,373.50000000000006
2022-07-20 16:00:00,374.30000000000007
2022-07-20 17:00:00,372.90000000000003
2022-07-20 18:00:00,373.80000000000007
2022-07-20 19:00:00,374.90000000000003
2022-07-21 14:30:00,371.20000000000005
2022-07-21 15:00:00,370.20000000000005
2022-07-21 16:00:00,371.6
2022-07-21 17:00:00,369.30000000000007
2022-07-21 18:00:00,368.20000000000005
2022-07-21 19:00:00,368.50000000000006
2022-07-22 14:30:00,366.6
2022-07-22 15:00:00,369.70000000000005
2022-07-22 16:00:00,367.30000000000007
2022-07-22 17:00:00,366.6
2022-07-22 18:00:00,366.00000000000006
2022-07-22 19:00:00,365.1
2022-07-25 14:30:00,371.00000000000006
2022-07-25 15:00:00,372.30000000000007
2022-07-25 16:00:00,379.6
2022-07-25 17:00:00,381.80000000000007
2022-07-25 18:00:00,382.90000000000003
2022-07-25 19:00:00,382.20000000000005
2022-07-26 14:30:00,389.20000000000005
2022-07-26 15:00:00,389.40000000000003
2022-07-26 16:00:00,391.30000000000007
2022-07-26 17:00:00,399.00000000000006
2022-07-26 18:00:00,400.80000000000007
2022-07-26 19:00:00,400.00000000000006
2022-07-27 14:30:00,410.70000000000005
2022-07-27 15:00:00,408.90000000000003
2022-07-27 16:00:00,407.80000000000007
2022-07-27 17:00:00,408.70000000000005
2022-07-27 18:00:00,408.6
2022-07-27 19:00:00,409.1
2022-07-28 14:30:00,406.00000000000006
2022-07-28 15:00:00,401.80000000000007
2022-07-28 16:00:00,401.90000000000003
2022-07-28 17:00:00,402.00000000000006
2022-07-28 18:00:00,402.90000000000003
2022-07-28 19:00:00,401.90000000000003
2022-07-29 14:30:00,412.50000000000006
2022-07-29 15:00:00,410.70000000000005
2022-07-29 16:00:00,410.00000000000006
2022-07-29 17:00:00,405.90000000000003
2022-07-29 18:00:00,400.50000000000006
2022-07-29 19:00:00,402.6
2022-08-01 14:30:00,382.20000000000005
2022-08-01 15:00:00,384.30000000000007
2022-08-01 16:00:00,381.1
2022-08-01 17:00:00,382.1
2022-08-01 18:00:00,381.50000000000006
2022-08-01 19:00:00,384.30000000000007
2022-08-02 14:30:00,388.50000000000006
2022-08-02 15:00:00,387.20000000000005
2022-08-02 16:00:00,387.70000000000005
2022-08-02 17:00:00,389.00000000000006
2022-08-02 18:00:00,387.50000000000006
2022-08-02 19:00:00,385.6
2022-08-02 23:00:00,386.30000000000007
2022-08-03 14:30:00,383.00000000000006
2022-08-03 15:00:00,380.40000000000003
2022-08-03 16:00:00,383.20000000000005
2022-08-03 17:00:00,380.00000000000006
2022-08-03 18:00:00,381.30000000000007
2022-08-03 19:00:00,381.40000000000003
2022-08-04 14:30:00,394.20000000000005
2022-08-04 15:00:00,397.70000000000005
2022-08-04 16:00:00,400.80000000000007
2022-08-04 17:00:00,403.1
2022-08-04 18:00:00,404.50000000000006
2022-08-04 19:00:00,403.70000000000005
2022-08-05 14:30:00,394.00000000000006
2022-08-05 15:00:00,392.40000000000003
2022-08-05 16:00:00,387.30000000000007
2022-08-05 17:00:00,389.70000000000005
2022-08-05 18:00:00,389.30000000000007
2022-08-05 19:00:00,388.6
2022-08-08 14:30:00,385.00000000000006
2022-08-08 15:00:00,385.6
2022-08-08 16:00:00,384.00000000000006
2022-08-08 17:00:00,382.70000000000005
2022-08-08 18:00:00,383.00000000000006
2022-08-08 19:00:00,384.00000000000006
2022-08-09 14:30:00,391.90000000000003
2022-08-09 15:00:00,391.50000000000006
2022-08-09 16:00:00,395.70000000000005
2022-08-09 17:00:00,397.6
2022-08-09 18:00:00,394.80000000000007
2022-08-09 19:00:00,394.1
2022-08-10 14:30:00,404.6
2022-08-10 15:00:00,406.40000000000003
2022-08-10 16:00:00,402.1
2022-08-10 17:00:00,395.80000000000007
2022-08-10 18:00:00,390.30000000000007
2022-08-10 19:00:00,391.70000000000005
2022-08-11 14:30:00,396.80000000000007
2022-08-11 15:00:00,399.00000000000006
2022-08-11 16:00:00,396.90000000000003
2022-08-11 17:00:00,397.1
2022-08-11 18:00:00,395.00000000000006
2022-08-11 19:00:00,397.1
2022-08-12 14:30:00,401.20000000000005
2022-08-12 15:00:00,401.90000000000003
2022-08-12 16:00:00,402.70000000000005
2022-08-12 17:00:00,397.1
2022-08-12 18:00:00,399.1
2022-08-12 19:00:00,400.90000000000003
2022-08-15 14:30:00,386.70000000000005
2022-08-15 15:00:00,384.00000000000006
2022-08-15 16:00:00,385.1
2022-08-15 17:00:00,386.80000000000007
2022-08-15 18:00:00,386.90000000000003
2022-08-15 19:00:00,388.40000000000003
2022-08-16 14:30:00,384.40000000000003
2022-08-16 15:00:00,381.6
2022-08-16 16:00:00,382.30000000000007
2022-08-16 17:00:00,380.90000000000003
2022-08-16 18:00:00,380.30000000000007
2022-08-16 19:00:00,380.00000000000006
2022-08-17 14:30:00,383.1
2022-08-17 15:00:00,382.00000000000006
2022-08-17 16:00:00,382.50000000000006
2022-08-17 17:00:00,381.30000000000007
2022-08-17 18:00:00,382.1
2022-08-17 19:00:00,384.30000000000007
2022-08-18 14:30:00,387.20000000000005
2022-08-18 15:00:00,389.70000000000005
2022-08-18 16:00:00,390.80000000000007
2022-08-18 17:00:00,390.50000000000006
2022-08-18 18:00:00,390.00000000000006
2022-08-18 19:00:00,392.20000000000005
2022-08-19 14:30:00,384.90000000000003
2022-08-19 15:00:00,384.80000000000007
2022-08-19 16:00:00,383.20000000000005
2022-08-19 17:00:00,383.80000000000007
2022-08-19 18:00:00,385.00000000000006
2022-08-19 19:00:00,386.00000000000006
2022-08-22 14:30:00,393.40000000000003
2022-08-22 15:00:00,395.90000000000003
2022-08-22 16:00:00,397.6
2022-08-22 17:00:00,397.80000000000007
2022-08-22 18:00:00,398.40000000000003
2022-08-22 19:00:00,398.6
2022-08-23 14:30:00,403.20000000000005
2022-08-23 15:00:00,405.50000000000006
2022-08-23 16:00:00,408.80000000000007
2022-08-23 17:00:00,410.6
2022-08-23 18:00:00,409.50000000000006
2022-08-23 19:00:00,409.70000000000005
2022-08-24 14:30:00,412.90000000000003
2022-08-24 15:00:00,409.1
2022-08-24 16:00:00,411.40000000000003
2022-08-24 17:00:00,411.70000000000005
2022-08-24 18:00:00,411.80000000000007
2022-08-24 19:00:00,410.6
2022-08-25 14:30:00,402.70000000000005
2022-08-25 15:00:00,400.90000000000003
2022-08-25 16:00:00,405.20000000000005
2022-08-25 17:00:00,400.80000000000007
2022-08-25 18:00:00,399.70000000000005
2022-08-25 19:00:00,397.00000000000006
2022-08-26 14:30:00,407.30000000000007
2022-08-26 15:00:00,406.70000000000005
2022-08-26 16:00:00,409.20000000000005
2022-08-26 17:00:00,408.80000000000007
2022-08-26 18:00:00,411.6
2022-08-26 19:00:00,413.1
2022-08-29 14:30:00,412.20000000000005
2022-08-29 15:00:00,412.40000000000003
2022-08-29 16:00:00,407.40000000000003
2022-08-29 17:00:00,411.1
2022-08-29 18:00:00,410.70000000000005
2022-08-29 19:00:00,410.50000000000006
2022-08-30 14:30:00,401.6
2022-08-30 15:00:00,403.1
2022-08-30 16:00:00,404.50000000000006
2022-08-30 17:00:00,405.20000000000005
2022-08-30 18:00:00,408.00000000000006
2022-08-30 19:00:00,407.30000000000007
2022-08-31 14:30:00,403.80000000000007
2022-08-31 15:00:00,405.20000000000005
2022-08-31 16:00:00,405.30000000000007
2022-08-31 17:00:00,403.30000000000007
2022-08-31 18:00:00,400.30000000000007
2022-08-31 19:00:00,398.6
2022-09-01 14:30:00,403.50000000000006
2022-09-01 15:00:00,399.1
2022-09-01 16:00:00,398.6
2022-09-01 17:00:00,396.20000000000005
2022-09-01 18:00:00,399.00000000000006
2022-09-01 19:00:00,398.40000000000003
2022-09-02 14:30:00,399.20000000000005
2022-09-02 15:00:00,400.40000000000003
2022-09-02 16:00:00,401.50000000000006
2022-09-02 17:00:00,400.40000000000003
2022-09-02 18:00:00,401.70000000000005
2022-09-02 19:00:00,400.90000000000003
2022-09-02 23:00:00,400.90000000000003
2022-09-06 14:30:00,390.1
2022-09-06 15:00:00,390.70000000000005
2022-09-06 16:00:00,392.20000000000005
2022-09-06 17:00:00,391.20000000000005
2022-09-06 18:00:00,390.50000000000006
2022-09-06 19:00:00,390.6
2022-09-07 14:30:00,399.30000000000007
2022-09-07 15:00:00,403.1
2022-09-07 16:00:00,398.90000000000003
2022-09-07 17:00:00,396.40000000000003
2022-09-07 18:00:00,396.30000000000007
2022-09-07 19:00:00,394.00000000000006
2022-09-08 14:30:00,395.90000000000003
2022-09-08 15:00:00,392.20000000000005
2022-09-08 16:00:00,391.70000000000005
2022-09-08 17:00:00,390.6
2022-09-08 18:00:00,389.70000000000005
2022-09-08 19:00:00,390.00000000000006
2022-09-09 14:30:00,388.90000000000003
2022-09-09 15:00:00,393.30000000000007
2022-09-09 16:00:00,393.70000000000005
2022-09-09 17:00:00,394.90000000000003
2022-09-09 18:00:00,394.50000000000006
2022-09-09 19:00:00,394.00000000000006
2022-09-09 19:00:01,394.00000000000006
2022-09-12 14:00:00,394.40000000000003
2022-09-12 14:30:00,394.40000000000003
2022-09-12 15:00:00,396.50000000000006
2022-09-12 16:00:00,398.40000000000003
2022-09-12 17:00:00,418.90000000000003
2022-09-12 18:00:00,416.20000000000005
2022-09-12 19:00:00,415.50000000000006
2022-09-12 23:00:00,416.30000000000007
2022-09-13 14:00:00,413.20000000000005
2022-09-13 14:30:00,413.20000000000005
2022-09-13 15:00:00,413.70000000000005
2022-09-13 16:00:00,409.70000000000005
2022-09-13 17:00:00,409.6000000000001
2022-09-13 18:00:00,407.40000000000003
2022-09-13 19:00:00,406.6000000000001
2022-09-14 14:00:00,409.6000000000001
2022-09-14 14:30:00,409.6000000000001
2022-09-14 15:00:00,410.00000000000006
2022-09-14 16:00:00,404.1000000000001
2022-09-14 17:00:00,404.70000000000005
2022-09-14 18:00:00,405.1000000000001
2022-09-14 19:00:00,406.1000000000001
2022-09-15 14:00:00,409.90000000000003
2022-09-15 14:30:00,409.90000000000003
2022-09-15 15:00:00,410.30000000000007
2022-09-15 16:00:00,412.70000000000005
2022-09-15 17:00:00,411.40000000000003
2022-09-15 18:00:00,409.30000000000007
2022-09-15 19:00:00,409.20000000000005
2022-09-16 14:00:00,403.50000000000006
2022-09-16 14:30:00,403.50000000000006
2022-09-16 15:00:00,404.6000000000001
2022-09-16 16:00:00,401.70000000000005
2022-09-16 17:00:00,400.50000000000006
2022-09-16 18:00:00,402.80000000000007
2022-09-16 19:00:00,401.6000000000001
2022-09-19 14:00:00,404.6000000000001
2022-09-19 14:30:00,404.6000000000001
2022-09-19 15:00:00,410.00000000000006
2022-09-19 16:00:00,409.80000000000007
2022-09-19 17:00:00,409.90000000000003
2022-09-19 18:00:00,411.70000000000005
2022-09-19 19:00:00,410.20000000000005
2022-09-20 14:00:00,410.80000000000007
2022-09-20 14:30:00,410.80000000000007
2022-09-20 15:00:00,415.90000000000003
2022-09-20 16:00:00,422.50000000000006
2022-09-20 17:00:00,421.6000000000001
2022-09-20 18:00:00,419.80000000000007
2022-09-20 19:00:00,418.30000000000007
2022-09-21 14:00:00,415.1000000000001
2022-09-21 14:30:00,415.1000000000001
2022-09-21 15:00:00,414.80000000000007
2022-09-21 16:00:00,420.6000000000001
2022-09-21 17:00:00,418.20000000000005
2022-09-21 18:00:00,416.90000000000003
2022-09-21 19:00:00,417.30000000000007
2022-09-22 14:00:00,412.6000000000001
2022-09-22 14:30:00,412.6000000000001
2022-09-22 15:00:00,409.50000000000006
2022-09-22 16:00:00,408.80000000000007
2022-09-22 17:00:00,408.70000000000005
2022-09-22 18:00:00,408.90000000000003
2022-09-22 19:00:00,409.00000000000006
2022-09-22 23:00:00,409.00000000000006
2022-09-23 14:30:00,401.70000000000005
2022-09-23 15:00:00,405.00000000000006
2022-09-23 16:00:00,404.00000000000006
2022-09-23 17:00:00,403.6000000000001
2022-09-23 18:00:00,404.20000000000005
2022-09-23 19:00:00,404.6000000000001
2022-09-23 23:00:00,404.40000000000003
2022-09-26 14:30:00,402.90000000000003
2022-09-26 15:00:00,402.1000000000001
2022-09-26 16:00:00,401.80000000000007
2022-09-26 17:00:00,400.1000000000001
2022-09-26 18:00:00,399.20000000000005
2022-09-26 19:00:00,398.30000000000007
2022-09-26 23:00:00,398.6000000000001
2022-09-27 14:30:00,400.70000000000005
2022-09-27 15:00:00,398.20000000000005
2022-09-27 16:00:00,397.6000000000001
2022-09-27 17:00:00,398.00000000000006
2022-09-27 18:00:00,397.1000000000001
2022-09-27 19:00:00,396.30000000000007
2022-09-27 23:00:00,395.70000000000005
2022-09-28 14:30:00,396.00000000000006
2022-09-28 15:00:00,393.90000000000003
2022-09-28 16:00:00,394.20000000000005
2022-09-28 17:00:00,394.80000000000007
2022-09-28 18:00:00,396.20000000000005
2022-09-28 19:00:00,396.00000000000006
2022-09-28 23:00:00,395.70000000000005
2022-09-29 14:30:00,395.20000000000005
2022-09-29 15:00:00,392.90000000000003
2022-09-29 16:00:00,393.6000000000001
2022-09-29 17:00:00,391.90000000000003
2022-09-29 18:00:00,391.30000000000007
2022-09-29 19:00:00,390.90000000000003
2022-09-29 23:00:00,391.00000000000006
2022-09-30 14:30:00,393.50000000000006
2022-09-30 15:00:00,396.40000000000003
2022-09-30 16:00:00,396.00000000000006
2022-09-30 17:00:00,391.70000000000005
2022-09-30 18:00:00,390.30000000000007
2022-09-30 19:00:00,387.1000000000001
2022-09-30 23:00:00,387.30000000000007
2022-10-03 14:30:00,384.50000000000006
2022-10-03 15:00:00,385.40000000000003
2022-10-03 16:00:00,385.20000000000005
2022-10-03 17:00:00,387.20000000000005
2022-10-03 18:00:00,388.30000000000007
2022-10-03 19:00:00,388.30000000000007
2022-10-03 23:00:00,388.50000000000006
2022-10-04 14:30:00,391.70000000000005
2022-10-04 15:00:00,390.70000000000005
2022-10-04 16:00:00,385.50000000000006
2022-10-04 17:00:00,385.80000000000007
2022-10-04 18:00:00,385.6000000000001
2022-10-04 19:00:00,385.40000000000003
2022-10-04 23:00:00,385.1000000000001
2022-10-05 14:30:00,382.6000000000001
2022-10-05 15:00:00,383.50000000000006
2022-10-05 16:00:00,382.80000000000007
2022-10-05 17:00:00,383.1000000000001
2022-10-05 18:00:00,381.70000000000005
2022-10-05 19:00:00,382.00000000000006
2022-10-05 23:00:00,381.70000000000005
2022-10-06 14:30:00,380.30000000000007
2022-10-06 15:00:00,379.30000000000007
2022-10-06 16:00:00,378.40000000000003
2022-10-06 17:00:00,377.50000000000006
2022-10-06 18:00:00,378.6000000000001
2022-10-06 19:00:00,378.6000000000001
2022-10-06 23:00:00,378.50000000000006
2022-10-07 14:30:00,378.50000000000006
2022-10-07 15:00:00,382.70000000000005
2022-10-07 16:00:00,380.6000000000001
2022-10-07 17:00:00,381.80000000000007
2022-10-07 18:00:00,384.00000000000006
2022-10-07 19:00:00,383.6000000000001
2022-10-07 23:00:00,384.1000000000001
2022-10-10 14:30:00,389.00000000000006
2022-10-10 15:00:00,385.1000000000001
2022-10-10 16:00:00,386.50000000000006
2022-10-10 17:00:00,386.90000000000003
2022-10-10 18:00:00,387.00000000000006
2022-10-10 19:00:00,388.00000000000006
2022-10-10 23:00:00,387.80000000000007
2022-10-11 14:30:00,388.70000000000005
2022-10-11 15:00:00,389.70000000000005
2022-10-11 16:00:00,388.6000000000001
2022-10-11 17:00:00,388.1000000000001
2022-10-11 18:00:00,388.00000000000006
2022-10-11 19:00:00,388.40000000000003
2022-10-11 23:00:00,388.70000000000005
2022-10-12 14:30:00,390.90000000000003
2022-10-12 15:00:00,390.70000000000005
2022-10-12 16:00:00,390.70000000000005
2022-10-12 17:00:00,397.20000000000005
2022-10-12 18:00:00,396.80000000000007
2022-10-12 19:00:00,395.80000000000007
2022-10-12 23:00:00,396.1000000000001
2022-10-13 14:30:00,395.1000000000001
2022-10-13 15:00:00,393.20000000000005
2022-10-13 16:00:00,392.70000000000005
2022-10-13 17:00:00,393.00000000000006
2022-10-13 18:00:00,393.20000000000005
2022-10-13 19:00:00,393.40000000000003
2022-10-13 23:00:00,392.90000000000003
2022-10-14 14:30:00,397.90000000000003
2022-10-14 15:00:00,396.70000000000005
2022-10-14 16:00:00,395.00000000000006
2022-10-14 17:00:00,394.20000000000005
2022-10-14 18:00:00,393.1000000000001
2022-10-14 19:00:00,393.1000000000001
2022-10-14 23:00:00,392.80000000000007
2022-10-17 14:30:00,390.80000000000007
2022-10-17 15:00:00,391.50000000000006
2022-10-17 16:00:00,392.70000000000005
2022-10-17 17:00:00,391.20000000000005
2022-10-17 18:00:00,391.70000000000005
2022-10-17 19:00:00,391.80000000000007
2022-10-17 19:00:01,391.80000000000007
2022-10-17 23:00:00,392.1000000000001
2022-10-18 14:30:00,386.70000000000005
2022-10-18 15:00:00,385.70000000000005
2022-10-18 16:00:00,384.80000000000007
2022-10-18 17:00:00,385.00000000000006
2022-10-18 18:00:00,386.20000000000005
2022-10-18 19:00:00,386.6000000000001
2022-10-18 23:00:00,386.30000000000007
2022-10-19 14:30:00,385.50000000000006
2022-10-19 15:00:00,385.1000000000001
2022-10-19 16:00:00,385.50000000000006
2022-10-19 17:00:00,383.70000000000005
2022-10-19 18:00:00,384.30000000000007
2022-10-19 19:00:00,384.90000000000003
2022-10-19 23:00:00,384.50000000000006
2022-10-20 14:30:00,390.20000000000005
2022-10-20 15:00:00,389.6000000000001
2022-10-20 16:00:00,392.20000000000005
2022-10-20 17:00:00,392.00000000000006
2022-10-20 18:00:00,393.30000000000007
2022-10-20 19:00:00,392.90000000000003
2022-10-20 23:00:00,393.50000000000006
2022-10-21 14:30:00,390.30000000000007
2022-10-21 15:00:00,391.90000000000003
2022-10-21 16:00:00,392.90000000000003
2022-10-21 17:00:00,393.90000000000003
2022-10-21 18:00:00,394.50000000000006
2022-10-21 19:00:00,394.80000000000007
2022-10-21 23:00:00,395.1000000000001
2022-10-24 14:30:00,386.90000000000003
2022-10-24 15:00:00,388.80000000000007
2022-10-24 16:00:00,388.90000000000003
2022-10-24 17:00:00,389.20000000000005
2022-10-24 18:00:00,387.80000000000007
2022-10-24 19:00:00,388.50000000000006
2022-10-24 23:00:00,388.00000000000006
2022-10-25 14:30:00,391.20000000000005
2022-10-25 15:00:00,393.30000000000007
2022-10-25 16:00:00,392.00000000000006
2022-10-25 17:00:00,391.70000000000005
2022-10-25 18:00:00,392.00000000000006
2022-10-25 19:00:00,390.80000000000007
2022-10-25 23:00:00,391.6000000000001
2022-10-26 14:30:00,389.80000000000007
2022-10-26 15:00:00,389.30000000000007
2022-10-26 16:00:00,388.6000000000001
2022-10-26 17:00:00,388.1000000000001
2022-10-26 18:00:00,388.00000000000006
2022-10-26 19:00:00,388.00000000000006
2022-10-26 23:00:00,387.80000000000007
2022-10-27 14:30:00,391.80000000000007
2022-10-27 15:00:00,393.00000000000006
2022-10-27 16:00:00,391.80000000000007
2022-10-27 17:00:00,393.1000000000001
2022-10-27 18:00:00,392.90000000000003
2022-10-27 19:00:00,393.00000000000006
2022-10-27 23:00:00,393.30000000000007
2022-10-28 14:30:00,394.00000000000006
2022-10-28 15:00:00,391.90000000000003
2022-10-28 16:00:00,396.90000000000003
2022-10-28 17:00:00,399.30000000000007
2022-10-28 18:00:00,400.40000000000003
2022-10-28 19:00:00,399.00000000000006
2022-10-28 23:00:00,400.20000000000005
2022-10-31 13:30:00,398.00000000000006
2022-10-31 14:00:00,398.00000000000006
2022-10-31 15:00:00,397.30000000000007
2022-10-31 16:00:00,397.80000000000007
2022-10-31 17:00:00,402.1000000000001
2022-10-31 18:00:00,402.1000000000001
2022-10-31 23:00:00,402.80000000000007
2022-11-01 13:30:00,404.20000000000005
2022-11-01 14:00:00,405.30000000000007
2022-11-01 15:00:00,403.30000000000007
2022-11-01 16:00:00,403.30000000000007
2022-11-01 17:00:00,403.80000000000007
2022-11-01 18:00:00,403.20000000000005
2022-11-01 23:00:00,403.50000000000006
2022-11-02 13:30:00,402.70000000000005
2022-11-02 14:00:00,400.30000000000007
2022-11-02 15:00:00,400.00000000000006
2022-11-02 16:00:00,400.80000000000007
2022-11-02 17:00:00,401.50000000000006
2022-11-02 18:00:00,402.00000000000006
2022-11-02 23:00:00,402.30000000000007
2022-11-03 13:30:00,396.80000000000007
2022-11-03 14:00:00,396.70000000000005
2022-11-03 15:00:00,394.50000000000006
2022-11-03 16:00:00,393.50000000000006
2022-11-03 17:00:00,392.90000000000003
2022-11-03 18:00:00,393.1000000000001
2022-11-03 23:00:00,392.80000000000007
2022-11-04 13:30:00,399.40000000000003
2022-11-04 14:00:00,397.90000000000003
2022-11-04 15:00:00,397.50000000000006
2022-11-04 16:00:00,396.70000000000005
2022-11-04 17:00:00,397.1000000000001
2022-11-04 18:00:00,397.00000000000006
2022-11-04 23:00:00,397.00000000000006
2022-11-07 14:30:00,395.80000000000007
2022-11-07 15:00:00,396.70000000000005
2022-11-07 16:00:00,395.30000000000007
2022-11-07 17:00:00,395.70000000000005
2022-11-07 18:00:00,397.1000000000001
2022-11-07 19:00:00,397.70000000000005
2022-11-07 23:00:00,397.80000000000007
2022-11-08 14:30:00,398.90000000000003
2022-11-08 15:00:00,400.20000000000005
2022-11-08 16:00:00,401.40000000000003
2022-11-08 17:00:00,400.70000000000005
2022-11-08 18:00:00,400.50000000000006
2022-11-08 19:00:00,399.6000000000001
2022-11-08 23:00:00,399.90000000000003
2022-11-09 14:30:00,399.90000000000003
2022-11-09 15:00:00,398.1000000000001
2022-11-09 16:00:00,400.20000000000005
2022-11-09 17:00:00,400.00000000000006
2022-11-09 18:00:00,397.80000000000007
2022-11-09 19:00:00,399.40000000000003
2022-11-09 23:00:00,399.1000000000001
2022-11-10 14:30:00,392.00000000000006
2022-11-10 15:00:00,390.50000000000006
2022-11-10 16:00:00,390.30000000000007
2022-11-10 17:00:00,388.50000000000006
2022-11-10 18:00:00,388.80000000000007
2022-11-10 19:00:00,388.80000000000007
2022-11-10 23:00:00,388.80000000000007
2022-11-11 14:30:00,393.1000000000001
2022-11-11 15:00:00,393.70000000000005
2022-11-11 16:00:00,392.40000000000003
2022-11-11 17:00:00,391.70000000000005
2022-11-11 18:00:00,392.40000000000003
2022-11-11 19:00:00,392.1000000000001
2022-11-11 23:00:00,392.00000000000006
2022-11-14 14:30:00,392.90000000000003
2022-11-14 15:00:00,392.20000000000005
2022-11-14 16:00:00,390.6000000000001
2022-11-14 17:00:00,391.40000000000003
2022-11-14 18:00:00,391.90000000000003
2022-11-14 19:00:00,391.6000000000001
2022-11-14 23:00:00,391.6000000000001
2022-11-15 14:30:00,390.1000000000001
2022-11-15 15:00:00,391.50000000000006
2022-11-15 16:00:00,392.00000000000006
2022-11-15 17:00:00,393.6000000000001
2022-11-15 18:00:00,396.00000000000006
2022-11-15 19:00:00,395.70000000000005
2022-11-15 23:00:00,396.30000000000007
2022-11-16 14:30:00,393.40000000000003
2022-11-16 15:00:00,392.50000000000006
2022-11-16 16:00:00,392.30000000000007
2022-11-16 17:00:00,392.6000000000001
2022-11-16 18:00:00,392.70000000000005
2022-11-16 19:00:00,394.6000000000001
2022-11-16 23:00:00,393.40000000000003
2022-11-17 14:30:00,393.1000000000001
2022-11-17 15:00:00,391.40000000000003
2022-11-17 16:00:00,391.1000000000001
2022-11-17 17:00:00,390.30000000000007
2022-11-17 18:00:00,391.70000000000005
2022-11-17 19:00:00,392.1000000000001
2022-11-17 23:00:00,392.20000000000005
2022-11-18 14:30:00,395.1000000000001
2022-11-18 15:00:00,396.1000000000001
2022-11-18 16:00:00,395.50000000000006
2022-11-18 17:00:00,395.70000000000005
2022-11-18 18:00:00,395.00000000000006
2022-11-18 19:00:00,395.50000000000006
2022-11-18 23:00:00,395.20000000000005
2022-11-21 14:30:00,397.80000000000007
2022-11-21 15:00:00,396.1000000000001
2022-11-21 16:00:00,398.00000000000006
2022-11-21 17:00:00,397.50000000000006
2022-11-21 18:00:00,397.30000000000007
2022-11-21 19:00:00,397.6000000000001
2022-11-21 23:00:00,397.50000000000006
2022-11-22 14:30:00,396.6000000000001
2022-11-22 15:00:00,396.50000000000006
2022-11-22 16:00:00,395.90000000000003
2022-11-22 17:00:00,395.00000000000006
2022-11-22 18:00:00,394.90000000000003
2022-11-22 19:00:00,395.70000000000005
2022-11-22 23:00:00,395.1000000000001
2022-11-23 14:30:00,397.00000000000006
2022-11-23 15:00:00,396.70000000000005
2022-11-23 16:00:00,396.20000000000005
2022-11-23 17:00:00,397.80000000000007
2022-11-23 18:00:00,397.50000000000006
2022-11-23 19:00:00,397.30000000000007
2022-11-23 23:00:00,397.50000000000006
2022-11-25 14:30:00,400.20000000000005
2022-11-25 15:00:00,399.00000000000006
2022-11-25 16:00:00,398.80000000000007
2022-11-25 17:00:00,397.50000000000006
2022-11-25 18:00:00,397.70000000000005
2022-11-25 23:00:00,397.70000000000005
2022-11-28 14:30:00,399.90000000000003
2022-11-28 15:00:00,402.80000000000007
2022-11-28 16:00:00,400.50000000000006
2022-11-28 17:00:00,403.6000000000001
2022-11-28 18:00:00,402.6000000000001
2022-11-28 19:00:00,402.30000000000007
2022-11-28 23:00:00,402.80000000000007
2022-11-29 14:30:00,399.1000000000001
2022-11-29 15:00:00,399.20000000000005
2022-11-29 16:00:00,399.6000000000001
2022-11-29 17:00:00,398.70000000000005
2022-11-29 18:00:00,398.70000000000005
2022-11-29 19:00:00,400.1000000000001
2022-11-29 23:00:00,399.90000000000003
2022-11-30 14:30:00,405.70000000000005
2022-11-30 15:00:00,406.80000000000007
2022-11-30 16:00:00,408.70000000000005
2022-11-30 17:00:00,409.40000000000003
2022-11-30 18:00:00,409.40000000000003
2022-11-30 19:00:00,409.40000000000003
2022-11-30 23:00:00,409.50000000000006
2022-12-01 14:30:00,416.80000000000007
2022-12-01 15:00:00,412.1000000000001
2022-12-01 16:00:00,407.50000000000006
2022-12-01 17:00:00,410.20000000000005
2022-12-01 18:00:00,412.1000000000001
2022-12-01 19:00:00,412.80000000000007
2022-12-01 23:00:00,413.20000000000005
2022-12-02 14:30:00,412.80000000000007
2022-12-02 15:00:00,414.50000000000006
2022-12-02 16:00:00,415.20000000000005
2022-12-02 17:00:00,415.20000000000005
2022-12-02 18:00:00,415.30000000000007
2022-12-02 19:00:00,417.00000000000006
2022-12-02 23:00:00,416.30000000000007
2022-12-05 14:30:00,417.70000000000005
2022-12-05 15:00:00,421.20000000000005
2022-12-05 16:00:00,424.70000000000005
2022-12-05 17:00:00,423.40000000000003
2022-12-05 18:00:00,423.40000000000003
2022-12-05 19:00:00,424.30000000000007
2022-12-05 23:00:00,424.00000000000006
2022-12-06 14:30:00,436.40000000000003
2022-12-06 15:00:00,439.80000000000007
2022-12-06 16:00:00,441.70000000000005
2022-12-06 17:00:00,440.00000000000006
2022-12-06 18:00:00,438.80000000000007
2022-12-06 19:00:00,439.6000000000001
2022-12-06 23:00:00,439.40000000000003
2022-12-07 14:30:00,440.50000000000006
2022-12-07 15:00:00,440.1000000000001
2022-12-07 16:00:00,442.80000000000007
2022-12-07 17:00:00,447.70000000000005
2022-12-07 18:00:00,451.70000000000005
2022-12-07 19:00:00,450.1000000000001
2022-12-07 23:00:00,450.50000000000006
2022-12-08 14:30:00,447.90000000000003
2022-12-08 15:00:00,451.50000000000006
2022-12-08 16:00:00,458.30000000000007
2022-12-08 17:00:00,456.30000000000007
2022-12-08 18:00:00,455.40000000000003
2022-12-08 19:00:00,455.70000000000005
2022-12-08 23:00:00,455.90000000000003
2022-12-09 14:30:00,459.20000000000005
2022-12-09 15:00:00,461.30000000000007
2022-12-09 16:00:00,460.70000000000005
2022-12-09 17:00:00,459.20000000000005
2022-12-09 18:00:00,461.00000000000006
2022-12-09 19:00:00,461.30000000000007
2022-12-09 23:00:00,462.1000000000001
2022-12-12 14:30:00,448.20000000000005
2022-12-12 15:00:00,447.50000000000006
2022-12-12 16:00:00,443.70000000000005
2022-12-12 17:00:00,441.70000000000005
2022-12-12 18:00:00,441.90000000000003
2022-12-12 19:00:00,442.80000000000007
2022-12-12 23:00:00,441.90000000000003
2022-12-13 14:30:00,448.6000000000001
2022-12-13 15:00:00,446.50000000000006
2022-12-13 16:00:00,445.00000000000006
2022-12-13 17:00:00,443.30000000000007
2022-12-13 18:00:00,442.20000000000005
2022-12-13 19:00:00,444.50000000000006
2022-12-13 19:00:01,444.50000000000006
2022-12-13 23:00:00,443.90000000000003
2022-12-14 14:30:00,444.00000000000006
2022-12-14 15:00:00,446.20000000000005
2022-12-14 16:00:00,445.50000000000006
2022-12-14 17:00:00,445.8
2022-12-14 18:00:00,447.6
2022-12-14 19:00:00,448.50000000000006
2022-12-14 23:00:00,448.40000000000003
2022-12-15 14:30:00,446.40000000000003
2022-12-15 15:00:00,443.3
2022-12-15 16:00:00,445.6
2022-12-15 17:00:00,446.20000000000005
2022-12-15 18:00:00,444.8
2022-12-15 19:00:00,443.6
2022-12-15 23:00:00,444.6
2022-12-16 14:30:00,451.90000000000003
2022-12-16 15:00:00,452.3
2022-12-16 16:00:00,454.1
2022-12-16 17:00:00,453.90000000000003
2022-12-16 18:00:00,451.6
2022-12-16 19:00:00,451.00000000000006
2022-12-16 23:00:00,450.70000000000005
2022-12-19 14:30:00,436.20000000000005
2022-12-19 15:00:00,442.90000000000003
2022-12-19 16:00:00,440.00000000000006
2022-12-19 17:00:00,438.90000000000003
2022-12-19 18:00:00,438.40000000000003
2022-12-19 19:00:00,437.90000000000003
2022-12-19 23:00:00,437.90000000000003
2022-12-20 14:30:00,443.40000000000003
2022-12-20 15:00:00,442.3
2022-12-20 16:00:00,441.1
2022-12-20 17:00:00,441.20000000000005
2022-12-20 18:00:00,439.8
2022-12-20 19:00:00,440.1
2022-12-20 23:00:00,440.40000000000003
2022-12-21 14:30:00,441.8
2022-12-21 15:00:00,442.40000000000003
2022-12-21 16:00:00,442.40000000000003
2022-12-21 17:00:00,443.70000000000005
2022-12-21 18:00:00,444.20000000000005
2022-12-21 19:00:00,443.6
2022-12-21 23:00:00,443.70000000000005
2022-12-22 14:30:00,437.6
2022-12-22 15:00:00,439.90000000000003
2022-12-22 16:00:00,440.1
2022-12-22 17:00:00,439.70000000000005
2022-12-22 18:00:00,439.50000000000006
2022-12-22 19:00:00,439.40000000000003
2022-12-22 23:00:00,439.90000000000003
2022-12-23 14:30:00,441.20000000000005
2022-12-23 15:00:00,444.40000000000003
2022-12-23 16:00:00,443.20000000000005
2022-12-23 17:00:00,442.20000000000005
2022-12-23 18:00:00,442.20000000000005
2022-12-23 19:00:00,442.40000000000003
2022-12-23 23:00:00,442.3
2022-12-27 14:30:00,446.8
2022-12-27 15:00:00,442.70000000000005
2022-12-27 16:00:00,438.70000000000005
2022-12-27 17:00:00,437.50000000000006
2022-12-27 18:00:00,438.70000000000005
2022-12-27 19:00:00,439.50000000000006
2022-12-27 23:00:00,439.1
2022-12-28 14:30:00,447.6
2022-12-28 15:00:00,447.8
2022-12-28 16:00:00,450.1
2022-12-28 17:00:00,451.00000000000006
2022-12-28 18:00:00,451.40000000000003
2022-12-28 19:00:00,452.90000000000003
2022-12-28 23:00:00,451.8
2022-12-29 14:30:00,450.8
2022-12-29 15:00:00,448.8
2022-12-29 16:00:00,448.3
2022-12-29 17:00:00,447.6
2022-12-29 18:00:00,447.90000000000003
2022-12-29 19:00:00,448.40000000000003
2022-12-29 23:00:00,448.6
2022-12-30 14:30:00,462.3
2022-12-30 15:00:00,459.6
2022-12-30 16:00:00,460.1
2022-12-30 17:00:00,460.20000000000005
2022-12-30 18:00:00,458.00000000000006
2022-12-30 19:00:00,459.90000000000003
2022-12-30 23:00:00,459.40000000000003
2023-01-03 14:30:00,454.3
2023-01-03 15:00:00,452.40000000000003
2023-01-03 16:00:00,450.90000000000003
2023-01-03 17:00:00,451.3
2023-01-03 18:00:00,452.3
2023-01-03 19:00:00,453.8
2023-01-03 23:00:00,453.8
2023-01-04 14:30:00,455.1
2023-01-04 15:00:00,450.8
2023-01-04 16:00:00,449.8
2023-01-04 17:00:00,451.50000000000006
2023-01-04 18:00:00,451.40000000000003
2023-01-04 19:00:00,452.1
2023-01-04 23:00:00,451.20000000000005
2023-01-05 14:30:00,448.3
2023-01-05 15:00:00,448.8
2023-01-05 16:00:00,448.90000000000003
2023-01-05 17:00:00,447.3
2023-01-05 18:00:00,449.50000000000006
2023-01-05 19:00:00,450.90000000000003
2023-01-05 23:00:00,449.6
2023-01-06 14:30:00,455.8
2023-01-06 15:00:00,456.3
2023-01-06 16:00:00,458.3
2023-01-06 17:00:00,458.20000000000005
2023-01-06 18:00:00,458.70000000000005
2023-01-06 19:00:00,458.1
2023-01-06 23:00:00,459.1
2023-01-09 14:30:00,454.20000000000005
2023-01-09 15:00:00,455.50000000000006
2023-01-09 16:00:00,455.00000000000006
2023-01-09 17:00:00,453.50000000000006
2023-01-09 18:00:00,452.40000000000003
2023-01-09 19:00:00,454.00000000000006
2023-01-09 23:00:00,452.70000000000005
2023-01-10 14:30:00,453.20000000000005
2023-01-10 15:00:00,453.40000000000003
2023-01-10 16:00:00,455.90000000000003
2023-01-10 17:00:00,453.3
2023-01-10 18:00:00,452.6
2023-01-10 19:00:00,452.1
2023-01-10 23:00:00,452.20000000000005
2023-01-11 14:30:00,458.00000000000006
2023-01-11 15:00:00,457.3
2023-01-11 16:00:00,457.40000000000003
2023-01-11 17:00:00,457.70000000000005
2023-01-11 18:00:00,458.1
2023-01-11 19:00:00,458.00000000000006
2023-01-11 23:00:00,457.6
2023-01-12 14:30:00,461.40000000000003
2023-01-12 15:00:00,459.70000000000005
2023-01-12 16:00:00,459.40000000000003
2023-01-12 17:00:00,464.6
2023-01-12 18:00:00,464.00000000000006
2023-01-12 19:00:00,465.1
2023-01-12 23:00:00,464.50000000000006
2023-01-13 14:30:00,465.90000000000003
2023-01-13 15:00:00,463.70000000000005
2023-01-13 16:00:00,461.6
2023-01-13 17:00:00,462.3
2023-01-13 18:00:00,459.8
2023-01-13 19:00:00,460.6
2023-01-13 23:00:00,460.6
2023-01-17 14:30:00,456.40000000000003
2023-01-17 15:00:00,460.00000000000006
2023-01-17 16:00:00,460.90000000000003
2023-01-17 17:00:00,464.6
2023-01-17 18:00:00,463.50000000000006
2023-01-17 19:00:00,464.3
2023-01-17 23:00:00,464.70000000000005
2023-01-18 14:30:00,461.20000000000005
2023-01-18 15:00:00,458.50000000000006
2023-01-18 16:00:00,457.40000000000003
2023-01-18 17:00:00,456.20000000000005
2023-01-18 18:00:00,458.00000000000006
2023-01-18 19:00:00,458.50000000000006
2023-01-18 23:00:00,458.6
2023-01-19 14:30:00,455.8
2023-01-19 15:00:00,456.3
2023-01-19 16:00:00,457.50000000000006
2023-01-19 17:00:00,456.3
2023-01-19 18:00:00,455.1
2023-01-19 19:00:00,454.3
2023-01-19 23:00:00,454.6
2023-01-20 14:30:00,452.3
2023-01-20 15:00:00,451.90000000000003
2023-01-20 16:00:00,452.8
2023-01-20 17:00:00,450.3
2023-01-20 18:00:00,450.3
2023-01-20 19:00:00,449.90000000000003
2023-01-20 23:00:00,449.40000000000003
2023-01-23 14:30:00,442.3
2023-01-23 15:00:00,445.20000000000005
2023-01-23 16:00:00,442.90000000000003
2023-01-23 17:00:00,443.70000000000005
2023-01-23 18:00:00,445.50000000000006
2023-01-23 19:00:00,446.50000000000006
2023-01-23 23:00:00,445.8
2023-01-24 14:30:00,451.40000000000003
2023-01-24 15:00:00,447.3
2023-01-24 16:00:00,447.1
2023-01-24 17:00:00,448.8
2023-01-24 18:00:00,447.3
2023-01-24 19:00:00,446.6
2023-01-24 23:00:00,447.20000000000005
2023-01-25 14:30:00,445.50000000000006
2023-01-25 15:00:00,448.3
2023-01-25 16:00:00,448.1
2023-01-25 17:00:00,447.8
2023-01-25 18:00:00,450.90000000000003
2023-01-25 19:00:00,452.00000000000006
2023-01-25 23:00:00,451.20000000000005
2023-01-26 14:30:00,454.90000000000003
2023-01-26 15:00:00,456.50000000000006
2023-01-26 16:00:00,455.50000000000006
2023-01-26 17:00:00,459.6
2023-01-26 18:00:00,460.3
2023-01-26 19:00:00,461.1
2023-01-26 23:00:00,460.40000000000003
2023-01-27 14:30:00,459.40000000000003
2023-01-27 15:00:00,461.50000000000006
2023-01-27 16:00:00,458.40000000000003
2023-01-27 17:00:00,458.6
2023-01-27 18:00:00,458.00000000000006
2023-01-27 19:00:00,458.3
2023-01-27 23:00:00,457.8
2023-01-30 14:30:00,465.00000000000006
2023-01-30 15:00:00,464.00000000000006
2023-01-30 16:00:00,467.90000000000003
2023-01-30 17:00:00,468.20000000000005
2023-01-30 18:00:00,470.3
2023-01-30 19:00:00,469.8
2023-01-30 23:00:00,470.3
2023-01-31 14:30:00,467.8
2023-01-31 15:00:00,466.00000000000006
2023-01-31 16:00:00,466.40000000000003
2023-01-31 17:00:00,466.8
2023-01-31 18:00:00,466.70000000000005
2023-01-31 19:00:00,467.00000000000006
2023-01-31 23:00:00,466.90000000000003
2023-02-01 14:30:00,466.40000000000003
2023-02-01 15:00:00,467.90000000000003
2023-02-01 16:00:00,464.70000000000005
2023-02-01 17:00:00,463.50000000000006
2023-02-01 18:00:00,467.00000000000006
2023-02-01 19:00:00,467.70000000000005
2023-02-01 23:00:00,467.8
2023-02-02 14:30:00,473.40000000000003
2023-02-02 15:00:00,473.40000000000003
2023-02-02 16:00:00,472.00000000000006
2023-02-02 17:00:00,473.1
2023-02-02 18:00:00,473.1
2023-02-02 19:00:00,473.70000000000005
2023-02-02 23:00:00,474.20000000000005
2023-02-03 14:30:00,480.40000000000003
2023-02-03 15:00:00,477.70000000000005
2023-02-03 16:00:00,477.00000000000006
2023-02-03 17:00:00,479.50000000000006
2023-02-03 18:00:00,480.00000000000006
2023-02-03 19:00:00,478.8
2023-02-03 23:00:00,479.1
2023-02-06 14:30:00,475.00000000000006
2023-02-06 15:00:00,473.50000000000006
2023-02-06 16:00:00,473.8
2023-02-06 17:00:00,472.50000000000006
2023-02-06 18:00:00,472.50000000000006
2023-02-06 19:00:00,472.6
2023-02-06 23:00:00,472.90000000000003
2023-02-07 14:30:00,467.90000000000003
2023-02-07 15:00:00,465.90000000000003
2023-02-07 16:00:00,467.1
2023-02-07 17:00:00,468.3
2023-02-07 18:00:00,466.70000000000005
2023-02-07 19:00:00,466.40000000000003
2023-02-07 23:00:00,466.1
2023-02-08 14:30:00,466.20000000000005
2023-02-08 15:00:00,467.90000000000003
2023-02-08 16:00:00,468.70000000000005
2023-02-08 17:00:00,466.00000000000006
2023-02-08 18:00:00,467.8
2023-02-08 19:00:00,467.6
2023-02-08 19:00:01,467.6
2023-02-08 23:00:00,468.3
2023-02-09 14:30:00,468.6
2023-02-09 15:00:00,471.5
2023-02-09 16:00:00,472.5
2023-02-09 17:00:00,473.7
2023-02-09 18:00:00,474.3
2023-02-09 19:00:00,473.90000000000003
2023-02-09 23:00:00,475.0
2023-02-10 14:30:00,474.2
2023-02-10 15:00:00,476.5
2023-02-10 16:00:00,474.3
2023-02-10 17:00:00,476.2
2023-02-10 18:00:00,475.90000000000003
2023-02-10 19:00:00,476.3
2023-02-10 23:00:00,476.90000000000003
2023-02-13 14:30:00,481.7
2023-02-13 15:00:00,481.8
2023-02-13 16:00:00,483.3
2023-02-13 17:00:00,479.5
2023-02-13 18:00:00,480.6
2023-02-13 19:00:00,481.2
2023-02-13 23:00:00,481.40000000000003
2023-02-14 14:30:00,478.7
2023-02-14 15:00:00,482.6
2023-02-14 16:00:00,480.3
2023-02-14 17:00:00,478.0
2023-02-14 18:00:00,477.6
2023-02-14 19:00:00,478.8
2023-02-14 23:00:00,478.2
2023-02-15 14:30:00,472.5
2023-02-15 15:00:00,472.5
2023-02-15 16:00:00,474.0
2023-02-15 17:00:00,471.90000000000003
2023-02-15 18:00:00,471.1
2023-02-15 19:00:00,470.2
2023-02-15 23:00:00,470.7
2023-02-16 14:30:00,470.40000000000003
2023-02-16 15:00:00,469.1
2023-02-16 16:00:00,469.7
2023-02-16 17:00:00,469.0
2023-02-16 18:00:00,470.7
2023-02-16 19:00:00,470.7
2023-02-16 23:00:00,470.5
2023-02-17 14:30:00,474.3
2023-02-17 15:00:00,472.8
2023-02-17 16:00:00,472.6
2023-02-17 17:00:00,473.1
2023-02-17 18:00:00,473.1
2023-02-17 19:00:00,472.40000000000003
2023-02-17 23:00:00,472.90000000000003
2023-02-21 14:30:00,479.40000000000003
2023-02-21 15:00:00,479.6
2023-02-21 16:00:00,480.3
2023-02-21 17:00:00,477.6
2023-02-21 18:00:00,479.0
2023-02-21 19:00:00,478.2
2023-02-21 23:00:00,479.0
2023-02-22 14:30:00,477.40000000000003
2023-02-22 15:00:00,475.3
2023-02-22 16:00:00,475.90000000000003
2023-02-22 17:00:00,475.7
2023-02-22 18:00:00,475.7
2023-02-22 19:00:00,476.3
2023-02-22 23:00:00,475.8
2023-02-23 14:30:00,474.40000000000003
2023-02-23 15:00:00,474.1
2023-02-23 16:00:00,474.5
2023-02-23 17:00:00,474.8
2023-02-23 18:00:00,476.0
2023-02-23 19:00:00,476.6
2023-02-23 23:00:00,476.40000000000003
2023-02-24 14:30:00,474.40000000000003
2023-02-24 15:00:00,474.8
2023-02-24 16:00:00,476.1
2023-02-24 17:00:00,476.2
2023-02-24 18:00:00,476.8
2023-02-24 19:00:00,477.2
2023-02-24 23:00:00,476.40000000000003
2023-02-27 14:30:00,476.2
2023-02-27 15:00:00,476.2
2023-02-27 16:00:00,478.0
2023-02-27 17:00:00,476.3
2023-02-27 18:00:00,477.6
2023-02-27 19:00:00,477.6
2023-02-27 23:00:00,477.6
2023-02-28 14:30:00,465.90000000000003
2023-02-28 15:00:00,467.1
2023-02-28 16:00:00,466.2
2023-02-28 17:00:00,465.5
2023-02-28 18:00:00,466.1
2023-02-28 19:00:00,463.8
2023-02-28 23:00:00,465.1
2023-03-01 14:30:00,466.8
2023-03-01 15:00:00,464.40000000000003
2023-03-01 16:00:00,468.1
2023-03-01 17:00:00,468.7
2023-03-01 18:00:00,467.90000000000003
2023-03-01 19:00:00,467.90000000000003
2023-03-01 23:00:00,467.8
2023-03-02 14:30:00,471.8
2023-03-02 15:00:00,471.6
2023-03-02 16:00:00,471.40000000000003
2023-03-02 17:00:00,470.3
2023-03-02 18:00:00,470.8
2023-03-02 19:00:00,470.8
2023-03-02 23:00:00,470.40000000000003
2023-03-03 14:30:00,476.8
2023-03-03 15:00:00,477.2
2023-03-03 16:00:00,478.0
2023-03-03 17:00:00,478.3
2023-03-03 18:00:00,478.5
2023-03-03 19:00:00,479.1
2023-03-03 23:00:00,478.5
2023-03-06 14:30:00,482.90000000000003
2023-03-06 15:00:00,487.6
2023-03-06 16:00:00,487.6
2023-03-06 17:00:00,487.8
2023-03-06 18:00:00,488.40000000000003
2023-03-06 19:00:00,490.2
2023-03-06 23:00:00,489.5
2023-03-07 14:30:00,491.90000000000003
2023-03-07 15:00:00,489.0
2023-03-07 16:00:00,487.7
2023-03-07 17:00:00,488.2
2023-03-07 18:00:00,486.6
2023-03-07 19:00:00,485.90000000000003
2023-03-07 23:00:00,485.7
2023-03-08 14:30:00,487.0
2023-03-08 15:00:00,486.1
2023-03-08 16:00:00,488.90000000000003
2023-03-08 17:00:00,484.3
2023-03-08 18:00:00,483.2
2023-03-08 19:00:00,484.2
2023-03-08 23:00:00,483.7
2023-03-09 14:30:00,482.3
2023-03-09 15:00:00,482.2
2023-03-09 16:00:00,481.7
2023-03-09 17:00:00,484.3
2023-03-09 18:00:00,485.0
2023-03-09 19:00:00,485.40000000000003
2023-03-09 23:00:00,484.7
2023-03-10 14:30:00,481.5
2023-03-10 15:00:00,482.40000000000003
2023-03-10 16:00:00,480.8
2023-03-10 17:00:00,482.0
2023-03-10 18:00:00,483.3
2023-03-10 19:00:00,484.40000000000003
2023-03-10 23:00:00,484.0
2023-03-13 13:30:00,484.40000000000003
2023-03-13 14:00:00,482.1
2023-03-13 15:00:00,479.8
2023-03-13 16:00:00,480.90000000000003
2023-03-13 17:00:00,478.90000000000003
2023-03-13 18:00:00,478.2
2023-03-13 23:00:00,478.5
2023-03-14 13:30:00,473.1
2023-03-14 14:00:00,476.0
2023-03-14 15:00:00,477.5
2023-03-14 16:00:00,480.1
2023-03-14 17:00:00,480.1
2023-03-14 18:00:00,480.40000000000003
2023-03-14 23:00:00,480.0
2023-03-15 13:30:00,476.7
2023-03-15 14:00:00,475.5
2023-03-15 15:00:00,476.8
2023-03-15 16:00:00,478.0
2023-03-15 17:00:00,476.40000000000003
2023-03-15 18:00:00,476.0
2023-03-15 23:00:00,476.40000000000003
2023-03-16 13:30:00,473.1
2023-03-16 14:00:00,474.0
2023-03-16 15:00:00,473.0
2023-03-16 16:00:00,473.40000000000003
2023-03-16 17:00:00,472.6
2023-03-16 18:00:00,472.7
2023-03-16 23:00:00,472.8
2023-03-17 13:30:00,468.40000000000003
2023-03-17 14:00:00,467.3
2023-03-17 15:00:00,465.2
2023-03-17 16:00:00,466.8
2023-03-17 17:00:00,467.0
2023-03-17 18:00:00,465.6
2023-03-17 23:00:00,466.0
2023-03-20 13:30:00,459.90000000000003
2023-03-20 14:00:00,460.3
2023-03-20 15:00:00,465.2
2023-03-20 16:00:00,465.90000000000003
2023-03-20 17:00:00,462.6
2023-03-20 18:00:00,461.8
2023-03-20 23:00:00,462.5
2023-03-21 13:30:00,464.1
2023-03-21 14:00:00,465.1
2023-03-21 15:00:00,465.1
2023-03-21 16:00:00,462.3
2023-03-21 17:00:00,461.40000000000003
2023-03-21 18:00:00,461.7
2023-03-21 23:00:00,461.1
2023-03-22 13:30:00,454.0
2023-03-22 14:00:00,452.90000000000003
2023-03-22 15:00:00,455.90000000000003
2023-03-22 16:00:00,454.7
2023-03-22 17:00:00,454.5
2023-03-22 18:00:00,453.7
2023-03-22 23:00:00,453.7
2023-03-23 13:30:00,451.3
2023-03-23 14:00:00,445.3
2023-03-23 15:00:00,442.90000000000003
2023-03-23 16:00:00,444.3
2023-03-23 17:00:00,441.5
2023-03-23 18:00:00,441.2
2023-03-23 23:00:00,441.3
2023-03-24 13:30:00,443.6
2023-03-24 14:00:00,442.3
2023-03-24 15:00:00,444.1
2023-03-24 16:00:00,448.7
2023-03-24 17:00:00,447.40000000000003
2023-03-24 18:00:00,448.40000000000003
2023-03-24 23:00:00,448.40000000000003
2023-03-27 14:30:00,445.0
2023-03-27 15:00:00,445.3
2023-03-27 16:00:00,446.6
2023-03-27 17:00:00,448.2
2023-03-27 18:00:00,449.7
2023-03-27 19:00:00,448.1
2023-03-27 23:00:00,448.6
2023-03-28 14:30:00,453.6
2023-03-28 15:00:00,456.5
2023-03-28 16:00:00,457.5
2023-03-28 17:00:00,460.40000000000003
2023-03-28 18:00:00,460.3
2023-03-28 19:00:00,460.8
2023-03-28 23:00:00,460.40000000000003
2023-03-29 14:30:00,462.5
2023-03-29 15:00:00,459.7
2023-03-29 16:00:00,459.90000000000003
2023-03-29 17:00:00,458.8
2023-03-29 18:00:00,460.6
2023-03-29 19:00:00,460.1
2023-03-29 23:00:00,460.6
2023-03-30 14:30:00,461.90000000000003
2023-03-30 15:00:00,463.3
2023-03-30 16:00:00,462.7
2023-03-30 17:00:00,462.2
2023-03-30 18:00:00,461.7
2023-03-30 19:00:00,461.2
2023-03-30 23:00:00,461.7
2023-03-31 14:30:00,457.7
2023-03-31 15:00:00,460.7
2023-03-31 16:00:00,465.0
2023-03-31 17:00:00,466.2
2023-03-31 18:00:00,468.1
2023-03-31 19:00:00,466.5
2023-03-31 23:00:00,468.1
2023-04-03 14:30:00,467.3
2023-04-03 15:00:00,466.2
2023-04-03 16:00:00,463.40000000000003
2023-04-03 17:00:00,465.5
2023-04-03 18:00:00,466.8
2023-04-03 19:00:00,466.2
2023-04-03 23:00:00,466.8
2023-04-04 14:30:00,459.3
2023-04-04 15:00:00,460.40000000000003
2023-04-04 16:00:00,459.1
2023-04-04 17:00:00,460.3
2023-04-04 18:00:00,459.3
2023-04-04 19:00:00,460.40000000000003
2023-04-04 23:00:00,459.90000000000003
2023-04-05 14:30:00,457.90000000000003
2023-04-05 15:00:00,455.3
2023-04-05 16:00:00,454.0
2023-04-05 17:00:00,454.40000000000003
2023-04-05 18:00:00,454.0
2023-04-05 19:00:00,453.7
2023-04-05 23:00:00,453.6
2023-04-06 14:30:00,452.6
2023-04-06 15:00:00,452.2
2023-04-06 16:00:00,452.7
2023-04-06 17:00:00,455.2
2023-04-06 18:00:00,456.0
2023-04-06 19:00:00,456.0
2023-04-06 23:00:00,456.5
2023-04-10 14:30:00,457.40000000000003
2023-04-10 15:00:00,459.1
2023-04-10 16:00:00,456.1
2023-04-10 17:00:00,454.7
2023-04-10 18:00:00,454.3
2023-04-10 19:00:00,455.3
2023-04-10 23:00:00,454.90000000000003
2023-04-11 14:30:00,461.40000000000003
2023-04-11 15:00:00,460.0
2023-04-11 16:00:00,461.90000000000003
2023-04-11 17:00:00,459.7
2023-04-11 18:00:00,462.2
2023-04-11 19:00:00,462.2
2023-04-11 23:00:00,461.8
2023-04-12 14:30:00,463.90000000000003
2023-04-12 15:00:00,461.5
2023-04-12 16:00:00,463.40000000000003
2023-04-12 17:00:00,464.90000000000003
2023-04-12 18:00:00,464.1
2023-04-12 19:00:00,464.8
2023-04-12 19:00:01,464.8
2023-04-12 23:00:00,464.50000000000006
2023-04-13 14:30:00,470.3
2023-04-13 15:00:00,469.50000000000006
2023-04-13 16:00:00,467.40000000000003
2023-04-13 17:00:00,467.50000000000006
2023-04-13 18:00:00,468.00000000000006
2023-04-13 19:00:00,466.50000000000006
2023-04-13 23:00:00,467.50000000000006
2023-04-14 14:30:00,466.00000000000006
2023-04-14 15:00:00,462.90000000000003
2023-04-14 16:00:00,464.00000000000006
2023-04-14 17:00:00,464.3
2023-04-14 18:00:00,463.70000000000005
2023-04-14 19:00:00,463.40000000000003
2023-04-14 23:00:00,463.90000000000003
2023-04-17 14:30:00,465.70000000000005
2023-04-17 15:00:00,467.00000000000006
2023-04-17 16:00:00,467.6
2023-04-17 17:00:00,467.90000000000003
2023-04-17 18:00:00,467.50000000000006
2023-04-17 19:00:00,468.20000000000005
2023-04-17 23:00:00,468.3
2023-04-18 14:30:00,466.20000000000005
2023-04-18 15:00:00,464.40000000000003
2023-04-18 16:00:00,463.8
2023-04-18 17:00:00,465.50000000000006
2023-04-18 18:00:00,466.00000000000006
2023-04-18 19:00:00,464.8
2023-04-18 23:00:00,465.20000000000005
2023-04-19 14:30:00,460.70000000000005
2023-04-19 15:00:00,461.40000000000003
2023-04-19 16:00:00,461.8
2023-04-19 17:00:00,460.8
2023-04-19 18:00:00,459.8
2023-04-19 19:00:00,459.00000000000006
2023-04-19 23:00:00,459.6
2023-04-20 14:30:00,454.70000000000005
2023-04-20 15:00:00,455.6
2023-04-20 16:00:00,454.8
2023-04-20 17:00:00,455.1
2023-04-20 18:00:00,456.70000000000005
2023-04-20 19:00:00,456.1
2023-04-20 23:00:00,456.3
2023-04-21 14:30:00,453.40000000000003
2023-04-21 15:00:00,451.90000000000003
2023-04-21 16:00:00,450.70000000000005
2023-04-21 17:00:00,450.90000000000003
2023-04-21 18:00:00,452.1
2023-04-21 19:00:00,452.3
2023-04-21 23:00:00,452.40000000000003
2023-04-24 14:30:00,452.50000000000006
2023-04-24 15:00:00,452.90000000000003
2023-04-24 16:00:00,450.3
2023-04-24 17:00:00,450.3
2023-04-24 18:00:00,447.90000000000003
2023-04-24 19:00:00,447.6
2023-04-24 23:00:00,447.70000000000005
2023-04-25 14:30:00,444.20000000000005
2023-04-25 15:00:00,443.50000000000006
2023-04-25 16:00:00,443.00000000000006
2023-04-25 17:00:00,445.50000000000006
2023-04-25 18:00:00,445.40000000000003
2023-04-25 19:00:00,445.00000000000006
2023-04-25 23:00:00,444.8
2023-04-26 14:30:00,439.3
2023-04-26 15:00:00,439.90000000000003
2023-04-26 16:00:00,440.00000000000006
2023-04-26 17:00:00,439.40000000000003
2023-04-26 18:00:00,438.90000000000003
2023-04-26 19:00:00,439.1
2023-04-26 23:00:00,438.70000000000005
2023-04-27 14:30:00,437.3
2023-04-27 15:00:00,437.40000000000003
2023-04-27 16:00:00,437.70000000000005
2023-04-27 17:00:00,438.1
2023-04-27 18:00:00,437.90000000000003
2023-04-27 19:00:00,439.00000000000006
2023-04-27 23:00:00,438.90000000000003
2023-04-28 14:30:00,438.20000000000005
2023-04-28 15:00:00,437.70000000000005
2023-04-28 16:00:00,442.8
2023-04-28 17:00:00,443.40000000000003
2023-04-28 18:00:00,443.6
2023-04-28 19:00:00,443.3
2023-04-28 23:00:00,443.40000000000003
2023-05-01 14:30:00,442.8
2023-05-01 15:00:00,443.70000000000005
2023-05-01 16:00:00,444.20000000000005
2023-05-01 17:00:00,442.90000000000003
2023-05-01 18:00:00,444.6
2023-05-01 19:00:00,444.70000000000005
2023-05-01 23:00:00,444.8
2023-05-02 14:30:00,444.20000000000005
2023-05-02 15:00:00,443.40000000000003
2023-05-02 16:00:00,440.8
2023-05-02 17:00:00,441.1
2023-05-02 18:00:00,441.00000000000006
2023-05-02 19:00:00,439.20000000000005
2023-05-02 23:00:00,439.40000000000003
2023-05-03 14:30:00,434.1
2023-05-03 15:00:00,435.00000000000006
2023-05-03 16:00:00,436.00000000000006
2023-05-03 17:00:00,435.8
2023-05-03 18:00:00,436.1
2023-05-03 19:00:00,436.6
2023-05-03 23:00:00,436.00000000000006
2023-05-04 14:30:00,431.6
2023-05-04 15:00:00,430.50000000000006
2023-05-04 16:00:00,430.6
2023-05-04 17:00:00,434.50000000000006
2023-05-04 18:00:00,435.50000000000006
2023-05-04 19:00:00,435.3
2023-05-04 23:00:00,435.3
2023-05-05 14:30:00,436.20000000000005
2023-05-05 15:00:00,434.40000000000003
2023-05-05 16:00:00,436.40000000000003
2023-05-05 17:00:00,436.00000000000006
2023-05-05 18:00:00,435.50000000000006
2023-05-05 19:00:00,435.70000000000005
2023-05-05 23:00:00,436.00000000000006
2023-05-08 14:30:00,435.6
2023-05-08 15:00:00,438.1
2023-05-08 16:00:00,436.20000000000005
2023-05-08 17:00:00,437.40000000000003
2023-05-08 18:00:00,437.70000000000005
2023-05-08 19:00:00,437.3
2023-05-08 23:00:00,437.3
2023-05-09 14:30:00,431.40000000000003
2023-05-09 15:00:00,431.00000000000006
2023-05-09 16:00:00,431.70000000000005
2023-05-09 17:00:00,431.90000000000003
2023-05-09 18:00:00,431.6
2023-05-09 19:00:00,431.00000000000006
2023-05-09 23:00:00,430.70000000000005
2023-05-10 14:30:00,432.40000000000003
2023-05-10 15:00:00,432.3
2023-05-10 16:00:00,432.40000000000003
2023-05-10 17:00:00,432.50000000000006
2023-05-10 18:00:00,431.40000000000003
2023-05-10 19:00:00,431.50000000000006
2023-05-10 23:00:00,431.20000000000005
2023-05-11 14:30:00,435.40000000000003
2023-05-11 15:00:00,437.3
2023-05-11 16:00:00,439.90000000000003
2023-05-11 17:00:00,438.00000000000006
2023-05-11 18:00:00,439.20000000000005
2023-05-11 19:00:00,440.50000000000006
2023-05-11 23:00:00,440.40000000000003
2023-05-12 14:30:00,441.00000000000006
2023-05-12 15:00:00,441.20000000000005
2023-05-12 16:00:00,441.1
2023-05-12 17:00:00,441.40000000000003
2023-05-12 18:00:00,440.00000000000006
2023-05-12 19:00:00,441.90000000000003
2023-05-12 23:00:00,440.8
2023-05-15 14:30:00,445.6
2023-05-15 15:00:00,441.90000000000003
2023-05-15 16:00:00,442.90000000000003
2023-05-15 17:00:00,442.1
2023-05-15 18:00:00,441.3
2023-05-15 19:00:00,440.8
2023-05-15 19:00:01,440.8
2023-05-15 23:00:00,440.90000000000003
2023-05-16 14:30:00,439.1
2023-05-16 15:00:00,440.40000000000003
2023-05-16 16:00:00,437.20000000000005
2023-05-16 17:00:00,437.00000000000006
2023-05-16 18:00:00,436.70000000000005
2023-05-16 19:00:00,437.50000000000006
2023-05-16 23:00:00,437.6
2023-05-17 14:30:00,435.90000000000003
2023-05-17 15:00:00,436.20000000000005
2023-05-17 16:00:00,434.40000000000003
2023-05-17 17:00:00,434.20000000000005
2023-05-17 18:00:00,433.90000000000003
2023-05-17 19:00:00,433.3
2023-05-17 23:00:00,433.50000000000006
2023-05-18 14:30:00,433.00000000000006
2023-05-18 15:00:00,429.90000000000003
2023-05-18 16:00:00,427.50000000000006
2023-05-18 17:00:00,428.8
2023-05-18 18:00:00,426.8
2023-05-18 19:00:00,426.6
2023-05-18 23:00:00,427.3
2023-05-19 14:30:00,427.1
2023-05-19 15:00:00,425.90000000000003
2023-05-19 16:00:00,424.6
2023-05-19 17:00:00,423.20000000000005
2023-05-19 18:00:00,421.50000000000006
2023-05-19 19:00:00,421.20000000000005
2023-05-19 23:00:00,421.40000000000003
2023-05-22 14:30:00,426.90000000000003
2023-05-22 15:00:00,424.6
2023-05-22 16:00:00,423.90000000000003
2023-05-22 17:00:00,425.00000000000006
2023-05-22 18:00:00,425.1
2023-05-22 19:00:00,424.6
2023-05-22 23:00:00,424.8
2023-05-23 14:30:00,423.70000000000005
2023-05-23 15:00:00,422.90000000000003
2023-05-23 16:00:00,422.40000000000003
2023-05-23 17:00:00,424.6
2023-05-23 18:00:00,422.40000000000003
2023-05-23 19:00:00,422.3
2023-05-23 23:00:00,422.20000000000005
2023-05-24 14:30:00,423.90000000000003
2023-05-24 15:00:00,423.1
2023-05-24 16:00:00,422.1
2023-05-24 17:00:00,419.8
2023-05-24 18:00:00,420.1
2023-05-24 19:00:00,420.50000000000006
2023-05-24 23:00:00,420.3
2023-05-25 14:30:00,420.40000000000003
2023-05-25 15:00:00,416.20000000000005
2023-05-25 16:00:00,415.50000000000006
2023-05-25 17:00:00,414.50000000000006
2023-05-25 18:00:00,414.90000000000003
2023-05-25 19:00:00,414.8
2023-05-25 23:00:00,414.20000000000005
2023-05-26 14:30:00,417.6
2023-05-26 15:00:00,418.50000000000006
2023-05-26 16:00:00,418.6
2023-05-26 17:00:00,419.00000000000006
2023-05-26 18:00:00,418.40000000000003
2023-05-26 19:00:00,418.3
2023-05-26 23:00:00,418.3
2023-05-30 14:30:00,413.90000000000003
2023-05-30 15:00:00,412.50000000000006
2023-05-30 16:00:00,412.20000000000005
2023-05-30 17:00:00,411.50000000000006
2023-05-30 18:00:00,408.6
2023-05-30 19:00:00,408.90000000000003
2023-05-30 23:00:00,409.00000000000006
2023-05-31 14:30:00,407.3
2023-05-31 15:00:00,407.00000000000006
2023-05-31 16:00:00,405.50000000000006
2023-05-31 17:00:00,406.1
2023-05-31 18:00:00,407.90000000000003
2023-05-31 19:00:00,407.6
2023-05-31 23:00:00,408.00000000000006
2023-06-01 14:30:00,414.6
2023-06-01 15:00:00,414.6
2023-06-01 16:00:00,412.6
2023-06-01 17:00:00,413.50000000000006
2023-06-01 18:00:00,412.90000000000003
2023-06-01 19:00:00,411.70000000000005
2023-06-01 23:00:00,412.8
2023-06-02 14:30:00,412.70000000000005
2023-06-02 15:00:00,413.40000000000003
2023-06-02 16:00:00,413.20000000000005
2023-06-02 17:00:00,413.00000000000006
2023-06-02 18:00:00,411.40000000000003
2023-06-02 19:00:00,411.00000000000006
2023-06-02 23:00:00,411.1
2023-06-05 14:30:00,413.70000000000005
2023-06-05 15:00:00,412.70000000000005
2023-06-05 16:00:00,413.90000000000003
2023-06-05 17:00:00,412.70000000000005
2023-06-05 18:00:00,413.3
2023-06-05 19:00:00,413.3
2023-06-05 23:00:00,413.1
2023-06-06 14:30:00,413.1
2023-06-06 15:00:00,411.20000000000005
2023-06-06 16:00:00,410.6
2023-06-06 17:00:00,411.6
2023-06-06 18:00:00,410.6
2023-06-06 19:00:00,408.90000000000003
2023-06-06 23:00:00,409.70000000000005
2023-06-07 14:30:00,410.00000000000006
2023-06-07 15:00:00,409.1
2023-06-07 16:00:00,412.8
2023-06-07 17:00:00,411.90000000000003
2023-06-07 18:00:00,412.00000000000006
2023-06-07 19:00:00,411.3
2023-06-07 23:00:00,411.40000000000003
2023-06-08 14:30:00,409.3
2023-06-08 15:00:00,409.3
2023-06-08 16:00:00,409.40000000000003
2023-06-08 17:00:00,409.50000000000006
2023-06-08 18:00:00,409.8
2023-06-08 19:00:00,410.00000000000006
2023-06-08 23:00:00,410.20000000000005
2023-06-09 14:30:00,409.1
2023-06-09 15:00:00,407.90000000000003
2023-06-09 16:00:00,408.8
2023-06-09 17:00:00,408.90000000000003
2023-06-09 18:00:00,408.90000000000003
2023-06-09 19:00:00,408.3
2023-06-09 23:00:00,409.00000000000006
2023-06-12 14:30:00,412.70000000000005
2023-06-12 15:00:00,412.00000000000006
2023-06-12 16:00:00,410.3
2023-06-12 17:00:00,410.70000000000005
2023-06-12 18:00:00,410.3
2023-06-12 19:00:00,410.20000000000005
2023-06-12 23:00:00,410.1
2023-06-13 14:30:00,412.1
2023-06-13 15:00:00,414.20000000000005
2023-06-13 16:00:00,416.3
2023-06-13 17:00:00,414.50000000000006
2023-06-13 18:00:00,413.3
2023-06-13 19:00:00,413.20000000000005
2023-06-13 19:00:01,413.20000000000005
2023-06-13 23:00:00,413.4000000000001
2023-06-14 14:30:00,412.00000000000006
2023-06-14 15:00:00,413.1000000000001
2023-06-14 16:00:00,412.20000000000005
2023-06-14 17:00:00,411.6000000000001
2023-06-14 18:00:00,410.6000000000001
2023-06-14 19:00:00,410.6000000000001
2023-06-14 23:00:00,410.20000000000005
2023-06-15 14:30:00,416.50000000000006
2023-06-15 15:00:00,418.1000000000001
2023-06-15 16:00:00,416.00000000000006
2023-06-15 17:00:00,418.00000000000006
2023-06-15 18:00:00,419.1000000000001
2023-06-15 19:00:00,419.30000000000007
2023-06-15 23:00:00,419.1000000000001
2023-06-16 14:30:00,432.70000000000005
2023-06-16 15:00:00,435.9000000000001
2023-06-16 16:00:00,433.80000000000007
2023-06-16 17:00:00,433.20000000000005
2023-06-16 18:00:00,437.50000000000006
2023-06-16 19:00:00,438.6000000000001
2023-06-16 23:00:00,439.50000000000006
2023-06-20 14:30:00,436.6000000000001
2023-06-20 15:00:00,440.1000000000001
2023-06-20 16:00:00,437.9000000000001
2023-06-20 17:00:00,436.6000000000001
2023-06-20 18:00:00,437.1000000000001
2023-06-20 19:00:00,438.00000000000006
2023-06-20 23:00:00,438.00000000000006
2023-06-21 14:30:00,463.70000000000005
2023-06-21 15:00:00,466.70000000000005
2023-06-21 16:00:00,467.70000000000005
2023-06-21 17:00:00,465.20000000000005
2023-06-21 18:00:00,468.00000000000006
2023-06-21 19:00:00,467.9000000000001
2023-06-21 23:00:00,468.00000000000006
2023-06-22 14:30:00,456.80000000000007
2023-06-22 15:00:00,454.20000000000005
2023-06-22 16:00:00,453.80000000000007
2023-06-22 17:00:00,452.30000000000007
2023-06-22 18:00:00,450.50000000000006
2023-06-22 19:00:00,452.00000000000006
2023-06-22 23:00:00,451.6000000000001
2023-06-23 14:30:00,433.30000000000007
2023-06-23 15:00:00,433.4000000000001
2023-06-23 16:00:00,433.70000000000005
2023-06-23 17:00:00,432.4000000000001
2023-06-23 18:00:00,435.30000000000007
2023-06-23 19:00:00,432.50000000000006
2023-06-23 23:00:00,434.6000000000001
2023-06-26 14:30:00,439.70000000000005
2023-06-26 15:00:00,432.4000000000001
2023-06-26 16:00:00,435.4000000000001
2023-06-26 17:00:00,435.30000000000007
2023-06-26 18:00:00,435.4000000000001
2023-06-26 19:00:00,435.80000000000007
2023-06-26 23:00:00,435.50000000000006
2023-06-27 14:30:00,426.50000000000006
2023-06-27 15:00:00,425.9000000000001
2023-06-27 16:00:00,425.50000000000006
2023-06-27 17:00:00,425.20000000000005
2023-06-27 18:00:00,423.80000000000007
2023-06-27 19:00:00,422.50000000000006
2023-06-27 23:00:00,422.6000000000001
2023-06-28 14:30:00,416.4000000000001
2023-06-28 15:00:00,414.30000000000007
2023-06-28 16:00:00,417.20000000000005
2023-06-28 17:00:00,413.9000000000001
2023-06-28 18:00:00,416.20000000000005
2023-06-28 19:00:00,415.1000000000001
2023-06-28 23:00:00,415.30000000000007
2023-06-29 14:30:00,414.30000000000007
2023-06-29 15:00:00,416.30000000000007
2023-06-29 16:00:00,416.6000000000001
2023-06-29 17:00:00,415.70000000000005
2023-06-29 18:00:00,417.6000000000001
2023-06-29 19:00:00,417.50000000000006
2023-06-29 23:00:00,417.80000000000007
2023-06-30 14:30:00,419.1000000000001
2023-06-30 15:00:00,417.9000000000001
2023-06-30 16:00:00,420.50000000000006
2023-06-30 17:00:00,436.00000000000006
2023-06-30 18:00:00,434.80000000000007
2023-06-30 19:00:00,433.80000000000007
2023-06-30 23:00:00,434.6000000000001
2023-07-03 14:30:00,439.80000000000007
2023-07-03 15:00:00,439.80000000000007
2023-07-03 16:00:00,437.20000000000005
2023-07-03 17:00:00,437.1000000000001
2023-07-03 18:00:00,434.1000000000001
2023-07-03 19:00:00,434.70000000000005
2023-07-03 23:00:00,437.1000000000001
2023-07-05 14:30:00,432.20000000000005
2023-07-05 15:00:00,429.1000000000001
2023-07-05 16:00:00,428.80000000000007
2023-07-05 17:00:00,432.9000000000001
2023-07-05 18:00:00,433.00000000000006
2023-07-05 19:00:00,429.9000000000001
2023-07-05 23:00:00,429.9000000000001
2023-07-06 14:30:00,431.1000000000001
2023-07-06 15:00:00,427.9000000000001
2023-07-06 16:00:00,428.50000000000006
2023-07-06 17:00:00,428.20000000000005
2023-07-06 18:00:00,429.00000000000006
2023-07-06 19:00:00,428.9000000000001
2023-07-06 23:00:00,428.9000000000001
2023-07-07 14:30:00,423.4000000000001
2023-07-07 15:00:00,423.4000000000001
2023-07-07 16:00:00,424.50000000000006
2023-07-07 17:00:00,422.50000000000006
2023-07-07 18:00:00,423.4000000000001
2023-07-07 19:00:00,423.9000000000001
2023-07-07 23:00:00,423.9000000000001
2023-07-10 14:30:00,427.9000000000001
2023-07-10 15:00:00,427.6000000000001
2023-07-10 16:00:00,426.50000000000006
2023-07-10 17:00:00,428.1000000000001
2023-07-10 18:00:00,426.80000000000007
2023-07-10 19:00:00,425.4000000000001
2023-07-10 23:00:00,425.4000000000001
2023-07-11 14:30:00,431.70000000000005
2023-07-11 15:00:00,432.50000000000006
2023-07-11 16:00:00,434.1000000000001
2023-07-11 17:00:00,434.80000000000007
2023-07-11 18:00:00,436.30000000000007
2023-07-11 19:00:00,436.00000000000006
2023-07-11 19:00:01,436.00000000000006
2023-07-11 23:00:00,436.00000000000006
2023-07-12 14:30:00,440.6
2023-07-12 15:00:00,442.00000000000006
2023-07-12 16:00:00,442.3
2023-07-12 17:00:00,430.00000000000006
2023-07-12 18:00:00,427.40000000000003
2023-07-12 19:00:00,427.8
2023-07-12 23:00:00,427.8
2023-07-13 14:30:00,432.1
2023-07-13 15:00:00,433.20000000000005
2023-07-13 16:00:00,434.8
2023-07-13 17:00:00,436.1
2023-07-13 18:00:00,437.00000000000006
2023-07-13 19:00:00,437.40000000000003
2023-07-13 23:00:00,437.40000000000003
2023-07-14 14:30:00,437.8
2023-07-14 15:00:00,437.50000000000006
2023-07-14 16:00:00,437.00000000000006
2023-07-14 17:00:00,437.90000000000003
2023-07-14 18:00:00,438.50000000000006
2023-07-14 19:00:00,438.70000000000005
2023-07-14 23:00:00,438.70000000000005
2023-07-17 14:30:00,443.90000000000003
2023-07-17 15:00:00,441.8
2023-07-17 16:00:00,443.6
2023-07-17 17:00:00,446.1
2023-07-17 18:00:00,447.00000000000006
2023-07-17 19:00:00,445.8
2023-07-17 23:00:00,445.8
2023-07-18 14:30:00,450.1
2023-07-18 15:00:00,453.20000000000005
2023-07-18 16:00:00,454.6
2023-07-18 17:00:00,455.8
2023-07-18 18:00:00,456.8
2023-07-18 19:00:00,453.3
2023-07-18 23:00:00,453.3
2023-07-19 14:30:00,457.8
2023-07-19 15:00:00,453.8
2023-07-19 16:00:00,451.3
2023-07-19 17:00:00,451.50000000000006
2023-07-19 18:00:00,450.70000000000005
2023-07-19 19:00:00,452.8
2023-07-19 23:00:00,452.8
2023-07-20 14:30:00,452.8
2023-07-20 15:00:00,450.8
2023-07-20 16:00:00,452.6
2023-07-20 17:00:00,450.40000000000003
2023-07-20 18:00:00,447.00000000000006
2023-07-20 19:00:00,447.6
2023-07-20 23:00:00,447.6
2023-07-21 14:30:00,446.3
2023-07-21 15:00:00,446.40000000000003
2023-07-21 16:00:00,446.70000000000005
2023-07-21 17:00:00,444.40000000000003
2023-07-21 18:00:00,445.50000000000006
2023-07-21 19:00:00,445.6
2023-07-21 23:00:00,445.6
2023-07-24 14:30:00,444.90000000000003
2023-07-24 15:00:00,447.6
2023-07-24 16:00:00,446.20000000000005
2023-07-24 17:00:00,446.8
2023-07-24 18:00:00,449.6
2023-07-24 19:00:00,449.70000000000005
2023-07-24 23:00:00,449.70000000000005
2023-07-25 14:30:00,450.20000000000005
2023-07-25 15:00:00,450.40000000000003
2023-07-25 16:00:00,450.90000000000003
2023-07-25 17:00:00,451.00000000000006
2023-07-25 18:00:00,452.50000000000006
2023-07-25 19:00:00,454.00000000000006
2023-07-25 23:00:00,454.00000000000006
2023-07-26 14:30:00,456.6
2023-07-26 15:00:00,457.8
2023-07-26 16:00:00,451.20000000000005
2023-07-26 17:00:00,455.3
2023-07-26 18:00:00,455.20000000000005
2023-07-26 19:00:00,455.50000000000006
2023-07-26 23:00:00,455.50000000000006
2023-07-27 14:30:00,457.8
2023-07-27 15:00:00,457.40000000000003
2023-07-27 16:00:00,453.90000000000003
2023-07-27 17:00:00,455.50000000000006
2023-07-27 18:00:00,454.3
2023-07-27 19:00:00,452.20000000000005
2023-07-27 23:00:00,452.20000000000005
2023-07-28 14:30:00,446.50000000000006
2023-07-28 15:00:00,444.6
2023-07-28 16:00:00,444.90000000000003
2023-07-28 17:00:00,443.90000000000003
2023-07-28 18:00:00,441.90000000000003
2023-07-28 19:00:00,444.70000000000005
2023-07-28 23:00:00,444.70000000000005
2023-07-31 14:30:00,439.6
2023-07-31 15:00:00,437.3
2023-07-31 16:00:00,434.00000000000006
2023-07-31 17:00:00,430.00000000000006
2023-07-31 18:00:00,432.6
2023-07-31 19:00:00,433.00000000000006
2023-07-31 23:00:00,433.00000000000006
2023-08-01 14:30:00,437.1
2023-08-01 15:00:00,436.50000000000006
2023-08-01 16:00:00,432.1
2023-08-01 17:00:00,433.1
2023-08-01 18:00:00,436.00000000000006
2023-08-01 19:00:00,436.1
2023-08-01 23:00:00,436.1
2023-08-02 14:30:00,429.6
2023-08-02 15:00:00,428.3
2023-08-02 16:00:00,428.6
2023-08-02 17:00:00,430.8
2023-08-02 18:00:00,429.20000000000005
2023-08-02 19:00:00,429.6
2023-08-02 23:00:00,429.6
2023-08-03 14:30:00,438.6
2023-08-03 15:00:00,439.1
2023-08-03 16:00:00,436.3
2023-08-03 17:00:00,438.70000000000005
2023-08-03 18:00:00,436.70000000000005
2023-08-03 19:00:00,434.3
2023-08-03 23:00:00,434.3
2023-08-04 14:30:00,438.70000000000005
2023-08-04 15:00:00,436.3
2023-08-04 16:00:00,436.1
2023-08-04 17:00:00,434.20000000000005
2023-08-04 18:00:00,434.90000000000003
2023-08-04 19:00:00,434.6
2023-08-04 23:00:00,434.6
2023-08-07 14:30:00,426.20000000000005
2023-08-07 15:00:00,426.00000000000006
2023-08-07 16:00:00,426.90000000000003
2023-08-07 17:00:00,428.00000000000006
2023-08-07 18:00:00,428.8
2023-08-07 19:00:00,430.00000000000006
2023-08-07 23:00:00,430.00000000000006
2023-08-08 14:30:00,429.3
2023-08-08 15:00:00,430.50000000000006
2023-08-08 16:00:00,430.00000000000006
2023-08-08 17:00:00,431.40000000000003
2023-08-08 18:00:00,431.70000000000005
2023-08-08 19:00:00,431.20000000000005
2023-08-08 23:00:00,431.20000000000005
2023-08-09 14:30:00,433.40000000000003
2023-08-09 15:00:00,430.70000000000005
2023-08-09 16:00:00,430.6
2023-08-09 17:00:00,428.6
2023-08-09 18:00:00,428.40000000000003
2023-08-09 19:00:00,428.8
2023-08-09 23:00:00,428.8
2023-08-10 14:30:00,434.40000000000003
2023-08-10 15:00:00,432.90000000000003
2023-08-10 16:00:00,432.00000000000006
2023-08-10 17:00:00,431.40000000000003
2023-08-10 18:00:00,430.8
2023-08-10 19:00:00,431.6
2023-08-10 23:00:00,431.6
2023-08-11 14:30:00,428.8
2023-08-11 15:00:00,428.40000000000003
2023-08-11 16:00:00,430.00000000000006
2023-08-11 17:00:00,430.6
2023-08-11 18:00:00,426.70000000000005
2023-08-11 19:00:00,425.6
2023-08-11 23:00:00,425.6
2023-08-14 14:30:00,429.40000000000003
2023-08-14 15:00:00,430.20000000000005
2023-08-14 16:00:00,429.00000000000006
2023-08-14 17:00:00,429.8
2023-08-14 18:00:00,429.8
2023-08-14 19:00:00,429.00000000000006
2023-08-14 23:00:00,429.00000000000006
2023-08-15 14:30:00,422.3
2023-08-15 15:00:00,421.40000000000003
2023-08-15 16:00:00,419.1
2023-08-15 17:00:00,419.20000000000005
2023-08-15 18:00:00,418.20000000000005
2023-08-15 19:00:00,417.6
2023-08-15 23:00:00,417.6
2023-08-16 14:30:00,419.40000000000003
2023-08-16 15:00:00,420.6
2023-08-16 16:00:00,421.1
2023-08-16 17:00:00,420.3
2023-08-16 18:00:00,420.50000000000006
2023-08-16 19:00:00,420.40000000000003
2023-08-16 23:00:00,420.40000000000003
2023-08-17 14:30:00,418.00000000000006
2023-08-17 15:00:00,419.70000000000005
2023-08-17 16:00:00,420.70000000000005
2023-08-17 17:00:00,419.6
2023-08-17 18:00:00,418.3
2023-08-17 19:00:00,418.40000000000003
2023-08-17 23:00:00,418.40000000000003
2023-08-18 14:30:00,425.00000000000006
2023-08-18 15:00:00,423.6
2023-08-18 16:00:00,424.3
2023-08-18 17:00:00,423.40000000000003
2023-08-18 18:00:00,426.3
2023-08-18 19:00:00,426.20000000000005
2023-08-18 23:00:00,426.20000000000005
2023-08-21 14:30:00,432.6
2023-08-21 15:00:00,428.00000000000006
2023-08-21 16:00:00,429.50000000000006
2023-08-21 17:00:00,435.20000000000005
2023-08-21 18:00:00,433.50000000000006
2023-08-21 19:00:00,433.20000000000005
2023-08-21 23:00:00,433.20000000000005
2023-08-22 14:30:00,437.70000000000005
2023-08-22 15:00:00,430.50000000000006
2023-08-22 16:00:00,429.20000000000005
2023-08-22 17:00:00,430.20000000000005
2023-08-22 18:00:00,431.40000000000003
2023-08-22 19:00:00,432.40000000000003
2023-08-22 23:00:00,432.40000000000003
2023-08-23 14:30:00,436.1
2023-08-23 15:00:00,435.3
2023-08-23 16:00:00,437.40000000000003
2023-08-23 17:00:00,438.6
2023-08-23 18:00:00,438.20000000000005
2023-08-23 19:00:00,438.8
2023-08-23 23:00:00,438.8
2023-08-24 14:30:00,444.50000000000006
2023-08-24 15:00:00,446.00000000000006
2023-08-24 16:00:00,445.90000000000003
2023-08-24 17:00:00,450.3
2023-08-24 18:00:00,449.40000000000003
2023-08-24 19:00:00,449.6
2023-08-24 23:00:00,449.6
2023-08-25 14:30:00,453.40000000000003
2023-08-25 15:00:00,450.8
2023-08-25 16:00:00,451.50000000000006
2023-08-25 17:00:00,450.3
2023-08-25 18:00:00,451.8
2023-08-25 19:00:00,451.1
2023-08-25 23:00:00,451.1
2023-08-28 14:30:00,456.90000000000003
2023-08-28 15:00:00,453.3
2023-08-28 16:00:00,453.1
2023-08-28 17:00:00,454.00000000000006
2023-08-28 18:00:00,455.3
2023-08-28 19:00:00,456.50000000000006
2023-08-28 23:00:00,456.50000000000006
2023-08-29 14:30:00,450.6
2023-08-29 15:00:00,451.90000000000003
2023-08-29 16:00:00,450.00000000000006
2023-08-29 17:00:00,451.1
2023-08-29 18:00:00,450.00000000000006
2023-08-29 19:00:00,449.8
2023-08-29 23:00:00,449.8
2023-08-30 14:30:00,446.3
2023-08-30 15:00:00,443.70000000000005
2023-08-30 16:00:00,445.6
2023-08-30 17:00:00,447.90000000000003
2023-08-30 18:00:00,447.6
2023-08-30 19:00:00,447.3
2023-08-30 23:00:00,447.3
2023-08-31 14:30:00,445.50000000000006
2023-08-31 15:00:00,443.70000000000005
2023-08-31 16:00:00,442.20000000000005
2023-08-31 17:00:00,442.40000000000003
2023-08-31 18:00:00,442.00000000000006
2023-08-31 19:00:00,441.50000000000006
2023-08-31 23:00:00,441.50000000000006
2023-09-01 14:30:00,441.3
2023-09-01 15:00:00,438.90000000000003
2023-09-01 16:00:00,438.00000000000006
2023-09-01 17:00:00,439.00000000000006
2023-09-01 18:00:00,437.6
2023-09-01 19:00:00,436.50000000000006
2023-09-01 23:00:00,436.50000000000006
2023-09-05 14:30:00,437.20000000000005
2023-09-05 15:00:00,436.6
2023-09-05 16:00:00,434.1
2023-09-05 17:00:00,434.00000000000006
2023-09-05 18:00:00,434.50000000000006
2023-09-05 19:00:00,435.6
2023-09-05 23:00:00,435.6
2023-09-06 14:30:00,441.00000000000006
2023-09-06 15:00:00,439.00000000000006
2023-09-06 16:00:00,438.3
2023-09-06 17:00:00,435.3
2023-09-06 18:00:00,436.8
2023-09-06 19:00:00,436.20000000000005
2023-09-06 23:00:00,436.20000000000005
2023-09-07 14:30:00,433.70000000000005
2023-09-07 15:00:00,433.70000000000005
2023-09-07 16:00:00,432.50000000000006
2023-09-07 17:00:00,434.40000000000003
2023-09-07 18:00:00,432.90000000000003
2023-09-07 19:00:00,433.00000000000006
2023-09-07 23:00:00,433.00000000000006
2023-09-08 14:30:00,433.90000000000003
2023-09-08 15:00:00,436.3
2023-09-08 16:00:00,436.6
2023-09-08 17:00:00,437.50000000000006
2023-09-08 18:00:00,439.20000000000005
2023-09-08 19:00:00,439.1
2023-09-08 23:00:00,439.1
2023-09-11 14:30:00,442.8
2023-09-11 15:00:00,439.8
2023-09-11 16:00:00,441.40000000000003
2023-09-11 17:00:00,441.90000000000003
2023-09-11 18:00:00,441.6
2023-09-11 19:00:00,442.1
2023-09-11 23:00:00,442.1
2023-09-12 14:30:00,439.1
2023-09-12 15:00:00,439.40000000000003
2023-09-12 16:00:00,438.3
2023-09-12 17:00:00,436.90000000000003
2023-09-12 18:00:00,435.70000000000005
2023-09-12 19:00:00,434.90000000000003
2023-09-12 19:00:01,434.90000000000003
2023-09-12 23:00:00,434.90000000000003
2023-09-13 14:30:00,430.7
2023-09-13 15:00:00,428.8
2023-09-13 16:00:00,429.6
2023-09-13 17:00:00,430.3
2023-09-13 18:00:00,431.90000000000003
2023-09-13 19:00:00,431.7
2023-09-13 23:00:00,431.7
2023-09-14 14:30:00,433.6
2023-09-14 15:00:00,435.2
2023-09-14 16:00:00,435.3
2023-09-14 17:00:00,437.3
2023-09-14 18:00:00,435.90000000000003
2023-09-14 19:00:00,435.1
2023-09-14 23:00:00,435.1
2023-09-15 14:30:00,433.6
2023-09-15 15:00:00,432.5
2023-09-15 16:00:00,432.0
2023-09-15 17:00:00,430.2
2023-09-15 18:00:00,428.90000000000003
2023-09-15 19:00:00,428.3
2023-09-15 23:00:00,428.3
2023-09-18 14:30:00,425.3
2023-09-18 15:00:00,424.5
2023-09-18 16:00:00,425.0
2023-09-18 17:00:00,424.90000000000003
2023-09-18 18:00:00,424.40000000000003
2023-09-18 19:00:00,423.8
2023-09-18 23:00:00,423.8
2023-09-19 14:30:00,423.1
2023-09-19 15:00:00,424.5
2023-09-19 16:00:00,423.7
2023-09-19 17:00:00,424.0
2023-09-19 18:00:00,425.2
2023-09-19 19:00:00,424.7
2023-09-19 23:00:00,424.7
2023-09-20 14:30:00,429.6
2023-09-20 15:00:00,430.0
2023-09-20 16:00:00,431.40000000000003
2023-09-20 17:00:00,431.1
2023-09-20 18:00:00,430.8
2023-09-20 19:00:00,430.6
2023-09-20 23:00:00,430.6
2023-09-21 14:30:00,424.90000000000003
2023-09-21 15:00:00,425.8
2023-09-21 16:00:00,425.6
2023-09-21 17:00:00,425.2
2023-09-21 18:00:00,424.6
2023-09-21 19:00:00,424.5
2023-09-21 23:00:00,424.5
2023-09-22 14:30:00,423.6
2023-09-22 15:00:00,421.1
2023-09-22 16:00:00,421.7
2023-09-22 17:00:00,423.1
2023-09-22 18:00:00,421.90000000000003
2023-09-22 19:00:00,421.5
2023-09-22 23:00:00,421.5
2023-09-25 14:30:00,422.40000000000003
2023-09-25 15:00:00,424.2
2023-09-25 16:00:00,424.7
2023-09-25 17:00:00,425.3
2023-09-25 18:00:00,425.5
2023-09-25 19:00:00,425.2
2023-09-25 23:00:00,425.2
2023-09-26 14:30:00,424.8
2023-09-26 15:00:00,424.5
2023-09-26 16:00:00,425.0
2023-09-26 17:00:00,424.40000000000003
2023-09-26 18:00:00,428.1
2023-09-26 19:00:00,429.40000000000003
2023-09-26 23:00:00,429.40000000000003
2023-09-27 14:30:00,429.6
2023-09-27 15:00:00,427.5
2023-09-27 16:00:00,425.90000000000003
2023-09-27 17:00:00,424.7
2023-09-27 18:00:00,424.40000000000003
2023-09-27 19:00:00,424.5
2023-09-27 23:00:00,424.5
2023-09-28 14:30:00,425.1
2023-09-28 15:00:00,426.6
2023-09-28 16:00:00,426.6
2023-09-28 17:00:00,428.2
2023-09-28 18:00:00,427.3
2023-09-28 19:00:00,427.3
2023-09-28 23:00:00,427.3
2023-09-29 14:30:00,423.6
2023-09-29 15:00:00,423.6
2023-09-29 16:00:00,424.3
2023-09-29 17:00:00,419.2
2023-09-29 18:00:00,419.0
2023-09-29 19:00:00,419.0
2023-09-29 23:00:00,419.0
2023-10-02 14:30:00,415.40000000000003
2023-10-02 15:00:00,414.90000000000003
2023-10-02 16:00:00,412.3
2023-10-02 17:00:00,411.7
2023-10-02 18:00:00,412.40000000000003
2023-10-02 19:00:00,412.5
2023-10-02 23:00:00,412.5
2023-10-03 14:30:00,408.8
2023-10-03 15:00:00,407.1
2023-10-03 16:00:00,408.2
2023-10-03 17:00:00,411.0
2023-10-03 18:00:00,410.8
2023-10-03 19:00:00,411.90000000000003
2023-10-03 23:00:00,411.90000000000003
2023-10-04 14:30:00,408.3
2023-10-04 15:00:00,409.7
2023-10-04 16:00:00,411.8
2023-10-04 17:00:00,409.8
2023-10-04 18:00:00,410.5
2023-10-04 19:00:00,410.1
2023-10-04 23:00:00,410.1
2023-10-05 14:30:00,408.1
2023-10-05 15:00:00,409.1
2023-10-05 16:00:00,413.5
2023-10-05 17:00:00,415.6
2023-10-05 18:00:00,415.1
2023-10-05 19:00:00,414.8
2023-10-05 23:00:00,414.8
2023-10-06 14:30:00,412.8
2023-10-06 15:00:00,410.90000000000003
2023-10-06 16:00:00,411.2
2023-10-06 17:00:00,410.8
2023-10-06 18:00:00,410.2
2023-10-06 19:00:00,409.7
2023-10-06 19:00:01,409.7
2023-10-06 23:00:00,409.7
2023-10-09 14:30:00,408.4
2023-10-09 15:00:00,410.5
2023-10-09 16:00:00,412.9
2023-10-09 17:00:00,412.9
2023-10-09 18:00:00,414.0
2023-10-09 19:00:00,411.7
2023-10-09 23:00:00,411.7
2023-10-10 14:30:00,413.79999999999995
2023-10-10 15:00:00,414.59999999999997
2023-10-10 16:00:00,414.4
2023-10-10 17:00:00,413.7
2023-10-10 18:00:00,414.4
2023-10-10 19:00:00,414.9
2023-10-10 23:00:00,414.9
2023-10-11 14:30:00,413.09999999999997
2023-10-11 15:00:00,412.4
2023-10-11 16:00:00,412.59999999999997
2023-10-11 17:00:00,413.7
2023-10-11 18:00:00,413.29999999999995
2023-10-11 19:00:00,413.79999999999995
2023-10-11 23:00:00,413.79999999999995
2023-10-12 14:30:00,416.29999999999995
2023-10-12 15:00:00,415.9
2023-10-12 16:00:00,416.0
2023-10-12 17:00:00,425.4
2023-10-12 18:00:00,424.7
2023-10-12 19:00:00,424.79999999999995
2023-10-12 23:00:00,424.79999999999995
2023-10-13 14:30:00,426.59999999999997
2023-10-13 15:00:00,422.2
2023-10-13 16:00:00,421.29999999999995
2023-10-13 17:00:00,421.9
2023-10-13 18:00:00,421.79999999999995
2023-10-13 19:00:00,422.79999999999995
2023-10-13 23:00:00,422.79999999999995
2023-10-16 14:30:00,420.5
2023-10-16 15:00:00,419.9
2023-10-16 16:00:00,419.5
2023-10-16 17:00:00,420.5
2023-10-16 18:00:00,421.29999999999995
2023-10-16 19:00:00,422.59999999999997
2023-10-16 23:00:00,422.59999999999997
2023-10-17 14:30:00,426.29999999999995
2023-10-17 15:00:00,428.2
2023-10-17 16:00:00,430.0
2023-10-17 17:00:00,429.09999999999997
2023-10-17 18:00:00,428.9
2023-10-17 19:00:00,430.2
2023-10-17 23:00:00,430.2
2023-10-18 14:30:00,431.4
2023-10-18 15:00:00,429.0
2023-10-18 16:00:00,431.29999999999995
2023-10-18 17:00:00,434.0
2023-10-18 18:00:00,439.09999999999997
2023-10-18 19:00:00,440.79999999999995
2023-10-18 23:00:00,440.79999999999995
2023-10-19 14:30:00,441.29999999999995
2023-10-19 15:00:00,441.4
2023-10-19 16:00:00,442.79999999999995
2023-10-19 17:00:00,444.09999999999997
2023-10-19 18:00:00,446.7
2023-10-19 19:00:00,447.29999999999995
2023-10-19 23:00:00,447.29999999999995
2023-10-20 14:30:00,442.79999999999995
2023-10-20 15:00:00,443.7
2023-10-20 16:00:00,443.2
2023-10-20 17:00:00,442.5
2023-10-20 18:00:00,443.4
2023-10-20 19:00:00,444.7
2023-10-20 23:00:00,444.7
2023-10-23 14:30:00,439.9
2023-10-23 15:00:00,445.4
2023-10-23 16:00:00,445.4
2023-10-23 17:00:00,446.7
2023-10-23 18:00:00,444.29999999999995
2023-10-23 19:00:00,443.59999999999997
2023-10-23 23:00:00,443.59999999999997
2023-10-24 14:30:00,442.79999999999995
2023-10-24 15:00:00,445.09999999999997
2023-10-24 16:00:00,446.0
2023-10-24 17:00:00,449.9
2023-10-24 18:00:00,453.0
2023-10-24 19:00:00,453.4
2023-10-24 23:00:00,453.4
2023-10-25 14:30:00,447.2
2023-10-25 15:00:00,445.9
2023-10-25 16:00:00,447.29999999999995
2023-10-25 17:00:00,448.2
2023-10-25 18:00:00,448.2
2023-10-25 19:00:00,446.9
2023-10-25 23:00:00,446.9
2023-10-26 14:30:00,446.9
2023-10-26 15:00:00,448.59999999999997
2023-10-26 16:00:00,445.9
2023-10-26 17:00:00,446.79999999999995
2023-10-26 18:00:00,445.79999999999995
2023-10-26 19:00:00,445.4
2023-10-26 23:00:00,445.4
2023-10-27 14:30:00,453.4
2023-10-27 15:00:00,454.09999999999997
2023-10-27 16:00:00,457.7
2023-10-27 17:00:00,455.29999999999995
2023-10-27 18:00:00,453.9
2023-10-27 19:00:00,453.0
2023-10-27 23:00:00,453.0
2023-10-30 13:30:00,449.0
2023-10-30 14:00:00,449.79999999999995
2023-10-30 15:00:00,446.59999999999997
2023-10-30 16:00:00,444.59999999999997
2023-10-30 17:00:00,445.4
2023-10-30 18:00:00,444.5
2023-10-30 23:00:00,444.5
2023-10-31 13:30:00,445.29999999999995
2023-10-31 14:00:00,449.0
2023-10-31 15:00:00,448.09999999999997
2023-10-31 16:00:00,448.0
2023-10-31 17:00:00,449.0
2023-10-31 18:00:00,448.5
2023-10-31 23:00:00,448.5
2023-11-01 13:30:00,446.29999999999995
2023-11-01 14:00:00,450.59999999999997
2023-11-01 15:00:00,448.79999999999995
2023-11-01 16:00:00,449.7
2023-11-01 17:00:00,450.4
2023-11-01 18:00:00,450.5
2023-11-01 23:00:00,450.5
2023-11-02 13:30:00,451.59999999999997
2023-11-02 14:00:00,451.0
2023-11-02 15:00:00,450.79999999999995
2023-11-02 16:00:00,447.59999999999997
2023-11-02 17:00:00,449.9
2023-11-02 18:00:00,450.4
2023-11-02 23:00:00,450.4
2023-11-03 13:30:00,455.09999999999997
2023-11-03 14:00:00,455.29999999999995
2023-11-03 15:00:00,457.4
2023-11-03 16:00:00,461.4
2023-11-03 17:00:00,463.29999999999995
2023-11-03 18:00:00,467.29999999999995
2023-11-03 23:00:00,467.29999999999995
2023-11-06 14:30:00,460.4
2023-11-06 15:00:00,460.7
2023-11-06 16:00:00,460.9
2023-11-06 17:00:00,463.5
2023-11-06 18:00:00,463.9
2023-11-06 19:00:00,465.59999999999997
2023-11-06 23:00:00,465.59999999999997
2023-11-07 14:30:00,474.4
2023-11-07 15:00:00,477.79999999999995
2023-11-07 16:00:00,473.9
2023-11-07 17:00:00,471.29999999999995
2023-11-07 18:00:00,471.7
2023-11-07 19:00:00,473.59999999999997
2023-11-07 23:00:00,473.59999999999997
2023-11-08 14:30:00,482.2
2023-11-08 15:00:00,480.5
2023-11-08 16:00:00,479.79999999999995
2023-11-08 17:00:00,474.4
2023-11-08 18:00:00,471.29999999999995
2023-11-08 19:00:00,472.4
2023-11-08 23:00:00,472.4
2023-11-09 14:30:00,469.0
2023-11-09 15:00:00,467.4
2023-11-09 16:00:00,468.0
2023-11-09 17:00:00,466.79999999999995
2023-11-09 18:00:00,465.9
2023-11-09 19:00:00,468.29999999999995
2023-11-09 23:00:00,468.29999999999995
2023-11-10 14:30:00,462.4
2023-11-10 15:00:00,462.09999999999997
2023-11-10 16:00:00,462.9
2023-11-10 17:00:00,463.09999999999997
2023-11-10 18:00:00,464.29999999999995
2023-11-10 19:00:00,463.2
2023-11-10 23:00:00,463.2
2023-11-13 14:30:00,475.9
2023-11-13 15:00:00,479.0
2023-11-13 16:00:00,484.59999999999997
2023-11-13 17:00:00,484.29999999999995
2023-11-13 18:00:00,482.0
2023-11-13 19:00:00,482.4
2023-11-13 23:00:00,482.4
2023-11-14 14:30:00,471.7
2023-11-14 15:00:00,473.9
2023-11-14 16:00:00,476.79999999999995
2023-11-14 17:00:00,481.4
2023-11-14 18:00:00,483.0
2023-11-14 19:00:00,483.09999999999997
2023-11-14 23:00:00,483.09999999999997
2023-11-15 14:30:00,479.79999999999995
2023-11-15 15:00:00,478.7
2023-11-15 16:00:00,478.4
2023-11-15 17:00:00,477.09999999999997
2023-11-15 18:00:00,477.5
2023-11-15 19:00:00,479.0
2023-11-15 23:00:00,479.0
2023-11-16 14:30:00,469.79999999999995
2023-11-16 15:00:00,468.79999999999995
2023-11-16 16:00:00,471.2
2023-11-16 17:00:00,474.2
2023-11-16 18:00:00,475.7
2023-11-16 19:00:00,475.59999999999997
2023-11-16 23:00:00,475.59999999999997
2023-11-17 14:30:00,467.9
2023-11-17 15:00:00,469.29999999999995
2023-11-17 16:00:00,467.7
2023-11-17 17:00:00,466.9
2023-11-17 18:00:00,465.29999999999995
2023-11-17 19:00:00,466.09999999999997
2023-11-17 23:00:00,466.09999999999997
2023-11-20 14:30:00,461.09999999999997
2023-11-20 15:00:00,462.59999999999997
2023-11-20 16:00:00,465.0
2023-11-20 17:00:00,468.2
2023-11-20 18:00:00,470.59999999999997
2023-11-20 19:00:00,472.79999999999995
2023-11-20 23:00:00,472.79999999999995
2023-11-21 14:30:00,477.59999999999997
2023-11-21 15:00:00,469.5
2023-11-21 16:00:00,470.29999999999995
2023-11-21 17:00:00,469.7
2023-11-21 18:00:00,470.5
2023-11-21 19:00:00,471.0
2023-11-21 23:00:00,471.0
2023-11-22 14:30:00,471.4
2023-11-22 15:00:00,471.9
2023-11-22 16:00:00,471.5
2023-11-22 17:00:00,467.7
2023-11-22 18:00:00,465.79999999999995
2023-11-22 19:00:00,465.5
2023-11-22 23:00:00,465.5
2023-11-24 14:30:00,466.79999999999995
2023-11-24 15:00:00,465.59999999999997
2023-11-24 16:00:00,466.79999999999995
2023-11-24 17:00:00,462.9
2023-11-24 18:00:00,462.09999999999997
2023-11-24 23:00:00,462.09999999999997
2023-11-27 14:30:00,463.59999999999997
2023-11-27 15:00:00,461.0
2023-11-27 16:00:00,461.0
2023-11-27 17:00:00,463.2
2023-11-27 18:00:00,463.59999999999997
2023-11-27 19:00:00,464.0
2023-11-27 23:00:00,464.0
2023-11-28 14:30:00,462.9
2023-11-28 15:00:00,466.59999999999997
2023-11-28 16:00:00,465.09999999999997
2023-11-28 17:00:00,463.5
2023-11-28 18:00:00,460.59999999999997
2023-11-28 19:00:00,460.9
2023-11-28 23:00:00,460.9
2023-11-29 14:30:00,459.0
2023-11-29 15:00:00,458.7
2023-11-29 16:00:00,457.09999999999997
2023-11-29 17:00:00,459.4
2023-11-29 18:00:00,458.09999999999997
2023-11-29 19:00:00,458.29999999999995
2023-11-29 23:00:00,458.29999999999995
2023-11-30 14:30:00,455.5
2023-11-30 15:00:00,456.29999999999995
2023-11-30 16:00:00,456.29999999999995
2023-11-30 17:00:00,455.7
2023-11-30 18:00:00,455.59999999999997
2023-11-30 19:00:00,455.09999999999997
2023-11-30 23:00:00,455.09999999999997
2023-12-01 14:30:00,448.29999999999995
2023-12-01 15:00:00,448.5
2023-12-01 16:00:00,446.9
2023-12-01 17:00:00,450.0
2023-12-01 18:00:00,446.5
2023-12-01 19:00:00,446.09999999999997
2023-12-01 23:00:00,446.09999999999997
2023-12-04 14:30:00,447.9
2023-12-04 15:00:00,449.09999999999997
2023-12-04 16:00:00,445.9
2023-12-04 17:00:00,440.59999999999997
2023-12-04 18:00:00,441.5
2023-12-04 19:00:00,441.0
2023-12-04 23:00:00,441.0
2023-12-05 14:30:00,441.79999999999995
2023-12-05 15:00:00,440.9
2023-12-05 16:00:00,442.5
2023-12-05 17:00:00,443.29999999999995
2023-12-05 18:00:00,444.09999999999997
2023-12-05 19:00:00,445.9
2023-12-05 23:00:00,445.9
2023-12-06 14:30:00,440.59999999999997
2023-12-06 15:00:00,442.4
2023-12-06 16:00:00,438.79999999999995
2023-12-06 17:00:00,443.7
2023-12-06 18:00:00,439.7
2023-12-06 19:00:00,439.4
2023-12-06 23:00:00,439.4
2023-12-07 14:30:00,437.0
2023-12-07 15:00:00,437.9
2023-12-07 16:00:00,440.0
2023-12-07 17:00:00,437.9
2023-12-07 18:00:00,438.59999999999997
2023-12-07 19:00:00,439.59999999999997
2023-12-07 23:00:00,439.59999999999997
2023-12-08 14:30:00,443.9
2023-12-08 15:00:00,441.59999999999997
2023-12-08 16:00:00,442.4
2023-12-08 17:00:00,436.0
2023-12-08 18:00:00,436.29999999999995
2023-12-08 19:00:00,439.0
2023-12-08 23:00:00,439.0
2023-12-11 14:30:00,442.29999999999995
2023-12-11 15:00:00,444.09999999999997
2023-12-11 16:00:00,444.5
2023-12-11 17:00:00,444.5
2023-12-11 18:00:00,444.4
2023-12-11 19:00:00,446.5
2023-12-11 23:00:00,446.5
2023-12-12 14:30:00,445.79999999999995
2023-12-12 15:00:00,447.7
2023-12-12 16:00:00,446.4
2023-12-12 17:00:00,443.59999999999997
2023-12-12 18:00:00,443.7
2023-12-12 19:00:00,442.79999999999995
2023-12-12 23:00:00,442.79999999999995
2023-12-13 14:30:00,435.79999999999995
2023-12-13 15:00:00,431.79999999999995
2023-12-13 16:00:00,437.29999999999995
2023-12-13 17:00:00,435.2
2023-12-13 18:00:00,433.79999999999995
2023-12-13 19:00:00,436.09999999999997
2023-12-13 19:00:01,436.09999999999997
2023-12-13 23:00:00,436.09999999999997
2023-12-14 14:30:00,434.79999999999995
2023-12-14 15:00:00,433.9
2023-12-14 16:00:00,433.79999999999995
2023-12-14 17:00:00,436.9
2023-12-14 18:00:00,436.49999999999994
2023-12-14 19:00:00,437.09999999999997
2023-12-14 23:00:00,437.09999999999997
2023-12-15 14:30:00,435.59999999999997
2023-12-15 15:00:00,434.9
2023-12-15 16:00:00,434.59999999999997
2023-12-15 17:00:00,434.59999999999997
2023-12-15 18:00:00,434.99999999999994
2023-12-15 19:00:00,435.99999999999994
2023-12-15 23:00:00,435.99999999999994
2023-12-18 14:30:00,434.9
2023-12-18 15:00:00,435.99999999999994
2023-12-18 16:00:00,438.2
2023-12-18 17:00:00,436.99999999999994
2023-12-18 18:00:00,438.79999999999995
2023-12-18 19:00:00,439.59999999999997
2023-12-18 23:00:00,439.59999999999997
2023-12-19 14:30:00,434.29999999999995
2023-12-19 15:00:00,433.4
2023-12-19 16:00:00,433.7
2023-12-19 17:00:00,432.59999999999997
2023-12-19 18:00:00,431.29999999999995
2023-12-19 19:00:00,431.49999999999994
2023-12-19 23:00:00,431.49999999999994
2023-12-20 14:30:00,428.4
2023-12-20 15:00:00,429.09999999999997
2023-12-20 16:00:00,428.59999999999997
2023-12-20 17:00:00,427.99999999999994
2023-12-20 18:00:00,428.2
2023-12-20 19:00:00,427.99999999999994
2023-12-20 23:00:00,427.99999999999994
2023-12-21 14:30:00,425.09999999999997
2023-12-21 15:00:00,426.29999999999995
2023-12-21 16:00:00,427.49999999999994
2023-12-21 17:00:00,427.59999999999997
2023-12-21 18:00:00,426.79999999999995
2023-12-21 19:00:00,425.7
2023-12-21 23:00:00,425.7
2023-12-22 14:30:00,425.59999999999997
2023-12-22 15:00:00,427.79999999999995
2023-12-22 16:00:00,428.59999999999997
2023-12-22 17:00:00,429.29999999999995
2023-12-22 18:00:00,431.2
2023-12-22 19:00:00,429.99999999999994
2023-12-22 23:00:00,429.99999999999994
2023-12-26 14:30:00,429.2
2023-12-26 15:00:00,430.29999999999995
2023-12-26 16:00:00,430.9
2023-12-26 17:00:00,434.2
2023-12-26 18:00:00,434.9
2023-12-26 19:00:00,434.79999999999995
2023-12-26 23:00:00,434.79999999999995
2023-12-27 14:30:00,434.49999999999994
2023-12-27 15:00:00,434.09999999999997
2023-12-27 16:00:00,432.9
2023-12-27 17:00:00,432.9
2023-12-27 18:00:00,434.99999999999994
2023-12-27 19:00:00,434.7
2023-12-27 23:00:00,434.7
2023-12-28 14:30:00,434.59999999999997
2023-12-28 15:00:00,433.59999999999997
2023-12-28 16:00:00,431.9
2023-12-28 17:00:00,431.7
2023-12-28 18:00:00,431.59999999999997
2023-12-28 19:00:00,431.9
2023-12-28 23:00:00,431.9
2023-12-29 14:30:00,428.7
2023-12-29 15:00:00,428.79999999999995
2023-12-29 16:00:00,428.2
2023-12-29 17:00:00,427.29999999999995
2023-12-29 18:00:00,428.09999999999997
2023-12-29 19:00:00,427.4
2023-12-29 23:00:00,427.4
2024-01-02 14:30:00,421.59999999999997
2024-01-02 15:00:00,419.79999999999995
2024-01-02 16:00:00,419.2
2024-01-02 17:00:00,420.29999999999995
2024-01-02 18:00:00,419.99999999999994
2024-01-02 19:00:00,420.9
2024-01-02 23:00:00,420.9
2024-01-03 14:30:00,417.99999999999994
2024-01-03 15:00:00,420.29999999999995
2024-01-03 16:00:00,421.9
2024-01-03 17:00:00,422.2
2024-01-03 18:00:00,421.9
2024-01-03 19:00:00,421.79999999999995
2024-01-03 23:00:00,421.79999999999995
2024-01-04 14:30:00,418.59999999999997
2024-01-04 15:00:00,420.9
2024-01-04 16:00:00,419.7
2024-01-04 17:00:00,419.59999999999997
2024-01-04 18:00:00,419.49999999999994
2024-01-04 19:00:00,418.49999999999994
2024-01-04 23:00:00,418.49999999999994
2024-01-05 14:30:00,414.7
2024-01-05 15:00:00,415.59999999999997
2024-01-05 16:00:00,415.99999999999994
2024-01-05 17:00:00,414.79999999999995
2024-01-05 18:00:00,413.99999999999994
2024-01-05 19:00:00,413.4
2024-01-05 23:00:00,413.4
2024-01-08 14:30:00,410.49999999999994
2024-01-08 15:00:00,411.59999999999997
2024-01-08 16:00:00,410.59999999999997
2024-01-08 17:00:00,410.99999999999994
2024-01-08 18:00:00,411.4
2024-01-08 19:00:00,411.59999999999997
2024-01-08 23:00:00,411.59999999999997
2024-01-09 14:30:00,408.49999999999994
2024-01-09 15:00:00,409.2
2024-01-09 16:00:00,410.59999999999997
2024-01-09 17:00:00,410.59999999999997
2024-01-09 18:00:00,410.99999999999994
2024-01-09 19:00:00,410.59999999999997
2024-01-09 23:00:00,410.59999999999997
2024-01-10 14:30:00,407.79999999999995
2024-01-10 15:00:00,408.59999999999997
2024-01-10 16:00:00,408.29999999999995
2024-01-10 17:00:00,407.4
2024-01-10 18:00:00,407.4
2024-01-10 19:00:00,406.59999999999997
2024-01-10 23:00:00,406.59999999999997
2024-01-11 14:30:00,407.2
2024-01-11 15:00:00,404.9
2024-01-11 16:00:00,406.29999999999995
2024-01-11 17:00:00,405.59999999999997
2024-01-11 18:00:00,405.7
2024-01-11 19:00:00,404.79999999999995
2024-01-11 23:00:00,404.79999999999995
2024-01-12 14:30:00,403.99999999999994
2024-01-12 15:00:00,404.9
2024-01-12 16:00:00,404.29999999999995
2024-01-12 17:00:00,398.2
2024-01-12 18:00:00,401.09999999999997
2024-01-12 19:00:00,403.99999999999994
2024-01-12 23:00:00,403.99999999999994
2024-01-16 14:30:00,407.79999999999995
2024-01-16 15:00:00,405.29999999999995
2024-01-16 16:00:00,406.9
2024-01-16 17:00:00,406.99999999999994
2024-01-16 18:00:00,407.29999999999995
2024-01-16 19:00:00,409.99999999999994
2024-01-16 23:00:00,409.99999999999994
2024-01-17 14:30:00,403.99999999999994
2024-01-17 15:00:00,404.4
2024-01-17 16:00:00,401.9
2024-01-17 17:00:00,401.99999999999994
2024-01-17 18:00:00,398.59999999999997
2024-01-17 19:00:00,398.4
2024-01-17 23:00:00,398.4
2024-01-18 14:30:00,398.9
2024-01-18 15:00:00,398.59999999999997
2024-01-18 16:00:00,397.99999999999994
2024-01-18 17:00:00,398.2
2024-01-18 18:00:00,400.2
2024-01-18 19:00:00,400.29999999999995
2024-01-18 23:00:00,400.29999999999995
2024-01-19 14:30:00,402.49999999999994
2024-01-19 15:00:00,401.99999999999994
2024-01-19 16:00:00,401.9
2024-01-19 17:00:00,401.29999999999995
2024-01-19 18:00:00,398.7
2024-01-19 19:00:00,398.7
2024-01-19 23:00:00,398.7
2024-01-22 14:30:00,396.09999999999997
2024-01-22 15:00:00,396.09999999999997
2024-01-22 16:00:00,396.59999999999997
2024-01-22 17:00:00,396.59999999999997
2024-01-22 18:00:00,397.29999999999995
2024-01-22 19:00:00,398.29999999999995
2024-01-22 23:00:00,398.29999999999995
2024-01-23 14:30:00,401.29999999999995
2024-01-23 15:00:00,400.9
2024-01-23 16:00:00,401.29999999999995
2024-01-23 17:00:00,401.4
2024-01-23 18:00:00,402.9
2024-01-23 19:00:00,402.4
2024-01-23 23:00:00,402.4
2024-01-24 14:30:00,405.49999999999994
2024-01-24 15:00:00,404.09999999999997
2024-01-24 16:00:00,405.4
2024-01-24 17:00:00,406.79999999999995
2024-01-24 18:00:00,405.9
2024-01-24 19:00:00,405.2
2024-01-24 23:00:00,405.2
2024-01-25 14:30:00,405.7
2024-01-25 15:00:00,403.29999999999995
2024-01-25 16:00:00,401.99999999999994
2024-01-25 17:00:00,400.9
2024-01-25 18:00:00,400.79999999999995
2024-01-25 19:00:00,400.2
2024-01-25 23:00:00,400.2
2024-01-26 14:30:00,396.7
2024-01-26 15:00:00,398.2
2024-01-26 16:00:00,396.7
2024-01-26 17:00:00,393.4
2024-01-26 18:00:00,392.99999999999994
2024-01-26 19:00:00,392.9
2024-01-26 23:00:00,392.9
2024-01-29 14:30:00,392.29999999999995
2024-01-29 15:00:00,397.49999999999994
2024-01-29 16:00:00,396.2
2024-01-29 17:00:00,394.9
2024-01-29 18:00:00,395.79999999999995
2024-01-29 19:00:00,395.4
2024-01-29 23:00:00,395.4
2024-01-30 14:30:00,399.99999999999994
2024-01-30 15:00:00,401.4
2024-01-30 16:00:00,400.9
2024-01-30 17:00:00,400.9
2024-01-30 18:00:00,402.99999999999994
2024-01-30 19:00:00,404.49999999999994
2024-01-30 23:00:00,404.49999999999994
2024-01-31 14:30:00,402.79999999999995
2024-01-31 15:00:00,400.59999999999997
2024-01-31 16:00:00,400.9
2024-01-31 17:00:00,402.9
2024-01-31 18:00:00,406.9
2024-01-31 19:00:00,407.09999999999997
2024-01-31 23:00:00,407.09999999999997
2024-02-01 14:30:00,399.7
2024-02-01 15:00:00,400.7
2024-02-01 16:00:00,400.29999999999995
2024-02-01 17:00:00,399.4
2024-02-01 18:00:00,399.7
2024-02-01 19:00:00,400.2
2024-02-01 23:00:00,400.2
2024-02-02 14:30:00,400.9
2024-02-02 15:00:00,399.2
2024-02-02 16:00:00,399.49999999999994
2024-02-02 17:00:00,397.59999999999997
2024-02-02 18:00:00,395.7
2024-02-02 19:00:00,395.59999999999997
2024-02-02 23:00:00,395.59999999999997
2024-02-05 14:30:00,392.4
2024-02-05 15:00:00,395.59999999999997
2024-02-05 16:00:00,395.9
2024-02-05 17:00:00,397.99999999999994
2024-02-05 18:00:00,397.79999999999995
2024-02-05 19:00:00,398.79999999999995
2024-02-05 19:00:01,398.79999999999995
2024-02-05 23:00:00,398.79999999999995
2024-02-06 14:30:00,396.99999999999994
2024-02-06 15:00:00,398.69999999999993
2024-02-06 16:00:00,397.49999999999994
2024-02-06 17:00:00,396.5999999999999
2024-02-06 18:00:00,396.69999999999993
2024-02-06 19:00:00,396.99999999999994
2024-02-06 23:00:00,396.99999999999994
2024-02-07 14:30:00,393.3999999999999
2024-02-07 15:00:00,393.69999999999993
2024-02-07 16:00:00,390.8999999999999
2024-02-07 17:00:00,389.69999999999993
2024-02-07 18:00:00,390.29999999999995
2024-02-07 19:00:00,390.5999999999999
2024-02-07 23:00:00,390.5999999999999
2024-02-08 14:30:00,390.8999999999999
2024-02-08 15:00:00,391.49999999999994
2024-02-08 16:00:00,390.29999999999995
2024-02-08 17:00:00,386.3999999999999
2024-02-08 18:00:00,384.49999999999994
2024-02-08 19:00:00,385.8999999999999
2024-02-08 23:00:00,385.8999999999999
2024-02-09 14:30:00,382.29999999999995
2024-02-09 15:00:00,381.99999999999994
2024-02-09 16:00:00,384.0999999999999
2024-02-09 17:00:00,384.29999999999995
2024-02-09 18:00:00,383.69999999999993
2024-02-09 19:00:00,383.29999999999995
2024-02-09 23:00:00,383.29999999999995
2024-02-12 14:30:00,387.5999999999999
2024-02-12 15:00:00,387.3999999999999
2024-02-12 16:00:00,387.3999999999999
2024-02-12 17:00:00,387.49999999999994
2024-02-12 18:00:00,386.69999999999993
2024-02-12 19:00:00,385.19999999999993
2024-02-12 23:00:00,385.19999999999993
2024-02-13 14:30:00,384.19999999999993
2024-02-13 15:00:00,384.29999999999995
2024-02-13 16:00:00,382.69999999999993
2024-02-13 17:00:00,381.69999999999993
2024-02-13 18:00:00,381.8999999999999
2024-02-13 19:00:00,382.49999999999994
2024-02-13 23:00:00,382.49999999999994
2024-02-14 14:30:00,381.3999999999999
2024-02-14 15:00:00,382.29999999999995
2024-02-14 16:00:00,381.99999999999994
2024-02-14 17:00:00,379.8999999999999
2024-02-14 18:00:00,379.29999999999995
2024-02-14 19:00:00,378.79999999999995
2024-02-14 23:00:00,378.79999999999995
2024-02-15 14:30:00,379.79999999999995
2024-02-15 15:00:00,379.29999999999995
2024-02-15 16:00:00,376.29999999999995
2024-02-15 17:00:00,376.29999999999995
2024-02-15 18:00:00,376.3999999999999
2024-02-15 19:00:00,375.79999999999995
2024-02-15 23:00:00,375.79999999999995
2024-02-16 14:30:00,377.8999999999999
2024-02-16 15:00:00,380.0999999999999
2024-02-16 16:00:00,380.3999999999999
2024-02-16 17:00:00,381.49999999999994
2024-02-16 18:00:00,380.8999999999999
2024-02-16 19:00:00,381.5999999999999
2024-02-16 23:00:00,381.5999999999999
2024-02-20 14:30:00,384.79999999999995
2024-02-20 15:00:00,383.8999999999999
2024-02-20 16:00:00,384.5999999999999
2024-02-20 17:00:00,384.29999999999995
2024-02-20 18:00:00,383.5999999999999
2024-02-20 19:00:00,384.3999999999999
2024-02-20 23:00:00,384.3999999999999
2024-02-21 14:30:00,380.29999999999995
2024-02-21 15:00:00,379.5999999999999
2024-02-21 16:00:00,379.49999999999994
2024-02-21 17:00:00,378.5999999999999
2024-02-21 18:00:00,379.79999999999995
2024-02-21 19:00:00,378.8999999999999
2024-02-21 23:00:00,378.8999999999999
2024-02-22 14:30:00,376.49999999999994
2024-02-22 15:00:00,375.8999999999999
2024-02-22 16:00:00,375.5999999999999
2024-02-22 17:00:00,375.19999999999993
2024-02-22 18:00:00,374.49999999999994
2024-02-22 19:00:00,374.69999999999993
2024-02-22 23:00:00,374.69999999999993
2024-02-23 14:30:00,371.79999999999995
2024-02-23 15:00:00,370.0999999999999
2024-02-23 16:00:00,371.69999999999993
2024-02-23 17:00:00,371.8999999999999
2024-02-23 18:00:00,371.19999999999993
2024-02-23 19:00:00,371.69999999999993
2024-02-23 23:00:00,371.69999999999993
2024-02-26 14:30:00,371.19999999999993
2024-02-26 15:00:00,370.0999999999999
2024-02-26 16:00:00,369.3999999999999
2024-02-26 17:00:00,369.29999999999995
2024-02-26 18:00:00,370.8999999999999
2024-02-26 19:00:00,371.0999999999999
2024-02-26 23:00:00,371.0999999999999
2024-02-27 14:30:00,373.79999999999995
2024-02-27 15:00:00,372.69999999999993
2024-02-27 16:00:00,370.5999999999999
2024-02-27 17:00:00,367.8999999999999
2024-02-27 18:00:00,367.79999999999995
2024-02-27 19:00:00,369.29999999999995
2024-02-27 23:00:00,369.29999999999995
2024-02-28 14:30:00,368.69999999999993
2024-02-28 15:00:00,371.0999999999999
2024-02-28 16:00:00,372.19999999999993
2024-02-28 17:00:00,371.99999999999994
2024-02-28 18:00:00,370.3999999999999
2024-02-28 19:00:00,370.69999999999993
2024-02-28 23:00:00,370.69999999999993
2024-02-29 14:30:00,370.29999999999995
2024-02-29 15:00:00,371.49999999999994
2024-02-29 16:00:00,373.0999999999999
2024-02-29 17:00:00,371.0999999999999
2024-02-29 18:00:00,371.29999999999995
2024-02-29 19:00:00,370.5999999999999
2024-02-29 23:00:00,370.5999999999999
2024-03-01 14:30:00,371.69999999999993
2024-03-01 15:00:00,372.99999999999994
2024-03-01 16:00:00,374.19999999999993
2024-03-01 17:00:00,374.19999999999993
2024-03-01 18:00:00,373.0999999999999
2024-03-01 19:00:00,374.0999999999999
2024-03-01 23:00:00,374.0999999999999
2024-03-04 14:30:00,377.79999999999995
2024-03-04 15:00:00,377.0999999999999
2024-03-04 16:00:00,374.79999999999995
2024-03-04 17:00:00,375.8999999999999
2024-03-04 18:00:00,375.3999999999999
2024-03-04 19:00:00,375.49999999999994
2024-03-04 23:00:00,375.49999999999994
2024-03-05 14:30:00,373.49999999999994
2024-03-05 15:00:00,375.29999999999995
2024-03-05 16:00:00,374.19999999999993
2024-03-05 17:00:00,372.8999999999999
2024-03-05 18:00:00,373.29999999999995
2024-03-05 19:00:00,372.8999999999999
2024-03-05 23:00:00,372.8999999999999
2024-03-06 14:30:00,368.8999999999999
2024-03-06 15:00:00,371.29999999999995
2024-03-06 16:00:00,369.5999999999999
2024-03-06 17:00:00,372.19999999999993
2024-03-06 18:00:00,373.3999999999999
2024-03-06 19:00:00,372.8999999999999
2024-03-06 23:00:00,372.8999999999999
2024-03-07 14:30:00,376.69999999999993
2024-03-07 15:00:00,374.0999999999999
2024-03-07 16:00:00,375.29999999999995
2024-03-07 17:00:00,374.3999999999999
2024-03-07 18:00:00,375.19999999999993
2024-03-07 19:00:00,376.69999999999993
2024-03-07 23:00:00,376.69999999999993
2024-03-08 14:30:00,376.49999999999994
2024-03-08 15:00:00,376.29999999999995
2024-03-08 16:00:00,376.0999999999999
2024-03-08 17:00:00,379.19999999999993
2024-03-08 18:00:00,383.49999999999994
2024-03-08 19:00:00,384.3999999999999
2024-03-08 23:00:00,384.3999999999999
2024-03-11 13:30:00,381.69999999999993
2024-03-11 14:00:00,381.5999999999999
2024-03-11 15:00:00,380.69999999999993
2024-03-11 16:00:00,379.99999999999994
2024-03-11 17:00:00,380.69999999999993
2024-03-11 18:00:00,381.0999999999999
2024-03-11 23:00:00,381.0999999999999
2024-03-12 13:30:00,379.79999999999995
2024-03-12 14:00:00,382.8999999999999
2024-03-12 15:00:00,381.0999999999999
2024-03-12 16:00:00,380.3999999999999
2024-03-12 17:00:00,380.8999999999999
2024-03-12 18:00:00,382.79999999999995
2024-03-12 23:00:00,382.79999999999995
2024-03-13 13:30:00,378.69999999999993
2024-03-13 14:00:00,377.49999999999994
2024-03-13 15:00:00,377.5999999999999
2024-03-13 16:00:00,376.99999999999994
2024-03-13 17:00:00,379.8999999999999
2024-03-13 18:00:00,380.0999999999999
2024-03-13 23:00:00,380.0999999999999
2024-03-14 13:30:00,386.69999999999993
2024-03-14 14:00:00,380.99999999999994
2024-03-14 15:00:00,379.3999999999999
2024-03-14 16:00:00,381.99999999999994
2024-03-14 17:00:00,381.29999999999995
2024-03-14 18:00:00,381.29999999999995
2024-03-14 23:00:00,381.29999999999995
2024-03-15 13:30:00,379.99999999999994
2024-03-15 14:00:00,379.8999999999999
2024-03-15 15:00:00,378.8999999999999
2024-03-15 16:00:00,377.79999999999995
2024-03-15 17:00:00,377.69999999999993
2024-03-15 18:00:00,378.29999999999995
2024-03-15 23:00:00,378.29999999999995
2024-03-18 13:30:00,378.79999999999995
2024-03-18 14:00:00,378.69999999999993
2024-03-18 15:00:00,377.79999999999995
2024-03-18 16:00:00,377.99999999999994
2024-03-18 17:00:00,376.0999999999999
2024-03-18 18:00:00,375.79999999999995
2024-03-18 23:00:00,375.79999999999995
2024-03-19 13:30:00,375.69999999999993
2024-03-19 14:00:00,375.19999999999993
2024-03-19 15:00:00,377.3999999999999
2024-03-19 16:00:00,376.69999999999993
2024-03-19 17:00:00,377.29999999999995
2024-03-19 18:00:00,378.0999999999999
2024-03-19 23:00:00,377.69999999999993
2024-03-20 13:30:00,380.8999999999999
2024-03-20 14:00:00,379.79999999999995
2024-03-20 15:00:00,380.99999999999994
2024-03-20 16:00:00,382.49999999999994
2024-03-20 17:00:00,384.99999999999994
2024-03-20 18:00:00,385.69999999999993
2024-03-20 23:00:00,385.79999999999995
2024-03-21 13:30:00,385.0999999999999
2024-03-21 14:00:00,385.99999999999994
2024-03-21 15:00:00,386.5999999999999
2024-03-21 16:00:00,385.79999999999995
2024-03-21 17:00:00,387.29999999999995
2024-03-21 18:00:00,388.19999999999993
2024-03-21 23:00:00,387.79999999999995
2024-03-22 13:30:00,381.8999999999999
2024-03-22 14:00:00,381.99999999999994
2024-03-22 15:00:00,383.3999999999999
2024-03-22 16:00:00,383.0999999999999
2024-03-22 17:00:00,383.0999999999999
2024-03-22 18:00:00,382.29999999999995
2024-03-22 23:00:00,382.79999999999995
2024-03-25 13:30:00,382.19999999999993
2024-03-25 14:00:00,384.0999999999999
2024-03-25 15:00:00,383.8999999999999
2024-03-25 16:00:00,383.79999999999995
2024-03-25 17:00:00,384.49999999999994
2024-03-25 18:00:00,384.29999999999995
2024-03-25 23:00:00,384.99999999999994
2024-03-26 13:30:00,383.69999999999993
2024-03-26 14:00:00,383.3999999999999
2024-03-26 15:00:00,383.3999999999999
2024-03-26 16:00:00,383.79999999999995
2024-03-26 17:00:00,383.79999999999995
2024-03-26 18:00:00,382.69999999999993
2024-03-26 23:00:00,383.19999999999993
2024-03-27 13:30:00,383.0999999999999
2024-03-27 14:00:00,383.49999999999994
2024-03-27 15:00:00,383.99999999999994
2024-03-27 16:00:00,382.99999999999994
2024-03-27 17:00:00,382.49999999999994
2024-03-27 18:00:00,381.79999999999995
2024-03-27 23:00:00,382.29999999999995
2024-03-28 13:30:00,378.29999999999995
2024-03-28 14:00:00,378.99999999999994
2024-03-28 15:00:00,377.19999999999993
2024-03-28 16:00:00,382.49999999999994
2024-03-28 17:00:00,379.8999999999999
2024-03-28 18:00:00,380.5999999999999
2024-03-28 23:00:00,380.69999999999993
2024-04-01 14:30:00,377.29999999999995
2024-04-01 15:00:00,375.8999999999999
2024-04-01 16:00:00,376.49999999999994
2024-04-01 17:00:00,376.19999999999993
2024-04-01 18:00:00,377.3999999999999
2024-04-01 19:00:00,376.49999999999994
2024-04-01 23:00:00,376.99999999999994
2024-04-02 14:30:00,375.8999999999999
2024-04-02 15:00:00,374.8999999999999
2024-04-02 16:00:00,374.0999999999999
2024-04-02 17:00:00,374.29999999999995
2024-04-02 18:00:00,371.79999999999995
2024-04-02 19:00:00,372.29999999999995
2024-04-02 23:00:00,371.79999999999995
2024-04-03 14:30:00,368.8999999999999
2024-04-03 15:00:00,369.19999999999993
2024-04-03 16:00:00,370.29999999999995
2024-04-03 17:00:00,374.3999999999999
2024-04-03 18:00:00,373.0999999999999
2024-04-03 19:00:00,373.29999999999995
2024-04-03 23:00:00,373.29999999999995
2024-04-04 14:30:00,374.29999999999995
2024-04-04 15:00:00,375.79999999999995
2024-04-04 16:00:00,375.79999999999995
2024-04-04 17:00:00,375.3999999999999
2024-04-04 18:00:00,375.99999999999994
2024-04-04 19:00:00,375.99999999999994
2024-04-04 19:00:01,375.99999999999994
2024-04-04 23:00:00,376.69999999999993
2024-04-05 14:30:00,376.99999999999994
2024-04-05 15:00:00,376.59999999999997
2024-04-05 16:00:00,375.79999999999995
2024-04-05 17:00:00,375.9
2024-04-05 18:00:00,375.29999999999995
2024-04-05 19:00:00,375.4
2024-04-05 23:00:00,375.4
2024-04-08 14:30:00,377.49999999999994
2024-04-08 15:00:00,377.09999999999997
2024-04-08 16:00:00,378.49999999999994
2024-04-08 17:00:00,379.59999999999997
2024-04-08 18:00:00,378.19999999999993
2024-04-08 19:00:00,378.09999999999997
2024-04-08 23:00:00,378.49999999999994
2024-04-09 14:30:00,376.29999999999995
2024-04-09 15:00:00,375.29999999999995
2024-04-09 16:00:00,379.19999999999993
2024-04-09 17:00:00,378.99999999999994
2024-04-09 18:00:00,378.29999999999995
2024-04-09 19:00:00,377.79999999999995
2024-04-09 23:00:00,377.79999999999995
2024-04-10 14:30:00,375.19999999999993
2024-04-10 15:00:00,375.79999999999995
2024-04-10 16:00:00,376.49999999999994
2024-04-10 17:00:00,376.09999999999997
2024-04-10 18:00:00,373.9
2024-04-10 19:00:00,373.79999999999995
2024-04-10 23:00:00,373.9
2024-04-11 14:30:00,376.59999999999997
2024-04-11 15:00:00,375.9
2024-04-11 16:00:00,374.79999999999995
2024-04-11 17:00:00,375.69999999999993
2024-04-11 18:00:00,375.69999999999993
2024-04-11 19:00:00,376.99999999999994
2024-04-11 23:00:00,377.09999999999997
2024-04-12 14:30:00,382.9
2024-04-12 15:00:00,381.19999999999993
2024-04-12 16:00:00,379.69999999999993
2024-04-12 17:00:00,381.59999999999997
2024-04-12 18:00:00,381.49999999999994
2024-04-12 19:00:00,381.99999999999994
2024-04-12 23:00:00,382.9
2024-04-15 14:30:00,377.19999999999993
2024-04-15 15:00:00,377.49999999999994
2024-04-15 16:00:00,377.59999999999997
2024-04-15 17:00:00,377.59999999999997
2024-04-15 18:00:00,379.09999999999997
2024-04-15 19:00:00,379.09999999999997
2024-04-15 23:00:00,378.99999999999994
2024-04-16 14:30:00,380.49999999999994
2024-04-16 15:00:00,377.29999999999995
2024-04-16 16:00:00,377.09999999999997
2024-04-16 17:00:00,376.4
2024-04-16 18:00:00,376.29999999999995
2024-04-16 19:00:00,376.19999999999993
2024-04-16 23:00:00,376.09999999999997
2024-04-17 14:30:00,378.09999999999997
2024-04-17 15:00:00,379.19999999999993
2024-04-17 16:00:00,379.09999999999997
2024-04-17 17:00:00,378.99999999999994
2024-04-17 18:00:00,378.99999999999994
2024-04-17 19:00:00,379.09999999999997
2024-04-17 23:00:00,379.4
2024-04-18 14:30:00,377.69999999999993
2024-04-18 15:00:00,376.9
2024-04-18 16:00:00,376.79999999999995
2024-04-18 17:00:00,376.79999999999995
2024-04-18 18:00:00,376.79999999999995
2024-04-18 19:00:00,376.79999999999995
2024-04-18 23:00:00,376.59999999999997
2024-04-19 14:30:00,377.69999999999993
2024-04-19 15:00:00,379.69999999999993
2024-04-19 16:00:00,381.99999999999994
2024-04-19 17:00:00,383.4
2024-04-19 18:00:00,381.99999999999994
2024-04-19 19:00:00,382.09999999999997
2024-04-19 23:00:00,382.19999999999993
2024-04-22 14:30:00,380.79999999999995
2024-04-22 15:00:00,380.99999999999994
2024-04-22 16:00:00,382.19999999999993
2024-04-22 17:00:00,383.29999999999995
2024-04-22 18:00:00,385.09999999999997
2024-04-22 19:00:00,383.79999999999995
2024-04-22 23:00:00,384.09999999999997
2024-04-23 14:30:00,386.09999999999997
2024-04-23 15:00:00,385.09999999999997
2024-04-23 16:00:00,384.09999999999997
2024-04-23 17:00:00,384.4
2024-04-23 18:00:00,385.69999999999993
2024-04-23 19:00:00,385.29999999999995
2024-04-23 23:00:00,385.09999999999997
2024-04-24 14:30:00,387.79999999999995
2024-04-24 15:00:00,389.19999999999993
2024-04-24 16:00:00,390.09999999999997
2024-04-24 17:00:00,389.49999999999994
2024-04-24 18:00:00,388.29999999999995
2024-04-24 19:00:00,388.69999999999993
2024-04-24 23:00:00,388.79999999999995
2024-04-25 14:30:00,385.59999999999997
2024-04-25 15:00:00,384.4
2024-04-25 16:00:00,384.59999999999997
2024-04-25 17:00:00,386.19999999999993
2024-04-25 18:00:00,388.19999999999993
2024-04-25 19:00:00,387.09999999999997
2024-04-25 23:00:00,387.4
2024-04-26 14:30:00,385.69999999999993
2024-04-26 15:00:00,385.29999999999995
2024-04-26 16:00:00,385.4
2024-04-26 17:00:00,385.79999999999995
2024-04-26 18:00:00,384.19999999999993
2024-04-26 19:00:00,384.29999999999995
2024-04-26 23:00:00,384.59999999999997
2024-04-29 14:30:00,388.29999999999995
2024-04-29 15:00:00,389.29999999999995
2024-04-29 16:00:00,389.49999999999994
2024-04-29 17:00:00,394.19999999999993
2024-04-29 18:00:00,393.9
2024-04-29 19:00:00,393.9
2024-04-29 23:00:00,393.9
2024-04-30 14:30:00,396.79999999999995
2024-04-30 15:00:00,392.19999999999993
2024-04-30 16:00:00,391.49999999999994
2024-04-30 17:00:00,388.19999999999993
2024-04-30 18:00:00,391.69999999999993
2024-04-30 19:00:00,391.29999999999995
2024-04-30 23:00:00,391.09999999999997
2024-05-01 14:30:00,387.49999999999994
2024-05-01 15:00:00,387.4
2024-05-01 16:00:00,388.49999999999994
2024-05-01 17:00:00,387.99999999999994
2024-05-01 18:00:00,388.69999999999993
2024-05-01 19:00:00,388.9
2024-05-01 23:00:00,388.59999999999997
2024-05-02 14:30:00,397.69999999999993
2024-05-02 15:00:00,397.69999999999993
2024-05-02 16:00:00,400.19999999999993
2024-05-02 17:00:00,401.09999999999997
2024-05-02 18:00:00,402.09999999999997
2024-05-02 19:00:00,403.9
2024-05-02 23:00:00,402.9
2024-05-03 14:30:00,410.09999999999997
2024-05-03 15:00:00,408.79999999999995
2024-05-03 16:00:00,405.79999999999995
2024-05-03 17:00:00,407.9
2024-05-03 18:00:00,410.49999999999994
2024-05-03 19:00:00,411.29999999999995
2024-05-03 23:00:00,410.4
2024-05-06 14:30:00,415.19999999999993
2024-05-06 15:00:00,419.79999999999995
2024-05-06 16:00:00,419.99999999999994
2024-05-06 17:00:00,421.29999999999995
2024-05-06 18:00:00,424.19999999999993
2024-05-06 19:00:00,423.49999999999994
2024-05-06 19:00:01,423.49999999999994
2024-05-06 23:00:00,423.9
2024-05-07 14:30:00,421.19999999999993
2024-05-07 15:00:00,421.49999999999994
2024-05-07 16:00:00,421.49999999999994
2024-05-07 17:00:00,421.59999999999997
2024-05-07 18:00:00,420.69999999999993
2024-05-07 19:00:00,420.19999999999993
2024-05-07 23:00:00,420.79999999999995
2024-05-08 14:30:00,418.69999999999993
2024-05-08 15:00:00,416.99999999999994
2024-05-08 16:00:00,416.99999999999994
2024-05-08 17:00:00,416.59999999999997
2024-05-08 18:00:00,415.9
2024-05-08 19:00:00,416.29999999999995
2024-05-08 23:00:00,415.59999999999997
2024-05-09 14:30:00,415.49999999999994
2024-05-09 15:00:00,412.79999999999995
2024-05-09 16:00:00,413.49999999999994
2024-05-09 17:00:00,413.19999999999993
2024-05-09 18:00:00,412.49999999999994
2024-05-09 19:00:00,412.49999999999994
2024-05-09 23:00:00,412.49999999999994
2024-05-10 14:30:00,414.99999999999994
2024-05-10 15:00:00,410.09999999999997
2024-05-10 16:00:00,407.9
2024-05-10 17:00:00,407.99999999999994
2024-05-10 18:00:00,409.19999999999993
2024-05-10 19:00:00,410.79999999999995
2024-05-10 23:00:00,410.19999999999993
2024-05-13 14:30:00,409.29999999999995
2024-05-13 15:00:00,410.79999999999995
2024-05-13 16:00:00,409.79999999999995
2024-05-13 17:00:00,408.59999999999997
2024-05-13 18:00:00,407.59999999999997
2024-05-13 19:00:00,407.19999999999993
2024-05-13 23:00:00,407.09999999999997
2024-05-14 14:30:00,408.59999999999997
2024-05-14 15:00:00,410.4
2024-05-14 16:00:00,410.59999999999997
2024-05-14 17:00:00,410.99999999999994
2024-05-14 18:00:00,413.59999999999997
2024-05-14 19:00:00,412.59999999999997
2024-05-14 23:00:00,412.49999999999994
2024-05-15 14:30:00,417.09999999999997
2024-05-15 15:00:00,413.59999999999997
2024-05-15 16:00:00,414.69999999999993
2024-05-15 17:00:00,411.19999999999993
2024-05-15 18:00:00,409.99999999999994
2024-05-15 19:00:00,410.9
2024-05-15 23:00:00,410.4
2024-05-16 14:30:00,407.4
2024-05-16 15:00:00,408.09999999999997
2024-05-16 16:00:00,408.09999999999997
2024-05-16 17:00:00,406.9
2024-05-16 18:00:00,405.29999999999995
2024-05-16 19:00:00,405.79999999999995
2024-05-16 23:00:00,405.69999999999993
2024-05-17 14:30:00,406.49999999999994
2024-05-17 15:00:00,405.59999999999997
2024-05-17 16:00:00,405.4
2024-05-17 17:00:00,405.59999999999997
2024-05-17 18:00:00,405.59999999999997
2024-05-17 19:00:00,405.69999999999993
2024-05-17 23:00:00,405.99999999999994
2024-05-20 14:30:00,405.59999999999997
2024-05-20 15:00:00,407.4
2024-05-20 16:00:00,408.09999999999997
2024-05-20 17:00:00,408.59999999999997
2024-05-20 18:00:00,409.59999999999997
2024-05-20 19:00:00,409.49999999999994
2024-05-20 23:00:00,409.9
2024-05-21 14:30:00,407.19999999999993
2024-05-21 15:00:00,406.09999999999997
2024-05-21 16:00:00,405.69999999999993
2024-05-21 17:00:00,406.9
2024-05-21 18:00:00,408.29999999999995
2024-05-21 19:00:00,407.9
2024-05-21 23:00:00,408.19999999999993
2024-05-22 14:30:00,407.59999999999997
2024-05-22 15:00:00,407.09999999999997
2024-05-22 16:00:00,406.4
2024-05-22 17:00:00,410.09999999999997
2024-05-22 18:00:00,411.9
2024-05-22 19:00:00,413.19999999999993
2024-05-22 23:00:00,412.49999999999994
2024-05-23 14:30:00,412.19999999999993
2024-05-23 15:00:00,411.69999999999993
2024-05-23 16:00:00,411.19999999999993
2024-05-23 17:00:00,412.99999999999994
2024-05-23 18:00:00,412.59999999999997
2024-05-23 19:00:00,412.29999999999995
2024-05-23 23:00:00,412.4
2024-05-24 14:30:00,413.59999999999997
2024-05-24 15:00:00,419.49999999999994
2024-05-24 16:00:00,419.19999999999993
2024-05-24 17:00:00,417.49999999999994
2024-05-24 18:00:00,418.59999999999997
2024-05-24 19:00:00,419.9
2024-05-24 23:00:00,419.09999999999997
2024-05-28 14:30:00,412.4
2024-05-28 15:00:00,410.4
2024-05-28 16:00:00,409.99999999999994
2024-05-28 17:00:00,410.59999999999997
2024-05-28 18:00:00,410.9
2024-05-28 19:00:00,411.69999999999993
2024-05-28 23:00:00,411.49999999999994
2024-05-29 14:30:00,408.49999999999994
2024-05-29 15:00:00,407.49999999999994
2024-05-29 16:00:00,406.09999999999997
2024-05-29 17:00:00,404.69999999999993
2024-05-29 18:00:00,403.99999999999994
2024-05-29 19:00:00,402.79999999999995
2024-05-29 23:00:00,403.09999999999997
2024-05-30 14:30:00,404.49999999999994
2024-05-30 15:00:00,402.49999999999994
2024-05-30 16:00:00,401.49999999999994
2024-05-30 17:00:00,399.4
2024-05-30 18:00:00,398.49999999999994
2024-05-30 19:00:00,399.09999999999997
2024-05-30 23:00:00,398.79999999999995
2024-05-31 14:30:00,399.79999999999995
2024-05-31 15:00:00,399.79999999999995
2024-05-31 16:00:00,398.49999999999994
2024-05-31 17:00:00,397.9
2024-05-31 18:00:00,396.9
2024-05-31 19:00:00,397.19999999999993
2024-05-31 23:00:00,397.19999999999993
2024-06-03 14:30:00,394.19999999999993
2024-06-03 15:00:00,395.29999999999995
2024-06-03 16:00:00,394.19999999999993
2024-06-03 17:00:00,394.09999999999997
2024-06-03 18:00:00,392.19999999999993
2024-06-03 19:00:00,393.29999999999995
2024-06-03 19:00:01,393.29999999999995
2024-06-03 23:00:00,392.8999999999999
2024-06-04 14:30:00,391.0999999999999
2024-06-04 15:00:00,391.99999999999994
2024-06-04 16:00:00,389.99999999999994
2024-06-04 17:00:00,390.8999999999999
2024-06-04 18:00:00,390.8999999999999
2024-06-04 19:00:00,390.79999999999995
2024-06-04 23:00:00,390.5999999999999
2024-06-05 14:30:00,391.29999999999995
2024-06-05 15:00:00,393.29999999999995
2024-06-05 16:00:00,394.29999999999995
2024-06-05 17:00:00,391.5999999999999
2024-06-05 18:00:00,392.29999999999995
2024-06-05 19:00:00,392.29999999999995
2024-06-05 23:00:00,392.19999999999993
2024-06-06 14:30:00,395.3999999999999
2024-06-06 15:00:00,393.69999999999993
2024-06-06 16:00:00,395.29999999999995
2024-06-06 17:00:00,395.8999999999999
2024-06-06 18:00:00,394.99999999999994
2024-06-06 19:00:00,394.49999999999994
2024-06-06 23:00:00,394.69999999999993
2024-06-07 14:30:00,390.49999999999994
2024-06-07 15:00:00,390.49999999999994
2024-06-07 16:00:00,391.19999999999993
2024-06-07 17:00:00,391.0999999999999
2024-06-07 18:00:00,392.79999999999995
2024-06-07 19:00:00,392.69999999999993
2024-06-07 23:00:00,393.0999999999999
2024-06-10 14:30:00,394.99999999999994
2024-06-10 15:00:00,395.29999999999995
2024-06-10 16:00:00,396.69999999999993
2024-06-10 17:00:00,397.49999999999994
2024-06-10 18:00:00,396.19999999999993
2024-06-10 19:00:00,395.99999999999994
2024-06-10 23:00:00,396.0999999999999
2024-06-11 14:30:00,394.29999999999995
2024-06-11 15:00:00,394.3999999999999
2024-06-11 16:00:00,393.5999999999999
2024-06-11 17:00:00,393.79999999999995
2024-06-11 18:00:00,391.3999999999999
2024-06-11 19:00:00,390.29999999999995
2024-06-11 23:00:00,390.99999999999994
2024-06-12 14:30:00,388.79999999999995
2024-06-12 15:00:00,389.8999999999999
2024-06-12 16:00:00,389.79999999999995
2024-06-12 17:00:00,389.8999999999999
2024-06-12 18:00:00,389.79999999999995
2024-06-12 19:00:00,388.8999999999999
2024-06-12 23:00:00,388.8999999999999
2024-06-13 14:30:00,391.99999999999994
2024-06-13 15:00:00,393.29999999999995
2024-06-13 16:00:00,393.79999999999995
2024-06-13 17:00:00,393.99999999999994
2024-06-13 18:00:00,394.69999999999993
2024-06-13 19:00:00,393.79999999999995
2024-06-13 23:00:00,394.0999999999999
2024-06-14 14:30:00,392.69999999999993
2024-06-14 15:00:00,392.3999999999999
2024-06-14 16:00:00,392.0999999999999
2024-06-14 17:00:00,391.69999999999993
2024-06-14 18:00:00,389.69999999999993
2024-06-14 19:00:00,389.5999999999999
2024-06-14 23:00:00,390.3999999999999
2024-06-17 14:30:00,384.5999999999999
2024-06-17 15:00:00,385.3999999999999
2024-06-17 16:00:00,384.0999999999999
2024-06-17 17:00:00,382.99999999999994
2024-06-17 18:00:00,382.19999999999993
2024-06-17 19:00:00,382.0999999999999
2024-06-17 23:00:00,381.8999999999999
2024-06-18 14:30:00,382.3999999999999
2024-06-18 15:00:00,383.3999999999999
2024-06-18 16:00:00,382.99999999999994
2024-06-18 17:00:00,380.99999999999994
2024-06-18 18:00:00,382.3999999999999
2024-06-18 19:00:00,381.49999999999994
2024-06-18 23:00:00,382.49999999999994
2024-06-20 14:30:00,376.79999999999995
2024-06-20 15:00:00,378.5999999999999
2024-06-20 16:00:00,379.3999999999999
2024-06-20 17:00:00,377.29999999999995
2024-06-20 18:00:00,377.69999999999993
2024-06-20 19:00:00,377.19999999999993
2024-06-20 23:00:00,377.49999999999994
2024-06-21 14:30:00,377.79999999999995
2024-06-21 15:00:00,379.69999999999993
2024-06-21 16:00:00,381.29999999999995
2024-06-21 17:00:00,379.79999999999995
2024-06-21 18:00:00,379.69999999999993
2024-06-21 19:00:00,379.3999999999999
2024-06-21 23:00:00,379.19999999999993
2024-06-24 14:30:00,377.49999999999994
2024-06-24 15:00:00,378.99999999999994
2024-06-24 16:00:00,381.29999999999995
2024-06-24 17:00:00,383.69999999999993
2024-06-24 18:00:00,384.8999999999999
2024-06-24 19:00:00,385.19999999999993
2024-06-24 23:00:00,385.19999999999993
2024-06-25 14:30:00,378.79999999999995
2024-06-25 15:00:00,378.69999999999993
2024-06-25 16:00:00,381.19999999999993
2024-06-25 17:00:00,380.99999999999994
2024-06-25 18:00:00,381.0999999999999
2024-06-25 19:00:00,380.79999999999995
2024-06-25 23:00:00,380.99999999999994
2024-06-26 14:30:00,377.3999999999999
2024-06-26 15:00:00,378.8999999999999
2024-06-26 16:00:00,378.79999999999995
2024-06-26 17:00:00,377.79999999999995
2024-06-26 18:00:00,377.3999999999999
2024-06-26 19:00:00,376.5999999999999
2024-06-26 23:00:00,376.79999999999995
2024-06-27 14:30:00,377.49999999999994
2024-06-27 15:00:00,376.3999999999999
2024-06-27 16:00:00,375.8999999999999
2024-06-27 17:00:00,378.29999999999995
2024-06-27 18:00:00,376.29999999999995
2024-06-27 19:00:00,376.79999999999995
2024-06-27 23:00:00,376.29999999999995
2024-06-28 14:30:00,375.3999999999999
2024-06-28 15:00:00,376.8999999999999
2024-06-28 16:00:00,378.69999999999993
2024-06-28 17:00:00,376.19999999999993
2024-06-28 18:00:00,373.29999999999995
2024-06-28 19:00:00,373.8999999999999
2024-06-28 23:00:00,373.3999999999999
2024-07-01 14:30:00,367.99999999999994
2024-07-01 15:00:00,369.5999999999999
2024-07-01 16:00:00,368.69999999999993
2024-07-01 17:00:00,369.0999999999999
2024-07-01 18:00:00,370.5999999999999
2024-07-01 19:00:00,370.69999999999993
2024-07-01 23:00:00,370.79999999999995
2024-07-02 14:30:00,369.79999999999995
2024-07-02 15:00:00,368.8999999999999
2024-07-02 16:00:00,368.29999999999995
2024-07-02 17:00:00,367.69999999999993
2024-07-02 18:00:00,367.19999999999993
2024-07-02 19:00:00,367.3999999999999
2024-07-02 23:00:00,367.19999999999993
2024-07-03 14:30:00,368.69999999999993
2024-07-03 15:00:00,370.29999999999995
2024-07-03 16:00:00,368.5999999999999
2024-07-03 17:00:00,368.79999999999995
2024-07-03 23:00:00,368.79999999999995
2024-07-05 14:30:00,369.8999999999999
2024-07-05 15:00:00,371.69999999999993
2024-07-05 16:00:00,373.29999999999995
2024-07-05 17:00:00,372.3999999999999
2024-07-05 18:00:00,371.49999999999994
2024-07-05 19:00:00,371.3999999999999
2024-07-05 23:00:00,371.3999999999999
2024-07-08 14:30:00,361.8999999999999
2024-07-08 15:00:00,360.99999999999994
2024-07-08 16:00:00,360.8999999999999
2024-07-08 17:00:00,360.49999999999994
2024-07-08 18:00:00,360.49999999999994
2024-07-08 19:00:00,360.49999999999994
2024-07-08 23:00:00,360.49999999999994
2024-07-09 14:30:00,360.5999999999999
2024-07-09 15:00:00,358.99999999999994
2024-07-09 16:00:00,358.0999999999999
2024-07-09 17:00:00,357.99999999999994
2024-07-09 18:00:00,358.69999999999993
2024-07-09 19:00:00,356.99999999999994
2024-07-09 19:00:01,356.99999999999994
2024-07-09 23:00:00,356.99999999999994
2024-07-10 14:30:00,357.79999999999995
2024-07-10 15:00:00,357.09999999999997
2024-07-10 16:00:00,357.4
2024-07-10 17:00:00,355.59999999999997
2024-07-10 18:00:00,355.9
2024-07-10 19:00:00,355.99999999999994
2024-07-10 23:00:00,355.99999999999994
2024-07-11 14:30:00,356.4
2024-07-11 15:00:00,354.09999999999997
2024-07-11 16:00:00,353.2
2024-07-11 17:00:00,353.29999999999995
2024-07-11 18:00:00,354.49999999999994
2024-07-11 19:00:00,353.9
2024-07-11 23:00:00,353.9
2024-07-12 14:30:00,352.7
2024-07-12 15:00:00,352.2
2024-07-12 16:00:00,352.49999999999994
2024-07-12 17:00:00,353.79999999999995
2024-07-12 18:00:00,354.09999999999997
2024-07-12 19:00:00,353.09999999999997
2024-07-12 23:00:00,353.09999999999997
2024-07-15 14:30:00,350.4
2024-07-15 15:00:00,349.09999999999997
2024-07-15 16:00:00,349.79999999999995
2024-07-15 17:00:00,346.9
2024-07-15 18:00:00,347.4
2024-07-15 19:00:00,346.7
2024-07-15 23:00:00,346.7
2024-07-16 14:30:00,347.29999999999995
2024-07-16 15:00:00,349.2
2024-07-16 16:00:00,349.29999999999995
2024-07-16 17:00:00,349.79999999999995
2024-07-16 18:00:00,348.99999999999994
2024-07-16 19:00:00,350.09999999999997
2024-07-16 23:00:00,350.09999999999997
2024-07-17 14:30:00,348.79999999999995
2024-07-17 15:00:00,347.99999999999994
2024-07-17 16:00:00,347.99999999999994
2024-07-17 17:00:00,349.59999999999997
2024-07-17 18:00:00,351.4
2024-07-17 19:00:00,351.29999999999995
2024-07-17 23:00:00,351.29999999999995
2024-07-18 14:30:00,350.49999999999994
2024-07-18 15:00:00,352.2
2024-07-18 16:00:00,350.29999999999995
2024-07-18 17:00:00,349.7
2024-07-18 18:00:00,350.59999999999997
2024-07-18 19:00:00,350.59999999999997
2024-07-18 23:00:00,350.59999999999997
2024-07-19 14:30:00,349.99999999999994
2024-07-19 15:00:00,350.2
2024-07-19 16:00:00,349.09999999999997
2024-07-19 17:00:00,347.9
2024-07-19 18:00:00,347.29999999999995
2024-07-19 19:00:00,346.49999999999994
2024-07-19 23:00:00,346.49999999999994
2024-07-22 14:30:00,355.4
2024-07-22 15:00:00,357.09999999999997
2024-07-22 16:00:00,357.2
2024-07-22 17:00:00,356.29999999999995
2024-07-22 18:00:00,357.9
2024-07-22 19:00:00,358.4
2024-07-22 23:00:00,358.4
2024-07-23 14:30:00,358.29999999999995
2024-07-23 15:00:00,359.7
2024-07-23 16:00:00,359.99999999999994
2024-07-23 17:00:00,358.9
2024-07-23 18:00:00,358.29999999999995
2024-07-23 19:00:00,358.4
2024-07-23 23:00:00,358.4
2024-07-24 14:30:00,360.09999999999997
2024-07-24 15:00:00,364.7
2024-07-24 16:00:00,363.49999999999994
2024-07-24 17:00:00,363.4
2024-07-24 18:00:00,360.2
2024-07-24 19:00:00,358.9
2024-07-24 23:00:00,358.9
2024-07-25 14:30:00,365.4
2024-07-25 15:00:00,368.59999999999997
2024-07-25 16:00:00,366.59999999999997
2024-07-25 17:00:00,367.4
2024-07-25 18:00:00,367.99999999999994
2024-07-25 19:00:00,367.9
2024-07-25 23:00:00,367.9
2024-07-26 14:30:00,362.9
2024-07-26 15:00:00,363.79999999999995
2024-07-26 16:00:00,366.2
2024-07-26 17:00:00,365.9
2024-07-26 18:00:00,364.29999999999995
2024-07-26 19:00:00,363.09999999999997
2024-07-26 23:00:00,363.09999999999997
2024-07-29 14:30:00,358.7
2024-07-29 15:00:00,357.2
2024-07-29 16:00:00,359.79999999999995
2024-07-29 17:00:00,360.59999999999997
2024-07-29 18:00:00,362.29999999999995
2024-07-29 19:00:00,362.49999999999994
2024-07-29 23:00:00,362.49999999999994
2024-07-30 14:30:00,357.9
2024-07-30 15:00:00,358.7
2024-07-30 16:00:00,358.09999999999997
2024-07-30 17:00:00,357.7
2024-07-30 18:00:00,357.49999999999994
2024-07-30 19:00:00,356.49999999999994
2024-07-30 23:00:00,356.49999999999994
2024-07-31 14:30:00,354.99999999999994
2024-07-31 15:00:00,354.09999999999997
2024-07-31 16:00:00,355.79999999999995
2024-07-31 17:00:00,354.59999999999997
2024-07-31 18:00:00,354.59999999999997
2024-07-31 19:00:00,354.9
2024-07-31 23:00:00,354.9
2024-08-01 14:30:00,355.7
2024-08-01 15:00:00,356.29999999999995
2024-08-01 16:00:00,355.99999999999994
2024-08-01 17:00:00,357.7
2024-08-01 18:00:00,355.29999999999995
2024-08-01 19:00:00,355.2
2024-08-01 23:00:00,355.2
2024-08-02 14:30:00,361.4
2024-08-02 15:00:00,361.4
2024-08-02 16:00:00,362.7
2024-08-02 17:00:00,363.49999999999994
2024-08-02 18:00:00,363.7
2024-08-02 19:00:00,363.9
2024-08-02 23:00:00,363.9
2024-08-05 14:30:00,361.9
2024-08-05 15:00:00,362.49999999999994
2024-08-05 16:00:00,362.49999999999994
2024-08-05 17:00:00,364.7
2024-08-05 18:00:00,371.7
2024-08-05 19:00:00,370.99999999999994
2024-08-05 23:00:00,370.99999999999994
2024-08-06 14:30:00,369.99999999999994
2024-08-06 15:00:00,369.29999999999995
2024-08-06 16:00:00,370.09999999999997
2024-08-06 17:00:00,369.2
2024-08-06 18:00:00,365.59999999999997
2024-08-06 19:00:00,365.99999999999994
2024-08-06 23:00:00,365.99999999999994
2024-08-07 14:30:00,361.2
2024-08-07 15:00:00,358.79999999999995
2024-08-07 16:00:00,359.59999999999997
2024-08-07 17:00:00,358.9
2024-08-07 18:00:00,357.59999999999997
2024-08-07 19:00:00,358.29999999999995
2024-08-07 23:00:00,358.29999999999995
2024-08-08 14:30:00,356.29999999999995
2024-08-08 15:00:00,356.59999999999997
2024-08-08 16:00:00,356.29999999999995
2024-08-08 17:00:00,356.59999999999997
2024-08-08 18:00:00,356.4
2024-08-08 19:00:00,355.49999999999994
2024-08-08 23:00:00,355.49999999999994
2024-08-09 14:30:00,354.09999999999997
2024-08-09 15:00:00,352.29999999999995
2024-08-09 16:00:00,350.9
2024-08-09 17:00:00,350.7
2024-08-09 18:00:00,349.7
2024-08-09 19:00:00,349.59999999999997
2024-08-09 23:00:00,349.59999999999997
2024-08-12 14:30:00,348.09999999999997
2024-08-12 15:00:00,347.59999999999997
2024-08-12 16:00:00,346.59999999999997
2024-08-12 17:00:00,342.9
2024-08-12 18:00:00,342.7
2024-08-12 19:00:00,344.09999999999997
2024-08-12 23:00:00,344.09999999999997
2024-08-13 14:30:00,340.49999999999994
2024-08-13 15:00:00,340.4
2024-08-13 16:00:00,339.4
2024-08-13 17:00:00,338.99999999999994
2024-08-13 18:00:00,338.4
2024-08-13 19:00:00,338.09999999999997
2024-08-13 23:00:00,338.09999999999997
2024-08-14 14:30:00,341.29999999999995
2024-08-14 15:00:00,341.59999999999997
2024-08-14 16:00:00,343.59999999999997
2024-08-14 17:00:00,341.79999999999995
2024-08-14 18:00:00,342.29999999999995
2024-08-14 19:00:00,343.59999999999997
2024-08-14 23:00:00,343.59999999999997
2024-08-15 14:30:00,344.7
2024-08-15 15:00:00,347.79999999999995
2024-08-15 16:00:00,347.4
2024-08-15 17:00:00,347.49999999999994
2024-08-15 18:00:00,348.29999999999995
2024-08-15 19:00:00,346.2
2024-08-15 23:00:00,346.2
2024-08-16 14:30:00,344.2
2024-08-16 15:00:00,343.7
2024-08-16 16:00:00,343.2
2024-08-16 17:00:00,342.09999999999997
2024-08-16 18:00:00,341.49999999999994
2024-08-16 19:00:00,340.99999999999994
2024-08-16 23:00:00,340.99999999999994
2024-08-19 14:30:00,346.2
2024-08-19 15:00:00,346.59999999999997
2024-08-19 16:00:00,346.29999999999995
2024-08-19 17:00:00,347.59999999999997
2024-08-19 18:00:00,349.7
2024-08-19 19:00:00,349.79999999999995
2024-08-19 23:00:00,349.79999999999995
2024-08-20 14:30:00,350.79999999999995
2024-08-20 15:00:00,347.79999999999995
2024-08-20 16:00:00,348.49999999999994
2024-08-20 17:00:00,347.59999999999997
2024-08-20 18:00:00,347.2
2024-08-20 19:00:00,347.9
2024-08-20 23:00:00,347.9
2024-08-21 14:30:00,348.9
2024-08-21 15:00:00,347.09999999999997
2024-08-21 16:00:00,347.49999999999994
2024-08-21 17:00:00,347.49999999999994
2024-08-21 18:00:00,346.9
2024-08-21 19:00:00,348.59999999999997
2024-08-21 23:00:00,348.59999999999997
2024-08-22 14:30:00,344.2
2024-08-22 15:00:00,342.49999999999994
2024-08-22 16:00:00,342.9
2024-08-22 17:00:00,343.9
2024-08-22 18:00:00,343.2
2024-08-22 19:00:00,343.4
2024-08-22 23:00:00,343.4
2024-08-23 14:30:00,342.9
2024-08-23 15:00:00,343.7
2024-08-23 16:00:00,343.2
2024-08-23 17:00:00,343.7
2024-08-23 18:00:00,342.9
2024-08-23 19:00:00,343.9
2024-08-23 23:00:00,343.9
2024-08-26 14:30:00,342.7
2024-08-26 15:00:00,342.4
2024-08-26 16:00:00,343.49999999999994
2024-08-26 17:00:00,345.09999999999997
2024-08-26 18:00:00,347.29999999999995
2024-08-26 19:00:00,347.2
2024-08-26 23:00:00,347.2
2024-08-27 14:30:00,349.7
2024-08-27 15:00:00,350.09999999999997
2024-08-27 16:00:00,349.99999999999994
2024-08-27 17:00:00,350.59999999999997
2024-08-27 18:00:00,350.79999999999995
2024-08-27 19:00:00,351.49999999999994
2024-08-27 23:00:00,351.49999999999994
2024-08-28 14:30:00,349.79999999999995
2024-08-28 15:00:00,348.7
2024-08-28 16:00:00,348.29999999999995
2024-08-28 17:00:00,347.49999999999994
2024-08-28 18:00:00,347.2
2024-08-28 19:00:00,347.4
2024-08-28 23:00:00,347.4
2024-08-29 14:30:00,351.09999999999997
2024-08-29 15:00:00,350.49999999999994
2024-08-29 16:00:00,350.2
2024-08-29 17:00:00,349.7
2024-08-29 18:00:00,349.09999999999997
2024-08-29 19:00:00,349.59999999999997
2024-08-29 23:00:00,349.59999999999997
2024-08-30 14:30:00,350.79999999999995
2024-08-30 15:00:00,349.59999999999997
2024-08-30 16:00:00,349.7
2024-08-30 17:00:00,353.09999999999997
2024-08-30 18:00:00,352.7
2024-08-30 19:00:00,351.7
2024-08-30 23:00:00,351.7
2024-09-03 14:30:00,357.2
2024-09-03 15:00:00,355.4
2024-09-03 16:00:00,358.49999999999994
2024-09-03 17:00:00,361.4
2024-09-03 18:00:00,358.99999999999994
2024-09-03 19:00:00,360.2
2024-09-03 23:00:00,360.2
2024-09-04 14:30:00,360.9
2024-09-04 15:00:00,361.59999999999997
2024-09-04 16:00:00,362.49999999999994
2024-09-04 17:00:00,367.09999999999997
2024-09-04 18:00:00,367.7
2024-09-04 19:00:00,367.7
2024-09-04 23:00:00,367.7
2024-09-05 14:30:00,362.4
2024-09-05 15:00:00,361.29999999999995
2024-09-05 16:00:00,362.29999999999995
2024-09-05 17:00:00,363.59999999999997
2024-09-05 18:00:00,364.29999999999995
2024-09-05 19:00:00,365.99999999999994
2024-09-05 23:00:00,365.99999999999994
2024-09-06 14:30:00,370.29999999999995
2024-09-06 15:00:00,365.4
2024-09-06 16:00:00,365.49999999999994
2024-09-06 17:00:00,365.99999999999994
2024-09-06 18:00:00,364.29999999999995
2024-09-06 19:00:00,363.2
2024-09-06 19:00:01,363.2
2024-09-06 23:00:00,363.2
2024-09-09 14:30:00,367.09999999999997
2024-09-09 15:00:00,366.5
2024-09-09 16:00:00,366.4
2024-09-09 17:00:00,364.4
2024-09-09 18:00:00,364.3
2024-09-09 19:00:00,364.5
2024-09-09 23:00:00,364.5
2024-09-10 14:30:00,358.3
2024-09-10 15:00:00,358.09999999999997
2024-09-10 16:00:00,358.09999999999997
2024-09-10 17:00:00,357.4
2024-09-10 18:00:00,357.8
2024-09-10 19:00:00,357.7
2024-09-10 23:00:00,357.7
2024-09-11 14:30:00,357.0
2024-09-11 15:00:00,358.5
2024-09-11 16:00:00,359.4
2024-09-11 17:00:00,360.0
2024-09-11 18:00:00,359.5
2024-09-11 19:00:00,360.0
2024-09-11 23:00:00,360.0
2024-09-12 14:30:00,361.7
2024-09-12 15:00:00,361.0
2024-09-12 16:00:00,361.5
2024-09-12 17:00:00,362.5
2024-09-12 18:00:00,362.3
2024-09-12 19:00:00,363.2
2024-09-12 23:00:00,363.2
2024-09-13 14:30:00,363.4
2024-09-13 15:00:00,360.4
2024-09-13 16:00:00,360.9
2024-09-13 17:00:00,361.9
2024-09-13 18:00:00,362.9
2024-09-13 19:00:00,363.0
2024-09-13 23:00:00,363.0
2024-09-16 14:30:00,365.2
2024-09-16 15:00:00,364.0
2024-09-16 16:00:00,362.09999999999997
2024-09-16 17:00:00,361.0
2024-09-16 18:00:00,365.0
2024-09-16 19:00:00,363.59999999999997
2024-09-16 23:00:00,363.59999999999997
2024-09-17 14:30:00,361.9
2024-09-17 15:00:00,362.5
2024-09-17 16:00:00,361.4
2024-09-17 17:00:00,360.7
2024-09-17 18:00:00,361.0
2024-09-17 19:00:00,361.8
2024-09-17 23:00:00,361.8
2024-09-18 14:30:00,362.3
2024-09-18 15:00:00,361.4
2024-09-18 16:00:00,359.5
2024-09-18 17:00:00,359.7
2024-09-18 18:00:00,360.59999999999997
2024-09-18 19:00:00,361.2
2024-09-18 23:00:00,361.2
2024-09-19 14:30:00,361.4
2024-09-19 15:00:00,360.0
2024-09-19 16:00:00,360.59999999999997
2024-09-19 17:00:00,360.3
2024-09-19 18:00:00,361.3
2024-09-19 19:00:00,360.4
2024-09-19 23:00:00,360.4
2024-09-20 14:30:00,355.8
2024-09-20 15:00:00,355.3
2024-09-20 16:00:00,355.7
2024-09-20 17:00:00,356.7
2024-09-20 18:00:00,357.8
2024-09-20 19:00:00,358.8
2024-09-20 23:00:00,358.8
2024-09-23 14:30:00,364.09999999999997
2024-09-23 15:00:00,364.0
2024-09-23 16:00:00,366.09999999999997
2024-09-23 17:00:00,365.9
2024-09-23 18:00:00,367.4
2024-09-23 19:00:00,367.2
2024-09-23 23:00:00,367.2
2024-09-24 14:30:00,371.7
2024-09-24 15:00:00,369.3
2024-09-24 16:00:00,364.5
2024-09-24 17:00:00,365.4
2024-09-24 18:00:00,364.7
2024-09-24 19:00:00,364.9
2024-09-24 23:00:00,364.9
2024-09-25 14:30:00,363.4
2024-09-25 15:00:00,364.59999999999997
2024-09-25 16:00:00,363.4
2024-09-25 17:00:00,365.59999999999997
2024-09-25 18:00:00,366.5
2024-09-25 19:00:00,366.7
2024-09-25 23:00:00,366.7
2024-09-26 14:30:00,369.3
2024-09-26 15:00:00,368.7
2024-09-26 16:00:00,366.0
2024-09-26 17:00:00,365.4
2024-09-26 18:00:00,365.09999999999997
2024-09-26 19:00:00,365.5
2024-09-26 23:00:00,365.5
2024-09-27 14:30:00,368.8
2024-09-27 15:00:00,372.8
2024-09-27 16:00:00,375.7
2024-09-27 17:00:00,381.4
2024-09-27 18:00:00,380.7
2024-09-27 19:00:00,381.59999999999997
2024-09-27 23:00:00,381.59999999999997
2024-09-30 14:30:00,381.59999999999997
2024-09-30 15:00:00,383.2
2024-09-30 16:00:00,382.59999999999997
2024-09-30 17:00:00,384.09999999999997
2024-09-30 18:00:00,379.59999999999997
2024-09-30 19:00:00,379.09999999999997
2024-09-30 23:00:00,379.09999999999997
2024-10-01 14:30:00,383.3
2024-10-01 15:00:00,383.59999999999997
2024-10-01 16:00:00,384.5
2024-10-01 17:00:00,384.3
2024-10-01 18:00:00,383.3
2024-10-01 19:00:00,382.09999999999997
2024-10-01 23:00:00,382.09999999999997
2024-10-02 14:30:00,372.8
2024-10-02 15:00:00,373.9
2024-10-02 16:00:00,376.09999999999997
2024-10-02 17:00:00,378.09999999999997
2024-10-02 18:00:00,378.7
2024-10-02 19:00:00,376.8
2024-10-02 23:00:00,376.8
2024-10-03 14:30:00,370.09999999999997
2024-10-03 15:00:00,371.09999999999997
2024-10-03 16:00:00,369.4
2024-10-03 17:00:00,371.59999999999997
2024-10-03 18:00:00,369.3
2024-10-03 19:00:00,369.0
2024-10-03 23:00:00,369.0
2024-10-04 14:30:00,369.09999999999997
2024-10-04 15:00:00,367.4
2024-10-04 16:00:00,367.8
2024-10-04 17:00:00,365.9
2024-10-04 18:00:00,366.09999999999997
2024-10-04 19:00:00,366.2
2024-10-04 23:00:00,366.2
2024-10-07 14:30:00,362.5
2024-10-07 15:00:00,360.7
2024-10-07 16:00:00,360.59999999999997
2024-10-07 17:00:00,360.8
2024-10-07 18:00:00,361.8
2024-10-07 19:00:00,361.0
2024-10-07 23:00:00,361.0
2024-10-08 14:30:00,359.3
2024-10-08 15:00:00,358.9
2024-10-08 16:00:00,358.7
2024-10-08 17:00:00,358.9
2024-10-08 18:00:00,359.59999999999997
2024-10-08 19:00:00,359.7
2024-10-08 19:00:01,359.7
2024-10-08 23:00:00,359.7
2024-10-09 14:30:00,358.90000000000003
2024-10-09 15:00:00,359.6
2024-10-09 16:00:00,360.0
2024-10-09 17:00:00,359.5
2024-10-09 18:00:00,358.3
2024-10-09 19:00:00,358.7
2024-10-09 23:00:00,358.7
2024-10-10 14:30:00,355.6
2024-10-10 15:00:00,355.40000000000003
2024-10-10 16:00:00,355.6
2024-10-10 17:00:00,354.6
2024-10-10 18:00:00,354.1
2024-10-10 19:00:00,354.8
2024-10-10 23:00:00,354.8
2024-10-11 14:30:00,356.2
2024-10-11 15:00:00,355.40000000000003
2024-10-11 16:00:00,356.40000000000003
2024-10-11 17:00:00,353.3
2024-10-11 18:00:00,353.40000000000003
2024-10-11 19:00:00,352.7
2024-10-11 23:00:00,352.7
2024-10-14 14:30:00,353.8
2024-10-14 15:00:00,355.2
2024-10-14 16:00:00,355.7
2024-10-14 17:00:00,354.7
2024-10-14 18:00:00,354.0
2024-10-14 19:00:00,353.90000000000003
2024-10-14 23:00:00,353.90000000000003
2024-10-15 14:30:00,350.1
2024-10-15 15:00:00,348.5
2024-10-15 16:00:00,350.3
2024-10-15 17:00:00,350.1
2024-10-15 18:00:00,350.1
2024-10-15 19:00:00,350.7
2024-10-15 23:00:00,350.7
2024-10-16 14:30:00,351.8
2024-10-16 15:00:00,350.7
2024-10-16 16:00:00,349.8
2024-10-16 17:00:00,351.2
2024-10-16 18:00:00,350.90000000000003
2024-10-16 19:00:00,349.6
2024-10-16 23:00:00,349.6
2024-10-17 14:30:00,347.6
2024-10-17 15:00:00,347.6
2024-10-17 16:00:00,350.5
2024-10-17 17:00:00,351.0
2024-10-17 18:00:00,352.6
2024-10-17 19:00:00,352.5
2024-10-17 23:00:00,352.5
2024-10-18 14:30:00,354.3
2024-10-18 15:00:00,353.90000000000003
2024-10-18 16:00:00,353.7
2024-10-18 17:00:00,352.40000000000003
2024-10-18 18:00:00,350.90000000000003
2024-10-18 19:00:00,351.2
2024-10-18 23:00:00,351.2
2024-10-21 14:30:00,352.40000000000003
2024-10-21 15:00:00,351.0
2024-10-21 16:00:00,351.90000000000003
2024-10-21 17:00:00,352.6
2024-10-21 18:00:00,351.7
2024-10-21 19:00:00,351.90000000000003
2024-10-21 23:00:00,351.90000000000003
2024-10-22 14:30:00,351.0
2024-10-22 15:00:00,351.1
2024-10-22 16:00:00,352.2
2024-10-22 17:00:00,351.0
2024-10-22 18:00:00,351.2
2024-10-22 19:00:00,352.0
2024-10-22 23:00:00,352.0
2024-10-23 14:30:00,352.6
2024-10-23 15:00:00,350.8
2024-10-23 16:00:00,353.8
2024-10-23 17:00:00,354.3
2024-10-23 18:00:00,350.6
2024-10-23 19:00:00,350.3
2024-10-23 23:00:00,350.3
2024-10-24 14:30:00,350.0
2024-10-24 15:00:00,348.6
2024-10-24 16:00:00,349.1
2024-10-24 17:00:00,348.8
2024-10-24 18:00:00,348.2
2024-10-24 19:00:00,348.8
2024-10-24 23:00:00,348.8
2024-10-25 14:30:00,346.2
2024-10-25 15:00:00,345.7
2024-10-25 16:00:00,345.2
2024-10-25 17:00:00,346.0
2024-10-25 18:00:00,346.0
2024-10-25 19:00:00,345.90000000000003
2024-10-25 23:00:00,345.90000000000003
2024-10-28 13:30:00,344.3
2024-10-28 14:00:00,344.40000000000003
2024-10-28 15:00:00,345.6
2024-10-28 16:00:00,345.0
2024-10-28 17:00:00,345.2
2024-10-28 18:00:00,344.90000000000003
2024-10-28 23:00:00,344.90000000000003
2024-10-29 13:30:00,343.40000000000003
2024-10-29 14:00:00,343.0
2024-10-29 15:00:00,342.40000000000003
2024-10-29 16:00:00,342.90000000000003
2024-10-29 17:00:00,343.3
2024-10-29 18:00:00,343.3
2024-10-29 23:00:00,343.3
2024-10-30 13:30:00,344.0
2024-10-30 14:00:00,344.6
2024-10-30 15:00:00,342.7
2024-10-30 16:00:00,342.7
2024-10-30 17:00:00,342.3
2024-10-30 18:00:00,343.6
2024-10-30 23:00:00,343.6
2024-10-31 13:30:00,342.5
2024-10-31 14:00:00,341.7
2024-10-31 15:00:00,341.0
2024-10-31 16:00:00,340.7
2024-10-31 17:00:00,341.3
2024-10-31 18:00:00,341.2
2024-10-31 23:00:00,341.2
2024-11-01 13:30:00,341.7
2024-11-01 14:00:00,339.2
2024-11-01 15:00:00,337.90000000000003
2024-11-01 16:00:00,336.90000000000003
2024-11-01 17:00:00,337.3
2024-11-01 18:00:00,337.40000000000003
2024-11-01 23:00:00,337.40000000000003
2024-11-04 14:30:00,342.7
2024-11-04 15:00:00,342.40000000000003
2024-11-04 16:00:00,342.40000000000003
2024-11-04 17:00:00,341.0
2024-11-04 18:00:00,340.0
2024-11-04 19:00:00,340.2
2024-11-04 23:00:00,340.2
2024-11-05 14:30:00,339.6
2024-11-05 15:00:00,340.90000000000003
2024-11-05 16:00:00,341.40000000000003
2024-11-05 17:00:00,340.90000000000003
2024-11-05 18:00:00,340.1
2024-11-05 19:00:00,340.7
2024-11-05 23:00:00,340.7
2024-11-06 14:30:00,337.5
2024-11-06 15:00:00,337.90000000000003
2024-11-06 16:00:00,338.0
2024-11-06 17:00:00,337.6
2024-11-06 18:00:00,338.6
2024-11-06 19:00:00,339.40000000000003
2024-11-06 23:00:00,339.40000000000003
2024-11-07 14:30:00,337.90000000000003
2024-11-07 15:00:00,337.90000000000003
2024-11-07 16:00:00,337.0
2024-11-07 17:00:00,337.7
2024-11-07 18:00:00,339.5
2024-11-07 19:00:00,341.3
2024-11-07 23:00:00,341.3
2024-11-08 14:30:00,339.3
2024-11-08 15:00:00,338.40000000000003
2024-11-08 16:00:00,339.5
2024-11-08 17:00:00,339.3
2024-11-08 18:00:00,338.7
2024-11-08 19:00:00,339.0
2024-11-08 23:00:00,339.0
2024-11-11 14:30:00,341.1
2024-11-11 15:00:00,338.90000000000003
2024-11-11 16:00:00,338.7
2024-11-11 17:00:00,338.0
2024-11-11 18:00:00,337.40000000000003
2024-11-11 19:00:00,337.5
2024-11-11 23:00:00,337.5
2024-11-12 14:30:00,338.7
2024-11-12 15:00:00,338.3
2024-11-12 16:00:00,336.8
2024-11-12 17:00:00,335.90000000000003
2024-11-12 18:00:00,335.7
2024-11-12 19:00:00,336.6
2024-11-12 23:00:00,336.6
2024-11-13 14:30:00,334.90000000000003
2024-11-13 15:00:00,334.40000000000003
2024-11-13 16:00:00,333.8
2024-11-13 17:00:00,334.5
2024-11-13 18:00:00,334.5
2024-11-13 19:00:00,335.0
2024-11-13 23:00:00,335.0
2024-11-14 14:30:00,331.6
2024-11-14 15:00:00,330.8
2024-11-14 16:00:00,331.90000000000003
2024-11-14 17:00:00,331.1
2024-11-14 18:00:00,330.2
2024-11-14 19:00:00,330.6
2024-11-14 23:00:00,330.6
2024-11-15 14:30:00,329.8
2024-11-15 15:00:00,330.8
2024-11-15 16:00:00,330.8
2024-11-15 17:00:00,331.3
2024-11-15 18:00:00,332.1
2024-11-15 19:00:00,331.90000000000003
2024-11-15 23:00:00,331.90000000000003
2024-11-18 14:30:00,332.40000000000003
2024-11-18 15:00:00,332.5
2024-11-18 16:00:00,331.90000000000003
2024-11-18 17:00:00,331.8
2024-11-18 18:00:00,332.90000000000003
2024-11-18 19:00:00,333.5
2024-11-18 23:00:00,333.5
2024-11-19 14:30:00,333.8
2024-11-19 15:00:00,334.5
2024-11-19 16:00:00,334.2
2024-11-19 17:00:00,331.90000000000003
2024-11-19 18:00:00,331.5
2024-11-19 19:00:00,331.5
2024-11-19 23:00:00,331.5
2024-11-20 14:30:00,333.3
2024-11-20 15:00:00,331.7
2024-11-20 16:00:00,331.2
2024-11-20 17:00:00,333.3
2024-11-20 18:00:00,332.0
2024-11-20 19:00:00,332.6
2024-11-20 23:00:00,332.6
2024-11-21 14:30:00,330.5
2024-11-21 15:00:00,331.0
2024-11-21 16:00:00,330.90000000000003
2024-11-21 17:00:00,330.6
2024-11-21 18:00:00,330.40000000000003
2024-11-21 19:00:00,330.7
2024-11-21 23:00:00,330.7
2024-11-22 14:30:00,331.40000000000003
2024-11-22 15:00:00,331.3
2024-11-22 16:00:00,331.8
2024-11-22 17:00:00,332.5
2024-11-22 18:00:00,332.7
2024-11-22 19:00:00,333.5
2024-11-22 23:00:00,333.5
2024-11-25 14:30:00,335.5
2024-11-25 15:00:00,339.0
2024-11-25 16:00:00,336.3
2024-11-25 17:00:00,335.6
2024-11-25 18:00:00,335.90000000000003
2024-11-25 19:00:00,336.8
2024-11-25 23:00:00,336.8
2024-11-26 14:30:00,334.5
2024-11-26 15:00:00,333.40000000000003
2024-11-26 16:00:00,332.3
2024-11-26 17:00:00,332.5
2024-11-26 18:00:00,333.1
2024-11-26 19:00:00,332.8
2024-11-26 23:00:00,332.8
2024-11-27 14:30:00,337.3
2024-11-27 15:00:00,338.0
2024-11-27 16:00:00,339.40000000000003
2024-11-27 17:00:00,338.7
2024-11-27 18:00:00,337.5
2024-11-27 19:00:00,337.6
2024-11-27 23:00:00,337.6
2024-11-29 14:30:00,334.1
2024-11-29 15:00:00,335.0
2024-11-29 16:00:00,334.8
2024-11-29 17:00:00,335.0
2024-11-29 18:00:00,336.2
2024-11-29 23:00:00,336.2
2024-12-02 14:30:00,333.5
2024-12-02 15:00:00,332.0
2024-12-02 16:00:00,331.3
2024-12-02 17:00:00,332.40000000000003
2024-12-02 18:00:00,331.3
2024-12-02 19:00:00,331.3
2024-12-02 23:00:00,331.3
2024-12-03 14:30:00,332.6
2024-12-03 15:00:00,333.2
2024-12-03 16:00:00,333.5
2024-12-03 17:00:00,332.1
2024-12-03 18:00:00,332.90000000000003
2024-12-03 19:00:00,333.1
2024-12-03 23:00:00,333.1
2024-12-04 14:30:00,332.5
2024-12-04 15:00:00,331.7
2024-12-04 16:00:00,333.2
2024-12-04 17:00:00,334.0
2024-12-04 18:00:00,334.2
2024-12-04 19:00:00,334.3
2024-12-04 23:00:00,334.3
2024-12-05 14:30:00,333.2
2024-12-05 15:00:00,333.8
2024-12-05 16:00:00,333.90000000000003
2024-12-05 17:00:00,333.3
2024-12-05 18:00:00,333.3
2024-12-05 19:00:00,333.5
2024-12-05 19:00:01,333.5
2024-12-05 23:00:00,333.5
2024-12-06 14:30:00,330.2
2024-12-06 15:00:00,329.2
2024-12-06 16:00:00,329.59999999999997
2024-12-06 17:00:00,330.7
2024-12-06 18:00:00,330.7
2024-12-06 19:00:00,331.0
2024-12-06 23:00:00,331.0
2024-12-09 14:30:00,334.4
2024-12-09 15:00:00,333.59999999999997
2024-12-09 16:00:00,332.59999999999997
2024-12-09 17:00:00,332.79999999999995
2024-12-09 18:00:00,332.29999999999995
2024-12-09 19:00:00,332.7
2024-12-09 23:00:00,332.7
2024-12-10 14:30:00,335.59999999999997
2024-12-10 15:00:00,335.0
2024-12-10 16:00:00,335.09999999999997
2024-12-10 17:00:00,335.4
2024-12-10 18:00:00,335.5
2024-12-10 19:00:00,334.9
2024-12-10 23:00:00,334.9
2024-12-11 14:30:00,335.7
2024-12-11 15:00:00,335.0
2024-12-11 16:00:00,335.59999999999997
2024-12-11 17:00:00,336.2
2024-12-11 18:00:00,336.0
2024-12-11 19:00:00,335.5
2024-12-11 23:00:00,335.5
2024-12-12 14:30:00,335.4
2024-12-12 15:00:00,333.7
2024-12-12 16:00:00,333.2
2024-12-12 17:00:00,332.29999999999995
2024-12-12 18:00:00,333.59999999999997
2024-12-12 19:00:00,333.9
2024-12-12 23:00:00,333.9
2024-12-13 14:30:00,331.0
2024-12-13 15:00:00,331.9
2024-12-13 16:00:00,331.29999999999995
2024-12-13 17:00:00,330.79999999999995
2024-12-13 18:00:00,331.09999999999997
2024-12-13 19:00:00,330.4
2024-12-13 23:00:00,330.4
2024-12-16 14:30:00,333.5
2024-12-16 15:00:00,332.79999999999995
2024-12-16 16:00:00,332.4
2024-12-16 17:00:00,331.9
2024-12-16 18:00:00,331.09999999999997
2024-12-16 19:00:00,330.9
2024-12-16 23:00:00,330.9
2024-12-17 14:30:00,329.7
2024-12-17 15:00:00,329.59999999999997
2024-12-17 16:00:00,332.4
2024-12-17 17:00:00,331.09999999999997
2024-12-17 18:00:00,331.09999999999997
2024-12-17 19:00:00,330.9
2024-12-17 23:00:00,330.9
2024-12-18 14:30:00,328.0
2024-12-18 15:00:00,326.0
2024-12-18 16:00:00,325.0
2024-12-18 17:00:00,324.7
2024-12-18 18:00:00,324.9
2024-12-18 19:00:00,324.29999999999995
2024-12-18 23:00:00,324.29999999999995
2024-12-19 14:30:00,324.09999999999997
2024-12-19 15:00:00,327.0
2024-12-19 16:00:00,327.59999999999997
2024-12-19 17:00:00,328.79999999999995
2024-12-19 18:00:00,328.9
2024-12-19 19:00:00,328.59999999999997
2024-12-19 23:00:00,328.59999999999997
2024-12-20 14:30:00,335.29999999999995
2024-12-20 15:00:00,336.29999999999995
2024-12-20 16:00:00,337.79999999999995
2024-12-20 17:00:00,339.2
2024-12-20 18:00:00,340.0
2024-12-20 19:00:00,339.09999999999997
2024-12-20 23:00:00,339.09999999999997
2024-12-23 14:30:00,338.9
2024-12-23 15:00:00,337.7
2024-12-23 16:00:00,336.9
2024-12-23 17:00:00,336.7
2024-12-23 18:00:00,335.59999999999997
2024-12-23 19:00:00,335.59999999999997
2024-12-23 23:00:00,335.59999999999997
2024-12-24 14:30:00,337.2
2024-12-24 15:00:00,336.4
2024-12-24 16:00:00,337.7
2024-12-24 17:00:00,339.5
2024-12-24 18:00:00,338.7
2024-12-24 23:00:00,338.7
2024-12-26 14:30:00,345.5
2024-12-26 15:00:00,348.0
2024-12-26 16:00:00,350.2
2024-12-26 17:00:00,350.5
2024-12-26 18:00:00,352.2
2024-12-26 19:00:00,352.2
2024-12-26 23:00:00,352.2
2024-12-27 14:30:00,349.59999999999997
2024-12-27 15:00:00,349.5
2024-12-27 16:00:00,349.9
2024-12-27 17:00:00,349.9
2024-12-27 18:00:00,348.09999999999997
2024-12-27 19:00:00,348.7
2024-12-27 23:00:00,348.7
2024-12-30 14:30:00,354.5
2024-12-30 15:00:00,350.9
2024-12-30 16:00:00,349.5
2024-12-30 17:00:00,348.2
2024-12-30 18:00:00,348.9
2024-12-30 19:00:00,349.5
2024-12-30 23:00:00,349.5
2024-12-31 14:30:00,355.4
2024-12-31 15:00:00,354.29999999999995
2024-12-31 16:00:00,351.79999999999995
2024-12-31 17:00:00,352.0
2024-12-31 18:00:00,355.29999999999995
2024-12-31 19:00:00,355.29999999999995
2024-12-31 23:00:00,355.29999999999995
2025-01-02 14:30:00,357.9
2025-01-02 15:00:00,356.7
2025-01-02 16:00:00,358.2
2025-01-02 17:00:00,359.9
2025-01-02 18:00:00,359.09999999999997
2025-01-02 19:00:00,358.5
2025-01-02 23:00:00,358.5
2025-01-03 14:30:00,350.59999999999997
2025-01-03 15:00:00,348.79999999999995
2025-01-03 16:00:00,348.5
2025-01-03 17:00:00,346.0
2025-01-03 18:00:00,347.29999999999995
2025-01-03 19:00:00,347.2
2025-01-03 23:00:00,347.2
2025-01-06 14:30:00,350.4
2025-01-06 15:00:00,348.9
2025-01-06 16:00:00,348.5
2025-01-06 17:00:00,347.7
2025-01-06 18:00:00,346.4
2025-01-06 19:00:00,346.0
2025-01-06 23:00:00,346.0
2025-01-07 14:30:00,341.5
2025-01-07 15:00:00,341.09999999999997
2025-01-07 16:00:00,340.4
2025-01-07 17:00:00,341.9
2025-01-07 18:00:00,343.4
2025-01-07 19:00:00,342.7
2025-01-07 23:00:00,342.7
2025-01-08 14:30:00,339.4
2025-01-08 15:00:00,340.9
2025-01-08 16:00:00,341.5
2025-01-08 17:00:00,342.29999999999995
2025-01-08 18:00:00,340.09999999999997
2025-01-08 19:00:00,340.4
2025-01-08 23:00:00,340.4
2025-01-10 14:30:00,335.9
2025-01-10 15:00:00,335.2
2025-01-10 16:00:00,335.29999999999995
2025-01-10 17:00:00,337.9
2025-01-10 18:00:00,336.79999999999995
2025-01-10 19:00:00,337.7
2025-01-10 23:00:00,337.7
2025-01-13 14:30:00,342.2
2025-01-13 15:00:00,344.5
2025-01-13 16:00:00,345.0
2025-01-13 17:00:00,344.9
2025-01-13 18:00:00,346.59999999999997
2025-01-13 19:00:00,347.09999999999997
2025-01-13 23:00:00,347.09999999999997
2025-01-14 14:30:00,347.4
2025-01-14 15:00:00,344.29999999999995
2025-01-14 16:00:00,347.5
2025-01-14 17:00:00,344.79999999999995
2025-01-14 18:00:00,344.09999999999997
2025-01-14 19:00:00,345.59999999999997
2025-01-14 23:00:00,345.59999999999997
2025-01-15 14:30:00,345.29999999999995
2025-01-15 15:00:00,343.79999999999995
2025-01-15 16:00:00,342.59999999999997
2025-01-15 17:00:00,341.59999999999997
2025-01-15 18:00:00,341.2
2025-01-15 19:00:00,341.59999999999997
2025-01-15 23:00:00,341.59999999999997
2025-01-16 14:30:00,336.4
2025-01-16 15:00:00,335.29999999999995
2025-01-16 16:00:00,334.2
2025-01-16 17:00:00,334.0
2025-01-16 18:00:00,334.7
2025-01-16 19:00:00,335.0
2025-01-16 23:00:00,335.0
2025-01-17 14:30:00,335.79999999999995
2025-01-17 15:00:00,338.9
2025-01-17 16:00:00,338.5
2025-01-17 17:00:00,338.79999999999995
2025-01-17 18:00:00,337.29999999999995
2025-01-17 19:00:00,337.5
2025-01-17 23:00:00,337.5
2025-01-21 14:30:00,342.79999999999995
2025-01-21 15:00:00,345.2
2025-01-21 16:00:00,347.0
2025-01-21 17:00:00,349.09999999999997
2025-01-21 18:00:00,350.4
2025-01-21 19:00:00,351.2
2025-01-21 23:00:00,351.2
2025-01-22 14:30:00,354.2
2025-01-22 15:00:00,358.0
2025-01-22 16:00:00,355.7
2025-01-22 17:00:00,354.59999999999997
2025-01-22 18:00:00,354.0
2025-01-22 19:00:00,355.79999999999995
2025-01-22 23:00:00,355.79999999999995
2025-01-23 14:30:00,355.2
2025-01-23 15:00:00,356.0
2025-01-23 16:00:00,358.09999999999997
2025-01-23 17:00:00,358.4
2025-01-23 18:00:00,355.4
2025-01-23 19:00:00,354.79999999999995
2025-01-23 23:00:00,354.79999999999995
2025-01-24 14:30:00,346.7
2025-01-24 15:00:00,347.2
2025-01-24 16:00:00,345.79999999999995
2025-01-24 17:00:00,344.7
2025-01-24 18:00:00,345.79999999999995
2025-01-24 19:00:00,344.7
2025-01-24 23:00:00,344.7
2025-01-27 14:30:00,341.5
2025-01-27 15:00:00,340.4
2025-01-27 16:00:00,341.29999999999995
2025-01-27 17:00:00,341.0
2025-01-27 18:00:00,341.5
2025-01-27 19:00:00,342.0
2025-01-27 23:00:00,342.0
2025-01-28 14:30:00,341.29999999999995
2025-01-28 15:00:00,343.29999999999995
2025-01-28 16:00:00,342.29999999999995
2025-01-28 17:00:00,342.79999999999995
2025-01-28 18:00:00,343.0
2025-01-28 19:00:00,342.9
2025-01-28 23:00:00,342.9
2025-01-29 14:30:00,347.2
2025-01-29 15:00:00,348.4
2025-01-29 16:00:00,350.4
2025-01-29 17:00:00,350.7
2025-01-29 18:00:00,350.2
2025-01-29 19:00:00,350.09999999999997
2025-01-29 23:00:00,350.09999999999997
2025-01-30 14:30:00,346.9
2025-01-30 15:00:00,345.79999999999995
2025-01-30 16:00:00,345.59999999999997
2025-01-30 17:00:00,344.7
2025-01-30 18:00:00,345.7
2025-01-30 19:00:00,345.7
2025-01-30 23:00:00,345.7
2025-01-31 14:30:00,342.0
2025-01-31 15:00:00,342.5
2025-01-31 16:00:00,342.59999999999997
2025-01-31 17:00:00,345.29999999999995
2025-01-31 18:00:00,341.29999999999995
2025-01-31 19:00:00,342.7
2025-01-31 19:00:01,342.7
2025-01-31 23:00:00,342.7
2025-02-03 14:30:00,339.79999999999995
2025-02-03 15:00:00,342.99999999999994
2025-02-03 16:00:00,342.99999999999994
2025-02-03 17:00:00,341.59999999999997
2025-02-03 18:00:00,344.29999999999995
2025-02-03 19:00:00,343.59999999999997
2025-02-03 23:00:00,343.59999999999997
2025-02-04 14:30:00,348.2
2025-02-04 15:00:00,350.59999999999997
2025-02-04 16:00:00,352.2
2025-02-04 17:00:00,353.4
2025-02-04 18:00:00,353.29999999999995
2025-02-04 19:00:00,353.7
2025-02-04 23:00:00,353.7
2025-02-05 14:30:00,351.79999999999995
2025-02-05 15:00:00,350.99999999999994
2025-02-05 16:00:00,349.79999999999995
2025-02-05 17:00:00,349.09999999999997
2025-02-05 18:00:00,347.09999999999997
2025-02-05 19:00:00,348.79999999999995
2025-02-05 23:00:00,348.79999999999995
2025-02-06 14:30:00,344.49999999999994
2025-02-06 15:00:00,344.09999999999997
2025-02-06 16:00:00,345.9
2025-02-06 17:00:00,346.09999999999997
2025-02-06 18:00:00,345.7
2025-02-06 19:00:00,346.49999999999994
2025-02-06 23:00:00,346.49999999999994
2025-02-07 14:30:00,342.29999999999995
2025-02-07 15:00:00,341.79999999999995
2025-02-07 16:00:00,340.59999999999997
2025-02-07 17:00:00,340.29999999999995
2025-02-07 18:00:00,340.9
2025-02-07 19:00:00,340.79999999999995
2025-02-07 23:00:00,340.79999999999995
2025-02-10 14:30:00,341.4
2025-02-10 15:00:00,340.4
2025-02-10 16:00:00,339.9
2025-02-10 17:00:00,340.7
2025-02-10 18:00:00,340.09999999999997
2025-02-10 19:00:00,339.9
2025-02-10 23:00:00,339.9
2025-02-11 14:30:00,340.2
2025-02-11 15:00:00,339.79999999999995
2025-02-11 16:00:00,339.4
2025-02-11 17:00:00,337.9
2025-02-11 18:00:00,336.79999999999995
2025-02-11 19:00:00,336.79999999999995
2025-02-11 23:00:00,336.79999999999995
2025-02-12 14:30:00,334.99999999999994
2025-02-12 15:00:00,333.9
2025-02-12 16:00:00,333.59999999999997
2025-02-12 17:00:00,333.99999999999994
2025-02-12 18:00:00,333.79999999999995
2025-02-12 19:00:00,333.9
2025-02-12 23:00:00,333.9
2025-02-13 14:30:00,333.59999999999997
2025-02-13 15:00:00,332.7
2025-02-13 16:00:00,331.7
2025-02-13 17:00:00,332.09999999999997
2025-02-13 18:00:00,332.29999999999995
2025-02-13 19:00:00,332.2
2025-02-13 23:00:00,332.2
2025-02-14 14:30:00,336.09999999999997
2025-02-14 15:00:00,338.49999999999994
2025-02-14 16:00:00,338.99999999999994
2025-02-14 17:00:00,337.59999999999997
2025-02-14 18:00:00,336.09999999999997
2025-02-14 19:00:00,334.9
2025-02-14 23:00:00,334.9
2025-02-18 14:30:00,335.79999999999995
2025-02-18 15:00:00,335.29999999999995
2025-02-18 16:00:00,335.4
2025-02-18 17:00:00,334.59999999999997
2025-02-18 18:00:00,334.59999999999997
2025-02-18 19:00:00,333.4
2025-02-18 23:00:00,333.4
2025-02-19 14:30:00,335.29999999999995
2025-02-19 15:00:00,336.99999999999994
2025-02-19 16:00:00,336.2
2025-02-19 17:00:00,334.79999999999995
2025-02-19 18:00:00,334.29999999999995
2025-02-19 19:00:00,334.4
2025-02-19 23:00:00,334.4
2025-02-20 14:30:00,334.9
2025-02-20 15:00:00,335.7
2025-02-20 16:00:00,336.09999999999997
2025-02-20 17:00:00,335.59999999999997
2025-02-20 18:00:00,336.4
2025-02-20 19:00:00,335.2
2025-02-20 23:00:00,335.2
2025-02-21 14:30:00,334.29999999999995
2025-02-21 15:00:00,335.2
2025-02-21 16:00:00,335.9
2025-02-21 17:00:00,335.09999999999997
2025-02-21 18:00:00,335.4
2025-02-21 19:00:00,335.59999999999997
2025-02-21 23:00:00,335.59999999999997
2025-02-24 14:30:00,336.4
2025-02-24 15:00:00,334.99999999999994
2025-02-24 16:00:00,334.09999999999997
2025-02-24 17:00:00,333.7
2025-02-24 18:00:00,333.7
2025-02-24 19:00:00,333.29999999999995
2025-02-24 23:00:00,333.29999999999995
2025-02-25 14:30:00,331.2
2025-02-25 15:00:00,334.2
2025-02-25 16:00:00,334.49999999999994
2025-02-25 17:00:00,334.49999999999994
2025-02-25 18:00:00,334.2
2025-02-25 19:00:00,334.79999999999995
2025-02-25 23:00:00,334.79999999999995
2025-02-26 14:30:00,334.2
2025-02-26 15:00:00,333.4
2025-02-26 16:00:00,333.99999999999994
2025-02-26 17:00:00,334.59999999999997
2025-02-26 18:00:00,334.9
2025-02-26 19:00:00,334.2
2025-02-26 23:00:00,334.2
2025-02-27 14:30:00,334.49999999999994
2025-02-27 15:00:00,333.59999999999997
2025-02-27 16:00:00,335.2
2025-02-27 17:00:00,333.99999999999994
2025-02-27 18:00:00,334.2
2025-02-27 19:00:00,332.29999999999995
2025-02-27 23:00:00,332.29999999999995
2025-02-28 14:30:00,332.9
2025-02-28 15:00:00,330.49999999999994
2025-02-28 16:00:00,330.49999999999994
2025-02-28 17:00:00,331.09999999999997
2025-02-28 18:00:00,332.09999999999997
2025-02-28 19:00:00,331.99999999999994
2025-02-28 23:00:00,331.99999999999994
2025-03-03 14:30:00,329.2
2025-03-03 15:00:00,329.59999999999997
2025-03-03 16:00:00,330.29999999999995
2025-03-03 17:00:00,331.2
2025-03-03 18:00:00,330.09999999999997
2025-03-03 19:00:00,329.4
2025-03-03 23:00:00,329.4
2025-03-04 14:30:00,324.9
2025-03-04 15:00:00,324.4
2025-03-04 16:00:00,324.09999999999997
2025-03-04 17:00:00,325.09999999999997
2025-03-04 18:00:00,325.49999999999994
2025-03-04 19:00:00,326.4
2025-03-04 23:00:00,326.4
2025-03-05 14:30:00,329.2
2025-03-05 15:00:00,329.79999999999995
2025-03-05 16:00:00,331.7
2025-03-05 17:00:00,330.59999999999997
2025-03-05 18:00:00,331.2
2025-03-05 19:00:00,331.9
2025-03-05 23:00:00,331.9
2025-03-06 14:30:00,333.4
2025-03-06 15:00:00,335.59999999999997
2025-03-06 16:00:00,336.4
2025-03-06 17:00:00,337.09999999999997
2025-03-06 18:00:00,336.7
2025-03-06 19:00:00,335.7
2025-03-06 23:00:00,335.7
2025-03-07 14:30:00,333.99999999999994
2025-03-07 15:00:00,335.4
2025-03-07 16:00:00,334.7
2025-03-07 17:00:00,335.29999999999995
2025-03-07 18:00:00,336.4
2025-03-07 19:00:00,335.79999999999995
2025-03-07 23:00:00,335.79999999999995
2025-03-10 13:30:00,336.2
2025-03-10 14:00:00,336.29999999999995
2025-03-10 15:00:00,335.4
2025-03-10 16:00:00,334.4
2025-03-10 17:00:00,334.29999999999995
2025-03-10 18:00:00,333.9
2025-03-10 23:00:00,333.9
2025-03-11 13:30:00,333.79999999999995
2025-03-11 14:00:00,333.99999999999994
2025-03-11 15:00:00,334.7
2025-03-11 16:00:00,334.79999999999995
2025-03-11 17:00:00,334.2
2025-03-11 18:00:00,333.59999999999997
2025-03-11 23:00:00,333.59999999999997
2025-03-12 13:30:00,332.99999999999994
2025-03-12 14:00:00,331.09999999999997
2025-03-12 15:00:00,330.9
2025-03-12 16:00:00,331.09999999999997
2025-03-12 17:00:00,331.7
2025-03-12 18:00:00,331.79999999999995
2025-03-12 23:00:00,331.79999999999995
2025-03-13 13:30:00,340.29999999999995
2025-03-13 14:00:00,339.79999999999995
2025-03-13 15:00:00,338.99999999999994
2025-03-13 16:00:00,339.2
2025-03-13 17:00:00,339.49999999999994
2025-03-13 18:00:00,338.49999999999994
2025-03-13 23:00:00,338.49999999999994
2025-03-14 13:30:00,335.49999999999994
2025-03-14 14:00:00,336.2
2025-03-14 15:00:00,337.2
2025-03-14 16:00:00,337.9
2025-03-14 17:00:00,337.79999999999995
2025-03-14 18:00:00,337.79999999999995
2025-03-14 23:00:00,337.79999999999995
2025-03-17 13:30:00,336.9
2025-03-17 14:00:00,336.09999999999997
2025-03-17 15:00:00,336.29999999999995
2025-03-17 16:00:00,336.7
2025-03-17 17:00:00,336.2
2025-03-17 18:00:00,335.9
2025-03-17 23:00:00,335.9
2025-03-18 13:30:00,333.9
2025-03-18 14:00:00,332.79999999999995
2025-03-18 15:00:00,332.99999999999994
2025-03-18 16:00:00,332.49999999999994
2025-03-18 17:00:00,332.99999999999994
2025-03-18 18:00:00,332.49999999999994
2025-03-18 23:00:00,332.49999999999994
2025-03-19 13:30:00,331.9
2025-03-19 14:00:00,331.9
2025-03-19 15:00:00,330.9
2025-03-19 16:00:00,329.9
2025-03-19 17:00:00,330.29999999999995
2025-03-19 18:00:00,330.99999999999994
2025-03-19 23:00:00,330.99999999999994
2025-03-20 13:30:00,332.49999999999994
2025-03-20 14:00:00,329.09999999999997
2025-03-20 15:00:00,329.7
2025-03-20 16:00:00,328.99999999999994
2025-03-20 17:00:00,329.29999999999995
2025-03-20 18:00:00,329.59999999999997
2025-03-20 23:00:00,329.59999999999997
2025-03-21 13:30:00,331.29999999999995
2025-03-21 14:00:00,329.99999999999994
2025-03-21 15:00:00,330.29999999999995
2025-03-21 16:00:00,331.29999999999995
2025-03-21 17:00:00,332.29999999999995
2025-03-21 18:00:00,331.4
2025-03-21 23:00:00,331.4
2025-03-24 13:30:00,329.79999999999995
2025-03-24 14:00:00,329.4
2025-03-24 15:00:00,329.7
2025-03-24 16:00:00,329.7
2025-03-24 17:00:00,329.59999999999997
2025-03-24 18:00:00,329.09999999999997
2025-03-24 23:00:00,329.09999999999997
2025-03-25 13:30:00,327.2
2025-03-25 14:00:00,327.49999999999994
2025-03-25 15:00:00,327.59999999999997
2025-03-25 16:00:00,327.2
2025-03-25 17:00:00,327.59999999999997
2025-03-25 18:00:00,327.7
2025-03-25 23:00:00,327.7
2025-03-26 13:30:00,327.2
2025-03-26 14:00:00,327.99999999999994
2025-03-26 15:00:00,328.59999999999997
2025-03-26 16:00:00,327.49999999999994
2025-03-26 17:00:00,326.09999999999997
2025-03-26 18:00:00,326.09999999999997
2025-03-26 23:00:00,326.09999999999997
2025-03-27 13:30:00,325.9
2025-03-27 14:00:00,326.09999999999997
2025-03-27 15:00:00,326.49999999999994
2025-03-27 16:00:00,325.99999999999994
2025-03-27 17:00:00,326.4
2025-03-27 18:00:00,325.99999999999994
2025-03-27 23:00:00,325.99999999999994
2025-03-28 13:30:00,323.99999999999994
2025-03-28 14:00:00,323.9
2025-03-28 15:00:00,324.49999999999994
2025-03-28 16:00:00,324.49999999999994
2025-03-28 17:00:00,325.09999999999997
2025-03-28 18:00:00,324.99999999999994
2025-03-28 23:00:00,324.99999999999994
2025-03-31 14:30:00,327.79999999999995
2025-03-31 15:00:00,327.79999999999995
2025-03-31 16:00:00,326.99999999999994
2025-03-31 17:00:00,324.09999999999997
2025-03-31 18:00:00,323.99999999999994
2025-03-31 19:00:00,323.99999999999994
2025-03-31 23:00:00,323.99999999999994
2025-04-01 14:30:00,323.4
2025-04-01 15:00:00,324.4
2025-04-01 16:00:00,325.2
2025-04-01 17:00:00,323.59999999999997
2025-04-01 18:00:00,323.79999999999995
2025-04-01 19:00:00,323.2
2025-04-01 23:00:00,323.2
2025-04-02 14:30:00,321.2
2025-04-02 15:00:00,320.7
2025-04-02 16:00:00,320.09999999999997
2025-04-02 17:00:00,320.09999999999997
2025-04-02 18:00:00,319.49999999999994
2025-04-02 19:00:00,319.4
2025-04-02 23:00:00,319.4
2025-04-03 14:30:00,319.99999999999994
2025-04-03 15:00:00,322.4
2025-04-03 16:00:00,321.2
2025-04-03 17:00:00,320.59999999999997
2025-04-03 18:00:00,320.7
2025-04-03 19:00:00,319.7
2025-04-03 23:00:00,319.7
2025-04-04 14:30:00,315.29999999999995
2025-04-04 15:00:00,314.7
2025-04-04 16:00:00,315.7
2025-04-04 17:00:00,317.59999999999997
2025-04-04 18:00:00,314.9
2025-04-04 19:00:00,315.59999999999997
2025-04-04 23:00:00,315.59999999999997
2025-04-07 14:30:00,318.59999999999997
2025-04-07 15:00:00,319.09999999999997
2025-04-07 16:00:00,317.7
2025-04-07 17:00:00,316.59999999999997
2025-04-07 18:00:00,319.29999999999995
2025-04-07 19:00:00,320.09999999999997
2025-04-07 23:00:00,320.09999999999997
2025-04-08 14:30:00,324.4
2025-04-08 15:00:00,323.9
2025-04-08 16:00:00,323.9
2025-04-08 17:00:00,322.29999999999995
2025-04-08 18:00:00,322.59999999999997
2025-04-08 19:00:00,321.2
2025-04-08 19:00:01,321.2
2025-04-08 23:00:00,321.2
2025-04-09 14:30:00,325.4
2025-04-09 15:00:00,324.4
2025-04-09 16:00:00,324.5
2025-04-09 17:00:00,325.2
2025-04-09 18:00:00,325.5
2025-04-09 19:00:00,324.4
2025-04-09 23:00:00,324.4
2025-04-10 14:30:00,327.2
2025-04-10 15:00:00,327.0
2025-04-10 16:00:00,326.8
2025-04-10 17:00:00,326.8
2025-04-10 18:00:00,328.4
2025-04-10 19:00:00,327.6
2025-04-10 23:00:00,327.6
2025-04-11 14:30:00,326.4
2025-04-11 15:00:00,331.5
2025-04-11 16:00:00,330.7
2025-04-11 17:00:00,330.7
2025-04-11 18:00:00,329.7
2025-04-11 19:00:00,329.3
2025-04-11 23:00:00,329.3
2025-04-14 14:30:00,328.9
2025-04-14 15:00:00,328.3
2025-04-14 16:00:00,327.0
2025-04-14 17:00:00,327.0
2025-04-14 18:00:00,327.3
2025-04-14 19:00:00,327.7
2025-04-14 23:00:00,327.7
2025-04-15 14:30:00,324.2
2025-04-15 15:00:00,325.2
2025-04-15 16:00:00,325.4
2025-04-15 17:00:00,324.7
2025-04-15 18:00:00,325.0
2025-04-15 19:00:00,325.9
2025-04-15 23:00:00,325.9
2025-04-16 14:30:00,326.6
2025-04-16 15:00:00,328.2
2025-04-16 16:00:00,328.0
2025-04-16 17:00:00,329.0
2025-04-16 18:00:00,328.3
2025-04-16 19:00:00,328.8
2025-04-16 23:00:00,328.8
2025-04-17 14:30:00,328.9
2025-04-17 15:00:00,327.8
2025-04-17 16:00:00,327.6
2025-04-17 17:00:00,327.4
2025-04-17 18:00:00,327.6
2025-04-17 19:00:00,328.2
2025-04-17 23:00:00,328.2
2025-04-21 14:30:00,327.0
2025-04-21 15:00:00,326.7
2025-04-21 16:00:00,325.9
2025-04-21 17:00:00,325.5
2025-04-21 18:00:00,325.3
2025-04-21 19:00:00,325.3
2025-04-21 23:00:00,325.3
2025-04-22 14:30:00,323.8
2025-04-22 15:00:00,326.1
2025-04-22 16:00:00,326.3
2025-04-22 17:00:00,326.4
2025-04-22 18:00:00,324.7
2025-04-22 19:00:00,324.4
2025-04-22 23:00:00,324.4
2025-04-23 14:30:00,323.4
2025-04-23 15:00:00,325.6
2025-04-23 16:00:00,325.1
2025-04-23 17:00:00,324.3
2025-04-23 18:00:00,323.4
2025-04-23 19:00:00,323.6
2025-04-23 23:00:00,323.6
2025-04-24 14:30:00,322.0
2025-04-24 15:00:00,321.7
2025-04-24 16:00:00,321.1
2025-04-24 17:00:00,321.5
2025-04-24 18:00:00,321.7
2025-04-24 19:00:00,321.8
2025-04-24 23:00:00,321.8
2025-04-25 14:30:00,320.9
2025-04-25 15:00:00,321.3
2025-04-25 16:00:00,321.8
2025-04-25 17:00:00,323.3
2025-04-25 18:00:00,323.4
2025-04-25 19:00:00,323.4
2025-04-25 23:00:00,323.4
2025-04-28 14:30:00,320.3
2025-04-28 15:00:00,319.8
2025-04-28 16:00:00,320.8
2025-04-28 17:00:00,321.6
2025-04-28 18:00:00,321.2
2025-04-28 19:00:00,321.1
2025-04-28 23:00:00,321.1
2025-04-29 14:30:00,320.6
2025-04-29 15:00:00,320.4
2025-04-29 16:00:00,321.3
2025-04-29 17:00:00,322.5
2025-04-29 18:00:00,323.5
2025-04-29 19:00:00,323.2
2025-04-29 23:00:00,323.2
2025-04-30 14:30:00,324.1
2025-04-30 15:00:00,323.4
2025-04-30 16:00:00,323.2
2025-04-30 17:00:00,323.8
2025-04-30 18:00:00,323.2
2025-04-30 19:00:00,322.7
2025-04-30 23:00:00,322.7
2025-05-01 14:30:00,321.5
2025-05-01 15:00:00,320.3
2025-05-01 16:00:00,319.7
2025-05-01 17:00:00,320.5
2025-05-01 18:00:00,319.6
2025-05-01 19:00:00,320.0
2025-05-01 23:00:00,320.0
2025-05-02 14:30:00,323.5
2025-05-02 15:00:00,324.4
2025-05-02 16:00:00,322.8
2025-05-02 17:00:00,323.9
2025-05-02 18:00:00,321.7
2025-05-02 19:00:00,322.4
2025-05-02 23:00:00,322.4
2025-05-05 14:30:00,323.8
2025-05-05 15:00:00,322.4
2025-05-05 16:00:00,322.3
2025-05-05 17:00:00,321.1
2025-05-05 18:00:00,321.1
2025-05-05 19:00:00,321.2
2025-05-05 23:00:00,321.2
2025-05-06 14:30:00,321.8
2025-05-06 15:00:00,320.7
2025-05-06 16:00:00,319.3
2025-05-06 17:00:00,319.0
2025-05-06 18:00:00,319.2
2025-05-06 19:00:00,318.6
2025-05-06 23:00:00,318.6
2025-05-07 14:30:00,321.3
2025-05-07 15:00:00,319.8
2025-05-07 16:00:00,320.8
2025-05-07 17:00:00,321.9
2025-05-07 18:00:00,321.2
2025-05-07 19:00:00,321.0
2025-05-07 19:00:01,321.0
2025-05-07 23:00:00,321.0
2025-05-08 14:30:00,321.8
2025-05-08 15:00:00,319.70000000000005
2025-05-08 16:00:00,320.0
2025-05-08 17:00:00,319.8
2025-05-08 18:00:00,320.40000000000003
2025-05-08 19:00:00,320.3
2025-05-08 23:00:00,320.3
2025-05-09 14:30:00,321.1
2025-05-09 15:00:00,322.1
2025-05-09 16:00:00,322.6
2025-05-09 17:00:00,321.90000000000003
2025-05-09 18:00:00,319.90000000000003
2025-05-09 19:00:00,320.40000000000003
2025-05-09 23:00:00,320.40000000000003
2025-05-12 14:30:00,321.90000000000003
2025-05-12 15:00:00,322.90000000000003
2025-05-12 16:00:00,320.90000000000003
2025-05-12 17:00:00,324.20000000000005
2025-05-12 18:00:00,324.90000000000003
2025-05-12 19:00:00,325.20000000000005
2025-05-12 23:00:00,325.20000000000005
2025-05-13 14:30:00,321.5
2025-05-13 15:00:00,320.8
2025-05-13 16:00:00,321.70000000000005
2025-05-13 17:00:00,320.8
2025-05-13 18:00:00,321.20000000000005
2025-05-13 19:00:00,321.3
2025-05-13 23:00:00,321.3
2025-05-14 14:30:00,320.90000000000003
2025-05-14 15:00:00,321.3
2025-05-14 16:00:00,320.6
2025-05-14 17:00:00,320.5
2025-05-14 18:00:00,319.8
2025-05-14 19:00:00,320.40000000000003
2025-05-14 23:00:00,320.40000000000003
2025-05-15 14:30:00,323.6
2025-05-15 15:00:00,321.5
2025-05-15 16:00:00,322.0
2025-05-15 17:00:00,323.20000000000005
2025-05-15 18:00:00,324.0
2025-05-15 19:00:00,324.1
2025-05-15 23:00:00,324.1
2025-05-16 14:30:00,322.90000000000003
2025-05-16 15:00:00,320.90000000000003
2025-05-16 16:00:00,319.8
2025-05-16 17:00:00,320.3
2025-05-16 18:00:00,320.20000000000005
2025-05-16 19:00:00,319.8
2025-05-16 23:00:00,319.8
2025-05-19 14:30:00,319.40000000000003
2025-05-19 15:00:00,318.8
2025-05-19 16:00:00,318.8
2025-05-19 17:00:00,319.40000000000003
2025-05-19 18:00:00,318.6
2025-05-19 19:00:00,318.90000000000003
2025-05-19 23:00:00,318.90000000000003
2025-05-20 14:30:00,320.90000000000003
2025-05-20 15:00:00,321.8
2025-05-20 16:00:00,320.8
2025-05-20 17:00:00,320.40000000000003
2025-05-20 18:00:00,320.70000000000005
2025-05-20 19:00:00,320.3
2025-05-20 23:00:00,320.3
2025-05-21 14:30:00,320.40000000000003
2025-05-21 15:00:00,321.70000000000005
2025-05-21 16:00:00,322.20000000000005
2025-05-21 17:00:00,322.20000000000005
2025-05-21 18:00:00,321.90000000000003
2025-05-21 19:00:00,321.90000000000003
2025-05-21 23:00:00,321.90000000000003
2025-05-22 14:30:00,325.70000000000005
2025-05-22 15:00:00,325.8
2025-05-22 16:00:00,327.20000000000005
2025-05-22 17:00:00,325.90000000000003
2025-05-22 18:00:00,326.40000000000003
2025-05-22 19:00:00,326.70000000000005
2025-05-22 23:00:00,326.70000000000005
2025-05-23 14:30:00,324.40000000000003
2025-05-23 15:00:00,323.70000000000005
2025-05-23 16:00:00,323.8
2025-05-23 17:00:00,323.8
2025-05-23 18:00:00,324.8
2025-05-23 19:00:00,324.70000000000005
2025-05-23 23:00:00,324.70000000000005
2025-05-27 14:30:00,323.8
2025-05-27 15:00:00,325.6
2025-05-27 16:00:00,326.40000000000003
2025-05-27 17:00:00,324.70000000000005
2025-05-27 18:00:00,324.3
2025-05-27 19:00:00,324.6
2025-05-27 23:00:00,324.6
2025-05-28 14:30:00,323.6
2025-05-28 15:00:00,323.6
2025-05-28 16:00:00,323.20000000000005
2025-05-28 17:00:00,322.20000000000005
2025-05-28 18:00:00,322.5
2025-05-28 19:00:00,322.5
2025-05-28 23:00:00,322.5
2025-05-29 14:30:00,322.3
2025-05-29 15:00:00,322.40000000000003
2025-05-29 16:00:00,324.40000000000003
2025-05-29 17:00:00,324.70000000000005
2025-05-29 18:00:00,323.90000000000003
2025-05-29 19:00:00,324.3
2025-05-29 23:00:00,324.3
2025-05-30 14:30:00,326.20000000000005
2025-05-30 15:00:00,326.40000000000003
2025-05-30 16:00:00,325.3
2025-05-30 17:00:00,325.40000000000003
2025-05-30 18:00:00,324.70000000000005
2025-05-30 19:00:00,324.3
2025-05-30 23:00:00,324.3
2025-06-02 14:30:00,322.90000000000003
2025-06-02 15:00:00,322.5
2025-06-02 16:00:00,322.90000000000003
2025-06-02 17:00:00,323.0
2025-06-02 18:00:00,322.3
2025-06-02 19:00:00,322.70000000000005
2025-06-02 23:00:00,322.70000000000005
2025-06-03 14:30:00,321.90000000000003
2025-06-03 15:00:00,322.5
2025-06-03 16:00:00,321.70000000000005
2025-06-03 17:00:00,322.6
2025-06-03 18:00:00,322.0
2025-06-03 19:00:00,322.20000000000005
2025-06-03 23:00:00,322.20000000000005
2025-06-04 14:30:00,325.1
2025-06-04 15:00:00,325.3
2025-06-04 16:00:00,325.8
2025-06-04 17:00:00,325.20000000000005
2025-06-04 18:00:00,324.3
2025-06-04 19:00:00,324.3
2025-06-04 23:00:00,324.3
2025-06-05 14:30:00,323.0
2025-06-05 15:00:00,324.5
2025-06-05 16:00:00,324.6
2025-06-05 17:00:00,325.6
2025-06-05 18:00:00,325.40000000000003
2025-06-05 19:00:00,324.70000000000005
2025-06-05 19:00:01,324.70000000000005
2025-06-05 23:00:00,324.70000000000005
2025-06-06 14:30:00,323.6000000000001
2025-06-06 15:00:00,323.6000000000001
2025-06-06 16:00:00,324.40000000000003
2025-06-06 17:00:00,324.70000000000005
2025-06-06 18:00:00,324.6000000000001
2025-06-06 19:00:00,325.00000000000006
2025-06-06 23:00:00,325.00000000000006
2025-06-09 14:30:00,323.80000000000007
2025-06-09 15:00:00,323.30000000000007
2025-06-09 16:00:00,323.90000000000003
2025-06-09 17:00:00,323.00000000000006
2025-06-09 18:00:00,323.70000000000005
2025-06-09 19:00:00,323.40000000000003
2025-06-09 23:00:00,323.40000000000003
2025-06-10 14:30:00,323.40000000000003
2025-06-10 15:00:00,322.80000000000007
2025-06-10 16:00:00,322.00000000000006
2025-06-10 17:00:00,322.20000000000005
2025-06-10 18:00:00,322.6000000000001
2025-06-10 19:00:00,322.80000000000007
2025-06-10 23:00:00,322.80000000000007
2025-06-11 14:30:00,323.00000000000006
2025-06-11 15:00:00,322.90000000000003
2025-06-11 16:00:00,322.20000000000005
2025-06-11 17:00:00,322.00000000000006
2025-06-11 18:00:00,321.70000000000005
2025-06-11 19:00:00,321.00000000000006
2025-06-11 23:00:00,321.00000000000006
2025-06-12 14:30:00,320.50000000000006
2025-06-12 15:00:00,321.50000000000006
2025-06-12 16:00:00,320.90000000000003
2025-06-12 17:00:00,321.20000000000005
2025-06-12 18:00:00,321.90000000000003
2025-06-12 19:00:00,321.90000000000003
2025-06-12 23:00:00,321.90000000000003
2025-06-13 14:30:00,319.1000000000001
2025-06-13 15:00:00,318.70000000000005
2025-06-13 16:00:00,319.1000000000001
2025-06-13 17:00:00,319.30000000000007
2025-06-13 18:00:00,318.80000000000007
2025-06-13 19:00:00,318.50000000000006
2025-06-13 23:00:00,318.50000000000006
2025-06-16 14:30:00,313.80000000000007
2025-06-16 15:00:00,313.50000000000006
2025-06-16 16:00:00,312.40000000000003
2025-06-16 17:00:00,312.50000000000006
2025-06-16 18:00:00,312.1000000000001
2025-06-16 19:00:00,311.70000000000005
2025-06-16 23:00:00,311.70000000000005
2025-06-17 14:30:00,312.6000000000001
2025-06-17 15:00:00,312.40000000000003
2025-06-17 16:00:00,313.00000000000006
2025-06-17 17:00:00,313.6000000000001
2025-06-17 18:00:00,314.20000000000005
2025-06-17 19:00:00,314.20000000000005
2025-06-17 23:00:00,314.20000000000005
2025-06-18 14:30:00,313.6000000000001
2025-06-18 15:00:00,315.1000000000001
2025-06-18 16:00:00,315.6000000000001
2025-06-18 17:00:00,314.6000000000001
2025-06-18 18:00:00,313.90000000000003
2025-06-18 19:00:00,313.6000000000001
2025-06-18 23:00:00,313.6000000000001
2025-06-20 14:30:00,314.90000000000003
2025-06-20 15:00:00,315.20000000000005
2025-06-20 16:00:00,314.30000000000007
2025-06-20 17:00:00,314.1000000000001
2025-06-20 18:00:00,313.50000000000006
2025-06-20 19:00:00,313.70000000000005
2025-06-20 23:00:00,313.70000000000005
2025-06-23 14:30:00,311.00000000000006
2025-06-23 15:00:00,311.30000000000007
2025-06-23 16:00:00,310.70000000000005
2025-06-23 17:00:00,310.90000000000003
2025-06-23 18:00:00,311.6000000000001
2025-06-23 19:00:00,311.80000000000007
2025-06-23 23:00:00,311.80000000000007
2025-06-24 14:30:00,311.50000000000006
2025-06-24 15:00:00,310.90000000000003
2025-06-24 16:00:00,310.70000000000005
2025-06-24 17:00:00,310.40000000000003
2025-06-24 18:00:00,310.30000000000007
2025-06-24 19:00:00,309.6000000000001
2025-06-24 23:00:00,309.6000000000001
2025-06-25 14:30:00,307.20000000000005
2025-06-25 15:00:00,305.6000000000001
2025-06-25 16:00:00,306.20000000000005
2025-06-25 17:00:00,306.1000000000001
2025-06-25 18:00:00,305.70000000000005
2025-06-25 19:00:00,305.40000000000003
2025-06-25 23:00:00,305.40000000000003
2025-06-26 14:30:00,303.40000000000003
2025-06-26 15:00:00,302.50000000000006
2025-06-26 16:00:00,302.30000000000007
2025-06-26 17:00:00,302.1000000000001
2025-06-26 18:00:00,302.30000000000007
2025-06-26 19:00:00,301.80000000000007
2025-06-26 23:00:00,301.80000000000007
2025-06-27 14:30:00,300.6000000000001
2025-06-27 15:00:00,302.30000000000007
2025-06-27 16:00:00,302.6000000000001
2025-06-27 17:00:00,302.70000000000005
2025-06-27 18:00:00,303.20000000000005
2025-06-27 19:00:00,302.50000000000006
2025-06-27 23:00:00,302.50000000000006
2025-06-30 14:30:00,303.90000000000003
2025-06-30 15:00:00,304.50000000000006
2025-06-30 16:00:00,305.1000000000001
2025-06-30 17:00:00,302.80000000000007
2025-06-30 18:00:00,302.80000000000007
2025-06-30 19:00:00,303.40000000000003
2025-06-30 23:00:00,303.40000000000003
2025-07-01 14:30:00,300.40000000000003
2025-07-01 15:00:00,301.40000000000003
2025-07-01 16:00:00,300.80000000000007
2025-07-01 17:00:00,301.1000000000001
2025-07-01 18:00:00,300.90000000000003
2025-07-01 19:00:00,300.90000000000003
2025-07-01 23:00:00,300.90000000000003
2025-07-02 14:30:00,300.20000000000005
2025-07-02 15:00:00,301.20000000000005
2025-07-02 16:00:00,300.30000000000007
2025-07-02 17:00:00,302.50000000000006
2025-07-02 18:00:00,304.1000000000001
2025-07-02 19:00:00,304.30000000000007
2025-07-02 23:00:00,304.30000000000007
2025-07-03 14:30:00,307.50000000000006
2025-07-03 15:00:00,307.1000000000001
2025-07-03 16:00:00,305.00000000000006
2025-07-03 17:00:00,304.90000000000003
2025-07-03 23:00:00,304.90000000000003
2025-07-07 14:30:00,301.00000000000006
2025-07-07 15:00:00,300.80000000000007
2025-07-07 16:00:00,299.70000000000005
2025-07-07 17:00:00,299.1000000000001
2025-07-07 18:00:00,298.80000000000007
2025-07-07 19:00:00,299.80000000000007
2025-07-07 23:00:00,299.80000000000007
2025-07-08 14:30:00,298.80000000000007
2025-07-08 15:00:00,298.6000000000001
2025-07-08 16:00:00,298.40000000000003
2025-07-08 17:00:00,299.00000000000006
2025-07-08 18:00:00,298.1000000000001
2025-07-08 19:00:00,297.90000000000003
2025-07-08 23:00:00,297.90000000000003
2025-07-09 14:30:00,298.00000000000006
2025-07-09 15:00:00,297.1000000000001
2025-07-09 16:00:00,296.70000000000005
2025-07-09 17:00:00,297.80000000000007
2025-07-09 18:00:00,296.70000000000005
2025-07-09 19:00:00,296.90000000000003
2025-07-09 23:00:00,296.90000000000003
2025-07-10 14:30:00,296.00000000000006
2025-07-10 15:00:00,299.20000000000005
2025-07-10 16:00:00,298.70000000000005
2025-07-10 17:00:00,298.50000000000006
2025-07-10 18:00:00,298.80000000000007
2025-07-10 19:00:00,299.00000000000006
2025-07-10 19:00:01,299.00000000000006
2025-07-10 23:00:00,299.00000000000006
2025-07-11 14:30:00,297.40000000000003
2025-07-11 15:00:00,297.6
2025-07-11 16:00:00,297.6
2025-07-11 17:00:00,297.30000000000007
2025-07-11 18:00:00,297.30000000000007
2025-07-11 19:00:00,297.70000000000005
2025-07-11 23:00:00,297.70000000000005
2025-07-14 14:30:00,296.20000000000005
2025-07-14 15:00:00,296.1
2025-07-14 16:00:00,295.20000000000005
2025-07-14 17:00:00,295.20000000000005
2025-07-14 18:00:00,295.20000000000005
2025-07-14 19:00:00,295.20000000000005
2025-07-14 23:00:00,295.20000000000005
2025-07-15 14:30:00,294.40000000000003
2025-07-15 15:00:00,293.00000000000006
2025-07-15 16:00:00,294.20000000000005
2025-07-15 17:00:00,292.50000000000006
2025-07-15 18:00:00,292.70000000000005
2025-07-15 19:00:00,293.6
2025-07-15 23:00:00,293.6
2025-07-16 14:30:00,297.40000000000003
2025-07-16 15:00:00,296.90000000000003
2025-07-16 16:00:00,297.70000000000005
2025-07-16 17:00:00,298.6
2025-07-16 18:00:00,297.40000000000003
2025-07-16 19:00:00,296.80000000000007
2025-07-16 23:00:00,296.80000000000007
2025-07-17 14:30:00,295.70000000000005
2025-07-17 15:00:00,296.1
2025-07-17 16:00:00,296.1
2025-07-17 17:00:00,295.30000000000007
2025-07-17 18:00:00,297.00000000000006
2025-07-17 19:00:00,297.40000000000003
2025-07-17 23:00:00,297.40000000000003
2025-07-18 14:30:00,300.70000000000005
2025-07-18 15:00:00,300.00000000000006
2025-07-18 16:00:00,300.70000000000005
2025-07-18 17:00:00,301.50000000000006
2025-07-18 18:00:00,302.20000000000005
2025-07-18 19:00:00,302.50000000000006
2025-07-18 23:00:00,302.50000000000006
2025-07-21 14:30:00,300.1
2025-07-21 15:00:00,298.30000000000007
2025-07-21 16:00:00,298.20000000000005
2025-07-21 17:00:00,297.70000000000005
2025-07-21 18:00:00,298.1
2025-07-21 19:00:00,298.6
2025-07-21 23:00:00,298.6
2025-07-22 14:30:00,299.50000000000006
2025-07-22 15:00:00,299.70000000000005
2025-07-22 16:00:00,301.70000000000005
2025-07-22 17:00:00,300.00000000000006
2025-07-22 18:00:00,299.6
2025-07-22 19:00:00,300.6
2025-07-22 23:00:00,300.6
2025-07-23 14:30:00,302.90000000000003
2025-07-23 15:00:00,300.6
2025-07-23 16:00:00,300.80000000000007
2025-07-23 17:00:00,299.6
2025-07-23 18:00:00,299.30000000000007
2025-07-23 19:00:00,299.30000000000007
2025-07-23 23:00:00,299.30000000000007
2025-07-24 14:30:00,300.20000000000005
2025-07-24 15:00:00,298.50000000000006
2025-07-24 16:00:00,297.20000000000005
2025-07-24 17:00:00,297.80000000000007
2025-07-24 18:00:00,296.00000000000006
2025-07-24 19:00:00,296.90000000000003
2025-07-24 23:00:00,296.90000000000003
2025-07-25 14:30:00,296.1
2025-07-25 15:00:00,295.90000000000003
2025-07-25 16:00:00,295.20000000000005
2025-07-25 17:00:00,295.80000000000007
2025-07-25 18:00:00,295.70000000000005
2025-07-25 19:00:00,295.40000000000003
2025-07-25 23:00:00,295.40000000000003
2025-07-28 14:30:00,293.80000000000007
2025-07-28 15:00:00,294.1
2025-07-28 16:00:00,293.6
2025-07-28 17:00:00,293.50000000000006
2025-07-28 18:00:00,293.1
2025-07-28 19:00:00,293.1
2025-07-28 23:00:00,293.1
2025-07-29 14:30:00,292.20000000000005
2025-07-29 15:00:00,291.80000000000007
2025-07-29 16:00:00,292.20000000000005
2025-07-29 17:00:00,290.6
2025-07-29 18:00:00,290.20000000000005
2025-07-29 19:00:00,290.00000000000006
2025-07-29 23:00:00,290.00000000000006
2025-07-30 14:30:00,289.6
2025-07-30 15:00:00,288.6
2025-07-30 16:00:00,287.80000000000007
2025-07-30 17:00:00,288.30000000000007
2025-07-30 18:00:00,288.1
2025-07-30 19:00:00,288.00000000000006
2025-07-30 23:00:00,288.00000000000006
2025-07-31 14:30:00,286.70000000000005
2025-07-31 15:00:00,290.20000000000005
2025-07-31 16:00:00,290.80000000000007
2025-07-31 17:00:00,289.80000000000007
2025-07-31 18:00:00,289.20000000000005
2025-07-31 19:00:00,290.00000000000006
2025-07-31 23:00:00,290.00000000000006
2025-08-01 14:30:00,289.40000000000003
2025-08-01 15:00:00,293.50000000000006
2025-08-01 16:00:00,293.20000000000005
2025-08-01 17:00:00,293.30000000000007
2025-08-01 18:00:00,294.40000000000003
2025-08-01 19:00:00,294.1
2025-08-01 23:00:00,294.1
2025-08-04 14:30:00,295.40000000000003
2025-08-04 15:00:00,295.80000000000007
2025-08-04 16:00:00,297.30000000000007
2025-08-04 17:00:00,297.6
2025-08-04 18:00:00,298.80000000000007
2025-08-04 19:00:00,298.80000000000007
2025-08-04 23:00:00,298.80000000000007
2025-08-05 14:30:00,302.80000000000007
2025-08-05 15:00:00,298.6
2025-08-05 16:00:00,299.50000000000006
2025-08-05 17:00:00,298.70000000000005
2025-08-05 18:00:00,298.90000000000003
2025-08-05 19:00:00,298.50000000000006
2025-08-05 23:00:00,298.50000000000006
2025-08-06 14:30:00,297.40000000000003
2025-08-06 15:00:00,295.20000000000005
2025-08-06 16:00:00,294.40000000000003
2025-08-06 17:00:00,293.30000000000007
2025-08-06 18:00:00,294.1
2025-08-06 19:00:00,294.80000000000007
2025-08-06 23:00:00,294.80000000000007
2025-08-07 14:30:00,297.50000000000006
2025-08-07 15:00:00,296.80000000000007
2025-08-07 16:00:00,298.00000000000006
2025-08-07 17:00:00,299.6
2025-08-07 18:00:00,298.80000000000007
2025-08-07 19:00:00,298.90000000000003
2025-08-07 23:00:00,298.90000000000003
2025-08-08 14:30:00,300.20000000000005
2025-08-08 15:00:00,300.30000000000007
2025-08-08 16:00:00,300.00000000000006
2025-08-08 17:00:00,298.90000000000003
2025-08-08 18:00:00,299.00000000000006
2025-08-08 19:00:00,298.70000000000005
2025-08-08 23:00:00,298.70000000000005
2025-08-11 14:30:00,302.30000000000007
2025-08-11 15:00:00,303.80000000000007
2025-08-11 16:00:00,304.6
2025-08-11 17:00:00,304.50000000000006
2025-08-11 18:00:00,304.6
2025-08-11 19:00:00,303.6
2025-08-11 23:00:00,303.6
2025-08-12 14:30:00,302.00000000000006
2025-08-12 15:00:00,300.1
2025-08-12 16:00:00,300.40000000000003
2025-08-12 17:00:00,305.80000000000007
2025-08-12 18:00:00,305.00000000000006
2025-08-12 19:00:00,305.50000000000006
2025-08-12 23:00:00,305.50000000000006
2025-08-13 14:30:00,308.40000000000003
2025-08-13 15:00:00,308.6
2025-08-13 16:00:00,308.70000000000005
2025-08-13 17:00:00,310.1
2025-08-13 18:00:00,310.50000000000006
2025-08-13 19:00:00,310.90000000000003
2025-08-13 23:00:00,310.90000000000003
2025-08-14 14:30:00,311.40000000000003
2025-08-14 15:00:00,309.70000000000005
2025-08-14 16:00:00,309.20000000000005
2025-08-14 17:00:00,309.40000000000003
2025-08-14 18:00:00,309.50000000000006
2025-08-14 19:00:00,309.30000000000007
2025-08-14 23:00:00,309.30000000000007
2025-08-15 14:30:00,308.70000000000005
2025-08-15 15:00:00,307.90000000000003
2025-08-15 16:00:00,308.80000000000007
2025-08-15 17:00:00,307.70000000000005
2025-08-15 18:00:00,308.20000000000005
2025-08-15 19:00:00,308.00000000000006
2025-08-15 23:00:00,308.00000000000006
2025-08-18 14:30:00,309.6
2025-08-18 15:00:00,305.40000000000003
2025-08-18 16:00:00,305.6
2025-08-18 17:00:00,305.50000000000006
2025-08-18 18:00:00,306.00000000000006
2025-08-18 19:00:00,305.30000000000007
2025-08-18 23:00:00,305.30000000000007
2025-08-19 14:30:00,308.50000000000006
2025-08-19 15:00:00,306.00000000000006
2025-08-19 16:00:00,305.6
2025-08-19 17:00:00,306.30000000000007
2025-08-19 18:00:00,309.6
2025-08-19 19:00:00,309.40000000000003
2025-08-19 23:00:00,309.40000000000003
2025-08-20 14:30:00,309.90000000000003
2025-08-20 15:00:00,312.40000000000003
2025-08-20 16:00:00,311.20000000000005
2025-08-20 17:00:00,312.30000000000007
2025-08-20 18:00:00,310.90000000000003
2025-08-20 19:00:00,310.70000000000005
2025-08-20 23:00:00,310.70000000000005
2025-08-21 14:30:00,310.30000000000007
2025-08-21 15:00:00,307.40000000000003
2025-08-21 16:00:00,306.1
2025-08-21 17:00:00,307.00000000000006
2025-08-21 18:00:00,307.80000000000007
2025-08-21 19:00:00,307.50000000000006
2025-08-21 23:00:00,307.50000000000006
2025-08-22 14:30:00,310.30000000000007
2025-08-22 15:00:00,310.80000000000007
2025-08-22 16:00:00,305.20000000000005
2025-08-22 17:00:00,304.90000000000003
2025-08-22 18:00:00,305.20000000000005
2025-08-22 19:00:00,304.70000000000005
2025-08-22 23:00:00,304.70000000000005
2025-08-25 14:30:00,306.20000000000005
2025-08-25 15:00:00,304.80000000000007
2025-08-25 16:00:00,305.80000000000007
2025-08-25 17:00:00,305.1
2025-08-25 18:00:00,304.40000000000003
2025-08-25 19:00:00,304.30000000000007
2025-08-25 23:00:00,304.30000000000007
2025-08-26 14:30:00,305.40000000000003
2025-08-26 15:00:00,307.70000000000005
2025-08-26 16:00:00,308.00000000000006
2025-08-26 17:00:00,307.70000000000005
2025-08-26 18:00:00,307.40000000000003
2025-08-26 19:00:00,306.80000000000007
2025-08-26 23:00:00,306.80000000000007
2025-08-27 14:30:00,305.20000000000005
2025-08-27 15:00:00,304.90000000000003
2025-08-27 16:00:00,304.40000000000003
2025-08-27 17:00:00,302.70000000000005
2025-08-27 18:00:00,301.90000000000003
2025-08-27 19:00:00,302.40000000000003
2025-08-27 23:00:00,302.40000000000003
2025-08-28 14:30:00,301.40000000000003
2025-08-28 15:00:00,302.00000000000006
2025-08-28 16:00:00,301.20000000000005
2025-08-28 17:00:00,300.6
2025-08-28 18:00:00,300.40000000000003
2025-08-28 19:00:00,301.50000000000006
2025-08-28 23:00:00,301.50000000000006
2025-08-29 14:30:00,301.20000000000005
2025-08-29 15:00:00,301.00000000000006
2025-08-29 16:00:00,301.90000000000003
2025-08-29 17:00:00,301.30000000000007
2025-08-29 18:00:00,302.1
2025-08-29 19:00:00,302.40000000000003
2025-08-29 23:00:00,302.40000000000003
2025-09-02 14:30:00,298.00000000000006
2025-09-02 15:00:00,297.40000000000003
2025-09-02 16:00:00,297.80000000000007
2025-09-02 17:00:00,297.30000000000007
2025-09-02 18:00:00,297.00000000000006
2025-09-02 19:00:00,297.00000000000006
2025-09-02 23:00:00,297.00000000000006
2025-09-03 14:30:00,297.1
2025-09-03 15:00:00,297.20000000000005
2025-09-03 16:00:00,296.70000000000005
2025-09-03 17:00:00,296.1
2025-09-03 18:00:00,296.30000000000007
2025-09-03 19:00:00,296.50000000000006
2025-09-03 23:00:00,296.50000000000006
2025-09-04 14:30:00,296.6
2025-09-04 15:00:00,295.70000000000005
2025-09-04 16:00:00,296.80000000000007
2025-09-04 17:00:00,297.20000000000005
2025-09-04 18:00:00,297.00000000000006
2025-09-04 19:00:00,297.80000000000007
2025-09-04 19:00:01,297.80000000000007
2025-09-04 23:00:00,297.80000000000007
2025-09-05 14:30:00,299.00000000000006
2025-09-05 15:00:00,299.2000000000001
2025-09-05 16:00:00,299.50000000000006
2025-09-05 17:00:00,298.50000000000006
2025-09-05 18:00:00,298.30000000000007
2025-09-05 19:00:00,297.30000000000007
2025-09-05 23:00:00,297.30000000000007
2025-09-08 14:30:00,296.50000000000006
2025-09-08 15:00:00,297.1000000000001
2025-09-08 16:00:00,298.50000000000006
2025-09-08 17:00:00,299.1000000000001
2025-09-08 18:00:00,299.7000000000001
2025-09-08 19:00:00,299.00000000000006
2025-09-08 23:00:00,299.00000000000006
2025-09-09 14:30:00,301.30000000000007
2025-09-09 15:00:00,301.9000000000001
2025-09-09 16:00:00,302.00000000000006
2025-09-09 17:00:00,302.00000000000006
2025-09-09 18:00:00,302.7000000000001
2025-09-09 19:00:00,302.00000000000006
2025-09-09 23:00:00,302.00000000000006
2025-09-10 14:30:00,300.80000000000007
2025-09-10 15:00:00,300.50000000000006
2025-09-10 16:00:00,300.30000000000007
2025-09-10 17:00:00,299.7000000000001
2025-09-10 18:00:00,299.7000000000001
2025-09-10 19:00:00,299.4000000000001
2025-09-10 23:00:00,299.4000000000001
2025-09-11 14:30:00,301.9000000000001
2025-09-11 15:00:00,302.1000000000001
2025-09-11 16:00:00,301.7000000000001
2025-09-11 17:00:00,301.80000000000007
2025-09-11 18:00:00,301.4000000000001
2025-09-11 19:00:00,301.4000000000001
2025-09-11 23:00:00,301.4000000000001
2025-09-12 14:30:00,300.9000000000001
2025-09-12 15:00:00,300.7000000000001
2025-09-12 16:00:00,300.7000000000001
2025-09-12 17:00:00,301.6000000000001
2025-09-12 18:00:00,302.1000000000001
2025-09-12 19:00:00,302.00000000000006
2025-09-12 23:00:00,302.00000000000006
2025-09-15 14:30:00,300.30000000000007
2025-09-15 15:00:00,301.30000000000007
2025-09-15 16:00:00,300.00000000000006
2025-09-15 17:00:00,299.7000000000001
2025-09-15 18:00:00,299.9000000000001
2025-09-15 19:00:00,299.7000000000001
2025-09-15 23:00:00,299.7000000000001
2025-09-16 14:30:00,299.2000000000001
2025-09-16 15:00:00,299.2000000000001
2025-09-16 16:00:00,300.00000000000006
2025-09-16 17:00:00,299.80000000000007
2025-09-16 18:00:00,299.7000000000001
2025-09-16 19:00:00,299.80000000000007
2025-09-16 23:00:00,299.80000000000007
2025-09-17 14:30:00,301.6000000000001
2025-09-17 15:00:00,301.7000000000001
2025-09-17 16:00:00,301.2000000000001
2025-09-17 17:00:00,300.4000000000001
2025-09-17 18:00:00,299.7000000000001
2025-09-17 19:00:00,299.9000000000001
2025-09-17 23:00:00,299.9000000000001
2025-09-18 14:30:00,298.7000000000001
2025-09-18 15:00:00,298.4000000000001
2025-09-18 16:00:00,298.30000000000007
2025-09-18 17:00:00,299.00000000000006
2025-09-18 18:00:00,298.1000000000001
2025-09-18 19:00:00,299.2000000000001
2025-09-18 23:00:00,299.2000000000001
2025-09-19 14:30:00,299.4000000000001
2025-09-19 15:00:00,298.9000000000001
2025-09-19 16:00:00,297.80000000000007
2025-09-19 17:00:00,298.00000000000006
2025-09-19 18:00:00,298.00000000000006
2025-09-19 19:00:00,298.2000000000001
2025-09-19 23:00:00,298.2000000000001
2025-09-22 14:30:00,293.9000000000001
2025-09-22 15:00:00,294.4000000000001
2025-09-22 16:00:00,294.2000000000001
2025-09-22 17:00:00,294.2000000000001
2025-09-22 18:00:00,294.2000000000001
2025-09-22 19:00:00,294.2000000000001
2025-09-22 23:00:00,294.2000000000001
2025-09-23 14:30:00,291.4000000000001
2025-09-23 15:00:00,292.9000000000001
2025-09-23 16:00:00,293.2000000000001
2025-09-23 17:00:00,291.80000000000007
2025-09-23 18:00:00,291.9000000000001
2025-09-23 19:00:00,291.50000000000006
2025-09-23 23:00:00,291.50000000000006
2025-09-24 14:30:00,292.50000000000006
2025-09-24 15:00:00,292.50000000000006
2025-09-24 16:00:00,291.80000000000007
2025-09-24 17:00:00,291.1000000000001
2025-09-24 18:00:00,291.00000000000006
2025-09-24 19:00:00,290.7000000000001
2025-09-24 23:00:00,290.7000000000001
2025-09-25 14:30:00,290.30000000000007
2025-09-25 15:00:00,289.7000000000001
2025-09-25 16:00:00,288.9000000000001
2025-09-25 17:00:00,288.00000000000006
2025-09-25 18:00:00,287.7000000000001
2025-09-25 19:00:00,287.80000000000007
2025-09-25 23:00:00,287.80000000000007
2025-09-26 14:30:00,288.2000000000001
2025-09-26 15:00:00,288.9000000000001
2025-09-26 16:00:00,288.2000000000001
2025-09-26 17:00:00,289.00000000000006
2025-09-26 18:00:00,288.80000000000007
2025-09-26 19:00:00,289.80000000000007
2025-09-26 23:00:00,289.80000000000007
2025-09-29 14:30:00,291.6000000000001
2025-09-29 15:00:00,290.6000000000001
2025-09-29 16:00:00,291.30000000000007
2025-09-29 17:00:00,291.1000000000001
2025-09-29 18:00:00,290.4000000000001
2025-09-29 19:00:00,290.00000000000006
2025-09-29 23:00:00,290.00000000000006
2025-09-30 14:30:00,289.30000000000007
2025-09-30 15:00:00,289.2000000000001
2025-09-30 16:00:00,289.30000000000007
2025-09-30 17:00:00,288.80000000000007
2025-09-30 18:00:00,288.1000000000001
2025-09-30 19:00:00,288.50000000000006
2025-09-30 23:00:00,288.50000000000006
2025-10-01 14:30:00,285.9000000000001
2025-10-01 15:00:00,286.50000000000006
2025-10-01 16:00:00,285.7000000000001
2025-10-01 17:00:00,286.7000000000001
2025-10-01 18:00:00,289.6000000000001
2025-10-01 19:00:00,289.00000000000006
2025-10-01 23:00:00,289.00000000000006
2025-10-02 14:30:00,289.80000000000007
2025-10-02 15:00:00,292.6000000000001
2025-10-02 16:00:00,291.80000000000007
2025-10-02 17:00:00,292.80000000000007
2025-10-02 18:00:00,294.00000000000006
2025-10-02 19:00:00,293.50000000000006
2025-10-02 23:00:00,293.50000000000006
2025-10-03 14:30:00,294.80000000000007
2025-10-03 15:00:00,295.9000000000001
2025-10-03 16:00:00,296.1000000000001
2025-10-03 17:00:00,296.2000000000001
2025-10-03 18:00:00,294.4000000000001
2025-10-03 19:00:00,293.2000000000001
2025-10-03 23:00:00,293.2000000000001
2025-10-06 14:30:00,293.1000000000001
2025-10-06 15:00:00,293.30000000000007
2025-10-06 16:00:00,293.00000000000006
2025-10-06 17:00:00,292.7000000000001
2025-10-06 18:00:00,292.7000000000001
2025-10-06 19:00:00,292.00000000000006
2025-10-06 23:00:00,292.00000000000006
2025-10-07 14:30:00,292.6000000000001
2025-10-07 15:00:00,293.1000000000001
2025-10-07 16:00:00,292.9000000000001
2025-10-07 17:00:00,292.9000000000001
2025-10-07 18:00:00,292.30000000000007
2025-10-07 19:00:00,291.80000000000007
2025-10-07 19:00:01,291.80000000000007
2025-10-07 23:00:00,291.80000000000007
2025-10-08 14:30:00,292.30000000000007
2025-10-08 15:00:00,292.30000000000007
2025-10-08 16:00:00,292.6
2025-10-08 17:00:00,293.1
2025-10-08 18:00:00,293.00000000000006
2025-10-08 19:00:00,292.30000000000007
2025-10-08 23:00:00,292.30000000000007
2025-10-09 14:30:00,292.1
2025-10-09 15:00:00,291.6
2025-10-09 16:00:00,291.90000000000003
2025-10-09 17:00:00,291.80000000000007
2025-10-09 18:00:00,291.80000000000007
2025-10-09 19:00:00,291.40000000000003
2025-10-09 23:00:00,291.40000000000003
2025-10-10 14:30:00,290.70000000000005
2025-10-10 15:00:00,291.20000000000005
2025-10-10 16:00:00,290.20000000000005
2025-10-10 17:00:00,290.80000000000007
2025-10-10 18:00:00,289.90000000000003
2025-10-10 19:00:00,290.20000000000005
2025-10-10 23:00:00,290.20000000000005
2025-10-13 14:30:00,289.40000000000003
2025-10-13 15:00:00,289.1
2025-10-13 16:00:00,288.40000000000003
2025-10-13 17:00:00,288.50000000000006
2025-10-13 18:00:00,288.70000000000005
2025-10-13 19:00:00,289.20000000000005
2025-10-13 23:00:00,289.20000000000005
2025-10-14 14:30:00,289.90000000000003
2025-10-14 15:00:00,288.50000000000006
2025-10-14 16:00:00,288.30000000000007
2025-10-14 17:00:00,288.40000000000003
2025-10-14 18:00:00,288.50000000000006
2025-10-14 19:00:00,288.70000000000005
2025-10-14 23:00:00,288.70000000000005
2025-10-15 14:30:00,289.20000000000005
2025-10-15 15:00:00,289.80000000000007
2025-10-15 16:00:00,290.20000000000005
2025-10-15 17:00:00,290.1
2025-10-15 18:00:00,289.70000000000005
2025-10-15 19:00:00,289.80000000000007
2025-10-15 23:00:00,289.80000000000007
2025-10-16 14:30:00,289.1
2025-10-16 15:00:00,290.00000000000006
2025-10-16 16:00:00,290.40000000000003
2025-10-16 17:00:00,291.00000000000006
2025-10-16 18:00:00,290.80000000000007
2025-10-16 19:00:00,291.00000000000006
2025-10-16 23:00:00,291.00000000000006
2025-10-17 14:30:00,293.00000000000006
2025-10-17 15:00:00,292.6
2025-10-17 16:00:00,293.6
2025-10-17 17:00:00,293.70000000000005
2025-10-17 18:00:00,293.80000000000007
2025-10-17 19:00:00,293.50000000000006
2025-10-17 23:00:00,293.50000000000006
2025-10-20 14:30:00,296.90000000000003
2025-10-20 15:00:00,296.90000000000003
2025-10-20 16:00:00,296.6
2025-10-20 17:00:00,297.90000000000003
2025-10-20 18:00:00,298.20000000000005
2025-10-20 19:00:00,297.80000000000007
2025-10-20 23:00:00,297.80000000000007
2025-10-21 14:30:00,297.40000000000003
2025-10-21 15:00:00,298.70000000000005
2025-10-21 16:00:00,298.70000000000005
2025-10-21 17:00:00,298.6
2025-10-21 18:00:00,298.70000000000005
2025-10-21 19:00:00,298.6
2025-10-21 23:00:00,298.6
2025-10-22 14:30:00,298.00000000000006
2025-10-22 15:00:00,299.40000000000003
2025-10-22 16:00:00,300.00000000000006
2025-10-22 17:00:00,300.6
2025-10-22 18:00:00,299.90000000000003
2025-10-22 19:00:00,300.00000000000006
2025-10-22 23:00:00,300.00000000000006
2025-10-23 14:30:00,299.90000000000003
2025-10-23 15:00:00,300.1
2025-10-23 16:00:00,300.80000000000007
2025-10-23 17:00:00,301.30000000000007
2025-10-23 18:00:00,301.80000000000007
2025-10-23 19:00:00,301.90000000000003
2025-10-23 23:00:00,301.90000000000003
2025-10-24 14:30:00,304.00000000000006
2025-10-24 15:00:00,304.70000000000005
2025-10-24 16:00:00,304.00000000000006
2025-10-24 17:00:00,304.20000000000005
2025-10-24 18:00:00,304.50000000000006
2025-10-24 19:00:00,304.20000000000005
2025-10-24 23:00:00,304.20000000000005
2025-10-27 13:30:00,308.90000000000003
2025-10-27 14:00:00,309.1
2025-10-27 15:00:00,309.40000000000003
2025-10-27 16:00:00,309.70000000000005
2025-10-27 17:00:00,310.00000000000006
2025-10-27 18:00:00,309.30000000000007
2025-10-27 23:00:00,309.30000000000007
2025-10-28 13:30:00,315.20000000000005
2025-10-28 14:00:00,318.50000000000006
2025-10-28 15:00:00,319.20000000000005
2025-10-28 16:00:00,318.30000000000007
2025-10-28 17:00:00,316.6
2025-10-28 18:00:00,318.1
2025-10-28 23:00:00,318.1
2025-10-29 13:30:00,320.80000000000007
2025-10-29 14:00:00,320.6
2025-10-29 15:00:00,321.30000000000007
2025-10-29 16:00:00,321.6
2025-10-29 17:00:00,320.20000000000005
2025-10-29 18:00:00,319.70000000000005
2025-10-29 23:00:00,319.70000000000005
2025-10-30 13:30:00,321.1
2025-10-30 14:00:00,321.1
2025-10-30 15:00:00,323.50000000000006
2025-10-30 16:00:00,324.40000000000003
2025-10-30 17:00:00,324.30000000000007
2025-10-30 18:00:00,323.90000000000003
2025-10-30 23:00:00,323.90000000000003
2025-10-31 13:30:00,324.80000000000007
2025-10-31 14:00:00,324.6
2025-10-31 15:00:00,329.20000000000005
2025-10-31 16:00:00,331.70000000000005
2025-10-31 17:00:00,330.6
2025-10-31 18:00:00,330.70000000000005
2025-10-31 23:00:00,330.70000000000005
2025-11-03 14:30:00,326.70000000000005
2025-11-03 15:00:00,327.20000000000005
2025-11-03 16:00:00,327.70000000000005
2025-11-03 17:00:00,329.30000000000007
2025-11-03 18:00:00,330.1
2025-11-03 19:00:00,330.40000000000003
2025-11-03 23:00:00,330.40000000000003
2025-11-04 14:30:00,328.00000000000006
2025-11-04 15:00:00,327.40000000000003
2025-11-04 16:00:00,326.30000000000007
2025-11-04 17:00:00,326.50000000000006
2025-11-04 18:00:00,326.50000000000006
2025-11-04 19:00:00,326.30000000000007
2025-11-04 23:00:00,326.30000000000007
2025-11-05 14:30:00,329.40000000000003
2025-11-05 15:00:00,331.20000000000005
2025-11-05 16:00:00,331.80000000000007
2025-11-05 17:00:00,331.50000000000006
2025-11-05 18:00:00,332.40000000000003
2025-11-05 19:00:00,333.90000000000003
2025-11-05 23:00:00,333.90000000000003
2025-11-06 14:30:00,326.50000000000006
2025-11-06 15:00:00,322.30000000000007
2025-11-06 16:00:00,322.00000000000006
2025-11-06 17:00:00,323.50000000000006
2025-11-06 18:00:00,323.50000000000006
2025-11-06 19:00:00,323.80000000000007
2025-11-06 23:00:00,323.80000000000007
2025-11-07 14:30:00,325.20000000000005
2025-11-07 15:00:00,326.00000000000006
2025-11-07 16:00:00,326.30000000000007
2025-11-07 17:00:00,326.20000000000005
2025-11-07 18:00:00,326.80000000000007
2025-11-07 19:00:00,326.40000000000003
2025-11-07 23:00:00,326.40000000000003
2025-11-10 14:30:00,326.70000000000005
2025-11-10 15:00:00,328.1
2025-11-10 16:00:00,328.00000000000006
2025-11-10 17:00:00,328.70000000000005
2025-11-10 18:00:00,328.50000000000006
2025-11-10 19:00:00,328.1
2025-11-10 23:00:00,328.1
2025-11-11 14:30:00,327.1
2025-11-11 15:00:00,327.30000000000007
2025-11-11 16:00:00,326.70000000000005
2025-11-11 17:00:00,327.1
2025-11-11 18:00:00,326.80000000000007
2025-11-11 19:00:00,326.6
2025-11-11 23:00:00,326.6
2025-11-12 14:30:00,327.30000000000007
2025-11-12 15:00:00,327.6
2025-11-12 16:00:00,330.00000000000006
2025-11-12 17:00:00,329.70000000000005
2025-11-12 18:00:00,331.30000000000007
2025-11-12 19:00:00,332.00000000000006
2025-11-12 23:00:00,332.00000000000006
2025-11-13 14:30:00,334.50000000000006
2025-11-13 15:00:00,337.70000000000005
2025-11-13 16:00:00,337.70000000000005
2025-11-13 17:00:00,339.00000000000006
2025-11-13 18:00:00,338.20000000000005
2025-11-13 19:00:00,339.20000000000005
2025-11-13 23:00:00,339.20000000000005
2025-11-14 14:30:00,337.30000000000007
2025-11-14 15:00:00,338.50000000000006
2025-11-14 16:00:00,338.50000000000006
2025-11-14 17:00:00,333.6
2025-11-14 18:00:00,333.50000000000006
2025-11-14 19:00:00,331.6
2025-11-14 23:00:00,331.6
2025-11-17 14:30:00,337.00000000000006
2025-11-17 15:00:00,336.90000000000003
2025-11-17 16:00:00,339.6
2025-11-17 17:00:00,338.50000000000006
2025-11-17 18:00:00,339.90000000000003
2025-11-17 19:00:00,340.1
2025-11-17 23:00:00,340.1
2025-11-18 14:30:00,335.00000000000006
2025-11-18 15:00:00,334.30000000000007
2025-11-18 16:00:00,336.90000000000003
2025-11-18 17:00:00,336.20000000000005
2025-11-18 18:00:00,335.90000000000003
2025-11-18 19:00:00,335.50000000000006
2025-11-18 23:00:00,335.50000000000006
2025-11-19 14:30:00,333.00000000000006
2025-11-19 15:00:00,332.20000000000005
2025-11-19 16:00:00,332.30000000000007
2025-11-19 17:00:00,332.6
2025-11-19 18:00:00,331.80000000000007
2025-11-19 19:00:00,330.00000000000006
2025-11-19 23:00:00,330.00000000000006
2025-11-20 14:30:00,328.50000000000006
2025-11-20 15:00:00,328.20000000000005
2025-11-20 16:00:00,327.6
2025-11-20 17:00:00,326.90000000000003
2025-11-20 18:00:00,327.00000000000006
2025-11-20 19:00:00,327.30000000000007
2025-11-20 23:00:00,327.30000000000007
2025-11-21 14:30:00,328.20000000000005
2025-11-21 15:00:00,327.80000000000007
2025-11-21 16:00:00,328.80000000000007
2025-11-21 17:00:00,328.1
2025-11-21 18:00:00,329.30000000000007
2025-11-21 19:00:00,330.00000000000006
2025-11-21 23:00:00,330.00000000000006
2025-11-24 14:30:00,329.70000000000005
2025-11-24 15:00:00,329.40000000000003
2025-11-24 16:00:00,329.1
2025-11-24 17:00:00,329.40000000000003
2025-11-24 18:00:00,329.70000000000005
2025-11-24 19:00:00,328.6
2025-11-24 23:00:00,328.6
2025-11-25 14:30:00,330.80000000000007
2025-11-25 15:00:00,330.40000000000003
2025-11-25 16:00:00,330.20000000000005
2025-11-25 17:00:00,331.6
2025-11-25 18:00:00,330.90000000000003
2025-11-25 19:00:00,330.70000000000005
2025-11-25 23:00:00,330.70000000000005
2025-11-26 14:30:00,329.90000000000003
2025-11-26 15:00:00,329.70000000000005
2025-11-26 16:00:00,331.80000000000007
2025-11-26 17:00:00,331.30000000000007
2025-11-26 18:00:00,331.00000000000006
2025-11-26 19:00:00,330.70000000000005
2025-11-26 23:00:00,330.70000000000005
2025-11-28 14:30:00,329.20000000000005
2025-11-28 15:00:00,328.70000000000005
2025-11-28 16:00:00,328.30000000000007
2025-11-28 17:00:00,328.90000000000003
2025-11-28 18:00:00,328.80000000000007
2025-11-28 23:00:00,328.80000000000007
2025-12-01 14:30:00,326.50000000000006
2025-12-01 15:00:00,325.20000000000005
2025-12-01 16:00:00,325.50000000000006
2025-12-01 17:00:00,324.80000000000007
2025-12-01 18:00:00,324.40000000000003
2025-12-01 19:00:00,323.80000000000007
2025-12-01 23:00:00,323.80000000000007
2025-12-02 14:30:00,324.1
2025-12-02 15:00:00,321.80000000000007
2025-12-02 16:00:00,323.50000000000006
2025-12-02 17:00:00,322.6
2025-12-02 18:00:00,321.90000000000003
2025-12-02 19:00:00,321.30000000000007
2025-12-02 23:00:00,321.30000000000007
2025-12-03 14:30:00,320.90000000000003
2025-12-03 15:00:00,321.6
2025-12-03 16:00:00,322.00000000000006
2025-12-03 17:00:00,321.00000000000006
2025-12-03 18:00:00,320.50000000000006
2025-12-03 19:00:00,320.70000000000005
2025-12-03 23:00:00,320.70000000000005
2025-12-04 14:30:00,322.50000000000006
2025-12-04 15:00:00,323.90000000000003
2025-12-04 16:00:00,323.1
2025-12-04 17:00:00,321.80000000000007
2025-12-04 18:00:00,321.40000000000003
2025-12-04 19:00:00,321.1
2025-12-04 19:00:01,321.1
2025-12-04 23:00:00,321.1
2025-12-05 14:30:00,320.1
2025-12-05 15:00:00,317.5
2025-12-05 16:00:00,318.5
2025-12-05 17:00:00,317.7
2025-12-05 18:00:00,317.2
2025-12-05 19:00:00,316.9
2025-12-05 23:00:00,316.9
2025-12-08 14:30:00,314.8
2025-12-08 15:00:00,314.8
2025-12-08 16:00:00,315.7
2025-12-08 17:00:00,316.3
2025-12-08 18:00:00,315.8
2025-12-08 19:00:00,316.2
2025-12-08 23:00:00,316.2
2025-12-09 14:30:00,313.5
2025-12-09 15:00:00,313.5
2025-12-09 16:00:00,313.3
2025-12-09 17:00:00,312.6
2025-12-09 18:00:00,312.2
2025-12-09 19:00:00,312.0
2025-12-09 23:00:00,312.0
2025-12-10 14:30:00,310.7
2025-12-10 15:00:00,311.3
2025-12-10 16:00:00,311.1
2025-12-10 17:00:00,311.3
2025-12-10 18:00:00,311.1
2025-12-10 19:00:00,311.2
2025-12-10 23:00:00,311.2
2025-12-11 14:30:00,312.4
2025-12-11 15:00:00,313.3
2025-12-11 16:00:00,311.6
2025-12-11 17:00:00,311.7
2025-12-11 18:00:00,311.8
2025-12-11 19:00:00,311.7
2025-12-11 23:00:00,311.7
2025-12-12 14:30:00,309.9
2025-12-12 15:00:00,309.6
2025-12-12 16:00:00,310.3
2025-12-12 17:00:00,310.7
2025-12-12 18:00:00,310.0
2025-12-12 19:00:00,309.1
2025-12-12 23:00:00,309.1
2025-12-15 14:30:00,308.3
2025-12-15 15:00:00,310.3
2025-12-15 16:00:00,309.7
2025-12-15 17:00:00,310.3
2025-12-15 18:00:00,310.4
2025-12-15 19:00:00,310.9
2025-12-15 23:00:00,310.9
2025-12-16 14:30:00,313.3
2025-12-16 15:00:00,311.6
2025-12-16 16:00:00,310.3
2025-12-16 17:00:00,310.5
2025-12-16 18:00:00,310.4
2025-12-16 19:00:00,310.4
2025-12-16 23:00:00,310.4
2025-12-17 14:30:00,309.1
2025-12-17 15:00:00,307.1
2025-12-17 16:00:00,306.9
2025-12-17 17:00:00,306.7
2025-12-17 18:00:00,306.5
2025-12-17 19:00:00,305.5
2025-12-17 23:00:00,305.5
2025-12-18 14:30:00,307.2
2025-12-18 15:00:00,307.1
2025-12-18 16:00:00,306.6
2025-12-18 17:00:00,306.5
2025-12-18 18:00:00,306.4
2025-12-18 19:00:00,305.8
2025-12-18 23:00:00,305.8
2025-12-19 14:30:00,306.5
2025-12-19 15:00:00,305.9
2025-12-19 16:00:00,304.6
2025-12-19 17:00:00,304.6
2025-12-19 18:00:00,305.0
2025-12-19 19:00:00,304.9
2025-12-19 23:00:00,304.9
2025-12-22 14:30:00,305.8
2025-12-22 15:00:00,306.5
2025-12-22 16:00:00,305.5
2025-12-22 17:00:00,305.7
2025-12-22 18:00:00,305.6
2025-12-22 19:00:00,305.3
2025-12-22 23:00:00,305.3
2025-12-23 14:30:00,307.9
2025-12-23 15:00:00,308.5
2025-12-23 16:00:00,308.5
2025-12-23 17:00:00,307.7
2025-12-23 18:00:00,308.0
2025-12-23 19:00:00,307.6
2025-12-23 23:00:00,307.6
2025-12-24 14:30:00,308.9
2025-12-24 15:00:00,311.0
2025-12-24 16:00:00,310.5
2025-12-24 17:00:00,311.3
2025-12-24 18:00:00,311.0
2025-12-24 23:00:00,311.0
2025-12-26 14:30:00,312.6
2025-12-26 15:00:00,311.7
2025-12-26 16:00:00,311.3
2025-12-26 17:00:00,311.0
2025-12-26 18:00:00,310.8
2025-12-26 19:00:00,310.8
2025-12-26 23:00:00,310.8
2025-12-29 14:30:00,308.7
2025-12-29 15:00:00,307.8
2025-12-29 16:00:00,307.5
2025-12-29 17:00:00,307.5
2025-12-29 18:00:00,307.3
2025-12-29 19:00:00,307.3
2025-12-29 23:00:00,307.3
2025-12-30 14:30:00,306.4
2025-12-30 15:00:00,306.4
2025-12-30 16:00:00,306.3
2025-12-30 17:00:00,306.5
2025-12-30 18:00:00,306.4
2025-12-30 19:00:00,306.5
